,Time [s],Thrust [lb],Lift [lb],Drag [lb],Weight [lb],Percent [%],Velocity [knots],Altitude [ft],Range [nmi],RPM [rev/min],Ground Roll [ft],AOA [deg]
0,463.77500000000003,7.9040479834517745,1510.2525972562244,233.43937975697136,2541.6350138150183,97.09682277766377,66.43278330625206,0.0,10.680429338080797,250,64895.52209358805,0.0
1,463.78000000000003,7.9040479834517745,1503.0949806537408,233.43937975697136,2541.6350138150183,97.09682277766377,66.40874723839563,0.0,10.68052160583539,250,64896.08272312055,0.0
2,463.785,7.908274718646616,1502.00750680963,233.2738878285678,2541.6350313956636,97.09682888206373,66.38469624879468,0.0,10.68061382351484,250,64896.6430483907,0.0
3,463.79,7.912509415139974,1500.9197517518155,233.10835084137491,2541.635048976309,97.0968349864637,66.36066515330866,0.0,10.68070610795251,250,64897.2037792915,0.0
4,463.795,7.916745941192485,1499.8332899764155,232.94300840717816,2541.6350665569544,97.09684109086365,66.33662411702092,0.0,10.680798359037263,250,64897.76430753613,0.0
5,463.8,7.920989553193296,1498.7467723825587,232.77765521606173,2541.6350841375997,97.09684719526362,66.31257311935768,0.0,10.680890576686782,250,64898.32463262442,0.0
6,463.805,7.925240261398265,1497.6601985293005,232.6122911988699,2541.6351017182456,97.09685329966358,66.28851218380194,0.0,10.680982760966671,250,64898.88475495498,0.0
7,463.81000000000006,7.929498068283074,1496.5735699665584,232.4469165893984,2541.6351192988905,97.09685940406352,66.26444131019511,0.0,10.681074911863167,250,64899.44467444418,0.0
8,463.81500000000005,7.933762980496799,1495.486887175803,232.2815314587847,2541.635136879536,97.0968655084635,66.24036049835415,0.0,10.681167029362397,250,64900.00439100775,0.0
9,463.82000000000005,7.938035004695693,1494.4001506376146,232.1161358781334,2541.635154460181,97.09687161286345,66.21626974811954,0.0,10.681259113450563,250,64900.56390456183,0.0
10,463.82500000000005,7.942314147534769,1493.3133608338492,231.9507299186593,2541.635172040827,97.09687771726341,66.19216905933662,0.0,10.681351164113863,250,64901.123215022555,0.0
11,463.83000000000004,7.946600415671014,1492.2265182467916,231.78531365170622,2541.635189621472,97.09688382166337,66.16805843185547,0.0,10.68144318133849,250,64901.68232230606,0.0
12,463.83500000000004,7.950893815763457,1491.1396233591547,231.61988714863048,2541.6352072021173,97.09688992606334,66.143937865531,0.0,10.681535165110647,250,64902.24122632847,0.0
13,463.84000000000003,7.9551943544731465,1490.0526766540793,231.45445048085926,2541.635224782763,97.09689603046328,66.11980736022291,0.0,10.681627115416525,250,64902.79992700592,0.0
14,463.845,7.959502038463122,1488.9656786151334,231.2890037199608,2541.6352423634085,97.09690213486326,66.09566691579575,0.0,10.68171903224232,250,64903.358424254526,0.0
15,463.85,7.96381687439842,1487.8786297263152,231.12354693748043,2541.6352599440534,97.09690823926321,66.07151653211882,0.0,10.681810915574232,250,64903.916717990425,0.0
16,463.855,7.968138868946081,1486.791530472047,230.95808020501295,2541.635277524699,97.09691434366317,66.0473562090663,0.0,10.681902765398457,250,64904.47480812974,0.0
17,463.86,7.97246802877514,1485.7043813371813,230.79260359438067,2541.6352951053445,97.09692044806313,66.02318594651717,0.0,10.681994581701188,250,64905.03269458859,0.0
18,463.865,7.976804360556583,1484.617182806996,230.62711717722306,2541.63531268599,97.09692655246309,65.99900574435523,0.0,10.682086364468622,250,64905.59037728311,0.0
19,463.87000000000006,7.981147870963406,1483.529935367197,230.46162102551884,2541.635330266635,97.09693265686305,65.97481560246914,0.0,10.682178113686954,250,64906.1478561294,0.0
20,463.87500000000006,7.9854985666705645,1482.4426395039156,230.29611521109484,2541.6353478472806,97.096938761263,65.95061552075236,0.0,10.68226982934238,250,64906.7051310436,0.0
21,463.88000000000005,7.989856454354976,1481.3552957037114,230.1305998059175,2541.635365427926,97.09694486566298,65.92640549910323,0.0,10.682361511421094,250,64907.26220194183,0.0
22,463.88500000000005,7.9942215406954915,1480.2679044535682,229.96507488204364,2541.6353830085714,97.09695097006292,65.90218553742487,0.0,10.682453159909292,250,64907.81906874019,0.0
23,463.89000000000004,7.998593832372959,1479.1804662408972,229.79954051163287,2541.6354005892167,97.09695707446289,65.87795563562533,0.0,10.682544774793165,250,64908.375731354805,0.0
24,463.89500000000004,8.002973336070138,1478.0929815535353,229.6339967667219,2541.635418169862,97.09696317886285,65.85371579361745,0.0,10.682636356058914,250,64908.9321897018,0.0
25,463.90000000000003,8.007360058471747,1477.005450879744,229.46844371966196,2541.6354357505074,97.09696928326281,65.82946601131894,0.0,10.682727903692728,250,64909.48844369729,0.0
26,463.90500000000003,8.011754006264429,1475.9178747082117,229.3028814427441,2541.635453331153,97.09697538766277,65.80520628865239,0.0,10.682819417680804,250,64910.04449325739,0.0
27,463.91,8.016155186136743,1474.8302535280507,229.13731000823773,2541.635470911798,97.09698149206272,65.78093662554524,0.0,10.682910898009336,250,64910.6003382982,0.0
28,463.915,8.020563604779197,1473.7425878287995,228.9717294887134,2541.6354884924435,97.09698759646268,65.75665702192978,0.0,10.683002344664517,250,64911.15597873585,0.0
29,463.92,8.02497926888419,1472.6548781004196,228.80613995656108,2541.635506073089,97.09699370086264,65.73236747774321,0.0,10.683093757632543,250,64911.71141448646,0.0
30,463.925,8.029402185146035,1471.5671248332997,228.64054148444137,2541.6355236537347,97.09699980526261,65.70806799292758,0.0,10.683185136899606,250,64912.26664546612,0.0
31,463.93,8.03383236026096,1470.4793285182498,228.47493414485436,2541.6355412343796,97.09700590966256,65.68375856742983,0.0,10.683276482451902,250,64912.82167159096,0.0
32,463.93500000000006,8.03826980092708,1469.3914896465062,228.30931801064114,2541.635558815025,97.09701201406253,65.65943920120176,0.0,10.683367794275622,250,64913.376492777075,0.0
33,463.94000000000005,8.042714513844402,1468.3036087097285,228.14369315448704,2541.635576395671,97.09701811846249,65.6351098942001,0.0,10.68345907235696,250,64913.93110894059,0.0
34,463.94500000000005,8.047166505714818,1467.215686199999,227.97805964915173,2541.635593976316,97.09702422286244,65.61077064638643,0.0,10.68355031668211,250,64914.4855199976,0.0
35,463.95000000000005,8.051625783242098,1466.1277226098246,227.812417567646,2541.635611556961,97.0970303272624,65.58642145772725,0.0,10.683641527237265,250,64915.03972586423,0.0
36,463.95500000000004,8.056092353131874,1465.0397184321353,227.64676698289182,2541.6356291376064,97.09703643166236,65.56206232819397,0.0,10.683732704008621,250,64915.593726456595,0.0
37,463.96000000000004,8.06056622209167,1463.9516741602833,227.4811079678532,2541.6356467182522,97.09704253606232,65.53769325776288,0.0,10.683823846982369,250,64916.14752169078,0.0
38,463.96500000000003,8.065047396830845,1462.8635902880444,227.3154405956982,2541.6356642988976,97.09704864046228,65.51331424641518,0.0,10.683914956144703,250,64916.701111482915,0.0
39,463.97,8.069535884060622,1461.7754673096165,227.14976493948691,2541.6356818795425,97.09705474486225,65.48892529413698,0.0,10.684006031481816,250,64917.2544957491,0.0
40,463.975,8.07403169049407,1460.6873057196196,226.98408107254465,2541.6356994601883,97.09706084926219,65.46452640091931,0.0,10.684097072979903,250,64917.80767440545,0.0
41,463.98,8.078534822846104,1459.599106013096,226.8183890680591,2541.6357170408337,97.09706695366216,65.44011756675815,0.0,10.684188080625153,250,64918.36064736807,0.0
42,463.985,8.083045287833455,1458.5108686855096,226.65268899942006,2541.635734621479,97.09707305806212,65.41569879165434,0.0,10.684279054403763,250,64918.913414553055,0.0
43,463.99,8.087563092174713,1457.4225942327469,226.4869809400427,2541.6357522021244,97.09707916246208,65.39127007561372,0.0,10.684369994301925,250,64919.465975876534,0.0
44,463.99500000000006,8.092088242590261,1456.334283151114,226.32126496346476,2541.63576978277,97.09708526686204,65.36683141864698,0.0,10.684460900305831,250,64920.01833125459,0.0
45,464.00000000000006,8.096620745802307,1455.2459359373393,226.15554114306318,2541.635787363415,97.097091371262,65.34238282076983,0.0,10.684551772401676,250,64920.57048060336,0.0
46,464.00500000000005,8.10116060853489,1454.1575530885727,225.98980955264292,2541.6358049440605,97.09709747566195,65.31792428200285,0.0,10.68464261057565,250,64921.12242383893,0.0
47,464.01000000000005,8.105707837513814,1453.0691351023825,225.8240702657328,2541.635822524706,97.09710358006191,65.29345580237162,0.0,10.68473341481395,250,64921.67416087742,0.0
48,464.01500000000004,8.110262439466712,1451.9806824767609,225.65832335614644,2541.6358401053512,97.09710968446188,65.26897738190664,0.0,10.684824185102766,250,64922.22569163493,0.0
49,464.02000000000004,8.11482442112299,1450.8921957101165,225.49256889762273,2541.6358576859966,97.09711578886183,65.24448902064333,0.0,10.684914921428293,250,64922.77701602756,0.0
50,464.02500000000003,8.119393789213849,1449.8036753012805,225.32680696413735,2541.635875266642,97.0971218932618,65.21999071862211,0.0,10.685005623776725,250,64923.328133971445,0.0
51,464.03000000000003,8.123970550472258,1448.7151217495027,225.1610376295131,2541.6358928472873,97.09712799766176,65.19548247588835,0.0,10.685096292134252,250,64923.87904538267,0.0
52,464.035,8.128554711632972,1447.6265355544522,224.99526096782895,2541.6359104279327,97.09713410206172,65.17096429249237,0.0,10.685186926487072,250,64924.42975017736,0.0
53,464.04,8.133146279432486,1446.5379172162177,224.8294770530811,2541.635928008578,97.09714020646167,65.14643616848947,0.0,10.685277526821375,250,64924.98024827161,0.0
54,464.045,8.137745260609082,1445.4492672353072,224.6636859594794,2541.635945589224,97.09714631086163,65.1218981039399,0.0,10.685368093123355,250,64925.530539581545,0.0
55,464.05,8.142351661902783,1444.3605861126468,224.4978877611257,2541.635963169869,97.09715241526159,65.09735009890893,0.0,10.685458625379207,250,64926.08062402327,0.0
56,464.055,8.146965490055349,1443.271874349582,224.3320825323206,2541.635980750514,97.09715851966155,65.07279215346675,0.0,10.685549123575122,250,64926.63050151289,0.0
57,464.06000000000006,8.151586751810289,1442.1831324478744,224.16627034741973,2541.63599833116,97.09716462406152,65.04822426768857,0.0,10.685639587697297,250,64927.180171966516,0.0
58,464.06500000000005,8.15621545391285,1441.094360909707,224.00045128078597,2541.6360159118053,97.09717072846146,65.02364644165458,0.0,10.685730017731922,250,64927.72963530026,0.0
59,464.07000000000005,8.160851603109986,1440.005560237677,223.8346254068412,2541.63603349245,97.09717683286144,64.99905867544994,0.0,10.685820413665192,250,64928.27889143024,0.0
60,464.07500000000005,8.165495206150396,1438.9167309348015,223.66879280008723,2541.6360510730956,97.0971829372614,64.97446096916487,0.0,10.685910775483302,250,64928.82794027256,0.0
61,464.08000000000004,8.170146269784485,1437.827873504515,223.50295353521173,2541.6360686537414,97.09718904166135,64.9498533228945,0.0,10.686001103172444,250,64929.37678174334,0.0
62,464.08500000000004,8.174804800764342,1436.7389884506665,223.33710768674595,2541.6360862343868,97.09719514606131,64.92523573673901,0.0,10.686091396718815,250,64929.925415758684,0.0
63,464.09000000000003,8.179470805843795,1435.6500762775247,223.17125532944556,2541.6361038150317,97.09720125046127,64.90060821080358,0.0,10.686181656108609,250,64930.47384223473,0.0
64,464.095,8.184144291778342,1434.5611374897726,223.00539653810978,2541.6361213956775,97.09720735486123,64.8759707451984,0.0,10.686271881328018,250,64931.02206108757,0.0
65,464.1,8.188825265325162,1433.4721725925094,222.8395313875649,2541.636138976323,97.09721345926118,64.85132334003866,0.0,10.686362072363238,250,64931.57007223333,0.0
66,464.105,8.193513733243146,1432.3831820912526,222.67365995267778,2541.636156556968,97.09721956366116,64.8266659954446,0.0,10.686452229200464,250,64932.11787558813,0.0
67,464.11,8.198209702292834,1431.2941664919333,222.5077823084478,2541.6361741376136,97.0972256680611,64.80199871154143,0.0,10.686542351825889,250,64932.665471068074,0.0
68,464.115,8.202913179236432,1430.2051263008984,222.3418985298875,2541.636191718259,97.09723177246107,64.77732148845945,0.0,10.686632440225711,250,64933.2128585893,0.0
69,464.12000000000006,8.207624170837816,1429.1160620249107,222.17600869212308,2541.6362092989043,97.09723787686103,64.75263432633395,0.0,10.686722494386121,250,64933.760038067914,0.0
70,464.12500000000006,8.212342683862529,1428.0269741711475,222.0101128703374,2541.6362268795497,97.09724398126099,64.72793722530523,0.0,10.686812514293317,250,64934.30700942004,0.0
71,464.13000000000005,8.217068725077741,1426.9378632472003,221.8442111396839,2541.636244460195,97.09725008566095,64.70323018551869,0.0,10.686902499933495,250,64934.8537725618,0.0
72,464.13500000000005,8.221802301252275,1425.8487297610764,221.6783035754979,2541.6362620408404,97.0972561900609,64.67851320712472,0.0,10.68699245129285,250,64935.40032740932,0.0
73,464.14000000000004,8.226543419156584,1424.7595742211963,221.5123902531038,2541.6362796214858,97.09726229446086,64.65378629027877,0.0,10.687082368357578,250,64935.94667387872,0.0
74,464.14500000000004,8.231292085562762,1423.6703971363931,221.34647124798065,2541.6362972021316,97.09726839886082,64.62904943514135,0.0,10.687172251113873,250,64936.49281188614,0.0
75,464.15000000000003,8.236048307244507,1422.5811990159164,221.18054663555515,2541.6363147827765,97.09727450326079,64.60430264187802,0.0,10.687262099547937,250,64937.0387413477,0.0
76,464.15500000000003,8.24081209097713,1421.4919803694274,221.0146164913939,2541.636332363422,97.09728060766074,64.57954591065938,0.0,10.687351913645958,250,64937.584462179526,0.0
77,464.16,8.245583443537578,1420.4027417070006,220.8486808910886,2541.636349944067,97.09728671206071,64.55477924166108,0.0,10.687441693394142,250,64938.12997429774,0.0
78,464.165,8.25036237170438,1419.313483539123,220.68273991033632,2541.636367524713,97.09729281646067,64.53000263506387,0.0,10.687531438778679,250,64938.67527761849,0.0
79,464.17,8.255148882257654,1418.2242063766946,220.5167936248821,2541.636385105358,97.09729892086062,64.50521609105357,0.0,10.687621149785768,250,64939.220372057884,0.0
80,464.175,8.259942981979119,1417.1349107310282,220.35084211049946,2541.6364026860033,97.09730502526058,64.48041960982104,0.0,10.687710826401608,250,64939.76525753208,0.0
81,464.18,8.264744677652065,1416.0455971138483,220.18488544308082,2541.636420266649,97.09731112966054,64.45561319156224,0.0,10.687800468612394,250,64940.3099339572,0.0
82,464.18500000000006,8.269553976061378,1414.9562660372899,220.0189236985328,2541.6364378472945,97.0973172340605,64.43079683647817,0.0,10.687890076404326,250,64940.85440124939,0.0
83,464.19000000000005,8.274370883993479,1413.866918013901,219.85295695291364,2541.6364554279394,97.09732333846046,64.40597054477495,0.0,10.687979649763601,250,64941.398659324776,0.0
84,464.19500000000005,8.279195408236392,1412.7775535566402,219.68698528219448,2541.636473008585,97.09732944286043,64.38113431666379,0.0,10.688069188676419,250,64941.94270809951,0.0
85,464.20000000000005,8.284027555579653,1411.6881731788765,219.52100876254664,2541.6364905892306,97.09733554726037,64.35628815236099,0.0,10.688158693128978,250,64942.48654748973,0.0
86,464.20500000000004,8.288867332814368,1410.5987773943916,219.3550274701381,2541.636508169876,97.09734165166034,64.33143205208792,0.0,10.688248163107476,250,64943.03017741157,0.0
87,464.21000000000004,8.293714746733187,1409.5093667173746,219.18904148124273,2541.636525750521,97.0973477560603,64.30656601607106,0.0,10.688337598598114,250,64943.5735977812,0.0
88,464.21500000000003,8.298569804130297,1408.4199416624272,219.02305087211298,2541.6365433311666,97.09735386046026,64.28169004454202,0.0,10.68842699958709,250,64944.11680851474,0.0
89,464.22,8.303432511801399,1407.3305027445597,218.85705571919758,2541.636560911812,97.09735996486022,64.25680413773748,0.0,10.688516366060604,250,64944.65980952835,0.0
90,464.225,8.308302876543708,1406.2410504791922,218.69105609889831,2541.6365784924574,97.09736606926018,64.23190829589923,0.0,10.688605698004858,250,64945.20260073819,0.0
91,464.23,8.313180905155974,1405.1515853821536,218.52505208773403,2541.6365960731027,97.09737217366013,64.20700251927421,0.0,10.68869499540605,250,64945.74518206039,0.0
92,464.235,8.318066604438453,1404.0621079696832,218.3590437622612,2541.636613653748,97.09737827806009,64.18208680811446,0.0,10.688784258250383,250,64946.28755341113,0.0
93,464.24,8.322959981192888,1402.972618758427,218.19303119915057,2541.6366312343935,97.09738438246006,64.1571611626771,0.0,10.688873486524056,250,64946.82971470654,0.0
94,464.24500000000006,8.327861042222514,1401.8831182654403,218.0270144750317,2541.636648815039,97.09739048686001,64.13222558322445,0.0,10.688962680213272,250,64947.3716658628,0.0
95,464.25000000000006,8.332769794332071,1400.7936070081873,217.86099366669504,2541.636666395684,97.09739659125998,64.10728007002392,0.0,10.689051839304232,250,64947.91340679606,0.0
96,464.25500000000005,8.337686244327765,1399.7040855045386,217.69496885099926,2541.6366839763296,97.09740269565994,64.08232462334803,0.0,10.68914096378314,250,64948.4549374225,0.0
97,464.26000000000005,8.34261039901727,1398.6145542727738,217.5289401047776,2541.636701556975,97.0974088000599,64.05735924347447,0.0,10.689230053636196,250,64948.99625765826,0.0
98,464.26500000000004,8.347542265209746,1397.5250138315785,217.36290750494908,2541.6367191376207,97.09741490445985,64.03238393068607,0.0,10.689319108849606,250,64949.53736741952,0.0
99,464.27000000000004,8.35248184971578,1396.4354647000455,217.19687112860868,2541.6367367182656,97.09742100885983,64.00739868527079,0.0,10.68940812940957,250,64950.07826662246,0.0
100,464.27500000000003,8.357429159347445,1395.3459073976749,217.03083105276502,2541.636754298911,97.09742711325977,63.98240350752174,0.0,10.689497115302295,250,64950.618955183236,0.0
101,464.28000000000003,8.362384200918234,1394.2563424443724,216.86478735462583,2541.636771879557,97.09743321765973,63.9573983977372,0.0,10.689586066513982,250,64951.15943301803,0.0
102,464.285,8.367346981243099,1393.1667703604512,216.69874011131205,2541.636789460202,97.0974393220597,63.9323833562206,0.0,10.689674983030837,250,64951.69970004302,0.0
103,464.29,8.372317507138394,1392.0771916666283,216.53268940012643,2541.636807040847,97.09744542645964,63.9073583832805,0.0,10.689763864839064,250,64952.23975617437,0.0
104,464.295,8.377295785421932,1390.9876068840274,216.36663529841115,2541.6368246214925,97.09745153085962,63.882323479230664,0.0,10.68985271192487,250,64952.779601328286,0.0
105,464.3,8.382281822912917,1389.8980165341777,216.20057788352293,2541.6368422021383,97.09745763525957,63.85727864439001,0.0,10.68994152427446,250,64953.31923542094,0.0
106,464.305,8.387275626431972,1388.8084211390126,216.03451723291968,2541.6368597827836,97.09746373965953,63.832223879082605,0.0,10.69003030187404,250,64953.85865836852,0.0
107,464.31000000000006,8.39227720280112,1387.71882122087,215.8684534241535,2541.6368773634285,97.09746984405949,63.807159183637715,0.0,10.690119044709817,250,64954.39787008721,0.0
108,464.31500000000005,8.39728655884379,1386.6292173024929,215.702386534781,2541.6368949440744,97.09747594845946,63.78208455838978,0.0,10.690207752767998,250,64954.93687049322,0.0
109,464.32000000000005,8.402303701384787,1385.539609907027,215.53631664242963,2541.6369125247197,97.0974820528594,63.75700000367841,0.0,10.690296426034788,250,64955.47565950272,0.0
110,464.32500000000005,8.407328637250314,1384.4499995580227,215.37024382479987,2541.636930105365,97.09748815725938,63.73190551984842,0.0,10.690385064496397,250,64956.01423703192,0.0
111,464.33000000000004,8.41236137326793,1383.360386779434,215.2041681597364,2541.63694768601,97.09749426165934,63.706801107249795,0.0,10.690473668139035,250,64956.55260299703,0.0
112,464.33500000000004,8.41740191626657,1382.2707720956178,215.03808972494943,2541.636965266656,97.09750036605928,63.68168676623773,0.0,10.690562236948907,250,64957.09075731423,0.0
113,464.34000000000003,8.422450273076537,1381.1811560313329,214.87200859843202,2541.636982847301,97.09750647045925,63.656562497172615,0.0,10.690650770912224,250,64957.628699899746,0.0
114,464.345,8.427506450529476,1380.091539111742,214.70592485808572,2541.6370004279465,97.09751257485921,63.63142830042003,0.0,10.690739270015198,250,64958.16643066978,0.0
115,464.35,8.432570455458379,1379.0019218624086,214.53983858191492,2541.637018008592,97.09751867925917,63.606284176350776,0.0,10.690827734244037,250,64958.70394954055,0.0
116,464.355,8.437642294697595,1377.9123048092995,214.37374984806505,2541.6370355892373,97.09752478365913,63.58113012534084,0.0,10.690916163584951,250,64959.24125642826,0.0
117,464.36,8.44272197508278,1376.8226884787816,214.20765873463668,2541.6370531698826,97.0975308880591,63.55596614777145,0.0,10.691004558024154,250,64959.77835124914,0.0
118,464.365,8.447809503450932,1375.7330733976241,214.04156531987596,2541.637070750528,97.09753699245904,63.53079224402902,0.0,10.691092917547858,250,64960.315233919406,0.0
119,464.37000000000006,8.45290488664037,1374.6434600929972,213.87546968197947,2541.6370883311733,97.09754309685901,63.50560841450521,0.0,10.691181242142273,250,64960.85190435528,0.0
120,464.37500000000006,8.458008131490697,1373.5538490924712,213.70937189933608,2541.6371059118187,97.09754920125897,63.480414659596896,0.0,10.69126953179361,250,64961.38836247299,0.0
121,464.38000000000005,8.463119244842858,1372.4642409240166,213.54327205031336,2541.637123492464,97.09755530565893,63.45521097970615,0.0,10.691357786488087,250,64961.924608188776,0.0
122,464.38500000000005,8.468238233539061,1371.374636116004,213.3771702133651,2541.63714107311,97.09756141005889,63.429997375240326,0.0,10.691446006211915,250,64962.46064141886,0.0
123,464.39000000000004,8.473365104422834,1370.2850351972047,213.21106646705306,2541.637158653755,97.09756751445885,63.404773846611974,0.0,10.691534190951309,250,64962.996462079485,0.0
124,464.39500000000004,8.478499864338948,1369.1954386967875,213.0449608898966,2541.6371762344,97.0975736188588,63.379540394238916,0.0,10.691622340692485,250,64963.53207008689,0.0
125,464.40000000000003,8.48364252013349,1368.1058471443225,212.87885356057348,2541.637193815046,97.09757972325876,63.35429701854418,0.0,10.691710455421658,250,64964.06746535733,0.0
126,464.40500000000003,8.488793078653787,1367.0162610697762,212.71274455778558,2541.6372113956913,97.09758582765873,63.32904371995605,0.0,10.691798535125043,250,64964.602647807034,0.0
127,464.41,8.49395154674844,1365.9266810035156,212.54663396033928,2541.6372289763362,97.09759193205868,63.303780498908075,0.0,10.691886579788859,250,64965.13761735226,0.0
128,464.415,8.499117931267298,1364.8371074763045,212.3805218469877,2541.6372465569816,97.09759803645865,63.278507355839054,0.0,10.691974589399322,250,64965.67237390928,0.0
129,464.42,8.504292239061444,1363.7475410193047,212.21440829665707,2541.6372641376274,97.0976041408586,63.253224291193035,0.0,10.69206256394265,250,64966.206917394324,0.0
130,464.425,8.509474476983224,1362.657982164076,212.04829338828227,2541.637281718273,97.09761024525856,63.227931305419304,0.0,10.692150503405061,250,64966.74124772368,0.0
131,464.43,8.514664651886198,1361.5684314425748,211.88217720091714,2541.6372992989177,97.09761634965852,63.20262839897246,0.0,10.692238407772777,250,64967.2753648136,0.0
132,464.43500000000006,8.519862770625167,1360.4788893871537,211.7160598136169,2541.6373168795635,97.09762245405848,63.17731557231233,0.0,10.692326277032013,250,64967.80926858035,0.0
133,464.44000000000005,8.525068840056118,1359.389356530564,211.54994130551867,2541.637334460209,97.09762855845844,63.151992825904046,0.0,10.692414111168992,250,64968.34295894021,0.0
134,464.44500000000005,8.53028286703627,1358.2998334059505,211.38382175580986,2541.6373520408542,97.0976346628584,63.12666016021797,0.0,10.692501910169936,250,64968.87643580946,0.0
135,464.45000000000005,8.535504858424046,1357.2103205468557,211.21770124379975,2541.6373696214996,97.09764076725837,63.1013175757298,0.0,10.692589674021065,250,64969.40969910438,0.0
136,464.45500000000004,8.54073482107905,1356.120818487217,211.05157984877695,2541.637387202145,97.09764687165831,63.07596507292046,0.0,10.6926774027086,250,64969.94274874124,0.0
137,464.46000000000004,8.545972761862082,1355.0313277613666,210.88545765015024,2541.6374047827903,97.09765297605828,63.05060265227619,0.0,10.692765096218766,250,64970.47558463634,0.0
138,464.46500000000003,8.551218687635123,1353.9418489040313,210.71933472731476,2541.6374223634357,97.09765908045824,63.02523031428853,0.0,10.692852754537787,250,64971.008206705985,0.0
139,464.47,8.556472605261318,1352.8523824503334,210.55321115986254,2541.637439944081,97.0976651848582,62.99984805945427,0.0,10.692940377651887,250,64971.540614866455,0.0
140,464.475,8.561734521604988,1351.7629289357894,210.38708702726547,2541.6374575247264,97.09767128925816,62.974455888275564,0.0,10.693027965547289,250,64972.072809034056,0.0
141,464.48,8.567004443531602,1350.6734888963085,210.22096240923636,2541.637475105372,97.09767739365812,62.94905380125981,0.0,10.693115518210218,250,64972.60478912509,0.0
142,464.485,8.57228237790778,1349.5840628681947,210.05483738546621,2541.6374926860176,97.09768349805807,62.92364179891973,0.0,10.693203035626905,250,64973.13655505587,0.0
143,464.49,8.577568331601292,1348.4946513881441,209.88871203566228,2541.6375102666625,97.09768960245803,62.89821988177336,0.0,10.693290517783574,250,64973.66810674271,0.0
144,464.49500000000006,8.582862311481035,1347.4052549932462,209.72258643967385,2541.637527847308,97.097695706858,62.87278805034401,0.0,10.69337796466645,250,64974.19944410193,0.0
145,464.50000000000006,8.588164324417047,1346.3158742209823,209.55646067740133,2541.6375454279532,97.09770181125795,62.847346305160386,0.0,10.693465376261765,250,64974.73056704984,0.0
146,464.50500000000005,8.59347437728047,1345.2265096092272,209.39033482870897,2541.637563008599,97.09770791565792,62.821894646756434,0.0,10.693552752555746,250,64975.26147550277,0.0
147,464.51000000000005,8.59879247694357,1344.137161696246,209.2242089736744,2541.637580589244,97.09771402005788,62.79643307567145,0.0,10.693640093534624,250,64975.79216937705,0.0
148,464.51500000000004,8.604118630279705,1343.0478310206963,209.0580831922968,2541.6375981698893,97.09772012445784,62.77096159245008,0.0,10.69372739918463,250,64976.322648589026,0.0
149,464.52000000000004,8.609452844163348,1341.9585181216269,208.89195756478634,2541.637615750535,97.0977262288578,62.745480197642266,0.0,10.693814669491994,250,64976.85291305503,0.0
150,464.52500000000003,8.61479512547006,1340.8692235384767,208.7258321712508,2541.6376333311805,97.09773233325775,62.71998889180329,0.0,10.693901904442948,250,64977.38296269141,0.0
151,464.53000000000003,8.620145481076468,1339.779947811075,208.55970709195023,2541.6376509118254,97.09773843765771,62.6944876754938,0.0,10.693989104023725,250,64977.9127974145,0.0
152,464.535,8.625503917860296,1338.6906914796427,208.39358240720014,2541.637668492471,97.09774454205767,62.66897654927973,0.0,10.69407626822056,250,64978.44241714068,0.0
153,464.54,8.630870442700319,1337.6014550847879,208.22745819742576,2541.6376860731166,97.09775064645764,62.64345551373243,0.0,10.694163397019686,250,64978.97182178629,0.0
154,464.545,8.636245062476377,1336.51223916751,208.06133454293592,2541.637703653762,97.09775675085758,62.617924569428524,0.0,10.694250490407338,250,64979.50101126769,0.0
155,464.55,8.64162778406937,1335.4230442691971,207.89521152431263,2541.637721234407,97.09776285525756,62.59238371695004,0.0,10.694337548369754,250,64980.02998550126,0.0
156,464.555,8.647018614361235,1334.3338709316258,207.72908922206034,2541.6377388150527,97.09776895965751,62.56683295688434,0.0,10.694424570893167,250,64980.558744403366,0.0
157,464.56000000000006,8.652417560234953,1333.244719696961,207.56296771684757,2541.637756395698,97.09777506405747,62.54127228982414,0.0,10.694511557963816,250,64981.08728789039,0.0
158,464.56500000000005,8.657824628574522,1332.1555911077555,207.39684708924915,2541.6377739763434,97.09778116845743,62.515701716367545,0.0,10.69459850956794,250,64981.615615878705,0.0
159,464.57000000000005,8.663239826264977,1331.0664857069503,207.23072742010646,2541.6377915569888,97.09778727285739,62.49012123711799,0.0,10.694685425691777,250,64982.14372828469,0.0
160,464.57500000000005,8.668663160192365,1329.9774040378727,207.06460879011522,2541.637809137634,97.09779337725735,62.46453085268431,0.0,10.694772306321568,250,64982.67162502475,0.0
161,464.58000000000004,8.674094637243725,1328.888346644238,206.89849128020347,2541.6378267182795,97.0977994816573,62.43893056368069,0.0,10.694859151443552,250,64983.19930601529,0.0
162,464.58500000000004,8.679534264307119,1327.7993140701478,206.73237497126033,2541.637844298925,97.09780558605728,62.41332037072671,0.0,10.694945961043972,250,64983.7267711727,0.0
163,464.59000000000003,8.68498204827158,1326.710306860089,206.56625994424323,2541.63786187957,97.09781169045722,62.387700274447326,0.0,10.69503273510907,250,64984.254020413384,0.0
164,464.595,8.690437996027136,1325.6213255589364,206.40014628022067,2541.6378794602156,97.09781779485719,62.362070275472846,0.0,10.69511947362509,250,64984.781053653765,0.0
165,464.6,8.69590211446479,1324.5323707119471,206.2340340602675,2541.637897040861,97.09782389925715,62.336430374439026,0.0,10.695206176578273,250,64985.30787081025,0.0
166,464.605,8.701374410476506,1323.4434428647667,206.06792336554744,2541.6379146215068,97.09783000365711,62.31078057198697,0.0,10.695292843954869,250,64985.83447179927,0.0
167,464.61,8.706854890955217,1322.3545425634234,205.90181427726887,2541.6379322021517,97.09783610805707,62.28512086876317,0.0,10.695379475741118,250,64986.36085653725,0.0
168,464.615,8.712343562794807,1321.2656703543307,205.7357068767105,2541.637949782797,97.09784221245702,62.25945126541955,0.0,10.695466071923272,250,64986.887024940625,0.0
169,464.62000000000006,8.717840432890114,1320.1768267842856,205.56960124521873,2541.6379673634424,97.09784831685698,62.23377176261342,0.0,10.695552632487576,250,64987.41297692583,0.0
170,464.62500000000006,8.723345508136891,1319.0880124004698,205.40349746418394,2541.637984944088,97.09785442125694,62.208082361007484,0.0,10.695639157420278,250,64987.938712409305,0.0
171,464.63000000000005,8.728858795431847,1317.9992277504466,205.23739561507654,2541.638002524733,97.09786052565691,62.182383061269874,0.0,10.69572564670763,250,64988.46423130752,0.0
172,464.63500000000005,8.734380301672587,1316.910473382165,205.07129577940395,2541.6380201053785,97.09786663005686,62.156673864074115,0.0,10.695812100335878,250,64988.9895335369,0.0
173,464.64000000000004,8.739910033757658,1315.8217498439535,204.90519803872502,2541.6380376860243,97.09787273445683,62.130954770099166,0.0,10.695898518291276,250,64989.514619013935,0.0
174,464.64500000000004,8.745447998586483,1314.7330576845245,204.73910247469823,2541.6380552666697,97.09787883885679,62.105225780029386,0.0,10.695984900560077,250,64990.03948765508,0.0
175,464.65000000000003,8.750994203059417,1313.6443974529718,204.5730091690129,2541.6380728473146,97.09788494325674,62.07948689455457,0.0,10.696071247128533,250,64990.56413937679,0.0
176,464.65500000000003,8.756548654077681,1312.5557696987717,204.4069182034743,2541.6380904279604,97.0978910476567,62.05373811436994,0.0,10.696157557982897,250,64991.08857409556,0.0
177,464.66,8.762111358543379,1311.467174971779,204.24082965980188,2541.6381080086057,97.09789715205666,62.027979440176146,0.0,10.696243833109424,250,64991.61279172788,0.0
178,464.665,8.767682323359516,1310.3786138222322,204.07474361995625,2541.638125589251,97.09790325645662,62.002210872679264,0.0,10.696330072494373,250,64992.13679219023,0.0
179,464.67,8.773261555429933,1309.2900868007487,203.9086601658783,2541.638143169896,97.09790936085658,61.97643241259082,0.0,10.696416276123996,250,64992.660575399095,0.0
180,464.675,8.778849061659342,1308.2015944583252,203.74257937947408,2541.638160750542,97.09791546525655,61.95064406062776,0.0,10.696502443984555,250,64993.184141270984,0.0
181,464.68,8.78444484895332,1307.1131373463402,203.57650134288755,2541.638178331187,97.09792156965649,61.92484581751249,0.0,10.696588576062307,250,64993.70748972242,0.0
182,464.68500000000006,8.790048924218274,1306.0247160165486,203.41042613821733,2541.6381959118326,97.09792767405646,61.89903768397288,0.0,10.69667467234351,250,64994.23062066989,0.0
183,464.69000000000005,8.795661294361437,1304.9363310210872,203.24435384761244,2541.638213492478,97.09793377845642,61.87321966074221,0.0,10.696760732814429,250,64994.75353402993,0.0
184,464.69500000000005,8.801281966290894,1303.8479829124676,203.07828455332728,2541.6382310731233,97.09793988285638,61.84739174855924,0.0,10.696846757461323,250,64995.276229719064,0.0
185,464.70000000000005,8.806910946915536,1302.759672243583,202.9122183376597,2541.6382486537686,97.09794598725634,61.82155394816818,0.0,10.696932746270454,250,64995.79870765382,0.0
186,464.70500000000004,8.812548243145061,1301.6713995677026,202.7461552829353,2541.638266234414,97.09795209165631,61.7957062603187,0.0,10.697018699228089,250,64996.32096775073,0.0
187,464.71000000000004,8.818193861889991,1300.5831654384722,202.58009547159438,2541.6382838150594,97.09795819605625,61.76984868576596,0.0,10.697104616320491,250,64996.84300992635,0.0
188,464.71500000000003,8.823847810061618,1299.4949704099158,202.4140389861239,2541.6383013957047,97.09796430045621,61.74398122527054,0.0,10.697190497533924,250,64997.364834097214,0.0
189,464.72,8.829510094572043,1298.4068150364342,202.24798590902077,2541.63831897635,97.09797040485618,61.71810387959854,0.0,10.697276342854659,250,64997.886440179886,0.0
190,464.725,8.835180722334135,1297.3186998728029,202.0819363228638,2541.638336556996,97.09797650925613,61.6922166495215,0.0,10.69736215226896,250,64998.40782809093,0.0
191,464.73,8.840859700261541,1296.230625474174,201.915890310372,2541.638354137641,97.0979826136561,61.666319535816456,0.0,10.697447925763097,250,64998.92899774691,0.0
192,464.735,8.846547035268676,1295.1425923960753,201.74984795417927,2541.638371718286,97.09798871805606,61.640412539265924,0.0,10.697533663323343,250,64999.449949064416,0.0
193,464.74,8.852242734270705,1294.054601194409,201.58380933709114,2541.638389298932,97.09799482245602,61.61449566065791,0.0,10.697619364935967,250,64999.97068196002,0.0
194,464.74500000000006,8.857946804183527,1292.9666524254521,201.41777454191134,2541.6384068795774,97.09800092685597,61.588568900785894,0.0,10.69770503058724,250,65000.4911963503,0.0
195,464.75000000000006,8.863659251923826,1291.8787466458555,201.25174365154191,2541.6384244602223,97.09800703125595,61.56263226044886,0.0,10.697790660263436,250,65001.01149215186,0.0
196,464.75500000000005,8.869380084408963,1290.7908844126441,201.08571674894608,2541.6384420408676,97.09801313565589,61.53668574045128,0.0,10.697876253950831,250,65001.53156928131,0.0
197,464.76000000000005,8.87510930855705,1289.7030662832176,200.9196939170967,2541.6384596215134,97.09801924005586,61.51072934160315,0.0,10.697961811635698,250,65002.051427655235,0.0
198,464.76500000000004,8.880846931286934,1288.615292815346,200.7536752390705,2541.638477202159,97.09802534445582,61.484763064719935,0.0,10.698047333304315,250,65002.57106719027,0.0
199,464.77000000000004,8.886592959518126,1287.5275645671736,200.58766079798514,2541.6384947828037,97.09803144885576,61.45878691062262,0.0,10.69813281894296,250,65003.090487803034,0.0
200,464.77500000000003,8.892347400170872,1286.4398820972167,200.42165067701407,2541.6385123634495,97.09803755325574,61.432800880137705,0.0,10.69821826853791,250,65003.60968941015,0.0
201,464.78000000000003,8.898110260166103,1285.3522459643636,200.25564495941342,2541.638529944095,97.0980436576557,61.40680497409719,0.0,10.698303682075448,250,65004.12867192825,0.0
202,464.785,8.903881546425415,1284.2646567278734,200.0896437284462,2541.6385475247403,97.09804976205565,61.38079919333861,0.0,10.698389059541851,250,65004.64743527398,0.0
203,464.79,8.909661265871101,1283.177114947377,199.9236470674972,2541.6385651053856,97.09805586645561,61.354783538705,0.0,10.698474400923404,250,65005.165979364,0.0
204,464.795,8.915449425426107,1282.089621182875,199.7576550599658,2541.638582686031,97.09806197085558,61.32875801104493,0.0,10.69855970620639,250,65005.684304114955,0.0
205,464.8,8.921246032014055,1281.0021759947385,199.59166778936185,2541.6386002666763,97.09806807525553,61.302722611212495,0.0,10.698644975377096,250,65006.20240944351,0.0
206,464.805,8.9270510925592,1279.9147799437098,199.4256853391539,2541.6386178473217,97.0980741796555,61.27667734006732,0.0,10.698730208421802,250,65006.720295266336,0.0
207,464.81000000000006,8.93286461398644,1278.8274335908984,199.25970779296208,2541.638635427967,97.09808028405546,61.25062219847457,0.0,10.6988154053268,250,65007.23796150012,0.0
208,464.81500000000005,8.938686603221328,1277.740137497784,199.09373523443907,2541.6386530086124,97.09808638845541,61.224557187304924,0.0,10.698900566078375,250,65007.75540806153,0.0
209,464.82000000000005,8.944517067190022,1276.652892226215,198.92776774727366,2541.638670589258,97.09809249285537,61.198482307434624,0.0,10.698985690662818,250,65008.27263486726,0.0
210,464.82500000000005,8.95035601281931,1275.5656983384074,198.76180541523678,2541.6386881699036,97.09809859725533,61.17239755974544,0.0,10.699070779066417,250,65008.78964183402,0.0
211,464.83000000000004,8.956203447036582,1274.4785563969454,198.59584832215847,2541.6387057505485,97.09810470165529,61.14630294512471,0.0,10.699155831275467,250,65009.3064288785,0.0
212,464.83500000000004,8.962059376769837,1273.3914669647797,198.42989655190587,2541.638723331194,97.09811080605525,61.1201984644653,0.0,10.69924084727626,250,65009.822995917435,0.0
213,464.84000000000003,8.967923808947665,1272.3044306052304,198.26395018840003,2541.6387409118392,97.09811691045522,61.09408411866564,0.0,10.699325827055088,250,65010.33934286753,0.0
214,464.845,8.973796750499234,1271.2174478819804,198.09800931565033,2541.638758492485,97.09812301485516,61.067959908629724,0.0,10.699410770598247,250,65010.855469645525,0.0
215,464.85,8.979678208354306,1270.1305193590817,197.9320740177375,2541.63877607313,97.09812911925513,61.04182583526708,0.0,10.699495677892035,250,65011.37137616815,0.0
216,464.855,8.985568189443194,1269.0436456009513,197.7661443787302,2541.6387936537753,97.09813522365509,61.01568189949284,0.0,10.69958054892275,250,65011.88706235215,0.0
217,464.86,8.991466700696785,1267.95682717237,197.60022048281482,2541.638811234421,97.09814132805505,60.98952810222766,0.0,10.699665383676688,250,65012.40252811427,0.0
218,464.865,8.997373749046501,1266.8700646384857,197.4343024142071,2541.6388288150665,97.09814743245501,60.963364444397804,0.0,10.699750182140152,250,65012.91777337127,0.0
219,464.87000000000006,9.003289341424328,1265.7833585648095,197.26839025720105,2541.6388463957114,97.09815353685497,60.937190926935074,0.0,10.699834944299445,250,65013.43279803994,0.0
220,464.87500000000006,9.009213484762775,1264.6967095172163,197.1024840961464,2541.6388639763572,97.09815964125492,60.91100755077689,0.0,10.699919670140863,250,65013.94760203701,0.0
221,464.88000000000005,9.015146185994883,1263.6101180619455,196.93658401544454,2541.6388815570026,97.09816574565488,60.88481431686621,0.0,10.700004359650718,250,65014.462185279306,0.0
222,464.88500000000005,9.021087452054205,1262.523584765599,196.7706900995099,2541.638899137648,97.09817185005485,60.85861122615161,0.0,10.700089012815313,250,65014.9765476836,0.0
223,464.89000000000004,9.02703728987482,1261.437110195142,196.60480243287356,2541.638916718293,97.0981779544548,60.83239827958723,0.0,10.700173629620952,250,65015.49068916668,0.0
224,464.89500000000004,9.032995706391288,1260.350694917901,196.43892110012743,2541.6389342989387,97.09818405885477,60.806175478132815,0.0,10.700258210053947,250,65016.00460964538,0.0
225,464.90000000000003,9.038962708538675,1259.2643395015655,196.27304618588943,2541.638951879584,97.09819016325473,60.779942822753696,0.0,10.700342754100603,250,65016.51830903648,0.0
226,464.90500000000003,9.04493830325254,1258.1780445141865,196.10717777481318,2541.6389694602294,97.09819626765469,60.753700314420804,0.0,10.700427261747235,250,65017.031787256834,0.0
227,464.91,9.050922497468898,1257.0918105241751,195.9413159516998,2541.638987040875,97.09820237205464,60.72744795411067,0.0,10.700511732980154,250,65017.54504422325,0.0
228,464.915,9.05691529812425,1256.0056381003042,195.7754608013048,2541.63900462152,97.0982084764546,60.70118574280543,0.0,10.700596167785669,250,65018.05807985256,0.0
229,464.92,9.062916712155547,1254.919527811706,195.60961240849656,2541.6390222021655,97.09821458085456,60.67491368149282,0.0,10.7006805661501,250,65018.57089406163,0.0
230,464.925,9.068926746500201,1253.8334802278725,195.44377085816947,2541.639039782811,97.09822068525452,60.64863177116619,0.0,10.70076492805976,250,65019.08348676731,0.0
231,464.93,9.074945408096065,1252.7474959186559,195.27793623535274,2541.6390573634562,97.09822678965449,60.62234001282451,0.0,10.700849253500968,250,65019.59585788647,0.0
232,464.93500000000006,9.080972703881416,1251.661575454266,195.11210862496833,2541.6390749441016,97.09823289405443,60.596038407472356,0.0,10.700933542460042,250,65020.10800733596,0.0
233,464.94000000000005,9.087008640794966,1250.575719405273,194.94628811219988,2541.639092524747,97.0982389984544,60.569726956119936,0.0,10.701017794923303,250,65020.61993503268,0.0
234,464.94500000000005,9.093053225775849,1249.4899283426025,194.78047478213753,2541.639110105393,97.09824510285436,60.54340565978307,0.0,10.701102010877072,250,65021.1316408935,0.0
235,464.95000000000005,9.099106465763592,1248.4042028375402,194.61466872000105,2541.6391276860377,97.09825120725432,60.51707451948321,0.0,10.70118619030767,250,65021.643124835326,0.0
236,464.95500000000004,9.105168367698145,1247.3185434617274,194.44887001099352,2541.639145266683,97.09825731165428,60.490733536247426,0.0,10.701270333201425,250,65022.154386775066,0.0
237,464.96000000000004,9.111238938519842,1246.232950787163,194.28307874051887,2541.6391628473284,97.09826341605424,60.46438271110845,0.0,10.701354439544659,250,65022.66542662963,0.0
238,464.96500000000003,9.117318185169387,1245.147425386201,194.11729499387684,2541.639180427974,97.0982695204542,60.438022045104624,0.0,10.701438509323701,250,65023.17624431593,0.0
239,464.97,9.123406114587869,1244.061967831553,193.95151885648073,2541.639198008619,97.09827562485415,60.41165153927994,0.0,10.701522542524879,250,65023.68683975091,0.0
240,464.975,9.129502733716759,1242.9765786962848,193.78575041383996,2541.6392155892645,97.09828172925413,60.38527119468402,0.0,10.701606539134522,250,65024.197212851504,0.0
241,464.98,9.135608049497852,1241.8912585538167,193.61998975149683,2541.6392331699103,97.09828783365407,60.35888101237216,0.0,10.701690499138966,250,65024.70736353467,0.0
242,464.985,9.141722068873333,1240.806007977925,193.45423695499355,2541.6392507505557,97.09829393805404,60.33248099340527,0.0,10.70177442252454,250,65025.21729171735,0.0
243,464.99,9.147844798785698,1239.7208275427392,193.28849211005715,2541.6392683312006,97.098300042454,60.306071138849944,0.0,10.70185830927758,250,65025.726997316524,0.0
244,464.99500000000006,9.153976246177782,1238.6357178227427,193.1227553023023,2541.6392859118464,97.09830614685396,60.27965144977841,0.0,10.701942159384418,250,65026.23648024916,0.0
245,465.00000000000006,9.160116417992748,1237.5506793927711,192.9570266175353,2541.6393034924918,97.09831225125392,60.25322192726858,0.0,10.702025972831393,250,65026.74574043223,0.0
246,465.00500000000005,9.166265321174073,1236.4657128280144,192.7913061415922,2541.639321073137,97.09831835565387,60.22678257240398,0.0,10.702109749604846,250,65027.254777782735,0.0
247,465.01000000000005,9.172422962665546,1235.3808187040133,192.6255939603354,2541.639338653782,97.09832446005383,60.200333386273854,0.0,10.702193489691116,250,65027.76359221767,0.0
248,465.01500000000004,9.178589349411235,1234.2959975966617,192.45989015964983,2541.639356234428,97.09833056445379,60.17387436997309,0.0,10.702277193076542,250,65028.272183654066,0.0
249,465.02000000000004,9.184764488355528,1233.2112500822038,192.29419482555105,2541.639373815073,97.09833666885376,60.14740552460225,0.0,10.702360859747472,250,65028.780552008924,0.0
250,465.02500000000003,9.190948386443058,1232.126576737235,192.12850804406472,2541.6393913957186,97.0983427732537,60.120926851267576,0.0,10.702444489690247,250,65029.28869719928,0.0
251,465.03000000000003,9.197141050618756,1231.041978138702,191.96282990133815,2541.639408976364,97.09834887765368,60.09443835108097,0.0,10.702528082891217,250,65029.79661914217,0.0
252,465.035,9.20334248782781,1229.9574548638998,191.79716048345415,2541.6394265570093,97.09835498205364,60.06794002516005,0.0,10.702611639336725,250,65030.30431775465,0.0
253,465.04,9.209552705015655,1228.8730074904747,191.631499876637,2541.6394441376547,97.0983610864536,60.04143187462808,0.0,10.702695159013125,250,65030.81179295378,0.0
254,465.045,9.215771709127981,1227.7886365964214,191.46584816718536,2541.6394617183,97.09836719085355,60.01491390061404,0.0,10.702778641906765,250,65031.31904465659,0.0
255,465.05,9.221999507110707,1226.7043427600827,191.30020544134675,2541.6394792989454,97.09837329525351,59.98838610425259,0.0,10.702862088003997,250,65031.82607278019,0.0
256,465.055,9.22823610590999,1225.6201265601505,191.13457178556547,2541.6394968795908,97.09837939965347,59.961848486684076,0.0,10.702945497291175,250,65032.332877241664,0.0
257,465.06000000000006,9.2344815124722,1224.5359885756636,190.96894728625145,2541.639514460236,97.09838550405343,59.93530104905455,0.0,10.703028869754657,250,65032.8394579581,0.0
258,465.06500000000005,9.240735733743918,1223.451929386009,190.8033320298496,2541.639532040882,97.0983916084534,59.908743792515786,0.0,10.7031122053808,250,65033.345814846594,0.0
259,465.07000000000005,9.246998776671926,1222.36794957092,190.6377261029388,2541.639549621527,97.09839771285334,59.88217671822522,0.0,10.703195504155957,250,65033.85194782426,0.0
260,465.07500000000005,9.253270648203205,1221.2840497104758,190.47212959210444,2541.639567202172,97.09840381725331,59.855599827346005,0.0,10.703278766066495,250,65034.35785680823,0.0
261,465.08000000000004,9.259551355284911,1220.200230385102,190.3065425839618,2541.639584782818,97.09840992165327,59.82901312104703,0.0,10.70336199109877,250,65034.86354171564,0.0
262,465.08500000000004,9.26584090486439,1219.1164921755699,190.14096516526578,2541.6396023634634,97.09841602605323,59.80241660050289,0.0,10.703445179239152,250,65035.369002463616,0.0
263,465.09000000000003,9.272139303889144,1218.0328356629946,189.97539742274097,2541.6396199441083,97.09842213045319,59.775810266893856,0.0,10.703528330474,250,65035.87423896933,0.0
264,465.095,9.278446559306834,1216.949261428837,189.80983944321747,2541.6396375247537,97.09842823485315,59.74919412140597,0.0,10.703611444789685,250,65036.379251149934,0.0
265,465.1,9.284762678065277,1215.8657700549013,189.64429131355766,2541.6396551053995,97.0984343392531,59.72256816523096,0.0,10.703694522172572,250,65036.884038922595,0.0
266,465.105,9.291087667112418,1214.7823621233345,189.47875312067595,2541.639672686045,97.09844044365306,59.69593239956631,0.0,10.703777562609034,250,65037.388602204504,0.0
267,465.11,9.297421533396351,1213.6990382166287,189.31322495154186,2541.6396902666897,97.09844654805303,59.66928682561521,0.0,10.703860566085439,250,65037.89294091285,0.0
268,465.115,9.303764283865272,1212.6157989176163,189.14770689319727,2541.6397078473356,97.09845265245298,59.642631444586584,0.0,10.703943532588163,250,65038.39705496482,0.0
269,465.12000000000006,9.310115925467512,1211.5326448094743,188.9821990327537,2541.639725427981,97.09845875685295,59.6159662576951,0.0,10.70402646210358,250,65038.90094427766,0.0
270,465.12500000000006,9.316476465151496,1210.449576475718,188.8167014573458,2541.6397430086263,97.0984648612529,59.58929126616116,0.0,10.704109354618065,250,65039.404608768564,0.0
271,465.13000000000005,9.322845909865734,1209.3665945002072,188.65121425411826,2541.6397605892716,97.09847096565287,59.562606471210906,0.0,10.704192210117998,250,65039.90804835478,0.0
272,465.13500000000005,9.329224266558848,1208.2836994671407,188.48573751040922,2541.639778169917,97.09847707005282,59.53591187407621,0.0,10.704275028589763,250,65040.411262953545,0.0
273,465.14000000000004,9.33561154217953,1207.200891961057,188.32027131343818,2541.6397957505624,97.09848317445278,59.509207475994735,0.0,10.704357810019733,250,65040.91425248211,0.0
274,465.14500000000004,9.342007743676522,1206.118172566836,188.1548157506105,2541.6398133312077,97.09848927885274,59.48249327820983,0.0,10.704440554394296,250,65041.41701685773,0.0
275,465.15000000000003,9.348412877998644,1205.0355418696954,187.98937090931324,2541.639830911853,97.0984953832527,59.45576928197065,0.0,10.704523261699837,250,65041.9195559977,0.0
276,465.15500000000003,9.35482695209478,1203.9530004551925,187.82393687700625,2541.6398484924985,97.09850148765267,59.429035488532094,0.0,10.704605931922742,250,65042.4218698193,0.0
277,465.16,9.361249972913825,1202.870548909222,187.65851374124364,2541.639866073144,97.09850759205261,59.4022918991548,0.0,10.704688565049402,250,65042.92395823981,0.0
278,465.165,9.367681947404728,1201.7881878180176,187.4931015896067,2541.6398836537896,97.09851369645259,59.375538515105184,0.0,10.704771161066203,250,65043.42582117654,0.0
279,465.17,9.374122882516469,1200.7059177681492,187.32770050969634,2541.6399012344345,97.09851980085254,59.34877533765543,0.0,10.704853719959539,250,65043.92745854681,0.0
280,465.175,9.380572785198018,1199.623739346524,187.16231058919777,2541.63991881508,97.0985259052525,59.322002368083496,0.0,10.704936241715803,250,65044.42887026794,0.0
281,465.18,9.387031662398376,1198.5416531403857,186.99693191583745,2541.6399363957253,97.09853200965246,59.29521960767309,0.0,10.705018726321391,250,65044.930056257275,0.0
282,465.18500000000006,9.39349952106653,1197.4596597373138,186.83156457743237,2541.639953976371,97.09853811405242,59.26842705771371,0.0,10.7051011737627,250,65045.43101643216,0.0
283,465.19000000000005,9.399976368151458,1196.3777597252226,186.66620866180367,2541.639971557016,97.09854421845237,59.24162471950063,0.0,10.70518358402613,250,65045.93175070996,0.0
284,465.19500000000005,9.406462210602111,1195.2959536923627,186.50086425684384,2541.6399891376614,97.09855032285233,59.21481259433491,0.0,10.705265957098081,250,65046.432259008034,0.0
285,465.20000000000005,9.412957055367425,1194.214242227317,186.33553145052898,2541.640006718307,97.0985564272523,59.187990683523374,0.0,10.705348292964954,250,65046.93254124376,0.0
286,465.20500000000004,9.41946090939629,1193.132625919004,186.17021033088383,2541.6400242989525,97.09856253165225,59.16115898837866,0.0,10.705430591613156,250,65047.43259733454,0.0
287,465.21000000000004,9.425973779637545,1192.0511053566743,186.0049009858672,2541.6400418795974,97.09856863605222,59.13431751021917,0.0,10.705512853029092,250,65047.93242719777,0.0
288,465.21500000000003,9.43249567303997,1190.969681129913,185.83960350369085,2541.640059460243,97.09857474045218,59.10746625036912,0.0,10.705595077199167,250,65048.432030750846,0.0
289,465.22,9.439026596552287,1189.8883538286357,185.67431797247113,2541.6400770408886,97.09858084485214,59.08060521015851,0.0,10.705677264109793,250,65048.931407911216,0.0
290,465.225,9.445566557123144,1188.807124043092,185.50904448045614,2541.640094621534,97.0985869492521,59.05373439092313,0.0,10.705759413747383,250,65049.43055859631,0.0
291,465.23,9.452115561701087,1187.7259923638605,185.34378311587645,2541.640112202179,97.09859305365207,59.026853794004595,0.0,10.70584152609835,250,65049.92948272357,0.0
292,465.235,9.458673617234606,1186.644959381853,185.17853396705388,2541.6401297828247,97.09859915805201,58.99996342075031,0.0,10.705923601149108,250,65050.42818021047,0.0
293,465.24,9.465240730672047,1185.56402568831,185.0132971224327,2541.64014736347,97.09860526245197,58.97306327251349,0.0,10.706005638886074,250,65050.92665097444,0.0
294,465.24500000000006,9.471816908961669,1184.483191874803,184.84807267033702,2541.6401649441154,97.09861136685194,58.94615335065316,0.0,10.706087639295667,250,65051.424894933,0.0
295,465.25000000000006,9.478402159051598,1183.4024585332322,184.68286069933703,2541.640182524761,97.09861747125188,58.91923365653416,0.0,10.706169602364309,250,65051.92291200362,0.0
296,465.25500000000005,9.484996487889843,1182.3218262558273,184.51766129792554,2541.640200105406,97.09862357565186,58.892304191527145,0.0,10.706251528078422,250,65052.42070210381,0.0
297,465.26000000000005,9.491599902424266,1181.2412956351461,184.3524745547015,2541.6402176860515,97.09862968005181,58.865364957008595,0.0,10.70633341642443,250,65052.91826515107,0.0
298,465.26500000000004,9.498212409602584,1180.1608672640739,184.18730055829974,2541.640235266697,97.09863578445177,58.8384159543608,0.0,10.706415267388762,250,65053.41560106295,0.0
299,465.27000000000004,9.504834016372351,1179.0805417358238,184.0221393974147,2541.6402528473423,97.09864188885173,58.81145718497189,0.0,10.706497080957842,250,65053.91270975697,0.0
300,465.27500000000003,9.511464729680965,1178.0003196439363,183.8569911607813,2541.6402704279876,97.0986479932517,58.78448865023582,0.0,10.706578857118105,250,65054.409591150696,0.0
301,465.28000000000003,9.518104556475631,1176.9202015822775,183.69185593718248,2541.640288008633,97.09865409765165,58.75751035155238,0.0,10.70666059585598,250,65054.90624516168,0.0
302,465.285,9.524753503703383,1175.840188145039,183.52673381552506,2541.640305589279,97.09866020205162,58.730522290327166,0.0,10.706742297157904,250,65055.40267170748,0.0
303,465.29,9.531411578311067,1174.7602799267386,183.3616248846445,2541.6403231699237,97.09866630645158,58.70352446797164,0.0,10.70682396101031,250,65055.89887070569,0.0
304,465.295,9.538078787245299,1173.6804775222192,183.19652923357188,2541.640340750569,97.09867241085152,58.67651688590311,0.0,10.706905587399637,250,65056.39484207392,0.0
305,465.3,9.544755137452515,1172.6007815266466,183.0314469512263,2541.6403583312144,97.09867851525149,58.649499545544714,0.0,10.706987176312323,250,65056.89058572974,0.0
306,465.305,9.551440635878901,1171.5211925355115,182.8663781267113,2541.6403759118602,97.09868461965145,58.62247244832542,0.0,10.707068727734814,250,65057.386101590804,0.0
307,465.31000000000006,9.558135289470426,1170.4417111446282,182.70132284912304,2541.640393492505,97.09869072405141,58.59543559568007,0.0,10.707150241653551,250,65057.88138957473,0.0
308,465.31500000000005,9.56483910517282,1169.3623379501328,182.53628120764148,2541.6404110731505,97.09869682845137,58.56838898904935,0.0,10.70723171805498,250,65058.37644959916,0.0
309,465.32000000000005,9.571552089931561,1168.2830735484833,182.3712532914686,2541.6404286537963,97.09870293285134,58.541332629879804,0.0,10.707313156925549,250,65058.871281581756,0.0
310,465.32500000000005,9.578274250691853,1167.2039185364615,182.2062391898496,2541.6404462344417,97.09870903725128,58.514266519623824,0.0,10.70739455825171,250,65059.365885440195,0.0
311,465.33000000000004,9.585005594398657,1166.1248735111678,182.04123899214457,2541.6404638150866,97.09871514165125,58.48719065973967,0.0,10.707475922019913,250,65059.86026109213,0.0
312,465.33500000000004,9.591746127996634,1165.045939070026,181.87625278767177,2541.6404813957324,97.09872124605121,58.46010505169145,0.0,10.707557248216611,250,65060.35440845526,0.0
313,465.34000000000003,9.598495858430178,1163.9671158107774,181.71128066588372,2541.640498976378,97.09872735045117,58.43300969694916,0.0,10.707638536828261,250,65060.84832744731,0.0
314,465.345,9.60525479264336,1162.8884043314847,181.54632271624712,2541.640516557023,97.09873345485113,58.40590459698868,0.0,10.707719787841318,250,65061.342017985975,0.0
315,465.35,9.612022937579972,1161.809805230529,181.38137902831002,2541.640534137668,97.09873955925109,58.3787897532917,0.0,10.707801001242247,250,65061.83547998899,0.0
316,465.355,9.618800300183473,1160.731319106611,181.2164496915796,2541.640551718314,97.09874566365104,58.35166516734585,0.0,10.707882177017508,250,65062.3287133741,0.0
317,465.36,9.625586887397006,1159.6529465587478,181.05153479574514,2541.6405692989592,97.098751768051,58.32453084064459,0.0,10.707963315153561,250,65062.82171805905,0.0
318,465.365,9.632382706163368,1158.5746881862751,180.88663443044683,2541.6405868796046,97.09875787245097,58.297386774687304,0.0,10.708044415636877,250,65063.31449396161,0.0
319,465.37000000000006,9.639187763425035,1157.4965445888458,180.72174868543115,2541.64060446025,97.09876397685092,58.270232970979215,0.0,10.708125478453923,250,65063.80704099956,0.0
320,465.37500000000006,9.646002066124105,1156.4185163664285,180.5568776504712,2541.6406220408953,97.09877008125089,58.24306943103147,0.0,10.708206503591168,250,65064.2993590907,0.0
321,465.38000000000005,9.652825621202334,1155.3406041193084,180.39202141538777,2541.6406396215407,97.09877618565085,58.21589615636108,0.0,10.708287491035083,250,65064.79144815281,0.0
322,465.38500000000005,9.659658435601086,1154.2628084480857,180.22718007009004,2541.640657202186,97.0987822900508,58.18871314849096,0.0,10.708368440772146,250,65065.28330810373,0.0
323,465.39000000000004,9.66650051626136,1153.1851299536756,180.062353704444,2541.6406747828314,97.09878839445076,58.16152040894991,0.0,10.708449352788831,250,65065.77493886127,0.0
324,465.39500000000004,9.673351870123755,1152.1075692373083,179.89754240852298,2541.640692363477,97.09879449885072,58.134317939272634,0.0,10.708530227071616,250,65066.26634034329,0.0
325,465.40000000000003,9.68021250412848,1151.0301269005263,179.73274627227616,2541.640709944122,97.09880060325068,58.10710574099975,0.0,10.708611063606984,250,65066.75751246764,0.0
326,465.40500000000003,9.687082425215314,1149.9528035451865,179.5679653858479,2541.640727524768,97.09880670765064,58.079883815677746,0.0,10.708691862381414,250,65067.24845515218,0.0
327,465.41,9.693961640323648,1148.875599773459,179.40319983932974,2541.640745105413,97.09881281205061,58.05265216485904,0.0,10.708772623381394,250,65067.73916831478,0.0
328,465.415,9.700850156392411,1147.7985161878244,179.23844972291795,2541.640762686058,97.09881891645055,58.025410790101965,0.0,10.70885334659341,250,65068.22965187335,0.0
329,465.42,9.70774798036012,1146.7215533910771,179.07371512686476,2541.640780266704,97.09882502085053,57.99815969297074,0.0,10.70893403200395,250,65068.7199057458,0.0
330,465.425,9.714655119164826,1145.6447119863205,178.90899614144948,2541.6407978473494,97.09883112525048,57.97089887503551,0.0,10.709014679599509,250,65069.20992985003,0.0
331,465.43,9.721571579744126,1144.5679925769703,178.74429285695606,2541.6408154279943,97.09883722965044,57.94362833787235,0.0,10.709095289366575,250,65069.699724104,0.0
332,465.43500000000006,9.728497369035166,1143.491395766751,178.57960536387924,2541.6408330086397,97.0988433340504,57.916348083063234,0.0,10.709175861291648,250,65070.189288425645,0.0
333,465.44000000000005,9.73543249397459,1142.4149221596974,178.41493375252185,2541.6408505892855,97.09884943845036,57.88905811219608,0.0,10.709256395361225,250,65070.67862273291,0.0
334,465.44500000000005,9.742376961498572,1141.338572360153,178.25027811348716,2541.640868169931,97.09885554285032,57.86175842686471,0.0,10.709336891561804,250,65071.16772694378,0.0
335,465.45000000000005,9.749330778542795,1140.2623469727696,178.08563853721802,2541.6408857505758,97.09886164725027,57.83444902866889,0.0,10.709417349879889,250,65071.65660097623,0.0
336,465.45500000000004,9.756293952042423,1139.1862466025066,177.92101511436536,2541.6409033312216,97.09886775165025,57.807129919214304,0.0,10.709497770301983,250,65072.14524474827,0.0
337,465.46000000000004,9.763266488932105,1138.1102718546308,177.75640793555982,2541.640920911867,97.09887385605019,57.77980110011257,0.0,10.709578152814593,250,65072.63365817792,0.0
338,465.46500000000003,9.770248396145984,1137.0344233347164,177.59181709141214,2541.6409384925123,97.09887996045016,57.752462572981266,0.0,10.709658497404229,250,65073.12184118319,0.0
339,465.47,9.777239680617651,1135.9587016486432,177.42724267273633,2541.6409560731577,97.09888606485012,57.72511433944387,0.0,10.709738804057402,250,65073.60979368212,0.0
340,465.475,9.784240349280156,1134.8831074025966,177.26268477027676,2541.640973653803,97.09889216925008,57.69775640112983,0.0,10.709819072760622,250,65074.09751559276,0.0
341,465.48,9.791250409066,1133.807641203067,177.098143474866,2541.6409912344484,97.09889827365004,57.67038875967453,0.0,10.709899303500409,250,65074.58500683319,0.0
342,465.485,9.798269866907129,1132.7323036568505,176.93361887742566,2541.6410088150938,97.09890437805,57.643011416719304,0.0,10.709979496263276,250,65075.07226732149,0.0
343,465.49,9.805298729734885,1131.657095371045,176.76911106886476,2541.641026395739,97.09891048244995,57.61562437391144,0.0,10.710059651035749,250,65075.55929697575,0.0
344,465.49500000000006,9.812337004480073,1130.582016953054,176.6046201401218,2541.6410439763845,97.09891658684991,57.588227632904164,0.0,10.710139767804346,250,65076.046095714075,0.0
345,465.50000000000006,9.819384698072865,1129.5070690105829,176.4401461822696,2541.64106155703,97.09892269124988,57.560821195356674,0.0,10.710219846555592,250,65076.53266345459,0.0
346,465.50500000000005,9.826441817442849,1128.4322521516392,176.2756892863932,2541.641079137675,97.09892879564983,57.5334050629341,0.0,10.710299887276014,250,65077.01900011542,0.0
347,465.51000000000005,9.833508369519015,1127.3575669845325,176.1112495436065,2541.6410967183206,97.0989349000498,57.505979237307564,0.0,10.710379889952144,250,65077.505105614735,0.0
348,465.51500000000004,9.840584361229705,1126.2830141178733,175.9468270450676,2541.641114298966,97.09894100444976,57.478543720154136,0.0,10.710459854570507,250,65077.99097987067,0.0
349,465.52000000000004,9.847669799502642,1125.2085941605733,175.78242188203654,2541.6411318796113,97.09894710884971,57.45109851315685,0.0,10.710539781117642,250,65078.476622801434,0.0
350,465.52500000000003,9.854764691264918,1124.134307721844,175.6180341457984,2541.641149460257,97.09895321324967,57.42364361800471,0.0,10.710619669580085,250,65078.962034325195,0.0
351,465.53000000000003,9.861869043442956,1123.060155411195,175.45366392763754,2541.641167040902,97.09895931764963,57.39617903639269,0.0,10.710699519944372,250,65079.44721436016,0.0
352,465.535,9.868982862962541,1121.9861378384378,175.2893113189129,2541.6411846215474,97.09896542204959,57.36870477002175,0.0,10.710779332197044,250,65079.93216282457,0.0
353,465.54,9.87610615674877,1120.9122556136797,175.12497641110147,2541.641202202193,97.09897152644955,57.3412208205988,0.0,10.710859106324646,250,65080.416879636636,0.0
354,465.545,9.883238931726058,1119.8385093473262,174.96065929562562,2541.6412197828386,97.09897763084952,57.31372718983677,0.0,10.710938842313723,250,65080.90136471463,0.0
355,465.55,9.890381194818149,1118.7648996500816,174.7963600640411,2541.6412373634835,97.09898373524946,57.28622387945453,0.0,10.711018540150821,250,65081.38561797678,0.0
356,465.555,9.89753295294807,1117.6914271329454,174.63207880784879,2541.641254944129,97.09898983964943,57.25871089117696,0.0,10.71109819982249,250,65081.86963934139,0.0
357,465.56000000000006,9.90469421303815,1116.618092407213,174.46781561873453,2541.6412725247746,97.09899594404939,57.23118822673491,0.0,10.711177821315287,250,65082.35342872675,0.0
358,465.56500000000005,9.911864982009993,1115.544896084476,174.30357058834613,2541.64129010542,97.09900204844935,57.203655887865246,0.0,10.711257404615761,250,65082.83698605115,0.0
359,465.57000000000005,9.919045266784474,1114.471838776621,174.13934380835556,2541.641307686065,97.09900815284931,57.176113876310794,0.0,10.711336949710473,250,65083.32031123293,0.0
360,465.57500000000005,9.926235074281735,1113.398921095829,173.97513537053973,2541.6413252667107,97.09901425724927,57.148562193820396,0.0,10.711416456585981,250,65083.80340419042,0.0
361,465.58000000000004,9.93343441142117,1112.3261436545745,173.81094536671222,2541.641342847356,97.09902036164922,57.12100084214889,0.0,10.711495925228848,250,65084.286264841954,0.0
362,465.58500000000004,9.940643285121403,1111.2535070656245,173.64677388871053,2541.6413604280015,97.09902646604918,57.09342982305709,0.0,10.711575355625639,250,65084.768893105924,0.0
363,465.59000000000003,9.947861702300301,1110.1810119420402,173.48262102846203,2541.641378008647,97.09903257044915,57.06584913831186,0.0,10.711654747762918,250,65085.251288900676,0.0
364,465.595,9.955089669874955,1109.108658897174,173.31848687787163,2541.641395589292,97.0990386748491,57.03825878968603,0.0,10.711734101627258,250,65085.73345214463,0.0
365,465.6,9.962327194761649,1108.0364485446696,173.1543715289963,2541.6414131699376,97.09904477924907,57.01065877895845,0.0,10.711813417205228,250,65086.215382756185,0.0
366,465.605,9.969574283875897,1106.964381498462,172.9902750738278,2541.641430750583,97.09905088364903,56.98304910791398,0.0,10.711892694483405,250,65086.69708065376,0.0
367,465.61,9.97683094413238,1105.8924583727764,172.82619760449091,2541.6414483312283,97.09905698804899,56.95542977834348,0.0,10.711971933448362,250,65087.17854575581,0.0
368,465.615,9.984097182444984,1104.8206797821272,172.6621392130909,2541.6414659118736,97.09906309244894,56.927800792043854,0.0,10.712051134086684,250,65087.65977798077,0.0
369,465.62000000000006,9.991373005726745,1103.749046341319,172.49809999185663,2541.641483492519,97.0990691968489,56.900162150818,0.0,10.712130296384945,250,65088.14077724712,0.0
370,465.62500000000006,9.998658420889875,1102.6775586654442,172.33408003298447,2541.641501073165,97.09907530124886,56.872513856474846,0.0,10.712209420329737,250,65088.62154347334,0.0
371,465.63000000000005,10.005953434845743,1101.6062173698836,172.17007942874855,2541.6415186538097,97.09908140564882,56.844855910829345,0.0,10.71228850590764,250,65089.102076577925,0.0
372,465.63500000000005,10.013258054504837,1100.5350230703043,172.00609827152968,2541.641536234455,97.09908751004879,56.81718831570247,0.0,10.712367553105247,250,65089.58237647939,0.0
373,465.64000000000004,10.020572286776808,1099.4639763826626,171.8421366536447,2541.6415538151005,97.09909361444873,56.78951107292122,0.0,10.712446561909147,250,65090.06244309627,0.0
374,465.64500000000004,10.027896138570412,1098.393077923198,171.6781946675408,2541.6415713957463,97.0990997188487,56.76182418431865,0.0,10.712525532305937,250,65090.54227634711,0.0
375,465.65000000000003,10.03522961679352,1097.322328308438,171.51427240568484,2541.641588976391,97.09910582324866,56.7341276517338,0.0,10.712604464282212,250,65091.02187615045,0.0
376,465.65500000000003,10.042572728353102,1096.251728155194,171.35036996058201,2541.6416065570365,97.09911192764862,56.706421477011794,0.0,10.712683357824572,250,65091.5012424249,0.0
377,465.66,10.049925480155233,1095.1812780805622,171.18648742480218,2541.6416241376824,97.09911803204858,56.67870566200376,0.0,10.712762212919616,250,65091.98037508901,0.0
378,465.665,10.057287879105054,1094.1109787019222,171.02262489093275,2541.6416417183277,97.09912413644855,56.650980208566885,0.0,10.712841029553953,250,65092.45927406143,0.0
379,465.67,10.064659932106796,1093.0408306369377,170.85878245163872,2541.6416592989726,97.0991302408485,56.6232451185644,0.0,10.712919807714188,250,65092.93793926075,0.0
380,465.675,10.072041646063733,1091.9708345035535,170.69496019966135,2541.6416768796184,97.09913634524845,56.595500393865564,0.0,10.712998547386928,250,65093.41637060562,0.0
381,465.68,10.079433027878213,1090.9009909199988,170.53115822768757,2541.641694460264,97.09914244964843,56.567746036345696,0.0,10.713077248558788,250,65093.894568014686,0.0
382,465.68500000000006,10.086834084451604,1089.831300504782,170.3673766285227,2541.641712040909,97.09914855404837,56.539982047886184,0.0,10.713155911216381,250,65094.372531406625,0.0
383,465.69000000000005,10.094244822684326,1088.7617638766935,170.2036154950422,2541.641729621554,97.09915465844834,56.51220843037443,0.0,10.713234535346324,250,65094.850260700114,0.0
384,465.69500000000005,10.101665249475813,1087.6923816548035,170.03987492009077,2541.6417472022,97.0991607628483,56.48442518570393,0.0,10.713313120935238,250,65095.32775581386,0.0
385,465.70000000000005,10.109095371724507,1086.6231544584632,169.87615499661194,2541.6417647828453,97.09916686724826,56.4566323157742,0.0,10.713391667969747,250,65095.80501666657,0.0
386,465.70500000000004,10.116535196327856,1085.5540829073002,169.712455817568,2541.6417823634906,97.09917297164822,56.428829822490854,0.0,10.713470176436472,250,65096.282043176994,0.0
387,465.71000000000004,10.123984730182295,1084.485167621223,169.54877747603024,2541.641799944136,97.09917907604819,56.40101770776555,0.0,10.713548646322042,250,65096.758835263856,0.0
388,465.71500000000003,10.131443980183262,1083.416409220417,169.38512006499153,2541.6418175247813,97.09918518044813,56.373195973516005,0.0,10.71362707761309,250,65097.23539284595,0.0
389,465.72,10.138912953225136,1082.3478083253444,169.2214836776211,2541.6418351054267,97.0991912848481,56.34536462166602,0.0,10.713705470296244,250,65097.711715842015,0.0
390,465.725,10.146391656201269,1081.2793655567452,169.05786840706642,2541.641852686072,97.09919738924806,56.317523654145454,0.0,10.713783824358144,250,65098.187804170884,0.0
391,465.73,10.153880096003977,1080.2110815356345,168.89427434652336,2541.6418702667174,97.099203493648,56.28967307289024,0.0,10.713862139785427,250,65098.66365775135,0.0
392,465.735,10.161378279524495,1079.1429568833028,168.73070158926276,2541.641887847363,97.09920959804798,56.26181287984239,0.0,10.71394041656473,250,65099.13927650224,0.0
393,465.74,10.168886213653016,1078.0749922213156,168.56715022855496,2541.641905428008,97.09921570244794,56.23394307695,0.0,10.714018654682702,250,65099.61466034241,0.0
394,465.74500000000006,10.176403905278637,1077.0071881715128,168.40362035773256,2541.641923008654,97.0992218068479,56.20606366616722,0.0,10.714096854125987,250,65100.089809190715,0.0
395,465.75000000000006,10.183931361289357,1075.9395453560078,168.24011207019873,2541.641940589299,97.09922791124785,56.17817464945431,0.0,10.714175014881235,250,65100.56472296604,0.0
396,465.75500000000005,10.191468588572096,1074.8720643971867,168.0766254593886,2541.6419581699442,97.09923401564782,56.15027602877761,0.0,10.714253136935097,250,65101.03940158727,0.0
397,465.76000000000005,10.199015594012648,1073.8047459177083,167.91316061874443,2541.64197575059,97.09924012004777,56.12236780610954,0.0,10.714331220274227,250,65101.51384497333,0.0
398,465.76500000000004,10.206572384495695,1072.7375905405029,167.74971764185406,2541.6419933312354,97.09924622444774,56.094449983428596,0.0,10.714409264885282,250,65101.98805304312,0.0
399,465.77000000000004,10.21413896690479,1071.6705988887718,167.58629662220272,2541.6420109118803,97.0992523288477,56.0665225627194,0.0,10.714487270754919,250,65102.46202571559,0.0
400,465.77500000000003,10.221715348122347,1070.6037715859873,167.42289765345996,2541.6420284925257,97.09925843324766,56.03858554597263,0.0,10.714565237869806,250,65102.935762909714,0.0
401,465.78000000000003,10.229301535029613,1069.5371092558908,167.25952082926216,2541.6420460731715,97.09926453764761,56.010638935185085,0.0,10.714643166216604,250,65103.40926454446,0.0
402,465.785,10.236897534506701,1068.4706125224936,167.09616624326367,2541.642063653817,97.09927064204757,55.98268273235966,0.0,10.714721055781984,250,65103.88253053884,0.0
403,465.79,10.24450335343253,1067.404282010076,166.93283398925686,2541.642081234462,97.09927674644753,55.95471693950535,0.0,10.714798906552616,250,65104.35556081183,0.0
404,465.795,10.252118998684837,1066.3381183431848,166.76952416106377,2541.6420988151076,97.09928285084749,55.92674155863725,0.0,10.714876718515173,250,65104.82835528249,0.0
405,465.8,10.259744477140195,1065.2721221466356,166.6062368524204,2541.642116395753,97.09928895524746,55.89875659177654,0.0,10.71495449165633,250,65105.30091386984,0.0
406,465.805,10.267379795673945,1064.2062940455107,166.4429721572537,2541.6421339763983,97.0992950596474,55.87076204095056,0.0,10.71503222596277,250,65105.77323649295,0.0
407,465.81000000000006,10.275024961160229,1063.1406346651577,166.2797301694936,2541.6421515570432,97.09930116404738,55.8427579081927,0.0,10.71510992142117,250,65106.24532307089,0.0
408,465.81500000000005,10.282679980471958,1062.0751446311904,166.11651098306763,2541.642169137689,97.09930726844733,55.814744195542524,0.0,10.715187578018218,250,65106.717173522775,0.0
409,465.82000000000005,10.290344860480824,1061.0098245694871,165.95331469202142,2541.6421867183344,97.09931337284729,55.78672090504565,0.0,10.7152651957406,250,65107.18878776769,0.0
410,465.82500000000005,10.298019608057261,1059.9446751061907,165.79014139038657,2541.64220429898,97.09931947724725,55.75868803875386,0.0,10.715342774575008,250,65107.660165724796,0.0
411,465.83000000000004,10.305704230070466,1058.8796968677075,165.62699117228286,2541.642221879625,97.09932558164721,55.73064559872503,0.0,10.715420314508133,250,65108.13130731321,0.0
412,465.83500000000004,10.313398733388347,1057.814890480707,165.46386413180855,2541.6422394602705,97.09933168604717,55.70259358702317,0.0,10.715497815526675,250,65108.60221245211,0.0
413,465.84000000000003,10.321103124877565,1056.7502565721206,165.3007603631753,2541.642257040916,97.09933779044712,55.67453200571841,0.0,10.715575277617328,250,65109.07288106067,0.0
414,465.845,10.328817411403481,1055.6857957691423,165.13767996057373,2541.6422746215612,97.0993438948471,55.646460856887,0.0,10.715652700766794,250,65109.54331305809,0.0
415,465.85,10.33654159983016,1054.6215086992263,164.97462301831368,2541.6422922022066,97.09934999924704,55.61838014261133,0.0,10.715730084961782,250,65110.01350836359,0.0
416,465.855,10.344275697020372,1053.5573959900873,164.8115896306777,2541.642309782852,97.09935610364701,55.59028986497991,0.0,10.715807430188997,250,65110.48346689641,0.0
417,465.86,10.352019709835552,1052.493458269701,164.64857989203344,2541.6423273634973,97.09936220804697,55.562190026087386,0.0,10.71588473643515,250,65110.95318857578,0.0
418,465.865,10.359773645135833,1051.4296961663008,164.4855938967819,2541.642344944143,97.09936831244693,55.53408062803456,0.0,10.715962003686952,250,65111.422673320994,0.0
419,465.87000000000006,10.367537509779995,1050.3661103083796,164.32263173936036,2541.642362524788,97.09937441684689,55.50596167292833,0.0,10.71603923193112,250,65111.891921051305,0.0
420,465.87500000000006,10.375311310625468,1049.3027013246874,164.15969351427464,2541.6423801054334,97.09938052124684,55.477833162881765,0.0,10.716116421154375,250,65112.36093168604,0.0
421,465.88000000000005,10.383095054528344,1048.2394698442329,163.99677931599334,2541.642397686079,97.0993866256468,55.44969510001407,0.0,10.716193571343437,250,65112.82970514452,0.0
422,465.88500000000005,10.39088874834333,1047.1764164962801,163.83388923915084,2541.6424152667246,97.09939273004676,55.42154748645059,0.0,10.716270682485032,250,65113.29824134607,0.0
423,465.89000000000004,10.39869239892375,1046.1135419103489,163.6710233783088,2541.6424328473695,97.09939883444673,55.39339032432283,0.0,10.716347754565886,250,65113.76654021005,0.0
424,465.89500000000004,10.406506013121556,1045.0508467162158,163.50818182815317,2541.642450428015,97.09940493884667,55.36522361576842,0.0,10.71642478757273,250,65114.23460165583,0.0
425,465.90000000000003,10.4143295977873,1043.9883315439108,163.34536468338254,2541.6424680086607,97.09941104324665,55.33704736293115,0.0,10.716501781492298,250,65114.702425602816,0.0
426,465.90500000000003,10.422163159770095,1042.9259970237185,163.18257203871482,2541.642485589306,97.0994171476466,55.30886156796098,0.0,10.716578736311329,250,65115.17001197041,0.0
427,465.91,10.430006705917677,1041.863843786177,163.01980398895793,2541.642503169951,97.09942325204656,55.280666233013996,0.0,10.71665565201656,250,65115.63736067805,0.0
428,465.915,10.437860243076317,1040.8018724620772,162.8570606289157,2541.6425207505968,97.09942935644652,55.25246136025246,0.0,10.716732528594733,250,65116.10447164517,0.0
429,465.92,10.445723778090859,1039.7400836824609,162.69434205346744,2541.642538331242,97.09943546084648,55.224246951844805,0.0,10.716809366032596,250,65116.571344791235,0.0
430,465.925,10.453597317804691,1038.6784780786231,162.5316483575029,2541.6425559118875,97.09944156524644,55.196023009965586,0.0,10.716886164316895,250,65117.03798003573,0.0
431,465.93,10.461480869059748,1037.617056282109,162.3689796359817,2541.642573492533,97.0994476696464,55.16778953679557,0.0,10.716962923434386,250,65117.50437729817,0.0
432,465.93500000000006,10.469374438696475,1036.555818924713,162.20633598390094,2541.642591073178,97.09945377404637,55.13954653452164,0.0,10.717039643371818,250,65117.97053649806,0.0
433,465.94000000000005,10.477278033553839,1035.4947666384805,162.04371749629922,2541.6426086538236,97.09945987844631,55.111294005336894,0.0,10.71711632411595,250,65118.43645755493,0.0
434,465.94500000000005,10.485191660469335,1034.4339000557047,161.88112426823704,2541.642626234469,97.09946598284628,55.08303195144057,0.0,10.717192965653545,250,65118.90214038835,0.0
435,465.95000000000005,10.493115326278922,1033.3732198089276,161.71855639482456,2541.6426438151143,97.09947208724624,55.05476037503809,0.0,10.717269567971366,250,65119.36758491789,0.0
436,465.95500000000004,10.501049037817053,1032.312726530938,161.556013971274,2541.6426613957597,97.0994781916462,55.02647927834106,0.0,10.717346131056178,250,65119.832791063134,0.0
437,465.96000000000004,10.508992801916664,1031.252420854773,161.39349709270482,2541.642678976405,97.09948429604616,54.998188663567234,0.0,10.71742265489475,250,65120.297758743705,0.0
438,465.96500000000003,10.516946625409153,1030.192303413714,161.2310058544065,2541.642696557051,97.09949040044611,54.969888532940566,0.0,10.717499139473858,250,65120.76248787922,0.0
439,465.97,10.52491051512436,1029.1323748412888,161.0685403516546,2541.6427141376957,97.09949650484607,54.94157888869118,0.0,10.717575584780276,250,65121.22697838935,0.0
440,465.975,10.532884477890576,1028.0726357712708,160.90610067977954,2541.642731718341,97.09950260924603,54.91325973305541,0.0,10.717651990800782,250,65121.691230193734,0.0
441,465.98,10.540868520534529,1027.0130868376768,160.74368693411486,2541.6427492989865,97.099508713646,54.88493106827574,0.0,10.717728357522159,250,65122.15524321208,0.0
442,465.985,10.548862649881356,1025.9537286747677,160.581299210111,2541.6427668796323,97.09951481804595,54.85659289660086,0.0,10.717804684931194,250,65122.619017364086,0.0
443,465.99,10.556866872754602,1024.8945619170468,160.41893760316773,2541.642784460277,97.09952092244592,54.828245220285645,0.0,10.717880973014672,250,65123.08255256947,0.0
444,465.99500000000006,10.564881195976229,1023.83558719926,160.25660220881127,2541.6428020409226,97.09952702684588,54.799888041591146,0.0,10.717957221759386,250,65123.545848747985,0.0
445,466.00000000000006,10.572905626366584,1022.7768051563945,160.0942931225529,2541.6428196215684,97.09953313124583,54.77152136278464,0.0,10.71803343115213,250,65124.00890581937,0.0
446,466.00500000000005,10.580940170744377,1021.7182164236784,159.93201043992423,2541.6428372022137,97.09953923564579,54.74314518613957,0.0,10.7181096011797,250,65124.471723703435,0.0
447,466.01000000000005,10.588984835926697,1020.6598216365805,159.76975425660393,2541.6428547828586,97.09954534004575,54.7147595139356,0.0,10.7181857318289,250,65124.93430231996,0.0
448,466.01500000000004,10.597039628728997,1019.6016214308083,159.60752466820125,2541.6428723635045,97.09955144444571,54.68636434845856,0.0,10.718261823086532,250,65125.39664158878,0.0
449,466.02000000000004,10.605104555965056,1018.5436164423096,159.44532177040432,2541.64288994415,97.09955754884567,54.65795969200052,0.0,10.718337874939401,250,65125.8587414297,0.0
450,466.02500000000003,10.613179624447012,1017.485807307269,159.28314565892484,2541.642907524795,97.09956365324564,54.62954554685972,0.0,10.718413887374322,250,65126.320601762614,0.0
451,466.03000000000003,10.621264840985317,1016.4281946621093,159.12099642957253,2541.64292510544,97.09956975764558,54.601121915340634,0.0,10.718489860378103,250,65126.78222250738,0.0
452,466.035,10.629360212388736,1015.3707791434904,158.9588741781285,2541.642942686086,97.09957586204555,54.572688799753934,0.0,10.718565793937564,250,65127.2436035839,0.0
453,466.04,10.637465745464327,1014.3135613883079,158.79677900044723,2541.6429602667313,97.09958196644551,54.54424620241648,0.0,10.718641688039524,250,65127.70474491207,0.0
454,466.045,10.645581447017474,1013.2565420336931,158.63471099243674,2541.6429778473766,97.09958807084547,54.51579412565138,0.0,10.718717542670804,250,65128.16564641185,0.0
455,466.05,10.653707323851805,1012.1997217170124,158.4726702499867,2541.642995428022,97.09959417524543,54.48733257178793,0.0,10.718793357818234,250,65128.626308003186,0.0
456,466.055,10.661843382769247,1011.1431010758662,158.31065686911936,2541.6430130086674,97.09960027964539,54.45886154316164,0.0,10.71886913346864,250,65129.086729606046,0.0
457,466.06000000000006,10.669989630569969,1010.0866807480882,158.14867094577258,2541.6430305893127,97.09960638404534,54.430381042114256,0.0,10.718944869608855,250,65129.54691114042,0.0
458,466.06500000000005,10.678146074052407,1009.0304613717453,157.98671257604713,2541.643048169958,97.0996124884453,54.40189107099372,0.0,10.719020566225716,250,65130.006852526334,0.0
459,466.07000000000005,10.686312720013214,1007.9744435851358,157.82478185600428,2541.6430657506035,97.09961859284527,54.37339163215422,0.0,10.719096223306058,250,65130.46655368381,0.0
460,466.07500000000005,10.694489575247303,1006.918628026791,157.6628788817999,2541.643083331249,97.09962469724522,54.34488272795615,0.0,10.71917184083673,250,65130.92601453289,0.0
461,466.08000000000004,10.702676646547765,1005.8630153354708,157.5010037495573,2541.643100911894,97.09963080164519,54.31636436076614,0.0,10.719247418804573,250,65131.38523499367,0.0
462,466.08500000000004,10.710873940705929,1004.8076061501674,157.33915655549796,2541.64311849254,97.09963690604515,54.28783653295704,0.0,10.719322957196436,250,65131.84421498622,0.0
463,466.09000000000003,10.71908146451131,1003.752401110101,157.17733739586143,2541.643136073185,97.0996430104451,54.25929924690792,0.0,10.71939845599917,250,65132.30295443066,0.0
464,466.095,10.727299224751604,1002.6974008547205,157.01554636694482,2541.6431536538303,97.09964911484506,54.230752505004105,0.0,10.719473915199634,250,65132.76145324713,0.0
465,466.1,10.735527228212682,1001.6426060237038,156.85378356505043,2541.6431712344756,97.09965521924502,54.20219630963713,0.0,10.719549334784682,250,65133.219711355756,0.0
466,466.105,10.743765481678585,1000.5880172569548,156.69204908654777,2541.6431888151214,97.09966132364498,54.17363066320478,0.0,10.719624714741181,250,65133.67772867674,0.0
467,466.11,10.752013991931495,999.5336351946053,156.53034302782044,2541.6432063957664,97.09966742804494,54.14505556811107,0.0,10.719700055055995,250,65134.13550513026,0.0
468,466.115,10.76027276575175,998.4794604770123,156.36866548529784,2541.6432239764117,97.09967353244491,54.116471026766256,0.0,10.719775355715988,250,65134.59304063652,0.0
469,466.12000000000006,10.768541809917812,997.4254937447588,156.20701655548456,2541.6432415570575,97.09967963684485,54.08787704158683,0.0,10.719850616708037,250,65135.05033511577,0.0
470,466.12500000000006,10.77682113120625,996.371735638651,156.04539633487045,2541.643259137703,97.09968574124483,54.05927361499553,0.0,10.719925838019012,250,65135.50738848824,0.0
471,466.13000000000005,10.785110736391765,995.3181867997205,155.88380492002517,2541.643276718348,97.09969184564478,54.03066074942134,0.0,10.720001019635799,250,65135.964200674214,0.0
472,466.13500000000005,10.793410632247143,994.2648478692215,155.7222424075106,2541.6432942989936,97.09969795004474,54.00203844729948,0.0,10.720076161545274,250,65136.42077159399,0.0
473,466.14000000000004,10.801720825543262,993.2117194886301,155.56070889395477,2541.643311879639,97.0997040544447,53.97340671107143,0.0,10.720151263734323,250,65136.87710116788,0.0
474,466.14500000000004,10.810041323049068,992.1588022996451,155.39920447605863,2541.6433294602843,97.09971015884466,53.94476554318493,0.0,10.720226326189836,250,65137.3331893162,0.0
475,466.15000000000003,10.818372131531577,991.1060969441862,155.23772925048692,2541.6433470409293,97.09971626324462,53.916114946093934,0.0,10.720301348898706,250,65137.78903595934,0.0
476,466.15500000000003,10.826713257755868,990.0536040643931,155.0762833139793,2541.643364621575,97.09972236764457,53.88745492225869,0.0,10.720376331847826,250,65138.24464101764,0.0
477,466.16,10.83506470848505,989.0013243026252,154.91486676335293,2541.6433822022204,97.09972847204455,53.85878547414568,0.0,10.720451275024095,250,65138.700004411505,0.0
478,466.165,10.843426490480269,987.9492583014613,154.7534796953447,2541.643399782866,97.09973457644449,53.830106604227645,0.0,10.720526178414415,250,65139.155126061356,0.0
479,466.17,10.851798610500696,986.8974067036987,154.5921222069043,2541.643417363511,97.09974068084446,53.80141831498358,0.0,10.720601042005695,250,65139.610005887625,0.0
480,466.175,10.860181075303515,985.845770152351,154.43079439485177,2541.6434349441565,97.09974678524442,53.772720608898766,0.0,10.72067586578484,250,65140.06464381077,0.0
481,466.18,10.868573891643894,984.7943492906502,154.2694963561283,2541.643452524802,97.09975288964438,53.74401348846471,0.0,10.720750649738761,250,65140.51903975128,0.0
482,466.18500000000006,10.876977066275018,983.7431447620438,154.10822818769287,2541.6434701054472,97.09975899404434,53.715296956179216,0.0,10.720825393854382,250,65140.973193629645,0.0
483,466.19000000000005,10.885390605948016,982.6921572101949,153.94698998658322,2541.6434876860926,97.09976509844431,53.68657101454633,0.0,10.720900098118614,250,65141.42710536638,0.0
484,466.19500000000005,10.893814517412011,981.641387278981,153.7857818498139,2541.643505266738,97.09977120284425,53.65783566607639,0.0,10.720974762518383,250,65141.88077488205,0.0
485,466.20000000000005,10.902248807414066,980.5908356124942,153.62460387442906,2541.6435228473833,97.09977730724421,53.62909091328598,0.0,10.721049387040615,250,65142.33420209718,0.0
486,466.20500000000004,10.910693482699196,979.5405028550394,153.46345615759205,2541.643540428029,97.09978341164418,53.60033675869796,0.0,10.721123971672242,250,65142.78738693239,0.0
487,466.21000000000004,10.919148550010348,978.490389651135,153.30233879640267,2541.643558008674,97.09978951604413,53.57157320484149,0.0,10.721198516400193,250,65143.24032930827,0.0
488,466.21500000000003,10.927614016088384,977.4404966455106,153.14125188806656,2541.6435755893194,97.0997956204441,53.542800254251965,0.0,10.721273021211408,250,65143.693029145434,0.0
489,466.22,10.936089887672098,976.3908244831069,152.98019552980816,2541.6435931699652,97.09980172484406,53.514017909471086,0.0,10.721347486092824,250,65144.14548636454,0.0
490,466.225,10.944576171498161,975.3413738090754,152.81916981886877,2541.6436107506106,97.09980782924401,53.48522617304681,0.0,10.721421911031388,250,65144.59770088626,0.0
491,466.23,10.953072874301146,974.2921452687779,152.65817485256798,2541.6436283312555,97.09981393364397,53.45642504753339,0.0,10.721496296014044,250,65145.04967263127,0.0
492,466.235,10.961580002813498,973.2431395077838,152.49721072820182,2541.643645911901,97.09982003804394,53.42761453549137,0.0,10.721570641027746,250,65145.501401520305,0.0
493,466.24,10.970097563765542,972.194357171873,152.3362775431765,2541.6436634925467,97.09982614244389,53.39879463948756,0.0,10.721644946059449,250,65145.95288747408,0.0
494,466.24500000000006,10.97862556388545,971.1457989070309,152.17537539483885,2541.643681073192,97.09983224684386,53.36996536209505,0.0,10.721719211096106,250,65146.40413041336,0.0
495,466.25000000000006,10.98716400989924,970.0974653594513,152.01450438067477,2541.643698653837,97.09983835124382,53.34112670589324,0.0,10.721793436124683,250,65146.855130258904,0.0
496,466.25500000000005,10.995712908530756,969.0493571755336,151.85366459812172,2541.643716234483,97.09984445564376,53.3122786734678,0.0,10.72186762113214,250,65147.30588693152,0.0
497,466.26000000000005,11.00427226650168,968.0014750018825,151.69285614472307,2541.643733815128,97.09985056004373,53.283421267410695,0.0,10.72194176610545,250,65147.756400352024,0.0
498,466.26500000000004,11.012842090531503,966.9538194853076,151.53207911798907,2541.6437513957735,97.09985666444369,53.25455449032019,0.0,10.722015871031584,250,65148.206670441265,0.0
499,466.27000000000004,11.021422387337507,965.9063912728232,151.37133361549525,2541.643768976419,97.09986276884365,53.225678344800826,0.0,10.722089935897516,250,65148.65669712009,0.0
500,466.27500000000003,11.030013163634779,964.859191011646,151.21061973487338,2541.6437865570642,97.09986887324361,53.19679283346346,0.0,10.722163960690228,250,65149.106480309405,0.0
501,466.28000000000003,11.03861442613616,963.8122193491953,151.04993757376124,2541.6438041377096,97.09987497764358,53.16789795892523,0.0,10.722237945396703,250,65149.5560199301,0.0
502,466.285,11.047226181552286,962.7654769330932,150.88928722987237,2541.643821718355,97.09988108204352,53.13899372380959,0.0,10.722311890003924,250,65150.005315903116,0.0
503,466.29,11.055848436591537,961.7189644111618,150.72866880090044,2541.6438392990003,97.0998871864435,53.11008013074628,0.0,10.722385794498884,250,65150.45436814939,0.0
504,466.295,11.064481197960028,960.6726824314244,150.5680823845871,2541.6438568796457,97.09989329084345,53.08115718237134,0.0,10.722459658868575,250,65150.903176589905,0.0
505,466.3,11.07312447236163,959.6266316421037,150.4075280787425,2541.643874460291,97.09989939524341,53.052224881327135,0.0,10.722533483099994,250,65151.35174114564,0.0
506,466.305,11.08177826649792,958.5808126916213,150.247005981191,2541.643892040937,97.09990549964337,53.02328323026231,0.0,10.722607267180145,250,65151.80006173763,0.0
507,466.31000000000006,11.090442587068194,957.5352262285971,150.08651618976145,2541.6439096215818,97.09991160404333,52.99433223183182,0.0,10.722681011096029,250,65152.2481382869,0.0
508,466.31500000000005,11.099117440769442,956.4898729018488,149.92605880239512,2541.643927202227,97.09991770844329,52.96537188869695,0.0,10.722754714834657,250,65152.69597071453,0.0
509,466.32000000000005,11.107802834296349,955.4447533603897,149.7656339169697,2541.6439447828725,97.09992381284324,52.936402203525276,0.0,10.722828378383042,250,65153.143558941585,0.0
510,466.32500000000005,11.116498774341276,954.3998682534306,149.60524163147971,2541.6439623635183,97.09992991724322,52.90742317899069,0.0,10.722902001728198,250,65153.590902889184,0.0
511,466.33000000000004,11.125205267594248,953.3552182303766,149.444882043917,2541.643979944163,97.09993602164316,52.87843481777339,0.0,10.722975584857142,250,65154.03800247844,0.0
512,466.33500000000004,11.133922320742958,952.3108039408278,149.28455525229379,2541.6439975248086,97.09994212604313,52.84943712255991,0.0,10.7230491277569,250,65154.48485763051,0.0
513,466.34000000000003,11.142649940472726,951.266626034578,149.12426135466748,2541.6440151054544,97.09994823044309,52.820430096043076,0.0,10.723122630414498,250,65154.93146826657,0.0
514,466.345,11.151388133466511,950.2226851616139,148.96400044915043,2541.6440326860998,97.09995433484305,52.79141374092205,0.0,10.723196092816966,250,65155.37783430782,0.0
515,466.35,11.16013690640491,949.1789819721147,148.80377263388903,2541.6440502667447,97.099960439243,52.7623880599023,0.0,10.72326951495134,250,65155.82395567547,0.0
516,466.355,11.1688962659661,948.1355171164511,148.64357800701018,2541.6440678473905,97.09996654364296,52.73335305569562,0.0,10.723342896804656,250,65156.26983229077,0.0
517,466.36,11.177666218825891,947.0922912451847,148.48341666674895,2541.644085428036,97.09997264804292,52.70430873102014,0.0,10.723416238363956,250,65156.71546407497,0.0
518,466.365,11.18644677165764,946.0493050090673,148.323288711309,2541.644103008681,97.09997875244288,52.675255088600295,0.0,10.723489539616288,250,65157.16085094937,0.0
519,466.37000000000006,11.195237931132331,945.00655905904,148.1631942389721,2541.644120589326,97.09998485684285,52.64619213116684,0.0,10.723562800548699,250,65157.60599283528,0.0
520,466.37500000000006,11.204039703918474,943.9640540462324,148.00313334801686,2541.644138169972,97.0999909612428,52.617119861456885,0.0,10.723636021148241,250,65158.05088965402,0.0
521,466.38000000000005,11.21285209668215,942.9217906219618,147.84310613678917,2541.6441557506173,97.09999706564277,52.58803828221386,0.0,10.723709201401974,250,65158.49554132696,0.0
522,466.38500000000005,11.221675116086976,941.8797694377337,147.68311270365493,2541.6441733312627,97.10000317004273,52.5589473961875,0.0,10.723782341296955,250,65158.93994777547,0.0
523,466.39000000000004,11.230508768794106,940.8379911452388,147.52315314700203,2541.644190911908,97.10000927444268,52.529847206133894,0.0,10.723855440820252,250,65159.38410892096,0.0
524,466.39500000000004,11.23935306146222,939.7964563963534,147.36322756526886,2541.6442084925534,97.10001537884264,52.50073771481547,0.0,10.72392849995893,250,65159.828024684844,0.0
525,466.40000000000003,11.248208000747493,938.7551658431398,147.20333605690118,2541.6442260731988,97.1000214832426,52.471618925000975,0.0,10.724001518700064,250,65160.27169498859,0.0
526,466.40500000000003,11.257073593303602,937.7141201378433,147.04347872042158,2541.644243653844,97.10002758764256,52.4424908394655,0.0,10.724074497030728,250,65160.715119753644,0.0
527,466.41,11.265949845781718,936.6733199328934,146.88365565431644,2541.6442612344895,97.10003369204252,52.413353460990464,0.0,10.724147434938,250,65161.1582989015,0.0
528,466.415,11.274836764830484,935.6327658809013,146.72386695720087,2541.644278815135,97.10003979644249,52.38420679236364,0.0,10.724220332408967,250,65161.6012323537,0.0
529,466.42,11.283734357096003,934.5924586346613,146.56411272760255,2541.64429639578,97.10004590084243,52.355050836379135,0.0,10.724293189430714,250,65162.04392003177,0.0
530,466.425,11.292642629221833,933.5523988471479,146.4043930642018,2541.644313976426,97.1000520052424,52.325885595837384,0.0,10.724366005990333,250,65162.48636185728,0.0
531,466.43,11.301561587848965,932.512587171516,146.24470806561735,2541.644331557071,97.10005810964236,52.29671107354519,0.0,10.72443878207492,250,65162.92855775182,0.0
532,466.43500000000006,11.310491239615835,931.4730242611008,146.0850578305429,2541.6443491377163,97.10006421404232,52.26752727231569,0.0,10.724511517671571,250,65163.37050763698,0.0
533,466.44000000000005,11.319431591158283,930.433710769416,145.92544245773416,2541.6443667183617,97.10007031844228,52.23833419496835,0.0,10.724584212767391,250,65163.812211434415,0.0
534,466.44500000000005,11.328382649109567,929.3946473501528,145.7658620458944,2541.6443842990075,97.10007642284224,52.20913184432902,0.0,10.724656867349486,250,65164.25366906579,0.0
535,466.45000000000005,11.337344420100333,928.355834657181,145.60631669384338,2541.6444018796524,97.1000825272422,52.179920223229864,0.0,10.72472948140497,250,65164.69488045277,0.0
536,466.45500000000004,11.34631691075861,927.3172733445452,145.4468065003662,2541.6444194602977,97.10008863164215,52.15069933450941,0.0,10.724802054920952,250,65165.13584551708,0.0
537,466.46000000000004,11.355300127709807,926.2789640664679,145.28733156432807,2541.6444370409436,97.10009473604212,52.12146918101255,0.0,10.724874587884553,250,65165.57656418043,0.0
538,466.46500000000003,11.364294077576691,925.2409074773454,145.1278919846058,2541.644454621589,97.10010084044207,52.0922297655905,0.0,10.724947080282897,250,65166.017036364596,0.0
539,466.47,11.373298766979378,924.2031042317483,144.96848786009951,2541.644472202234,97.10010694484204,52.06298109110086,0.0,10.725019532103108,250,65166.45726199134,0.0
540,466.475,11.382314202535317,923.1655549844207,144.80911928973333,2541.6444897828796,97.100113049242,52.03372316040757,0.0,10.725091943332318,250,65166.897240982464,0.0
541,466.48,11.391340390859297,922.1282603902803,144.64978637251482,2541.644507363525,97.10011915364196,52.004455976380925,0.0,10.72516431395766,250,65167.3369732598,0.0
542,466.485,11.400377338563406,921.0912211044158,144.4904892074171,2541.6445249441704,97.10012525804191,51.97517954189758,0.0,10.725236643966271,250,65167.7764587452,0.0
543,466.49,11.409425052257053,920.0544377820879,144.33122789350296,2541.6445425248153,97.10013136244187,51.94589385984056,0.0,10.725308933345296,250,65168.21569736054,0.0
544,466.49500000000006,11.418483538546928,919.017911078727,144.17200252980805,2541.644560105461,97.10013746684183,51.91659893309925,0.0,10.72538118208188,250,65168.6546890277,0.0
545,466.50000000000006,11.42755280403701,917.981641649934,144.01281321543533,2541.6445776861065,97.10014357124179,51.88729476456938,0.0,10.725453390163173,250,65169.093433668626,0.0
546,466.50500000000005,11.436632855328533,916.9456301514783,143.8536600495112,2541.644595266752,97.10014967564176,51.857981357153065,0.0,10.725525557576328,250,65169.53193120525,0.0
547,466.51000000000005,11.44572369902001,915.9098772392972,143.69454313118592,2541.644612847397,97.1001557800417,51.82865871375877,0.0,10.725597684308505,250,65169.97018155956,0.0
548,466.51500000000004,11.454825341707185,914.8743835694961,143.5354625596213,2541.6446304280425,97.10016188444168,51.79932683730134,0.0,10.725669770346865,250,65170.408184653534,0.0
549,466.52000000000004,11.463937789983042,913.8391497983464,143.37641843407647,2541.644648008688,97.10016798884163,51.76998573070196,0.0,10.725741815678578,250,65170.845940409214,0.0
550,466.52500000000003,11.4730610504378,912.8041765822857,143.21741085378252,2541.6446655893333,97.10017409324159,51.74063539688822,0.0,10.725813820290808,250,65171.28344874862,0.0
551,466.53000000000003,11.482195129658859,911.7694645779161,143.05843991800327,2541.6446831699786,97.10018019764155,51.71127583879406,0.0,10.725885784170734,250,65171.720709593836,0.0
552,466.535,11.491340034230857,910.7350144420047,142.8995057260449,2541.644700750624,97.10018630204151,51.681907059359794,0.0,10.72595770730553,250,65172.15772286695,0.0
553,466.54,11.500495770735597,909.7008268314815,142.74060837722595,2541.6447183312694,97.10019240644147,51.65252906153211,0.0,10.726029589682383,250,65172.59448849008,0.0
554,466.545,11.509662345752071,908.6669024034401,142.58174797094887,2541.644735911915,97.10019851084142,51.623141848264055,0.0,10.726101431288479,250,65173.031006385376,0.0
555,466.55,11.518839765856427,907.633241815135,142.42292460658882,2541.64475349256,97.1002046152414,51.59374542251509,0.0,10.726173232111003,250,65173.467276475,0.0
556,466.555,11.528028037621981,906.5998457239826,142.2641383835337,2541.6447710732054,97.10021071964134,51.56433978725102,0.0,10.726244992137156,250,65173.90329868115,0.0
557,466.56000000000006,11.537227167619177,905.5667147875592,142.10538940129854,2541.6447886538513,97.10021682404131,51.53492494544403,0.0,10.726316711354134,250,65174.33907292604,0.0
558,466.56500000000005,11.5464371624156,904.5338496636014,141.9466777593248,2541.6448062344966,97.10022292844127,51.50550090007269,0.0,10.72638838974914,250,65174.77459913192,0.0
559,466.57000000000005,11.555658028575957,903.5012510100037,141.7880035571312,2541.6448238151415,97.10022903284123,51.47606765412195,0.0,10.72646002730938,250,65175.209877221045,0.0
560,466.57500000000005,11.564889772662053,902.468919484819,141.6293668942653,2541.644841395787,97.10023513724119,51.446625210583136,0.0,10.726531624022067,250,65175.64490711572,0.0
561,466.58000000000004,11.5741324012328,901.4368557462585,141.47076787027072,2541.6448589764327,97.10024124164114,51.41717357245397,0.0,10.726603179874417,250,65176.07968873826,0.0
562,466.58500000000004,11.583385920844194,900.4050604526884,141.31220658476232,2541.644876557078,97.1002473460411,51.38771274273854,0.0,10.726674694853646,250,65176.51422201101,0.0
563,466.59000000000003,11.5926503380493,899.3735342626309,141.1536831373626,2541.644894137723,97.10025345044106,51.35824272444734,0.0,10.72674616894698,250,65176.94850685632,0.0
564,466.595,11.601925659398246,898.3422778347636,140.99519762772402,2541.644911718369,97.10025955484103,51.328763520597214,0.0,10.726817602141644,250,65177.3825431966,0.0
565,466.6,11.611211891438202,897.3112918279182,140.83675015552336,2541.644929299014,97.10026565924097,51.29927513421144,0.0,10.726888994424872,250,65177.81633095429,0.0
566,466.605,11.620509040713404,896.2805769010795,140.6783408204751,2541.6449468796595,97.10027176364095,51.269777568319654,0.0,10.726960345783901,250,65178.24987005179,0.0
567,466.61,11.629817113765087,895.2501337133846,140.51996972233005,2541.644964460305,97.1002778680409,51.24027082595788,0.0,10.72703165620597,250,65178.68316041161,0.0
568,466.615,11.639136117131509,894.2199629241223,140.3616369608192,2541.6449820409503,97.10028397244086,51.21075491016855,0.0,10.727102925678322,250,65179.11620195622,0.0
569,466.62000000000006,11.648466057347937,893.1900651927336,140.2033426357616,2541.6449996215956,97.10029007684082,51.18122982400047,0.0,10.727174154188209,250,65179.54899460815,0.0
570,466.62500000000006,11.657806940946632,892.1604411788078,140.04508684700536,2541.645017202241,97.1002961812408,51.15169557050884,0.0,10.72724534172288,250,65179.98153828994,0.0
571,466.63000000000005,11.667158774456833,891.1310915420847,139.8868696943382,2541.6450347828863,97.10030228564074,51.122152152755284,0.0,10.727316488269592,250,65180.41383292417,0.0
572,466.63500000000005,11.676521564404734,890.1020169424526,139.72869127770173,2541.6450523635317,97.1003083900407,51.09259957380778,0.0,10.727387593815608,250,65180.845878433436,0.0
573,466.64000000000004,11.685895317313514,889.0732180399472,139.57055169694192,2541.645069944177,97.10031449444067,51.06303783674072,0.0,10.727458658348196,250,65181.277674740355,0.0
574,466.64500000000004,11.69528003970328,888.0446954947515,139.41245105203012,2541.6450875248224,97.10032059884061,51.0334669446349,0.0,10.72752968185462,250,65181.70922176758,0.0
575,466.65000000000003,11.704675738091064,887.0164499671947,139.25438944292543,2541.645105105468,97.10032670324058,51.003886900577506,0.0,10.727600664322159,250,65182.1405194378,0.0
576,466.65500000000003,11.714082418990836,885.9884821177508,139.09636696957477,2541.645122686113,97.10033280764054,50.97429770766211,0.0,10.72767160573809,250,65182.5715676737,0.0
577,466.66,11.723500088913484,884.960792607039,138.93838373205244,2541.6451402667585,97.1003389120405,50.94469936898872,0.0,10.727742506089694,250,65183.00236639802,0.0
578,466.665,11.732928754366778,883.9333820958223,138.78043983033461,2541.6451578474043,97.10034501644046,50.91509188766371,0.0,10.72781336536426,250,65183.43291553349,0.0
579,466.67,11.742368421855371,882.9062512450064,138.62253536454685,2541.6451754280492,97.10035112084043,50.88547526679988,0.0,10.727884183549074,250,65183.863215002915,0.0
580,466.675,11.751819097880814,881.8794007156391,138.4646704347341,2541.6451930086946,97.10035722524037,50.85584950951641,0.0,10.727954960631438,250,65184.29326472909,0.0
581,466.68,11.761280788941502,880.8528311689098,138.3068451410645,2541.6452105893404,97.10036332964035,50.826214618938906,0.0,10.728025696598648,250,65184.72306463484,0.0
582,466.68500000000006,11.770753501532695,879.8265432661482,138.1490595836448,2541.645228169986,97.1003694340403,50.79657059819938,0.0,10.728096391438008,250,65185.152614643026,0.0
583,466.69000000000005,11.780237242146482,878.8005376688242,137.9913138626594,2541.6452457506307,97.10037553844025,50.76691745043623,0.0,10.728167045136829,250,65185.581914676535,0.0
584,466.69500000000005,11.7897320172718,877.7748150385461,137.83360807832315,2541.645263331276,97.10038164284022,50.73725517879427,0.0,10.72823765768242,250,65186.010964658286,0.0
585,466.70000000000005,11.799237833394368,876.7493760370609,137.6759423308403,2541.645280911922,97.10038774724018,50.70758378642474,0.0,10.728308229062103,250,65186.43976451121,0.0
586,466.70500000000004,11.808754696996756,875.7242213262525,137.5183167204633,2541.6452984925672,97.10039385164013,50.677903276485274,0.0,10.728378759263194,250,65186.86831415826,0.0
587,466.71000000000004,11.818282614558283,874.6993515681417,137.36073134749105,2541.645316073212,97.10039995604009,50.648213652139916,0.0,10.728449248273021,250,65187.296613522434,0.0
588,466.71500000000003,11.827821592555086,873.6747674248849,137.2031863122173,2541.645333653858,97.10040606044006,50.61851491655912,0.0,10.728519696078916,250,65187.72466252675,0.0
589,466.72,11.837371637460045,872.650469558773,137.04568171495723,2541.6453512345033,97.10041216484001,50.588807072919764,0.0,10.728590102668212,250,65188.15246109426,0.0
590,466.725,11.846932755742811,871.6264586322314,136.88821765607494,2541.6453688151487,97.10041826923998,50.55909012440512,0.0,10.728660468028247,250,65188.58000914801,0.0
591,466.73,11.856504953869791,870.602735307819,136.7307942359549,2541.645386395794,97.10042437363994,50.52936407420489,0.0,10.728730792146363,250,65189.007306611114,0.0
592,466.735,11.866088238304105,869.5793002482268,136.57341155499228,2541.6454039764394,97.1004304780399,50.499628925515196,0.0,10.728801075009912,250,65189.43435340669,0.0
593,466.74,11.875682615505605,868.5561541162773,136.41606971363035,2541.645421557085,97.10043658243985,50.46988468153856,0.0,10.728871316606243,250,65189.86114945789,0.0
594,466.74500000000006,11.885288091930871,867.5332975749243,136.25876881232256,2541.64543913773,97.10044268683981,50.44013134548393,0.0,10.728941516922713,250,65190.28769468788,0.0
595,466.75000000000006,11.89490467403315,866.510731287251,136.10150895153382,2541.6454567183755,97.10044879123977,50.41036892056666,0.0,10.729011675946685,250,65190.71398901989,0.0
596,466.75500000000005,11.904532368262402,865.4884559164709,135.9442902317772,2541.645474299021,97.10045489563973,50.380597410008555,0.0,10.729081793665523,250,65191.14003237713,0.0
597,466.76000000000005,11.914171181065253,864.4664721259245,135.78711275360754,2541.645491879666,97.1004610000397,50.350816817037796,0.0,10.729151870066595,250,65191.56582468286,0.0
598,466.76500000000004,11.923821118884998,863.4447805790811,135.62997661752578,2541.645509460312,97.10046710443964,50.32102714488903,0.0,10.729221905137278,250,65191.99136586037,0.0
599,466.77000000000004,11.933482188161577,862.4233819395361,135.47288192417187,2541.645527040957,97.10047320883962,50.291228396803284,0.0,10.72929189886495,250,65192.416655832974,0.0
600,466.77500000000003,11.943154395331579,861.4022768710107,135.31582877411154,2541.6455446216023,97.10047931323957,50.26142057602804,0.0,10.729361851236995,250,65192.841694524,0.0
601,466.78000000000003,11.952837746828205,860.3814660373515,135.15881726797733,2541.6455622022477,97.10048541763953,50.23160368581717,0.0,10.729431762240798,250,65193.26648185683,0.0
602,466.785,11.962532249081296,859.3609501025295,135.00184750642575,2541.6455797828935,97.10049152203949,50.20177772943101,0.0,10.729501631863755,250,65193.69101775484,0.0
603,466.79,11.972237908517286,858.3407297306388,134.8449195901257,2541.6455973635384,97.10049762643945,50.171942710136285,0.0,10.72957146009326,250,65194.115302141465,0.0
604,466.795,11.981954731559195,857.3208055858966,134.68803361979968,2541.6456149441838,97.1005037308394,50.14209863120616,0.0,10.729641246916716,250,65194.53933494015,0.0
605,466.8,11.99168272462663,856.3011783326409,134.53118969613013,2541.6456325248296,97.10050983523936,50.11224549592024,0.0,10.729710992321527,250,65194.963116074374,0.0
606,466.805,12.001421894135781,855.2818486353323,134.3743879199135,2541.645650105475,97.10051593963934,50.08238330756454,0.0,10.729780696295105,250,65195.38664546764,0.0
607,466.81000000000006,12.01117224649937,854.2628171585498,134.21762839188784,2541.64566768612,97.10052204403928,50.05251206943151,0.0,10.729850358824864,250,65195.809923043475,0.0
608,466.81500000000005,12.020933788126685,853.2440845669931,134.0609112128624,2541.6456852667657,97.10052814843925,50.02263178482003,0.0,10.729919979898224,250,65196.23294872544,0.0
609,466.82000000000005,12.030706525423534,852.2256515254797,133.90423648364083,2541.645702847411,97.10053425283921,49.99274245703539,0.0,10.72998955950261,250,65196.65572243712,0.0
610,466.82500000000005,12.04049046479226,851.2075186989451,133.74760430509286,2541.6457204280564,97.10054035723917,49.96284408938935,0.0,10.730059097625448,250,65197.078244102144,0.0
611,466.83000000000004,12.050285612631702,850.1896867524409,133.5910147780381,2541.6457380087013,97.10054646163913,49.932936685200076,0.0,10.730128594254174,250,65197.500513644125,0.0
612,466.83500000000004,12.060091975337212,849.172156351136,133.43446800340985,2541.645755589347,97.10055256603908,49.903020247792156,0.0,10.730198049376222,250,65197.92253098677,0.0
613,466.84000000000003,12.06990955930061,848.1549281603131,133.27796408209625,2541.6457731699925,97.10055867043904,49.873094780496636,0.0,10.730267462979038,250,65198.34429605374,0.0
614,466.845,12.07973837091021,847.1380028453701,133.1215031150127,2541.645790750638,97.100564774839,49.843160286650985,0.0,10.730336835050068,250,65198.765808768796,0.0
615,466.85,12.089578416550774,846.1213810718182,132.9650852031366,2541.645808331283,97.10057087923897,49.8132167695991,0.0,10.730406165576763,250,65199.18706905567,0.0
616,466.855,12.099429702603521,845.105063505281,132.8087104474584,2541.6458259119286,97.10057698363892,49.783264232691316,0.0,10.73047545454658,250,65199.60807683814,0.0
617,466.86,12.109292235446103,844.0890508114943,132.65237894894565,2541.645843492574,97.10058308803889,49.75330267928442,0.0,10.730544701946977,250,65200.02883204004,0.0
618,466.865,12.119166021452605,843.0733436563045,132.49609080864474,2541.6458610732193,97.10058919243885,49.723332112741616,0.0,10.730613907765424,250,65200.44933458519,0.0
619,466.87000000000006,12.12905106699352,842.0579427056686,132.3398461276051,2541.6458786538647,97.1005952968388,49.69335253643255,0.0,10.730683071989388,250,65200.869584397464,0.0
620,466.87500000000006,12.138947378435756,841.0428486256528,132.18364500686403,2541.64589623451,97.10060140123876,49.66336395373331,0.0,10.730752194606344,250,65201.289581400764,0.0
621,466.88000000000005,12.14885496214259,840.0280620824311,132.02748754754208,2541.6459138151554,97.10060750563872,49.63336636802642,0.0,10.730821275603773,250,65201.709325519,0.0
622,466.88500000000005,12.158773824473705,839.0135837422863,131.87137385074206,2541.645931395801,97.10061361003868,49.60335978270085,0.0,10.730890314969157,250,65202.12881667612,0.0
623,466.89000000000004,12.168703971785133,837.9994142716072,131.7153040175765,2541.645948976446,97.10061971443864,49.573344201152,0.0,10.730959312689986,250,65202.54805479612,0.0
624,466.89500000000004,12.178645410429258,836.9855543368881,131.55927814922265,2541.6459665570915,97.10062581883861,49.54331962678171,0.0,10.731028268753754,250,65202.967039803,0.0
625,466.90000000000003,12.188598146754819,835.9720046047298,131.40329634684895,2541.6459841377373,97.10063192323855,49.51328606299827,0.0,10.731097183147957,250,65203.38577162079,0.0
626,466.90500000000003,12.198562187106884,834.9587657418363,131.2473587116472,2541.6460017183826,97.10063802763852,49.4832435132164,0.0,10.7311660558601,250,65203.80425017358,0.0
627,466.91,12.208537537826839,833.9458384150147,131.09146534485393,2541.6460192990276,97.10064413203848,49.45319198085729,0.0,10.73123488687769,250,65204.222475385446,0.0
628,466.915,12.218524205252368,832.9332232911758,130.9356163476629,2541.646036879673,97.10065023643844,49.42313146934854,0.0,10.731303676188238,250,65204.640447180514,0.0
629,466.92,12.22852219571746,831.9209210373316,130.77981182136932,2541.6460544603187,97.1006563408384,49.393061982124216,0.0,10.731372423779263,250,65205.05816548293,0.0
630,466.925,12.238531515552383,830.9089323205945,130.6240518672678,2541.646072040964,97.10066244523836,49.36298352262481,0.0,10.731441129638286,250,65205.47563021689,0.0
631,466.93,12.248552171083684,829.8972578081775,130.46833658663567,2541.646089621609,97.10066854963831,49.33289609429728,0.0,10.731509793752833,250,65205.892841306595,0.0
632,466.93500000000006,12.258584168634147,828.8858981673928,130.31266608080625,2541.646107202255,97.10067465403827,49.302799700595024,0.0,10.731578416110438,250,65206.30979867628,0.0
633,466.94000000000005,12.268627514522843,827.8748540656504,130.15704045110493,2541.6461247829,97.10068075843824,49.27269434497787,0.0,10.731646996698634,250,65206.72650225023,0.0
634,466.94500000000005,12.278682215065034,826.8641261704582,130.00145979891096,2541.6461423635456,97.10068686283819,49.24258003091211,0.0,10.731715535504962,250,65207.14295195273,0.0
635,466.95000000000005,12.288748276572235,825.8537151494204,129.84592422561877,2541.646159944191,97.10069296723816,49.212456761870484,0.0,10.73178403251697,250,65207.5591477081,0.0
636,466.95500000000004,12.298825705352158,824.8436216702377,129.69043383260103,2541.6461775248363,97.10069907163812,49.182324541332164,0.0,10.731852487722207,250,65207.97508944072,0.0
637,466.96000000000004,12.30891450770872,823.8338464007044,129.53498872129046,2541.6461951054816,97.10070517603808,49.15218337278279,0.0,10.731920901108229,250,65208.390777074936,0.0
638,466.96500000000003,12.319014689942026,822.8243900087098,129.37958899315623,2541.646212686127,97.10071128043803,49.122033259714435,0.0,10.731989272662593,250,65208.80621053519,0.0
639,466.97,12.329126258348346,821.8152531622366,129.22423474964572,2541.6462302667724,97.10071738483799,49.091874205625636,0.0,10.73205760237287,250,65209.22138974593,0.0
640,466.975,12.339249219220127,820.806436529359,129.06892609222592,2541.6462478474177,97.10072348923795,49.06170621402137,0.0,10.732125890226627,250,65209.63631463161,0.0
641,466.98,12.349383578845963,819.7979407782433,128.91366312241533,2541.646265428063,97.10072959363791,49.031529288413076,0.0,10.732194136211435,250,65210.05098511674,0.0
642,466.985,12.359529343510575,818.789766577146,128.75844594173566,2541.6462830087085,97.10073569803788,49.00134343231862,0.0,10.732262340314877,250,65210.46540112584,0.0
643,466.99,12.369686519494827,817.7819145944138,128.60327465172207,2541.646300589354,97.10074180243782,48.971148649262354,0.0,10.732330502524539,250,65210.87956258349,0.0
644,466.99500000000006,12.37985511307569,816.774385498482,128.4481493539346,2541.646318169999,97.1007479068378,48.94094494277505,0.0,10.732398622828008,250,65211.29346941428,0.0
645,467.00000000000006,12.390035130526234,815.767179957874,128.29307014997738,2541.6463357506445,97.10075401123775,48.91073231639395,0.0,10.732466701212877,250,65211.70712154282,0.0
646,467.00500000000005,12.400226578115632,814.7602986412005,128.1380371414138,2541.6463533312904,97.10076011563771,48.88051077366275,0.0,10.732534737666747,250,65212.12051889376,0.0
647,467.01000000000005,12.410429462109121,813.7537422171582,127.98305042987349,2541.6463709119353,97.10076622003767,48.85028031813159,0.0,10.73260273217722,250,65212.533661391775,0.0
648,467.01500000000004,12.420643788768022,812.7475113545295,127.82811011700745,2541.6463884925806,97.10077232443763,48.82004095335708,0.0,10.732670684731907,250,65212.94654896159,0.0
649,467.02000000000004,12.430869564349694,811.7416067221814,127.67321630443914,2541.6464060732264,97.10077842883759,48.78979268290226,0.0,10.73273859531842,250,65213.35918152794,0.0
650,467.02500000000003,12.441106795107542,810.7360289890646,127.51836909387038,2541.646423653872,97.10078453323754,48.75953551033665,0.0,10.732806463924378,250,65213.77155901559,0.0
651,467.03000000000003,12.451355487291005,809.7307788242123,127.3635685869777,2541.6464412345167,97.10079063763752,48.729269439236205,0.0,10.732874290537406,250,65214.183681349336,0.0
652,467.035,12.461615647145546,808.7258568967403,127.2088148854713,2541.646458815162,97.10079674203746,48.69899447318336,0.0,10.73294207514513,250,65214.59554845402,0.0
653,467.04,12.471887280912613,807.7212638758454,127.05410809109566,2541.646476395808,97.10080284643743,48.66871061576698,0.0,10.733009817735187,250,65215.007160254485,0.0
654,467.045,12.48217039482968,806.7170004308041,126.89944830557292,2541.6464939764533,97.10080895083739,48.63841787058241,0.0,10.733077518295213,250,65215.418516675636,0.0
655,467.05,12.492464995130176,805.7130672309726,126.74483563067078,2541.646511557098,97.10081505523735,48.60811624123142,0.0,10.73314517681285,250,65215.82961764238,0.0
656,467.055,12.502771088043511,804.7094649457857,126.59027016816518,2541.646529137744,97.1008211596373,48.57780573132227,0.0,10.733212793275747,250,65216.240463079674,0.0
657,467.06000000000006,12.513088679795043,803.706194244756,126.43575201988708,2541.6465467183893,97.10082726403726,48.547486344469675,0.0,10.73328036767156,250,65216.65105291249,0.0
658,467.06500000000005,12.523417776606102,802.7032557974725,126.28128128762785,2541.6465642990347,97.10083336843722,48.517158084294785,0.0,10.733347899987944,250,65217.06138706586,0.0
659,467.07000000000005,12.533758384693915,801.7006502736001,126.12685807319971,2541.64658187968,97.10083947283718,48.48682095442523,0.0,10.733415390212565,250,65217.471465464805,0.0
660,467.07500000000005,12.544110510271658,800.6983783428791,125.97248247850405,2541.6465994603254,97.10084557723715,48.456474958495086,0.0,10.733482838333092,250,65217.88128803441,0.0
661,467.08000000000004,12.5544741595484,799.6964406751234,125.81815460536761,2541.646617040971,97.1008516816371,48.42612010014489,0.0,10.733550244337195,250,65218.290854699764,0.0
662,467.08500000000004,12.56484933872912,798.694837940221,125.6638745556831,2541.646634621616,97.10085778603707,48.39575638302165,0.0,10.733617608212557,250,65218.700165386006,0.0
663,467.09000000000003,12.575236054014669,797.6935708081309,125.50964243136903,2541.6466522022615,97.10086389043703,48.36538381077882,0.0,10.733684929946856,250,65219.109220018305,0.0
664,467.095,12.585634311601783,796.6926399488851,125.35545833431543,2541.646669782907,97.10086999483698,48.33500238707633,0.0,10.733752209527786,250,65219.518018521856,0.0
665,467.1,12.596044117683059,795.6920460325857,125.20132236649266,2541.6466873635522,97.10087609923694,48.30461211558055,0.0,10.733819446943036,250,65219.92656082187,0.0
666,467.105,12.606465478446921,794.6917897294036,125.04723462981357,2541.646704944198,97.1008822036369,48.27421299996432,0.0,10.733886642180309,250,65220.33484684362,0.0
667,467.11,12.616898400077657,793.6918717095805,124.89319522628891,2541.646722524843,97.10088830803686,48.243805043906946,0.0,10.733953795227306,250,65220.74287651238,0.0
668,467.115,12.627342888755365,792.6922926434243,124.73920425785046,2541.6467401054883,97.10089441243682,48.213388251094194,0.0,10.734020906071736,250,65221.15064975347,0.0
669,467.12000000000006,12.637798950655958,791.6930532013112,124.58526182654539,2541.6467576861337,97.10090051683679,48.18296262521829,0.0,10.734087974701314,250,65221.55816649224,0.0
670,467.12500000000006,12.648266591951144,790.6941540536827,124.43136803436755,2541.6467752667795,97.10090662123673,48.15252816997791,0.0,10.734155001103758,250,65221.965426654075,0.0
671,467.13000000000005,12.658745818808423,789.6955958710465,124.2775229833505,2541.6467928474244,97.1009127256367,48.122084889078224,0.0,10.734221985266794,250,65222.37243016438,0.0
672,467.13500000000005,12.669236637391075,788.6973793239744,124.12372677552837,2541.64681042807,97.10091883003666,48.091632786230825,0.0,10.734288927178149,250,65222.7791769486,0.0
673,467.14000000000004,12.67973905385814,787.6995050831011,123.96997951299142,2541.6468280087156,97.10092493443662,48.06117186515378,0.0,10.734355826825558,250,65223.1856669322,0.0
674,467.14500000000004,12.690253074364401,786.7019738191253,123.81628129780552,2541.646845589361,97.10093103883658,48.03070212957165,0.0,10.734422684196762,250,65223.591900040694,0.0
675,467.15000000000003,12.700778705060392,785.704786202807,123.6626322320634,2541.646863170006,97.10093714323655,48.00022358321542,0.0,10.734489499279501,250,65223.9978761996,0.0
676,467.15500000000003,12.71131595209237,784.7079429049661,123.50903241786887,2541.6468807506517,97.1009432476365,47.96973622982256,0.0,10.734556272061532,250,65224.403595334516,0.0
677,467.16,12.721864821602297,783.7114445964843,123.35548195734569,2541.646898331297,97.10094935203645,47.93924007313699,0.0,10.734623002530606,250,65224.809057371014,0.0
678,467.165,12.732425319727856,782.7152919483012,123.20198095265731,2541.6469159119424,97.10095545643642,47.9087351169091,0.0,10.734689690674484,250,65225.21426223473,0.0
679,467.17,12.742997452602404,781.7194856314151,123.04852950592941,2541.6469334925873,97.10096156083637,47.87822136489576,0.0,10.734756336480931,250,65225.619209851335,0.0
680,467.175,12.753581226354983,780.7240263168816,122.89512771934564,2541.646951073233,97.10096766523634,47.84769882086026,0.0,10.73482293993772,250,65226.023900146516,0.0
681,467.18,12.764176647110304,779.7289146758126,122.74177569509264,2541.6469686538785,97.1009737696363,47.8171674885724,0.0,10.734889501032622,250,65226.428333045995,0.0
682,467.18500000000006,12.77478372098872,778.7341513793755,122.5884735353437,2541.646986234524,97.10097987403626,47.78662737180843,0.0,10.73495601975342,250,65226.83250847552,0.0
683,467.19000000000005,12.78540245410624,777.7397370987935,122.43522134234202,2541.6470038151692,97.10098597843621,47.75607847435105,0.0,10.735022496087902,250,65227.23642636088,0.0
684,467.19500000000005,12.796032852574491,776.7456725053419,122.2820192182923,2541.6470213958146,97.10099208283619,47.72552079998944,0.0,10.735088930023858,250,65227.640086627915,0.0
685,467.20000000000005,12.806674922500719,775.75195827035,122.12886726542762,2541.64703897646,97.10099818723613,47.69495435251923,0.0,10.735155321549085,250,65228.04348920245,0.0
686,467.20500000000004,12.817328669987784,774.7585950651985,121.97576558604113,2541.6470565571053,97.1010042916361,47.66437913574254,0.0,10.735221670651384,250,65228.44663401038,0.0
687,467.21000000000004,12.827994101134124,773.76558356132,121.82271428237405,2541.6470741377507,97.10101039603606,47.63379515346794,0.0,10.735287977318565,250,65228.84952097764,0.0
688,467.21500000000003,12.838671222033762,772.7729244301969,121.66971345671018,2541.647091718396,97.101016500436,47.60320240951046,0.0,10.735354241538438,250,65229.25215003015,0.0
689,467.22,12.8493600387763,771.7806183433602,121.51676321134191,2541.6471092990414,97.10102260483598,47.57260090769159,0.0,10.735420463298821,250,65229.65452109389,0.0
690,467.225,12.860060557446884,770.7886659723907,121.36386364858305,2541.647126879687,97.10102870923593,47.5419906518393,0.0,10.735486642587539,250,65230.05663409489,0.0
691,467.23,12.870772784126201,769.7970679889154,121.2110148707476,2541.647144460332,97.10103481363589,47.511371645788024,0.0,10.735552779392417,250,65230.458488959186,0.0
692,467.235,12.881496724890484,768.8058250646088,121.05821698018272,2541.6471620409775,97.10104091803585,47.48074389337866,0.0,10.735618873701293,250,65230.860085612854,0.0
693,467.24,12.892232385811466,767.8149378711909,120.905470079251,2541.647179621623,97.10104702243582,47.450107398458556,0.0,10.735684925502003,250,65231.261423981996,0.0
694,467.24500000000006,12.902979772956403,766.8244070804262,120.75277427028354,2541.6471972022687,97.10105312683577,47.41946216488156,0.0,10.735750934782391,250,65231.66250399275,0.0
695,467.25000000000006,12.913738892388038,765.8342333641235,120.60012965567091,2541.6472147829136,97.10105923123574,47.38880819650794,0.0,10.735816901530308,250,65232.0633255713,0.0
696,467.25500000000005,12.9245097501646,764.8444173941344,120.44753633779415,2541.647232363559,97.1010653356357,47.35814549720446,0.0,10.735882825733608,250,65232.46388864384,0.0
697,467.26000000000005,12.935292352339776,763.8549598423527,120.29499441905097,2541.6472499442048,97.10107144003565,47.32747407084435,0.0,10.735948707380151,250,65232.86419313662,0.0
698,467.26500000000004,12.946086704962726,762.8658613807132,120.14250400186282,2541.64726752485,97.10107754443561,47.29679392130729,0.0,10.736014546457803,250,65233.2642389759,0.0
699,467.27000000000004,12.956892814078051,761.8771226811914,119.99006518865647,2541.647285105495,97.10108364883557,47.26610505247944,0.0,10.736080342954436,250,65233.66402608798,0.0
700,467.27500000000003,12.967710685725779,760.8887444158021,119.83767808185766,2541.647302686141,97.10108975323553,47.23540746825341,0.0,10.736146096857924,250,65234.06355439921,0.0
701,467.28000000000003,12.978540325941372,759.900727256598,119.68534278391338,2541.647320266786,97.10109585763549,47.20470117252829,0.0,10.736211808156153,250,65234.462823835944,0.0
702,467.285,12.989381740755684,758.9130718756702,119.53305939729957,2541.6473378474316,97.10110196203546,47.17398616920963,0.0,10.736277476837007,250,65234.8618343246,0.0
703,467.29,13.00023493619497,757.9257789451455,119.38082802447438,2541.6473554280765,97.1011080664354,47.14326246220943,0.0,10.736343102888377,250,65235.26058579159,0.0
704,467.295,13.011099918280884,756.9388491371877,119.22864876791778,2541.6473730087223,97.10111417083537,47.112530055446186,0.0,10.736408686298166,250,65235.65907816341,0.0
705,467.3,13.021976693030432,755.9522831239943,119.07652173013761,2541.6473905893677,97.10112027523533,47.081788952844846,0.0,10.736474227054275,250,65236.05731136653,0.0
706,467.305,13.03286526645599,754.9660815777975,118.92444701364101,2541.647408170013,97.10112637963529,47.0510391583368,0.0,10.736539725144612,250,65236.4552853275,0.0
707,467.31000000000006,13.043765644565283,753.980245170862,118.77242472094822,2541.6474257506584,97.10113248403525,47.020280675859944,0.0,10.73660518055709,250,65236.85299997288,0.0
708,467.31500000000005,13.054677833361357,752.9947745754855,118.62045495457853,2541.6474433313037,97.1011385884352,46.98951350935861,0.0,10.736670593279632,250,65237.25045522926,0.0
709,467.32000000000005,13.065601838842596,752.0096704639952,118.46853781707809,2541.647460911949,97.10114469283516,46.9587376627836,0.0,10.736735963300161,250,65237.6476510233,0.0
710,467.32500000000005,13.076537667002688,751.0249335087507,118.31667341098238,2541.6474784925945,97.10115079723512,46.927953140092185,0.0,10.736801290606607,250,65238.04458728163,0.0
711,467.33000000000004,13.087485323830622,750.0405643821389,118.16486183888237,2541.64749607324,97.1011569016351,46.8971599452481,0.0,10.73686657518691,250,65238.441263930974,0.0
712,467.33500000000004,13.098444815310659,749.0565637565768,118.01310320334248,2541.647513653885,97.10116300603504,46.86635808222155,0.0,10.736931817029008,250,65238.837680898054,0.0
713,467.34000000000003,13.109416147422362,748.0729323045086,117.86139760692625,2541.6475312345306,97.10116911043501,46.83554755498919,0.0,10.736997016120851,250,65239.233838109634,0.0
714,467.345,13.120399326140522,747.0896706984043,117.70974515224123,2541.6475488151764,97.10117521483497,46.80472836753416,0.0,10.737062172450386,250,65239.62973549251,0.0
715,467.35,13.131394357435196,746.1067796107602,117.55814594188593,2541.6475663958213,97.10118131923493,46.77390052384604,0.0,10.737127286005578,250,65240.02537297353,0.0
716,467.355,13.142401247271684,745.1242597140977,117.40660007849772,2541.6475839764666,97.10118742363488,46.74306402792088,0.0,10.737192356774386,250,65240.42075047954,0.0
717,467.36,13.153420001610495,744.1421116809612,117.25510766467497,2541.6476015571125,97.10119352803484,46.71221888376122,0.0,10.73725738474478,250,65240.81586793745,0.0
718,467.365,13.164450626407357,743.160336183919,117.10366880304687,2541.647619137758,97.1011996324348,46.68136509537602,0.0,10.737322369904735,250,65241.21072527419,0.0
719,467.37000000000006,13.175493127613201,742.1789338955605,116.95228359628088,2541.6476367184027,97.10120573683476,46.650502666780746,0.0,10.737387312242234,250,65241.605322416726,0.0
720,467.37500000000006,13.186547511174131,741.1979054884971,116.80095214700698,2541.647654299048,97.10121184123473,46.6196316019973,0.0,10.737452211745257,250,65241.99965929206,0.0
721,467.38000000000005,13.197613783031443,740.2172516353597,116.64967455792299,2541.647671879694,97.10121794563467,46.588751905054046,0.0,10.737517068401802,250,65242.39373582722,0.0
722,467.38500000000005,13.208691949121585,739.236973008799,116.49845093164917,2541.6476894603393,97.10122405003465,46.55786357998584,0.0,10.73758188219986,250,65242.787551949295,0.0
723,467.39000000000004,13.219782015376161,738.2570702814837,116.34728137091591,2541.647707040984,97.1012301544346,46.526966630833954,0.0,10.737646653127438,250,65243.18110758536,0.0
724,467.39500000000004,13.230883987721905,737.2775441261,116.19616597837191,2541.64772462163,97.10123625883456,46.496061061646174,0.0,10.737711381172542,250,65243.574402662554,0.0
725,467.40000000000003,13.24199787208068,736.2983952153503,116.04510485673762,2541.6477422022754,97.10124236323452,46.4651468764767,0.0,10.737776066323184,250,65243.96743710806,0.0
726,467.40500000000003,13.253123674369466,735.3196242219535,115.8940981087391,2541.6477597829207,97.10124846763448,46.434224079386226,0.0,10.737840708567385,250,65244.360210849074,0.0
727,467.41,13.264261400500338,734.3412318186419,115.74314583706109,2541.647777363566,97.10125457203443,46.4032926744419,0.0,10.737905307893172,250,65244.752723812846,0.0
728,467.415,13.275411056380461,733.3632186781621,115.59224814444542,2541.6477949442115,97.10126067643439,46.37235266571732,0.0,10.737969864288573,250,65245.14497592663,0.0
729,467.42,13.28657264791209,732.3855854732736,115.44140513362332,2541.647812524857,97.10126678083437,46.341404057292564,0.0,10.738034377741624,250,65245.53696711775,0.0
730,467.425,13.29774618099251,731.408332876748,115.2906169073186,2541.647830105502,97.10127288523431,46.310446853254156,0.0,10.738098848240368,250,65245.928697313524,0.0
731,467.43,13.308931661514091,730.4314615613671,115.13988356832054,2541.6478476861475,97.10127898963428,46.27948105769508,0.0,10.73816327577285,250,65246.32016644134,0.0
732,467.43500000000006,13.320129095364225,729.454972199923,114.98920521934906,2541.647865266793,97.10128509403424,46.24850667471479,0.0,10.738227660327128,250,65246.711374428625,0.0
733,467.44000000000005,13.331338488425331,728.4788654652174,114.8385819631822,2541.6478828474383,97.1012911984342,46.21752370841919,0.0,10.738292001891258,250,65247.102321202794,0.0
734,467.44500000000005,13.342559846574845,727.5031420300588,114.68801390261216,2541.647900428084,97.10129730283415,46.186532162920656,0.0,10.738356300453303,250,65247.49300669134,0.0
735,467.45000000000005,13.353793175685214,726.5278025672646,114.53750114039968,2541.647918008729,97.10130340723411,46.155532042338,0.0,10.738420556001333,250,65247.88343082176,0.0
736,467.45500000000004,13.36503848162386,725.5528477496574,114.38704377934343,2541.6479355893744,97.10130951163407,46.12452335079653,0.0,10.738484768523428,250,65248.273593521626,0.0
737,467.46000000000004,13.376295770253183,724.5782782500651,114.23664192222844,2541.6479531700197,97.10131561603403,46.093506092427965,0.0,10.738548938007668,250,65248.66349471851,0.0
738,467.46500000000003,13.387565047430556,723.6040947413205,114.08629567187113,2541.6479707506655,97.101321720434,46.06248027137053,0.0,10.738613064442138,250,65249.05313434003,0.0
739,467.47,13.398846319008296,722.6302978962598,113.93600513107788,2541.6479883313104,97.10132782483394,46.03144589176887,0.0,10.738677147814933,250,65249.442512313835,0.0
740,467.475,13.410139590833673,721.6568883877214,113.78577040265053,2541.648005911956,97.10133392923392,46.0004029577741,0.0,10.738741188114151,250,65249.83162856762,0.0
741,467.48,13.421444868748866,720.6838668885454,113.63559158944113,2541.6480234926016,97.10134003363387,45.9693514735438,0.0,10.738805185327896,250,65250.220483029094,0.0
742,467.485,13.432762158590993,719.7112340715728,113.48546879426172,2541.648041073247,97.10134613803383,45.93829144324201,0.0,10.73886913944428,250,65250.60907562601,0.0
743,467.49,13.444091466192042,718.738990609644,113.33540211996186,2541.648058653892,97.10135224243379,45.907222871039195,0.0,10.738933050451417,250,65250.99740628617,0.0
744,467.49500000000006,13.455432797378926,717.7671371755988,113.18539166938132,2541.6480762345377,97.10135834683375,45.876145761112305,0.0,10.73899691833743,250,65251.38547493741,0.0
745,467.50000000000006,13.466786157973411,716.7956744422735,113.03543754536061,2541.648093815183,97.1013644512337,45.845060117644735,0.0,10.739060743090448,250,65251.77328150758,0.0
746,467.50500000000005,13.478151553792145,715.8246030825029,112.88553985077439,2541.6481113958284,97.10137055563366,45.813965944826336,0.0,10.739124524698601,250,65252.16082592458,0.0
747,467.51000000000005,13.489528990646619,714.8539237691168,112.73569868846548,2541.6481289764733,97.10137666003364,45.78286324685342,0.0,10.739188263150032,250,65252.54810811634,0.0
748,467.51500000000004,13.500918474343168,713.8836371749402,112.58591416131995,2541.648146557119,97.10138276443358,45.75175202792874,0.0,10.739251958432881,250,65252.93512801082,0.0
749,467.52000000000004,13.51232001068295,712.9137439727924,112.436186372197,2541.6481641377645,97.10138886883355,45.720632292261506,0.0,10.739315610535302,250,65253.32188553603,0.0
750,467.52500000000003,13.523733605461958,711.9442448354857,112.28651542399416,2541.64818171841,97.10139497323351,45.68950404406739,0.0,10.739379219445452,250,65253.70838062001,0.0
751,467.53000000000003,13.535159264470954,710.9751404358244,112.13690141957943,2541.6481992990552,97.10140107763347,45.658367287568495,0.0,10.73944278515149,250,65254.09461319082,0.0
752,467.535,13.546596993495534,710.0064314466043,111.98734446186319,2541.6482168797006,97.10140718203343,45.62722202699341,0.0,10.739506307641589,250,65254.48058317659,0.0
753,467.54,13.558046798316045,709.0381185406115,111.83784465371386,2541.648234460346,97.10141328643338,45.59606826657715,0.0,10.739569786903921,250,65254.86629050545,0.0
754,467.545,13.569508684707598,708.0702023906216,111.6884020980587,2541.6482520409913,97.10141939083334,45.56490601056117,0.0,10.739633222926665,250,65255.2517351056,0.0
755,467.55,13.580982658440073,707.102683669398,111.53901689779762,2541.6482696216367,97.1014254952333,45.53373526319341,0.0,10.73969661569801,250,65255.636916905234,0.0
756,467.555,13.592468725278088,706.1355630496923,111.38968915584127,2541.648287202282,97.10143159963327,45.50255602872823,0.0,10.739759965206144,250,65256.02183583262,0.0
757,467.56000000000006,13.603966890980988,705.1688412042422,111.24041897508972,2541.6483047829274,97.10143770403322,45.47136831142646,0.0,10.739823271439265,250,65256.406491816015,0.0
758,467.56500000000005,13.615477161302818,704.2025188057711,111.09120645848073,2541.6483223635732,97.10144380843319,45.44017211555536,0.0,10.73988653438558,250,65256.79088478378,0.0
759,467.57000000000005,13.626999541992369,703.2365965269871,110.94205170893491,2541.648339944218,97.10144991283315,45.408967445388654,0.0,10.739949754033296,250,65257.17501466425,0.0
760,467.57500000000005,13.63853403879308,702.271075040582,110.79295482938242,2541.6483575248635,97.1014560172331,45.377754305206494,0.0,10.740012930370627,250,65257.558881385834,0.0
761,467.58000000000004,13.650080657443102,701.3059550192297,110.64391592275012,2541.648375105509,97.10146212163306,45.3465326992955,0.0,10.740076063385795,250,65257.942484876956,0.0
762,467.58500000000004,13.661639403675233,700.3412371355869,110.49493509198554,2541.6483926861547,97.10146822603303,45.315302631948725,0.0,10.740139153067028,250,65258.32582506607,0.0
763,467.59000000000003,13.673210283216934,699.3769220622903,110.34601244001469,2541.6484102667996,97.10147433043298,45.284064107465674,0.0,10.740202199402558,250,65258.70890188169,0.0
764,467.595,13.684793301790302,698.4130104719571,110.19714806981158,2541.648427847445,97.10148043483294,45.2528171301523,0.0,10.740265202380625,250,65259.09171525237,0.0
765,467.6,13.696388465112078,697.449503037183,110.04834208428734,2541.648445428091,97.10148653923291,45.22156170432098,0.0,10.740328161989476,250,65259.47426510666,0.0
766,467.605,13.7079957788936,696.4864004305416,109.89959458641495,2541.648463008736,97.10149264363285,45.19029783429057,0.0,10.74039107821736,250,65259.8565513732,0.0
767,467.61,13.71961524884083,695.5237033245841,109.75090567915299,2541.648480589381,97.10149874803282,45.15902552438633,0.0,10.740453951052531,250,65260.23857398061,0.0
768,467.615,13.731246880654316,694.5614123918367,109.60227546545916,2541.648498170027,97.10150485243278,45.12774477893999,0.0,10.740516780483258,250,65260.6203328576,0.0
769,467.62000000000006,13.742890680029184,693.599528304802,109.4537040482726,2541.6485157506722,97.10151095683274,45.09645560228971,0.0,10.740579566497805,250,65261.001827932865,0.0
770,467.62500000000006,13.75454665265513,692.6380517359559,109.30519153058643,2541.6485333313176,97.1015170612327,45.06515799878009,0.0,10.74064230908445,250,65261.38305913518,0.0
771,467.63000000000005,13.7662148042164,691.6769833577475,109.15673801535739,2541.6485509119625,97.10152316563267,45.03385197276218,0.0,10.740705008231473,250,65261.764026393335,0.0
772,467.63500000000005,13.77789514039179,690.7163238425987,109.00834360556685,2541.6485684926083,97.10152927003261,45.002537528593464,0.0,10.74076766392716,250,65262.144729636166,0.0
773,467.64000000000004,13.789587666854628,689.756073862902,108.86000840415248,2541.6485860732537,97.10153537443259,44.97121467063786,0.0,10.740830276159805,250,65262.52516879252,0.0
774,467.64500000000004,13.801292389272758,688.7962340910207,108.71173251412765,2541.648603653899,97.10154147883254,44.93988340326573,0.0,10.740892844917706,250,65262.90534379132,0.0
775,467.65000000000003,13.813009313308523,687.8368051992873,108.56351603846288,2541.6486212345444,97.10154758323249,44.90854373085388,0.0,10.74095537018917,250,65263.2852545615,0.0
776,467.65500000000003,13.824738444618772,686.8777878600025,108.41535908011345,2541.6486388151898,97.10155368763246,44.877195657785535,0.0,10.741017851962505,250,65263.66490103203,0.0
777,467.66,13.836479788854815,685.9191827454349,108.26726174208494,2541.648656395835,97.10155979203242,44.84583918845037,0.0,10.741080290226034,250,65264.044283131945,0.0
778,467.665,13.84823335166245,684.9609905278193,108.1192241273672,2541.6486739764805,97.10156589643238,44.8144743272445,0.0,10.741142684968073,250,65264.42340079027,0.0
779,467.67,13.859999138681921,684.0032118793558,107.97124633891151,2541.648691557126,97.10157200083233,44.783101078570446,0.0,10.741205036176956,250,65264.802253936105,0.0
780,467.675,13.871777155547921,683.0458474722097,107.82332847974143,2541.648709137771,97.1015781052323,44.7517194468372,0.0,10.741267343841018,250,65265.18084249859,0.0
781,467.68,13.883567407889577,682.0888979785092,107.67547065282295,2541.6487267184166,97.10158420963225,44.72032943646017,0.0,10.7413296079486,250,65265.55916640685,0.0
782,467.68500000000006,13.895369901330419,681.1323640703455,107.52767296115957,2541.6487442990624,97.10159031403222,44.68893105186118,0.0,10.74139182848805,250,65265.937225590125,0.0
783,467.69000000000005,13.9071846414884,680.1762464197714,107.37993550772546,2541.6487618797073,97.10159641843218,44.65752429746851,0.0,10.74145400544772,250,65266.31501997763,0.0
784,467.69500000000005,13.919011633975863,679.2205456988003,107.23225839552224,2541.6487794603527,97.10160252283214,44.62610917771687,0.0,10.741516138815973,250,65266.692549498635,0.0
785,467.70000000000005,13.930850884399524,678.2652625794057,107.08464172755417,2541.6487970409985,97.1016086272321,44.59468569704739,0.0,10.741578228581172,250,65267.06981408246,0.0
786,467.70500000000004,13.942702398360472,677.3103977335195,106.93708560678489,2541.648814621644,97.10161473163205,44.563253859907626,0.0,10.741640274731692,250,65267.44681365845,0.0
787,467.71000000000004,13.954566181454156,676.3559518330314,106.78959013623844,2541.6488322022888,97.10162083603201,44.53181367075155,0.0,10.741702277255909,250,65267.82354815599,0.0
788,467.71500000000003,13.966442239270377,675.4019255497883,106.64215541889982,2541.648849782934,97.10162694043197,44.50036513403961,0.0,10.74176423614221,250,65268.2000175045,0.0
789,467.72,13.978330577393248,674.4483195555924,106.49478155775539,2541.64886736358,97.10163304483194,44.46890825423862,0.0,10.741826151378982,250,65268.576221633455,0.0
790,467.725,13.990231201401215,673.4951345222016,106.34746865581782,2541.6488849442253,97.10163914923189,44.437443035821865,0.0,10.741888022954626,250,65268.95216047234,0.0
791,467.73,14.002144116867024,672.5423711213269,106.20021681606264,2541.64890252487,97.10164525363186,44.405969483269025,0.0,10.741949850857543,250,65269.32783395069,0.0
792,467.735,14.014069329357719,671.5900300246326,106.0530261414938,2541.648920105516,97.10165135803182,44.37448760106623,0.0,10.74201163507614,250,65269.70324199808,0.0
793,467.74,14.026006844434633,670.6381119037354,105.90589673512137,2541.6489376861614,97.10165746243177,44.34299739370599,0.0,10.742073375598837,250,65270.07838454412,0.0
794,467.74500000000006,14.037956667653354,669.6866174302022,105.75882869990313,2541.6489552668068,97.10166356683173,44.3114988656873,0.0,10.742135072414053,250,65270.453261518465,0.0
795,467.75000000000006,14.049918804563736,668.7355472755509,105.61182213886997,2541.648972847452,97.10166967123169,44.27999202151552,0.0,10.742196725510217,250,65270.82787285081,0.0
796,467.75500000000005,14.061893260709883,667.7849021112474,105.46487715500022,2541.6489904280975,97.10167577563165,44.24847686570245,0.0,10.742258334875762,250,65271.20221847085,0.0
797,467.76000000000005,14.073880041630112,666.8346826087071,105.31799385129617,2541.649008008743,97.1016818800316,44.216953402766315,0.0,10.742319900499131,250,65271.57629830838,0.0
798,467.76500000000004,14.085879152856974,665.884889439291,105.17117233074062,2541.649025589388,97.10168798443158,44.185421637231755,0.0,10.742381422368767,250,65271.950112293176,0.0
799,467.77000000000004,14.097890599917228,664.9355232743073,105.02441269632124,2541.6490431700336,97.10169408883152,44.153881573629825,0.0,10.742442900473128,250,65272.3236603551,0.0
800,467.77500000000003,14.109914388331829,663.9865847850095,104.87771505104423,2541.649060750679,97.1017001932315,44.12233321649799,0.0,10.742504334800666,250,65272.696942423994,0.0
801,467.78000000000003,14.121950523615903,663.0380746425943,104.73107949786953,2541.6490783313243,97.10170629763145,44.09077657038015,0.0,10.74256572533985,250,65273.069958429805,0.0
802,467.785,14.133999011278755,662.0899935182027,104.58450613983455,2541.64909591197,97.10171240203141,44.05921163982659,0.0,10.742627072079154,250,65273.44270830248,0.0
803,467.79,14.146059856823852,661.1423420829174,104.4379950798666,2541.649113492615,97.10171850643137,44.02763842939403,0.0,10.742688375007054,250,65273.815191972004,0.0
804,467.795,14.158133065748796,660.1951210077624,104.29154642099583,2541.6491310732604,97.10172461083133,43.9960569436456,0.0,10.742749634112034,250,65274.1874093684,0.0
805,467.8,14.170218643545319,659.248330963702,104.14516026617865,2541.6491486539057,97.10173071523128,43.96446718715083,0.0,10.742810849382586,250,65274.55936042176,0.0
806,467.805,14.182316595699287,658.3019726216403,103.99883671840853,2541.6491662345516,97.10173681963124,43.93286916448567,0.0,10.742872020807205,250,65274.93104506216,0.0
807,467.81000000000006,14.19442692769067,657.3560466524194,103.85257588065171,2541.6491838151965,97.10174292403121,43.90126288023249,0.0,10.742933148374398,250,65275.30246321977,0.0
808,467.81500000000005,14.206549644993522,656.4105537268186,103.70637785589632,2541.649201395842,97.10174902843116,43.86964833898003,0.0,10.74299423207267,250,65275.67361482476,0.0
809,467.82000000000005,14.218684753075994,655.465494515554,103.5602427471096,2541.6492189764876,97.10175513283113,43.83802554532347,0.0,10.74305527189054,250,65276.04449980736,0.0
810,467.82500000000005,14.2308322574003,654.5208696892767,103.41417065726112,2541.649236557133,97.10176123723109,43.8063945038644,0.0,10.743116267816529,250,65276.415118097815,0.0
811,467.83000000000004,14.242992163422713,653.5766799185726,103.26816168933074,2541.649254137778,97.10176734163105,43.77475521921078,0.0,10.743177219839167,250,65276.78546962644,0.0
812,467.83500000000004,14.255164476593553,652.632925873961,103.1222159462716,2541.6492717184233,97.101773446031,43.74310769597701,0.0,10.743238127946988,250,65277.15555432357,0.0
813,467.84000000000003,14.26734920235717,651.6896082258934,102.97633353104855,2541.649289299069,97.10177955043096,43.71145193878388,0.0,10.743298992128535,250,65277.525372119584,0.0
814,467.845,14.279546346151939,650.7467276447533,102.83051454662687,2541.6493068797145,97.10178565483092,43.67978795225857,0.0,10.743359812372354,250,65277.89492294489,0.0
815,467.85,14.291755913410244,649.8042848008539,102.68475909596488,2541.6493244603594,97.10179175923088,43.64811574103468,0.0,10.743420588667,250,65278.264206729946,0.0
816,467.855,14.303977909558458,648.8622803644389,102.53906728199377,2541.649342041005,97.10179786363085,43.6164353097522,0.0,10.743481321001035,250,65278.633223405246,0.0
817,467.86,14.316212340016946,647.9207150056799,102.39343920769433,2541.6493596216505,97.1018039680308,43.58474666305751,0.0,10.743542009363026,250,65279.00197290133,0.0
818,467.865,14.328459210200037,646.9795893946763,102.24787497599569,2541.649377202296,97.10181007243077,43.55304980560339,0.0,10.743602653741544,250,65279.37045514876,0.0
819,467.87000000000006,14.340718525516015,646.0389042014539,102.10237468983688,2541.6493947829413,97.10181617683072,43.52134474204903,0.0,10.743663254125172,250,65279.73867007816,0.0
820,467.87500000000006,14.352990291367131,645.0986600959644,101.9569384521699,2541.6494123635866,97.10182228123068,43.48963147706001,0.0,10.743723810502495,250,65280.10661762016,0.0
821,467.88000000000005,14.36527451314955,644.158857748084,101.8115663659159,2541.649429944232,97.10182838563064,43.45791001530828,0.0,10.743784322862107,250,65280.47429770546,0.0
822,467.88500000000005,14.377571196253358,643.2194978276119,101.66625853402049,2541.6494475248774,97.1018344900306,43.42618036147221,0.0,10.743844791192608,250,65280.841710264795,0.0
823,467.89000000000004,14.389880346062558,642.280581004271,101.52101505938515,2541.6494651055227,97.10184059443056,43.39444252023656,0.0,10.743905215482599,250,65281.20885522893,0.0
824,467.89500000000004,14.40220196795505,641.3421079477054,101.37583604495711,2541.649482686168,97.10184669883051,43.362696496292465,0.0,10.743965595720697,250,65281.575732528654,0.0
825,467.90000000000003,14.414536067302613,640.4040793274794,101.23072159363922,2541.6495002668134,97.10185280323049,43.33094229433744,0.0,10.74402593189552,250,65281.94234209483,0.0
826,467.90500000000003,14.426882649470897,639.4664958130774,101.08567180833927,2541.6495178474593,97.10185890763043,43.29917991907542,0.0,10.744086223995692,250,65282.30868385835,0.0
827,467.91,14.439241719819423,638.5293580739025,100.94068679197474,2541.649535428104,97.1018650120304,43.26740937521671,0.0,10.744146472009849,250,65282.67475775014,0.0
828,467.915,14.451613283701535,637.5926667792756,100.79576664744565,2541.6495530087495,97.10187111643036,43.235630667477984,0.0,10.744206675926623,250,65283.04056370114,0.0
829,467.92,14.463997346464435,636.656422598434,100.6509114776406,2541.649570589395,97.10187722083032,43.20384380058233,0.0,10.744266835734665,250,65283.406101642395,0.0
830,467.925,14.476393913449138,635.7206262005309,100.50612138546475,2541.6495881700407,97.10188332523028,43.17204877925918,0.0,10.744326951422622,250,65283.77137150491,0.0
831,467.93,14.488802989990468,634.7852782546339,100.36139647379163,2541.6496057506856,97.10188942963023,43.14024560824439,0.0,10.744387022979152,250,65284.13637321979,0.0
832,467.93500000000006,14.501224581417045,633.850379429725,100.21673684550845,2541.649623331331,97.10189553403019,43.10843429228017,0.0,10.744447050392925,250,65284.50110671817,0.0
833,467.94000000000005,14.513658693051264,632.9159303946983,100.072142603482,2541.649640911977,97.10190163843015,43.07661483611512,0.0,10.744507033652607,250,65284.8655719312,0.0
834,467.94500000000005,14.526105330209317,631.9819318183601,99.92761385059909,2541.649658492622,97.10190774283012,43.0447872445042,0.0,10.744566972746878,250,65285.22976879009,0.0
835,467.95000000000005,14.538564498201138,631.0483843694268,99.78315068970261,2541.649676073267,97.10191384723007,43.01295152220876,0.0,10.744626867664419,250,65285.593697226075,0.0
836,467.95500000000004,14.551036202330405,630.1152887165256,99.63875322366619,2541.649693653913,97.10191995163004,42.98110767399651,0.0,10.744686718393924,250,65285.95735717044,0.0
837,467.96000000000004,14.563520447894554,629.1826455281913,99.49442155533919,2541.6497112345583,97.10192605603,42.949255704641566,0.0,10.744746524924091,250,65286.32074855452,0.0
838,467.96500000000003,14.57601724018471,628.2504554728673,99.3501557875381,2541.6497288152036,97.10193216042995,42.91739561892438,0.0,10.744806287243621,250,65286.68387130967,0.0
839,467.97,14.588526584485733,627.3187192189035,99.20595602313749,2541.6497463958485,97.10193826482991,42.88552742163179,0.0,10.744866005341228,250,65287.046725367305,0.0
840,467.975,14.601048486076175,626.3874374345555,99.06182236493508,2541.6497639764943,97.10194436922987,42.85365111755701,0.0,10.744925679205627,250,65287.40931065887,0.0
841,467.98,14.613582950228265,625.4566107879839,98.91775491578545,2541.6497815571397,97.10195047362983,42.82176671149959,0.0,10.744985308825543,250,65287.77162711584,0.0
842,467.985,14.626129982207921,624.5262399472527,98.77375377848858,2541.649799137785,97.10195657802979,42.789874208265495,0.0,10.745044894189707,250,65288.13367466975,0.0
843,467.99,14.638689587274701,623.5963255803293,98.62981905584233,2541.6498167184304,97.10196268242976,42.757973612667016,0.0,10.745104435286855,250,65288.49545325216,0.0
844,467.99500000000006,14.65126177068183,622.6668683550822,98.48595085068767,2541.649834299076,97.1019687868297,42.72606492952282,0.0,10.745163932105733,250,65288.85696279468,0.0
845,468.00000000000006,14.663846537676159,621.7378689392814,98.34214926578998,2541.649851879721,97.10197489122967,42.69414816365796,0.0,10.74522338463509,250,65289.21820322896,0.0
846,468.00500000000005,14.676443893498156,620.8093280005962,98.19841440393058,2541.6498694603665,97.10198099562963,42.662223319903795,0.0,10.745282792863682,250,65289.57917448668,0.0
847,468.01000000000005,14.689053843381918,619.8812462065948,98.05474636791067,2541.649887041012,97.10198710002959,42.63029040309809,0.0,10.745342156780273,250,65289.93987649957,0.0
848,468.01500000000004,14.701676392555122,618.9536242247433,97.911145260497,2541.6499046216572,97.10199320442955,42.59834941808494,0.0,10.745401476373639,250,65290.30030919941,0.0
849,468.02000000000004,14.714311546239047,618.0264627224043,97.76761118444591,2541.6499222023026,97.1019993088295,42.566400369714835,0.0,10.74546075163255,250,65290.66047251799,0.0
850,468.02500000000003,14.726959309648535,617.0997623668369,97.62414424252216,2541.6499397829484,97.10200541322946,42.534443262844576,0.0,10.745519982545794,250,65291.02036638718,0.0
851,468.03000000000003,14.739619687991985,616.173523825194,97.48074453746237,2541.6499573635933,97.10201151762942,42.50247810233733,0.0,10.745579169102161,250,65291.37999073885,0.0
852,468.035,14.75229268647136,615.2477477645232,97.33741217201789,2541.6499749442387,97.1020176220294,42.47050489306263,0.0,10.745638311290449,250,65291.73934550496,0.0
853,468.04,14.76497831028215,614.3224348517647,97.19414724890188,2541.6499925248845,97.10202372642934,42.438523639896346,0.0,10.745697409099462,250,65292.098430617465,0.0
854,468.045,14.777676564613369,613.3975857537498,97.05094987085624,2541.65001010553,97.10202983082931,42.4065343477207,0.0,10.74575646251801,250,65292.45724600839,0.0
855,468.05,14.79038745464754,612.4732011372016,96.90782014058158,2541.650027686175,97.10203593522927,42.37453702142427,0.0,10.745815471534913,250,65292.815791609784,0.0
856,468.055,14.803110985560693,611.5492816687323,96.76475816079258,2541.65004526682,97.10204203962923,42.34253166590196,0.0,10.745874436138994,250,65293.17406735374,0.0
857,468.06000000000006,14.815847162522347,610.6258280148433,96.62176403418117,2541.650062847466,97.10204814402918,42.310518286055036,0.0,10.745933356319085,250,65293.532073172406,0.0
858,468.06500000000005,14.82859599069548,609.7028408419233,96.47883786341957,2541.6500804281113,97.10205424842914,42.278496886791096,0.0,10.745992232064024,250,65293.88980899795,0.0
859,468.07000000000005,14.841357475236551,608.780320816248,96.33597975120456,2541.6500980087562,97.1020603528291,42.2464674730241,0.0,10.746051063362655,250,65294.247274762594,0.0
860,468.07500000000005,14.854131621295451,607.8582686039795,96.193189800191,2541.650115589402,97.10206645722906,42.214430049674306,0.0,10.74610985020383,250,65294.604470398604,0.0
861,468.08000000000004,14.866918434015519,606.9366848711635,96.05046811303353,2541.6501331700474,97.10207256162903,42.18238462166835,0.0,10.746168592576408,250,65294.96139583829,0.0
862,468.08500000000004,14.87971791853352,606.0155702837302,95.90781479239038,2541.650150750693,97.10207866602897,42.15033119393918,0.0,10.746227290469255,250,65295.31805101398,0.0
863,468.09000000000003,14.892530079979627,605.0949255074925,95.76522994089899,2541.650168331338,97.10208477042895,42.1182697714261,0.0,10.746285943871241,250,65295.67443585807,0.0
864,468.095,14.90535492347742,604.174751208145,95.62271366117365,2541.6501859119835,97.1020908748289,42.086200359074724,0.0,10.746344552771246,250,65296.03055030299,0.0
865,468.1,14.918192454143853,603.2550480512629,95.48026605583449,2541.650203492629,97.10209697922886,42.054122961837024,0.0,10.746403117158158,250,65296.3863942812,0.0
866,468.105,14.931042677089271,602.3358167023015,95.33788722750248,2541.650221073274,97.10210308362882,42.02203758467127,0.0,10.746461637020868,250,65296.741967725226,0.0
867,468.11,14.94390559741737,601.4170578265941,95.19557727876011,2541.6502386539196,97.10210918802879,41.98994423254208,0.0,10.746520112348273,250,65297.0972705676,0.0
868,468.115,14.95678122022521,600.4987720893528,95.05333631220073,2541.650256234565,97.10211529242873,41.957842910420396,0.0,10.746578543129283,250,65297.45230274093,0.0
869,468.12000000000006,14.969669550603179,599.5809601556654,94.9111644303861,2541.6502738152103,97.1021213968287,41.925733623283485,0.0,10.74663692935281,250,65297.80706417785,0.0
870,468.12500000000006,14.982570593634987,598.6636226904958,94.76906173589822,2541.6502913958557,97.10212750122867,41.893616376114934,0.0,10.746695271007775,250,65298.16155481103,0.0
871,468.13000000000005,14.995484354397677,597.7467603586828,94.62702833127547,2541.650308976501,97.10213360562861,41.86149117390466,0.0,10.746753568083104,250,65298.5157745732,0.0
872,468.13500000000005,15.008410837961568,596.8303738249383,94.48506431907266,2541.6503265571464,97.10213971002858,41.829358021648886,0.0,10.746811820567734,250,65298.869723397125,0.0
873,468.14000000000004,15.02135004939029,595.9144637538476,94.34316980180346,2541.6503441377918,97.10214581442854,41.79721692435016,0.0,10.746870028450601,250,65299.223401215604,0.0
874,468.14500000000004,15.034301993740737,594.9990308098673,94.20134488199008,2541.6503617184376,97.1021519188285,41.76506788701735,0.0,10.746928191720656,250,65299.57680796147,0.0
875,468.15000000000003,15.047266676063074,594.0840756573247,94.05958966214523,2541.6503792990825,97.10215802322845,41.73291091466564,0.0,10.746986310366854,250,65299.92994356764,0.0
876,468.15500000000003,15.060244101400707,593.1695989604164,93.91790424476822,2541.650396879728,97.10216412762843,41.700746012316515,0.0,10.747044384378155,250,65300.282807967014,0.0
877,468.16,15.0732342747903,592.2556013832082,93.77628873232953,2541.6504144603737,97.10217023202837,41.668573184997776,0.0,10.747102413743528,250,65300.63540109257,0.0
878,468.165,15.086237201261731,591.342083589633,93.63474322731726,2541.650432041019,97.10217633642834,41.63639243774354,0.0,10.74716039845195,250,65300.98772287734,0.0
879,468.17,15.099252885838094,590.4290462434908,93.49326783217462,2541.650449621664,97.1021824408283,41.60420377559423,0.0,10.747218338492402,250,65301.339773254374,0.0
880,468.175,15.112281333535687,589.5164900084468,93.3518626493479,2541.6504672023093,97.10218854522824,41.572007203596556,0.0,10.747276233853876,250,65301.691552156764,0.0
881,468.18,15.125322549364004,588.6044155480307,93.21052778128065,2541.650484782955,97.10219464962822,41.53980272680357,0.0,10.747334084525367,250,65302.04305951765,0.0
882,468.18500000000006,15.138376538325705,587.6928235256362,93.06926333037698,2541.6505023636005,97.10220075402817,41.50759035027459,0.0,10.747391890495878,250,65302.394295270235,0.0
883,468.19000000000005,15.151443305416631,586.7817146045194,92.92806939906696,2541.6505199442454,97.10220685842813,41.475370079075255,0.0,10.74744965175442,250,65302.74525934773,0.0
884,468.19500000000005,15.164522855625755,585.8710894477974,92.78694608974465,2541.650537524891,97.10221296282809,41.44314191827749,0.0,10.74750736829001,250,65303.09595168341,0.0
885,468.20000000000005,15.177615193935221,584.9609487184489,92.64589350477125,2541.6505551055366,97.10221906722806,41.410905872959525,0.0,10.747565040091676,250,65303.44637221059,0.0
886,468.20500000000004,15.190720325320278,584.0512930793108,92.50491174653251,2541.650572686182,97.102225171628,41.37866194820588,0.0,10.747622667148446,250,65303.79652086261,0.0
887,468.21000000000004,15.203838254749291,583.1421231930792,92.36400091737846,2541.6505902668273,97.10223127602798,41.346410149107385,0.0,10.74768024944936,250,65304.146397572884,0.0
888,468.21500000000003,15.216968987183739,582.2334397223083,92.22316111965395,2541.6506078474727,97.10223738042794,41.314150480761135,0.0,10.747737786983462,250,65304.49600227485,0.0
889,468.22,15.2301125275782,581.3252433294073,92.08239245568342,2541.650625428118,97.1022434848279,41.28188294827053,0.0,10.747795279739808,250,65304.845334901984,0.0
890,468.225,15.243268880880317,580.4175346766418,91.94169502777707,2541.6506430087634,97.10224958922785,41.24960755674525,0.0,10.747852727707455,250,65305.19439538783,0.0
891,468.23,15.256438052030791,579.5103144261318,91.80106893825028,2541.6506605894087,97.10225569362781,41.21732431130126,0.0,10.747910130875473,250,65305.54318366594,0.0
892,468.235,15.269620045963409,578.6035832398502,91.66051428938079,2541.650678170054,97.10226179802777,41.18503321706083,0.0,10.747967489232934,250,65305.89169966993,0.0
893,468.24,15.282814867604978,577.6973417796228,91.52003118343856,2541.6506957506995,97.10226790242773,41.15273427915248,0.0,10.748024802768919,250,65306.239943333465,0.0
894,468.24500000000006,15.296022521875342,576.7915907071265,91.37961972268593,2541.6507133313453,97.1022740068277,41.12042750271103,0.0,10.748082071472517,250,65306.587914590236,0.0
895,468.25000000000006,15.309243013687349,575.8863306838888,91.23928000935543,2541.65073091199,97.10228011122764,41.088112892877575,0.0,10.748139295332823,250,65306.935613373986,0.0
896,468.25500000000005,15.322476347946887,574.9815623712858,91.09901214569283,2541.6507484926356,97.10228621562761,41.05579045479948,0.0,10.748196474338938,250,65307.28303961849,0.0
897,468.26000000000005,15.335722529552802,574.0772864305428,90.95881623390576,2541.650766073281,97.10229232002757,41.02346019363038,0.0,10.748253608479974,250,65307.630193257595,0.0
898,468.26500000000004,15.348981563396931,573.173503522732,90.8186923761822,2541.6507836539267,97.10229842442753,40.9911221145302,0.0,10.748310697745048,250,65307.977074225164,0.0
899,468.27000000000004,15.362253454364097,572.2702143087716,90.6786406747195,2541.6508012345716,97.10230452882749,40.95877622266512,0.0,10.74836774212328,250,65308.32368245511,0.0
900,468.27500000000003,15.375538207332054,571.3674194494257,90.53866123167512,2541.650818815217,97.10231063322745,40.9264225232076,0.0,10.748424741603804,250,65308.67001788139,0.0
901,468.28000000000003,15.388835827171524,570.465119605302,90.39875414921572,2541.650836395863,97.1023167376274,40.89406102133634,0.0,10.748481696175759,250,65309.016080438014,0.0
902,468.285,15.402146318746144,569.5633154368517,90.25891952945608,2541.650853976508,97.10232284202736,40.861691722236344,0.0,10.748538605828289,250,65309.36187005903,0.0
903,468.29,15.415469686912475,568.662007604368,90.11915747455612,2541.650871557153,97.10232894642733,40.829314631098846,0.0,10.748595470550546,250,65309.70738667852,0.0
904,468.295,15.428805936519993,567.7611967679854,89.9794680865741,2541.650889137799,97.10233505082728,40.79692975312134,0.0,10.748652290331691,250,65310.052630230624,0.0
905,468.3,15.442155072411067,566.8608835876786,89.83985146763588,2541.6509067184443,97.10234115522725,40.764537093507606,0.0,10.748709065160888,250,65310.3976006495,0.0
906,468.305,15.455517099420932,565.9610687232614,89.70030771980062,2541.6509242990896,97.10234725962721,40.732136657467656,0.0,10.748765795027317,250,65310.7422978694,0.0
907,468.31000000000006,15.468892022377714,565.0617528343853,89.56083694512785,2541.6509418797345,97.10235336402717,40.69972845021776,0.0,10.748822479920152,250,65311.08672182456,0.0
908,468.31500000000005,15.482279846102399,564.1629365805397,89.42143924566138,2541.6509594603804,97.10235946842712,40.66731247698044,0.0,10.748879119828588,250,65311.4308724493,0.0
909,468.32000000000005,15.495680575408802,563.2646206210488,89.28211472343334,2541.6509770410257,97.10236557282708,40.63488874298448,0.0,10.748935714741817,250,65311.77474967798,0.0
910,468.32500000000005,15.509094215103588,562.3668056150732,89.14286348042594,2541.650994621671,97.10237167722704,40.602457253464884,0.0,10.748992264649043,250,65312.118353444974,0.0
911,468.33000000000004,15.522520769986237,561.4694922216065,89.00368561865132,2541.6510122023165,97.102377781627,40.57001801366293,0.0,10.749048769539476,250,65312.46168368475,0.0
912,468.33500000000004,15.535960244849031,560.5726810994757,88.86458124008259,2541.651029782962,97.10238388602697,40.53757102882613,0.0,10.749105229402335,250,65312.80474033179,0.0
913,468.34000000000003,15.549412644477066,559.6763729073397,88.72555044666458,2541.651047363607,97.10238999042691,40.50511630420822,0.0,10.749161644226845,250,65313.14752332061,0.0
914,468.345,15.562877973648218,558.7805683036881,88.58659334034957,2541.6510649442525,97.10239609482689,40.47265384506921,0.0,10.749218014002237,250,65313.490032585774,0.0
915,468.35,15.57635623713313,557.8852679468407,88.44771002304758,2541.651082524898,97.10240219922684,40.440183656675316,0.0,10.749274338717749,250,65313.83226806192,0.0
916,468.355,15.589847439695202,556.9904724949457,88.30890059667597,2541.6511001055433,97.1024083036268,40.407705744298994,0.0,10.74933061836263,250,65314.1742296837,0.0
917,468.36,15.603351586090607,556.09618260598,88.17016516311594,2541.6511176861886,97.10241440802676,40.37522011321896,0.0,10.749386852926131,250,65314.51591738581,0.0
918,468.365,15.616868681068217,555.2023989377466,88.03150382424373,2541.6511352668344,97.10242051242672,40.34272676872011,0.0,10.749443042397514,250,65314.85733110301,0.0
919,468.37000000000006,15.630398729369661,554.3091221478742,87.89291668189502,2541.6511528474794,97.10242661682668,40.310225716093626,0.0,10.74949918676605,250,65315.1984707701,0.0
920,468.37500000000006,15.643941735729259,553.4163528938168,87.75440383791772,2541.6511704281247,97.10243272122663,40.277716960636866,0.0,10.749555286021014,250,65315.53933632191,0.0
921,468.38000000000005,15.65749770487405,552.5240918328517,87.61596539410401,2541.6511880087705,97.1024388256266,40.24520050765344,0.0,10.749611340151688,250,65315.879927693335,0.0
922,468.38500000000005,15.671066641523735,551.6323396220794,87.4776014522863,2541.651205589416,97.10244493002655,40.21267636245318,0.0,10.749667349147366,250,65316.2202448193,0.0
923,468.39000000000004,15.684648550390722,550.7410969184212,87.33931211420334,2541.651223170061,97.10245103442652,40.18014453035212,0.0,10.74972331299734,250,65316.56028763476,0.0
924,468.39500000000004,15.698243436180048,549.8503643786202,87.20109748164465,2541.651240750706,97.10245713882648,40.14760501667253,0.0,10.749779231690919,250,65316.90005607475,0.0
925,468.40000000000003,15.711851303589432,548.9601426592382,87.06295765633251,2541.651258331352,97.10246324322644,40.115057826742884,0.0,10.749835105217418,250,65317.23955007434,0.0
926,468.40500000000003,15.725472157309214,548.0704324166559,86.92489274000063,2541.6512759119973,97.1024693476264,40.082502965897866,0.0,10.749890933566153,250,65317.57876956862,0.0
927,468.41,15.739106002022368,547.1812343070717,86.78690283433272,2541.6512934926423,97.10247545202635,40.049940439478384,0.0,10.749946716726452,250,65317.917714492745,0.0
928,468.415,15.752752842404474,546.2925489865003,86.64898804102862,2541.651311073288,97.10248155642631,40.01737025283155,0.0,10.75000245468765,250,65318.256384781926,0.0
929,468.42,15.76641268312372,545.4043771107723,86.51114846173869,2541.6513286539334,97.10248766082627,39.98479241131066,0.0,10.750058147439091,250,65318.59478037139,0.0
930,468.425,15.780085528840896,544.5167193355321,86.3733841981132,2541.651346234579,97.10249376522624,39.95220692027524,0.0,10.750113794970124,250,65318.93290119644,0.0
931,468.43,15.793771384209343,543.6295763162382,86.23569535178109,2541.6513638152237,97.10249986962619,39.919613785091016,0.0,10.750169397270106,250,65319.270747192386,0.0
932,468.43500000000006,15.807470253875,542.7429487081612,86.0980820243381,2541.6513813958695,97.10250597402616,39.8870130111299,0.0,10.7502249543284,250,65319.608318294624,0.0
933,468.44000000000005,15.821182142476331,541.856837166383,85.96054431735948,2541.651398976515,97.10251207842612,39.85440460377001,0.0,10.750280466134381,250,65319.94561443857,0.0
934,468.44500000000005,15.834907054644361,540.9712423457962,85.82308233243332,2541.6514165571602,97.10251818282607,39.82178856839564,0.0,10.750335932677423,250,65320.28263555968,0.0
935,468.45000000000005,15.848644995002635,540.0861649011023,85.68569617108375,2541.6514341378056,97.10252428722603,39.78916491039731,0.0,10.750391353946918,250,65320.61938159348,0.0
936,468.45500000000004,15.862395968167226,539.2016054868116,85.54838593483663,2541.651451718451,97.10253039162599,39.7565336351717,0.0,10.750446729932259,250,65320.95585247554,0.0
937,468.46000000000004,15.876159978746694,538.317564757241,85.41115172519366,2541.6514692990963,97.10253649602595,39.72389474812169,0.0,10.750502060622846,250,65321.29204814145,0.0
938,468.46500000000003,15.889937031342109,537.4340433665142,85.27399364364362,2541.6514868797417,97.1025426004259,39.69124825465634,0.0,10.75055734600809,250,65321.62796852686,0.0
939,468.47,15.903727130547018,536.5510419685597,85.1369117916458,2541.651504460387,97.10254870482588,39.65859416019089,0.0,10.75061258607741,250,65321.963613567474,0.0
940,468.475,15.917530280947439,535.6685612171103,84.99990627062925,2541.6515220410324,97.10255480922582,39.625932470146765,0.0,10.750667780820226,250,65322.29898319902,0.0
941,468.48,15.931346487121834,534.7866017657024,84.86297718202178,2541.651539621678,97.1025609136258,39.59326318995158,0.0,10.750722930225972,250,65322.634077357296,0.0
942,468.485,15.945175753641129,533.9051642676735,84.72612462722138,2541.6515572023236,97.10256701802575,39.5605863250391,0.0,10.750778034284087,250,65322.96889597813,0.0
943,468.49,15.959018085068662,533.0242493761633,84.58934870759396,2541.6515747829685,97.10257312242571,39.52790188084928,0.0,10.750833092984019,250,65323.30343899739,0.0
944,468.49500000000006,15.972873485960212,532.1438577441103,84.45264952450474,2541.651592363614,97.10257922682567,39.495209862828226,0.0,10.750888106315218,250,65323.637706351,0.0
945,468.50000000000006,15.98674196086396,531.263990024253,84.31602717927181,2541.6516099442597,97.10258533122563,39.46251027642825,0.0,10.75094307426715,250,65323.97169797495,0.0
946,468.50500000000005,16.000623514320477,530.3846468691274,84.17948177321425,2541.651627524905,97.10259143562558,39.429803127107775,0.0,10.750997996829284,250,65324.30541380524,0.0
947,468.51000000000005,16.014518150862717,529.5058289310665,84.04301340762383,2541.65164510555,97.10259754002554,39.39708842033145,0.0,10.751052873991096,250,65324.63885377793,0.0
948,468.51500000000004,16.028425875016026,528.6275368621993,83.90662218376016,2541.6516626861953,97.10260364442551,39.364366161570025,0.0,10.751107705742072,250,65324.97201782913,0.0
949,468.52000000000004,16.042346691298093,527.7497713144496,83.77030820286205,2541.651680266841,97.10260974882546,39.33163635630046,0.0,10.751162492071701,250,65325.30490589499,0.0
950,468.52500000000003,16.05628060421894,526.872532939535,83.63407156617082,2541.6516978474865,97.10261585322543,39.29889901000581,0.0,10.751217232969488,250,65325.637517911724,0.0
951,468.53000000000003,16.07022761828097,525.9958223889656,83.49791237486271,2541.6517154281314,97.10262195762539,39.26615412817535,0.0,10.751271928424934,250,65325.96985381556,0.0
952,468.535,16.084187737978873,525.1196403140437,83.36183073012637,2541.6517330087772,97.10262806202535,39.233401716304456,0.0,10.751326578427559,250,65326.30191354278,0.0
953,468.54,16.09816096779966,524.2439873658624,83.22582673309866,2541.6517505894226,97.1026341664253,39.200641779894674,0.0,10.751381182966883,250,65326.63369702975,0.0
954,468.545,16.112147312222657,523.3688641953039,83.0899004849282,2541.651768170068,97.10264027082528,39.167874324453685,0.0,10.751435742032436,250,65326.96520421284,0.0
955,468.55,16.126146775719448,522.4942714530393,82.95405208671322,2541.6517857507133,97.10264637522522,39.13509935549532,0.0,10.751490255613758,250,65327.29643502848,0.0
956,468.555,16.14015936275393,521.6202097895278,82.81828163953355,2541.6518033313587,97.10265247962518,39.102316878539554,0.0,10.751544723700393,250,65327.62738941316,0.0
957,468.56000000000006,16.154185077782227,520.7466798550145,82.68258924445746,2541.651820912004,97.10265858402515,39.06952689911248,0.0,10.751599146281894,250,65327.95806730337,0.0
958,468.56500000000005,16.16822392525275,519.8736822995303,82.54697500250386,2541.6518384926494,97.1026646884251,39.03672942274635,0.0,10.751653523347821,250,65328.28846863572,0.0
959,468.57000000000005,16.182275909606123,519.0012177728904,82.41143901470683,2541.6518560732948,97.10267079282507,39.00392445497953,0.0,10.751707854887744,250,65328.6185933468,0.0
960,468.57500000000005,16.196341035275218,518.1292869246939,82.27598138203166,2541.65187365394,97.10267689722502,38.97111200135653,0.0,10.751762140891238,250,65328.94844137328,0.0
961,468.58000000000004,16.2104193066851,517.2578904043221,82.14060220545882,2541.6518912345855,97.10268300162498,38.93829206742798,0.0,10.751816381347888,250,65329.27801265187,0.0
962,468.58500000000004,16.224510728253065,516.3870288609376,82.00530158592531,2541.6519088152313,97.10268910602494,38.905464658750624,0.0,10.751870576247283,250,65329.60730711933,0.0
963,468.59000000000003,16.23861530438858,515.5167029434831,81.87007962433547,2541.651926395876,97.10269521042491,38.87262978088735,0.0,10.751924725579025,250,65329.93632471245,0.0
964,468.595,16.252733039493297,514.6469133006815,81.7349364215925,2541.6519439765216,97.10270131482486,38.83978743940715,0.0,10.75197882933272,250,65330.265065368105,0.0
965,468.6,16.266863937961055,513.7776605810328,81.59987207855008,2541.651961557167,97.10270741922483,38.80693763988513,0.0,10.75203288749798,250,65330.59352902317,0.0
966,468.605,16.28100800417783,512.9089454328152,81.46488669607083,2541.6519791378128,97.10271352362479,38.77408038790252,0.0,10.75208690006443,250,65330.92171561459,0.0
967,468.61,16.29516524252173,512.0407685040827,81.32998037494629,2541.6519967184577,97.10271962802473,38.74121568904667,0.0,10.752140867021698,250,65331.249625079356,0.0
968,468.615,16.309335657363036,511.17313044266444,81.1951532159749,2541.652014299103,97.1027257324247,38.708343548910996,0.0,10.752194788359425,250,65331.577257354525,0.0
969,468.62000000000006,16.3235192530641,510.3060318961636,81.06040531993813,2541.652031879749,97.10273183682466,38.67546397309507,0.0,10.752248664067254,250,65331.904612377155,0.0
970,468.62500000000006,16.33771603397943,509.4394735119568,80.92573678755356,2541.652049460394,97.10273794122462,38.64257696720454,0.0,10.752302494134838,250,65332.231690084394,0.0
971,468.63000000000005,16.35192600445559,508.57345593719225,80.79114771954427,2541.652067041039,97.10274404562458,38.60968253685116,0.0,10.75235627855184,250,65332.558490413416,0.0
972,468.63500000000005,16.366149168831253,507.70797981878957,80.65663821661862,2541.652084621685,97.10275015002455,38.576780687652786,0.0,10.752410017307925,250,65332.88501330145,0.0
973,468.64000000000004,16.380385531437163,506.843045803438,80.52220837939944,2541.6521022023303,97.10275625442449,38.54387142523337,0.0,10.752463710392774,250,65333.21125868577,0.0
974,468.64500000000004,16.39463509659612,505.9786545375961,80.38785830855971,2541.6521197829757,97.10276235882446,38.510954755222926,0.0,10.752517357796071,250,65333.53722650369,0.0
975,468.65000000000003,16.408897868622965,505.11480666748986,80.2535881046912,2541.6521373636206,97.10276846322442,38.47803068325761,0.0,10.752570959507503,250,65333.86291669258,0.0
976,468.65500000000003,16.42317385182459,504.25150283911245,80.11939786838931,2541.6521549442664,97.10277456762438,38.445099214979614,0.0,10.752624515516777,250,65334.18832918987,0.0
977,468.66,16.4374630504999,503.38874369822264,79.9852877002052,2541.6521725249117,97.10278067202434,38.41216035603724,0.0,10.752678025813594,250,65334.513463933006,0.0
978,468.665,16.451765468939836,502.52652989034414,79.85125770066024,2541.652190105557,97.1027867764243,38.379214112084874,0.0,10.752731490387674,250,65334.8383208595,0.0
979,468.67,16.466081111427304,501.66486206076434,79.71730797029234,2541.6522076862025,97.10279288082425,38.34626048878297,0.0,10.75278490922874,250,65335.16289990692,0.0
980,468.675,16.48040998223723,500.8037408545331,79.58343860955145,2541.652225266848,97.10279898522421,38.313299491798055,0.0,10.752838282326524,250,65335.48720101287,0.0
981,468.68,16.494752085636506,499.9431669164625,79.44964971889372,2541.652242847493,97.10280508962418,38.280331126802736,0.0,10.752891609670762,250,65335.811224115,0.0
982,468.68500000000006,16.509107425883986,499.0831408911245,79.31594139874367,2541.6522604281386,97.10281119402413,38.24735539947569,0.0,10.752944891251202,250,65336.13496915101,0.0
983,468.69000000000005,16.523476007230492,498.2236634228509,79.18231374950385,2541.652278008784,97.1028172984241,38.21437231550165,0.0,10.7529981270576,250,65336.45843605865,0.0
984,468.69500000000005,16.53785783391876,497.3647351557324,79.04876687154686,2541.6522955894293,97.10282340282406,38.18138188057143,0.0,10.753051317079718,250,65336.78162477572,0.0
985,468.70000000000005,16.552252910183494,496.50635673361666,78.91530086519063,2541.6523131700746,97.10282950722402,38.14838410038188,0.0,10.753104461307327,250,65337.10453524007,0.0
986,468.70500000000004,16.566661240251292,495.6485288001083,78.78191583077667,2541.6523307507205,97.10283561162397,38.11537898063594,0.0,10.753157559730207,250,65337.42716738958,0.0
987,468.71000000000004,16.58108282834065,494.79125199856657,78.64861186857381,2541.6523483313654,97.10284171602393,38.08236652704257,0.0,10.75321061233814,250,65337.74952116219,0.0
988,468.71500000000003,16.595517678661988,493.93452697210586,78.51538907884381,2541.6523659120107,97.10284782042389,38.04934674531681,0.0,10.753263619120924,250,65338.0715964959,0.0
989,468.72,16.60996579541759,493.0783543635934,78.38224756182417,2541.652383492656,97.10285392482385,38.01631964117974,0.0,10.75331658006836,250,65338.393393328755,0.0
990,468.725,16.62442718280161,492.2227348156489,78.24918741769982,2541.652401073302,97.10286002922382,37.98328522035848,0.0,10.75336949517026,250,65338.71491159882,0.0
991,468.73,16.638901845000063,491.3676689706432,78.11620874666023,2541.652418653947,97.10286613362376,37.95024348858621,0.0,10.753422364416437,250,65339.03615124424,0.0
992,468.735,16.65338978619082,490.5131574706976,77.9833116488379,2541.652436234592,97.10287223802374,37.917194451602136,0.0,10.753475187796722,250,65339.357112203186,0.0
993,468.74,16.667891010543585,489.6592009576824,77.85049622435605,2541.652453815238,97.1028783424237,37.884138115151494,0.0,10.753527965300949,250,65339.6777944139,0.0
994,468.74500000000006,16.682405522219874,488.8058000732156,77.71776257329668,2541.6524713958834,97.10288444682365,37.85107448498557,0.0,10.753580696918956,250,65339.99819781466,0.0
995,468.75000000000006,16.69693332537302,487.9529554586627,77.58511079571181,2541.6524889765283,97.10289055122361,37.81800356686168,0.0,10.753633382640597,250,65340.31832234379,0.0
996,468.75500000000005,16.711474424148175,487.10066775513536,77.45254099165155,2541.652506557174,97.10289665562357,37.78492536654316,0.0,10.753686022455726,250,65340.63816793965,0.0
997,468.76000000000005,16.726028822682256,486.2489376034899,77.32005326108774,2541.6525241378195,97.10290276002353,37.75183988979939,0.0,10.753738616354212,250,65340.95773454069,0.0
998,468.76500000000004,16.74059652510396,485.3977656443267,77.18764770401053,2541.652541718465,97.10290886442348,37.718747142405746,0.0,10.753791164325929,250,65341.27702208537,0.0
999,468.77000000000004,16.755177535533765,484.5471525179888,77.05532442033119,2541.6525592991097,97.10291496882346,37.68564713014364,0.0,10.753843666360753,250,65341.5960305122,0.0
1000,468.77500000000003,16.76977185808389,483.69709886456195,76.92308350999127,2541.6525768797555,97.1029210732234,37.652539858800516,0.0,10.753896122448582,250,65341.91475975976,0.0
1001,468.78000000000003,16.784379496858282,482.84760532387156,76.79092507285668,2541.652594460401,97.10292717762337,37.61942533416978,0.0,10.75394853257931,250,65342.23320976668,0.0
1002,468.785,16.799000455952655,481.9986725354835,76.65884920877718,2541.6526120410463,97.10293328202333,37.58630356205091,0.0,10.754000896742841,250,65342.5513804716,0.0
1003,468.79,16.81363473945441,481.15030113870216,76.52685601757396,2541.6526296216916,97.10293938642329,37.553174548249345,0.0,10.754053214929094,250,65342.869271813266,0.0
1004,468.795,16.828282351442667,480.3024917725698,76.39494559903424,2541.652647202337,97.10294549082325,37.52003829857655,0.0,10.754105487127987,250,65343.18688373042,0.0
1005,468.8,16.84294329598823,479.455245075865,76.26311805291489,2541.6526647829824,97.1029515952232,37.48689481885,0.0,10.75415771332945,250,65343.50421616189,0.0
1006,468.805,16.8576175771536,478.6085616871023,76.13137347895174,2541.6526823636277,97.10295769962316,37.453744114893134,0.0,10.754209893523424,250,65343.82126904653,0.0
1007,468.81000000000006,16.872305198992954,477.7624422445305,75.9997119768346,2541.652699944273,97.10296380402312,37.42058619253541,0.0,10.754262027699852,250,65344.138042323255,0.0
1008,468.81500000000005,16.887006165552098,476.91688738613203,75.86813364624028,2541.6527175249184,97.10296990842309,37.387421057612286,0.0,10.754314115848688,250,65344.454535931014,0.0
1009,468.82000000000005,16.901720480868523,476.07189774962194,75.73663858678356,2541.652735105564,97.10297601282304,37.35424871596519,0.0,10.754366157959897,250,65344.770749808835,0.0
1010,468.82500000000005,16.916448148971327,475.22747397244643,75.60522689808401,2541.6527526862096,97.10298211722301,37.321069173441536,0.0,10.75441815402345,250,65345.086683895766,0.0
1011,468.83000000000004,16.931189173881258,474.38361669178215,75.4738986797126,2541.6527702668545,97.10298822162297,37.287882435894744,0.0,10.754470104029322,250,65345.40233813092,0.0
1012,468.83500000000004,16.945943559610658,473.5403265445354,75.34265403120662,2541.6527878475,97.10299432602292,37.254688509184184,0.0,10.7545220079675,250,65345.71771245346,0.0
1013,468.84000000000003,16.960711310163475,472.6976041673404,75.21149305207862,2541.6528054281457,97.10300043042288,37.22148739917522,0.0,10.754573865827982,250,65346.03280680258,0.0
1014,468.845,16.975492429535247,471.85545019655876,75.08041584179823,2541.652823008791,97.10300653482284,37.18827911173918,0.0,10.75462567760077,250,65346.347621117544,0.0
1015,468.85,16.990286921713103,471.0138652682784,74.94942249982024,2541.652840589436,97.1030126392228,37.155063652753356,0.0,10.754677443275872,250,65346.66215533766,0.0
1016,468.855,17.005094790675724,470.1728500183121,74.81851312555368,2541.6528581700813,97.10301874362275,37.121841028101024,0.0,10.75472916284331,250,65346.97640940227,0.0
1017,468.86,17.019916040393337,469.33240508219717,74.68768781838168,2541.652875750727,97.10302484802273,37.088611243671416,0.0,10.754780836293108,250,65347.29038325078,0.0
1018,468.865,17.03475067482774,468.49253109519384,74.5569466776449,2541.6528933313725,97.10303095242267,37.05537430535972,0.0,10.754832463615305,250,65347.60407682266,0.0
1019,468.87000000000006,17.049598697932243,467.6532286922842,74.42628980267148,2541.6529109120174,97.10303705682264,37.02213021906708,0.0,10.754884044799944,250,65347.91749005741,0.0
1020,468.87500000000006,17.06446011365168,466.8144985081713,74.29571729273445,2541.6529284926632,97.1030431612226,36.98887899070059,0.0,10.754935579837076,250,65348.230622894574,0.0
1021,468.88000000000005,17.079334925922403,465.97634117727875,74.16522924709359,2541.6529460733086,97.10304926562256,36.955620626173314,0.0,10.754987068716758,250,65348.54347527376,0.0
1022,468.88500000000005,17.094223138672234,465.1387573337481,74.03482576495536,2541.652963653954,97.10305537002252,36.922355131404245,0.0,10.755038511429063,250,65348.856047134606,0.0
1023,468.89000000000004,17.10912475582052,464.3017476114398,73.90450694551242,2541.6529812345993,97.10306147442247,36.88908251231831,0.0,10.755089907964068,250,65349.16833841685,0.0
1024,468.89500000000004,17.12403978127805,463.46531264393036,73.77427288790341,2541.6529988152447,97.10306757882243,36.85580277484641,0.0,10.755141258311852,250,65349.48034906021,0.0
1025,468.90000000000003,17.138968218947085,462.6294530645123,73.64412369125698,2541.65301639589,97.10307368322239,36.822515924925355,0.0,10.755192562462511,250,65349.7920790045,0.0
1026,468.90500000000003,17.15391007272134,461.7941695061929,73.51405945465824,2541.6530339765354,97.10307978762236,36.7892219684979,0.0,10.755243820406147,250,65350.10352818959,0.0
1027,468.91,17.168865346485976,460.9594626016931,73.38408027715349,2541.653051557181,97.1030858920223,36.755920911512725,0.0,10.755295032132869,250,65350.41469655536,0.0
1028,468.915,17.183834044117567,460.1253329834468,73.25418625776184,2541.653069137826,97.10309199642228,36.72261275992444,0.0,10.755346197632791,250,65350.72558404177,0.0
1029,468.92,17.1988161694841,459.2917812835987,73.12437749545478,2541.6530867184715,97.10309810082224,36.68929751969357,0.0,10.755397316896042,250,65351.03619058882,0.0
1030,468.925,17.213811726445,458.4588081340048,72.99465408918982,2541.6531042991173,97.1031042052222,36.655975196786585,0.0,10.755448389912756,250,65351.34651613657,0.0
1031,468.93,17.22882071885104,457.6264141662304,72.8650161378868,2541.6531218797622,97.10311030962215,36.62264579717584,0.0,10.755499416673075,250,65351.65656062512,0.0
1032,468.93500000000006,17.24384315054441,456.79460001154916,72.73546374040902,2541.6531394604076,97.10311641402211,36.58930932683963,0.0,10.755550397167148,250,65351.966323994624,0.0
1033,468.94000000000005,17.258879025358652,455.96336630094225,72.60599699560734,2541.653157041053,97.10312251842207,36.55596579176215,0.0,10.755601331385137,250,65352.27580618528,0.0
1034,468.94500000000005,17.27392834711867,455.1327136650971,72.47661600230111,2541.653174621699,97.10312862282203,36.52261519793349,0.0,10.755652219317204,250,65352.58500713734,0.0
1035,468.95000000000005,17.288991119640727,454.3026427344066,72.34732085925125,2541.6531922023437,97.103134727222,36.48925755134967,0.0,10.755703060953527,250,65352.89392679112,0.0
1036,468.95500000000004,17.3040673467324,453.4731541389681,72.21811166520874,2541.653209782989,97.10314083162194,36.455892858012575,0.0,10.755753856284292,250,65353.20256508698,0.0
1037,468.96000000000004,17.31915703219261,452.6442485085818,72.08898851887201,2541.653227363635,97.10314693602191,36.422521123930025,0.0,10.755804605299689,250,65353.5109219653,0.0
1038,468.96500000000003,17.334260179811583,451.8159264727505,71.95995151891111,2541.6532449442802,97.10315304042187,36.38914235511571,0.0,10.755855307989917,250,65353.818997366565,0.0
1039,468.97,17.349376793370844,450.988188660678,71.83100076395651,2541.653262524925,97.10315914482183,36.35575655758921,0.0,10.755905964345187,250,65354.12679123126,0.0
1040,468.975,17.364506876643212,450.16103570126813,71.70213635261752,2541.653280105571,97.10316524922179,36.322363737376,0.0,10.755956574355713,250,65354.43430349995,0.0
1041,468.98,17.379650433392797,449.33446822312374,71.57335838344734,2541.6532976862163,97.10317135362175,36.288963900507426,0.0,10.756007138011723,250,65354.74153411324,0.0
1042,468.985,17.394807467374946,448.50848685454605,71.44466695497387,2541.6533152668617,97.1031774580217,36.25555705302073,0.0,10.75605765530345,250,65355.04848301179,0.0
1043,468.99,17.409977982336294,447.6830922235329,71.31606216568346,2541.6533328475066,97.10318356242166,36.222143200959025,0.0,10.75610812622114,250,65355.355150136325,0.0
1044,468.99500000000006,17.4251619820147,446.8582849577785,71.18754411404575,2541.6533504281524,97.10318966682163,36.18872235037127,0.0,10.756158550755035,250,65355.66153542759,0.0
1045,469.00000000000006,17.44035947013926,446.0340656846714,71.05911289846107,2541.6533680087978,97.10319577122158,36.15529450731234,0.0,10.7562089288954,250,65355.96763882639,0.0
1046,469.00500000000005,17.455570450430304,445.21043503129454,70.93076861731292,2541.653385589443,97.10320187562155,36.12185967784293,0.0,10.7562592606325,250,65356.2734602736,0.0
1047,469.01000000000005,17.470794926599353,444.3873936244233,70.80251136896226,2541.6534031700885,97.10320798002151,36.08841786802962,0.0,10.756309545956613,250,65356.57899971014,0.0
1048,469.01500000000004,17.48603290234915,443.56494209052494,70.67434125170274,2541.653420750734,97.10321408442147,36.054969083944854,0.0,10.75635978485802,250,65356.884257076956,0.0
1049,469.02000000000004,17.501284381373605,442.74308105575767,70.54625836380907,2541.653438331379,97.10322018882142,36.02151333166692,0.0,10.756409977327015,250,65357.189232315075,0.0
1050,469.02500000000003,17.51654936735782,441.9218111459691,70.4182628035089,2541.6534559120246,97.10322629322138,35.988050617279946,0.0,10.7564601233539,250,65357.49392536557,0.0
1051,469.03000000000003,17.53182786397804,441.1011329866956,70.29035466901136,2541.65347349267,97.10323239762134,35.954580946873925,0.0,10.756510222928982,250,65357.798336169544,0.0
1052,469.035,17.5471198749017,440.28104720316094,70.16253405846017,2541.6534910733153,97.1032385020213,35.92110432654469,0.0,10.756560276042581,250,65358.10246466818,0.0
1053,469.04,17.56242540378734,439.46155442027583,70.03480106999726,2541.6535086539607,97.10324460642127,35.88762076239392,0.0,10.756610282685022,250,65358.4063108027,0.0
1054,469.045,17.57774445428466,438.6426552626364,69.90715580169123,2541.6535262346065,97.10325071082121,35.85413026052912,0.0,10.756660242846637,250,65358.70987451435,0.0
1055,469.05,17.593077030034458,437.82435035452306,69.77959835158839,2541.6535438152514,97.10325681522119,35.82063282706361,0.0,10.756710156517773,250,65359.013155744484,0.0
1056,469.055,17.608423134668662,437.00664031989953,69.65212881770836,2541.6535613958968,97.10326291962114,35.78712846811659,0.0,10.75676002368878,250,65359.31615443446,0.0
1057,469.06000000000006,17.62378277181028,436.1895257824122,69.52474729800974,2541.653578976542,97.1032690240211,35.75361718981305,0.0,10.75680984435002,250,65359.618870525715,0.0
1058,469.06500000000005,17.639155945073416,435.37300736538896,69.39745389043044,2541.653596557188,97.10327512842106,35.720098998283795,0.0,10.756859618491857,250,65359.92130395971,0.0
1059,469.07000000000005,17.65454265806324,434.5570856918376,69.27024869286723,2541.653614137833,97.10328123282103,35.68657389966548,0.0,10.756909346104672,250,65360.223454678,0.0
1060,469.07500000000005,17.669942914375998,433.7417613844454,69.14313180316907,2541.653631718478,97.10328733722098,35.65304190010055,0.0,10.75695902717885,250,65360.52532262215,0.0
1061,469.08000000000004,17.685356717598978,432.92703506557774,69.01610331915391,2541.653649299124,97.10329344162093,35.61950300573726,0.0,10.757008661704784,250,65360.8269077338,0.0
1062,469.08500000000004,17.700784071310515,432.1129073572771,68.88916333859596,2541.6536668797694,97.1032995460209,35.58595722272968,0.0,10.757058249672877,250,65361.12820995462,0.0
1063,469.09000000000003,17.716224979079975,431.29937888126244,68.76231195924238,2541.6536844604143,97.10330565042085,35.5524045572377,0.0,10.757107791073539,250,65361.42922922636,0.0
1064,469.095,17.73167944446774,430.4864502589274,68.63554927879011,2541.65370204106,97.10331175482082,35.518845015426976,0.0,10.757157285897192,250,65361.72996549082,0.0
1065,469.1,17.747147471025194,429.67412211133995,68.5088753948961,2541.6537196217055,97.10331785922078,35.485278603468984,0.0,10.757206734134261,250,65362.03041868981,0.0
1066,469.105,17.76262906229474,428.86239505924084,68.38229040517899,2541.653737202351,97.10332396362074,35.451705327541,0.0,10.757256135775187,250,65362.330588765246,0.0
1067,469.11,17.778124221809733,428.05126972304316,68.25579440722966,2541.6537547829957,97.1033300680207,35.41812519382606,0.0,10.757305490810412,250,65362.63047565906,0.0
1068,469.115,17.793632953094523,427.24074672283047,68.12938749858165,2541.6537723636416,97.10333617242067,35.384538208513,0.0,10.757354799230388,250,65362.93007931326,0.0
1069,469.12000000000006,17.80915525966443,426.43082667835654,68.0030697767416,2541.653789944287,97.10334227682061,35.35094437779644,0.0,10.75740406102558,250,65363.22939966988,0.0
1070,469.12500000000006,17.824691145025707,425.6215102090437,67.8768413391649,2541.6538075249323,97.10334838122058,35.31734370787678,0.0,10.757453276186462,250,65363.52843667103,0.0
1071,469.13000000000005,17.840240612675554,424.81279793398244,67.75070228328113,2541.6538251055777,97.10335448562054,35.283736204960185,0.0,10.75750244470351,250,65363.82719025887,0.0
1072,469.13500000000005,17.855803666102112,424.00469047192973,67.62465270646285,2541.653842686223,97.10336059002049,35.2501218752586,0.0,10.757551566567214,250,65364.12566037559,0.0
1073,469.14000000000004,17.871380308784428,423.1971884413082,67.49869270606061,2541.6538602668684,97.10336669442046,35.216500724989714,0.0,10.757600641768066,250,65364.42384696346,0.0
1074,469.14500000000004,17.886970544192465,422.3902924602055,67.37282237937056,2541.6538778475137,97.10337279882042,35.18287276037701,0.0,10.757649670296578,250,65364.721749964774,0.0
1075,469.15000000000003,17.90257437578707,421.5840031463724,67.24704182365492,2541.653895428159,97.10337890322037,35.1492379876497,0.0,10.757698652143258,250,65365.019369321904,0.0
1076,469.15500000000003,17.918191807019987,420.77832111722284,67.12135113612356,2541.6539130088045,97.10338500762033,35.11559641304277,0.0,10.757747587298635,250,65365.316704977275,0.0
1077,469.16,17.93382284133383,419.97324698983203,66.99575041396625,2541.65393058945,97.1033911120203,35.08194804279696,0.0,10.757796475753237,250,65365.61375687335,0.0
1078,469.165,17.94946748216208,419.16878138093557,66.87023975431467,2541.6539481700956,97.10339721642025,35.04829288315872,0.0,10.757845317497603,250,65365.910524952626,0.0
1079,469.17,17.965125732929064,418.3649249069287,66.74481925426105,2541.6539657507406,97.10340332082022,35.0146309403803,0.0,10.757894112522282,250,65366.207009157704,0.0
1080,469.175,17.980797597049957,417.561678183865,66.61948901086598,2541.653983331386,97.10340942522018,34.98096222071964,0.0,10.757942860817833,250,65366.5032094312,0.0
1081,469.18,17.996483077930755,416.7590418274555,66.49424912113689,2541.6540009120317,97.10341552962014,34.94728673044044,0.0,10.757991562374821,250,65366.79912571578,0.0
1082,469.18500000000006,18.01218217896828,415.9570164530678,66.3690996820479,2541.654018492677,97.1034216340201,34.91360447581212,0.0,10.75804021718382,250,65367.09475795419,0.0
1083,469.19000000000005,18.02789490355017,415.1556026757244,66.24404079052694,2541.654036073322,97.10342773842005,34.87991546310984,0.0,10.758088825235413,250,65367.3901060892,0.0
1084,469.19500000000005,18.043621255054838,414.35480111010236,66.1190725434615,2541.6540536539674,97.10343384282001,34.846219698614476,0.0,10.758137386520195,250,65367.685170063654,0.0
1085,469.20000000000005,18.059361236851505,413.5546123705317,65.99419503769286,2541.654071234613,97.10343994721997,34.812517188612624,0.0,10.758185901028764,250,65367.979949820445,0.0
1086,469.20500000000004,18.07511485230015,412.75503707099506,65.86940837002979,2541.6540888152585,97.10344605161994,34.778807939396586,0.0,10.758234368751728,250,65368.2744453025,0.0
1087,469.21000000000004,18.090882104751532,411.956075825126,65.74471263722903,2541.6541063959035,97.10345215601988,34.74509195726439,0.0,10.758282789679708,250,65368.56865645283,0.0
1088,469.21500000000003,18.10666299754715,411.15772924620796,65.62010793600919,2541.6541239765493,97.10345826041986,34.711369248519766,0.0,10.75833116380333,250,65368.86258321447,0.0
1089,469.22,18.122457534019258,410.35999794717384,65.49559436304598,2541.6541415571946,97.10346436481981,34.67763981947215,0.0,10.75837949111323,250,65369.15622553052,0.0
1090,469.225,18.138265717490835,409.56288254060445,65.37117201496547,2541.65415913784,97.10347046921977,34.64390367643666,0.0,10.75842777160005,250,65369.44958334414,0.0
1091,469.23,18.15408755127557,408.76638363872746,65.24684098836421,2541.6541767184854,97.10347657361973,34.61016082573414,0.0,10.758476005254447,250,65369.74265659855,0.0
1092,469.235,18.169923038677883,407.9705018534167,65.1226013797818,2541.6541942991307,97.10348267801969,34.57641127369111,0.0,10.758524192067082,250,65370.035445236994,0.0
1093,469.24,18.18577218299287,407.175237796191,64.99845328572721,2541.654211879776,97.10348878241965,34.54265502663978,0.0,10.758572332028622,250,65370.327949202794,0.0
1094,469.24500000000006,18.201634987506335,406.38059207821294,64.8743968026587,2541.6542294604214,97.1034948868196,34.508892090918025,0.0,10.758620425129752,250,65370.62016843931,0.0
1095,469.25000000000006,18.217511455494744,405.5865653102878,64.75043202698346,2541.654247041067,97.10350099121958,34.47512247286943,0.0,10.758668471361155,250,65370.91210288997,0.0
1096,469.25500000000005,18.23340159022524,404.7931581028627,64.62655905508407,2541.654264621712,97.10350709561952,34.44134617884324,0.0,10.75871647071353,250,65371.20375249823,0.0
1097,469.26000000000005,18.24930539495562,404.00037106602605,64.50277798328308,2541.6542822023575,97.10351320001949,34.40756321519437,0.0,10.758764423177585,250,65371.49511720764,0.0
1098,469.26500000000004,18.26522287293431,403.2082048095054,64.3790889078642,2541.6542997830034,97.10351930441945,34.3737735882834,0.0,10.75881232874403,250,65371.78619696176,0.0
1099,469.27000000000004,18.28115402740039,402.416659942667,64.25549192507121,2541.6543173636483,97.10352540881941,34.339977304476584,0.0,10.758860187403592,250,65372.07699170424,0.0
1100,469.27500000000003,18.297098861583553,401.6257370745154,64.13198713108962,2541.6543349442936,97.10353151321937,34.306174370145825,0.0,10.758907999147,250,65372.367501378765,0.0
1101,469.28000000000003,18.313057378704098,400.835436813691,64.00857462209171,2541.654352524939,97.10353761761932,34.27236479166868,0.0,10.758955763965,250,65372.65772592907,0.0
1102,469.285,18.329029581972947,400.04575976847036,63.88525449416057,2541.654370105585,97.10354372201928,34.23854857542838,0.0,10.759003481848339,250,65372.94766529896,0.0
1103,469.29,18.345015474591577,399.2567065467645,63.762026843368766,2541.6543876862297,97.10354982641924,34.204725727813766,0.0,10.759051152787773,250,65373.23731943228,0.0
1104,469.295,18.361015059752084,398.46827775611763,63.6388917657316,2541.654405266875,97.10355593081921,34.17089625521934,0.0,10.759098776774074,250,65373.52668827293,0.0
1105,469.3,18.3770283406371,397.68047400370665,63.5158493572283,2541.654422847521,97.10356203521916,34.13706016404526,0.0,10.759146353798018,250,65373.81577176487,0.0
1106,469.305,18.393055320419837,396.8932958963403,63.39289971377462,2541.6544404281663,97.10356813961913,34.10321746069728,0.0,10.75919388385039,250,65374.10456985211,0.0
1107,469.31000000000006,18.409096002264036,396.1067440404571,63.27004293125831,2541.654458008811,97.10357424401909,34.069368151586815,0.0,10.75924136692198,250,65374.39308247871,0.0
1108,469.31500000000005,18.425150389323996,395.3208190421251,63.147279105511984,2541.6544755894565,97.10358034841904,34.03551224313089,0.0,10.759288803003598,250,65374.68130958879,0.0
1109,469.32000000000005,18.44121848474453,394.53552150704104,63.024608332332356,2541.6544931701023,97.103586452819,34.00164974175216,0.0,10.75933619208605,250,65374.969251126524,0.0
1110,469.32500000000005,18.457300291660957,393.7508520405287,62.90203070745729,2541.6545107507477,97.10359255721896,33.967780653878904,0.0,10.759383534160158,250,65375.256907036135,0.0
1111,469.33000000000004,18.47339581319912,392.96681124753815,62.7795463265873,2541.6545283313926,97.10359866161892,33.933904985944984,0.0,10.759430829216752,250,65375.544277261906,0.0
1112,469.33500000000004,18.489505052475337,392.1833997326449,62.65715528538147,2541.6545459120384,97.10360476601888,33.90002274438991,0.0,10.759478077246676,250,65375.831361748176,0.0
1113,469.34000000000003,18.50562801259642,391.4006181000483,62.5348576794384,2541.654563492684,97.10361087041885,33.86613393565876,0.0,10.75952527824077,250,65376.11816043934,0.0
1114,469.345,18.521764696659663,390.61846695357104,62.412653604322145,2541.654581073329,97.10361697481879,33.83223856620224,0.0,10.759572432189897,250,65376.40467327982,0.0
1115,469.35,18.537915107752795,389.8369468966584,62.290543155553465,2541.6545986539745,97.10362307921876,33.79833664247666,0.0,10.759619539084918,250,65376.69090021414,0.0
1116,469.355,18.554079248954018,389.05605853237626,62.168526428586254,2541.65461623462,97.10362918361872,33.76442817094389,0.0,10.75966659891671,250,65376.976841186835,0.0
1117,469.36,18.570257123331967,388.27580246341057,62.04660351884974,2541.6546338152652,97.10363528801868,33.7305131580714,0.0,10.759713611676153,250,65377.26249614252,0.0
1118,469.365,18.58644873394571,387.4961792920664,61.92477452171691,2541.6546513959106,97.10364139241864,33.696591610332256,0.0,10.759760577354143,250,65377.54786502584,0.0
1119,469.37000000000006,18.602654083844723,386.71718962026733,61.8030395325197,2541.654668976556,97.1036474968186,33.66266353420508,0.0,10.75980749594158,250,65377.83294778152,0.0
1120,469.37500000000006,18.61887317606891,385.93883404955295,61.68139864652969,2541.6546865572013,97.10365360121855,33.6287289361741,0.0,10.759854367429373,250,65378.117744354335,0.0
1121,469.38000000000005,18.63510601364856,385.16111318107977,61.55985195898456,2541.6547041378467,97.10365970561851,33.59478782272909,0.0,10.759901191808444,250,65378.402254689114,0.0
1122,469.38500000000005,18.65135259960435,384.38402761561855,61.4383995650648,2541.6547217184925,97.10366581001848,33.56084020036539,0.0,10.75994796906972,250,65378.68647873073,0.0
1123,469.39000000000004,18.66761293694734,383.6075779535542,61.31704155991398,2541.6547392991374,97.10367191441843,33.52688607558392,0.0,10.759994699204139,250,65378.970416424105,0.0
1124,469.39500000000004,18.68388702867895,382.8317647948847,61.19577803861877,2541.654756879783,97.1036780188184,33.492925454891136,0.0,10.760041382202646,250,65379.254067714246,0.0
1125,469.40000000000003,18.70017487779096,382.0565887392195,61.07460909622312,2541.654774460428,97.10368412321836,33.458958344799065,0.0,10.760088018056196,250,65379.53743254619,0.0
1126,469.40500000000003,18.716476487265496,381.2820503857788,60.953534827716894,2541.654792041074,97.10369022761832,33.42498475182528,0.0,10.760134606755756,250,65379.82051086503,0.0
1127,469.41,18.732791860075018,380.5081503333931,60.83255532804983,2541.654809621719,97.10369633201827,33.39100468249288,0.0,10.760181148292295,250,65380.10330261593,0.0
1128,469.415,18.749120999182306,379.7348891805009,60.71167069212335,2541.6548272023642,97.10370243641823,33.35701814333053,0.0,10.7602276426568,250,65380.385807744075,0.0
1129,469.42,18.76546390754046,378.96226752514923,60.59088101477864,2541.65484478301,97.10370854081819,33.32302514087241,0.0,10.760274089840259,250,65380.668026194755,0.0
1130,469.425,18.78182058809288,378.19028596499095,60.47018639081776,2541.6548623636554,97.10371464521815,33.289025681658245,0.0,10.760320489833674,250,65380.94995791328,0.0
1131,469.43,18.798191043773265,377.41894509728536,60.34958691500435,2541.6548799443003,97.10372074961812,33.25501977223328,0.0,10.760366842628056,250,65381.231602845015,0.0
1132,469.43500000000006,18.81457527750559,376.64824551889586,60.22908268202689,2541.654897524946,97.10372685401806,33.22100741914829,0.0,10.76041314821442,250,65381.5129609354,0.0
1133,469.44000000000005,18.8309732922041,375.87818782628955,60.10867378654708,2541.6549151055915,97.10373295841804,33.186988628959554,0.0,10.760459406583799,250,65381.79403212991,0.0
1134,469.44500000000005,18.84738509077331,375.1087726155361,59.98836032317081,2541.654932686237,97.103739062818,33.152963408228864,0.0,10.760505617727224,250,65382.07481637409,0.0
1135,469.45000000000005,18.86381067610798,374.340000482307,59.868142386451325,2541.6549502668818,97.10374516721795,33.11893176352355,0.0,10.760551781635746,250,65382.35531361352,0.0
1136,469.45500000000004,18.880250051093117,373.5718720218738,59.74802007089554,2541.6549678475276,97.10375127161791,33.0848937014164,0.0,10.760597898300416,250,65382.63552379387,0.0
1137,469.46000000000004,18.89670321860395,372.8043878291079,59.62799347095686,2541.654985428173,97.10375737601787,33.050849228485745,0.0,10.7606439677123,250,65382.91544686083,0.0
1138,469.46500000000003,18.913170181505937,372.0375484984788,59.50806268105312,2541.6550030088183,97.10376348041783,33.01679835131538,0.0,10.76068998986247,250,65383.19508276017,0.0
1139,469.47,18.929650942654746,371.2713546240541,59.388227795533815,2541.6550205894637,97.10376958481778,32.98274107649462,0.0,10.760735964742013,250,65383.474431437695,0.0
1140,469.475,18.94614550489623,370.5058067994967,59.26848890870716,2541.655038170109,97.10377568921776,32.94867741061824,0.0,10.760781892342015,250,65383.75349283928,0.0
1141,469.48,18.96265387106645,369.74090561806594,59.148846114834456,2541.6550557507544,97.1037817936177,32.91460736028651,0.0,10.760827772653577,250,65384.03226691085,0.0
1142,469.485,18.979176043991632,368.9766516726153,59.029299508119735,2541.6550733313998,97.10378789801767,32.880530932105174,0.0,10.760873605667811,250,65384.31075359839,0.0
1143,469.49,18.995712026488178,368.21304555559084,58.90984918272481,2541.655090912045,97.10379400241763,32.84644813268545,0.0,10.760919391375838,250,65384.588952847946,0.0
1144,469.49500000000006,19.012261821362653,367.4500878590321,58.79049523274635,2541.6551084926905,97.10380010681759,32.81235896864403,0.0,10.760965129768781,250,65384.86686460559,0.0
1145,469.50000000000006,19.02882543141175,366.68777917456896,58.67123775224706,2541.655126073336,97.10380621121755,32.778263446603056,0.0,10.76101082083778,250,65385.14448881749,0.0
1146,469.50500000000005,19.045402859422325,365.9261200934219,58.55207683523353,2541.6551436539817,97.10381231561752,32.744161573190134,0.0,10.761056464573981,250,65385.42182542985,0.0
1147,469.51000000000005,19.061994108171344,365.16511120640064,58.43301257565718,2541.6551612346266,97.10381842001746,32.71005335503834,0.0,10.761102060968543,250,65385.69887438892,0.0
1148,469.51500000000004,19.0785991804259,364.40475310390326,58.31404506742153,2541.655178815272,97.10382452441742,32.67593879878618,0.0,10.761147610012625,250,65385.97563564102,0.0
1149,469.52000000000004,19.09521807894318,363.6450463759147,58.19517440437937,2541.6551963959178,97.10383062881739,32.6418179110776,0.0,10.761193111697406,250,65386.25210913253,0.0
1150,469.52500000000003,19.111850806470493,362.88599161200625,58.07640068032786,2541.655213976563,97.10383673321734,32.60769069856202,0.0,10.761238566014065,250,65386.528294809876,0.0
1151,469.53000000000003,19.128497365745204,362.12758940133426,57.957723989016145,2541.655231557208,97.10384283761731,32.57355716789426,0.0,10.761283972953798,250,65386.80419261954,0.0
1152,469.535,19.145157759494776,361.36984033263946,57.83914442415141,2541.6552491378534,97.10384894201727,32.53941732573458,0.0,10.761329332507804,250,65387.07980250805,0.0
1153,469.54,19.161831990436728,360.6127449942453,57.720662079366605,2541.655266718499,97.10385504641722,32.50527117874869,0.0,10.761374644667296,250,65387.35512442203,0.0
1154,469.545,19.178520061278636,359.85630397405765,57.60227704826092,2541.6552842991446,97.10386115081718,32.4711187336077,0.0,10.761419909423493,250,65387.63015830811,0.0
1155,469.55,19.195221974718127,359.10051785956324,57.48398942437638,2541.6553018797895,97.10386725521715,32.43695999698814,0.0,10.761465126767625,250,65387.904904113006,0.0
1156,469.555,19.211937733442866,358.345387237829,57.365799301202614,2541.6553194604353,97.1038733596171,32.40279497557195,0.0,10.76151029669093,250,65388.179361783485,0.0
1157,469.56000000000006,19.228667340130528,357.5909126955007,57.24770677217529,2541.6553370410807,97.10387946401707,32.36862367604649,0.0,10.761555419184658,250,65388.453531266365,0.0
1158,469.56500000000005,19.24541079744882,356.83709481880203,57.12971193068306,2541.655354621726,97.10388556841703,32.334446105104504,0.0,10.761600494240062,250,65388.727412508524,0.0
1159,469.57000000000005,19.26216810805545,356.0839341935339,57.01181487005424,2541.6553722023714,97.10389167281697,32.300262269444154,0.0,10.761645521848413,250,65389.0010054569,0.0
1160,469.57500000000005,19.27893927459812,355.331431405073,56.894015683571226,2541.6553897830167,97.10389777721694,32.26607217576899,0.0,10.761690502000985,250,65389.27431005848,0.0
1161,469.58000000000004,19.295724299714514,354.57958703837136,56.77631446445466,2541.655407363662,97.1039038816169,32.23187583078794,0.0,10.761735434689061,250,65389.54732626032,0.0
1162,469.58500000000004,19.3125231860323,353.82840167795433,56.658711305881674,2541.6554249443075,97.10390998601686,32.19767324121534,0.0,10.761780319903938,250,65389.8200540095,0.0
1163,469.59000000000003,19.3293359361691,353.0778759079207,56.5412063009761,2541.655442524953,97.10391609041682,32.16346441377088,0.0,10.761825157636919,250,65390.0924932532,0.0
1164,469.595,19.346162552732505,352.3280103119407,56.42379954280129,2541.655460105598,97.10392219481679,32.12924935517963,0.0,10.761869947879317,250,65390.36464393864,0.0
1165,469.6,19.363003038320038,351.5788054732558,56.306491124371504,2541.6554776862436,97.10392829921673,32.09502807217205,0.0,10.761914690622454,250,65390.63650601308,0.0
1166,469.605,19.37985739551916,350.83026197467706,56.18928113864779,2541.655495266889,97.1039344036167,32.06080057148394,0.0,10.761959385857661,250,65390.908079423854,0.0
1167,469.61,19.39672562690727,350.0823803985847,56.072169678541016,2541.6555128475343,97.10394050801666,32.026566859856466,0.0,10.76200403357628,250,65391.17936411835,0.0
1168,469.615,19.41360773505166,349.33516132692625,55.95515683689564,2541.6555304281796,97.10394661241662,31.992326944036165,0.0,10.762048633769663,250,65391.450360044015,0.0
1169,469.62000000000006,19.43050372250955,348.58860534121675,55.838242706512155,2541.655548008825,97.10395271681658,31.958080830774907,0.0,10.762093186429166,250,65391.72106714835,0.0
1170,469.62500000000006,19.447413591828035,347.8427130225363,55.721427380140796,2541.655565589471,97.10395882121654,31.923828526829915,0.0,10.76213769154616,250,65391.99148537891,0.0
1171,469.63000000000005,19.464337345544116,347.0974849515304,55.60471095046624,2541.6555831701157,97.1039649256165,31.889570038963758,0.0,10.762182149112023,250,65392.261614683295,0.0
1172,469.63500000000005,19.48127498618465,346.3529217084078,55.4880935101282,2541.655600750761,97.10397103001645,31.85530537394433,0.0,10.762226559118144,250,65392.5314550092,0.0
1173,469.64000000000004,19.498226516266378,345.60902387294044,55.37157515170556,2541.655618331407,97.10397713441643,31.821034538544865,0.0,10.762270921555917,250,65392.80100630433,0.0
1174,469.64500000000004,19.515191938295878,344.8657920244619,55.255155967728456,2541.6556359120523,97.10398323881637,31.786757539543924,0.0,10.762315236416752,250,65393.07026851649,0.0
1175,469.65000000000003,19.532171254769587,344.12322674186623,55.138836050665134,2541.655653492697,97.10398934321634,31.752474383725374,0.0,10.76235950369206,250,65393.3392415935,0.0
1176,469.65500000000003,19.549164468173775,343.38132860360736,55.0226154929318,2541.6556710733425,97.1039954476163,31.718185077878424,0.0,10.762403723373273,250,65393.60792548329,0.0
1177,469.66,19.566171580984538,342.6400981876981,54.906494386895815,2541.6556886539884,97.10400155201626,31.683889628797576,0.0,10.762447895451823,250,65393.87632013378,0.0
1178,469.665,19.583192595667786,341.89953607170867,54.7904728248603,2541.6557062346337,97.10400765641621,31.649588043282638,0.0,10.762492019919152,250,65394.14442549302,0.0
1179,469.67,19.600227514679233,341.159642832766,54.67455089907644,2541.6557238152786,97.10401376081617,31.615280328138734,0.0,10.762536096766716,250,65394.41224150905,0.0
1180,469.675,19.617276340464404,340.420419047553,54.55872870174412,2541.6557413959245,97.10401986521613,31.580966490176277,0.0,10.762580125985975,250,65394.679768130016,0.0
1181,469.68,19.634339075458595,339.681865292307,54.44300632500194,2541.65575897657,97.10402596961609,31.546646536210968,0.0,10.762624107568405,250,65394.9470053041,0.0
1182,469.68500000000006,19.65141572208688,338.94398214281887,54.327383860934106,2541.655776557215,97.10403207401606,31.5123204730638,0.0,10.762668041505489,250,65395.213952979546,0.0
1183,469.69000000000005,19.668506282764117,338.2067701744323,54.21186140156948,2541.6557941378605,97.104038178416,31.47798830756104,0.0,10.762711927788713,250,65395.48061110466,0.0
1184,469.69500000000005,19.685610759894907,337.47022996204265,54.09643903888125,2541.655811718506,97.10404428281598,31.44365004653425,0.0,10.762755766409581,250,65395.74697962778,0.0
1185,469.70000000000005,19.702729155873595,336.73436208009565,53.98111686478372,2541.6558292991513,97.10405038721593,31.409305696820237,0.0,10.762799557359605,250,65396.01305849734,0.0
1186,469.70500000000004,19.719861473084276,335.99916710258685,53.865894971142836,2541.6558468797966,97.10405649161589,31.374955265261104,0.0,10.7628433006303,250,65396.2788476618,0.0
1187,469.71000000000004,19.737007713900773,335.2646456030606,53.75077344976001,2541.655864460442,97.10406259601585,31.340598758704203,0.0,10.762886996213199,250,65396.54434706971,0.0
1188,469.71500000000003,19.754167880686616,334.5307981546086,53.63575239237915,2541.6558820410874,97.10406870041581,31.306236184002138,0.0,10.76293064409984,250,65396.809556669636,0.0
1189,469.72,19.771341975795053,333.7976253298691,53.520831890695256,2541.6558996217327,97.10407480481577,31.27186754801277,0.0,10.762974244281772,250,65397.07447641024,0.0
1190,469.725,19.788530001569033,333.0651277010261,53.406012036342105,2541.6559172023785,97.10408090921572,31.23749285759921,0.0,10.76301779675055,250,65397.33910624022,0.0
1191,469.73,19.805731960341195,332.333305839808,53.29129292089523,2541.6559347830234,97.1040870136157,31.2031121196298,0.0,10.763061301497741,250,65397.60344610833,0.0
1192,469.735,19.822947854433856,331.602160317487,53.17667463587324,2541.655952363669,97.10409311801564,31.168725340978128,0.0,10.763104758514928,250,65397.86749596341,0.0
1193,469.74,19.840177686158995,330.8716917048777,53.06215727274257,2541.655969944314,97.10409922241561,31.134332528523014,0.0,10.763148167793691,250,65398.13125575432,0.0
1194,469.74500000000006,19.85742145781827,330.14190057233657,52.94774092290918,2541.65598752496,97.10410532681557,31.09993368914851,0.0,10.763191529325628,250,65398.39472543001,0.0
1195,469.75000000000006,19.87467917170297,329.4127874897602,52.83342567771387,2541.656005105605,97.10411143121553,31.065528829743872,0.0,10.763234843102344,250,65398.65790493945,0.0
1196,469.75500000000005,19.89195083009404,328.68435302658526,52.71921162845465,2541.6560226862503,97.10411753561549,31.031117957203584,0.0,10.763278109115456,250,65398.920794231715,0.0
1197,469.76000000000005,19.909236435262056,327.9565977517864,52.6050988663586,2541.656040266896,97.10412364001544,30.99670107842734,0.0,10.763321327356586,250,65399.1833932559,0.0
1198,469.76500000000004,19.926535989467215,327.2295222338763,52.49108748260509,2541.6560578475414,97.1041297444154,30.962278200320043,0.0,10.763364497817369,250,65399.44570196119,0.0
1199,469.77000000000004,19.94384949495933,326.5031270409041,52.37717756830503,2541.6560754281863,97.10413584881536,30.92784932979179,0.0,10.763407620489447,250,65399.707720296785,0.0
1200,469.77500000000003,19.961176953977805,325.77741274045434,52.26336921451972,2541.656093008832,97.10414195321533,30.893414473757883,0.0,10.763450695364476,250,65399.96944821198,0.0
1201,469.78000000000003,19.978518368751658,325.0523798996463,52.14966251225458,2541.6561105894775,97.10414805761528,30.858973639138803,0.0,10.763493722434118,250,65400.23088565613,0.0
1202,469.785,19.99587374149948,324.3280290851328,52.03605755244169,2541.656128170123,97.10415416201525,30.824526832860226,0.0,10.763536701690043,250,65400.492032578615,0.0
1203,469.79,20.013243074429425,323.6043608630991,51.92255442596953,2541.656145750768,97.1041602664152,30.790074061853005,0.0,10.763579633123937,250,65400.75288892892,0.0
1204,469.795,20.03062636973925,322.88137579926206,51.809153223662655,2541.6561633314136,97.10416637081516,30.75561533305317,0.0,10.763622516727487,250,65401.013454656524,0.0
1205,469.8,20.048023629616228,322.1590744588692,51.695854036286434,2541.656180912059,97.10417247521512,30.721150653401917,0.0,10.7636653524924,250,65401.273729711036,0.0
1206,469.805,20.065434856237204,321.43745740669755,51.58265695454384,2541.6561984927043,97.10417857961508,30.686680029845615,0.0,10.763708140410381,250,65401.53371404209,0.0
1207,469.81000000000006,20.082860051768552,320.71652520705277,51.46956206908685,2541.6562160733497,97.10418468401504,30.652203469335777,0.0,10.763750880473156,250,65401.79340759936,0.0
1208,469.81500000000005,20.10029921836617,319.99627842376793,51.35656947050289,2541.656233653995,97.104190788415,30.61772097882909,0.0,10.763793572672448,250,65402.05281033259,0.0
1209,469.82000000000005,20.117752358175487,319.2767176202029,51.24367924932049,2541.6562512346404,97.10419689281497,30.58323256528737,0.0,10.763836217000001,250,65402.31192219162,0.0
1210,469.82500000000005,20.13521947333144,318.5578433592427,51.1308914960088,2541.656268815286,97.10420299721491,30.548738235677597,0.0,10.763878813447567,250,65402.5707431263,0.0
1211,469.83000000000004,20.152700565958444,317.8396562032976,51.0182063009749,2541.656286395931,97.10420910161488,30.514237996971875,0.0,10.7639213620069,250,65402.82927308655,0.0
1212,469.83500000000004,20.170195638170437,317.12215671430107,50.90562375457559,2541.6563039765765,97.10421520601484,30.479731856147446,0.0,10.76396386266977,250,65403.08751202237,0.0
1213,469.84000000000003,20.187704692070817,316.4053454537092,50.793143947093576,2541.656321557222,97.1042213104148,30.44521982018668,0.0,10.76400631542796,250,65403.3454598838,0.0
1214,469.845,20.205227729752455,315.68922298249964,50.680766968768154,2541.6563391378677,97.10422741481476,30.41070189607707,0.0,10.764048720273252,250,65403.60311662094,0.0
1215,469.85,20.222764753297707,314.9737898611707,50.56849290976074,2541.6563567185126,97.10423351921472,30.376178090811226,0.0,10.764091077197447,250,65403.86048218397,0.0
1216,469.855,20.240315764778348,314.25904664974036,50.45632186018239,2541.656374299158,97.10423962361467,30.341648411386867,0.0,10.764133386192352,250,65404.11755652309,0.0
1217,469.86,20.257880766255624,313.5449939077452,50.34425391008841,2541.656391879804,97.10424572801463,30.307112864806825,0.0,10.764175647249784,250,65404.3743395886,0.0
1218,469.865,20.275459759780208,312.8316321942393,50.23228914946124,2541.656409460449,97.1042518324146,30.27257145807903,0.0,10.76421786036157,250,65404.63083133081,0.0
1219,469.87000000000006,20.293052747392203,312.11896206779386,50.12042766823448,2541.656427041094,97.10425793681455,30.23802419821651,0.0,10.764260025519546,250,65404.887031700135,0.0
1220,469.87500000000006,20.310659731121117,311.40698408649513,50.008669556266945,2541.6564446217394,97.10426404121452,30.203471092237375,0.0,10.76430214271556,250,65405.14294064704,0.0
1221,469.88000000000005,20.32828071298588,310.69569880794427,49.89701490337608,2541.6564622023852,97.10427014561448,30.168912147164832,0.0,10.764344211941465,250,65405.398558122026,0.0
1222,469.88500000000005,20.34591569499481,309.98510678925624,49.78546379929859,2541.6564797830306,97.10427625001444,30.134347370027164,0.0,10.764386233189128,250,65405.653884075684,0.0
1223,469.89000000000004,20.363564679145625,309.27520858705844,49.67401633372265,2541.6564973636755,97.1042823544144,30.09977676785773,0.0,10.764428206450427,250,65405.90891845864,0.0
1224,469.89500000000004,20.38122766742541,308.56600475749036,49.56267259626894,2541.6565149443213,97.10428845881435,30.065200347694947,0.0,10.764470131717244,250,65406.16366122158,0.0
1225,469.90000000000003,20.398904661810626,307.85749585620175,49.45143267650246,2541.6565325249667,97.10429456321431,30.030618116582314,0.0,10.764512008981477,250,65406.41811231528,0.0
1226,469.90500000000003,20.416595664267106,307.14968243835244,49.34029666391902,2541.656550105612,97.10430066761427,29.99603008156837,0.0,10.764553838235027,250,65406.672271690535,0.0
1227,469.91,20.43430067675002,306.44256505861074,49.22926464795992,2541.656567686257,97.10430677201424,29.96143624970673,0.0,10.764595619469812,250,65406.926139298215,0.0
1228,469.915,20.45201970120389,305.73614427115285,49.11833671799714,2541.6565852669028,97.10431287641418,29.926836628056027,0.0,10.764637352677756,250,65407.17971508926,0.0
1229,469.92,20.469752739562583,305.0304206296618,49.00751296335032,2541.656602847548,97.10431898081416,29.892231223679957,0.0,10.76467903785079,250,65407.43299901465,0.0
1230,469.925,20.487499793749265,304.3253946873263,48.89679347326665,2541.6566204281935,97.10432508521411,29.857620043647252,0.0,10.764720674980863,250,65407.68599102546,0.0
1231,469.93,20.505260865676448,303.62106699684,48.78617833694103,2541.656638008839,97.10433118961407,29.82300309503167,0.0,10.764762264059922,250,65407.93869107276,0.0
1232,469.93500000000006,20.52303595724593,302.9174381104001,48.675667643496574,2541.656655589484,97.10433729401403,29.788380384911985,0.0,10.764803805079938,250,65408.19109910776,0.0
1233,469.94000000000005,20.540825070348816,302.2145085797068,48.56526148199928,2541.6566731701296,97.10434339841399,29.75375192037201,0.0,10.764845298032878,250,65408.443215081665,0.0
1234,469.94500000000005,20.55862820686551,301.5122789559623,48.45495994145442,2541.656690750775,97.10434950281395,29.719117708500562,0.0,10.764886742910727,250,65408.69503894576,0.0
1235,469.95000000000005,20.57644536866568,300.8107497898695,48.34476311079895,2541.6567083314203,97.1043556072139,29.684477756391466,0.0,10.76492813970548,250,65408.94657065142,0.0
1236,469.95500000000004,20.59427655760828,300.10992163163115,48.23467107890922,2541.6567259120657,97.10436171161388,29.649832071143557,0.0,10.76496948840914,250,65409.19781015003,0.0
1237,469.96000000000004,20.612121775541507,299.4097950309491,48.124683934599105,2541.656743492711,97.10436781601382,29.615180659860663,0.0,10.765010789013717,250,65409.44875739307,0.0
1238,469.96500000000003,20.62998102430284,298.71037053702304,48.01480176662316,2541.656761073357,97.10437392041379,29.580523529651604,0.0,10.765052041511234,250,65409.699412332055,0.0
1239,469.97,20.647854305718987,298.01164869854955,47.90502466366671,2541.6567786540018,97.10438002481375,29.545860687630192,0.0,10.765093245893727,250,65409.94977491858,0.0
1240,469.975,20.665741621605882,297.3136300637213,47.7953527143533,2541.656796234647,97.10438612921371,29.511192140915217,0.0,10.765134402153233,250,65410.199845104304,0.0
1241,469.98,20.683642973768716,296.6163151802258,47.685786007241006,2541.656813815293,97.10439223361367,29.476517896630444,0.0,10.765175510281807,250,65410.44962284091,0.0
1242,469.985,20.701558364001865,295.91970459524487,47.57632463083091,2541.6568313959383,97.10439833801362,29.441837961904607,0.0,10.765216570271512,250,65410.69910808019,0.0
1243,469.99,20.719487794088938,295.223798855453,47.466968673554604,2541.656848976583,97.10440444241358,29.407152343871413,0.0,10.765257582114417,250,65410.94830077396,0.0
1244,469.99500000000006,20.73743126580274,294.5285985070173,47.35771822377934,2541.6568665572286,97.10441054681354,29.37246104966952,0.0,10.765298545802606,250,65411.19720087411,0.0
1245,470.00000000000006,20.755388780905268,293.8341040955953,47.248573369813975,2541.6568841378744,97.10441665121351,29.33776408644254,0.0,10.76533946132817,250,65411.44580833259,0.0
1246,470.00500000000005,20.773360341147693,293.140316166335,47.13953419989748,2541.6569017185197,97.10442275561346,29.303061461339038,0.0,10.765380328683209,250,65411.6941231014,0.0
1247,470.01000000000005,20.791345948270365,292.4472352638739,47.03060080220824,2541.6569192991647,97.10442886001343,29.268353181512513,0.0,10.765421147859838,250,65411.94214513262,0.0
1248,470.01500000000004,20.80934560400281,291.754861932337,46.92177326485239,2541.6569368798105,97.10443496441339,29.233639254121407,0.0,10.765461918850177,250,65412.189874378375,0.0
1249,470.02000000000004,20.827359310063702,291.06319671533686,46.81305167588774,2541.656954460456,97.10444106881334,29.198919686329095,0.0,10.765502641646354,250,65412.43731079085,0.0
1250,470.02500000000003,20.84538706816087,290.37224015597224,46.70443612329126,2541.656972041101,97.1044471732133,29.16419448530387,0.0,10.765543316240514,250,65412.68445432229,0.0
1251,470.03000000000003,20.863428879991275,289.6819927968273,46.59592669498375,2541.6569896217466,97.10445327761327,29.12946365821895,0.0,10.765583942624806,250,65412.93130492501,0.0
1252,470.035,20.881484747241007,288.99245517997025,46.4875234788146,2541.657007202392,97.10445938201322,29.094727212252458,0.0,10.765624520791393,250,65413.17786255138,0.0
1253,470.04,20.899554671585292,288.30362784695274,46.379226562576974,2541.6570247830373,97.10446548641318,29.059985154587444,0.0,10.765665050732446,250,65413.42412715384,0.0
1254,470.045,20.917638654688453,287.6155113388088,46.27103603399083,2541.6570423636826,97.10447159081315,29.02523749241184,0.0,10.765705532440144,250,65413.67009868487,0.0
1255,470.05,20.935736698203936,286.9281061960538,46.162951980717565,2541.657059944328,97.10447769521309,28.990484232918487,0.0,10.765745965906678,250,65413.91577709702,0.0
1256,470.055,20.953848803774267,286.2414129586835,46.05497449034733,2541.6570775249734,97.10448379961306,28.955725383305115,0.0,10.765786351124254,250,65414.161162342905,0.0
1257,470.06000000000006,20.971974973031074,285.55543216617326,45.94710365041088,2541.6570951056187,97.10448990401302,28.92096095077433,0.0,10.765826688085076,250,65414.4062543752,0.0
1258,470.06500000000005,20.990115207595053,284.87016435747665,45.83933954836371,2541.6571126862646,97.10449600841298,28.88619094253363,0.0,10.76586697678137,250,65414.65105314665,0.0
1259,470.07000000000005,21.008269509075976,284.185610071025,45.731682271605024,2541.6571302669095,97.10450211281294,28.851415365795386,0.0,10.765907217205363,250,65414.89555861003,0.0
1260,470.07500000000005,21.026437879072684,283.50176984472625,45.62413190746243,2541.657147847555,97.10450821721291,28.816634227776827,0.0,10.765947409349302,250,65415.139770718204,0.0
1261,470.08000000000004,21.044620319173056,282.8186442159636,45.51668854320535,2541.6571654282,97.10451432161285,28.781847535700056,0.0,10.76598755320543,250,65415.38368942408,0.0
1262,470.08500000000004,21.062816830954027,282.1362337215952,45.409352266027014,2541.657183008846,97.10452042601283,28.747055296792023,0.0,10.766027648766014,250,65415.62731468065,0.0
1263,470.09000000000003,21.081027415981573,281.45453889795283,45.30212316305792,2541.657200589491,97.10452653041278,28.712257518284538,0.0,10.766067696023324,250,65415.87064644093,0.0
1264,470.095,21.099252075810686,280.77356028084085,45.195001321365204,2541.6572181701363,97.10453263481273,28.677454207414243,0.0,10.766107694969639,250,65416.11368465805,0.0
1265,470.1,21.11749081198538,280.0932984055353,45.08798682794516,2541.657235750782,97.1045387392127,28.64264537142263,0.0,10.76614764559725,250,65416.35642928514,0.0
1266,470.105,21.135743626038703,279.41375380678306,44.981079769729085,2541.6572533314275,97.10454484361266,28.607831017556023,0.0,10.766187547898461,250,65416.59888027543,0.0
1267,470.11,21.154010519492676,278.73492701880116,44.874280233587946,2541.6572709120724,97.10455094801262,28.57301115306557,0.0,10.766227401865581,250,65416.841037582206,0.0
1268,470.115,21.172291493858328,278.0568185752749,44.767588306312376,2541.657288492718,97.10455705241257,28.53818578520724,0.0,10.766267207490932,250,65417.082901158814,0.0
1269,470.12000000000006,21.190586550635675,277.37942900935803,44.66100407463701,2541.6573060733635,97.10456315681255,28.50335492124182,0.0,10.766306964766843,250,65417.32447095864,0.0
1270,470.12500000000006,21.20889569131371,276.70275885367096,44.554527625224836,2541.657323654009,97.10456926121249,28.46851856843491,0.0,10.766346673685659,250,65417.56574693517,0.0
1271,470.13000000000005,21.227218917370394,276.02680864030003,44.448159044673865,2541.657341234654,97.10457536561246,28.433676734056906,0.0,10.766386334239726,250,65417.80672904192,0.0
1272,470.13500000000005,21.245556230272648,275.3515789007968,44.34189841951078,2541.6573588152996,97.10458147001242,28.39882942538301,0.0,10.766425946421412,250,65418.047417232476,0.0
1273,470.14000000000004,21.263907631476346,274.67707016617703,44.235745836201524,2541.657376395945,97.10458757441238,28.363976649693207,0.0,10.766465510223085,250,65418.28781146049,0.0
1274,470.14500000000004,21.28227312242632,274.00328296691913,44.12970138113485,2541.6573939765904,97.10459367881234,28.329118414272283,0.0,10.766505025637128,250,65418.52791167967,0.0
1275,470.15000000000003,21.300652704556324,273.330217832964,44.023765140642936,2541.6574115572357,97.1045997832123,28.294254726409786,0.0,10.766544492655932,250,65418.767717843795,0.0
1276,470.15500000000003,21.319046379289034,272.6578752937138,43.917937200979836,2541.657429137881,97.10460588761225,28.259385593400058,0.0,10.766583911271898,250,65419.00722990668,0.0
1277,470.16,21.33745414803607,271.98625587803093,43.81221764833905,2541.6574467185264,97.10461199201221,28.224511022542192,0.0,10.766623281477438,250,65419.24644782223,0.0
1278,470.165,21.35587601219794,271.31536011423697,43.706606568840776,2541.657464299172,97.10461809641218,28.18963102114005,0.0,10.766662603264974,250,65419.485371544404,0.0
1279,470.17,21.37431197316407,270.64518853011185,43.601104048539824,2541.657481879817,97.10462420081213,28.154745596502252,0.0,10.766701876626941,250,65419.72400102723,0.0
1280,470.175,21.392762032312774,269.975741652893,43.49571017342423,2541.6574994604625,97.1046303052121,28.11985475594217,0.0,10.76674110155578,250,65419.96233622476,0.0
1281,470.18,21.41122619101126,269.3070200092744,43.39042502940839,2541.657517041108,97.10463640961206,28.08495850677792,0.0,10.766780278043942,250,65420.200377091154,0.0
1282,470.18500000000006,21.429704450615606,268.6390241254055,43.28524870234016,2541.6575346217537,97.10464251401201,28.05005685633235,0.0,10.766819406083892,250,65420.43812358061,0.0
1283,470.19000000000005,21.448196812470776,267.97175452689004,43.180181278005534,2541.6575522023986,97.10464861841197,28.01514981193305,0.0,10.7668584856681,250,65420.67557564739,0.0
1284,470.19500000000005,21.466703277910575,267.30521173878583,43.07522284210974,2541.657569783044,97.10465472281193,27.980237380912335,0.0,10.76689751678905,250,65420.912733245816,0.0
1285,470.20000000000005,21.485223848257682,266.639396285603,42.970373480298434,2541.6575873636893,97.10466082721189,27.945319570607232,0.0,10.766936499439238,250,65421.14959633029,0.0
1286,470.20500000000004,21.50375852482361,265.9743086913035,42.86563327814359,2541.657604944335,97.10466693161185,27.910396388359494,0.0,10.766975433611163,250,65421.38616485524,0.0
1287,470.21000000000004,21.522307308908722,265.3099494793002,42.76100232115012,2541.65762252498,97.10467303601182,27.875467841515576,0.0,10.76701431929734,250,65421.622438775186,0.0
1288,470.21500000000003,21.540870201802207,264.6463191724555,42.656480694751444,2541.6576401056254,97.10467914041176,27.84053393742663,0.0,10.767053156490293,250,65421.8584180447,0.0
1289,470.22,21.55944720478207,263.983418293081,42.55206848431343,2541.6576576862712,97.10468524481173,27.805594683448525,0.0,10.767091945182557,250,65422.09410261844,0.0
1290,470.225,21.57803831911514,263.32124736293616,42.44776577513135,2541.6576752669166,97.10469134921169,27.7706500869418,0.0,10.767130685366674,250,65422.329492451056,0.0
1291,470.23,21.59664354605705,262.6598069032273,42.34357265243273,2541.6576928475615,97.10469745361165,27.73570015527168,0.0,10.7671693770352,250,65422.564587497356,0.0
1292,470.235,21.61526288685223,261.99909743460705,42.23948920137242,2541.6577104282073,97.10470355801161,27.70074489580808,0.0,10.7672080201807,250,65422.79938771213,0.0
1293,470.24,21.633896342733898,261.33911947717297,42.13551550703948,2541.6577280088527,97.10470966241157,27.665784315925578,0.0,10.767246614795745,250,65423.03389305028,0.0
1294,470.24500000000006,21.652543914924063,260.6798735504669,42.03165165444719,2541.657745589498,97.10471576681152,27.63081842300342,0.0,10.767285160872925,250,65423.268103466726,0.0
1295,470.25000000000006,21.671205604633503,260.02136017347385,41.92789772854182,2541.657763170143,97.10472187121148,27.595847224425516,0.0,10.767323658404829,250,65423.502018916486,0.0
1296,470.25500000000005,21.689881413061762,259.36357986462133,41.824253814201974,2541.657780750789,97.10472797561145,27.56087072758042,0.0,10.767362107384068,250,65423.73563935464,0.0
1297,470.26000000000005,21.708571341397153,258.706533141778,41.720719996230834,2541.657798331434,97.1047340800114,27.525888939861346,0.0,10.767400507803256,250,65423.96896473632,0.0
1298,470.26500000000004,21.727275390816725,258.050220522253,41.617296359367664,2541.6578159120795,97.10474018441137,27.490901868666143,0.0,10.767438859655018,250,65424.201995016716,0.0
1299,470.27000000000004,21.745993562486284,257.3946425227951,41.513982988271415,2541.657833492725,97.10474628881133,27.455909521397288,0.0,10.76747716293199,250,65424.43473015107,0.0
1300,470.27500000000003,21.76472585756036,256.73979965959154,41.41077996754024,2541.6578510733702,97.10475239321129,27.420911905461903,0.0,10.767515417626818,250,65424.66717009472,0.0
1301,470.28000000000003,21.78347227718223,256.08569244826714,41.30768738169564,2541.6578686540156,97.10475849761124,27.385909028271723,0.0,10.767553623732162,250,65424.89931480304,0.0
1302,470.285,21.80223282248387,255.4323214038836,41.20470531518853,2541.657886234661,97.1047646020112,27.3509008972431,0.0,10.767591781240686,250,65425.131164231476,0.0
1303,470.29,21.821007494585977,254.77968704093826,41.10183385240216,2541.6579038153063,97.10477070641116,27.315887519797002,0.0,10.767629890145068,250,65425.36271833553,0.0
1304,470.295,21.839796294597953,254.1277898733633,40.99907307764386,2541.6579213959517,97.10477681081112,27.280868903358993,0.0,10.767667950437996,250,65425.59397707077,0.0
1305,470.3,21.858599223617894,253.47663041452486,40.89642307515683,2541.657938976597,97.10478291521109,27.245845055359244,0.0,10.767705962112169,250,65425.82494039284,0.0
1306,470.305,21.877416282732597,252.82620917722198,40.7938839291018,2541.657956557243,97.10478901961103,27.210815983232507,0.0,10.76774392516029,250,65426.05560825741,0.0
1307,470.31000000000006,21.896247473017528,252.17652667368588,40.69145572357928,2541.657974137888,97.104795124011,27.175781694418134,0.0,10.767781839575083,250,65426.285980620254,0.0
1308,470.31500000000005,21.91509279553683,251.52758341557862,40.58913854261118,2541.657991718533,97.10480122841096,27.140742196360048,0.0,10.767819705349273,250,65426.51605743719,0.0
1309,470.32000000000005,21.93395225134331,250.8793799139928,40.486932470150535,2541.658009299179,97.10480733281092,27.105697496506743,0.0,10.767857522475602,250,65426.745838664094,0.0
1310,470.32500000000005,21.952825841478443,250.2319166794501,40.384837590077304,2541.6580268798243,97.10481343721088,27.070647602311286,0.0,10.767895290946818,250,65426.97532425692,0.0
1311,470.33000000000004,21.971713566972344,249.58519422190062,40.28285398619974,2541.6580444604692,97.10481954161084,27.035592521231298,0.0,10.767933010755682,250,65427.204514171666,0.0
1312,470.33500000000004,21.99061542884378,248.93921305072175,40.180981742253394,2541.6580620411146,97.1048256460108,27.000532260728964,0.0,10.767970681894964,250,65427.43340836441,0.0
1313,470.34000000000003,22.009531428100146,248.29397367471756,40.079220941903955,2541.6580796217604,97.10483175041075,26.96546682827101,0.0,10.768008304357442,250,65427.66200679129,0.0
1314,470.345,22.028461565737484,247.64947660211757,39.97757166874479,2541.6580972024058,97.10483785481073,26.930396231328704,0.0,10.768045878135908,250,65427.89030940848,0.0
1315,470.35,22.047405842740424,247.00572234057586,39.87603400629066,2541.6581147830507,97.10484395921067,26.895320477377847,0.0,10.768083403223166,250,65428.118316172266,0.0
1316,470.355,22.066364260082246,246.36271139717047,39.77460803799036,2541.6581323636965,97.10485006361064,26.86023957389878,0.0,10.768120879612026,250,65428.346027038955,0.0
1317,470.36,22.0853368187248,245.72044427840206,39.6732938472188,2541.658149944342,97.1048561680106,26.825153528376354,0.0,10.768158307295307,250,65428.57344196494,0.0
1318,470.365,22.104323519618575,245.07892149019327,39.57209151727812,2541.658167524987,97.10486227241056,26.790062348299948,0.0,10.768195686265845,250,65428.800560906646,0.0
1319,470.37000000000006,22.123324363702604,244.4381435378876,39.47100113139428,2541.6581851056326,97.10486837681051,26.754966041163442,0.0,10.76823301651648,250,65429.02738382061,0.0
1320,470.37500000000006,22.14233935190455,243.79811092624882,39.37002277272431,2541.658202686278,97.10487448121047,26.71986461446522,0.0,10.768270298040067,250,65429.2539106634,0.0
1321,470.38000000000005,22.161368485140628,243.15882415945967,39.26915652435127,2541.6582202669233,97.10488058561043,26.684758075708167,0.0,10.768307530829468,250,65429.48014139165,0.0
1322,470.38500000000005,22.180411764315615,242.520283741121,39.16840246928119,2541.6582378475687,97.10488669001039,26.649646432399663,0.0,10.768344714877557,250,65429.706075962065,0.0
1323,470.39000000000004,22.199469190322866,241.8824901742512,39.0677606904538,2541.658255428214,97.10489279441036,26.614529692051565,0.0,10.768381850177219,250,65429.931714331404,0.0
1324,470.39500000000004,22.218540764044285,241.24544396128496,38.96723127072869,2541.6582730088594,97.1048988988103,26.57940786218021,0.0,10.76841893672135,250,65430.1570564565,0.0
1325,470.40000000000003,22.23762648635032,240.60914560407235,38.866814292898646,2541.6582905895048,97.10490500321028,26.54428095030641,0.0,10.768455974502853,250,65430.38210229424,0.0
1326,470.40500000000003,22.256726358099957,239.97359560387818,38.76650983967442,2541.6583081701506,97.10491110761023,26.509148963955436,0.0,10.768492963514642,250,65430.606851801575,0.0
1327,470.41,22.27584038014072,239.3387944613808,38.666317993698975,2541.6583257507955,97.10491721201019,26.474011910657026,0.0,10.768529903749647,250,65430.83130493553,0.0
1328,470.415,22.294968553308657,238.70474267667126,38.56623883753922,2541.658343331441,97.10492331641015,26.438869797945365,0.0,10.768566795200803,250,65431.05546165318,0.0
1329,470.42,22.314110878428334,238.07144074925262,38.46627245368994,2541.658360912086,97.10492942081011,26.403722633359088,0.0,10.768603637861059,250,65431.27932191169,0.0
1330,470.425,22.333267356312824,237.43888917803866,38.36641892457027,2541.658378492732,97.10493552521007,26.368570424441266,0.0,10.768640431723366,250,65431.502885668226,0.0
1331,470.43,22.352437987763697,236.80708846135337,38.26667833252575,2541.658396073377,97.10494162961002,26.333413178739402,0.0,10.768677176780697,250,65431.726152880095,0.0
1332,470.43500000000006,22.37162277357104,236.17603909692966,38.167050759826786,2541.6584136540223,97.10494773401,26.298250903805428,0.0,10.76871387302603,250,65431.94912350462,0.0
1333,470.44000000000005,22.39082171451341,235.54574158190874,38.06753628866876,2541.658431234668,97.10495383840994,26.2630836071957,0.0,10.768750520452352,250,65432.171797499206,0.0
1334,470.44500000000005,22.410034811357846,234.91619641283907,37.96813500117717,2541.6584488153135,97.10495994280991,26.227911296470978,0.0,10.768787119052663,250,65432.394174821304,0.0
1335,470.45000000000005,22.429262064859884,234.2874040856757,37.86884697939532,2541.6584663959584,97.10496604720987,26.19273397919644,0.0,10.768823668819973,250,65432.616255428446,0.0
1336,470.45500000000004,22.4485034757635,233.65936509577875,37.76967230529997,2541.658483976604,97.10497215160983,26.157551662941657,0.0,10.7688601697473,250,65432.83803927822,0.0
1337,470.46000000000004,22.46775904480114,233.03207993791347,37.67061106078464,2541.6585015572496,97.10497825600979,26.122364355280595,0.0,10.768896621827679,250,65433.059526328296,0.0
1338,470.46500000000003,22.487028772693712,232.40554910624837,37.5716633276751,2541.658519137895,97.10498436040976,26.08717206379161,0.0,10.768933025054148,250,65433.28071653636,0.0
1339,470.47,22.50631266015056,231.77977309435494,37.472829187718396,2541.65853671854,97.1049904648097,26.051974796057433,0.0,10.76896937941976,250,65433.50160986022,0.0
1340,470.475,22.525610707869472,231.15475239520646,37.3741087225876,2541.6585542991857,97.10499656920966,26.01677255966518,0.0,10.769005684917575,250,65433.722206257706,0.0
1341,470.48,22.544922916536674,230.53048750117722,37.275502013876476,2541.658571879831,97.10500267360963,25.981565362206325,0.0,10.769041941540669,250,65433.94250568675,0.0
1342,470.485,22.564249286826808,229.90697890404175,37.177009143112464,2541.6585894604764,97.10500877800958,25.94635321127671,0.0,10.769078149282123,250,65434.1625081053,0.0
1343,470.49,22.58358981940293,229.28422709497355,37.07863019173715,2541.6586070411217,97.10501488240955,25.911136114476523,0.0,10.769114308135032,250,65434.3822134714,0.0
1344,470.49500000000006,22.602944514916526,228.66223256454447,36.98036524112785,2541.658624621767,97.1050209868095,25.87591407941031,0.0,10.7691504180925,250,65434.60162174315,0.0
1345,470.50000000000006,22.622313374007472,228.040995802724,36.88221437257121,2541.6586422024125,97.10502709120946,25.840687113686958,0.0,10.769186479147642,250,65434.820732878725,0.0
1346,470.50500000000005,22.641696397304045,227.42051729887785,36.784177667291196,2541.658659783058,97.10503319560942,25.805455224919676,0.0,10.769222491293583,250,65435.03954683634,0.0
1347,470.51000000000005,22.661093585422915,226.80079754176742,36.68625520643154,2541.658677363703,97.1050393000094,25.77021842072601,0.0,10.76925845452346,250,65435.25806357431,0.0
1348,470.51500000000004,22.680504938969136,226.18183701954882,36.588447071057324,2541.6586949443486,97.10504540440934,25.734976708727835,0.0,10.769294368830417,250,65435.476283050964,0.0
1349,470.52000000000004,22.699930458536137,225.56363621977215,36.49075334216217,2541.658712524994,97.10505150880931,25.699730096551328,0.0,10.769330234207615,250,65435.694205224754,0.0
1350,470.52500000000003,22.719370144705717,224.94619562938024,36.39317410066279,2541.6587301056397,97.10505761320927,25.66447859182698,0.0,10.769366050648218,250,65435.911830054145,0.0
1351,470.53000000000003,22.73882399804804,224.32951573470822,36.29570942739158,2541.6587476862846,97.10506371760921,25.629222202189585,0.0,10.769401818145408,250,65436.12915749769,0.0
1352,470.535,22.758292019121633,223.71359702148212,36.198359403116214,2541.65876526693,97.10506982200918,25.59396093527823,0.0,10.76943753669237,250,65436.34618751401,0.0
1353,470.54,22.777774208473353,223.09843997481838,36.1011241085214,2541.6587828475754,97.10507592640914,25.558694798736287,0.0,10.769473206282308,250,65436.5629200618,0.0
1354,470.545,22.797270566638424,222.48404507922285,36.00400362421456,2541.658800428221,97.1050820308091,25.523423800211415,0.0,10.769508826908426,250,65436.77935509977,0.0
1355,470.55,22.8167810941404,221.87041281858987,35.906998030731366,2541.658818008866,97.10508813520906,25.488147947355547,0.0,10.769544398563951,250,65436.99549258675,0.0
1356,470.555,22.83630579149115,221.25754367620135,35.81010740852412,2541.6588355895115,97.10509423960903,25.45286724782488,0.0,10.769579921242112,250,65437.2113324816,0.0
1357,470.56000000000006,22.85584465919089,220.64543813472608,35.713331837972795,2541.6588531701573,97.10510034400897,25.417581709279872,0.0,10.76961539493615,250,65437.42687474328,0.0
1358,470.56500000000005,22.87539769772813,220.03409667621852,35.616671399377374,2541.6588707508026,97.10510644840895,25.382291339385244,0.0,10.769650819639319,250,65437.64211933077,0.0
1359,470.57000000000005,22.89496490757971,219.42351978211818,35.520126172966805,2541.6588883314475,97.1051125528089,25.346996145809953,0.0,10.769686195344878,250,65437.85706620314,0.0
1360,470.57500000000005,22.914546289210755,218.81370793324876,35.423696238883025,2541.6589059120934,97.10511865720886,25.31169613622721,0.0,10.769721522046106,250,65438.07171531952,0.0
1361,470.58000000000004,22.934141843074705,218.20466160981704,35.32738167719805,2541.6589234927387,97.10512476160882,25.276391318314445,0.0,10.769756799736285,250,65438.28606663911,0.0
1362,470.58500000000004,22.95375156961327,217.59638129141229,35.23118256790578,2541.658941073384,97.10513086600878,25.241081699753334,0.0,10.76979202840871,250,65438.50012012118,0.0
1363,470.59000000000003,22.973375469256464,216.98886745700503,35.135098990918735,2541.658958654029,97.10513697040874,25.205767288229755,0.0,10.76982720805669,250,65438.713875725036,0.0
1364,470.595,22.993013542422567,216.3821205849466,35.03913102607541,2541.658976234675,97.1051430748087,25.170448091433812,0.0,10.769862338673537,250,65438.92733341008,0.0
1365,470.6,23.012665789518127,215.77614115296788,34.943278753135516,2541.65899381532,97.10514917920867,25.135124117059814,0.0,10.769897420252581,250,65439.14049313577,0.0
1366,470.605,23.032332210937962,215.17092963817868,34.847542251778464,2541.6590113959655,97.10515528360861,25.09979537280627,0.0,10.76993245278716,250,65439.35335486162,0.0
1367,470.61,23.052012807065154,214.5664865170667,34.75192160161036,2541.659028976611,97.10516138800858,25.064461866375876,0.0,10.769967436270619,250,65439.5659185472,0.0
1368,470.615,23.071707578271017,213.96281226549678,34.65641688215636,2541.6590465572563,97.10516749240854,25.02912360547553,0.0,10.77000237069632,250,65439.77818415219,0.0
1369,470.62000000000006,23.09141652491513,213.35990735871007,34.56102817286341,2541.6590641379016,97.1051735968085,24.99378059781629,0.0,10.770037256057632,250,65439.99015163627,0.0
1370,470.62500000000006,23.111139647345297,212.75777227132284,34.46575555310103,2541.659081718547,97.10517970120846,24.9584328511134,0.0,10.770072092347935,250,65440.20182095924,0.0
1371,470.63000000000005,23.13087694589756,212.156407477326,34.37059910216056,2541.6590992991923,97.10518580560841,24.923080373086275,0.0,10.770106879560622,250,65440.41319208095,0.0
1372,470.63500000000005,23.15062842089619,211.55581345008412,34.27555889925378,2541.6591168798377,97.10519191000837,24.887723171458475,0.0,10.770141617689093,250,65440.62426496129,0.0
1373,470.64000000000004,23.170394072653664,210.95599066233433,34.180635023514604,2541.659134460483,97.10519801440833,24.852361253957717,0.0,10.770176306726762,250,65440.83503956026,0.0
1374,470.64500000000004,23.190173901470693,210.35693958618586,34.08582755400037,2541.659152041129,97.1052041188083,24.81699462831587,0.0,10.770210946667053,250,65441.04551583787,0.0
1375,470.65000000000003,23.209967907636177,209.7586606931188,33.99113656968443,2541.659169621774,97.10521022320825,24.781623302268937,0.0,10.770245537503397,250,65441.25569375425,0.0
1376,470.65500000000003,23.22977609142723,209.1611544539834,33.896562149468,2541.659187202419,97.10521632760822,24.74624728355705,0.0,10.770280079229241,250,65441.46557326955,0.0
1377,470.66,23.249598453109147,208.5644213389992,33.802104372167385,2541.659204783065,97.10522243200818,24.71086657992447,0.0,10.77031457183804,250,65441.67515434401,0.0
1378,470.665,23.269434992935416,207.96846181775436,33.70776331652267,2541.6592223637103,97.10522853640813,24.67548119911957,0.0,10.770349015323264,250,65441.884436937944,0.0
1379,470.67,23.289285711147713,207.37327635920428,33.61353906119683,2541.6592399443552,97.10523464080809,24.640091148894847,0.0,10.770383409678383,250,65442.093421011705,0.0
1380,470.675,23.309150607975884,206.77886543167133,33.51943168476988,2541.6592575250006,97.10524074520805,24.604696437006886,0.0,10.77041775489689,250,65442.30210652573,0.0
1381,470.68,23.329029683637945,206.1852295028436,33.425441265743736,2541.6592751056464,97.10524684960801,24.56929707121638,0.0,10.770452050972281,250,65442.51049344051,0.0
1382,470.68500000000006,23.348922938340074,205.59236903977416,33.33156788254249,2541.659292686292,97.10525295400797,24.533893059288104,0.0,10.770486297898067,250,65442.7185817166,0.0
1383,470.69000000000005,23.368830372276616,205.0002845088802,33.237811613509166,2541.6593102669367,97.10525905840794,24.498484408990922,0.0,10.770520495667768,250,65442.92637131466,0.0
1384,470.69500000000005,23.388751985630055,204.40897637594244,33.1441725369067,2541.6593278475825,97.10526516280788,24.463071128097774,0.0,10.770554644274913,250,65443.13386219534,0.0
1385,470.70000000000005,23.408687778571032,203.81844510610364,33.050650730920154,2541.659345428228,97.10527126720785,24.427653224385665,0.0,10.770588743713043,250,65443.34105431942,0.0
1386,470.70500000000004,23.428637751258304,203.22869116386826,32.957246273655976,2541.6593630088732,97.10527737160781,24.39223070563566,0.0,10.770622793975715,250,65443.54794764773,0.0
1387,470.71000000000004,23.4486019038388,202.63971501310166,32.86395924313406,2541.6593805895186,97.10528347600777,24.356803579632892,0.0,10.770656795056489,250,65443.75454214114,0.0
1388,470.71500000000003,23.46858023644754,202.05151711702888,32.77078971730251,2541.659398170164,97.10528958040773,24.321371854166525,0.0,10.770690746948938,250,65443.96083776062,0.0
1389,470.72,23.48857274920768,201.46409793823403,32.67773777402639,2541.6594157508093,97.10529568480769,24.28593553702978,0.0,10.770724649646649,250,65444.16683446718,0.0
1390,470.725,23.508579442230488,200.87745793865935,32.58480349108985,2541.6594333314547,97.10530178920764,24.250494636019894,0.0,10.770758503143218,250,65444.372532221925,0.0
1391,470.73,23.528600315615357,200.29159757960448,32.49198694619472,2541.6594509121,97.1053078936076,24.21504915893815,0.0,10.77079230743225,250,65444.577930985986,0.0
1392,470.735,23.548635369449755,199.70651732172544,32.399288216966816,2541.6594684927454,97.10531399800757,24.179599113589838,0.0,10.770826062507362,250,65444.7830307206,0.0
1393,470.74,23.568684603809267,199.12221762503398,32.30670738094922,2541.659486073391,97.10532010240752,24.144144507784265,0.0,10.770859768362184,250,65444.987831387036,0.0
1394,470.74500000000006,23.588748018757567,198.5386989488965,32.214244515605714,2541.659503654036,97.10532620680749,24.108685349334745,0.0,10.770893424990353,250,65445.192332946644,0.0
1395,470.75000000000006,23.608825614346415,197.95596175203343,32.121899698318664,2541.6595212346815,97.10533231120745,24.07322164605858,0.0,10.77092703238552,250,65445.396535360844,0.0
1396,470.75500000000005,23.628917390615648,197.37400649251828,32.029673006389395,2541.659538815327,97.1053384156074,24.037753405777078,0.0,10.770960590541344,250,65445.600438591115,0.0
1397,470.76000000000005,23.649023347593175,196.7928336277768,31.937564517039696,2541.6595563959722,97.10534452000736,24.00228063631553,0.0,10.770994099451498,250,65445.804042599004,0.0
1398,470.76500000000004,23.669143485294974,196.21244361458616,31.845574307409578,2541.659573976618,97.10535062440732,23.96680334550319,0.0,10.771027559109664,250,65446.00734734612,0.0
1399,470.77000000000004,23.6892778037251,195.63283690907411,31.753702454558045,2541.659591557263,97.10535672880728,23.931321541173297,0.0,10.771060969509534,250,65446.21035279416,0.0
1400,470.77500000000003,23.70942630287564,195.0540139667181,31.66194903546373,2541.6596091379083,97.10536283320724,23.895835231163048,0.0,10.771094330644813,250,65446.41305890484,0.0
1401,470.78000000000003,23.729588982726753,194.47597524234456,31.570314127023938,2541.659626718554,97.10536893760721,23.860344423313595,0.0,10.771127642509217,250,65446.61546564,0.0
1402,470.785,23.749765843246635,193.89872119012787,31.478797806054796,2541.6596442991995,97.10537504200715,23.824849125470035,0.0,10.771160905096469,250,65446.817572961496,0.0
1403,470.79,23.769956884391515,193.32225226358977,31.387400149289483,2541.6596618798444,97.10538114640713,23.789349345481416,0.0,10.77119411840031,250,65447.01938083128,0.0
1404,470.795,23.79016210610568,192.74656891559823,31.296121233383314,2541.6596794604898,97.10538725080708,23.75384509120071,0.0,10.771227282414483,250,65447.22088921136,0.0
1405,470.8,23.810381508321413,192.17167159836706,31.204961134906956,2541.6596970411356,97.10539335520704,23.71833637048482,0.0,10.771260397132748,250,65447.42209806382,0.0
1406,470.805,23.83061509095905,191.59756076345437,31.113919930351862,2541.659714621781,97.105399459607,23.682823191194572,0.0,10.771293462548876,250,65447.62300735079,0.0
1407,470.81000000000006,23.85086285392692,191.02423686176263,31.02299769612571,2541.659732202426,97.10540556400696,23.647305561194703,0.0,10.771326478656645,250,65447.823617034475,0.0
1408,470.81500000000005,23.871124797121382,190.4517003435371,30.93219450855655,2541.6597497830717,97.10541166840692,23.611783488353854,0.0,10.771359445449846,250,65448.023927077156,0.0
1409,470.82000000000005,23.89140092042679,189.87995165836537,30.84151044388921,2541.659767363717,97.10541777280687,23.576256980544567,0.0,10.771392362922283,250,65448.22393744118,0.0
1410,470.82500000000005,23.911691223715508,189.30899125517644,30.750945578286338,2541.6597849443624,97.10542387720685,23.54072604564327,0.0,10.77142523106777,250,65448.423648088945,0.0
1411,470.83000000000004,23.931995706847886,188.73881958223978,30.660499987830327,2541.6598025250078,97.10542998160679,23.505190691530277,0.0,10.771458049880128,250,65448.62305898293,0.0
1412,470.83500000000004,23.952314369672273,188.16943708716497,30.57017374851967,2541.659820105653,97.10543608600676,23.46965092608978,0.0,10.771490819353192,250,65448.822170085674,0.0
1413,470.84000000000003,23.97264721202499,187.60084421690007,30.479966936271847,2541.6598376862985,97.10544219040672,23.434106757209843,0.0,10.77152353948081,250,65449.02098135978,0.0
1414,470.845,23.992994233730354,187.03304141773165,30.389879626922383,2541.659855266944,97.10544829480668,23.39855819278239,0.0,10.771556210256836,250,65449.21949276792,0.0
1415,470.85,24.01335543460064,186.46602913528346,30.299911896224916,2541.659872847589,97.10545439920664,23.36300524070319,0.0,10.77158883167514,250,65449.41770427285,0.0
1416,470.855,24.033730814436108,185.89980781451558,30.21006381984679,2541.6598904282346,97.1054605036066,23.32744790887187,0.0,10.771621403729602,250,65449.61561583735,0.0
1417,470.86,24.054120373024954,185.33437789972396,30.12033547337899,2541.65990800888,97.10546660800655,23.2918862051919,0.0,10.771653926414107,250,65449.8132274243,0.0
1418,470.865,24.074524110143365,184.76973983453922,30.030726932325223,2541.6599255895258,97.10547271240651,23.256320137570576,0.0,10.771686399722558,250,65450.010538996656,0.0
1419,470.87000000000006,24.094942025555454,184.20589406192616,29.941238272107853,2541.6599431701707,97.10547881680648,23.220749713919016,0.0,10.771718823648868,250,65450.20755051741,0.0
1420,470.87500000000006,24.1153741190133,183.6428410241828,29.85186956806934,2541.659960750816,97.10548492120643,23.18517494215217,0.0,10.771751198186958,250,65450.40426194963,0.0
1421,470.88000000000005,24.135820390256907,183.08058116293935,29.76262089546282,2541.6599783314614,97.1054910256064,23.14959583018878,0.0,10.77178352333076,250,65450.60067325646,0.0
1422,470.88500000000005,24.156280839014226,182.51911491915777,29.673492329466708,2541.659995912107,97.10549713000634,23.11401238595141,0.0,10.771815799074218,250,65450.7967844011,0.0
1423,470.89000000000004,24.17675546500114,181.95844273313088,29.58448394517145,2541.660013492752,97.10550323440631,23.0784246173664,0.0,10.771848025411293,250,65450.992595346834,0.0
1424,470.89500000000004,24.19724426792145,181.39856504448113,29.495595817583443,2541.6600310733975,97.10550933880627,23.042832532363906,0.0,10.771880202335947,250,65451.18810605701,0.0
1425,470.90000000000003,24.217747247466892,180.83948229216054,29.40682802163066,2541.6600486540433,97.10551544320623,23.007236138877836,0.0,10.771912329842158,250,65451.383316495005,0.0
1426,470.90500000000003,24.238264403317103,180.28119491444915,29.318180632153776,2541.6600662346887,97.10552154760619,22.971635444845894,0.0,10.771944407923913,250,65451.57822662431,0.0
1427,470.91,24.258795735139635,179.72370334895476,29.229653723912026,2541.6600838153336,97.10552765200615,22.936030458209537,0.0,10.771976436575216,250,65451.772836408476,0.0
1428,470.915,24.27934124258995,179.1670080326118,29.141247371580047,2541.6601013959794,97.1055337564061,22.900421186913988,0.0,10.772008415790074,250,65451.96714581108,0.0
1429,470.92,24.299900925311412,178.61110940168055,29.05296164975304,2541.6601189766247,97.10553986080606,22.86480763890822,0.0,10.772040345562509,250,65452.16115479583,0.0
1430,470.925,24.320474782935282,178.05600789174662,28.96479663293688,2541.66013655727,97.10554596520603,22.829189822144954,0.0,10.772072225886554,250,65452.35486332644,0.0
1431,470.93,24.34106281508069,177.5017039377197,28.876752395557734,2541.660154137915,97.10555206960598,22.79356774458064,0.0,10.772104056756252,250,65452.54827136673,0.0
1432,470.93500000000006,24.361665021354685,176.9481979738332,28.788829011957578,2541.660171718561,97.10555817400595,22.75794141417546,0.0,10.772135838165656,250,65452.74137888057,0.0
1433,470.94000000000005,24.38228140135217,176.39549043364318,28.701026556392925,2541.660189299206,97.10556427840591,22.722310838893325,0.0,10.772167570108834,250,65452.9341858319,0.0
1434,470.94500000000005,24.402911954655945,175.84358175002765,28.61334510303905,2541.6602068798516,97.10557038280587,22.68667602670185,0.0,10.772199252579865,250,65453.12669218475,0.0
1435,470.95000000000005,24.423556680836665,175.29247235518568,28.525784725985886,2541.660224460497,97.10557648720582,22.65103698557237,0.0,10.772230885572833,250,65453.31889790318,0.0
1436,470.95500000000004,24.444215579452848,174.74216268063665,28.43834549923938,2541.6602420411423,97.10558259160578,22.615393723479908,0.0,10.772262469081836,250,65453.51080295132,0.0
1437,470.96000000000004,24.464888650050888,174.19265315721964,28.351027496722118,2541.6602596217876,97.10558869600574,22.57974624840318,0.0,10.772294003100987,250,65453.7024072934,0.0
1438,470.96500000000003,24.48557589216503,173.64394421509223,28.263830792272948,2541.660277202433,97.1055948004057,22.544094568324592,0.0,10.772325487624405,250,65453.893710893695,0.0
1439,470.97,24.506277305317365,173.09603628373023,28.17675545964345,2541.6602947830784,97.10560090480567,22.508438691230225,0.0,10.772356922646223,250,65454.084713716555,0.0
1440,470.975,24.526992889017837,172.5489297919264,28.089801572506616,2541.6603123637237,97.10560700920561,22.472778625109832,0.0,10.772388308160583,250,65454.275415726384,0.0
1441,470.98,24.547722642764224,172.00262516778992,28.00296920444534,2541.660329944369,97.10561311360559,22.437114377956824,0.0,10.77241964416164,250,65454.46581688767,0.0
1442,470.985,24.568466566042154,171.45712283874553,27.916258428962824,2541.660347525015,97.10561921800554,22.401445957768264,0.0,10.772450930643561,250,65454.65591716495,0.0
1443,470.99,24.589224658325072,170.91242323153276,27.829669319475368,2541.66036510566,97.1056253224055,22.365773372544872,0.0,10.772482167600518,250,65454.84571652284,0.0
1444,470.99500000000006,24.609996919074266,170.36852677220529,27.743201949314017,2541.660382686305,97.10563142680546,22.330096630290992,0.0,10.772513355026703,250,65455.035214926036,0.0
1445,471.00000000000006,24.63078334773883,169.8254338861297,27.656856391727917,2541.660400266951,97.10563753120542,22.29441573901462,0.0,10.77254449291631,250,65455.224412339274,0.0
1446,471.00500000000005,24.651583943755693,169.28314499798535,27.570632719878883,2541.6604178475964,97.10564363560538,22.258730706727363,0.0,10.772575581263554,250,65455.41330872738,0.0
1447,471.01000000000005,24.67239870654958,168.74166053176307,27.48453100684626,2541.6604354282413,97.10564974000533,22.223041541444445,0.0,10.772606620062653,250,65455.601904055235,0.0
1448,471.01500000000004,24.69322763553305,168.20098091076468,27.39855132562321,2541.6604530088866,97.1056558444053,22.187348251184705,0.0,10.772637609307838,250,65455.79019828779,0.0
1449,471.02000000000004,24.71407073010643,167.66110655760184,27.312693749117898,2541.6604705895325,97.10566194880525,22.15165084397057,0.0,10.772668548993352,250,65455.97819139006,0.0
1450,471.02500000000003,24.734927989657894,167.12203789419576,27.226958350155943,2541.660488170178,97.10566805320522,22.115949327828087,0.0,10.77269943911345,250,65456.165883327136,0.0
1451,471.03000000000003,24.75579941356337,166.58377534177617,27.14134520147325,2541.6605057508227,97.10567415760518,22.08024371078686,0.0,10.772730279662397,250,65456.35327406418,0.0
1452,471.035,24.776685001186596,166.0463193208804,27.05585437572603,2541.6605233314685,97.10568026200514,22.044534000880088,0.0,10.772761070634472,250,65456.54036356641,0.0
1453,471.04,24.797584751879086,165.50967025135296,26.970485945482483,2541.660540912114,97.1056863664051,22.008820206144538,0.0,10.772791812023959,250,65456.72715179913,0.0
1454,471.045,24.81849866498016,164.9738285523444,26.885239983224626,2541.6605584927593,97.10569247080507,21.97310233462054,0.0,10.772822503825159,250,65456.913638727674,0.0
1455,471.05,24.839426739816886,164.43879464231077,26.800116561351803,2541.6605760734046,97.10569857520501,21.93738039435198,0.0,10.77285314603238,250,65457.09982431748,0.0
1456,471.055,24.86036897570412,163.90456893901282,26.715115752178583,2541.66059365405,97.10570467960497,21.901654393386295,0.0,10.772883738639944,250,65457.28570853405,0.0
1457,471.06000000000006,24.881325371944488,163.37115185951524,26.63023762792913,2541.6606112346954,97.10571078400494,21.865924339774452,0.0,10.772914281642183,250,65457.47129134294,0.0
1458,471.06500000000005,24.90229592782837,162.83854382018563,26.54548226074777,2541.6606288153407,97.10571688840488,21.830190241570968,0.0,10.772944775033443,250,65457.65657270977,0.0
1459,471.07000000000005,24.92328064263392,162.30674523669418,26.460849722690707,2541.660646395986,97.10572299280486,21.794452106833866,0.0,10.772975218808075,250,65457.84155260025,0.0
1460,471.07500000000005,24.944279515627034,161.77575652401256,26.376340085728533,2541.6606639766314,97.10572909720482,21.758709943624698,0.0,10.773005612960445,250,65458.02623098014,0.0
1461,471.08000000000004,24.965292546061367,161.24557809641328,26.291953421747362,2541.660681557277,97.10573520160477,21.722963760008522,0.0,10.77303595748493,250,65458.21060781527,0.0
1462,471.08500000000004,24.986319733178327,160.71621036746896,26.20768980254584,2541.660699137922,97.10574130600473,21.687213564053906,0.0,10.773066252375923,250,65458.39468307156,0.0
1463,471.09000000000003,25.007361076207054,160.18765375005145,26.123549299839006,2541.6607167185675,97.1057474104047,21.651459363832892,0.0,10.773096497627817,250,65458.57845671495,0.0
1464,471.095,25.028416574364424,159.6599086563312,26.0395319852546,2541.660734299213,97.10575351480465,21.615701167421033,0.0,10.773126693235024,250,65458.76192871151,0.0
1465,471.1,25.049486226855066,159.13297549777647,25.955637930335275,2541.6607518798583,97.10575961920462,21.57993898289734,0.0,10.77315683919197,250,65458.945099027325,0.0
1466,471.105,25.070570032871316,158.6068546851523,25.871867206536425,2541.660769460504,97.10576572360458,21.54417281834431,0.0,10.773186935493081,250,65459.12796762857,0.0
1467,471.11,25.09166799159326,158.0815466285204,25.788219885230255,2541.660787041149,97.10577182800452,21.508402681847894,0.0,10.773216982132805,250,65459.31053448148,0.0
1468,471.115,25.11278010218868,157.55705173723766,25.704696037699634,2541.6608046217943,97.1057779324045,21.4726285814975,0.0,10.773246979105595,250,65459.49279955238,0.0
1469,471.12000000000006,25.133906363813093,157.03337041995584,25.621295735142564,2541.66082220244,97.10578403680445,21.43685052538599,0.0,10.773276926405922,250,65459.67476280764,0.0
1470,471.12500000000006,25.155046775609737,156.5105030846207,25.53801904867227,2541.6608397830855,97.10579014120441,21.401068521609652,0.0,10.77330682402826,250,65459.856424213714,0.0
1471,471.13000000000005,25.176201336709536,155.9884501384713,25.454866049315072,2541.6608573637304,97.10579624560437,21.365282578268218,0.0,10.7733366719671,250,65460.037783737105,0.0
1472,471.13500000000005,25.197370046231146,155.46721198803905,25.37183680800773,2541.660874944376,97.10580235000434,21.32949270346484,0.0,10.77336647021694,250,65460.21884134441,0.0
1473,471.14000000000004,25.218552903280905,154.94678903914726,25.28893139560697,2541.6608925250216,97.10580845440428,21.293698905306087,0.0,10.773396218772296,250,65460.39959700227,0.0
1474,471.14500000000004,25.239749906952856,154.4271816969102,25.20614988287699,2541.660910105667,97.10581455880425,21.25790119190194,0.0,10.773425917627687,250,65460.58005067742,0.0
1475,471.15000000000003,25.260961056328743,153.9083903657323,25.12349234050005,2541.660927686312,97.10582066320421,21.22209957136577,0.0,10.773455566777645,250,65460.76020233662,0.0
1476,471.15500000000003,25.282186350477982,153.39041544930762,25.040958839069244,2541.6609452669577,97.10582676760417,21.18629405181435,0.0,10.773485166216721,250,65460.940051946745,0.0
1477,471.16,25.303425788457698,152.8732573506189,24.958549449091166,2541.660962847603,97.10583287200413,21.150484641367836,0.0,10.773514715939468,250,65461.119599474725,0.0
1478,471.165,25.324679369312676,152.356916471937,24.87626424098806,2541.6609804282484,97.10583897640409,21.114671348149763,0.0,10.773544215940454,250,65461.29884488754,0.0
1479,471.17,25.345947092075402,151.84139321482,24.79410328509284,2541.660998008894,97.10584508080404,21.078854180287028,0.0,10.773573666214258,250,65461.47778815225,0.0
1480,471.175,25.367228955766016,151.32668798011247,24.712066651653487,2541.661015589539,97.105851185204,21.043033145909895,0.0,10.77360306675547,250,65461.656429236,0.0
1481,471.18,25.388524959392342,150.81280116794485,24.63015441083109,2541.6610331701845,97.10585728960397,21.007208253151983,0.0,10.773632417558694,250,65461.83476810599,0.0
1482,471.18500000000006,25.409835101949866,150.29973317773263,24.548366632698112,2541.66105075083,97.10586339400392,20.971379510150253,0.0,10.773661718618543,250,65462.01280472947,0.0
1483,471.19000000000005,25.43115938242174,149.7874844081757,24.466703387242976,2541.6610683314752,97.10586949840389,20.935546925045003,0.0,10.773690969929637,250,65462.19053907378,0.0
1484,471.19500000000005,25.452497799778772,149.27605525725735,24.385164744364697,2541.6610859121206,97.10587560280385,20.89971050597986,0.0,10.773720171486614,250,65462.36797110633,0.0
1485,471.20000000000005,25.473850352979426,148.76544612224393,24.30375077387735,2541.661103492766,97.1058817072038,20.86387026110178,0.0,10.773749323284122,250,65462.5451007946,0.0
1486,471.20500000000004,25.495217040969827,148.25565739968383,24.22246154550532,2541.661121073412,97.10588781160376,20.828026198561023,0.0,10.773778425316817,250,65462.721928106126,0.0
1487,471.21000000000004,25.51659786268374,147.7466894854068,24.141297128889732,2541.6611386540567,97.10589391600372,20.79217832651116,0.0,10.773807477579371,250,65462.898453008514,0.0
1488,471.21500000000003,25.537992817042568,147.23854277452327,24.06025759358072,2541.661156234702,97.10590002040368,20.756326653109056,0.0,10.77383648006646,250,65463.07467546945,0.0
1489,471.22,25.559401902955383,146.73121766142367,23.979343009043877,2541.6611738153474,97.10590612480364,20.720471186514875,0.0,10.773865432772782,250,65463.25059545667,0.0
1490,471.225,25.58082511931886,146.22471453977772,23.898553444656415,2541.6611913959932,97.10591222920361,20.68461193489205,0.0,10.773894335693036,250,65463.42621293801,0.0
1491,471.23,25.602262465017333,145.71903380253337,23.81788896970822,2541.661208976638,97.10591833360355,20.6487489064073,0.0,10.773923188821938,250,65463.601527881336,0.0
1492,471.235,25.62371393892276,145.2141758419166,23.737349653402738,2541.6612265572835,97.10592443800353,20.612882109230597,0.0,10.773951992154213,250,65463.776540254614,0.0
1493,471.24,25.645179539894723,144.71014104943023,23.656935564856074,2541.6612441379293,97.10593054240348,20.577011551535183,0.0,10.7739807456846,250,65463.951250025864,0.0
1494,471.24500000000006,25.66665926678043,144.2069298158535,23.576646773095558,2541.6612617185747,97.10593664680344,20.541137241497548,0.0,10.774009449407847,250,65464.125657163175,0.0
1495,471.25000000000006,25.688153118414714,143.7045425312413,23.496483347062377,2541.6612792992196,97.1059427512034,20.505259187297415,0.0,10.774038103318714,250,65464.29976163472,0.0
1496,471.25500000000005,25.709661093620024,143.20297958492333,23.41644535561085,2541.6612968798654,97.10594885560336,20.469377397117754,0.0,10.774066707411974,250,65464.47356340872,0.0
1497,471.26000000000005,25.731183191206405,142.70224136550343,23.336532867505017,2541.6613144605108,97.10595496000332,20.433491879144743,0.0,10.774095261682408,250,65464.647062453485,0.0
1498,471.26500000000004,25.752719409971544,142.20232826085896,23.256745951423564,2541.661332041156,97.10596106440327,20.397602641567797,0.0,10.77412376612481,250,65464.82025873737,0.0
1499,471.27000000000004,25.774269748700714,141.70324065813992,23.177084675958014,2541.661349621801,97.10596716880325,20.361709692579524,0.0,10.774152220733985,250,65464.99315222882,0.0
1500,471.27500000000003,25.79583420616679,141.20497894376848,23.097549109611375,2541.661367202447,97.10597327320319,20.325813040375746,0.0,10.77418062550475,250,65465.16574289632,0.0
1501,471.28000000000003,25.81741278113027,140.70754350343793,23.01813932079735,2541.661384783092,97.10597937760316,20.289912693155472,0.0,10.774208980431936,250,65465.33803070849,0.0
1502,471.285,25.839005472339217,140.21093472211237,22.938855377845442,2541.6614023637376,97.10598548200312,20.254008659120895,0.0,10.774237285510377,250,65465.51001563393,0.0
1503,471.29,25.86061227852931,139.71515298402562,22.859697348993887,2541.661419944383,97.10599158640308,20.218100946477396,0.0,10.77426554073493,250,65465.68169764138,0.0
1504,471.295,25.88223319842382,139.22019867268085,22.78066530239639,2541.6614375250283,97.10599769080304,20.18218956343351,0.0,10.774293746100454,250,65465.85307669962,0.0
1505,471.3,25.90386823073359,138.72607217084956,22.70175930611606,2541.6614551056737,97.106003795203,20.146274518200947,0.0,10.774321901601825,250,65466.0241527775,0.0
1506,471.305,25.925517374157057,138.23277386057103,22.62297942812996,2541.661472686319,97.10600989960295,20.11035581899456,0.0,10.774350007233926,250,65466.194925843934,0.0
1507,471.31000000000006,25.947180627380252,137.74030412315176,22.544325736325785,2541.6614902669644,97.10601600400291,20.074433474032343,0.0,10.774378062991651,250,65466.36539586792,0.0
1508,471.31500000000005,25.968857989076753,137.24866333916444,22.465798298504513,2541.6615078476098,97.10602210840288,20.038507491535444,0.0,10.774406068869913,250,65466.53556281851,0.0
1509,471.32000000000005,25.99054945790775,136.75785188844756,22.38739718237848,2541.661525428255,97.10602821280283,20.00257787972812,0.0,10.77443402486363,250,65466.70542666485,0.0
1510,471.32500000000005,26.01225503252198,136.26787015010447,22.309122455571558,2541.661543008901,97.1060343172028,19.96664464683776,0.0,10.774461930967732,250,65466.874987376126,0.0
1511,471.33000000000004,26.033974711555754,135.77871850250293,22.230974185620852,2541.661560589546,97.10604042160276,19.93070780109487,0.0,10.774489787177162,250,65467.044244921606,0.0
1512,471.33500000000004,26.055708493632956,135.29039732327416,22.152952439975007,2541.661578170191,97.10604652600271,19.89476735073304,0.0,10.77451759348687,250,65467.21319927063,0.0
1513,471.34000000000003,26.077456377365028,134.8029069893123,22.075057285993285,2541.6615957508366,97.10605263040267,19.85882330398898,0.0,10.774545349891826,250,65467.381850392594,0.0
1514,471.345,26.09921836135097,134.31624787677376,21.99728879094844,2541.6616133314824,97.10605873480263,19.822875669102466,0.0,10.774573056387004,250,65467.550198257,0.0
1515,471.35,26.120994444177356,133.8304203610763,21.919647022025355,2541.6616309121273,97.10606483920259,19.786924454316363,0.0,10.774600712967391,250,65467.718242833376,0.0
1516,471.355,26.142784624418294,133.3454248168986,21.84213204631698,2541.6616484927727,97.10607094360255,19.75096966787661,0.0,10.77462831962799,250,65467.88598409133,0.0
1517,471.36,26.16458890063545,132.86126161817938,21.76474393083334,2541.6616660734185,97.10607704800252,19.715011318032207,0.0,10.774655876363806,250,65468.05342200056,0.0
1518,471.365,26.18640727137804,132.37793113811688,21.687482742492023,2541.661683654064,97.10608315240246,19.679049413035205,0.0,10.774683383169865,250,65468.22055653082,0.0
1519,471.37000000000006,26.208239735182836,131.895433749168,21.610348548124826,2541.6617012347087,97.10608925680243,19.643083961140704,0.0,10.774710840041202,250,65468.38738765192,0.0
1520,471.37500000000006,26.230086290574135,131.4137698230478,21.533341414473906,2541.6617188153546,97.10609536120239,19.60711497060684,0.0,10.774738246972857,250,65468.55391533378,0.0
1521,471.38000000000005,26.251946936063792,130.9329397307286,21.45646140819391,2541.661736396,97.10610146560235,19.571142449694783,0.0,10.774765603959892,250,65468.72013954634,0.0
1522,471.38500000000005,26.273821670151186,130.45294384243948,21.379708595849326,2541.6617539766453,97.10610757000231,19.535166406668722,0.0,10.774792910997373,250,65468.88606025963,0.0
1523,471.39000000000004,26.29571049132324,129.97378252766563,21.303083043918843,2541.66177155729,97.10611367440227,19.499186849795855,0.0,10.774820168080378,250,65469.05167744378,0.0
1524,471.39500000000004,26.317613398054416,129.4954561551473,21.22658481879166,2541.661789137936,97.10611977880222,19.463203787346398,0.0,10.774847375203999,250,65469.216991068926,0.0
1525,471.40000000000003,26.339530388806683,129.0179650928798,21.150213986767124,2541.6618067185814,97.10612588320218,19.427217227593545,0.0,10.774874532363338,250,65469.38200110533,0.0
1526,471.40500000000003,26.36146146202956,128.541309708112,21.073970614057757,2541.6618242992267,97.10613198760215,19.391227178813494,0.0,10.77490163955351,250,65469.54670752331,0.0
1527,471.41,26.38340661616008,128.0654903673464,20.997854766787153,2541.661841879872,97.1061380920021,19.355233649285413,0.0,10.77492869676964,250,65469.711110293225,0.0
1528,471.415,26.405365849622804,127.59050743633793,20.921866510989776,2541.6618594605175,97.10614419640207,19.319236647291447,0.0,10.774955704006866,250,65469.87520938555,0.0
1529,471.42,26.427339160829813,127.11636128009364,20.84600591261278,2541.661877041163,97.10615030080203,19.283236181116706,0.0,10.774982661260333,250,65470.0390047708,0.0
1530,471.425,26.449326548180697,126.64305226287182,20.77027303751398,2541.661894621808,97.10615640520199,19.247232259049248,0.0,10.775009568525203,250,65470.20249641955,0.0
1531,471.43,26.47132801006256,126.17058074818131,20.69466795146269,2541.6619122024535,97.10616250960194,19.21122488938008,0.0,10.775036425796648,250,65470.36568430247,0.0
1532,471.43500000000006,26.493343544850035,125.69894709878099,20.619190720138796,2541.661929783099,97.1061686140019,19.17521408040316,0.0,10.775063233069849,250,65470.5285683903,0.0
1533,471.44000000000005,26.515373150905248,125.2281516766791,20.54384140913549,2541.6619473637443,97.10617471840186,19.139199840415355,0.0,10.775089990340003,250,65470.69114865383,0.0
1534,471.44500000000005,26.537416826577836,124.75819484313236,20.468620083955408,2541.66196494439,97.10618082280182,19.103182177716462,0.0,10.775116697602314,250,65470.85342506394,0.0
1535,471.45000000000005,26.559474570204955,124.28907695864555,20.393526810013473,2541.661982525035,97.10618692720179,19.067161100609194,0.0,10.775143354852002,250,65471.01539759157,0.0
1536,471.45500000000004,26.581546380111245,123.82079838297068,20.318561652636077,2541.6620001056804,97.10619303160173,19.03113661739917,0.0,10.775169962084293,250,65471.17706620772,0.0
1537,471.46000000000004,26.603632254608854,123.3533594751065,20.243724677059333,2541.662017686326,97.1061991360017,18.9951087363949,0.0,10.775196519294429,250,65471.33843088348,0.0
1538,471.46500000000003,26.625732191997432,122.88676059329767,20.169015948433504,2541.6620352669715,97.10620524040166,18.959077465907786,0.0,10.77522302647766,250,65471.49949158999,0.0
1539,471.47,26.64784619056412,122.4210020950343,20.094435531816533,2541.6620528476165,97.10621134480162,18.923042814252103,0.0,10.775249483629251,250,65471.66024829847,0.0
1540,471.475,26.669974248583554,121.95608433705102,20.019983492182398,2541.662070428262,97.10621744920158,18.887004789745003,0.0,10.775275890744476,250,65471.82070098022,0.0
1541,471.48,26.692116364317865,121.49200767532658,19.94565989441153,2541.6620880089076,97.10622355360155,18.850963400706497,0.0,10.775302247818622,250,65471.980849606596,0.0
1542,471.485,26.714272536016665,121.02877246508304,19.871464803297165,2541.662105589553,97.1062296580015,18.814918655459454,0.0,10.775328554846991,250,65472.14069414905,0.0
1543,471.49,26.736442761917065,120.56637906078528,19.797398283545938,2541.662123170198,97.10623576240145,18.778870562329583,0.0,10.775354811824888,250,65472.30023457905,0.0
1544,471.49500000000006,26.758627040243653,120.10482781614013,19.723460399772996,2541.6621407508437,97.10624186680143,18.74281912964544,0.0,10.775381018747636,250,65472.45947086818,0.0
1545,471.50000000000006,26.7808253692085,119.64411908409595,19.64965121650527,2541.662158331489,97.10624797120137,18.706764365738394,0.0,10.775407175610567,250,65472.6184029881,0.0
1546,471.50500000000005,26.803037747011164,119.18425321684175,19.575970798182524,2541.6621759121344,97.10625407560134,18.67070627894265,0.0,10.775433282409027,250,65472.777030910496,0.0
1547,471.51000000000005,26.825264171838676,118.72523056580683,19.50241920915255,2541.66219349278,97.1062601800013,18.634644877595207,0.0,10.77545933913837,250,65472.935354607165,0.0
1548,471.51500000000004,26.847504641865545,118.26705148165978,19.428996513677617,2541.662211073425,97.10626628440126,18.598580170035884,0.0,10.775485345793966,250,65473.09337404995,0.0
1549,471.52000000000004,26.869759155253764,117.80971631430822,19.35570277593037,2541.6622286540705,97.10627238880122,18.56251216460729,0.0,10.77551130237119,250,65473.251089210775,0.0
1550,471.52500000000003,26.89202771015278,117.35322541289791,19.28253805999272,2541.662246234716,97.10627849320119,18.526440869654817,0.0,10.775537208865435,250,65473.40850006165,0.0
1551,471.53000000000003,26.914310304699534,116.89757912581217,19.209502429859395,2541.6622638153613,97.10628459760113,18.490366293526627,0.0,10.775563065272106,250,65473.565606574615,0.0
1552,471.535,26.936606937018418,116.44277780067125,19.13659594943627,2541.6622813960066,97.1062907020011,18.454288444573667,0.0,10.775588871586613,250,65473.72240872181,0.0
1553,471.54,26.958917605221306,115.98882178433168,19.0638186825391,2541.662298976652,97.10629680640106,18.41820733114963,0.0,10.775614627804382,250,65473.878906475446,0.0
1554,471.545,26.981242307407523,115.53571142288567,18.991170692897217,2541.662316557298,97.106302910801,18.38212296161097,0.0,10.775640333920851,250,65474.03509980781,0.0
1555,471.55,27.003581041663868,115.08344706166048,18.918652044149024,2541.6623341379427,97.10630901520098,18.346035344316878,0.0,10.775665989931468,250,65474.19098869121,0.0
1556,471.555,27.0259338060646,114.63202904521769,18.846262799844364,2541.662351718588,97.10631511960094,18.30994448762928,0.0,10.775691595831695,250,65474.3465730981,0.0
1557,471.56000000000006,27.048300598671442,114.18145771735269,18.7740030234443,2541.6623692992334,97.1063212240009,18.273850399912835,0.0,10.775717151617002,250,65474.50185300095,0.0
1558,471.56500000000005,27.070681417533557,113.73173342109406,18.701872778322684,2541.6623868798793,97.10632732840085,18.237753089534912,0.0,10.775742657282871,250,65474.65682837231,0.0
1559,471.57000000000005,27.093076260687596,113.2828564987029,18.629872127762308,2541.662404460524,97.10633343280082,18.20165256486559,0.0,10.7757681128248,250,65474.81149918481,0.0
1560,471.57500000000005,27.11548512615764,112.83482729167206,18.558001134957717,2541.6624220411695,97.10633953720077,18.16554883427765,0.0,10.775793518238293,250,65474.965865411155,0.0
1561,471.58000000000004,27.137908011955226,112.3876461407258,18.486259863014993,2541.6624396218153,97.10634564160074,18.129441906146564,0.0,10.77581887351887,250,65475.11992702412,0.0
1562,471.58500000000004,27.160344916079364,111.94131338581897,18.41464837495175,2541.6624572024607,97.1063517460007,18.09333178885048,0.0,10.775844178662062,250,65475.27368399653,0.0
1563,471.59000000000003,27.182795836516487,111.4958293661364,18.343166733696457,2541.6624747831056,97.10635785040066,18.05721849077023,0.0,10.775869433663408,250,65475.42713630129,0.0
1564,471.595,27.20526077124049,111.05119442009234,18.271815002087653,2541.6624923637514,97.10636395480061,18.02110202028931,0.0,10.775894638518464,250,65475.580283911404,0.0
1565,471.6,27.22773971821272,110.60740888532993,18.200593242877236,2541.662509944397,97.10637005920057,17.98498238579386,0.0,10.775919793222792,250,65475.73312679991,0.0
1566,471.605,27.250232675381966,110.16447309872036,18.129501518727018,2541.662527525042,97.10637616360053,17.948859595672687,0.0,10.77594489777197,250,65475.885664939924,0.0
1567,471.61,27.27273964068445,109.72238739636242,18.058539892208803,2541.662545105687,97.10638226800049,17.912733658317222,0.0,10.775969952161583,250,65476.03789830464,0.0
1568,471.615,27.295260612043858,109.28115211358185,17.98770842580762,2541.662562686333,97.10638837240046,17.876604582121534,0.0,10.775994956387237,250,65476.18982686734,0.0
1569,471.62000000000006,27.3177955873713,108.8407675849307,17.917007181919924,2541.6625802669782,97.1063944768004,17.84047237548231,0.0,10.776019910444537,250,65476.34145060133,0.0
1570,471.62500000000006,27.34034456456534,108.40123414418673,17.846436222851228,2541.6625978476236,97.10640058120038,17.80433704679886,0.0,10.776044814329108,250,65476.49276948002,0.0
1571,471.63000000000005,27.36290754151196,107.96255212435292,17.77599561082086,2541.662615428269,97.10640668560033,17.76819860447308,0.0,10.776069668036586,250,65476.6437834769,0.0
1572,471.63500000000005,27.385484516084606,107.52472185765662,17.705685407957095,2541.6626330089143,97.10641279000029,17.73205705690948,0.0,10.776094471562617,250,65476.79449256551,0.0
1573,471.64000000000004,27.40807548614414,107.0877436755492,17.635505676301467,2541.6626505895597,97.10641889440025,17.695912412515145,0.0,10.776119224902859,250,65476.94489671947,0.0
1574,471.64500000000004,27.430680449538873,106.65161790870526,17.56545647780516,2541.662668170205,97.10642499880021,17.65976467969974,0.0,10.77614392805298,250,65477.09499591246,0.0
1575,471.65000000000003,27.453299404104534,106.21634488702213,17.4955378743313,2541.6626857508504,97.10643110320017,17.623613866875505,0.0,10.776168581008664,250,65477.24479011827,0.0
1576,471.65500000000003,27.47593234766431,105.78192493961922,17.425749927655865,2541.662703331496,97.10643720760012,17.587459982457233,0.0,10.776193183765601,250,65477.39427931068,0.0
1577,471.66,27.498579278028778,105.34835839483748,17.356092699463975,2541.662720912141,97.1064433120001,17.551303034862276,0.0,10.776217736319499,250,65477.543463463626,0.0
1578,471.665,27.521240192995993,104.9156455802387,17.2865662513523,2541.662738492787,97.10644941640004,17.515143032510522,0.0,10.776242238666072,250,65477.692342551076,0.0
1579,471.67,27.54391509035141,104.48378682260507,17.217170644830748,2541.662756073432,97.10645552080001,17.478979983824402,0.0,10.77626669080105,250,65477.840916547066,0.0
1580,471.675,27.566603967867906,104.05278244793847,17.147905941318438,2541.6627736540772,97.10646162519997,17.44281389722886,0.0,10.77629109272017,250,65477.98918542571,0.0
1581,471.68,27.589306823305815,103.62263278145984,17.07877220214791,2541.6627912347226,97.10646772959993,17.40664478115136,0.0,10.776315444419184,250,65478.137149161186,0.0
1582,471.68500000000006,27.612023654412873,103.1933381476087,17.009769488561755,2541.6628088153684,97.10647383399989,17.370472644021888,0.0,10.776339745893857,250,65478.28480772778,0.0
1583,471.69000000000005,27.634754458924245,102.76489887004256,16.940897861714696,2541.6628263960133,97.10647993839984,17.334297494272906,0.0,10.776363997139963,250,65478.43216109979,0.0
1584,471.69500000000005,27.65749923456252,102.33731527163623,16.87215738267255,2541.6628439766587,97.1064860427998,17.29811934033938,0.0,10.77638819815329,250,65478.57920925162,0.0
1585,471.70000000000005,27.680257979037723,101.91058767448125,16.80354811241338,2541.6628615573045,97.10649214719976,17.26193819065876,0.0,10.776412348929632,250,65478.72595215774,0.0
1586,471.70500000000004,27.703030690047274,101.48471639988551,16.735070111826232,2541.66287913795,97.10649825159973,17.22575405367095,0.0,10.776436449464804,250,65478.87238979271,0.0
1587,471.71000000000004,27.72581736527605,101.0597017683723,16.666723441712048,2541.6628967185948,97.10650435599968,17.18956693781834,0.0,10.776460499754624,250,65479.01852213112,0.0
1588,471.71500000000003,27.74861800239632,100.63554409968015,16.598508162782984,2541.6629142992406,97.10651046039965,17.153376851545755,0.0,10.776484499794927,250,65479.16434914766,0.0
1589,471.72,27.77143259906778,100.21224371276183,16.53042433566391,2541.662931879886,97.1065165647996,17.117183803300478,0.0,10.776508449581558,250,65479.30987081708,0.0
1590,471.725,27.79426115293755,99.78980092578414,16.462472020889468,2541.6629494605313,97.10652266919956,17.08098780153222,0.0,10.776532349110374,250,65479.45508711422,0.0
1591,471.73,27.81710366164016,99.36821605612703,16.39465127890823,2541.662967041176,97.10652877359952,17.044788854693127,0.0,10.776556198377241,250,65479.59999801395,0.0
1592,471.735,27.83996012279757,98.94748942038333,16.32696217007914,2541.662984621822,97.10653487799948,17.008586971237758,0.0,10.776579997378043,250,65479.744603491265,0.0
1593,471.74,27.862830534019146,98.52762133435787,16.25940475467359,2541.6630022024674,97.10654098239944,16.972382159623084,0.0,10.77660374610867,250,65479.88890352118,0.0
1594,471.74500000000006,27.88571489290166,98.10861211306721,16.191979092874607,2541.6630197831128,97.1065470867994,16.936174428308473,0.0,10.776627444565024,250,65480.03289807883,0.0
1595,471.75000000000006,27.908613197029332,97.69046207073873,16.124685244776515,2541.663037363758,97.10655319119937,16.899963785755688,0.0,10.776651092743025,250,65480.17658713939,0.0
1596,471.75500000000005,27.93152544397377,97.27317152081038,16.057523270386273,2541.6630549444035,97.10655929559931,16.863750240428878,0.0,10.776674690638597,250,65480.319970678094,0.0
1597,471.76000000000005,27.954451631294,96.8567407759299,15.990493229623493,2541.663072525049,97.10656539999928,16.82753380079456,0.0,10.77669823824768,250,65480.463048670295,0.0
1598,471.76500000000004,27.97739175653646,96.44117014795448,15.923595182318314,2541.663090105694,97.10657150439924,16.79131447532161,0.0,10.776721735566225,250,65480.605821091376,0.0
1599,471.77000000000004,28.00034581723501,96.02645994794987,15.856829188213336,2541.6631076863396,97.1065776087992,16.755092272481274,0.0,10.776745182590194,250,65480.7482879168,0.0
1600,471.77500000000003,28.023313810910917,95.61261048619008,15.790195306964167,2541.663125266985,97.10658371319916,16.718867200747138,0.0,10.776768579315561,250,65480.89044912212,0.0
1601,471.78000000000003,28.046295735072864,95.1996220721568,15.72369359813687,2541.6631428476303,97.10658981759912,16.68263926859512,0.0,10.776791925738314,250,65481.032304682936,0.0
1602,471.785,28.06929158721694,94.7874950145387,15.65732412121179,2541.663160428276,97.10659592199907,16.646408484503475,0.0,10.776815221854449,250,65481.17385457494,0.0
1603,471.79,28.092301364826646,94.376229621231,15.591086935579478,2541.663178008921,97.10660202639903,16.610174856952767,0.0,10.776838467659974,250,65481.31509877387,0.0
1604,471.795,28.115325065372904,93.96582619933487,15.524982100544188,2541.6631955895664,97.106608130799,16.573938394425888,0.0,10.776861663150914,250,65481.456037255564,0.0
1605,471.8,28.13836268631403,93.55628505515688,15.459009675322385,2541.663213170212,97.10661423519895,16.537699105408013,0.0,10.776884808323299,250,65481.5966699959,0.0
1606,471.805,28.161414225095758,93.14760649420845,15.393169719041733,2541.6632307508576,97.10662033959892,16.50145699838661,0.0,10.776907903173175,250,65481.736996970874,0.0
1607,471.81000000000006,28.184479679151238,92.73979082120526,15.327462290743235,2541.6632483315025,97.10662644399888,16.46521208185145,0.0,10.776930947696599,250,65481.877018156505,0.0
1608,471.81500000000005,28.207559045901018,92.33283834006683,15.261887449380307,2541.663265912148,97.10663254839884,16.428964364294558,0.0,10.776953941889637,250,65482.01673352891,0.0
1609,471.82000000000005,28.23065232275307,91.92674935391581,15.196445253819975,2541.6632834927937,97.1066386527988,16.392713854210232,0.0,10.776976885748374,250,65482.15614306427,0.0
1610,471.82500000000005,28.25375950710276,91.52152416507748,15.131135762839241,2541.663301073439,97.10664475719875,16.35646056009502,0.0,10.776999779268898,250,65482.295246738846,0.0
1611,471.83000000000004,28.27688059633287,91.1171630750794,15.065959035130302,2541.663318654084,97.10665086159871,16.320204490447725,0.0,10.777022622447314,250,65482.434044528956,0.0
1612,471.83500000000004,28.300015587813593,90.71366638465055,15.000915129296414,2541.6633362347297,97.10665696599867,16.28394565376938,0.0,10.777045415279735,250,65482.572536411,0.0
1613,471.84000000000003,28.323164478902534,90.31103439372093,14.936004103855,2541.663353815375,97.10666307039864,16.24768405856325,0.0,10.777068157762294,250,65482.71072236145,0.0
1614,471.845,28.346327266944687,89.90926740142119,14.871226017235035,2541.6633713960205,97.10666917479858,16.21141971333482,0.0,10.777090849891126,250,65482.84860235685,0.0
1615,471.85,28.369503949272488,89.5083657060818,14.806580927779482,2541.663388976666,97.10667527919856,16.175152626591778,0.0,10.777113491662384,250,65482.98617637381,0.0
1616,471.855,28.392694523205755,89.1083296052327,14.742068893743292,2541.663406557311,97.10668138359851,16.138882806844027,0.0,10.777136083072229,250,65483.123444389006,0.0
1617,471.86,28.41589898605172,88.70915939560275,14.67768997329509,2541.6634241379566,97.10668748799847,16.102610262603644,0.0,10.777158624116835,250,65483.2604063792,0.0
1618,471.865,28.439117335105024,88.31085537311918,14.613444224516527,2541.663441718602,97.10669359239843,16.0663350023849,0.0,10.777181114792393,250,65483.39706232124,0.0
1619,471.87000000000006,28.46234956764774,87.91341783290693,14.54933170540226,2541.6634592992473,97.10669969679839,16.030057034704235,0.0,10.777203555095097,250,65483.533412191995,0.0
1620,471.87500000000006,28.485595680949306,87.51684706928843,14.485352473860194,2541.6634768798926,97.10670580119834,15.993776368080255,0.0,10.777225945021158,250,65483.66945596846,0.0
1621,471.88000000000005,28.508855672266613,87.12114337578276,14.421506587711642,2541.663494460538,97.1067119055983,15.957493011033721,0.0,10.777248284566799,250,65483.805193627675,0.0
1622,471.88500000000005,28.532129538843925,86.72630704510533,14.35779410469146,2541.663512041184,97.10671800999827,15.921206972087532,0.0,10.777270573728254,250,65483.940625146744,0.0
1623,471.89000000000004,28.55541727791295,86.33233836916713,14.294215082447591,2541.6635296218287,97.10672411439822,15.884918259766733,0.0,10.777292812501766,250,65484.07575050287,0.0
1624,471.89500000000004,28.57871888669277,85.93923763907456,14.230769578541533,2541.663547202474,97.10673021879819,15.848626882598492,0.0,10.777315000883595,250,65484.2105696733,0.0
1625,471.90000000000003,28.60203436238992,85.54700514512861,14.167457650448956,2541.6635647831195,97.10673632319815,15.812332849112092,0.0,10.77733713887001,250,65484.345082635366,0.0
1626,471.90500000000003,28.62536370219829,85.1556411768244,14.104279355558726,2541.6635823637653,97.1067424275981,15.776036167838928,0.0,10.777359226457289,250,65484.47928936647,0.0
1627,471.91,28.648706903299235,84.76514602285083,14.041234751173661,2541.66359994441,97.10674853199806,15.739736847312491,0.0,10.777381263641727,250,65484.613189844094,0.0
1628,471.915,28.67206396286149,84.37551997108977,13.978323894509936,2541.6636175250555,97.10675463639802,15.703434896068362,0.0,10.77740325041963,250,65484.74678404579,0.0
1629,471.92,28.695434878041212,83.98676330861586,13.915546842698555,2541.6636351057014,97.10676074079798,15.667130322644208,0.0,10.777425186787314,250,65484.88007194917,0.0
1630,471.925,28.71881964598197,83.59887632169581,13.852903652783718,2541.6636526863467,97.10676684519794,15.630823135579757,0.0,10.777447072741106,250,65485.013053531926,0.0
1631,471.93,28.742218263814735,83.21185929578793,13.790394381724457,2541.6636702669916,97.10677294959791,15.594513343416805,0.0,10.777468908277347,250,65485.145728771815,0.0
1632,471.93500000000006,28.765630728657907,82.82571251554165,13.728019086392859,2541.663687847637,97.10677905399785,15.5582009546992,0.0,10.77749069339239,250,65485.27809764668,0.0
1633,471.94000000000005,28.789057037617287,82.44043626479696,13.665777823577198,2541.663705428283,97.10678515839783,15.521885977972833,0.0,10.777512428082598,250,65485.41016013442,0.0
1634,471.94500000000005,28.812497187786104,82.05603082658394,13.603670649977857,2541.663723008928,97.10679126279778,15.485568421785622,0.0,10.777534112344346,250,65485.541916213035,0.0
1635,471.95000000000005,28.83595117624498,81.67249648312227,13.541697622211835,2541.663740589573,97.10679736719774,15.44924829468752,0.0,10.777555746174025,250,65485.67336586056,0.0
1636,471.95500000000004,28.859419000061973,81.28983351582076,13.479858796808712,2541.663758170219,97.1068034715977,15.412925605230486,0.0,10.777577329568032,250,65485.80450905512,0.0
1637,471.96000000000004,28.88290065629255,80.90804220527674,13.418154230214293,2541.6637757508643,97.10680957599766,15.376600361968487,0.0,10.777598862522781,250,65485.93534577491,0.0
1638,471.96500000000003,28.906396141979585,80.52712283127568,13.356583978788212,2541.6637933315096,97.10681568039762,15.340272573457488,0.0,10.777620345034691,250,65486.065875998196,0.0
1639,471.97,28.929905454153385,80.14707567279058,13.29514809880564,2541.663810912155,97.10682178479757,15.303942248255437,0.0,10.777641777100198,250,65486.19609970332,0.0
1640,471.975,28.953428589831663,79.76790100798162,13.233846646455696,2541.6638284928003,97.10682788919755,15.267609394922262,0.0,10.777663158715754,250,65486.32601686869,0.0
1641,471.98,28.976965546019557,79.38959911419552,13.172679677843604,2541.6638460734457,97.10683399359749,15.231274022019857,0.0,10.777684489877812,250,65486.455627472795,0.0
1642,471.985,29.000516319709632,79.01217026796515,13.111647248989291,2541.663863654091,97.10684009799746,15.19493613811207,0.0,10.777705770582847,250,65486.5849314942,0.0
1643,471.99,29.024080907881853,78.635614745009,13.05074941582793,2541.6638812347364,97.10684620239742,15.158595751764707,0.0,10.777727000827339,250,65486.71392891153,0.0
1644,471.99500000000006,29.04765930750363,78.25993282023074,12.989986234209928,2541.663898815382,97.10685230679738,15.122252871545504,0.0,10.777748180607785,250,65486.84261970348,0.0
1645,472.00000000000006,29.07125151552977,77.88512476771864,12.929357759901617,2541.663916396027,97.10685841119734,15.085907506024133,0.0,10.777769309920691,250,65486.97100384883,0.0
1646,472.00500000000005,29.094857528902537,77.51119086074519,12.86886404858463,2541.663933976673,97.10686451559731,15.04955966377218,0.0,10.777790388762575,250,65487.099081326414,0.0
1647,472.01000000000005,29.118477344551575,77.13813137176649,12.808505155855931,2541.663951557318,97.10687061999725,15.013209353363148,0.0,10.777811417129966,250,65487.226852115156,0.0
1648,472.01500000000004,29.142110959393992,76.76594657242197,12.748281137228792,2541.6639691379632,97.10687672439721,14.976856583372436,0.0,10.77783239501941,250,65487.35431619406,0.0
1649,472.02000000000004,29.165758370334313,76.39463673353372,12.68819204813284,2541.6639867186086,97.10688282879718,14.940501362377335,0.0,10.777853322427458,250,65487.481473542175,0.0
1650,472.02500000000003,29.189419574264477,76.02420212510609,12.62823794391247,2541.6640042992544,97.10688893319713,14.90414369895702,0.0,10.777874199350677,250,65487.60832413864,0.0
1651,472.03000000000003,29.21309456806386,75.65464301632521,12.56841887982951,2541.6640218798993,97.1068950375971,14.867783601692537,0.0,10.777895025785643,250,65487.734867962645,0.0
1652,472.035,29.23678334859927,75.28595967555854,12.508734911061515,2541.6640394605447,97.10690114199706,14.831421079166793,0.0,10.777915801728948,250,65487.861104993484,0.0
1653,472.04,29.26048591272495,74.9181523703544,12.449186092702135,2541.6640570411905,97.10690724639701,14.795056139964553,0.0,10.777936527177195,250,65487.98703521051,0.0
1654,472.045,29.284202257282555,74.55122136744141,12.389772479762076,2541.664074621836,97.10691335079697,14.758688792672421,0.0,10.777957202126993,250,65488.112658593156,0.0
1655,472.05,29.307932379101207,74.18516693272815,12.330494127168595,2541.664092202481,97.10691945519694,14.722319045878837,0.0,10.777977826574972,250,65488.2379751209,0.0
1656,472.055,29.33167627499742,73.81998933130262,12.271351089765513,2541.6641097831266,97.10692555959689,14.685946908174063,0.0,10.77799840051777,250,65488.36298477333,0.0
1657,472.06000000000006,29.355433941775175,73.45568882743177,12.212343422314193,2541.664127363772,97.10693166399686,14.64957238815018,0.0,10.778018923952034,250,65488.48768753008,0.0
1658,472.06500000000005,29.379205376225887,73.0922656845611,12.153471179492074,2541.6641449444173,97.10693776839682,14.613195494401067,0.0,10.778039396874426,250,65488.61208337086,0.0
1659,472.07000000000005,29.402990575128406,72.72972016531409,12.094734415894552,2541.6641625250622,97.10694387279676,14.576816235522408,0.0,10.778059819281621,250,65488.73617227547,0.0
1660,472.07500000000005,29.426789535249014,72.36805253149193,12.036133186034125,2541.664180105708,97.10694997719673,14.540434620111663,0.0,10.7780801911703,250,65488.85995422375,0.0
1661,472.08000000000004,29.45060225334144,72.00726304407279,11.977667544340681,2541.6641976863534,97.10695608159669,14.504050656768072,0.0,10.778100512537165,250,65488.98342919564,0.0
1662,472.08500000000004,29.47442872614686,71.64735196321163,11.919337545161996,2541.664215266999,97.10696218599665,14.467664354092642,0.0,10.778120783378922,250,65489.10659717114,0.0
1663,472.09000000000003,29.498268950393893,71.28831954823957,11.861143242763118,2541.664232847644,97.10696829039661,14.431275720688136,0.0,10.778141003692294,250,65489.22945813034,0.0
1664,472.095,29.522122922798598,70.93016605766357,11.80308469132728,2541.6642504282895,97.10697439479658,14.394884765159064,0.0,10.778161173474013,250,65489.35201205339,0.0
1665,472.1,29.54599064006449,70.57289174916585,11.745161944955699,2541.664268008935,97.10698049919652,14.358491496111672,0.0,10.778181292720822,250,65489.47425892049,0.0
1666,472.105,29.569872098882524,70.21649687960351,11.687375057668124,2541.6642855895802,97.1069866035965,14.322095922153931,0.0,10.778201361429481,250,65489.596198711944,0.0
1667,472.11,29.593767295931112,69.86098170500811,11.629724083401445,2541.6643031702256,97.10699270799645,14.285698051895537,0.0,10.778221379596758,250,65489.717831408125,0.0
1668,472.115,29.61767622787612,69.50634648058521,11.572209076012994,2541.664320750871,97.10699881239641,14.249297893947888,0.0,10.778241347219433,250,65489.839156989474,0.0
1669,472.12000000000006,29.641598891370865,69.15259146071382,11.514830089277153,2541.6643383315163,97.10700491679637,14.212895456924079,0.0,10.7782612642943,250,65489.96017543651,0.0
1670,472.12500000000006,29.66553528305612,68.79971689894613,11.457587176887579,2541.664355912162,97.10701102119633,14.176490749438896,0.0,10.778281130818163,250,65490.0808867298,0.0
1671,472.13000000000005,29.689485399560116,68.44772304800699,11.40048039245693,2541.664373492807,97.10701712559629,14.140083780108805,0.0,10.778300946787839,250,65490.20129085,0.0
1672,472.13500000000005,29.713449237498544,68.09661015979343,11.343509789517132,2541.6643910734524,97.10702322999624,14.103674557551935,0.0,10.778320712200156,250,65490.321387777854,0.0
1673,472.14000000000004,29.737426793474548,67.74637848537431,11.286675421519284,2541.664408654098,97.10702933439622,14.067263090388078,0.0,10.778340427051955,250,65490.44117749416,0.0
1674,472.14500000000004,29.76141806407876,67.3970282749898,11.229977341833832,2541.6644262347436,97.10703543879616,14.030849387238675,0.0,10.778360091340089,250,65490.56065997981,0.0
1675,472.15000000000003,29.785423045889246,67.048559778051,11.1734156037508,2541.6644438153885,97.10704154319613,13.994433456726801,0.0,10.778379705061422,250,65490.67983521573,0.0
1676,472.15500000000003,29.809441735471566,66.70097324313957,11.116990260480357,2541.664461396034,97.10704764759609,13.958015307477167,0.0,10.77839926821283,250,65490.79870318295,0.0
1677,472.16,29.83347412937873,66.35426891800715,11.060701365152273,2541.6644789766797,97.10705375199605,13.9215949481161,0.0,10.7784187807912,250,65490.91726386255,0.0
1678,472.165,29.857520224151216,66.00844704957508,11.004548970816494,2541.664496557325,97.107059856396,13.885172387271535,0.0,10.778438242793438,250,65491.03551723572,0.0
1679,472.17,29.881580016317013,65.66350788393387,10.948533130443877,2541.66451413797,97.10706596079596,13.848747633573009,0.0,10.778457654216451,250,65491.15346328369,0.0
1680,472.175,29.90565350239153,65.31945166634281,10.892653896924822,2541.6645317186158,97.10707206519592,13.812320695651648,0.0,10.778477015057167,250,65491.271101987775,0.0
1681,472.18,29.92974067887769,64.97627864122965,10.836911323071067,2541.664549299261,97.10707816959588,13.775891582140154,0.0,10.778496325312519,250,65491.38843332936,0.0
1682,472.18500000000006,29.953841542265888,64.63398905218999,10.781305461614947,2541.6645668799065,97.10708427399585,13.739460301672805,0.0,10.77851558497946,250,65491.505457289895,0.0
1683,472.19000000000005,29.977956089034,64.29258314198698,10.72583636521016,2541.664584460552,97.1070903783958,13.703026862885434,0.0,10.778534794054945,250,65491.62217385092,0.0
1684,472.19500000000005,30.002084315647387,63.95206115255092,10.67050408643089,2541.664602041197,97.10709648279577,13.666591274415424,0.0,10.77855395253595,250,65491.73858299403,0.0
1685,472.20000000000005,30.026226218558886,63.612423324978835,10.61530867777409,2541.6646196218426,97.10710258719573,13.6301535449017,0.0,10.778573060419458,250,65491.85468470091,0.0
1686,472.20500000000004,30.050381794208842,63.27366989953397,10.560250191656896,2541.664637202488,97.10710869159568,13.593713682984713,0.0,10.778592117702464,250,65491.9704789533,0.0
1687,472.21000000000004,30.074551039025074,62.935801115645496,10.505328680419309,2541.6646547831333,97.10711479599564,13.557271697306438,0.0,10.778611124381978,250,65492.08596573302,0.0
1688,472.21500000000003,30.098733949422897,62.598817211908056,10.450544196322966,2541.6646723637787,97.1071209003956,13.52082759651036,0.0,10.778630080455022,250,65492.20114502199,0.0
1689,472.22,30.122930521805134,62.26271842608139,10.395896791551538,2541.664689944424,97.10712700479556,13.484381389241456,0.0,10.778648985918625,250,65492.31601680215,0.0
1690,472.225,30.1471407525621,61.92750499508983,10.341386518211484,2541.6647075250694,97.10713310919552,13.447933084146198,0.0,10.778667840769833,250,65492.43058105555,0.0
1691,472.23,30.171364638071594,61.59317715502203,10.287013428331871,2541.6647251057148,97.10713921359549,13.411482689872539,0.0,10.7786866450057,250,65492.544837764304,0.0
1692,472.235,30.195602174698948,61.259735141130484,10.23277757386428,2541.66474268636,97.10714531799543,13.375030215069902,0.0,10.7787053986233,250,65492.658786910615,0.0
1693,472.24,30.219853358796964,60.927179187831165,10.178679006683923,2541.6647602670055,97.1071514223954,13.338575668389163,0.0,10.77872410161971,250,65492.77242847672,0.0
1694,472.24500000000006,30.244118186705986,60.59550952870307,10.124717778588817,2541.6647778476513,97.10715752679536,13.302119058482655,0.0,10.77874275399202,250,65492.88576244497,0.0
1695,472.25000000000006,30.26839665475386,60.264726396487895,10.070893941300824,2541.664795428296,97.10716363119532,13.265660394004142,0.0,10.77876135573734,250,65492.99878879775,0.0
1696,472.25500000000005,30.292688759255917,59.93483002308962,10.017207546464968,2541.6648130089416,97.10716973559528,13.229199683608822,0.0,10.778779906852781,250,65493.111507517555,0.0
1697,472.26000000000005,30.316994496515058,59.60582063957407,9.963658645650927,2541.6648305895874,97.10717583999524,13.192736935953313,0.0,10.778798407335474,250,65493.22391858694,0.0
1698,472.26500000000004,30.341313862821654,59.277698476168645,9.910247290352466,2541.6648481702327,97.1071819443952,13.156272159695636,0.0,10.778816857182557,250,65493.336021988514,0.0
1699,472.27000000000004,30.36564685445361,58.95046376226175,9.856973531987105,2541.6648657508777,97.10718804879515,13.119805363495217,0.0,10.778835256391186,250,65493.44781770498,0.0
1700,472.27500000000003,30.389993467676383,58.624116726402555,9.803837421897862,2541.664883331523,97.10719415319512,13.083336556012865,0.0,10.778853604958524,250,65493.55930571912,0.0
1701,472.28000000000003,30.414353698742918,58.298657596300615,9.750839011352163,2541.664900912169,97.10720025759507,13.04686574591077,0.0,10.778871902881745,250,65493.670486013754,0.0
1702,472.285,30.43872754389372,57.97408659882541,9.697978351542204,2541.664918492814,97.10720636199504,13.010392941852487,0.0,10.77889015015804,250,65493.781358571825,0.0
1703,472.29,30.46311499935682,57.65040396000594,9.645255493586435,2541.664936073459,97.107212466395,12.973918152502934,0.0,10.77890834678461,250,65493.89192337631,0.0
1704,472.295,30.48751606134776,57.32760990503047,9.592670488528437,2541.664953654105,97.10721857079496,12.937441386528368,0.0,10.778926492758666,250,65494.00218041027,0.0
1705,472.3,30.511930726069668,57.005704658246074,9.540223387337637,2541.6649712347503,97.10722467519491,12.900962652596393,0.0,10.778944588077433,250,65494.11212965685,0.0
1706,472.305,30.53635898971316,56.68468844315826,9.487914240909289,2541.6649888153956,97.10723077959487,12.864481959375931,0.0,10.77896263273815,250,65494.22177109926,0.0
1707,472.31000000000006,30.56080084845645,56.36456148243062,9.435743100065705,2541.665006396041,97.10723688399483,12.827999315537225,0.0,10.778980626738061,250,65494.331104720775,0.0
1708,472.31500000000005,30.585256298465268,56.04532399788443,9.38371001555528,2541.6650239766864,97.10724298839479,12.791514729751821,0.0,10.778998570074432,250,65494.44013050476,0.0
1709,472.32000000000005,30.609725335892893,55.72697621049831,9.331815038053511,2541.6650415573317,97.10724909279476,12.755028210692565,0.0,10.779016462744533,250,65494.548848434635,0.0
1710,472.32500000000005,30.63420795688019,55.40951834040787,9.280058218162907,2541.665059137977,97.1072551971947,12.718539767033585,0.0,10.779034304745648,250,65494.657258493906,0.0
1711,472.33000000000004,30.65870415755553,55.092950606905276,9.228439606413579,2541.6650767186225,97.10726130159468,12.682049407450286,0.0,10.779052096075075,250,65494.76536066615,0.0
1712,472.33500000000004,30.683213934034907,54.77727322843898,9.17695925326327,2541.665094299268,97.10726740599463,12.645557140619339,0.0,10.779069836730123,250,65494.873154935005,0.0
1713,472.34000000000003,30.70773728242184,54.462486422613296,9.125617209097292,2541.665111879913,97.10727351039459,12.609062975218663,0.0,10.779087526708112,250,65494.98064128421,0.0
1714,472.345,30.732274198807414,54.14859040618801,9.074413524230179,2541.665129460559,97.10727961479455,12.572566919927429,0.0,10.779105166006376,250,65495.08781969754,0.0
1715,472.35,30.756824679270295,53.83558539507817,9.023348248903796,2541.665147041204,97.10728571919451,12.536068983426036,0.0,10.779122754622259,250,65495.19469015888,0.0
1716,472.355,30.78138871987673,53.52347160435352,8.97242143328969,2541.6651646218493,97.10729182359447,12.499569174396111,0.0,10.77914029255312,250,65495.30125265216,0.0
1717,472.36,30.80596631668054,53.21224924823832,8.921633127488287,2541.6651822024946,97.10729792799442,12.463067501520488,0.0,10.779157779796325,250,65495.4075071614,0.0
1718,472.365,30.830557465723114,52.901918540110934,8.870983381528893,2541.6651997831405,97.1073040323944,12.426563973483207,0.0,10.779175216349257,250,65495.51345367069,0.0
1719,472.37000000000006,30.85516216303344,52.59247969250343,8.82047224537148,2541.6652173637854,97.10731013679434,12.390058598969498,0.0,10.77919260220931,250,65495.61909216419,0.0
1720,472.37500000000006,30.879780404628104,52.28393291710131,8.77009976890533,2541.6652349444307,97.10731624119431,12.353551386665771,0.0,10.779209937373889,250,65495.72442262613,0.0
1721,472.38000000000005,30.90441218651125,51.976278424743114,8.719866001949836,2541.6652525250765,97.10732234559427,12.31704234525961,0.0,10.77922722184041,250,65495.82944504082,0.0
1722,472.38500000000005,30.929057504674653,51.66951642542015,8.669770994255598,2541.665270105722,97.10732844999423,12.28053148343976,0.0,10.779244455606303,250,65495.93415939263,0.0
1723,472.39000000000004,30.953716355097672,51.36364712827601,8.619814795503874,2541.665287686367,97.10733455439419,12.24401880989611,0.0,10.77926163866901,250,65496.03856566603,0.0
1724,472.39500000000004,30.97838873374726,51.058670741606385,8.569997455306815,2541.6653052670126,97.10734065879414,12.207504333319692,0.0,10.779278771025982,250,65496.142663845545,0.0
1725,472.40000000000003,31.003074636577995,50.75458747285861,8.520319023208659,2541.665322847658,97.1073467631941,12.170988062402666,0.0,10.779295852674691,250,65496.24645391577,0.0
1726,472.40500000000003,31.027774059532067,50.45139752863141,8.47077954868522,2541.6653404283034,97.10735286759406,12.134470005838308,0.0,10.779312883612608,250,65496.34993586139,0.0
1727,472.41,31.052486998539255,50.14910111467451,8.4213790811448,2541.6653580089483,97.10735897199403,12.097950172321005,0.0,10.779329863837226,250,65496.45310966714,0.0
1728,472.415,31.077213449516975,49.84769843588831,8.372117669927578,2541.665375589594,97.10736507639398,12.061428570546235,0.0,10.779346793346045,250,65496.555975317846,0.0
1729,472.42,31.10195340837027,49.54718969632361,8.322995364307417,2541.6653931702394,97.10737118079395,12.02490520921057,0.0,10.779363672136583,250,65496.6585327984,0.0
1730,472.425,31.126706870991793,49.24757509918121,8.274012213490487,2541.665410750885,97.1073772851939,11.98838009701165,0.0,10.77938050020636,250,65496.76078209376,0.0
1731,472.43,31.151473833261843,48.94885484681163,8.225168266617173,2541.66542833153,97.10738338959386,11.95185324264818,0.0,10.779397277552919,250,65496.862723189,0.0
1732,472.43500000000006,31.176254291048345,48.65102914071473,8.176463572761696,2541.6654459121755,97.10738949399382,11.915324654819926,0.0,10.779414004173805,250,65496.9643560692,0.0
1733,472.44000000000005,31.20104824020686,48.354098181539456,8.127898180932352,2541.665463492821,97.1073955983938,11.878794342227689,0.0,10.779430680066586,250,65497.06568071955,0.0
1734,472.44500000000005,31.22585567658059,48.05806216908349,8.079472140071864,2541.6654810734663,97.10740170279374,11.842262313573308,0.0,10.779447305228834,250,65497.166697125336,0.0
1735,472.45000000000005,31.250676596000392,47.76292130229292,8.031185499058328,2541.6654986541116,97.1074078071937,11.80572857755964,0.0,10.779463879658133,250,65497.267405271865,0.0
1736,472.45500000000004,31.275510994284776,47.46867577926196,7.983038306704992,2541.665516234757,97.10741391159367,11.769193142890554,0.0,10.779480403352084,250,65497.36780514456,0.0
1737,472.46000000000004,31.300358867239897,47.175325797232524,7.935030611760409,2541.6655338154023,97.10742001599361,11.73265601827092,0.0,10.779496876308297,250,65497.4678967289,0.0
1738,472.46500000000003,31.325220210659573,46.88287155259409,7.887162462910002,2541.665551396048,97.10742612039358,11.696117212406598,0.0,10.779513298524396,250,65497.56768001044,0.0
1739,472.47,31.35009502032528,46.59131324088326,7.839433908774978,2541.665568976693,97.10743222479354,11.659576734004425,0.0,10.779529669998013,250,65497.66715497481,0.0
1740,472.475,31.37498329200617,46.30065105678346,7.791844997913573,2541.6655865573384,97.1074383291935,11.623034591772207,0.0,10.779545990726797,250,65497.76632160771,0.0
1741,472.48,31.39988502145907,46.0108851941247,7.74439577882138,2541.6656041379842,97.10744443359346,11.586490794418703,0.0,10.779562260708406,250,65497.865179894914,0.0
1742,472.485,31.424800204428468,45.72201584588321,7.6970862999313585,2541.6656217186296,97.10745053799343,11.549945350653624,0.0,10.779578479940511,250,65497.96372982228,0.0
1743,472.49,31.449728836646546,45.43404320418116,7.649916609614659,2541.6656392992745,97.10745664239337,11.513398269187613,0.0,10.779594648420796,250,65498.06197137571,0.0
1744,472.49500000000006,31.474670913833176,45.146967460286334,7.602886756181,2541.66565687992,97.10746274679335,11.476849558732233,0.0,10.779610766146954,250,65498.15990454121,0.0
1745,472.50000000000006,31.499626431695912,44.860788804611886,7.555996787878251,2541.6656744605657,97.1074688511933,11.44029922799997,0.0,10.779626833116694,250,65498.25752930485,0.0
1746,472.50500000000005,31.524595385929995,44.57550742671598,7.509246752894414,2541.665692041211,97.10747495559325,11.4037472857042,0.0,10.779642849327734,250,65498.35484565277,0.0
1747,472.51000000000005,31.549577772218385,44.2911235153015,7.462636699356621,2541.665709621856,97.10748105999322,11.367193740559204,0.0,10.779658814777807,250,65498.4518535712,0.0
1748,472.51500000000004,31.574573586231722,44.00763725821586,7.416166675332297,2541.665727202502,97.10748716439318,11.330638601280128,0.0,10.779674729464656,250,65498.5485530464,0.0
1749,472.52000000000004,31.59958282362838,43.72504884245056,7.369836728828959,2541.665744783147,97.10749326879314,11.294081876583002,0.0,10.779690593386036,250,65498.64494406476,0.0
1750,472.52500000000003,31.62460548005444,43.44335845414097,7.323646907795479,2541.6657623637925,97.1074993731931,11.257523575184702,0.0,10.779706406539715,250,65498.74102661271,0.0
1751,472.53000000000003,31.649641551143677,43.16256627856609,7.277597260122044,2541.6657799444374,97.10750547759307,11.22096370580296,0.0,10.779722168923474,250,65498.83680067676,0.0
1752,472.535,31.67469103251763,42.882672500148175,7.231687833640632,2541.6657975250832,97.10751158199301,11.184402277156341,0.0,10.779737880535105,250,65498.932266243486,0.0
1753,472.54,31.699753919785525,42.60367730245251,7.1859186761254765,2541.6658151057286,97.10751768639298,11.147839297964232,0.0,10.779753541372411,250,65499.027423299565,0.0
1754,472.545,31.72483020854437,42.32558086818709,7.140289835293403,2541.665832686374,97.10752379079294,11.111274776946836,0.0,10.779769151433207,250,65499.1222718317,0.0
1755,472.55,31.74991989437885,42.04838337920239,7.094801358804642,2541.6658502670193,97.1075298951929,11.07470872282516,0.0,10.779784710715324,250,65499.216811826715,0.0
1756,472.555,31.77502297286144,41.77208501649104,7.04945329426308,2541.6658678476647,97.10753599959286,11.038141144321003,0.0,10.779800219216602,250,65499.31104327148,0.0
1757,472.56000000000006,31.800139439552357,41.4966859601876,7.004245689216453,2541.66588542831,97.10754210399281,11.001572050156941,0.0,10.779815676934891,250,65499.40496615295,0.0
1758,472.56500000000005,31.825269289999547,41.2221863895682,6.959178591157447,2541.6659030089554,97.10754820839277,10.96500144905632,0.0,10.779831083868059,250,65499.49858045816,0.0
1759,472.57000000000005,31.850412519738743,40.9485864830504,6.914252047523798,2541.665920589601,97.10755431279273,10.928429349743247,0.0,10.77984644001398,250,65499.59188617419,0.0
1760,472.57500000000005,31.87556912429344,40.67588641819276,6.869466105698599,2541.665938170246,97.1075604171927,10.891855760942574,0.0,10.779861745370544,250,65499.68488328822,0.0
1761,472.58000000000004,31.90073909917486,40.404086371694746,6.824820813011125,2541.6659557508915,97.10756652159264,10.855280691379885,0.0,10.779876999935652,250,65499.7775717875,0.0
1762,472.58500000000004,31.925922439882058,40.13318651939632,6.780316216737437,2541.6659733315373,97.10757262599262,10.818704149781494,0.0,10.779892203707217,250,65499.86995165934,0.0
1763,472.59000000000003,31.951119141901835,39.86318703627775,6.735952364100385,2541.665990912182,97.10757873039258,10.782126144874423,0.0,10.779907356683164,250,65499.96202289115,0.0
1764,472.595,31.976329200708783,39.594088096459345,6.69172930227062,2541.6660084928276,97.10758483479253,10.745546685386401,0.0,10.779922458861432,250,65500.05378547039,0.0
1765,472.6,32.001552611765284,39.325889873201184,6.6476470783669335,2541.6660260734734,97.10759093919249,10.708965780045837,0.0,10.779937510239968,250,65500.14523938459,0.0
1766,472.605,32.02678937052151,39.058592538902815,6.603705739456723,2541.6660436541188,97.10759704359245,10.672383437581829,0.0,10.779952510816736,250,65500.23638462138,0.0
1767,472.61,32.052039472415466,38.79219626510313,6.5599053325565695,2541.6660612347637,97.1076031479924,10.63579966672414,0.0,10.779967460589706,250,65500.32722116843,0.0
1768,472.615,32.07730291287291,38.52670122247995,6.516245904632788,2541.666078815409,97.10760925239236,10.599214476203183,0.0,10.779982359556866,250,65500.41774901351,0.0
1769,472.62000000000006,32.10257968730747,38.262107580849886,6.472727502602029,2541.666096396055,97.10761535679234,10.562627874750023,0.0,10.779997207716216,250,65500.50796814447,0.0
1770,472.62500000000006,32.12786979112054,37.99841550916806,6.4293501733319625,2541.6661139767,97.10762146119228,10.526039871096355,0.0,10.780012005065764,250,65500.5978785492,0.0
1771,472.63000000000005,32.15317321970138,37.735625175527844,6.386113963641432,2541.666131557345,97.10762756559225,10.489450473974495,0.0,10.78002675160353,250,65500.68748021569,0.0
1772,472.63500000000005,32.17848996842705,37.473736747160615,6.34301892030108,2541.666149137991,97.10763366999221,10.452859692117368,0.0,10.780041447327553,250,65500.77677313199,0.0
1773,472.64000000000004,32.20382003266247,37.212750390435545,6.300065090034608,2541.6661667186363,97.10763977439217,10.4162675342585,0.0,10.780056092235876,250,65500.865757286236,0.0
1774,472.64500000000004,32.22916340776039,36.952666270859325,6.257252519518703,2541.6661842992817,97.10764587879213,10.379674009132001,0.0,10.780070686326559,250,65500.95443266663,0.0
1775,472.65000000000003,32.25452008906141,36.693484553075926,6.214581255383571,2541.666201879927,97.10765198319208,10.34307912547256,0.0,10.780085229597672,250,65501.04279926145,0.0
1776,472.65500000000003,32.27989007189396,36.435205400866394,6.1720513442138145,2541.6662194605724,97.10765808759204,10.306482892015426,0.0,10.780099722047298,250,65501.13085705905,0.0
1777,472.66,32.30527335157437,36.17782897714861,6.129662832549037,2541.6662370412178,97.107664191992,10.2698853174964,0.0,10.780114163673531,250,65501.21860604784,0.0
1778,472.665,32.3306699234068,35.92135544397701,6.0874157668846465,2541.666254621863,97.10767029639197,10.233286410651823,0.0,10.78012855447448,250,65501.30604621634,0.0
1779,472.67,32.35607978268332,35.66578496254242,6.045310193671982,2541.6662722025085,97.10767640079192,10.19668618021857,0.0,10.780142894448264,250,65501.39317755311,0.0
1780,472.675,32.38150292468382,35.41111769317176,6.003346159319272,2541.666289783154,97.10768250519189,10.160084634934027,0.0,10.780157183593015,250,65501.4800000468,0.0
1781,472.68,32.40693934467613,35.15735379532792,5.961523710192076,2541.666307363799,97.10768860959185,10.123481783536088,0.0,10.780171421906873,250,65501.56651368613,0.0
1782,472.68500000000006,32.43238903791596,34.90449342760942,5.919842892614148,2541.666324944445,97.1076947139918,10.086877634763136,0.0,10.780185609387997,250,65501.65271845989,0.0
1783,472.69000000000005,32.457851999646884,34.65253674775025,5.8783037528680255,2541.66634252509,97.10770081839176,10.050272197354044,0.0,10.780199746034553,250,65501.73861435694,0.0
1784,472.69500000000005,32.483328225100394,34.40148391261963,5.836906337195678,2541.6663601057353,97.10770692279172,10.013665480048145,0.0,10.780213831844721,250,65501.82420136623,0.0
1785,472.70000000000005,32.50881770949592,34.151335078221834,5.795650691799442,2541.6663776863807,97.10771302719168,9.977057491585237,0.0,10.780227866816693,250,65501.909479476766,0.0
1786,472.70500000000004,32.534320448040766,33.90209039969592,5.754536862841839,2541.6663952670265,97.10771913159164,9.940448240705559,0.0,10.780241850948675,250,65501.99444867765,0.0
1787,472.71000000000004,32.55983643593018,33.653750031315546,5.7135648964474255,2541.6664128476714,97.10772523599161,9.903837736149788,0.0,10.78025578423888,250,65502.07910895803,0.0
1788,472.71500000000003,32.58536566834733,33.40631412648874,5.672734838702525,2541.6664304283167,97.10773134039155,9.867225986659019,0.0,10.78026966668554,250,65502.16346030716,0.0
1789,472.72,32.61090814046332,33.15978283775772,5.632046735656618,2541.6664480089626,97.10773744479152,9.830613000974761,0.0,10.780283498286893,250,65502.24750271433,0.0
1790,472.725,32.63646384743721,32.91415631679866,5.591500633322834,2541.666465589608,97.10774354919148,9.79399878783892,0.0,10.780297279041193,250,65502.33123616893,0.0
1791,472.73,32.662032784415985,32.66943471442149,5.551096577678355,2541.666483170253,97.10774965359144,9.757383355993786,0.0,10.780311008946704,250,65502.414660660426,0.0
1792,472.735,32.687614946534616,32.4256181805697,5.51083461466569,2541.6665007508986,97.1077557579914,9.720766714182027,0.0,10.780324688001702,250,65502.49777617833,0.0
1793,472.74,32.713210328915984,32.18270686432016,5.470714790192965,2541.666518331544,97.10776186239136,9.684148871146666,0.0,10.78033831620448,250,65502.58058271227,0.0
1794,472.74500000000006,32.73881892667101,31.94070091388285,5.4307371501351405,2541.6665359121894,97.10776796679131,9.647529835631083,0.0,10.780351893553336,250,65502.6630802519,0.0
1795,472.75000000000006,32.76444073489852,31.699600476600747,5.390901740334342,2541.6665534928343,97.10777407119127,9.610909616378992,0.0,10.780365420046584,250,65502.74526878699,0.0
1796,472.75500000000005,32.790075748685375,31.459405698949585,5.351208606600681,2541.66657107348,97.10778017559124,9.574288222134433,0.0,10.78037889568255,250,65502.82714830736,0.0
1797,472.76000000000005,32.8157239631064,31.220116726537675,5.311657794713625,2541.6665886541255,97.10778627999119,9.53766566164176,0.0,10.780392320459573,250,65502.908718802915,0.0
1798,472.76500000000004,32.84138537322442,30.981733704105714,5.272249350421925,2541.666606234771,97.10779238439116,9.501041943645628,0.0,10.780405694375998,250,65502.98998026362,0.0
1799,472.77000000000004,32.86705997409026,30.744256775526583,5.23298331944504,2541.666623815416,97.10779848879112,9.464417076890978,0.0,10.780419017430193,250,65503.070932679526,0.0
1800,472.77500000000003,32.89274776074278,30.507686083805183,5.193859747473736,2541.6666413960616,97.10780459319108,9.42779107012303,0.0,10.78043228962053,250,65503.15157604076,0.0
1801,472.78000000000003,32.91844872820882,30.27202177107823,5.154878680170946,2541.666658976707,97.10781069759103,9.391163932087268,0.0,10.780445510945393,250,65503.231910337505,0.0
1802,472.785,32.94416287150328,30.037263978614092,5.116040163172605,2541.6666765573523,97.10781680199099,9.354535671529426,0.0,10.780458681403184,250,65503.311935560036,0.0
1803,472.79,32.96989018562907,29.80341284681261,5.077344242088628,2541.6666941379976,97.10782290639095,9.31790629719548,0.0,10.780471800992311,250,65503.391651698694,0.0
1804,472.795,32.99563066557716,29.570468515204915,5.038790962503433,2541.666711718643,97.10782901079091,9.281275817831629,0.0,10.780484869711199,250,65503.4710587439,0.0
1805,472.8,33.021384306326546,29.338431122453233,5.000380369977284,2541.6667292992884,97.10783511519088,9.24464424218429,0.0,10.780497887558278,250,65503.550156686135,0.0
1806,472.805,33.04715110284429,29.10730080635074,4.962112510046828,2541.666746879934,97.10784121959082,9.208011579000079,0.0,10.780510854532,250,65503.628945515964,0.0
1807,472.81000000000006,33.07293105008552,28.87707770382137,4.923987428226136,2541.666764460579,97.1078473239908,9.171377837025801,0.0,10.780523770630824,250,65503.70742522404,0.0
1808,472.81500000000005,33.09872414299343,28.647761950919673,4.886005170007529,2541.6667820412245,97.10785342839075,9.134743025008442,0.0,10.780536635853219,250,65503.78559580106,0.0
1809,472.82000000000005,33.124530376499294,28.419353682830632,4.848165780862713,2541.66679962187,97.10785953279071,9.098107151695148,0.0,10.78054945019767,250,65503.863457237814,0.0
1810,472.82500000000005,33.15034974552247,28.19185303386949,4.810469306243502,2541.6668172025156,97.10786563719067,9.061470225833217,0.0,10.780562213662671,250,65503.94100952516,0.0
1811,472.83000000000004,33.1761822449704,27.9652601374816,4.772915791582704,2541.6668347831605,97.10787174159063,9.024832256170086,0.0,10.78057492624673,250,65504.01825265403,0.0
1812,472.83500000000004,33.20202786973866,27.73957512624227,4.735505282295424,2541.666852363806,97.10787784599059,8.988193251453318,0.0,10.78058758794837,250,65504.09518661543,0.0
1813,472.84000000000003,33.227886614710876,27.514798131856587,4.698237823779854,2541.6668699444517,97.10788395039054,8.95155322043059,0.0,10.78060019876612,250,65504.17181140045,0.0
1814,472.845,33.25375847475887,27.29092928515928,4.661113461418075,2541.666887525097,97.10789005479052,8.914912171849679,0.0,10.780612758698522,250,65504.24812700022,0.0
1815,472.85,33.27964344474252,27.06796871611456,4.624132240577382,2541.666905105742,97.10789615919046,8.878270114458447,0.0,10.780625267744139,250,65504.324133405986,0.0
1816,472.855,33.30554151950986,26.845916553815968,4.587294206611103,2541.666922686388,97.10790226359043,8.841627057004835,0.0,10.780637725901531,250,65504.39983060905,0.0
1817,472.86,33.331452693897084,26.62477292648622,4.550599404859655,2541.666940267033,97.10790836799039,8.804983008236846,0.0,10.780650133169289,250,65504.4752186008,0.0
1818,472.865,33.35737696272852,26.404537961477065,4.514047880651856,2541.6669578476785,97.10791447239035,8.768337976902524,0.0,10.780662489545996,250,65504.55029737266,0.0
1819,472.87000000000006,33.38331432081666,26.185211785269153,4.477639679305388,2541.6669754283234,97.1079205767903,8.731691971749957,0.0,10.780674795030263,250,65504.625066916175,0.0
1820,472.87500000000006,33.40926476296214,25.966794523471865,4.4413748461286255,2541.6669930089693,97.10792668119026,8.695045001527252,0.0,10.780687049620704,250,65504.699527222925,0.0
1821,472.88000000000005,33.4352282839538,25.749286300823222,4.405253426421037,2541.6670105896146,97.10793278559022,8.658397074982528,0.0,10.780699253315952,250,65504.77367828459,0.0
1822,472.88500000000005,33.46120487856865,25.532687241189663,4.369275465474973,2541.66702817026,97.10793888999018,8.621748200863896,0.0,10.780711406114644,250,65504.847520092924,0.0
1823,472.89000000000004,33.4871945415719,25.31699746756601,4.333441008576115,2541.6670457509053,97.10794499439015,8.585098387919457,0.0,10.780723508015436,250,65504.92105263974,0.0
1824,472.89500000000004,33.51319726771694,25.102217102075283,4.297750101005036,2541.6670633315507,97.1079510987901,8.548447644897275,0.0,10.780735559016993,250,65504.994275916906,0.0
1825,472.90000000000003,33.53921305174539,24.888346265968522,4.262202788038417,2541.667080912196,97.10795720319007,8.511795980545378,0.0,10.78074755911799,250,65505.067189916415,0.0
1826,472.90500000000003,33.565241888387085,24.675385079624764,4.226799114949763,2541.6670984928414,97.10796330759003,8.47514340361173,0.0,10.780759508317125,250,65505.139794630304,0.0
1827,472.91,33.59128377236007,24.463333662550834,4.19153912701119,2541.667116073487,97.10796941198998,8.43848992284423,0.0,10.780771406613091,250,65505.21209005068,0.0
1828,472.915,33.617338698370645,24.252192133381257,4.156422869494168,2541.667133654132,97.10797551638994,8.401835546990696,0.0,10.780783254004609,250,65505.284076169744,0.0
1829,472.92,33.64340666111334,24.041960609878128,4.121450387670966,2541.6671512347775,97.1079816207899,8.365180284798843,0.0,10.7807950504904,250,65505.35575297974,0.0
1830,472.925,33.66948765527095,23.832639208930978,4.086621726815859,2541.6671688154233,97.10798772518986,8.328524145016283,0.0,10.780806796069209,250,65505.42712047302,0.0
1831,472.93,33.695581675514525,23.624228046556674,4.051936932206419,2541.6671863960682,97.10799382958982,8.291867136390495,0.0,10.780818490739781,250,65505.49817864199,0.0
1832,472.93500000000006,33.72168871650337,23.416727237899302,4.017396049124803,2541.6672039767136,97.10799993398979,8.25520926766883,0.0,10.780830134500883,250,65505.56892747912,0.0
1833,472.94000000000005,33.74780877288512,23.21013689723005,3.9829991228587676,2541.6672215573594,97.10800603838973,8.218550547598484,0.0,10.780841727351287,250,65505.63936697699,0.0
1834,472.94500000000005,33.773941839295645,23.004457137947096,3.9487461987035135,2541.667239138005,97.1080121427897,8.181890984926488,0.0,10.78085326928978,250,65505.7094971282,0.0
1835,472.95000000000005,33.80008791035913,22.799688072575513,3.9146373219627026,2541.6672567186497,97.10801824718966,8.145230588399697,0.0,10.780864760315165,250,65505.77931792549,0.0
1836,472.95500000000004,33.8262469806881,22.595829812767118,3.880672537949674,2541.667274299295,97.10802435158962,8.10856936676477,0.0,10.78087620042625,250,65505.84882936162,0.0
1837,472.96000000000004,33.852419044883355,22.39288246930045,3.8468518919893566,2541.667291879941,97.10803045598958,8.071907328768168,0.0,10.780887589621862,250,65505.91803142943,0.0
1838,472.96500000000003,33.878604097534044,22.190846152080592,3.8131754294189406,2541.6673094605862,97.10803656038955,8.035244483156122,0.0,10.780898927900832,250,65505.98692412187,0.0
1839,472.97,33.90480213321766,21.98972097013909,3.779643195590009,2541.667327041231,97.1080426647895,7.998580838674638,0.0,10.780910215262013,250,65506.05550743192,0.0
1840,472.975,33.93101314650001,21.789507031633892,3.7462552358694117,2541.667344621877,97.10804876918945,7.961916404069468,0.0,10.78092145170426,250,65506.12378135267,0.0
1841,472.98,33.95723713193529,21.590204443849224,3.713011595641253,2541.6673622025223,97.10805487358942,7.925251188086106,0.0,10.780932637226451,250,65506.191745877266,0.0
1842,472.985,33.98347408406606,21.391813313195478,3.6799123203078317,2541.6673797831677,97.10806097798937,7.88858519946977,0.0,10.780943771827465,250,65506.259400998904,0.0
1843,472.99,34.00972399742324,21.19433374520917,3.646957455291666,2541.667397363813,97.10806708238934,7.851918446965388,0.0,10.780954855506202,250,65506.32674671092,0.0
1844,472.99500000000006,34.035986866526144,20.997765844552827,3.6141470460366896,2541.6674149444584,97.1080731867893,7.81525093931758,0.0,10.78096588826157,250,65506.39378300665,0.0
1845,473.00000000000006,34.06226268588248,20.802109715014872,3.581481138009829,2541.667432525104,97.10807929118926,7.7785826852706546,0.0,10.780976870092486,250,65506.46050987955,0.0
1846,473.00500000000005,34.08855144998838,20.607365459509627,3.548959776702861,2541.667450105749,97.10808539558921,7.7419136935685815,0.0,10.780987800997888,250,65506.52692732314,0.0
1847,473.01000000000005,34.11485315332836,20.413533180077124,3.5165830076336952,2541.6674676863945,97.10809149998919,7.705243972954987,0.0,10.78099868097672,250,65506.593035330996,0.0
1848,473.01500000000004,34.141167790375384,20.22061297788312,3.4843508763481625,2541.66748526704,97.10809760438913,7.668573532173134,0.0,10.781009510027939,250,65506.6588338968,0.0
1849,473.02000000000004,34.16749535559086,20.02860495321896,3.4522634284217215,2541.6675028476852,97.1081037087891,7.63190237996591,0.0,10.781020288150513,250,65506.724323014285,0.0
1850,473.02500000000003,34.193835843424615,19.837509205501537,3.420320709461023,2541.667520428331,97.10810981318906,7.59523052507581,0.0,10.781031015343427,250,65506.78950267726,0.0
1851,473.03000000000003,34.22018924831498,19.647325833273186,3.388522765105711,2541.667538008976,97.108115917589,7.558557976244928,0.0,10.78104169160567,250,65506.8543728796,0.0
1852,473.035,34.246555564688684,19.458054934201673,3.3568696410300314,2541.6675555896213,97.10812202198898,7.521884742214934,0.0,10.78105231693625,250,65506.918933615285,0.0
1853,473.04,34.27293478696103,19.269696605080068,3.3253613829448767,2541.6675731702667,97.10812812638893,7.4852108317270645,0.0,10.781062891334187,250,65506.983184878336,0.0
1854,473.045,34.299326909535715,19.082250941826725,3.2939980365992256,2541.6675907509125,97.10813423078889,7.448536253522108,0.0,10.78107341479851,250,65507.04712666287,0.0
1855,473.05,34.32573192680501,18.89571803948519,3.262779647782137,2541.6676083315574,97.10814033518885,7.411861016340386,0.0,10.781083887328258,250,65507.11075896305,0.0
1856,473.055,34.35214983314965,18.710097992224163,3.231706262324832,2541.6676259122028,97.10814643958882,7.375185128921744,0.0,10.781094308922489,250,65507.17408177313,0.0
1857,473.06000000000006,34.37858062293894,18.52539089333743,3.2007779261020604,2541.6676434928486,97.10815254398877,7.338508600005528,0.0,10.781104679580269,250,65507.23709508747,0.0
1858,473.06500000000005,34.405024290530676,18.34159683524382,3.1699946850345304,2541.667661073494,97.10815864838874,7.301831438330581,0.0,10.781114999300677,250,65507.29979890044,0.0
1859,473.07000000000005,34.431480830271205,18.158715909487142,3.1393565850904652,2541.667678654139,97.1081647527887,7.265153652635216,0.0,10.781125268082802,250,65507.36219320653,0.0
1860,473.07500000000005,34.45795023649546,17.97674820673613,3.108863672287945,2541.6676962347847,97.10817085718865,7.228475251657208,0.0,10.781135485925747,250,65507.42427800028,0.0
1861,473.08000000000004,34.48443250352692,17.795693816784414,3.0785159926965098,2541.66771381543,97.10817696158861,7.191796244133779,0.0,10.781145652828629,250,65507.48605327633,0.0
1862,473.08500000000004,34.51092762567764,17.615552828550477,3.0483135924395364,2541.6677313960754,97.10818306598857,7.155116638801577,0.0,10.781155768790574,250,65507.547519029344,0.0
1863,473.09000000000003,34.537435597248276,17.436325330077572,3.0182565176961487,2541.6677489767203,97.10818917038853,7.118436444396664,0.0,10.781165833810721,250,65507.60867525413,0.0
1864,473.095,34.563956412528086,17.25801140853375,2.988344814703416,2541.667766557366,97.10819527478849,7.081755669654505,0.0,10.781175847888223,250,65507.669521945514,0.0
1865,473.1,34.59049006579496,17.080611150211773,2.9585785297584795,2541.6677841380115,97.10820137918846,7.045074323309943,0.0,10.781185811022244,250,65507.730059098416,0.0
1866,473.105,34.61703655131535,16.904124640529073,2.928957709220646,2541.667801718657,97.1082074835884,7.008392414097189,0.0,10.781195723211956,250,65507.79028670783,0.0
1867,473.11,34.64359586334443,16.728551964027776,2.8994823995137606,2541.667819299302,97.10821358798837,6.9717099507498075,0.0,10.781205584456552,250,65507.85020476882,0.0
1868,473.115,34.67016799612597,16.553893204374607,2.870152647128299,2541.6678368799476,97.10821969238833,6.9350269420006985,0.0,10.781215394755229,250,65507.90981327653,0.0
1869,473.12000000000006,34.69675294389243,16.380148444360916,2.8409684986239556,2541.667854460593,97.10822579678829,6.898343396582079,0.0,10.781225154107197,250,65507.96911222616,0.0
1870,473.12500000000006,34.72335070086492,16.207317765902605,2.811930000631508,2541.6678720412383,97.10823190118825,6.86165932322547,0.0,10.781234862511687,250,65508.02810161301,0.0
1871,473.13000000000005,34.749961261253254,16.035401250040145,2.7830371998557384,2541.6678896218837,97.1082380055882,6.824974730661683,0.0,10.78124451996793,250,65508.08678143244,0.0
1872,473.13500000000005,34.77658461925594,15.864398976938546,2.754290143077529,2541.667907202529,97.10824410998816,6.788289627620798,0.0,10.781254126475176,250,65508.14515167988,0.0
1873,473.14000000000004,34.80322076906021,15.694311025887323,2.7256888771561987,2541.6679247831744,97.10825021438812,6.751604022832152,0.0,10.781263682032685,250,65508.20321235083,0.0
1874,473.14500000000004,34.829869704842,15.525137475300518,2.6972334490324985,2541.66794236382,97.1082563187881,6.714917925024318,0.0,10.781273186639732,250,65508.260963440895,0.0
1875,473.15000000000003,34.856531420766,15.356878402716633,2.6689239057306535,2541.667959944465,97.10826242318804,6.678231342925094,0.0,10.781282640295599,250,65508.318404945705,0.0
1876,473.15500000000003,34.88320591098564,15.189533884798678,2.640760294361268,2541.6679775251105,97.10826852758801,6.641544285261482,0.0,10.781292042999585,250,65508.375536861,0.0
1877,473.16,34.90989316964311,15.023103997334129,2.6127426621238663,2541.667995105756,97.10827463198797,6.604856760759672,0.0,10.781301394750997,250,65508.43235918258,0.0
1878,473.165,34.93659319086941,14.857588815234934,2.584871056309608,2541.6680126864017,97.10828073638793,6.56816877814503,0.0,10.78131069554916,250,65508.488871906324,0.0
1879,473.17,34.96330596878427,14.692988412537513,2.5571455243039862,2541.6680302670466,97.10828684078788,6.531480346142074,0.0,10.781319945393406,250,65508.54507502818,0.0
1880,473.175,34.99003149749628,14.529302862402757,2.5295661135895955,2541.668047847692,97.10829294518784,6.4947914734744625,0.0,10.78132914428308,250,65508.600968544175,0.0
1881,473.18,35.01676977110282,14.366532237116033,2.502132871749128,2541.6680654283377,97.1082990495878,6.458102168864974,0.0,10.781338292217539,250,65508.656552450404,0.0
1882,473.18500000000006,35.0435207836901,14.204676608087183,2.4748458464681176,2541.668083008983,97.10830515398776,6.421412441035491,0.0,10.781347389196153,250,65508.71182674304,0.0
1883,473.19000000000005,35.07028452933317,14.043736045850553,2.4477050855378923,2541.668100589628,97.10831125838773,6.384722298706985,0.0,10.781356435218306,250,65508.766791418326,0.0
1884,473.19500000000005,35.09706100209594,13.883710620064972,2.420710636858631,2541.668118170274,97.10831736278767,6.348031750599497,0.0,10.78136543028339,250,65508.821446472575,0.0
1885,473.20000000000005,35.12385019603122,13.724600399513799,2.3938625484423444,2541.668135750919,97.10832346718765,6.311340805432118,0.0,10.781374374390811,250,65508.87579190218,0.0
1886,473.20500000000004,35.15065210518065,13.566405452104915,2.36716086841623,2541.6681533315646,97.1083295715876,6.274649471922976,0.0,10.781383267539988,250,65508.92982770361,0.0
1887,473.21000000000004,35.1774667235748,13.409125844870765,2.340605645025399,2541.6681709122095,97.10833567598756,6.237957758789214,0.0,10.78139210973035,250,65508.9835538734,0.0
1888,473.21500000000003,35.20429404523317,13.252761643968354,2.3141969266365567,2541.6681884928553,97.10834178038752,6.201265674746977,0.0,10.781400900961343,250,65509.03697040816,0.0
1889,473.22,35.23113406416415,13.097312914679298,2.287934761741007,2541.6682060735006,97.10834788478748,6.164573228511387,0.0,10.781409641232417,250,65509.09007730458,0.0
1890,473.225,35.257986774365115,12.942779721409831,2.2618191989581327,2541.668223654146,97.10835398918744,6.127880428796534,0.0,10.78141833054304,250,65509.142874559424,0.0
1891,473.23,35.28485216982235,12.789162127690853,2.2358502870388217,2541.6682412347914,97.1083600935874,6.091187284315447,0.0,10.781426968892696,250,65509.19536216953,0.0
1892,473.235,35.31173024451116,12.636460196177943,2.210028074868895,2541.6682588154367,97.10836619798737,6.05449380378009,0.0,10.781435556280869,250,65509.24754013179,0.0
1893,473.24,35.33862099239579,12.484673988651409,2.1843526114726948,2541.668276396082,97.10837230238731,6.0177999959013295,0.0,10.781444092707064,250,65509.29940844319,0.0
1894,473.24500000000006,35.365524407429525,12.333803566016321,2.1588239460167404,2541.6682939767275,97.10837840678728,5.981105869388922,0.0,10.781452578170798,250,65509.35096710079,0.0
1895,473.25000000000006,35.39244048355464,12.183848988302568,2.1334421278133395,2541.668311557373,97.10838451118724,5.944411432951497,0.0,10.781461012671597,250,65509.402216101706,0.0
1896,473.25500000000005,35.419369214702456,12.034810314664876,2.108207206324475,2541.668329138018,97.1083906155872,5.9077166952965365,0.0,10.781469396209,250,65509.45315544314,0.0
1897,473.26000000000005,35.44631059479334,11.886687603382855,2.0831192311655258,2541.6683467186635,97.10839671998716,5.871021665130353,0.0,10.781477728782557,250,65509.50378512237,0.0
1898,473.26500000000004,35.47326461773673,11.739480911861085,2.0581782521092764,2541.6683642993094,97.10840282438711,5.834326351158077,0.0,10.781486010391834,250,65509.55410513674,0.0
1899,473.27000000000004,35.500231277431126,11.593190296629126,2.033384319089934,2541.6683818799543,97.10840892878707,5.797630762083632,0.0,10.781494241036405,250,65509.60411548368,0.0
1900,473.27500000000003,35.527210567764136,11.447815813341597,2.008737482207109,2541.6683994605996,97.10841503318703,5.760934906609717,0.0,10.78150242071586,250,65509.65381616068,0.0
1901,473.28000000000003,35.55420248261246,11.303357516778236,1.984237791730053,2541.6684170412454,97.108421137587,5.724238793437789,0.0,10.781510549429797,250,65509.70320716531,0.0
1902,473.285,35.58120701584196,11.159815460843932,1.9598852981019854,2541.668434621891,97.10842724198694,5.687542431268041,0.0,10.781518627177828,250,65509.752288495205,0.0
1903,473.29,35.608224161307604,11.017189698568837,1.9356800519442265,2541.6684522025357,97.10843334638692,5.6508458287993815,0.0,10.781526653959576,250,65509.801060148086,0.0
1904,473.295,35.63525391285355,10.875480282108375,1.911622104060851,2541.668469783181,97.10843945078688,5.614148994729416,0.0,10.78153462977468,250,65509.849522121745,0.0
1905,473.3,35.66229626431312,10.734687262743366,1.8877115054430305,2541.668487363827,97.10844555518683,5.577451937754429,0.0,10.781542554622785,250,65509.897674414045,0.0
1906,473.305,35.68935120950882,10.594810690880063,1.8639483072738052,2541.6685049444723,97.10845165958679,5.540754666569357,0.0,10.781550428503554,250,65509.94551702291,0.0
1907,473.31000000000006,35.71641874225239,10.455850616050244,1.8403325609327066,2541.668522525117,97.10845776398675,5.504057189867776,0.0,10.781558251416657,250,65509.99304994636,0.0
1908,473.31500000000005,35.74349885634477,10.317807086911277,1.8168643180005628,2541.668540105763,97.1084638683867,5.467359516341877,0.0,10.78156602336178,250,65510.04027318247,0.0
1909,473.32000000000005,35.770591545576174,10.180680151246213,1.7935436302644563,2541.6685576864083,97.10846997278666,5.430661654682444,0.0,10.781573744338615,250,65510.08718672939,0.0
1910,473.32500000000005,35.797696803726055,10.044469855963865,1.7703705497227968,2541.6685752670537,97.10847607718664,5.393963613578835,0.0,10.781581414346876,250,65510.13379058536,0.0
1911,473.33000000000004,35.82481462456317,9.909176247098904,1.7473451285903552,2541.668592847699,97.10848218158658,5.35726540171896,0.0,10.781589033386282,250,65510.18008474868,0.0
1912,473.33500000000004,35.85194500184554,9.774799369811927,1.724467419303576,2541.6686104283444,97.10848828598655,5.320567027789262,0.0,10.781596601456567,250,65510.22606921772,0.0
1913,473.34000000000003,35.879087929320555,9.64133926838958,1.7017374745259375,2541.66862800899,97.10849439038651,5.28386850047469,0.0,10.781604118557471,250,65510.27174399095,0.0
1914,473.345,35.90624340072488,9.50879598624463,1.6791553471533764,2541.668645589635,97.10850049478647,5.247169828458684,0.0,10.781611584688756,250,65510.31710906686,0.0
1915,473.35,35.93341140978457,9.377169565916075,1.6567210903200034,2541.6686631702805,97.10850659918643,5.210471020423147,0.0,10.781618999850188,250,65510.362164444065,0.0
1916,473.355,35.960591950215054,9.246460049069244,1.634434757403765,2541.668680750926,97.10851270358638,5.173772085048428,0.0,10.781626364041548,250,65510.40691012123,0.0
1917,473.36,35.98778501572114,9.116667476495905,1.6122964020322297,2541.6686983315712,97.10851880798634,5.137073031013296,0.0,10.781633677262633,250,65510.4513460971,0.0
1918,473.365,36.01499059999704,8.987791888114375,1.5903060780887974,2541.668715912217,97.1085249123863,5.10037386699492,0.0,10.781640939513242,250,65510.495472370494,0.0
1919,473.37000000000006,36.042208696726405,8.859833322969617,1.568463839718556,2541.668733492862,97.10853101678627,5.063674601668842,0.0,10.781648150793195,250,65510.53928894029,0.0
1920,473.37500000000006,36.06943929958234,8.732791819233382,1.5467697413348118,2541.6687510735073,97.10853712118622,5.026975243708962,0.0,10.781655311102321,250,65510.58279580545,0.0
1921,473.38000000000005,36.09668240222741,8.6066674142043,1.5252238376253275,2541.6687686541527,97.10854322558619,4.990275801787504,0.0,10.78166242044046,250,65510.62599296501,0.0
1922,473.38500000000005,36.12393799831367,8.481460144308015,1.5038261835589883,2541.6687862347985,97.10854932998615,4.9535762845750035,0.0,10.78166947880747,250,65510.66888041809,0.0
1923,473.39000000000004,36.15120608148269,8.35717004509731,1.4825768343924888,2541.6688038154434,97.1085554343861,4.916876700740277,0.0,10.78167648620321,250,65510.71145816387,0.0
1924,473.39500000000004,36.17848664536556,8.233797151252233,1.4614758456772152,2541.668821396089,97.10856153878606,4.880177058950399,0.0,10.78168344262756,250,65510.75372620159,0.0
1925,473.40000000000003,36.20577968358292,8.111341496580225,1.4405232732663587,2541.6688389767346,97.10856764318603,4.84347736787068,0.0,10.781690348080412,250,65510.79568453059,0.0
1926,473.40500000000003,36.23308518974498,7.989803114016251,1.419719173322002,2541.66885655738,97.10857374758598,4.806777636164639,0.0,10.781697202561663,250,65510.837333150266,0.0
1927,473.41,36.26040315745158,7.869182035622951,1.3990636023226741,2541.668874138025,97.10857985198594,4.770077872493981,0.0,10.781704006071228,250,65510.87867206009,0.0
1928,473.415,36.287733580292084,7.74947829259077,1.378556617070817,2541.6688917186702,97.10858595638591,4.733378085518575,0.0,10.781710758609035,250,65510.91970125963,0.0
1929,473.42,36.31507645184559,7.630691915238104,1.358198274700608,2541.668909299316,97.10859206078585,4.696678283896421,0.0,10.781717460175019,250,65510.96042074848,0.0
1930,473.425,36.34243176568079,7.512822933011446,1.3379886326858572,2541.6689268799614,97.10859816518582,4.659978476283632,0.0,10.78172411076913,250,65511.00083052635,0.0
1931,473.43,36.36979951535608,7.395871374485545,1.3179277488482242,2541.6689444606063,97.10860426958578,4.623278671334404,0.0,10.78173071039133,250,65511.040930593,0.0
1932,473.43500000000006,36.39717969441954,7.279837267363553,1.2980156813655623,2541.668962041252,97.10861037398574,4.58657887770099,0.0,10.781737259041593,250,65511.08072094827,0.0
1933,473.44000000000005,36.424572296408996,7.164720638477184,1.2782524887804554,2541.6689796218975,97.1086164783857,4.549879104033678,0.0,10.781743756719903,250,65511.120201592064,0.0
1934,473.44500000000005,36.45197731485201,7.050521513786877,1.258638230009107,2541.668997202543,97.10862258278567,4.51317935898076,0.0,10.78175020342626,250,65511.159372524395,0.0
1935,473.45000000000005,36.4793947432659,6.93723991838196,1.239172964350209,2541.6690147831882,97.10862868718561,4.476479651188503,0.0,10.781756599160673,250,65511.198233745294,0.0
1936,473.45500000000004,36.50682457515781,6.8248758764808235,1.2198567514943726,2541.6690323638336,97.10863479158559,4.43977998930113,0.0,10.78176294392316,250,65511.23678525491,0.0
1937,473.46000000000004,36.53426680402467,6.713429411431077,1.2006896515335033,2541.669049944479,97.10864089598554,4.403080381960783,0.0,10.78176923771376,250,65511.27502705344,0.0
1938,473.46500000000003,36.56172142335326,6.602900545709752,1.1816717249705928,2541.6690675251243,97.10864700038549,4.366380837807501,0.0,10.781775480532517,250,65511.312959141156,0.0
1939,473.47,36.58918842662024,6.493289300923448,1.1628030327297618,2541.6690851057697,97.10865310478546,4.329681365479192,0.0,10.78178167237949,250,65511.350581518425,0.0
1940,473.475,36.61666780729215,6.384595697808544,1.1440836361664812,2541.669102686415,97.10865920918542,4.292981973611598,0.0,10.781787813254743,250,65511.38789418565,0.0
1941,473.48,36.64415955882546,6.276819756231372,1.1255135970781793,2541.6691202670604,97.10866531358538,4.256282670838274,0.0,10.781793903158366,250,65511.424897143355,0.0
1942,473.485,36.67166367466655,6.169961495188407,1.1070929777150618,2541.669137847706,97.10867141798533,4.219583465790554,0.0,10.781799942090448,250,65511.46159039209,0.0
1943,473.49,36.69918014825179,6.064020932806467,1.0888218407912902,2541.669155428351,97.1086775223853,4.182884367097521,0.0,10.781805930051094,250,65511.49797393251,0.0
1944,473.49500000000006,36.726708973007554,5.958998086342904,1.0707002494964173,2541.6691730089965,97.10868362678525,4.146185383385978,0.0,10.781811867040426,250,65511.53404776532,0.0
1945,473.50000000000006,36.754250142350216,5.854892972185809,1.0527282675071692,2541.669190589642,97.10868973118522,4.1094865232804185,0.0,10.781817753058569,250,65511.569811891306,0.0
1946,473.50500000000005,36.78180364968619,5.751705605854225,1.0349059589995677,2541.6692081702877,97.10869583558518,4.072787795402992,0.0,10.781823588105665,250,65511.60526631133,0.0
1947,473.51000000000005,36.809369488412,5.64943600199834,1.0172333886613805,2541.6692257509326,97.10870193998514,4.036089208373477,0.0,10.781829372181871,250,65511.64041102634,0.0
1948,473.51500000000004,36.83694765191425,5.54808417439972,0.9997106217049744,2541.669243331578,97.1087080443851,3.9993907708092467,0.0,10.781835105287351,250,65511.675246037325,0.0
1949,473.52000000000004,36.86453813356967,5.447650135971516,0.9823377238804467,2541.6692609122238,97.10871414878505,3.9626924913252353,0.0,10.781840787422283,250,65511.70977134538,0.0
1950,473.52500000000003,36.89214092674515,5.348133898758683,0.9651147614892499,2541.669278492869,97.10872025318501,3.925994378533907,0.0,10.781846418586857,250,65511.743986951646,0.0
1951,473.53000000000003,36.919756024797785,5.249535473938213,0.9480418013981677,2541.669296073514,97.10872635758497,3.8892964410452238,0.0,10.781851998781272,250,65511.777892857346,0.0
1952,473.535,36.94738342107487,5.151854871819366,0.9311189110536985,2541.66931365416,97.10873246198494,3.852598687466608,0.0,10.781857528005746,250,65511.81148906379,0.0
1953,473.54,36.975023108913945,5.055092101843893,0.9136616281899356,2541.669331234805,97.10873856638489,3.8159011370987277,0.0,10.781863006260501,250,65511.84477557234,0.0
1954,473.545,37.00267507358162,4.9592472003874235,0.8963385395193098,2541.6693488154506,97.10874467078486,3.7792037645674563,0.0,10.781868433545782,250,65511.877752384484,0.0
1955,473.55,37.03033933400397,4.864320086891445,0.8791813326220367,2541.6693663960955,97.10875077518482,3.742506626628434,0.0,10.781873809861807,250,65511.91041950153,0.0
1956,473.555,37.058015847186276,4.770310892704727,0.8621900312382044,2541.6693839767413,97.10875687958477,3.7058097335673104,0.0,10.781879135208918,250,65511.942776925585,0.0
1957,473.56000000000006,37.08570460512765,4.677219626198817,0.8453646368808931,2541.6694015573867,97.10876298398473,3.669113093391839,0.0,10.7818844095873,250,65511.97482465775,0.0
1958,473.56500000000005,37.11340560153313,4.585046289023891,0.8287051498483571,2541.669419138032,97.10876908838469,3.63241671410897,0.0,10.78188963299727,250,65512.00656269995,0.0
1959,473.57000000000005,37.14111883009754,4.4937908820275965,0.8122115702938012,2541.6694367186774,97.10877519278465,3.5957206037254097,0.0,10.781894805439162,250,65512.03799105423,0.0
1960,473.57500000000005,37.16884428450501,4.403453405256557,0.7958838982256521,2541.6694542993228,97.1087812971846,3.5590247702476474,0.0,10.781899926913322,250,65512.06910972269,0.0
1961,473.58000000000004,37.19658195842903,4.314033857956459,0.7797221335075741,2541.669471879968,97.10878740158458,3.5223292216819444,0.0,10.781904997420106,250,65512.09991870748,0.0
1962,473.58500000000004,37.224331845532376,4.225532238572085,0.7637262758584763,2541.6694894606135,97.10879350598452,3.48563396603433,0.0,10.781910016959882,250,65512.13041801084,0.0
1963,473.59000000000003,37.252093939467166,4.137948544747339,0.7478963248525162,2541.669507041259,97.1087996103845,3.448939011310592,0.0,10.781914985533032,250,65512.160607635094,0.0
1964,473.595,37.279868233874886,4.051282773325279,0.7322322799191047,2541.669524621904,97.10880571478445,3.412244365516274,0.0,10.781919903139942,250,65512.19048758259,0.0
1965,473.6,37.307654722386324,3.965534920348137,0.7167341403429116,2541.6695422025496,97.10881181918441,3.3755500366566618,0.0,10.781924769781014,250,65512.220057855775,0.0
1966,473.605,37.33545339862165,3.880704981057357,0.701401905263872,2541.6695597831954,97.10881792358437,3.3388560327367824,0.0,10.78192958545666,250,65512.24931845714,0.0
1967,473.61,37.36326425619038,3.7967929498936326,0.6862355736771918,2541.6695773638403,97.10882402798433,3.3021623617613947,0.0,10.781934350167306,250,65512.27826938929,0.0
1968,473.615,37.39108728869137,3.7137988204969306,0.6712351444333531,2541.6695949444857,97.10883013238428,3.2654690317349817,0.0,10.781939063913386,250,65512.30691065483,0.0
1969,473.62000000000006,37.41892248971288,3.6317225857065356,0.6564006162381223,2541.6696125251315,97.10883623678424,3.2287760506617444,0.0,10.781943726695344,250,65512.33524225649,0.0
1970,473.62500000000006,37.44676985283251,3.5505642375610833,0.6417319876525557,2541.669630105777,97.10884234118421,3.192083426545595,0.0,10.781948338513638,250,65512.36326419705,0.0
1971,473.63000000000005,37.47462937161727,3.4703237672985994,0.6272292570930064,2541.6696476864217,97.10884844558416,3.155391167390151,0.0,10.781952899368736,250,65512.39097647934,0.0
1972,473.63500000000005,37.50250103962353,3.3910011653565424,0.6128924228311329,2541.669665267067,97.10885454998413,3.1186992811987246,0.0,10.78195740926112,250,65512.41837910628,0.0
1973,473.64000000000004,37.530384850397084,3.312596421371844,0.5987214829939053,2541.669682847713,97.10886065438409,3.0820077759743194,0.0,10.781961868191274,250,65512.44547208085,0.0
1974,473.64500000000004,37.558280797473074,3.2351095241809507,0.5847164355636133,2541.6697004283583,97.10886675878405,3.0453166597196226,0.0,10.781966276159704,250,65512.47225540608,0.0
1975,473.65000000000003,37.586188874376106,3.158540461819871,0.5708772783778752,2541.669718009003,97.108872863184,3.008625940436996,0.0,10.78197063316692,250,65512.4987290851,0.0
1976,473.65500000000003,37.61410907462013,3.0828892215242223,0.5572040091296456,2541.669735589649,97.10887896758396,2.971935626128472,0.0,10.781974939213448,250,65512.52489312109,0.0
1977,473.66,37.64204139170858,3.0081557897292757,0.543696625367224,2541.6697531702944,97.10888507198392,2.9352457247957435,0.0,10.78197919429982,250,65512.550747517285,0.0
1978,473.665,37.669985819134254,2.934340152070007,0.5303551244942635,2541.6697707509397,97.10889117638388,2.89855624444016,0.0,10.781983398426584,250,65512.576292277015,0.0
1979,473.67,37.69794235037943,2.861442293381147,0.5171795037697807,2541.669788331585,97.10889728078385,2.8618671930627184,0.0,10.781987551594295,250,65512.60152740366,0.0
1980,473.675,37.72591097891578,2.7894621976972345,0.5041697603081646,2541.6698059122305,97.1089033851838,2.825178578664057,0.0,10.781991653803521,250,65512.62645290067,0.0
1981,473.68,37.753891698204434,2.7183998482526706,0.4913258910791866,2541.669823492876,97.10890948958377,2.788490409244448,0.0,10.781995705054843,250,65512.65106877156,0.0
1982,473.68500000000006,37.78188450169598,2.648255227481772,0.47864789290801024,2541.669841073521,97.10891559398372,2.7518026928037913,0.0,10.78199970534885,250,65512.67537501993,0.0
1983,473.69000000000005,37.809889382830434,2.5790283170188264,0.4661357624752013,2541.6698586541665,97.10892169838368,2.7151154373416078,0.0,10.782003654686145,250,65512.69937164942,0.0
1984,473.69500000000005,37.83790633503729,2.510719097698156,0.4537894963167385,2541.669876234812,97.10892780278364,2.6784286508570294,0.0,10.782007553067338,250,65512.72305866375,0.0
1985,473.70000000000005,37.86593535173551,2.4433275495541706,0.44160909082402455,2541.6698938154573,97.1089339071836,2.6417423413487966,0.0,10.782011400493055,250,65512.74643606673,0.0
1986,473.70500000000004,37.893976426333516,2.376853651821436,0.42959454224389715,2541.6699113961026,97.10894001158356,2.605056516815248,0.0,10.782015196963929,250,65512.7695038622,0.0
1987,473.71000000000004,37.92202955222923,2.311297382934727,0.4177458466786394,2541.669928976748,97.10894611598351,2.5683711852543145,0.0,10.782018942480606,250,65512.79226205408,0.0
1988,473.71500000000003,37.95009472281003,2.2466587205291018,0.4060630000859925,2541.6699465573934,97.10895222038349,2.5316863546635138,0.0,10.782022637043744,250,65512.81471064637,0.0
1989,473.72,37.978171931452806,2.1829376414399597,0.39454599827916703,2541.6699641380387,97.10895832478343,2.49500203303994,0.0,10.78202628065401,250,65512.83684964314,0.0
1990,473.725,38.00626117152394,2.1201341217031144,0.38319483692685563,2541.6699817186845,97.1089644291834,2.4583182283802603,0.0,10.782029873312084,250,65512.85867904849,0.0
1991,473.73,38.034362436379325,2.0582481365548557,0.37200951155324447,2541.6699992993294,97.10897053358336,2.421634948680706,0.0,10.782033415018654,250,65512.88019886664,0.0
1992,473.735,38.06247571936436,1.997279660432025,0.3609900175380264,2541.670016879975,97.10897663798332,2.384952201937065,0.0,10.782036905774426,250,65512.90140910183,0.0
1993,473.74,38.09060101381395,1.937228666972084,0.3501363501164141,2541.6700344606206,97.10898274238328,2.3482699961446767,0.0,10.782040345580105,250,65512.922309758396,0.0
1994,473.74500000000006,38.118738313052546,1.8780951290131886,0.3394485043791527,2541.670052041266,97.10898884678323,2.311588339298424,0.0,10.782043734436423,250,65512.94290084073,0.0
1995,473.75000000000006,38.14688761039411,1.819879018594264,0.32892647527253405,2541.670069621911,97.10899495118319,2.274907239392726,0.0,10.782047072344108,250,65512.96318235331,0.0
1996,473.75500000000005,38.17504889914217,1.7625803069550783,0.3185702575984093,2541.6700872025563,97.10900105558315,2.238226704421532,0.0,10.78205035930391,250,65512.98315430066,0.0
1997,473.76000000000005,38.20322217258975,1.706198964536323,0.3083798460142041,2541.670104783202,97.10900715998312,2.201546742378313,0.0,10.782053595316581,250,65513.002816687374,0.0
1998,473.76500000000004,38.23140742401947,1.6507349609796889,0.2983552350329319,2541.6701223638474,97.10901326438307,2.164867361256057,0.0,10.782056780382895,250,65513.022169518124,0.0
1999,473.77000000000004,38.25960464670348,1.5961882651279482,0.28849641902320894,2541.6701399444923,97.10901936878304,2.12818856904726,0.0,10.782059914503627,250,65513.04121279764,0.0
2000,473.77500000000003,38.287813833903506,1.5425588450250358,0.278803392209269,2541.670157525138,97.109025473183,2.0915103737439202,0.0,10.782062997679569,250,65513.059946530724,0.0
2001,473.78000000000003,38.316034978870825,1.4898466679161337,0.2692761486709785,2541.6701751057835,97.10903157758295,2.05483278333753,0.0,10.782066029911523,250,65513.07837072224,0.0
2002,473.785,38.34426807484633,1.4380517002477535,0.2599146823438514,2541.670192686429,97.10903768198291,2.0181558058190707,0.0,10.7820690112003,250,65513.09648537715,0.0
2003,473.79,38.37251311506046,1.387173907667824,0.2507189870190655,2541.6702102670743,97.10904378638287,1.981479449179003,0.0,10.782071941546722,250,65513.11429050043,0.0
2004,473.795,38.40077009273324,1.3372132550257787,0.24168905634347748,2541.6702278477196,97.10904989078283,1.944803721407263,0.0,10.782074820951625,250,65513.131786097154,0.0
2005,473.8,38.42903900107433,1.288169706372646,0.23282488381963973,2541.670245428365,97.10905599518279,1.9081286304932528,0.0,10.782077649415857,250,65513.14897217247,0.0
2006,473.805,38.45731983328296,1.2400432249611377,0.2241264628058164,2541.6702630090103,97.10906209958276,1.8714541844258354,0.0,10.782080426940272,250,65513.16584873158,0.0
2007,473.81000000000006,38.48561258254799,1.1928337732457437,0.21559378651600014,2541.6702805896557,97.1090682039827,1.8347803911933263,0.0,10.782083153525738,250,65513.182415779745,0.0
2008,473.81500000000005,38.51391724204787,1.1465413128828237,0.20722684801992886,2541.670298170301,97.10907430838267,1.7981072587834874,0.0,10.782085829173132,250,65513.198673322324,0.0
2009,473.82000000000005,38.5422338049507,1.1011658047307031,0.19902564024310318,2541.6703157509464,97.10908041278263,1.7614347951835196,0.0,10.78208845388335,250,65513.21462136472,0.0
2010,473.82500000000005,38.57056226441421,1.0567072088497698,0.19099015596680374,2541.6703333315922,97.10908651718259,1.7247630083800567,0.0,10.78209102765729,250,65513.23025991241,0.0
2011,473.83000000000004,38.59890261358574,1.0131654845025708,0.18312038782810888,2541.670350912237,97.10909262158255,1.6880919063591566,0.0,10.782093550495862,250,65513.24558897093,0.0
2012,473.83500000000004,38.62725484560231,0.970540590153914,0.17541632831991275,2541.6703684928825,97.1090987259825,1.6514214971062964,0.0,10.782096022399994,250,65513.2606085459,0.0
2013,473.84000000000003,38.65561895359057,0.9288324834709671,0.16787796979094333,2541.670386073528,97.10910483038246,1.614751788606364,0.0,10.782098443370616,250,65513.27531864299,0.0
2014,473.845,38.68399493066683,0.8880411213233615,0.16050530444578132,2541.6704036541737,97.10911093478242,1.5780827888436524,0.0,10.782100813408675,250,65513.28971926794,0.0
2015,473.85,38.71238276993705,0.8481664597832959,0.15329832434487867,2541.6704212348186,97.1091170391824,1.5414145058018518,0.0,10.782103132515129,250,65513.30381042657,0.0
2016,473.855,38.7407824644969,0.8092084541256407,0.14625702140457764,2541.670438815464,97.10912314358234,1.5047469474640427,0.0,10.782105400690943,250,65513.31759212477,0.0
2017,473.86,38.7691940074317,0.7711670588280464,0.13938138739713019,2541.67045639611,97.10912924798231,1.4680801218126895,0.0,10.7821076179371,250,65513.331064368474,0.0
2018,473.865,38.79761739181645,0.7340422275710512,0.13267141395071755,2541.670473976755,97.10913535238227,1.4314140368296333,0.0,10.782109784254587,250,65513.3442271637,0.0
2019,473.87000000000006,38.82605261071587,0.697833913238191,0.12612709254947008,2541.6704915574,97.10914145678223,1.3947487004960843,0.0,10.782111899644404,250,65513.35708051653,0.0
2020,473.87500000000006,38.85449965718434,0.6625420679161098,0.11974841453348722,2541.670509138046,97.10914756118218,1.3580841207926162,0.0,10.782113964107566,250,65513.369624433115,0.0
2021,473.88000000000005,38.88295852426599,0.6281666428946745,0.11353537109885832,2541.6705267186912,97.10915366558214,1.3214203056991582,0.0,10.782115977645093,250,65513.38185891967,0.0
2022,473.88500000000005,38.91142920499463,0.594707588667087,0.10748795329768271,2541.6705442993366,97.1091597699821,1.2847572631949884,0.0,10.782117940258022,250,65513.39378398248,0.0
2023,473.89000000000004,38.939911692393814,0.5621648549300009,0.10160615203809101,2541.6705618799815,97.10916587438206,1.248095001258727,0.0,10.782119851947398,250,65513.405399627896,0.0
2024,473.89500000000004,38.9684059794768,0.5305383905836394,0.09588995808426619,2541.6705794606273,97.10917197878203,1.211433527868329,0.0,10.782121712714275,250,65513.416705862335,0.0
2025,473.90000000000003,38.996912059246604,0.4998281437319122,0.090339362056465,2541.6705970412727,97.10917808318197,1.1747728510010775,0.0,10.782123522559724,250,65513.427702692294,0.0
2026,473.90500000000003,39.02542992469596,0.47003406168253725,0.0849543544310397,2541.670614621918,97.10918418758195,1.1381129786335769,0.0,10.78212528148482,250,65513.438390124305,0.0
2027,473.91,39.05395956880738,0.4411560909471611,0.07973492554046005,2541.6706322025634,97.1091902919819,1.1014539187417456,0.0,10.782126989490656,250,65513.44876816501,0.0
2028,473.915,39.08250098455311,0.4131941772414831,0.07468106557333552,2541.670649783209,97.10919639638186,1.0647956793008095,0.0,10.78212864657833,250,65513.4588368211,0.0
2029,473.92,39.11105416489515,0.3861482654853789,0.06979276457443781,2541.670667363854,97.10920250078182,1.0281382682852949,0.0,10.782130252748955,250,65513.4685960993,0.0
2030,473.925,39.139619102785296,0.360018299803027,0.06507001244472359,2541.6706849444995,97.10920860518179,0.9914816936690213,0.0,10.782131808003655,250,65513.478046006465,0.0
2031,473.93,39.168195791165104,0.33480422352303657,0.06051279894135769,2541.670702525145,97.10921470958174,0.9548259634250946,0.0,10.782133312343563,250,65513.48718654947,0.0
2032,473.93500000000006,39.19678422296593,0.31050597917857503,0.05612111367773612,2541.67072010579,97.1092208139817,0.9181710855259004,0.0,10.782134765769822,250,65513.496017735284,0.0
2033,473.94000000000005,39.22538439110891,0.2871235085074999,0.05189494612350989,2541.6707376864356,97.10922691838167,0.8815170679430971,0.0,10.782136168283591,250,65513.50453957091,0.0
2034,473.94500000000005,39.25399628850498,0.2646567524524898,0.04783428560460873,2541.6707552670814,97.10923302278161,0.8448639186476087,0.0,10.782137519886037,250,65513.512752063456,0.0
2035,473.95000000000005,39.282619908054876,0.24310565116117822,0.04393912130326519,2541.6707728477263,97.10923912718158,0.8082116456096179,0.0,10.782138820578338,250,65513.52065522009,0.0
2036,473.95500000000004,39.31125524264917,0.22247014398628795,0.040209442258039046,2541.6707904283717,97.10924523158154,0.7715602567985594,0.0,10.782140070361683,250,65513.528249048024,0.0
2037,473.96000000000004,39.33990228516822,0.20275016948576755,0.03664523736384187,2541.6708080090175,97.1092513359815,0.7349097601831127,0.0,10.78214126923727,250,65513.535533554554,0.0
2038,473.96500000000003,39.36856102848227,0.1839456654229289,0.03324649537196195,2541.670825589663,97.10925744038146,0.6982601637311956,0.0,10.782142417206316,250,65513.54250874704,0.0
2039,473.97,39.39723146545132,0.16605656876658662,0.030013204890089417,2541.6708431703078,97.10926354478143,0.6616114754099567,0.0,10.782143514270038,250,65513.54917463292,0.0
2040,473.975,39.425913588925276,0.14908281569119836,0.026945354382341722,2541.670860750953,97.10926964918137,0.624963703185769,0.0,10.782144560429673,250,65513.555531219674,0.0
2041,473.98,39.454607391743885,0.13302434157700718,0.024042932169289245,2541.670878331599,97.10927575358134,0.5883168550242227,0.0,10.782145555686464,250,65513.56157851488,0.0
2042,473.985,39.48331286673672,0.11788108101018499,0.021305926427981296,2541.6708959122443,97.1092818579813,0.5516709388901184,0.0,10.782146500041668,250,65513.56731652615,0.0
2043,473.99,39.51203000672324,0.10365296778297767,0.018734325191972316,2541.670913492889,97.10928796238125,0.5150259627474602,0.0,10.782147393496551,250,65513.5727452612,0.0
2044,473.99500000000006,39.5407588045128,0.0903399348938513,0.016328116351348308,2541.670931073535,97.10929406678122,0.47838193455944866,0.0,10.782148236052391,250,65513.57786472779,0.0
2045,474.00000000000006,39.56949925290459,0.07794191454764043,0.014087287652753654,2541.6709486541804,97.10930017118118,0.4417388622884741,0.0,10.782149027710476,250,65513.58267493374,0.0
2046,474.00500000000005,39.59825134468772,0.06645883815569723,0.012011826699418042,2541.6709662348258,97.10930627558113,0.4050967538961094,0.0,10.782149768472108,250,65513.58717588696,0.0
2047,474.01000000000005,39.62701507264118,0.05589063633604247,0.010101720951183786,2541.6709838154707,97.10931237998109,0.3684556173431034,0.0,10.782150458338599,250,65513.59136759542,0.0
2048,474.01500000000004,39.65579042953386,0.046237238913517824,0.008356957724533329,2541.6710013961165,97.10931848438106,0.33181546058937395,0.0,10.782151097311267,250,65513.59525006715,0.0
2049,474.02000000000004,39.684577408124575,0.0374985749199396,0.006777524192617038,2541.671018976762,97.109324588781,0.2951762915940007,0.0,10.78215168539145,250,65513.59882331025,0.0
2050,474.02500000000003,39.713376001162054,0.029674572594254024,0.0053634073852812745,2541.671036557407,97.10933069318098,0.25853811831521867,0.0,10.782152222580487,250,65513.60208733288,0.0
2051,474.03000000000003,39.74218620138494,0.0227651593826939,0.004114594189096698,2541.6710541380526,97.10933679758094,0.2219009487104108,0.0,10.782152708879737,250,65513.60504214329,0.0
2052,474.035,39.77100800152183,0.016770261938936767,0.003031071347386866,2541.671071718698,97.1093429019809,0.1852647907361016,0.0,10.782153144290564,250,65513.60768774976,0.0
2053,474.04,39.79984139429122,0.011689806124264498,0.002112825460257066,2541.6710892993433,97.10934900638085,0.14862965234794995,0.0,10.782153528814348,250,65513.610024160684,0.0
2054,474.045,39.82868637240161,0.007523717007724375,0.001359842984623437,2541.6711068799887,97.10935511078081,0.1119955415007422,0.0,10.782153862452477,250,65513.61205138448,0.0
2055,474.05,39.85754292855141,0.004271918866291578,0.0007721102342423353,2541.671124460634,97.10936121518077,0.07536246614838538,0.0,10.78215414520635,250,65513.61376942966,0.0
2056,474.055,39.886411055429015,0.0019343351850331762,0.000349613379739974,2541.6711420412794,97.10936731958073,0.038730434243900276,0.0,10.782154377077376,250,65513.6151783048,0.0
2057,474.06000000000006,39.91529074571279,0.0005108886572735348,9.23384486423196e-05,2541.6711596219247,97.1093734239807,0.0020994537394145216,0.0,10.78215455806698,250,65513.616278018526,0.0
2058,474.06500000000005,39.944181992071066,1.5011847611958031e-06,2.7132540525379986e-07,2541.6711772025706,97.10937952838064,-0.034530467413844274,0.0,10.78215468817659,250,65513.61706857955,0.0
2059,474.07000000000005,39.97308478716218,0.0004060938778372051,7.339775144499701e-05,2541.6711947832155,97.10938563278062,-0.07115932126555544,0.0,10.782154767407654,250,65513.61754999664,0.0
