,Time [s],Thrust [lb],Lift [lb],Drag [lb],Power [hp],Weight [lb],Percent [%],Velocity [knots],Altitude [ft],Range [nmi],RPM [rev/min],Ground Roll [ft],AOA [deg]
0,346.46,881.3606204729948,0.0,0.0,121956.67320520617,2543.1268599052173,97.67396713920023,0.0,0.0,7.717099639682881,2700,604.6187718173285,0.0
1,346.465,901.2957369111432,0.0,0.0,124829.93033976483,2543.297187066258,97.67396713920023,0.0299645377334564,0.0,7.717099639682881,2700,604.6187718173285,0.0
2,346.46999999999997,901.4339226935942,0.0003887250669025921,1.7375071956983942e-05,124829.93033976483,2543.2970528166675,97.67392052468877,0.05993684593553326,0.0,7.717099702109001,2700,604.6187718173285,0.0
3,346.47499999999997,901.5719781551095,0.0015553035138458743,6.951831196106956e-05,124829.93033976483,2543.2969185670772,97.6738739101773,0.0898987918905597,0.0,7.7170996813047905,2700,604.6187718173285,0.0
4,346.47999999999996,901.7098197961299,0.0034989287075597756,0.00015639366545261126,124829.93033976483,2543.2967843174865,97.67382729566584,0.11986591943144798,0.0,7.7170997021021055,2700,604.6187718173285,0.0
5,346.48499999999996,901.8475191700229,0.006220407332202753,0.0002780371892658426,124829.93033976483,2543.2966500678963,97.67378068115438,0.14983822752347337,0.0,7.717099764543817,2700,604.6187718173285,0.0
6,346.48999999999995,901.9850761858717,0.009720142607602185,0.000434466906353518,124829.93033976483,2543.2965158183056,97.67373406664294,0.17981570555782664,0.0,7.717099868595742,2700,604.6187718173285,0.0
7,346.495,902.1224907089072,0.013998536225223466,0.0006257007713543007,124829.93033976483,2543.2963815687153,97.67368745213147,0.20979834806755046,0.0,7.717100014265075,2700,604.6187718173285,0.0
8,346.5,902.2597626281082,0.0190559897786403,0.0008517567345313327,124829.93033976483,2543.2962473191246,97.67364083762001,0.23978614958408553,0.0,7.71710020155902,2700,604.6187718173285,0.0
9,346.505,902.3968918325521,0.024892904362708024,0.001112652723856248,124829.93033976483,2543.2961130695344,97.67359422310855,0.2697791046329361,0.0,7.717100430484762,2700,604.6187718173285,0.0
10,346.51,902.5338782113962,0.0315096805720987,0.0014084066449436966,124829.93033976483,2543.2959788199437,97.67354760859709,0.2997772077353719,0.0,7.7171007010494765,2700,604.6187718173285,0.0
11,346.515,902.6707216538853,0.03890671850072779,0.0017390363810257177,124829.93033976483,2543.2958445703534,97.67350099408564,0.32978045340843304,0.0,7.717101013260334,2700,604.6187718173285,0.0
12,346.52,902.8074220493511,0.04708441774096128,0.0021045597929162984,124829.93033976483,2543.2957103207627,97.67345437957418,0.35978883616493246,0.0,7.717101367124494,2700,604.6187718173285,0.0
13,346.525,902.9439792872141,0.05604317738282289,0.002504994718975941,124829.93033976483,2543.295576071172,97.67340776506272,0.3898023505134594,0.0,7.717101762649112,2700,604.6187718173285,0.0
14,346.53,903.0803932569821,0.06578339601320198,0.002940358975076256,124829.93033976483,2543.295441821582,97.67336115055126,0.41982099095838293,0.0,7.717102199841335,2700,604.6187718173285,0.0
15,346.53499999999997,903.2166638482514,0.07630547171506186,0.0034106703545645767,124829.93033976483,2543.295307571991,97.6733145360398,0.44984475199985496,0.0,7.7171026787083,2700,604.6187718173285,0.0
16,346.53999999999996,903.3527909507067,0.0876098020666487,0.003915946628228597,124829.93033976483,2543.2951733224004,97.67326792152834,0.4798736281338141,0.0,7.717103199257139,2700,604.6187718173285,0.0
17,346.54499999999996,903.4887744541209,0.09969678414070085,0.004456205544261035,124829.93033976483,2543.29503907281,97.67322130701687,0.5099076138519888,0.0,7.717103761494974,2700,604.6187718173285,0.0
18,346.54999999999995,903.624614248356,0.11256681450365885,0.005031464828224315,124829.93033976483,2543.2949048232194,97.67317469250541,0.5399467036419004,0.0,7.717104365428922,2700,604.6187718173285,0.0
19,346.555,903.7603102233627,0.12622028921487574,0.005641742183015277,124829.93033976483,2543.294770573629,97.67312807799395,0.5699908919868674,0.0,7.717105011066092,2700,604.6187718173285,0.0
20,346.56,903.8958622691811,0.14065760382582787,0.006287055288829901,124829.93033976483,2543.2946363240385,97.67308146348249,0.600040173366008,0.0,7.717105698413583,2700,604.6187718173285,0.0
21,346.565,904.0312702759402,0.15587915337932673,0.006967421803128071,124829.93033976483,2543.294502074448,97.67303484897104,0.630094542254244,0.0,7.7171064274784875,2700,604.6187718173285,0.0
22,346.57,904.1665341338587,0.17188533240873033,0.007682859360598334,124829.93033976483,2543.2943678248575,97.67298823445958,0.6601539931223039,0.0,7.717107198267891,2700,604.6187718173285,0.0
23,346.575,904.3016537332448,0.18867653493715633,0.008433385573122724,124829.93033976483,2543.294233575267,97.67294161994812,0.6902185204367268,0.0,7.7171080107888725,2700,604.6187718173285,0.0
24,346.58,904.4366289644969,0.20625315447669448,0.00921901802974156,124829.93033976483,2543.294099325676,97.67289500543666,0.7202881186598654,0.0,7.717108865048501,2700,604.6187718173285,0.0
25,346.585,904.571459718103,0.22461558402762058,0.010039774296618318,124829.93033976483,2543.293965076086,97.67284839092521,0.7503627822498896,0.0,7.7171097610538375,2700,604.6187718173285,0.0
26,346.59,904.7061458846416,0.24376421607761029,0.010895671917004478,124829.93033976483,2543.293830826495,97.67280177641375,0.7804425056607902,0.0,7.717110698811938,2700,604.6187718173285,0.0
27,346.59499999999997,904.8406873547814,0.263699442600954,0.011786728411204447,124829.93033976483,2543.293696576905,97.67275516190227,0.8105272833423818,0.0,7.7171116783298475,2700,604.6187718173285,0.0
28,346.59999999999997,904.9750840192817,0.28442165505777156,0.012712961276540443,124829.93033976483,2543.2935623273142,97.67270854739081,0.8406171097403067,0.0,7.717112699614606,2700,604.6187718173285,0.0
29,346.60499999999996,905.1093357689927,0.30593124439322844,0.013674387987317465,124829.93033976483,2543.2934280777235,97.67266193287935,0.8707119792960383,0.0,7.717113762673246,2700,604.6187718173285,0.0
30,346.60999999999996,905.2434424948555,0.32822860103675155,0.014671025994788254,124829.93033976483,2543.2932938281333,97.6726153183679,0.9008118864468845,0.0,7.71711486751279,2700,604.6187718173285,0.0
31,346.61499999999995,905.3774040879022,0.35131411490124637,0.01570289272711828,124829.93033976483,2543.2931595785426,97.67256870385644,0.9309168256259914,0.0,7.717116014140253,2700,604.6187718173285,0.0
32,346.62,905.5112204392562,0.37518817538231375,0.016770005589350746,124829.93033976483,2543.293025328952,97.67252208934498,0.9610267912623464,0.0,7.717117202562645,2700,604.6187718173285,0.0
33,346.625,905.6448914401327,0.3998511713574685,0.017872381963371663,124829.93033976483,2543.2928910793617,97.67247547483352,0.9911417777807818,0.0,7.717118432786966,2700,604.6187718173285,0.0
34,346.63,905.7784169818384,0.42530349118535693,0.01901003920787488,124829.93033976483,2543.292756829771,97.67242886032206,1.021261779601979,0.0,7.71711970482021,2700,604.6187718173285,0.0
35,346.635,905.9117969557715,0.45154552270497667,0.02018299465832719,124829.93033976483,2543.2926225801803,97.67238224581061,1.0513867911424708,0.0,7.717121018669358,2700,604.6187718173285,0.0
36,346.64,906.045031253423,0.4785776532348955,0.02139126562693343,124829.93033976483,2543.29248833059,97.67233563129915,1.0815168068146461,0.0,7.7171223743413915,2700,604.6187718173285,0.0
37,346.645,906.1781197663752,0.5064002695724713,0.022634869402601634,124829.93033976483,2543.2923540809993,97.67228901678769,1.1116518210267523,0.0,7.717123771843279,2700,604.6187718173285,0.0
38,346.65,906.3110623863035,0.5350137579930738,0.023913823250908194,124829.93033976483,2543.292219831409,97.67224240227623,1.1417918281829,0.0,7.717125211181982,2700,604.6187718173285,0.0
39,346.655,906.4438590049758,0.5644185042493046,0.025228144414063045,124829.93033976483,2543.2920855818184,97.67219578776476,1.171936822683066,0.0,7.717126692364454,2700,604.6187718173285,0.0
40,346.65999999999997,906.5765095142526,0.5946148935702192,0.026577850110874893,124829.93033976483,2543.2919513322277,97.6721491732533,1.2020867989230963,0.0,7.717128215397643,2700,604.6187718173285,0.0
41,346.66499999999996,906.7090138060873,0.6256033106605499,0.027962957536716418,124829.93033976483,2543.2918170826374,97.67210255874184,1.2322417512947106,0.0,7.717129780288484,2700,604.6187718173285,0.0
42,346.66999999999996,906.8413717725268,0.6573841396999275,0.02938348386348958,124829.93033976483,2543.2916828330467,97.67205594423038,1.2624016741855053,0.0,7.717131387043912,2700,604.6187718173285,0.0
43,346.67499999999995,906.9735833057108,0.689957764342106,0.03083944623959088,124829.93033976483,2543.291548583456,97.67200932971892,1.2925665619789577,0.0,7.717133035670847,2700,604.6187718173285,0.0
44,346.68,907.105648297873,0.7233245677141861,0.032330861789876715,124829.93033976483,2543.2914143338658,97.67196271520746,1.322736409054428,0.0,7.717134726176207,2700,604.6187718173285,0.0
45,346.685,907.2375666413403,0.7574849324158396,0.03385774761562866,124829.93033976483,2543.291280084275,97.67191610069601,1.3529112097871654,0.0,7.7171364585668965,2700,604.6187718173285,0.0
46,346.69,907.3693382285338,0.7924392405185346,0.03542012079451888,124829.93033976483,2543.291145834685,97.67186948618455,1.3830909585483089,0.0,7.717138232849817,2700,604.6187718173285,0.0
47,346.695,907.5009629519687,0.8281878735647619,0.03701799838057549,124829.93033976483,2543.291011585094,97.67182287167309,1.4132756497048935,0.0,7.717140049031859,2700,604.6187718173285,0.0
48,346.7,907.6324407042542,0.8647312125672604,0.03865139740414805,124829.93033976483,2543.2908773355034,97.67177625716162,1.4434652776198516,0.0,7.717141907119907,2700,604.6187718173285,0.0
49,346.705,907.7637713780942,0.9020696380082442,0.04032033487187287,124829.93033976483,2543.290743085913,97.67172964265016,1.4736598366520184,0.0,7.717143807120838,2700,604.6187718173285,0.0
50,346.71,907.8949548662869,0.9402035298386316,0.04202482776663866,124829.93033976483,2543.2906088363225,97.67168302813872,1.503859321156134,0.0,7.717145749041519,2700,604.6187718173285,0.0
51,346.715,908.0259910617251,0.9791332674772708,0.04376489304755185,124829.93033976483,2543.290474586732,97.67163641362725,1.5340637254828486,0.0,7.717147732888811,2700,604.6187718173285,0.0
52,346.71999999999997,908.1568798573974,1.0188592298101697,0.04554054764990225,124829.93033976483,2543.2903403371415,97.6715897991158,1.5642730439787242,0.0,7.717149758669567,2700,604.6187718173285,0.0
53,346.72499999999997,908.2876211463864,1.0593817951897262,0.04735180848512853,124829.93033976483,2543.2902060875513,97.67154318460433,1.5944872709862405,0.0,7.717151826390631,2700,604.6187718173285,0.0
54,346.72999999999996,908.4182148218711,1.1007013414339557,0.049198692440783794,124829.93033976483,2543.290071837961,97.67149657009287,1.6247064008437964,0.0,7.717153936058842,2700,604.6187718173285,0.0
55,346.73499999999996,908.5486607771252,1.1428182458257248,0.05108121638050124,124829.93033976483,2543.2899375883703,97.67144995558141,1.654930427885715,0.0,7.717156087681027,2700,604.6187718173285,0.0
56,346.73999999999995,908.6789589055185,1.1857328851119788,0.05299939714395975,124829.93033976483,2543.2898033387796,97.67140334106995,1.6851593464422474,0.0,7.717158281264008,2700,604.6187718173285,0.0
57,346.745,908.8091091005164,1.2294456355029761,0.05495325154684954,124829.93033976483,2543.2896690891894,97.67135672655849,1.7153931508395748,0.0,7.717160516814599,2700,604.6187718173285,0.0
58,346.75,908.9391112556807,1.273956872671519,0.05694279638083783,124829.93033976483,2543.2895348395987,97.67131011204702,1.7456318353998141,0.0,7.717162794339605,2700,604.6187718173285,0.0
59,346.755,909.0689652646691,1.3192669717521868,0.05896804841353464,124829.93033976483,2543.289400590008,97.67126349753556,1.7758753944410204,0.0,7.717165113845824,2700,604.6187718173285,0.0
60,346.76,909.1986710212358,1.3653763073405705,0.06102902438845844,124829.93033976483,2543.2892663404177,97.67121688302412,1.806123822277191,0.0,7.717167475340045,2700,604.6187718173285,0.0
61,346.765,909.3282284192317,1.4122852534925054,0.06312574102500194,124829.93033976483,2543.289132090827,97.67117026851265,1.836377113218269,0.0,7.717169878829052,2700,604.6187718173285,0.0
62,346.77,909.4576373526045,1.4599941837233061,0.06525821501839793,124829.93033976483,2543.288997841237,97.67112365400119,1.8666352615701474,0.0,7.717172324319617,2700,604.6187718173285,0.0
63,346.775,909.5868977153983,1.5085034710070027,0.06742646303968501,124829.93033976483,2543.288863591646,97.67107703948973,1.8968982616346723,0.0,7.7171748118185075,2700,604.6187718173285,0.0
64,346.78,909.7160094017552,1.5578134877755756,0.06963050173567352,124829.93033976483,2543.2887293420554,97.67103042497827,1.9271661077096471,0.0,7.71717734133248,2700,604.6187718173285,0.0
65,346.78499999999997,909.8449723059139,1.6079246059181933,0.07187034772891143,124829.93033976483,2543.288595092465,97.67098381046682,1.9574387940888356,0.0,7.7171799128682865,2700,604.6187718173285,0.0
66,346.78999999999996,909.973786322211,1.6588371967804476,0.07414601761765009,124829.93033976483,2543.2884608428744,97.67093719595536,1.987716315061966,0.0,7.717182526432669,2700,604.6187718173285,0.0
67,346.79499999999996,910.1024513450805,1.710551631163594,0.07645752797581039,124829.93033976483,2543.2883265932837,97.6708905814439,2.0179986649147357,0.0,7.717185182032362,2700,604.6187718173285,0.0
68,346.79999999999995,910.2309672690543,1.763068279323789,0.07880489535294857,124829.93033976483,2543.2881923436935,97.67084396693242,2.048285837928813,0.0,7.717187879674092,2700,604.6187718173285,0.0
69,346.805,910.3593339887627,1.8163875109713281,0.08118813627422218,124829.93033976483,2543.288058094103,97.67079735242096,2.078577828381842,0.0,7.717190619364577,2700,604.6187718173285,0.0
70,346.81,910.4875513989338,1.8705096952698872,0.08360726724035628,124829.93033976483,2543.287923844512,97.67075073790951,2.1088746305474464,0.0,7.71719340111053,2700,604.6187718173285,0.0
71,346.815,910.6156193943938,1.9254352008357605,0.08606230472760923,124829.93033976483,2543.287789594922,97.67070412339805,2.139176238695234,0.0,7.717196224918651,2700,604.6187718173285,0.0
72,346.82,910.7435378700682,1.981164395737106,0.088553265187739,124829.93033976483,2543.287655345331,97.67065750888659,2.169482647090798,0.0,7.717199090795638,2700,604.6187718173285,0.0
73,346.825,910.8713067209809,2.037697647493182,0.09108016504796912,124829.93033976483,2543.287521095741,97.67061089437513,2.1997938499957246,0.0,7.717201998748174,2700,604.6187718173285,0.0
74,346.83,910.9989258422547,2.095035323073592,0.09364302071095489,124829.93033976483,2543.28738684615,97.67056427986368,2.230109841667592,0.0,7.717204948782941,2700,604.6187718173285,0.0
75,346.835,911.1263951291116,2.153177788897528,0.09624184855474949,124829.93033976483,2543.2872525965595,97.67051766535222,2.260430616359979,0.0,7.717207940906609,2700,604.6187718173285,0.0
76,346.84,911.2537144768727,2.2121254108330137,0.09887666493277018,124829.93033976483,2543.2871183469692,97.67047105084076,2.2907561683224658,0.0,7.717210975125841,2700,604.6187718173285,0.0
77,346.84499999999997,911.3808837809586,2.2718785541961473,0.10154748617376462,124829.93033976483,2543.2869840973785,97.6704244363293,2.3210864918006373,0.0,7.717214051447292,2700,604.6187718173285,0.0
78,346.84999999999997,911.5079029368898,2.332437583750347,0.10425432858177687,124829.93033976483,2543.286849847788,97.67037782181784,2.351421581036091,0.0,7.7172171698776095,2700,604.6187718173285,0.0
79,346.85499999999996,911.6347718402865,2.393802863705598,0.10699720843611396,124829.93033976483,2543.2867155981976,97.67033120730638,2.3817614302664354,0.0,7.717220330423433,2700,604.6187718173285,0.0
80,346.85999999999996,911.7614903868686,2.455974757717697,0.10977614199131194,124829.93033976483,2543.286581348607,97.67028459279491,2.412106033725297,0.0,7.717223533091391,2700,604.6187718173285,0.0
81,346.86499999999995,911.8880584724565,2.5189536288874974,0.11259114547710233,124829.93033976483,2543.2864470990166,97.67023797828345,2.442455385642325,0.0,7.71722677788811,2700,604.6187718173285,0.0
82,346.87,912.014475992971,2.582739839760163,0.11544223509837866,124829.93033976483,2543.286312849426,97.67019136377199,2.472809480243192,0.0,7.717230064820203,2700,604.6187718173285,0.0
83,346.875,912.1407428444332,2.6473337523244083,0.1183294270351624,124829.93033976483,2543.2861785998352,97.67014474926053,2.503168311749601,0.0,7.717233393894278,2700,604.6187718173285,0.0
84,346.88,912.2668589229651,2.7127357280117526,0.1212527374425699,124829.93033976483,2543.286044350245,97.67009813474908,2.533531874379287,0.0,7.717236765116934,2700,604.6187718173285,0.0
85,346.885,912.3928241247894,2.778946127695769,0.12421218245077854,124829.93033976483,2543.2859101006543,97.67005152023762,2.563900162346022,0.0,7.7172401784947615,2700,604.6187718173285,0.0
86,346.89,912.5186383462301,2.845965311691331,0.12720777816499326,124829.93033976483,2543.2857758510636,97.67000490572616,2.5942731698596173,0.0,7.717243634034344,2700,604.6187718173285,0.0
87,346.895,912.6443014837123,2.913793639753864,0.13023954066541302,124829.93033976483,2543.2856416014733,97.6699582912147,2.6246508911259303,0.0,7.717247131742257,2700,604.6187718173285,0.0
88,346.9,912.7698134337626,2.9824314710786055,0.13330748600719758,124829.93033976483,2543.2855073518826,97.66991167670324,2.655033320346867,0.0,7.717250671625066,2700,604.6187718173285,0.0
89,346.905,912.8951740930089,3.0518791642998426,0.13641163022043376,124829.93033976483,2543.2853731022924,97.66986506219179,2.685420451720384,0.0,7.717254253689331,2700,604.6187718173285,0.0
90,346.90999999999997,913.0203833581817,3.1221370774901755,0.13955198931010232,124829.93033976483,2543.2852388527017,97.66981844768033,2.7158122794404944,0.0,7.717257877941603,2700,604.6187718173285,0.0
91,346.91499999999996,913.1454411261124,3.1932055681597693,0.1427285792560444,124829.93033976483,2543.285104603111,97.66977183316887,2.746208797697272,0.0,7.717261544388425,2700,604.6187718173285,0.0
92,346.91999999999996,913.270347293735,3.265084993255604,0.1459414160129282,124829.93033976483,2543.2849703535207,97.6697252186574,2.776610000676854,0.0,7.71726525303633,2700,604.6187718173285,0.0
93,346.92499999999995,913.3951017580861,3.337775709160733,0.14919051551021578,124829.93033976483,2543.28483610393,97.66967860414594,2.8070158825614455,0.0,7.717269003891847,2700,604.6187718173285,0.0
94,346.93,913.5197044163046,3.4112780716935385,0.15247589365212974,124829.93033976483,2543.2847018543393,97.66963198963448,2.8374264375293237,0.0,7.717272796961494,2700,604.6187718173285,0.0
95,346.935,913.6441551656318,3.4855924361069857,0.1557975663176199,124829.93033976483,2543.284567604749,97.66958537512302,2.8678416597548413,0.0,7.717276632251781,2700,604.6187718173285,0.0
96,346.94,913.768453903412,3.5607191570878833,0.15915554936033027,124829.93033976483,2543.2844333551584,97.66953876061156,2.8982615434084296,0.0,7.7172805097692105,2700,604.6187718173285,0.0
97,346.945,913.8926005270928,3.636658588756137,0.16254985860856558,124829.93033976483,2543.284299105568,97.6694921461001,2.9286860826566055,0.0,7.717284429520278,2700,604.6187718173285,0.0
98,346.95,914.0165949342246,3.7134110846640103,0.1659805098652585,124829.93033976483,2543.2841648559775,97.66944553158864,2.9591152716619713,0.0,7.71728839151147,2700,604.6187718173285,0.0
99,346.955,914.1404370224614,3.7909769977953816,0.16944751890793613,124829.93033976483,2543.284030606387,97.66939891707719,2.989549104583222,0.0,7.717292395749263,2700,604.6187718173285,0.0
100,346.96,914.2641266895606,3.8693566805650077,0.17295090148868716,124829.93033976483,2543.283896356797,97.66935230256573,3.019987575575148,0.0,7.717296442240128,2700,604.6187718173285,0.0
101,346.965,914.3876638333834,3.9485504848177815,0.17649067333412888,124829.93033976483,2543.2837621072063,97.66930568805427,3.0504306787886386,0.0,7.717300530990529,2700,604.6187718173285,0.0
102,346.96999999999997,914.5110483518949,4.02855876182799,0.18006685014537382,124829.93033976483,2543.2836278576156,97.6692590735428,3.0808784083706864,0.0,7.717304662006916,2700,604.6187718173285,0.0
103,346.97499999999997,914.6342801431646,4.109381862298583,0.183679447597997,124829.93033976483,2543.2834936080253,97.66921245903134,3.1113307584643923,0.0,7.717308835295738,2700,604.6187718173285,0.0
104,346.97999999999996,914.7573591053655,4.1910201363604305,0.18732848134200308,124829.93033976483,2543.2833593584346,97.6691658445199,3.1417877232089673,0.0,7.717313050863432,2700,604.6187718173285,0.0
105,346.98499999999996,914.8802851367757,4.273473933571589,0.19101396700179313,124829.93033976483,2543.2832251088444,97.66911923000843,3.172249296739739,0.0,7.717317308716426,2700,604.6187718173285,0.0
106,346.98999999999995,915.0030581357777,4.356743602916561,0.19473592017613192,124829.93033976483,2543.2830908592537,97.66907261549697,3.202715473188152,0.0,7.717321608861143,2700,604.6187718173285,0.0
107,346.995,915.1256780008587,4.440829492805567,0.198494356438115,124829.93033976483,2543.282956609663,97.6690260009855,3.2331862466817785,0.0,7.717325951303997,2700,604.6187718173285,0.0
108,347.0,915.2481446306108,4.525731951073806,0.202289291335136,124829.93033976483,2543.2828223600727,97.66897938647404,3.2636616113443133,0.0,7.717330336051392,2700,604.6187718173285,0.0
109,347.005,915.3704579237316,4.611451324980717,0.2061207403888535,124829.93033976483,2543.282688110482,97.66893277196259,3.2941415612955858,0.0,7.717334763109724,2700,604.6187718173285,0.0
110,347.01,915.4926177790235,4.697987961209257,0.20998871909515854,124829.93033976483,2543.2825538608913,97.66888615745113,3.32462609065156,0.0,7.717339232485383,2700,604.6187718173285,0.0
111,347.015,915.6146240953948,4.785342205865162,0.2138932429241419,124829.93033976483,2543.282419611301,97.66883954293966,3.3551151935243384,0.0,7.717343744184751,2700,604.6187718173285,0.0
112,347.02,915.7364767718593,4.873514404476214,0.21783432732006125,124829.93033976483,2543.2822853617104,97.6687929284282,3.3856088640221684,0.0,7.717348298214198,2700,604.6187718173285,0.0
113,347.025,915.8581757075365,4.962504901991511,0.2218119877013084,124829.93033976483,2543.2821511121197,97.66874631391674,3.416107096249444,0.0,7.71735289458009,2700,604.6187718173285,0.0
114,347.03,915.9797208016521,5.052314042780741,0.22582623946037694,124829.93033976483,2543.2820168625294,97.6686996994053,3.4466098843067114,0.0,7.717357533288784,2700,604.6187718173285,0.0
115,347.03499999999997,916.101111953538,5.142942170633447,0.22987709796382944,124829.93033976483,2543.2818826129387,97.66865308489383,3.477117222290672,0.0,7.7173622143466245,2700,604.6187718173285,0.0
116,347.03999999999996,916.2223490626321,5.234389628758301,0.23396457855226485,124829.93033976483,2543.2817483633485,97.66860647038237,3.507629104294187,0.0,7.717366937759956,2700,604.6187718173285,0.0
117,347.04499999999996,916.3434320284795,5.3266567597823755,0.23808869654028622,124829.93033976483,2543.2816141137578,97.66855985587091,3.538145524406282,0.0,7.717371703535106,2700,604.6187718173285,0.0
118,347.04999999999995,916.4643607507311,5.419743905750419,0.24224946721646773,124829.93033976483,2543.281479864167,97.66851324135945,3.5686664767121505,0.0,7.717376511678401,2700,604.6187718173285,0.0
119,347.055,916.5851351291457,5.5136514081241215,0.24644690584332266,124829.93033976483,2543.281345614577,97.66846662684799,3.5991919552931564,0.0,7.717381362196154,2700,604.6187718173285,0.0
120,347.06,916.7057550635884,5.608379607781394,0.2506810276572707,124829.93033976483,2543.281211364986,97.66842001233653,3.6297219542268415,0.0,7.717386255094674,2700,604.6187718173285,0.0
121,347.065,916.8262204540316,5.70392884501565,0.25495184786860564,124829.93033976483,2543.2810771153954,97.66837339782506,3.660256467586928,0.0,7.717391190380258,2700,604.6187718173285,0.0
122,347.07,916.9465312005553,5.800299459535066,0.2592593816614629,124829.93033976483,2543.280942865805,97.6683267833136,3.6907954894433206,0.0,7.7173961680591985,2700,604.6187718173285,0.0
123,347.075,917.0666872033473,5.897491790461874,0.26360364419378746,124829.93033976483,2543.2808086162145,97.66828016880216,3.7213390138621136,0.0,7.717401188137776,2700,604.6187718173285,0.0
124,347.08,917.1866883627027,5.995506176331624,0.26798465059730103,124829.93033976483,2543.280674366624,97.6682335542907,3.7518870349055944,0.0,7.717406250622266,2700,604.6187718173285,0.0
125,347.085,917.3065345790249,6.094342955092475,0.27240241597747034,124829.93033976483,2543.2805401170335,97.66818693977923,3.7824395466322454,0.0,7.717411355518934,2700,604.6187718173285,0.0
126,347.09,917.4262257528246,6.194002464104463,0.2768569554134746,124829.93033976483,2543.280405867443,97.66814032526777,3.8129965430967516,0.0,7.717416502834037,2700,604.6187718173285,0.0
127,347.09499999999997,917.545761784722,6.294485040138787,0.2813482839581733,124829.93033976483,2543.2802716178526,97.66809371075631,3.8435580183500018,0.0,7.717421692573826,2700,604.6187718173285,0.0
128,347.09999999999997,917.6651425754447,6.39579101937709,0.285876416638074,124829.93033976483,2543.280137368262,97.66804709624486,3.8741239664390945,0.0,7.71742692474454,2700,604.6187718173285,0.0
129,347.10499999999996,917.7843680258295,6.497920737410732,0.2904413684533005,124829.93033976483,2543.280003118671,97.6680004817334,3.9046943814073405,0.0,7.717432199352414,2700,604.6187718173285,0.0
130,347.10999999999996,917.9034380368216,6.600874529240083,0.2947369811804848,124829.93033976483,2543.279868869081,97.66795386722194,3.93526926207521,0.0,7.717437516403672,2700,604.6187718173285,0.0
131,347.11499999999995,918.0223525280567,6.704652745564698,0.29881738083569076,124829.93033976483,2543.2797346194902,97.66790725271048,3.9658485911157335,0.0,7.717442875904532,2700,604.6187718173285,0.0
132,347.12,918.1411113565201,6.8092556815616,0.3029245683849769,124829.93033976483,2543.2796003699,97.66786063819902,3.996432372114015,0.0,7.717448277861192,2700,604.6187718173285,0.0
133,347.125,918.2597144606164,6.9146837029889445,0.30705852128636696,124829.93033976483,2543.2794661203093,97.66781402368755,4.027020616861135,0.0,7.717453722279876,2700,604.6187718173285,0.0
134,347.13,918.3781618104106,7.020937204649632,0.311219218418396,124829.93033976483,2543.2793318707186,97.6677674091761,4.057613319757225,0.0,7.7174592091667655,2700,604.6187718173285,0.0
135,347.135,918.496453308494,7.128016521545997,0.3154066365957071,124829.93033976483,2543.2791976211283,97.66772079466463,4.088210475199364,0.0,7.717464738528026,2700,604.6187718173285,0.0
136,347.14,918.6145888575622,7.235921988127883,0.3196207528922324,124829.93033976483,2543.2790633715376,97.66767418015317,4.118812077587217,0.0,7.71747031036986,2700,604.6187718173285,0.0
137,347.145,918.7325683604363,7.344653938312135,0.3238615446374672,124829.93033976483,2543.278929121947,97.66762756564171,4.149418121318171,0.0,7.717475924698464,2700,604.6187718173285,0.0
138,347.15,918.8503917200447,7.454212705465256,0.3281289894112639,124829.93033976483,2543.2787948723567,97.66758095113026,4.180028600787334,0.0,7.717481581520025,2700,604.6187718173285,0.0
139,347.155,918.9680588394228,7.564598622402869,0.33242306503949637,124829.93033976483,2543.278660622766,97.6675343366188,4.210643510387516,0.0,7.717487280840725,2700,604.6187718173285,0.0
140,347.15999999999997,919.0855696217134,7.675812021389163,0.3367437495897084,124829.93033976483,2543.2785263731757,97.66748772210734,4.24126284450924,0.0,7.717493022666736,2700,604.6187718173285,0.0
141,347.16499999999996,919.2029239701662,7.787853234136367,0.3410910213670326,124829.93033976483,2543.278392123585,97.66744110759588,4.271886597540722,0.0,7.717498807004221,2700,604.6187718173285,0.0
142,347.16999999999996,919.320121788139,7.9007225918042,0.34546485891002876,124829.93033976483,2543.2782578739943,97.66739449308442,4.302514763867871,0.0,7.717504633859338,2700,604.6187718173285,0.0
143,347.17499999999995,919.4371629790967,8.014420424999331,0.34986524098673905,124829.93033976483,2543.278123624404,97.66734787857297,4.3331473378742835,0.0,7.717510503238237,2700,604.6187718173285,0.0
144,347.18,919.5540474466115,8.128947063774838,0.3542921465907542,124829.93033976483,2543.2779893748134,97.6673012640615,4.363784313941235,0.0,7.717516415147057,2700,604.6187718173285,0.0
145,347.185,919.6707750943638,8.24430283762966,0.35874555493746874,124829.93033976483,2543.277855125223,97.66725464955005,4.3944256864476765,0.0,7.717522369591934,2700,604.6187718173285,0.0
146,347.19,919.7873458261415,8.360488075508066,0.36322544546026186,124829.93033976483,2543.277720875633,97.66720803503858,4.425071449770233,0.0,7.717528366578992,2700,604.6187718173285,0.0
147,347.195,919.9037595458406,8.477503105799098,0.367731797806971,124829.93033976483,2543.277586626042,97.66716142052712,4.455721598283189,0.0,7.71753440611435,2700,604.6187718173285,0.0
148,347.2,920.0200161574647,8.595348256336038,0.37226459183622684,124829.93033976483,2543.277452376452,97.66711480601566,4.4863761263584925,0.0,7.717540488204117,2700,604.6187718173285,0.0
149,347.205,920.1361155651257,8.714023854395862,0.376823807614026,124829.93033976483,2543.2773181268612,97.6670681915042,4.5170350283657426,0.0,7.717546612854394,2700,604.6187718173285,0.0
150,347.21,920.2520576730437,8.83353022669869,0.38140942541031414,124829.93033976483,2543.2771838772705,97.66702157699274,4.547698298672192,0.0,7.717552780071278,2700,604.6187718173285,0.0
151,347.215,920.3678423855467,8.953867699407255,0.386021425695684,124829.93033976483,2543.2770496276803,97.66697496248128,4.578365931642739,0.0,7.717558989860855,2700,604.6187718173285,0.0
152,347.21999999999997,920.4834696070716,9.075036598126351,0.39065978913806065,124829.93033976483,2543.2769153780896,97.66692834796982,4.60903792163992,0.0,7.717565242229204,2700,604.6187718173285,0.0
153,347.22499999999997,920.5989392421626,9.197037247902292,0.39532449659954544,124829.93033976483,2543.276781128499,97.66688173345837,4.639714263023909,0.0,7.717571537182395,2700,604.6187718173285,0.0
154,347.22999999999996,920.7142511954742,9.31986997322237,0.4000155291333152,124829.93033976483,2543.2766468789087,97.6668351189469,4.670394950152514,0.0,7.717577874726492,2700,604.6187718173285,0.0
155,347.23499999999996,920.8294053717678,9.44353509801431,0.40473286798051,124829.93033976483,2543.276512629318,97.66678850443544,4.70107997738117,0.0,7.71758425486755,2700,604.6187718173285,0.0
156,347.23999999999995,920.9444016759146,9.568032945645719,0.40947649456730556,124829.93033976483,2543.2763783797272,97.66674188992398,4.731769339062936,0.0,7.717590677611615,2700,604.6187718173285,0.0
157,347.245,921.0592400128942,9.693363838923558,0.414246390501901,124829.93033976483,2543.276244130137,97.66669527541252,4.762463029548493,0.0,7.71759714296473,2700,604.6187718173285,0.0
158,347.25,921.1739202877947,9.819528100093589,0.41904253757177967,124829.93033976483,2543.2761098805463,97.66664866090107,4.793161043186137,0.0,7.717603650932925,2700,604.6187718173285,0.0
159,347.255,921.2884424058143,9.946526050839822,0.42386491774075885,124829.93033976483,2543.275975630956,97.6666020463896,4.823863374321778,0.0,7.717610201522223,2700,604.6187718173285,0.0
160,347.26,921.4028062722595,10.074358012284002,0.42871351314636136,124829.93033976483,2543.2758413813654,97.66655543187814,4.8545700172989354,0.0,7.7176167947386425,2700,604.6187718173285,0.0
161,347.265,921.5170117925456,10.203024304985018,0.4335883060969879,124829.93033976483,2543.2757071317747,97.66650881736668,4.885280966458734,0.0,7.71762343058819,2700,604.6187718173285,0.0
162,347.27,921.6310588721984,10.332525248938412,0.4384892790694293,124829.93033976483,2543.2755728821844,97.66646220285523,4.915996216139903,0.0,7.7176301090768655,2700,604.6187718173285,0.0
163,347.275,921.7449474168525,10.462861163575793,0.4434164147061646,124829.93033976483,2543.2754386325937,97.66641558834377,4.946715760678768,0.0,7.7176368302106635,2700,604.6187718173285,0.0
164,347.28,921.8586773322518,10.594032367764322,0.44836969581285924,124829.93033976483,2543.275304383003,97.6663689738323,4.977439594409255,0.0,7.717643593995568,2700,604.6187718173285,0.0
165,347.28499999999997,921.9722485242502,10.726039179806142,0.4533491053559002,124829.93033976483,2543.2751701334128,97.66632235932084,5.008167711662879,0.0,7.717650400437556,2700,604.6187718173285,0.0
166,347.28999999999996,922.0856608988109,10.858881917437863,0.4583546264599192,124829.93033976483,2543.275035883822,97.66627574480938,5.038900106768751,0.0,7.717657249542595,2700,604.6187718173285,0.0
167,347.29499999999996,922.1989143620074,10.992560897830003,0.46338624240545573,124829.93033976483,2543.274901634232,97.66622913029794,5.069636774053564,0.0,7.717664141316648,2700,604.6187718173285,0.0
168,347.29999999999995,922.3120088200227,11.127076437586444,0.46844393662658407,124829.93033976483,2543.274767384641,97.66618251578647,5.100377707841601,0.0,7.717671075765668,2700,604.6187718173285,0.0
169,347.305,922.4249441791503,11.262428852743897,0.47352769270859973,124829.93033976483,2543.2746331350504,97.66613590127501,5.131122902454724,0.0,7.717678052895599,2700,604.6187718173285,0.0
170,347.31,922.537720345793,11.398618458771352,0.4786374943858253,124829.93033976483,2543.27449888546,97.66608928676355,5.1618723522123755,0.0,7.7176850727123805,2700,604.6187718173285,0.0
171,347.315,922.650337226465,11.535645570569537,0.4837733255392746,124829.93033976483,2543.2743646358695,97.66604267225209,5.192626051431577,0.0,7.717692135221942,2700,604.6187718173285,0.0
172,347.32,922.7627947277898,11.673510502470382,0.4889351701947096,124829.93033976483,2543.2742303862788,97.66599605774063,5.223383994426923,0.0,7.717699240430203,2700,604.6187718173285,0.0
173,347.325,922.8750927565018,11.812213568236462,0.4941230125202772,124829.93033976483,2543.2740961366885,97.66594944322917,5.254146175510582,0.0,7.717706388343079,2700,604.6187718173285,0.0
174,347.33,922.987231219446,11.95175508106047,0.4993368368245697,124829.93033976483,2543.273961887098,97.6659028287177,5.284912588992293,0.0,7.717713578966476,2700,604.6187718173285,0.0
175,347.335,923.099210023578,12.092135353564675,0.5045766275545313,124829.93033976483,2543.2738276375076,97.66585621420624,5.315683229179364,0.0,7.717720812306292,2700,604.6187718173285,0.0
176,347.34,923.2110290759638,12.233354697800356,0.5098423692934182,124829.93033976483,2543.273693387917,97.66580959969478,5.346458090376668,0.0,7.717728088368417,2700,604.6187718173285,0.0
177,347.34499999999997,923.322688283781,12.3754134252473,0.5151340467589322,124829.93033976483,2543.273559138326,97.66576298518333,5.377237166886644,0.0,7.717735407158733,2700,604.6187718173285,0.0
178,347.34999999999997,923.4341875543173,12.518311846813225,0.5204516448011579,124829.93033976483,2543.273424888736,97.66571637067187,5.408020453009293,0.0,7.717742768683114,2700,604.6187718173285,0.0
179,347.35499999999996,923.5455267949727,12.662050272833255,0.5257951484007252,124829.93033976483,2543.273290639145,97.66566975616041,5.4388079430421765,0.0,7.7177501729474285,2700,604.6187718173285,0.0
180,347.35999999999996,923.6567059132567,12.806629013069374,0.5311645426669768,124829.93033976483,2543.2731563895545,97.66562314164895,5.469599631280417,0.0,7.717757619957533,2700,604.6187718173285,0.0
181,347.36499999999995,923.7677248167914,12.952048376709898,0.5365598128360624,124829.93033976483,2543.2730221399643,97.66557652713749,5.500395512016692,0.0,7.717765109719279,2700,604.6187718173285,0.0
182,347.37,923.87858341331,13.098308672368912,0.541980944269163,124829.93033976483,2543.2728878903736,97.66552991262604,5.531195579541238,0.0,7.71777264223851,2700,604.6187718173285,0.0
183,347.375,923.9892816106573,13.245410208085751,0.5474279224508126,124829.93033976483,2543.2727536407833,97.66548329811458,5.561999828141845,0.0,7.717780217521059,2700,604.6187718173285,0.0
184,347.38,924.0998193167892,13.393353291324438,0.5529007329870113,124829.93033976483,2543.2726193911926,97.66543668360312,5.592808252103853,0.0,7.7177878355727545,2700,604.6187718173285,0.0
185,347.385,924.2101964397735,13.54213822897317,0.5583993616036226,124829.93033976483,2543.272485141602,97.66539006909166,5.62362084571016,0.0,7.717795496399414,2700,604.6187718173285,0.0
186,347.39,924.3204128877909,13.691765327343768,0.5639237941446963,124829.93033976483,2543.2723508920117,97.6653434545802,5.6544376032412105,0.0,7.717803200006849,2700,604.6187718173285,0.0
187,347.395,924.430468569132,13.842234892171117,0.5694740165707727,124829.93033976483,2543.272216642421,97.66529684006873,5.6852585189749965,0.0,7.7178109464008635,2700,604.6187718173285,0.0
188,347.4,924.5403633922018,13.993547228612657,0.5750500149573375,124829.93033976483,2543.2720823928303,97.66525022555727,5.716083587187064,0.0,7.717818735587251,2700,604.6187718173285,0.0
189,347.405,924.6500972655153,14.145702641247835,0.5806517754931283,124829.93033976483,2543.27194814324,97.66520361104581,5.746912802150501,0.0,7.717826567571801,2700,604.6187718173285,0.0
190,347.40999999999997,924.7596700977011,14.298701434077563,0.5862792844787206,124829.93033976483,2543.2718138936493,97.66515699653435,5.777746158135945,0.0,7.7178344423602905,2700,604.6187718173285,0.0
191,347.41499999999996,924.8690817975005,14.45254391052366,0.5919325283248461,124829.93033976483,2543.271679644059,97.66511038202289,5.808583649411577,0.0,7.7178423599584915,2700,604.6187718173285,0.0
192,347.41999999999996,924.9783322737655,14.607230373428367,0.5976114935509738,124829.93033976483,2543.271545394469,97.66506376751144,5.839425270243122,0.0,7.717850320372168,2700,604.6187718173285,0.0
193,347.42499999999995,925.0874214354628,14.762761125053764,0.6033161667837929,124829.93033976483,2543.271411144878,97.66501715299998,5.8702710148938495,0.0,7.717858323607076,2700,604.6187718173285,0.0
194,347.43,925.1963491916703,14.919136467081227,0.6090465347557764,124829.93033976483,2543.271276895288,97.66497053848852,5.901120877624573,0.0,7.71786636966896,2700,604.6187718173285,0.0
195,347.435,925.3051154515796,15.076356700610944,0.6148025843037315,124829.93033976483,2543.271142645697,97.66492392397706,5.931974852693645,0.0,7.717874458563563,2700,604.6187718173285,0.0
196,347.44,925.413720124495,15.23442212616132,0.6205843023674217,124829.93033976483,2543.2710083961065,97.6648773094656,5.962832934356962,0.0,7.7178825902966155,2700,604.6187718173285,0.0
197,347.445,925.5221631198335,15.393333043668472,0.6263916759881203,124829.93033976483,2543.2708741465162,97.66483069495415,5.99369511686796,0.0,7.717890764873839,2700,604.6187718173285,0.0
198,347.45,925.630444347126,15.553089752485693,0.6322246923072748,124829.93033976483,2543.2707398969255,97.66478408044267,6.024561394477616,0.0,7.717898982300951,2700,604.6187718173285,0.0
199,347.455,925.7385637160158,15.713692551382902,0.638083338565229,124829.93033976483,2543.270605647335,97.66473746593121,6.055431761434446,0.0,7.717907242583658,2700,604.6187718173285,0.0
200,347.46,925.8465211362603,15.875141738546118,0.6439676020998096,124829.93033976483,2543.2704713977446,97.66469085141975,6.086306211984505,0.0,7.717915545727661,2700,604.6187718173285,0.0
201,347.465,925.9543165177304,16.037437611576927,0.649877470345076,124829.93033976483,2543.270337148154,97.66464423690829,6.117184740371391,0.0,7.71792389173865,2700,604.6187718173285,0.0
202,347.46999999999997,926.0619497704096,16.20058046749195,0.6558129308300662,124829.93033976483,2543.2702028985636,97.66459762239684,6.148067340836235,0.0,7.7179322806223105,2700,604.6187718173285,0.0
203,347.47499999999997,926.1694208043967,16.364570602722292,0.6617739711774621,124829.93033976483,2543.270068648973,97.66455100788538,6.178954007617712,0.0,7.7179407123843164,2700,604.6187718173285,0.0
204,347.47999999999996,926.2767295299032,16.529408313113034,0.6677605791024463,124829.93033976483,2543.2699343993822,97.66450439337392,6.209844734952029,0.0,7.717949187030336,2700,604.6187718173285,0.0
205,347.48499999999996,926.3838758572547,16.695093893922667,0.6737727424114449,124829.93033976483,2543.269800149792,97.66445777886246,6.240739517072939,0.0,7.71795770456603,2700,604.6187718173285,0.0
206,347.48999999999995,926.4908596968912,16.861627639822604,0.6798104490009192,124829.93033976483,2543.2696659002013,97.66441116435101,6.271638348211726,0.0,7.717966264997048,2700,604.6187718173285,0.0
207,347.495,926.5976809593669,17.029009844896606,0.6858736868562241,124829.93033976483,2543.2695316506106,97.66436454983955,6.302541222597217,0.0,7.717974868329036,2700,604.6187718173285,0.0
208,347.5,926.7043395553496,17.197240802640263,0.6919624440503758,124829.93033976483,2543.2693974010203,97.66431793532809,6.333448134455773,0.0,7.717983514567628,2700,604.6187718173285,0.0
209,347.505,926.8108353956227,17.366320805960473,0.6980767087430307,124829.93033976483,2543.2692631514296,97.66427132081662,6.364359078011296,0.0,7.717992203718452,2700,604.6187718173285,0.0
210,347.51,926.9171683910829,17.536250147174908,0.704216469179241,124829.93033976483,2543.2691289018394,97.66422470630516,6.395274047485224,0.0,7.718000935787127,2700,604.6187718173285,0.0
211,347.515,927.0233384527425,17.707029118011462,0.7103817136884242,124829.93033976483,2543.2689946522487,97.6641780917937,6.426193037096536,0.0,7.718009710779266,2700,604.6187718173285,0.0
212,347.52,927.1293454917277,17.878658009607754,0.7165724306832489,124829.93033976483,2543.268860402658,97.66413147728224,6.457116041061747,0.0,7.718018528700472,2700,604.6187718173285,0.0
213,347.525,927.2351894192805,18.051137112510574,0.7227886086585759,124829.93033976483,2543.2687261530677,97.66408486277078,6.488043053594911,0.0,7.71802738955634,2700,604.6187718173285,0.0
214,347.53,927.3408701467567,18.22446671667535,0.7290302361904121,124829.93033976483,2543.268591903477,97.66403824825932,6.518974068907622,0.0,7.718036293352459,2700,604.6187718173285,0.0
215,347.53499999999997,927.4463875856286,18.398647111465664,0.7352973019347656,124829.93033976483,2543.2684576538863,97.66399163374786,6.5499090812090115,0.0,7.718045240094407,2700,604.6187718173285,0.0
216,347.53999999999996,927.5517416474825,18.573678585652655,0.7415897946268297,124829.93033976483,2543.268323404296,97.66394501923641,6.580848084705754,0.0,7.7180542297877555,2700,604.6187718173285,0.0
217,347.54499999999996,927.6569322440203,18.74956142741454,0.7479077030797954,124829.93033976483,2543.2681891547054,97.66389840472495,6.61179107360206,0.0,7.718063262438069,2700,604.6187718173285,0.0
218,347.54999999999995,927.7619592870601,18.926295924336067,0.7542510161838798,124829.93033976483,2543.268054905115,97.66385179021349,6.642738042099682,0.0,7.718072338050903,2700,604.6187718173285,0.0
219,347.555,927.8668226885344,19.103882363408005,0.7606197229054171,124829.93033976483,2543.2679206555244,97.66380517570202,6.673688984397916,0.0,7.718081456631803,2700,604.6187718173285,0.0
220,347.56,927.9715223604921,19.28232103102659,0.7670138122859418,124829.93033976483,2543.2677864059337,97.66375856119056,6.7046438946935965,0.0,7.718090618186311,2700,604.6187718173285,0.0
221,347.565,928.0760582150981,19.461612212993025,0.7734332734410158,124829.93033976483,2543.2676521563435,97.66371194667911,6.735602767181099,0.0,7.718099822719956,2700,604.6187718173285,0.0
222,347.57,928.1804301646322,19.641756194512933,0.7798780955595351,124829.93033976483,2543.267517906753,97.66366533216765,6.766565596052347,0.0,7.7181090702382615,2700,604.6187718173285,0.0
223,347.575,928.284638121491,19.82275326019586,0.7863482679026913,124829.93033976483,2543.267383657162,97.66361871765619,6.7975323754968,0.0,7.718118360746743,2700,604.6187718173285,0.0
224,347.58,928.3886819981873,20.00460369405471,0.7928437798030871,124829.93033976483,2543.267249407572,97.66357210314473,6.828503099701468,0.0,7.718127694250908,2700,604.6187718173285,0.0
225,347.585,928.4925617073493,20.187307779505264,0.7993646206638138,124829.93033976483,2543.267115157981,97.66352548863327,6.859477762850901,0.0,7.7181370707562555,2700,604.6187718173285,0.0
226,347.59,928.5962771617226,20.370865799365617,0.8059107799575865,124829.93033976483,2543.266980908391,97.66347887412181,6.8904563591271994,0.0,7.718146490268277,2700,604.6187718173285,0.0
227,347.59499999999997,928.6998282741689,20.5552780358557,0.8124822472259166,124829.93033976483,2543.2668466588,97.66343225961035,6.921438882710004,0.0,7.718155952792452,2700,604.6187718173285,0.0
228,347.59999999999997,928.8032149576658,20.740544770596696,0.8190790120781931,124829.93033976483,2543.2667124092095,97.66338564509888,6.952425327776507,0.0,7.718165458334259,2700,604.6187718173285,0.0
229,347.60499999999996,928.9064371253088,20.926666284610583,0.8257010641909003,124829.93033976483,2543.2665781596193,97.66333903058742,6.983415688501448,0.0,7.718175006899164,2700,604.6187718173285,0.0
230,347.60999999999996,929.0094946903088,21.11364285831957,0.8323483933066538,124829.93033976483,2543.2664439100286,97.66329241607596,7.014409959057114,0.0,7.718184598492625,2700,604.6187718173285,0.0
231,347.61499999999995,929.1123875659949,21.301474771545582,0.8390209892335978,124829.93033976483,2543.266309660438,97.66324580156451,7.045408133613343,0.0,7.718194233120093,2700,604.6187718173285,0.0
232,347.62,929.2151156658131,21.490162303509763,0.8457188418443761,124829.93033976483,2543.2661754108476,97.66319918705305,7.076410206337524,0.0,7.718203910787009,2700,604.6187718173285,0.0
233,347.625,929.3176789033256,21.67970573283193,0.8524419410754557,124829.93033976483,2543.266041161257,97.66315257254159,7.107416171394597,0.0,7.718213631498809,2700,604.6187718173285,0.0
234,347.63,929.4200771922127,21.870105337530045,0.8591902769263493,124829.93033976483,2543.265906911666,97.66310595803013,7.138426022947055,0.0,7.718223395260919,2700,604.6187718173285,0.0
235,347.635,929.5223104462722,22.06136139501975,0.8659638394586977,124829.93033976483,2543.265772662076,97.66305934351867,7.169439755154945,0.0,7.718233202078757,2700,604.6187718173285,0.0
236,347.64,929.6243785794186,22.25347418211378,0.8727626187957804,124829.93033976483,2543.2656384124853,97.66301272900722,7.20045736217587,0.0,7.718243051957733,2700,604.6187718173285,0.0
237,347.645,929.7262815056847,22.446443975021488,0.8795866051214112,124829.93033976483,2543.265504162895,97.66296611449576,7.231478838164989,0.0,7.718252944903249,2700,604.6187718173285,0.0
238,347.65,929.8280191392208,22.640271049348314,0.8864357886794937,124829.93033976483,2543.2653699133043,97.6629194999843,7.262504177275017,0.0,7.718262880920698,2700,604.6187718173285,0.0
239,347.655,929.9295913942957,22.834955680095288,0.8933101597731683,124829.93033976483,2543.265235663714,97.66287288547282,7.293533373656228,0.0,7.7182728600154675,2700,604.6187718173285,0.0
240,347.65999999999997,930.0309981852947,23.030498141658462,0.9002097087639673,124829.93033976483,2543.265101414124,97.66282627096136,7.324566421456457,0.0,7.718282882192933,2700,604.6187718173285,0.0
241,347.66499999999996,930.1322394267228,23.22689870782847,0.9071344260712921,124829.93033976483,2543.264967164533,97.66277965644991,7.3556033148211,0.0,7.718292947458466,2700,604.6187718173285,0.0
242,347.66999999999996,930.2333150332018,23.424157651789947,0.9140843021717436,124829.93033976483,2543.2648329149424,97.66273304193845,7.386644047893116,0.0,7.718303055817428,2700,604.6187718173285,0.0
243,347.67499999999995,930.3342249194733,23.622275246121045,0.9210593275980379,124829.93033976483,2543.264698665352,97.66268642742699,7.4176886148130246,0.0,7.718313207275171,2700,604.6187718173285,0.0
244,347.68,930.4349690003957,23.82125176279291,0.9280594929389385,124829.93033976483,2543.2645644157615,97.66263981291553,7.448737009718914,0.0,7.71832340183704,2700,604.6187718173285,0.0
245,347.685,930.5355471909476,24.021087473169192,0.9350847888379928,124829.93033976483,2543.264430166171,97.66259319840407,7.479789226746438,0.0,7.718333639508373,2700,604.6187718173285,0.0
246,347.69,930.6359594062249,24.221782648005487,0.9421352059932214,124829.93033976483,2543.2642959165805,97.66254658389262,7.510845260028817,0.0,7.7183439202944975,2700,604.6187718173285,0.0
247,347.695,930.736205561443,24.423337557448875,0.9492107351563328,124829.93033976483,2543.26416166699,97.66249996938116,7.541905103696843,0.0,7.718354244200735,2700,604.6187718173285,0.0
248,347.7,930.8362855719358,24.62575247103736,0.9563113671320437,124829.93033976483,2543.2640274173996,97.6624533548697,7.572968751878877,0.0,7.718364611232399,2700,604.6187718173285,0.0
249,347.705,930.936199353157,24.829027657699406,0.9634370927775858,124829.93033976483,2543.263893167809,97.66240674035824,7.604036198700854,0.0,7.718375021394793,2700,604.6187718173285,0.0
250,347.71,931.0359468206783,25.033163385753408,0.9705879030018773,124829.93033976483,2543.263758918218,97.66236012584677,7.635107438286282,0.0,7.718385474693212,2700,604.6187718173285,0.0
251,347.715,931.1355278901917,25.23815992290714,0.9777637887650333,124829.93033976483,2543.263624668628,97.66231351133531,7.666182464756243,0.0,7.718395971132947,2700,604.6187718173285,0.0
252,347.71999999999997,931.234942477508,25.444017536257334,0.9849647410776574,124829.93033976483,2543.263490419037,97.66226689682385,7.697261272229402,0.0,7.718406510719275,2700,604.6187718173285,0.0
253,347.72499999999997,931.3341904985573,25.650736492289095,0.9921907510003931,124829.93033976483,2543.263356169447,97.66222028231239,7.728343854821995,0.0,7.71841709345747,2700,604.6187718173285,0.0
254,347.72999999999996,931.4332718693897,25.858317056875432,0.9994418096430742,124829.93033976483,2543.2632219198563,97.66217366780093,7.759430206647844,0.0,7.718427719352795,2700,604.6187718173285,0.0
255,347.73499999999996,931.532186506175,26.066759495276724,1.0067179081644215,124829.93033976483,2543.2630876702656,97.66212705328948,7.790520321818349,0.0,7.7184383884105054,2700,604.6187718173285,0.0
256,347.73999999999995,931.6309343252026,26.276064072140237,1.0140190377710827,124829.93033976483,2543.2629534206753,97.66208043877802,7.821614194442497,0.0,7.718449100635848,2700,604.6187718173285,0.0
257,347.745,931.7295152428819,26.48623105149962,1.0213451897174715,124829.93033976483,2543.2628191710846,97.66203382426656,7.852711818626861,0.0,7.7184598560340625,2700,604.6187718173285,0.0
258,347.75,931.8279291757427,26.697260696774386,1.028696355304984,124829.93033976483,2543.262684921494,97.6619872097551,7.883813188475597,0.0,7.71847065461038,2700,604.6187718173285,0.0
259,347.755,931.9261760404344,26.909153270769405,1.036072525881354,124829.93033976483,2543.2625506719037,97.66194059524364,7.914918298090455,0.0,7.718481496370023,2700,604.6187718173285,0.0
260,347.76,932.0242557537267,27.1219090356744,1.0434736928401984,124829.93033976483,2543.262416422313,97.66189398073219,7.946027141570771,0.0,7.718492381318206,2700,604.6187718173285,0.0
261,347.765,932.1221682325108,27.33552825306346,1.0508998476205487,124829.93033976483,2543.2622821727227,97.66184736622073,7.977139713013479,0.0,7.718503309460136,2700,604.6187718173285,0.0
262,347.77,932.2199133937968,27.55001118389454,1.0583509817061696,124829.93033976483,2543.262147923132,97.66180075170927,8.008256006513102,0.0,7.718514280801011,2700,604.6187718173285,0.0
263,347.775,932.317491154717,27.76535808850891,1.0658270866250241,124829.93033976483,2543.2620136735413,97.6617541371978,8.039376016161764,0.0,7.71852529534602,2700,604.6187718173285,0.0
264,347.78,932.4149014325228,27.98156922663073,1.073328153948888,124829.93033976483,2543.261879423951,97.66170752268634,8.070499736049184,0.0,7.718536353100347,2700,604.6187718173285,0.0
265,347.78499999999997,932.5121441445879,28.19864485736647,1.0808541752926257,124829.93033976483,2543.2617451743604,97.66166090817488,8.101627160262684,0.0,7.718547454069162,2700,604.6187718173285,0.0
266,347.78999999999996,932.6092192084068,28.416585239204466,1.088405142313863,124829.93033976483,2543.2616109247697,97.66161429366342,8.132758282887186,0.0,7.7185585982576335,2700,604.6187718173285,0.0
267,347.79499999999996,932.7061265415938,28.63539063001444,1.0959810467123576,124829.93033976483,2543.2614766751794,97.66156767915196,8.16389309800522,0.0,7.718569785670918,2700,604.6187718173285,0.0
268,347.79999999999995,932.8028660618862,28.855061287046897,1.1035818802295816,124829.93033976483,2543.2613424255887,97.6615210646405,8.195031599696915,0.0,7.718581016314165,2700,604.6187718173285,0.0
269,347.805,932.8994376871415,29.075597466932745,1.1112076346480315,124829.93033976483,2543.2612081759985,97.66147445012903,8.226173782040012,0.0,7.718592290192514,2700,604.6187718173285,0.0
270,347.81,932.9958413353389,29.296999425682706,1.1188583017910028,124829.93033976483,2543.261073926408,97.66142783561759,8.257319639109866,0.0,7.718603607311098,2700,604.6187718173285,0.0
271,347.815,933.0920769245791,29.5192674186869,1.126533873521908,124829.93033976483,2543.260939676817,97.66138122110613,8.288469164979439,0.0,7.718614967675043,2700,604.6187718173285,0.0
272,347.82,933.1881443730852,29.742401700714296,1.1342343417439469,124829.93033976483,2543.260805427227,97.66133460659466,8.31962235371931,0.0,7.718626371289463,2700,604.6187718173285,0.0
273,347.825,933.2840435992009,29.966402525912226,1.1419596983994156,124829.93033976483,2543.260671177636,97.6612879920832,8.350779199397673,0.0,7.718637818159466,2700,604.6187718173285,0.0
274,347.83,933.3797745213924,30.19127014780587,1.149709935469518,124829.93033976483,2543.2605369280454,97.66124137757174,8.38193969608034,0.0,7.718649308290153,2700,604.6187718173285,0.0
275,347.835,933.4753370582481,30.417004819297844,1.1574850449736238,124829.93033976483,2543.260402678455,97.6611947630603,8.413103837830747,0.0,7.7186608416866145,2700,604.6187718173285,0.0
276,347.84,933.5707311284785,30.6436067926676,1.1652850189690123,124829.93033976483,2543.2602684288645,97.66114814854883,8.44427161870995,0.0,7.7186724183539335,2700,604.6187718173285,0.0
277,347.84499999999997,933.665956650916,30.871076319571007,1.1731098495504007,124829.93033976483,2543.260134179274,97.66110153403737,8.47544303277663,0.0,7.718684038297186,2700,604.6187718173285,0.0
278,347.84999999999997,933.7610135445157,31.0994136510398,1.1809595288492911,124829.93033976483,2543.2599999296835,97.6610549195259,8.506618074087099,0.0,7.718695701521439,2700,604.6187718173285,0.0
279,347.85499999999996,933.8559017283548,31.328619037481175,1.188834049033828,124829.93033976483,2543.259865680093,97.66100830501443,8.537796736695293,0.0,7.718707408031748,2700,604.6187718173285,0.0
280,347.85999999999996,933.9506211216337,31.558692728677205,1.1967334023081349,124829.93033976483,2543.2597314305026,97.66096169050299,8.568979014652786,0.0,7.718719157833166,2700,604.6187718173285,0.0
281,347.86499999999995,934.0451716436753,31.78963497378441,1.2046575809118663,124829.93033976483,2543.259597180912,97.66091507599153,8.60016490200878,0.0,7.718730950930734,2700,604.6187718173285,0.0
282,347.87,934.1395532139251,32.02144602133325,1.2126065771202108,124829.93033976483,2543.259462931321,97.66086846148006,8.631354392810119,0.0,7.718742787329487,2700,604.6187718173285,0.0
283,347.875,934.2337657519511,32.25412611922762,1.2205803832427633,124829.93033976483,2543.259328681731,97.6608218469686,8.66254748110128,0.0,7.718754667034449,2700,604.6187718173285,0.0
284,347.88,934.3278091774458,32.48767551474441,1.2285789916237224,124829.93033976483,2543.2591944321402,97.66077523245714,8.693744160924386,0.0,7.718766590050636,2700,604.6187718173285,0.0
285,347.885,934.4216834102237,32.72209445453296,1.2366023946411586,124829.93033976483,2543.25906018255,97.6607286179457,8.724944426319201,0.0,7.71877855638306,2700,604.6187718173285,0.0
286,347.89,934.5153883702227,32.9573831846146,1.2446505847065457,124829.93033976483,2543.2589259329598,97.66068200343423,8.756148271323134,0.0,7.71879056603672,2700,604.6187718173285,0.0
287,347.895,934.6089239775046,33.193541950382176,1.2527235542647823,124829.93033976483,2543.258791683369,97.66063538892277,8.787355689971246,0.0,7.718802619016609,2700,604.6187718173285,0.0
288,347.9,934.7022901522542,33.430570996599556,1.260821295793244,124829.93033976483,2543.258657433779,97.66058877441131,8.818566676296243,0.0,7.718814715327709,2700,604.6187718173285,0.0
289,347.905,934.7954868147802,33.668470567401144,1.2689438018017707,124829.93033976483,2543.258523184188,97.66054215989985,8.849781224328488,0.0,7.718826854974999,2700,604.6187718173285,0.0
290,347.90999999999997,934.8885138855152,33.90724090629138,1.277091064832142,124829.93033976483,2543.2583889345974,97.66049554538839,8.880999328096,0.0,7.718839037963444,2700,604.6187718173285,0.0
291,347.91499999999996,934.9813712850154,34.14688225614429,1.2852630774577758,124829.93033976483,2543.258254685007,97.66044893087692,8.91222098162445,0.0,7.718851264298006,2700,604.6187718173285,0.0
292,347.91999999999996,935.0740589339607,34.38739485920298,1.2934598322831496,124829.93033976483,2543.2581204354165,97.66040231636546,8.94344617893718,0.0,7.718863533983632,2700,604.6187718173285,0.0
293,347.92499999999995,935.1665767531559,34.62877895707919,1.3016813219437027,124829.93033976483,2543.2579861858258,97.660355701854,8.974674914055184,0.0,7.718875847025269,2700,604.6187718173285,0.0
294,347.93,935.2589246635291,34.871034790752745,1.3099275391051075,124829.93033976483,2543.2578519362355,97.66030908734255,9.005907180997125,0.0,7.718888203427848,2700,604.6187718173285,0.0
295,347.935,935.3511025861338,35.11416260057114,1.3181984764633052,124829.93033976483,2543.257717686645,97.66026247283109,9.037142973779341,0.0,7.718900603196296,2700,604.6187718173285,0.0
296,347.94,935.4431104421468,35.358162626249054,1.3264941267438763,124829.93033976483,2543.2575834370546,97.66021585831963,9.068382286415831,0.0,7.7189130463355315,2700,604.6187718173285,0.0
297,347.945,935.5349481528702,35.603035106867836,1.3348144827017212,124829.93033976483,2543.257449187464,97.66016924380817,9.09962511291827,0.0,7.718925532850464,2700,604.6187718173285,0.0
298,347.95,935.6266156397305,35.84878028087504,1.343159537120833,124829.93033976483,2543.257314937873,97.66012262929671,9.13087144729601,0.0,7.718938062745995,2700,604.6187718173285,0.0
299,347.955,935.7181128242787,36.09539838608397,1.3515292828136645,124829.93033976483,2543.257180688283,97.66007601478526,9.16212128355608,0.0,7.7189506360270155,2700,604.6187718173285,0.0
300,347.96,935.8094396281912,36.342889659673205,1.3599237126211572,124829.93033976483,2543.257046438692,97.6600294002738,9.193374615703195,0.0,7.71896325269841,2700,604.6187718173285,0.0
301,347.965,935.9005959732692,36.59125433818607,1.3683428194120348,124829.93033976483,2543.2569121891015,97.65998278576234,9.224631437739745,0.0,7.718975912765058,2700,604.6187718173285,0.0
302,347.96999999999997,935.9915817814392,36.840492657530255,1.376786596082789,124829.93033976483,2543.2567779395113,97.65993617125088,9.25589174366581,0.0,7.718988616231823,2700,604.6187718173285,0.0
303,347.97499999999997,936.0823969747522,37.09060485297723,1.385255035556935,124829.93033976483,2543.2566436899206,97.65988955673942,9.287155527479161,0.0,7.719001363103568,2700,604.6187718173285,0.0
304,347.97999999999996,936.1730414753855,37.34159115916189,1.393748130785242,124829.93033976483,2543.2565094403303,97.65984294222795,9.318422783175262,0.0,7.719014153385143,2700,604.6187718173285,0.0
305,347.98499999999996,936.2635152056415,37.593451810081966,1.4022658747448482,124829.93033976483,2543.2563751907396,97.65979632771649,9.349693504747265,0.0,7.71902698708139,2700,604.6187718173285,0.0
306,347.98999999999995,936.3538180879476,37.846187039097664,1.4108082604391812,124829.93033976483,2543.256240941149,97.65974971320503,9.380967686186022,0.0,7.719039864197146,2700,604.6187718173285,0.0
307,347.995,936.443950044858,38.09979707893111,1.4193752808977345,124829.93033976483,2543.2561066915587,97.65970309869357,9.412245321480086,0.0,7.719052784737235,2700,604.6187718173285,0.0
308,348.0,936.5339109990515,38.35428216166591,1.4279669291755412,124829.93033976483,2543.255972441968,97.65965648418211,9.443526404615712,0.0,7.719065748706476,2700,604.6187718173285,0.0
309,348.005,936.6237008733337,38.60964251874668,1.4365831983530604,124829.93033976483,2543.2558381923773,97.65960986967066,9.474810929576861,0.0,7.719078756109677,2700,604.6187718173285,0.0
310,348.01,936.7133195906362,38.865878380978636,1.4452240815355637,124829.93033976483,2543.255703942787,97.6595632551592,9.5060988903452,0.0,7.71909180695164,2700,604.6187718173285,0.0
311,348.015,936.8027670740158,39.122989978526974,1.453889571853202,124829.93033976483,2543.2555696931963,97.65951664064774,9.537390280900107,0.0,7.719104901237159,2700,604.6187718173285,0.0
312,348.02,936.8920432466565,39.3809775409166,1.462579662460473,124829.93033976483,2543.2554354436056,97.65947002613628,9.568685095218678,0.0,7.719118038971018,2700,604.6187718173285,0.0
313,348.025,936.9811480318685,39.6398412970315,1.4712943465359145,124829.93033976483,2543.2553011940154,97.65942341162481,9.59998332727572,0.0,7.719131220157993,2700,604.6187718173285,0.0
314,348.03,937.0700813530882,39.89958147511439,1.4800336172817625,124829.93033976483,2543.2551669444247,97.65937679711337,9.631284971043762,0.0,7.7191444448028514,2700,604.6187718173285,0.0
315,348.03499999999997,937.1588431338787,40.160198302766155,1.4887974679240574,124829.93033976483,2543.2550326948344,97.6593301826019,9.662590020493056,0.0,7.719157712910353,2700,604.6187718173285,0.0
316,348.03999999999996,937.2474332979295,40.42169200694546,1.4975858917115992,124829.93033976483,2543.2548984452437,97.65928356809044,9.693898469591579,0.0,7.719171024485248,2700,604.6187718173285,0.0
317,348.04499999999996,937.3358517690579,40.68406281396827,1.506398881916428,124829.93033976483,2543.254764195653,97.65923695357898,9.725210312305034,0.0,7.71918437953228,2700,604.6187718173285,0.0
318,348.04999999999995,937.4240984712068,40.94731094950733,1.5152364318330596,124829.93033976483,2543.254629946063,97.65919033906752,9.756525542596856,0.0,7.7191977780561825,2700,604.6187718173285,0.0
319,348.055,937.5121733284471,41.211436638591856,1.5240985347782472,124829.93033976483,2543.254495696472,97.65914372455606,9.787844154428214,0.0,7.719211220061682,2700,604.6187718173285,0.0
320,348.06,937.6000762649766,41.476440105606834,1.53298518409104,124829.93033976483,2543.2543614468814,97.6590971100446,9.819166141758014,0.0,7.719224705553497,2700,604.6187718173285,0.0
321,348.065,937.6878072051197,41.74232157429283,1.5418963731320428,124829.93033976483,2543.254227197291,97.65905049553314,9.850491498542905,0.0,7.719238234536334,2700,604.6187718173285,0.0
322,348.07,937.7753660733295,42.0090812677453,1.5508320952834682,124829.93033976483,2543.2540929477004,97.65900388102168,9.881820218737271,0.0,7.7192518070148965,2700,604.6187718173285,0.0
323,348.075,937.8627527941848,42.27671940841432,1.5597923439485581,124829.93033976483,2543.25395869811,97.65895726651021,9.91315229629325,0.0,7.719265422993875,2700,604.6187718173285,0.0
324,348.08,937.949967292394,42.54523621810397,1.5687771125518337,124829.93033976483,2543.2538244485195,97.65891065199877,9.944487725160721,0.0,7.7192790824779545,2700,604.6187718173285,0.0
325,348.085,938.037009492792,42.81463191797199,1.5777863945380868,124829.93033976483,2543.253690198929,97.6588640374873,9.97582649928732,0.0,7.7192927854718105,2700,604.6187718173285,0.0
326,348.09,938.1238793203413,43.08490672852926,1.5868201833728866,124829.93033976483,2543.2535559493385,97.65881742297584,10.00716861261844,0.0,7.71930653198011,2700,604.6187718173285,0.0
327,348.09499999999997,938.2105767001328,43.356060869639414,1.5958784725417263,124829.93033976483,2543.253421699748,97.65877080846438,10.038514059097222,0.0,7.719320322007512,2700,604.6187718173285,0.0
328,348.09999999999997,938.297101557386,43.628094560518306,1.6049612555501656,124829.93033976483,2543.253287450157,97.65872419395292,10.069862832664578,0.0,7.719334155558667,2700,604.6187718173285,0.0
329,348.10499999999996,938.383453817447,43.901008019733595,1.6140685259231033,124829.93033976483,2543.253153200567,97.65867757944147,10.10121492725918,0.0,7.719348032638216,2700,604.6187718173285,0.0
330,348.10999999999996,938.4696334057917,44.174801465204325,1.6232002772050886,124829.93033976483,2543.253018950976,97.65863096493,10.132570336817464,0.0,7.719361953250794,2700,604.6187718173285,0.0
331,348.11499999999995,938.5556402480238,44.44947511420039,1.6323565029596812,124829.93033976483,2543.252884701386,97.65858435041854,10.163929055273641,0.0,7.719375917401026,2700,604.6187718173285,0.0
332,348.12,938.6414742698747,44.72502918334221,1.6415371967694172,124829.93033976483,2543.2527504517957,97.65853773590707,10.195291076559693,0.0,7.719389925093528,2700,604.6187718173285,0.0
333,348.125,938.7271353972058,45.00146388860013,1.6507423522352245,124829.93033976483,2543.252616202205,97.65849112139561,10.226656394605378,0.0,7.719403976332908,2700,604.6187718173285,0.0
334,348.13,938.8126235560063,45.27877944529411,1.6599719629766398,124829.93033976483,2543.2524819526147,97.65844450688417,10.258025003338235,0.0,7.7194180711237665,2700,604.6187718173285,0.0
335,348.135,938.8979386723942,45.556976068093185,1.6692260226312456,124829.93033976483,2543.252347703024,97.6583978923727,10.289396896683579,0.0,7.719432209470695,2700,604.6187718173285,0.0
336,348.14,938.983080672617,45.83605397101505,1.6785045248545292,124829.93033976483,2543.2522134534333,97.65835127786124,10.320772068564523,0.0,7.719446391378278,2700,604.6187718173285,0.0
337,348.145,939.0680494830505,46.11601336742564,1.6878074633196212,124829.93033976483,2543.252079203843,97.65830466334978,10.352150512901957,0.0,7.719460616851087,2700,604.6187718173285,0.0
338,348.15,939.1528450302002,46.396854470038605,1.697134831717161,124829.93033976483,2543.2519449542524,97.65825804883833,10.38353222361457,0.0,7.71947488589369,2700,604.6187718173285,0.0
339,348.155,939.2374672407004,46.678577490915,1.706486623754748,124829.93033976483,2543.251810704662,97.65821143432687,10.414917194618841,0.0,7.719489198510645,2700,604.6187718173285,0.0
340,348.15999999999997,939.3219160413153,46.9611826414627,1.7158628331572265,124829.93033976483,2543.2516764550714,97.65816481981541,10.446305419829054,0.0,7.719503554706501,2700,604.6187718173285,0.0
341,348.16499999999996,939.4061913589381,47.24467013243602,1.7252634536660767,124829.93033976483,2543.2515422054807,97.65811820530395,10.477696893157288,0.0,7.719517954485798,2700,604.6187718173285,0.0
342,348.16999999999996,939.4902931205917,47.529040173935314,1.7346884790390555,124829.93033976483,2543.2514079558905,97.65807159079249,10.509091608513433,0.0,7.719532397853069,2700,604.6187718173285,0.0
343,348.17499999999995,939.5742212534285,47.81429297540645,1.7441379030504582,124829.93033976483,2543.2512737063,97.65802497628103,10.540489559805183,0.0,7.719546884812838,2700,604.6187718173285,0.0
344,348.18,939.6579756847315,48.100428745640464,1.753611719490661,124829.93033976483,2543.251139456709,97.65797836176957,10.571890740938041,0.0,7.719561415369622,2700,604.6187718173285,0.0
345,348.185,939.7415563419123,48.38744769277298,1.7631099221656272,124829.93033976483,2543.251005207119,97.6579317472581,10.60329514581533,0.0,7.719575989527925,2700,604.6187718173285,0.0
346,348.19,939.8249631525135,48.675350024283965,1.7726325048971916,124829.93033976483,2543.250870957528,97.65788513274664,10.63470276833819,0.0,7.719590607292249,2700,604.6187718173285,0.0
347,348.195,939.9081960442081,48.96413594699711,1.7821794615223647,124829.93033976483,2543.250736707938,97.65783851823518,10.66611360240558,0.0,7.719605268667081,2700,604.6187718173285,0.0
348,348.2,939.9912549447977,49.25380566707954,1.7917507858934985,124829.93033976483,2543.250602458347,97.65779190372373,10.697527641914286,0.0,7.719619973656904,2700,604.6187718173285,0.0
349,348.205,940.0741397822159,49.54435939004126,1.801346471877757,124829.93033976483,2543.2504682087565,97.65774528921227,10.728944880758919,0.0,7.719634722266191,2700,604.6187718173285,0.0
350,348.21,940.1568504845262,49.835797320734756,1.8109665133572483,124829.93033976483,2543.2503339591663,97.65769867470081,10.76036531283192,0.0,7.719649514499408,2700,604.6187718173285,0.0
351,348.215,940.2393869799222,50.12811966335465,1.8206109042285994,124829.93033976483,2543.2501997095756,97.65765206018935,10.79178893202357,0.0,7.719664350361009,2700,604.6187718173285,0.0
352,348.21999999999997,940.3217491967289,50.42132662143714,1.8302796384026996,124829.93033976483,2543.250065459985,97.65760544567789,10.823215732221982,0.0,7.719679229855443,2700,604.6187718173285,0.0
353,348.22499999999997,940.4039370634014,50.71541839785959,1.8399727098045588,124829.93033976483,2543.2499312103946,97.65755883116644,10.854645707313116,0.0,7.71969415298715,2700,604.6187718173285,0.0
354,348.22999999999996,940.4859505085265,51.0103951948402,1.8496901123731597,124829.93033976483,2543.249796960804,97.65751221665498,10.886078851180772,0.0,7.71970911976056,2700,604.6187718173285,0.0
355,348.23499999999996,940.5677894608206,51.30625721393749,1.8594318400614631,124829.93033976483,2543.249662711213,97.65746560214352,10.917515157706596,0.0,7.7197241301800945,2700,604.6187718173285,0.0
356,348.23999999999995,940.649453849133,51.60300465604987,1.869197886835481,124829.93033976483,2543.249528461623,97.65741898763206,10.948954620770092,0.0,7.719739184250169,2700,604.6187718173285,0.0
357,348.245,940.7309436024426,51.90063772141518,1.878988246674838,124829.93033976483,2543.2493942120323,97.6573723731206,10.980397234248613,0.0,7.719754281975186,2700,604.6187718173285,0.0
358,348.25,940.8122586498603,52.199156609610405,1.8888029135725177,124829.93033976483,2543.249259962442,97.65732575860913,11.011842992017373,0.0,7.719769423359546,2700,604.6187718173285,0.0
359,348.255,940.8933989206288,52.49856151955111,1.898641881534023,124829.93033976483,2543.2491257128513,97.65727914409767,11.043291887949445,0.0,7.719784608407636,2700,604.6187718173285,0.0
360,348.26,940.9743643441216,52.798852649491025,1.9085051445778292,124829.93033976483,2543.2489914632606,97.65723252958621,11.07474391591577,0.0,7.719799837123834,2700,604.6187718173285,0.0
361,348.265,941.0551548498439,53.10003019702171,1.9183926967352058,124829.93033976483,2543.2488572136704,97.65718591507475,11.106199069785156,0.0,7.719815109512513,2700,604.6187718173285,0.0
362,348.27,941.1357703674331,53.40209435907204,1.9283045320492982,124829.93033976483,2543.2487229640797,97.65713930056329,11.13765734342428,0.0,7.719830425578036,2700,604.6187718173285,0.0
363,348.275,941.2162108266581,53.70504533190781,1.9382406445759433,124829.93033976483,2543.248588714489,97.65709268605184,11.1691187306977,0.0,7.719845785324757,2700,604.6187718173285,0.0
364,348.28,941.2964761574198,54.00888331113138,1.9482010283827127,124829.93033976483,2543.2484544648987,97.65704607154038,11.200583225467849,0.0,7.7198611887570205,2700,604.6187718173285,0.0
365,348.28499999999997,941.376566289751,54.31360849168108,1.958185677548867,124829.93033976483,2543.248320215308,97.65699945702892,11.232050821595042,0.0,7.719876635879166,2700,604.6187718173285,0.0
366,348.28999999999996,941.4564811538173,54.61922106783101,1.9681945861659191,124829.93033976483,2543.2481859657178,97.65695284251746,11.26352151293748,0.0,7.719892126695521,2700,604.6187718173285,0.0
367,348.29499999999996,941.5362206799152,54.92572123319044,1.9782277483359625,124829.93033976483,2543.248051716127,97.656906228006,11.294995293351255,0.0,7.719907661210406,2700,604.6187718173285,0.0
368,348.29999999999995,941.6157847984755,55.23310918070352,1.9882851581730074,124829.93033976483,2543.2479174665364,97.65685961349455,11.32647215669035,0.0,7.719923239428132,2700,604.6187718173285,0.0
369,348.305,941.6951734400594,55.541385102648796,1.998366809802183,124829.93033976483,2543.247783216946,97.65681299898307,11.357952096806645,0.0,7.719938861353004,2700,604.6187718173285,0.0
370,348.31,941.7743865353623,55.85054919063875,2.008472697359228,124829.93033976483,2543.2476489673554,97.65676638447161,11.389435107549922,0.0,7.719954526989314,2700,604.6187718173285,0.0
371,348.315,941.8534240152117,56.16060163561949,2.018602814990837,124829.93033976483,2543.2475147177647,97.65671976996015,11.42092118276786,0.0,7.719970236341351,2700,604.6187718173285,0.0
372,348.32,941.9322858105674,56.47154262787028,2.0287571568541862,124829.93033976483,2543.2473804681745,97.65667315544869,11.452410316306054,0.0,7.71998598941339,2700,604.6187718173285,0.0
373,348.325,942.0109718525229,56.78337235700312,2.0389357171170457,124829.93033976483,2543.2472462185838,97.65662654093724,11.483902502008,0.0,7.720001786209701,2700,604.6187718173285,0.0
374,348.33,942.0894820723041,57.09609101196234,2.0491384899571314,124829.93033976483,2543.2471119689935,97.65657992642578,11.515397733715114,0.0,7.720017626734545,2700,604.6187718173285,0.0
375,348.335,942.1678164012704,57.409698781024176,2.059365469562659,124829.93033976483,2543.246977719403,97.65653331191432,11.54689600526673,0.0,7.720033510992173,2700,604.6187718173285,0.0
376,348.34,942.2459747709141,57.7241958517964,2.0696166501312883,124829.93033976483,2543.246843469812,97.65648669740285,11.578397310500097,0.0,7.72004943898683,2700,604.6187718173285,0.0
377,348.34499999999997,942.3239571128612,58.03958241121786,2.0798920258708784,124829.93033976483,2543.246709220222,97.6564400828914,11.609901643250398,0.0,7.72006541072275,2700,604.6187718173285,0.0
378,348.34999999999997,942.4017633588708,58.35585864555811,2.0901915909983075,124829.93033976483,2543.2465749706316,97.65639346837995,11.641408997350737,0.0,7.720081426204159,2700,604.6187718173285,0.0
379,348.35499999999996,942.4793934408353,58.673024740417006,2.1005153397408147,124829.93033976483,2543.246440721041,97.65634685386848,11.672919366632154,0.0,7.720097485435274,2700,604.6187718173285,0.0
380,348.35999999999996,942.556847290781,58.99108088072424,2.110863266333803,124829.93033976483,2543.2463064714507,97.65630023935702,11.70443274492362,0.0,7.720113588420306,2700,604.6187718173285,0.0
381,348.36499999999995,942.6341248408683,59.310027250738926,2.1212353650224096,124829.93033976483,2543.24617222186,97.65625362484556,11.735949126052054,0.0,7.720129735163453,2700,604.6187718173285,0.0
382,348.37,942.7112260233906,59.62986403404936,2.1316316300607143,124829.93033976483,2543.2460379722697,97.6562070103341,11.76746850384231,0.0,7.720145925668909,2700,604.6187718173285,0.0
383,348.375,942.7881507707762,59.95059141357242,2.1420520557112153,124829.93033976483,2543.245903722679,97.65616039582264,11.79899087211719,0.0,7.720162159940858,2700,604.6187718173285,0.0
384,348.38,942.8648990155865,60.27220957155325,2.1524966362455773,124829.93033976483,2543.2457694730883,97.65611378131118,11.830516224697451,0.0,7.720178437983473,2700,604.6187718173285,0.0
385,348.385,942.9414706905177,60.594718689564814,2.162965365943645,124829.93033976483,2543.245635223498,97.65606716679972,11.8620445554018,0.0,7.720194759800922,2700,604.6187718173285,0.0
386,348.39,943.0178657284,60.9181189485076,2.1734582390934154,124829.93033976483,2543.2455009739074,97.65602055228825,11.893575858046901,0.0,7.720211125397362,2700,604.6187718173285,0.0
387,348.395,943.0940840621976,61.242410528609064,2.1839752499913048,124829.93033976483,2543.2453667243167,97.6559739377768,11.925110126447382,0.0,7.720227534776942,2700,604.6187718173285,0.0
388,348.4,943.1701256250097,61.56759360942334,2.194516392941718,124829.93033976483,2543.2452324747264,97.65592732326535,11.956647354415836,0.0,7.720243987943803,2700,604.6187718173285,0.0
389,348.405,943.2459903500699,61.89366836983085,2.205081662256965,124829.93033976483,2543.2450982251357,97.65588070875388,11.988187535762819,0.0,7.720260484902077,2700,604.6187718173285,0.0
390,348.40999999999997,943.3216781707459,62.22063498803781,2.2156710522569316,124829.93033976483,2543.2449639755455,97.65583409424242,12.01973066429687,0.0,7.720277025655887,2700,604.6187718173285,0.0
391,348.41499999999996,943.3971890205413,62.54849364157589,2.226284557269585,124829.93033976483,2543.244829725955,97.65578747973096,12.051276733824498,0.0,7.720293610209348,2700,604.6187718173285,0.0
392,348.41999999999996,943.4725228330936,62.87724450730191,2.2369221716293874,124829.93033976483,2543.244695476364,97.65574086521951,12.082825738150186,0.0,7.720310238566566,2700,604.6187718173285,0.0
393,348.42499999999995,943.5476795421755,63.2068877613972,2.2475838896788547,124829.93033976483,2543.244561226774,97.65569425070805,12.114377671076417,0.0,7.720326910731639,2700,604.6187718173285,0.0
394,348.43,943.6226590816947,63.537423579367506,2.2582697057675687,124829.93033976483,2543.244426977183,97.65564763619659,12.145932526403643,0.0,7.720343626708655,2700,604.6187718173285,0.0
395,348.435,943.6974613856944,63.86885213604234,2.268979614251806,124829.93033976483,2543.2442927275924,97.65560102168513,12.177490297930321,0.0,7.720360386501696,2700,604.6187718173285,0.0
396,348.44,943.7720863883525,64.20117360557478,2.279713609495235,124829.93033976483,2543.244158478002,97.65555440717367,12.209050979452899,0.0,7.720377190114832,2700,604.6187718173285,0.0
397,348.445,943.8465340239828,64.53438816144094,2.2904716858675016,124829.93033976483,2543.2440242284115,97.6555077926622,12.24061456476582,0.0,7.720394037552128,2700,604.6187718173285,0.0
398,348.45,943.9208042270344,64.86849597643968,2.3012538377455103,124829.93033976483,2543.243889978821,97.65546117815074,12.272181047661535,0.0,7.720410928817638,2700,604.6187718173285,0.0
399,348.455,943.9948969320918,65.20349722269212,2.3120600595124126,124829.93033976483,2543.2437557292305,97.65541456363928,12.303750421930499,0.0,7.720427863915407,2700,604.6187718173285,0.0
400,348.46,944.0688120738748,65.53939207164136,2.3228903455574943,124829.93033976483,2543.24362147964,97.65536794912782,12.335322681361175,0.0,7.720444842849474,2700,604.6187718173285,0.0
401,348.465,944.1425495872402,65.87618069405197,2.3337446902766366,124829.93033976483,2543.2434872300496,97.65532133461636,12.366897819740043,0.0,7.720461865623866,2700,604.6187718173285,0.0
402,348.46999999999997,944.2161094071794,66.21386326000973,2.3446230880711214,124829.93033976483,2543.243352980459,97.65527472010491,12.3984758308516,0.0,7.720478932242605,2700,604.6187718173285,0.0
403,348.47499999999997,944.2894914688203,66.55243993892117,2.3555255333489433,124829.93033976483,2543.243218730868,97.65522810559345,12.43005670847837,0.0,7.720496042709701,2700,604.6187718173285,0.0
404,348.47999999999996,944.3626957074267,66.8919108995132,2.3664520205231834,124829.93033976483,2543.243084481278,97.65518149108199,12.46164044640089,0.0,7.720513197029157,2700,604.6187718173285,0.0
405,348.48499999999996,944.4357220583988,67.23227630983271,2.3774025440132553,124829.93033976483,2543.2429502316872,97.65513487657053,12.49322703839774,0.0,7.720530395204968,2700,604.6187718173285,0.0
406,348.48999999999995,944.5085704572731,67.57353633724622,2.388377098243308,124829.93033976483,2543.2428159820965,97.65508826205907,12.524816478245524,0.0,7.720547637241119,2700,604.6187718173285,0.0
407,348.495,944.5812408397219,67.91569114843948,2.3993756776436044,124829.93033976483,2543.2426817325063,97.65504164754762,12.556408759718888,0.0,7.720564923141588,2700,604.6187718173285,0.0
408,348.5,944.6537331415545,68.25874090941711,2.410398276649296,124829.93033976483,2543.2425474829156,97.65499503303616,12.588003876590516,0.0,7.720582252910341,2700,604.6187718173285,0.0
409,348.505,944.7260472987168,68.60268578550215,2.4214448897009024,124829.93033976483,2543.2424132333254,97.6549484185247,12.619601822631141,0.0,7.72059962655134,2700,604.6187718173285,0.0
410,348.51,944.7981832472911,68.9475259413358,2.4325155112435044,124829.93033976483,2543.2422789837346,97.65490180401322,12.65120259160954,0.0,7.720617044068534,2700,604.6187718173285,0.0
411,348.515,944.870140923496,69.29326154087693,2.4436101357278974,124829.93033976483,2543.242144734144,97.65485518950176,12.682806177292543,0.0,7.720634505465868,2700,604.6187718173285,0.0
412,348.52,944.9419202636884,69.63989274740173,2.454728757608923,124829.93033976483,2543.2420104845537,97.65480857499031,12.714412573445042,0.0,7.720652010747273,2700,604.6187718173285,0.0
413,348.525,945.0135212043602,69.98741972350349,2.465871371346213,124829.93033976483,2543.241876234963,97.65476196047885,12.746021773829984,0.0,7.720669559916675,2700,604.6187718173285,0.0
414,348.53,945.0849436821425,70.33584263109191,2.4770379714044446,124829.93033976483,2543.2417419853723,97.65471534596739,12.777633772208382,0.0,7.72068715297799,2700,604.6187718173285,0.0
415,348.53499999999997,945.1561876338012,70.685161631393,2.488228552251918,124829.93033976483,2543.241607735782,97.65466873145593,12.809248562339322,0.0,7.720704789935128,2700,604.6187718173285,0.0
416,348.53999999999996,945.2272529962415,71.03537688494859,2.4994431083617172,124829.93033976483,2543.2414734861914,97.65462211694447,12.840866137979953,0.0,7.720722470791986,2700,604.6187718173285,0.0
417,348.54499999999996,945.2981397065051,71.38648855161605,2.5106816342111804,124829.93033976483,2543.241339236601,97.65457550243302,12.872486492885507,0.0,7.720740195552455,2700,604.6187718173285,0.0
418,348.54999999999995,945.368847701771,71.73849679056774,2.521944124281331,124829.93033976483,2543.2412049870104,97.65452888792156,12.904109620809294,0.0,7.720757964220417,2700,604.6187718173285,0.0
419,348.555,945.4393769193554,72.09140176029084,2.53323057305769,124829.93033976483,2543.2410707374197,97.6544822734101,12.93573551550271,0.0,7.720775776799745,2700,604.6187718173285,0.0
420,348.56,945.5097272967135,72.44520361858682,2.544540975028713,124829.93033976483,2543.2409364878295,97.65443565889863,12.967364170715237,0.0,7.720793633294303,2700,604.6187718173285,0.0
421,348.565,945.5798987714367,72.79990252257119,2.5558753246874617,124829.93033976483,2543.2408022382388,97.65438904438717,12.99899558019445,0.0,7.7208115337079475,2700,604.6187718173285,0.0
422,348.57,945.6498912812552,73.15549862867313,2.5672336165301846,124829.93033976483,2543.240667988648,97.65434242987571,13.030629737686018,0.0,7.720829478044524,2700,604.6187718173285,0.0
423,348.575,945.7197047640367,73.511992092635,2.5786158450566563,124829.93033976483,2543.240533739058,97.65429581536425,13.062266636933717,0.0,7.720847466307872,2700,604.6187718173285,0.0
424,348.58,945.7893391577873,73.86938306951211,2.590022004770129,124829.93033976483,2543.2403994894676,97.65424920085279,13.093906271679417,0.0,7.720865498501823,2700,604.6187718173285,0.0
425,348.585,945.8587944006508,74.22767171367228,2.6014520901769536,124829.93033976483,2543.240265239877,97.65420258634133,13.125548635663105,0.0,7.720883574630195,2700,604.6187718173285,0.0
426,348.59,945.9280704309093,74.58685817879552,2.6129060957865966,124829.93033976483,2543.2401309902866,97.65415597182988,13.157193722622873,0.0,7.720901694696801,2700,604.6187718173285,0.0
427,348.59499999999997,945.9971671869831,74.94694261787366,2.6243840161120375,124829.93033976483,2543.239996740696,97.65410935731842,13.188841526294935,0.0,7.720919858705446,2700,604.6187718173285,0.0
428,348.59999999999997,946.0660846074314,75.30792518320996,2.6358858456682817,124829.93033976483,2543.2398624911057,97.65406274280696,13.22049204041362,0.0,7.720938066659923,2700,604.6187718173285,0.0
429,348.60499999999996,946.1348226309518,75.66980602641875,2.6474115789742627,124829.93033976483,2543.239728241515,97.6540161282955,13.252145258711387,0.0,7.720956318564021,2700,604.6187718173285,0.0
430,348.60999999999996,946.2033811963796,76.03258529842515,2.6589612105507197,124829.93033976483,2543.2395939919243,97.65396951378403,13.283801174918818,0.0,7.720974614421515,2700,604.6187718173285,0.0
431,348.61499999999995,946.2717602426899,76.39626314946463,2.670534734921588,124829.93033976483,2543.239459742334,97.65392289927259,13.315459782764629,0.0,7.720992954236174,2700,604.6187718173285,0.0
432,348.62,946.3399597089965,76.76083972908268,2.682132146612846,124829.93033976483,2543.2393254927433,97.65387628476113,13.347121075975675,0.0,7.721011338011761,2700,604.6187718173285,0.0
433,348.625,946.4079795345511,77.12631518613439,2.693753440153519,124829.93033976483,2543.2391912431526,97.65382967024966,13.378785048276946,0.0,7.721029765752024,2700,604.6187718173285,0.0
434,348.63,946.4758196587454,77.49268966878428,2.7053986100742304,124829.93033976483,2543.2390569935624,97.6537830557382,13.41045169339158,0.0,7.721048237460708,2700,604.6187718173285,0.0
435,348.635,946.5434800211098,77.85996332450573,2.7170676509082377,124829.93033976483,2543.2389227439717,97.65373644122674,13.442121005040864,0.0,7.721066753141547,2700,604.6187718173285,0.0
436,348.64,946.6109605613133,78.22813630008076,2.7287605571908045,124829.93033976483,2543.2387884943814,97.65368982671528,13.473792976944235,0.0,7.721085312798264,2700,604.6187718173285,0.0
437,348.645,946.6782612191655,78.59720874159967,2.7404773234590847,124829.93033976483,2543.2386542447907,97.65364321220382,13.50546760281929,0.0,7.721103916434577,2700,604.6187718173285,0.0
438,348.65,946.7453819346143,78.96718079446056,2.752217944252264,124829.93033976483,2543.2385199952,97.65359659769236,13.537144876381783,0.0,7.721122564054196,2700,604.6187718173285,0.0
439,348.655,946.812322647747,79.3380526033692,2.7639824141110956,124829.93033976483,2543.23838574561,97.6535499831809,13.568824791345637,0.0,7.721141255660817,2700,604.6187718173285,0.0
440,348.65999999999997,946.8790832987911,79.7098243123385,2.775770727578606,124829.93033976483,2543.238251496019,97.65350336866943,13.60050734142294,0.0,7.721159991258132,2700,604.6187718173285,0.0
441,348.66499999999996,946.9456638281132,80.08249606468824,2.7875828791984465,124829.93033976483,2543.2381172464284,97.65345675415799,13.632192520323956,0.0,7.7211787708498205,2700,604.6187718173285,0.0
442,348.66999999999996,947.0120641762197,80.45606800304472,2.799418863516897,124829.93033976483,2543.237982996838,97.65341013964652,13.663880321757123,0.0,7.721197594439559,2700,604.6187718173285,0.0
443,348.67499999999995,947.0782842837573,80.83054026934035,2.811278675080678,124829.93033976483,2543.2378487472474,97.65336352513506,13.695570739429066,0.0,7.721216462031011,2700,604.6187718173285,0.0
444,348.68,947.1443240915119,81.20591300481348,2.8231623084385147,124829.93033976483,2543.237714497657,97.6533169106236,13.72726376704459,0.0,7.72123537362783,2700,604.6187718173285,0.0
445,348.685,947.2101835404096,81.58218635000782,2.8350697581400395,124829.93033976483,2543.2375802480665,97.65327029611214,13.758959398306695,0.0,7.7212543292336635,2700,604.6187718173285,0.0
446,348.69,947.2758625715171,81.95936044477226,2.847001018735717,124829.93033976483,2543.237445998476,97.65322368160069,13.790657626916568,0.0,7.72127332885215,2700,604.6187718173285,0.0
447,348.695,947.3413611260409,82.3374354282605,2.8589560847776383,124829.93033976483,2543.2373117488855,97.65317706708923,13.822358446573597,0.0,7.72129237248692,2700,604.6187718173285,0.0
448,348.7,947.4066791453273,82.7164114389307,2.8709349508183255,124829.93033976483,2543.237177499295,97.65313045257777,13.854061850975375,0.0,7.721311460141591,2700,604.6187718173285,0.0
449,348.705,947.4718165708641,83.09628861454509,2.882937611411645,124829.93033976483,2543.237043249704,97.6530838380663,13.885767833817699,0.0,7.721330591819777,2700,604.6187718173285,0.0
450,348.71,947.5367733442783,83.47706709216972,2.8949640611116885,124829.93033976483,2543.236909000114,97.65303722355483,13.917476388794578,0.0,7.721349767525081,2700,604.6187718173285,0.0
451,348.715,947.6015494073384,83.85874700817406,2.9070142944733224,124829.93033976483,2543.236774750523,97.65299060904339,13.949187509598229,0.0,7.721368987261097,2700,604.6187718173285,0.0
452,348.71999999999997,947.6661447019535,84.24132849823069,2.919088306052343,124829.93033976483,2543.236640500933,97.65294399453192,13.980901189919095,0.0,7.721388251031409,2700,604.6187718173285,0.0
453,348.72499999999997,947.7305591701725,84.62481169731498,2.931186090404699,124829.93033976483,2543.2365062513422,97.65289738002046,14.012617423445842,0.0,7.721407558839597,2700,604.6187718173285,0.0
454,348.72999999999996,947.7947927541861,85.00919673970473,2.943307642086645,124829.93033976483,2543.2363720017515,97.652850765509,14.044336203865363,0.0,7.721426910689226,2700,604.6187718173285,0.0
455,348.73499999999996,947.8588453963256,85.39448375897983,2.9554529556551095,124829.93033976483,2543.2362377521613,97.65280415099754,14.076057524862776,0.0,7.721446306583858,2700,604.6187718173285,0.0
456,348.73999999999995,947.9227170390633,85.78067288802197,2.967622025667019,124829.93033976483,2543.2361035025706,97.65275753648609,14.107781380121441,0.0,7.721465746527041,2700,604.6187718173285,0.0
457,348.745,947.9864076250125,86.1677642590142,2.9798148466791994,124829.93033976483,2543.23596925298,97.65271092197463,14.139507763322957,0.0,7.721485230522318,2700,604.6187718173285,0.0
458,348.75,948.0499170969275,86.55575800344083,2.9920314132491086,124829.93033976483,2543.2358350033896,97.65266430746317,14.171236668147166,0.0,7.721504758573222,2700,604.6187718173285,0.0
459,348.755,948.113245397705,86.94465425208683,3.004271719933193,124829.93033976483,2543.235700753799,97.65261769295171,14.202968088272158,0.0,7.721524330683277,2700,604.6187718173285,0.0
460,348.76,948.1763924703812,87.33445313503769,3.0165357612889028,124829.93033976483,2543.2355665042087,97.65257107844025,14.234702017374277,0.0,7.721543946855998,2700,604.6187718173285,0.0
461,348.765,948.2393582581353,87.72515478167897,3.028823531872715,124829.93033976483,2543.235432254618,97.65252446392878,14.266438449128122,0.0,7.721563607094891,2700,604.6187718173285,0.0
462,348.77,948.3021427042875,88.1167593206961,3.0411350262409202,124829.93033976483,2543.2352980050273,97.65247784941732,14.298177377206555,0.0,7.721583311403457,2700,604.6187718173285,0.0
463,348.775,948.3647457522995,88.50926688007404,3.053470238949912,124829.93033976483,2543.235163755437,97.65243123490586,14.329918795280705,0.0,7.721603059785181,2700,604.6187718173285,0.0
464,348.78,948.4271673457749,88.90267758709678,3.0658291645548177,124829.93033976483,2543.2350295058463,97.6523846203944,14.361662697019963,0.0,7.721622852243546,2700,604.6187718173285,0.0
465,348.78499999999997,948.4894074284591,89.29699156834721,3.0782117976108663,124829.93033976483,2543.2348952562556,97.65233800588294,14.393409076092002,0.0,7.721642688782023,2700,604.6187718173285,0.0
466,348.78999999999996,948.5514659442393,89.69220894970674,3.090618132672386,124829.93033976483,2543.2347610066654,97.65229139137149,14.42515792616277,0.0,7.7216625694040735,2700,604.6187718173285,0.0
467,348.79499999999996,948.6133428371446,90.08832985635499,3.1030481642929715,124829.93033976483,2543.2346267570747,97.65224477686003,14.456909240896497,0.0,7.721682494113153,2700,604.6187718173285,0.0
468,348.79999999999995,948.6750380513469,90.48535441276942,3.1155018870253017,124829.93033976483,2543.2344925074844,97.65219816234857,14.488663013955701,0.0,7.721702462912706,2700,604.6187718173285,0.0
469,348.805,948.736551531159,90.88328274272507,3.1279792954219294,124829.93033976483,2543.2343582578937,97.65215154783711,14.520419239001189,0.0,7.721722475806169,2700,604.6187718173285,0.0
470,348.81,948.7978832210367,91.28211496929424,3.1404803840335394,124829.93033976483,2543.2342240083035,97.65210493332566,14.552177909692066,0.0,7.721742532796969,2700,604.6187718173285,0.0
471,348.815,948.8590330655785,91.68185121484616,3.153005147409952,124829.93033976483,2543.234089758713,97.6520583188142,14.583939019685735,0.0,7.721762633888526,2700,604.6187718173285,0.0
472,348.82,948.9200010095244,92.08249160104663,3.1655535801004926,124829.93033976483,2543.2339555091226,97.65201170430274,14.615702562637901,0.0,7.721782779084248,2700,604.6187718173285,0.0
473,348.825,948.9807869977577,92.48403624885776,3.1781256766525354,124829.93033976483,2543.233821259532,97.65196508979128,14.64746853220258,0.0,7.7218029683875375,2700,604.6187718173285,0.0
474,348.83,949.0413909753041,92.8864852785377,3.190721431612492,124829.93033976483,2543.2336870099416,97.65191847527981,14.679236922032104,0.0,7.7218232018017865,2700,604.6187718173285,0.0
475,348.835,949.1018128873314,93.28983880964023,3.203340839526114,124829.93033976483,2543.233552760351,97.65187186076835,14.71100772577711,0.0,7.721843479330379,2700,604.6187718173285,0.0
476,348.84,949.162052679151,93.69409696101448,3.215983894936524,124829.93033976483,2543.23341851076,97.65182524625689,14.742780937086568,0.0,7.721863800976689,2700,604.6187718173285,0.0
477,348.84499999999997,949.2221102962167,94.0992598508047,3.228650592386031,124829.93033976483,2543.23328426117,97.65177863174543,14.77455654960777,0.0,7.721884166744082,2700,604.6187718173285,0.0
478,348.84999999999997,949.2819856841254,94.50532759644985,3.2413409264154027,124829.93033976483,2543.2331500115793,97.65173201723397,14.806334556986336,0.0,7.721904576635916,2700,604.6187718173285,0.0
479,348.85499999999996,949.3416787886167,94.91230031468329,3.25405489156363,124829.93033976483,2543.233015761989,97.6516854027225,14.838114952866224,0.0,7.721925030655539,2700,604.6187718173285,0.0
480,348.85999999999996,949.4011895555736,95.3201781215326,3.266792482368226,124829.93033976483,2543.2328815123983,97.65163878821106,14.869897730889726,0.0,7.721945528806291,2700,604.6187718173285,0.0
481,348.86499999999995,949.4605179310228,95.72896113231921,3.279553693364241,124829.93033976483,2543.2327472628076,97.6515921736996,14.901682884697477,0.0,7.721966071091502,2700,604.6187718173285,0.0
482,348.87,949.5196638611333,96.13864946165796,3.292338519085745,124829.93033976483,2543.2326130132174,97.65154555918814,14.933470407928466,0.0,7.721986657514493,2700,604.6187718173285,0.0
483,348.875,949.5786272922177,96.54924322345695,3.3051469540644045,124829.93033976483,2543.2324787636267,97.65149894467667,14.965260294220027,0.0,7.722007288078578,2700,604.6187718173285,0.0
484,348.88,949.6374081707326,96.9607425309173,3.3179789928298846,124829.93033976483,2543.232344514036,97.65145233016521,14.997052537207852,0.0,7.722027962787061,2700,604.6187718173285,0.0
485,348.885,949.6960064432777,97.37314749653265,3.330834629909903,124829.93033976483,2543.2322102644457,97.65140571565377,15.028847130525993,0.0,7.722048681643237,2700,604.6187718173285,0.0
486,348.89,949.7544220565965,97.78645823208903,3.3437138598301686,124829.93033976483,2543.232076014855,97.6513591011423,15.06064406780687,0.0,7.722069444650392,2700,604.6187718173285,0.0
487,348.895,949.8126549575759,98.20067484866442,3.3566166771134207,124829.93033976483,2543.2319417652648,97.65131248663084,15.092443342681266,0.0,7.722090251811806,2700,604.6187718173285,0.0
488,348.9,949.8707050932471,98.61579745662864,3.3695430762813428,124829.93033976483,2543.231807515674,97.65126587211938,15.124244948778342,0.0,7.722111103130744,2700,604.6187718173285,0.0
489,348.905,949.9285724107846,99.03182616564283,3.382493051852374,124829.93033976483,2543.2316732660834,97.65121925760792,15.15604887972564,0.0,7.722131998610469,2700,604.6187718173285,0.0
490,348.90999999999997,949.9862568575071,99.44876108465935,3.395466598342593,124829.93033976483,2543.231539016493,97.65117264309646,15.187855129149078,0.0,7.72215293825423,2700,604.6187718173285,0.0
491,348.91499999999996,950.0437583808779,99.86660232192135,3.408463710266096,124829.93033976483,2543.2314047669024,97.651126028585,15.219663690672965,0.0,7.722173922065271,2700,604.6187718173285,0.0
492,348.91999999999996,950.1010769285031,100.28534998496258,3.4214843821338636,124829.93033976483,2543.2312705173117,97.65107941407354,15.251474557919998,0.0,7.722194950046824,2700,604.6187718173285,0.0
493,348.92499999999995,950.1582124481345,100.70500418060705,3.43452860845466,124829.93033976483,2543.2311362677215,97.65103279956207,15.283287724511272,0.0,7.722216022202115,2700,604.6187718173285,0.0
494,348.93,950.2151648876669,101.12556501496866,3.447596383734306,124829.93033976483,2543.2310020181308,97.65098618505061,15.315103184066283,0.0,7.722237138534358,2700,604.6187718173285,0.0
495,348.935,950.2719341951405,101.54703259345105,3.460687702475695,124829.93033976483,2543.2308677685405,97.65093957053917,15.346920930202929,0.0,7.722258299046761,2700,604.6187718173285,0.0
496,348.94,950.328520318739,101.96940702074731,3.473802559179807,124829.93033976483,2543.23073351895,97.6508929560277,15.378740956537522,0.0,7.722279503742521,2700,604.6187718173285,0.0
497,348.945,950.3849232067915,102.39268840083956,3.48694094834341,124829.93033976483,2543.230599269359,97.65084634151624,15.410563256684782,0.0,7.722300752624828,2700,604.6187718173285,0.0
498,348.95,950.4411428077713,102.81687683699874,3.5001028644611845,124829.93033976483,2543.230465019769,97.65079972700478,15.442387824257844,0.0,7.722322045696862,2700,604.6187718173285,0.0
499,348.955,950.4971790702962,103.24197243178435,3.5132883020252583,124829.93033976483,2543.230330770178,97.65075311249332,15.474214652868277,0.0,7.722343382961795,2700,604.6187718173285,0.0
500,348.96,950.5530319431293,103.66797528704409,3.526497255522935,124829.93033976483,2543.2301965205875,97.65070649798187,15.506043736126067,0.0,7.722364764422788,2700,604.6187718173285,0.0
501,348.965,950.6087013751779,104.09488550391372,3.5397297194399,124829.93033976483,2543.230062270997,97.6506598834704,15.537875067639634,0.0,7.722386190082996,2700,604.6187718173285,0.0
502,348.96999999999997,950.664187315495,104.52270318281661,3.552985688258328,124829.93033976483,2543.2299280214065,97.65061326895894,15.569708641015835,0.0,7.722407659945563,2700,604.6187718173285,0.0
503,348.97499999999997,950.7194897132778,104.95142842346355,3.5662651564571872,124829.93033976483,2543.2297937718163,97.65056665444747,15.601544449859963,0.0,7.722429174013624,2700,604.6187718173285,0.0
504,348.97999999999996,950.7746085178695,105.38106132485245,3.57956811851146,124829.93033976483,2543.2296595222256,97.65052003993601,15.633382487775766,0.0,7.722450732290309,2700,604.6187718173285,0.0
505,348.98499999999996,950.8295436787574,105.81160198526818,3.592894568892951,124829.93033976483,2543.229525272635,97.65047342542456,15.665222748365428,0.0,7.7224723347787325,2700,604.6187718173285,0.0
506,348.98999999999995,950.8842951455749,106.24305050228197,3.606244502071001,124829.93033976483,2543.2293910230446,97.6504268109131,15.697065225229593,0.0,7.722493981482007,2700,604.6187718173285,0.0
507,348.995,950.9388628681006,106.67540697275153,3.6196179125104995,124829.93033976483,2543.229256773454,97.65038019640164,15.728909911967367,0.0,7.7225156724032304,2700,604.6187718173285,0.0
508,349.0,950.9932467962586,107.10867149282046,3.633014794672727,124829.93033976483,2543.229122523863,97.65033358189018,15.760756802176314,0.0,7.722537407545494,2700,604.6187718173285,0.0
509,349.005,951.0474468801175,107.54284415791824,3.6464351430154442,124829.93033976483,2543.228988274273,97.65028696737872,15.792605889452464,0.0,7.722559186911883,2700,604.6187718173285,0.0
510,349.01,951.1014630698929,107.97792506275975,3.659878951992859,124829.93033976483,2543.2288540246823,97.65024035286727,15.824457167390321,0.0,7.722581010505469,2700,604.6187718173285,0.0
511,349.015,951.1552953159456,108.41391430134496,3.6733462160557506,124829.93033976483,2543.2287197750916,97.65019373835581,15.856310629582866,0.0,7.722602878329319,2700,604.6187718173285,0.0
512,349.02,951.2089435687814,108.85081196695899,3.686836929649694,124829.93033976483,2543.2285855255013,97.65014712384435,15.888166269621559,0.0,7.722624790386486,2700,604.6187718173285,0.0
513,349.025,951.2624077790528,109.2886181521715,3.700351087218715,124829.93033976483,2543.2284512759106,97.65010050933289,15.920024081096344,0.0,7.722646746680018,2700,604.6187718173285,0.0
514,349.03,951.3156878975577,109.72733294883649,3.7138886832008953,124829.93033976483,2543.2283170263204,97.65005389482143,15.951884057595661,0.0,7.722668747212954,2700,604.6187718173285,0.0
515,349.03499999999997,951.3687838752402,110.16695644809221,3.727449712030812,124829.93033976483,2543.2281827767297,97.65000728030996,15.983746192706437,0.0,7.722690791988324,2700,604.6187718173285,0.0
516,349.03999999999996,951.4216956631905,110.60748874036075,3.741034168139569,124829.93033976483,2543.228048527139,97.6499606657985,16.015610480014104,0.0,7.722712881009146,2700,604.6187718173285,0.0
517,349.04499999999996,951.4744232126445,111.04892991534773,3.754642045953942,124829.93033976483,2543.2279142775487,97.64991405128704,16.047476913102592,0.0,7.722735014278434,2700,604.6187718173285,0.0
518,349.04999999999995,951.5269664749845,111.49128006204214,3.768273339895807,124829.93033976483,2543.2277800279585,97.64986743677558,16.07934548555434,0.0,7.722757191799188,2700,604.6187718173285,0.0
519,349.055,951.5793254017399,111.934539268716,3.7819280443836405,124829.93033976483,2543.227645778368,97.64982082226413,16.111216190950305,0.0,7.722779413574403,2700,604.6187718173285,0.0
520,349.06,951.6314999445848,112.37870762292421,3.7956061538318284,124829.93033976483,2543.2275115287775,97.64977420775267,16.143089022869955,0.0,7.722801679607063,2700,604.6187718173285,0.0
521,349.065,951.6834900553414,112.82378521150416,3.8093076626495215,124829.93033976483,2543.227377279187,97.64972759324121,16.17496397489128,0.0,7.722823989900145,2700,604.6187718173285,0.0
522,349.07,951.7352956859773,113.2697721205756,3.823032565242587,124829.93033976483,2543.2272430295966,97.64968097872975,16.2068410405908,0.0,7.722846344456615,2700,604.6187718173285,0.0
523,349.075,951.7869167886071,113.71666843554023,3.8367808560110395,124829.93033976483,2543.227108780006,97.64963436421829,16.238720213543562,0.0,7.722868743279431,2700,604.6187718173285,0.0
524,349.08,951.8383533154919,114.16447424108155,3.8505525293518015,124829.93033976483,2543.226974530415,97.64958774970684,16.27060148732315,0.0,7.722891186371543,2700,604.6187718173285,0.0
525,349.085,951.8896052190395,114.61318962116462,3.864347579656109,124829.93033976483,2543.226840280825,97.64954113519538,16.302484855501696,0.0,7.7229136737358886,2700,604.6187718173285,0.0
526,349.09,951.9406724518052,115.06281465903571,3.878166001311828,124829.93033976483,2543.2267060312342,97.64949452068392,16.33437031164986,0.0,7.722936205375402,2700,604.6187718173285,0.0
527,349.09499999999997,951.9915549664903,115.5133494372222,3.8920077887012408,124829.93033976483,2543.2265717816435,97.64944790617245,16.366257849336858,0.0,7.722958781293003,2700,604.6187718173285,0.0
528,349.09999999999997,952.042252715943,115.96479403753202,3.9058729362022087,124829.93033976483,2543.2264375320533,97.649401291661,16.398147462130467,0.0,7.722981401491607,2700,604.6187718173285,0.0
529,349.10499999999996,952.0927656531596,116.41714854105385,3.9197614381871593,124829.93033976483,2543.2263032824626,97.64935467714953,16.430039143597014,0.0,7.723004065974117,2700,604.6187718173285,0.0
530,349.10999999999996,952.1430937312824,116.87041302815645,3.9336732890252826,124829.93033976483,2543.2261690328723,97.64930806263807,16.461932887301394,0.0,7.723026774743429,2700,604.6187718173285,0.0
531,349.11499999999995,952.1932369036016,117.32458757848873,3.947608483079361,124829.93033976483,2543.2260347832816,97.64926144812661,16.493828686807063,0.0,7.723049527802431,2700,604.6187718173285,0.0
532,349.12,952.2431951235543,117.7796722709792,3.9615670147083017,124829.93033976483,2543.225900533691,97.64921483361515,16.525726535676057,0.0,7.723072325153998,2700,604.6187718173285,0.0
533,349.125,952.2929683447247,118.23566718383601,3.975548878265173,124829.93033976483,2543.2257662841007,97.64916821910369,16.557626427468982,0.0,7.7230951668009995,2700,604.6187718173285,0.0
534,349.13,952.3425565208452,118.69257239454659,3.989554068098806,124829.93033976483,2543.22563203451,97.64912160459224,16.58952835574503,0.0,7.723118052746297,2700,604.6187718173285,0.0
535,349.135,952.3919596057949,119.15038797987727,4.003582578552197,124829.93033976483,2543.2254977849193,97.64907499008078,16.62143231406198,0.0,7.723140982992739,2700,604.6187718173285,0.0
536,349.14,952.4411775536008,119.6091140158733,4.017634403964346,124829.93033976483,2543.225363535329,97.64902837556932,16.653338295976194,0.0,7.723163957543168,2700,604.6187718173285,0.0
537,349.145,952.4902103184374,120.06875057785831,4.03170953866765,124829.93033976483,2543.2252292857384,97.64898176105785,16.68524629504264,0.0,7.7231869764004175,2700,604.6187718173285,0.0
538,349.15,952.5390578546272,120.52929774043449,4.045807976990411,124829.93033976483,2543.225095036148,97.64893514654639,16.71715630481487,0.0,7.723210039567311,2700,604.6187718173285,0.0
539,349.155,952.58772011664,120.99075557748176,4.059929713255338,124829.93033976483,2543.2249607865574,97.64888853203495,16.74906831884506,0.0,7.723233147046665,2700,604.6187718173285,0.0
540,349.15999999999997,952.6361970590939,121.45312416215812,4.074074741779683,124829.93033976483,2543.2248265369667,97.64884191752347,16.78098233068399,0.0,7.7232562988412825,2700,604.6187718173285,0.0
541,349.16499999999996,952.6844886367547,121.91640356689906,4.088243056875281,124829.93033976483,2543.2246922873765,97.64879530301201,16.812898333881037,0.0,7.723279494953964,2700,604.6187718173285,0.0
542,349.16999999999996,952.732594804536,122.38059386341737,4.102434652848933,124829.93033976483,2543.2245580377858,97.64874868850055,16.84481632198422,0.0,7.723302735387496,2700,604.6187718173285,0.0
543,349.17499999999995,952.7805155174998,122.84569512270305,4.116649524001732,124829.93033976483,2543.224423788195,97.64870207398909,16.87673628854016,0.0,7.723326020144657,2700,604.6187718173285,0.0
544,349.18,952.828250730856,123.3117074150229,4.130887664629047,124829.93033976483,2543.224289538605,97.64865545947764,16.908658227094126,0.0,7.723349349228219,2700,604.6187718173285,0.0
545,349.185,952.8758003999628,123.77863080992039,4.145149069020897,124829.93033976483,2543.224155289014,97.64860884496618,16.940582131190006,0.0,7.723372722640941,2700,604.6187718173285,0.0
546,349.19,952.9231644803269,124.24646537621545,4.159433731461887,124829.93033976483,2543.224021039424,97.64856223045471,16.97250799437033,0.0,7.723396140385577,2700,604.6187718173285,0.0
547,349.195,952.9703429276029,124.7152111820041,4.173741646231127,124829.93033976483,2543.223886789833,97.64851561594325,17.004435810176265,0.0,7.723419602464871,2700,604.6187718173285,0.0
548,349.2,953.0173356975937,125.18486829465839,4.188072807601165,124829.93033976483,2543.2237525402425,97.64846900143179,17.036365572147634,0.0,7.723443108881556,2700,604.6187718173285,0.0
549,349.205,953.0641427462517,125.65543678082605,4.202427209839896,124829.93033976483,2543.223618290652,97.64842238692034,17.0682972738229,0.0,7.723466659638358,2700,604.6187718173285,0.0
550,349.21,953.1107640296767,126.12691670643036,4.216804847208447,124829.93033976483,2543.2234840410615,97.64837577240888,17.10023090873919,0.0,7.723490254737993,2700,604.6187718173285,0.0
551,349.215,953.1571995041174,126.59930813666983,4.231205713962864,124829.93033976483,2543.223349791471,97.64832915789742,17.13216647043229,0.0,7.72351389418317,2700,604.6187718173285,0.0
552,349.21999999999997,953.203449125972,127.07261113601807,4.245629804352655,124829.93033976483,2543.2232155418806,97.64828254338596,17.164103952436644,0.0,7.723537577976585,2700,604.6187718173285,0.0
553,349.22499999999997,953.2495128517863,127.54682576822343,4.2600771126222305,124829.93033976483,2543.22308129229,97.6482359288745,17.196043348285382,0.0,7.72356130612093,2700,604.6187718173285,0.0
554,349.22999999999996,953.2953906382559,128.02195209630895,4.274547633009072,124829.93033976483,2543.222947042699,97.64818931436304,17.227984651510294,0.0,7.723585078618883,2700,604.6187718173285,0.0
555,349.23499999999996,953.3410824422244,128.497990182572,4.289041359745771,124829.93033976483,2543.222812793109,97.64814269985158,17.259927855641852,0.0,7.723608895473118,2700,604.6187718173285,0.0
556,349.23999999999995,953.3865882206853,128.97494008858413,4.303558287057849,124829.93033976483,2543.222678543518,97.64809608534011,17.291872954209214,0.0,7.723632756686298,2700,604.6187718173285,0.0
557,349.245,953.4319079307804,129.45280187519083,4.318098409165221,124829.93033976483,2543.222544293928,97.64804947082865,17.323819940740233,0.0,7.723656662261074,2700,604.6187718173285,0.0
558,349.25,953.477041529801,129.93157560251132,4.332661720281256,124829.93033976483,2543.2224100443373,97.6480028563172,17.355768808761443,0.0,7.723680612200092,2700,604.6187718173285,0.0
559,349.255,953.5219889751874,130.41126132993833,4.347248214614103,124829.93033976483,2543.2222757947466,97.64795624180574,17.387719551798085,0.0,7.723704606505988,2700,604.6187718173285,0.0
560,349.26,953.5667502245295,130.89185911613788,4.361857886364715,124829.93033976483,2543.2221415451563,97.64790962729428,17.419672163374106,0.0,7.723728645181388,2700,604.6187718173285,0.0
561,349.265,953.611325235566,131.37336901904905,4.376490729727807,124829.93033976483,2543.2220072955656,97.64786301278282,17.451626637012147,0.0,7.72375272822891,2700,604.6187718173285,0.0
562,349.27,953.6557139661851,131.85579109588392,4.391146738892667,124829.93033976483,2543.221873045975,97.64781639827136,17.483582966233573,0.0,7.723776855651163,2700,604.6187718173285,0.0
563,349.275,953.6999163744248,132.3391254031269,4.405825908041339,124829.93033976483,2543.2217387963847,97.64776978375991,17.51554114455847,0.0,7.723801027450746,2700,604.6187718173285,0.0
564,349.28,953.743932418472,132.8233719965353,4.42052823134963,124829.93033976483,2543.2216045467944,97.64772316924845,17.54750116550563,0.0,7.72382524363025,2700,604.6187718173285,0.0
565,349.28499999999997,953.7877620566638,133.30853093113834,4.43525370298743,124829.93033976483,2543.2214702972037,97.64767655473699,17.579463022592584,0.0,7.723849504192256,2700,604.6187718173285,0.0
566,349.28999999999996,953.8314052474867,133.7946022612373,4.450002317117145,124829.93033976483,2543.2213360476135,97.64762994022553,17.611426709335596,0.0,7.723873809139339,2700,604.6187718173285,0.0
567,349.29499999999996,953.8748619495769,134.2815860404054,4.464774067896242,124829.93033976483,2543.221201798023,97.64758332571407,17.64339221924965,0.0,7.72389815847406,2700,604.6187718173285,0.0
568,349.29999999999995,953.9181321217206,134.76948232148735,4.4795689494736814,124829.93033976483,2543.2210675484325,97.6475367112026,17.675359545848494,0.0,7.723922552198975,2700,604.6187718173285,0.0
569,349.305,953.961215722853,135.25829115659937,4.494386955993637,124829.93033976483,2543.220933298842,97.64749009669114,17.707328682644608,0.0,7.72394699031663,2700,604.6187718173285,0.0
570,349.31,954.0041127120603,135.74801259712888,4.509228081592783,124829.93033976483,2543.220799049251,97.64744348217968,17.73929962314922,0.0,7.723971472829561,2700,604.6187718173285,0.0
571,349.315,954.0468230485778,136.2386466937342,4.524092320400048,124829.93033976483,2543.220664799661,97.64739686766822,17.771272360872317,0.0,7.723995999740295,2700,604.6187718173285,0.0
572,349.32,954.0893466917919,136.7301934963446,4.538979666540086,124829.93033976483,2543.22053055007,97.64735025315676,17.803246889322647,0.0,7.724020571051353,2700,604.6187718173285,0.0
573,349.325,954.1316836012377,137.22265305415982,4.553890114129199,124829.93033976483,2543.22039630048,97.64730363864531,17.83522320200773,0.0,7.724045186765243,2700,604.6187718173285,0.0
574,349.33,954.173833736602,137.71602541565014,4.568823657276813,124829.93033976483,2543.2202620508892,97.64725702413385,17.86720129243384,0.0,7.724069846884465,2700,604.6187718173285,0.0
575,349.335,954.2157970577201,138.2103106285559,4.583780290086003,124829.93033976483,2543.2201278012985,97.64721040962239,17.899181154106042,0.0,7.724094551411511,2700,604.6187718173285,0.0
576,349.34,954.2575735245794,138.7055087398876,4.598760006653278,124829.93033976483,2543.2199935517083,97.64716379511093,17.931162780528165,0.0,7.724119300348865,2700,604.6187718173285,0.0
577,349.34499999999997,954.2991630973164,139.2016197959254,4.613762801066993,124829.93033976483,2543.2198593021176,97.64711718059947,17.963146165202826,0.0,7.724144093699,2700,604.6187718173285,0.0
578,349.34999999999997,954.3405657362182,139.6986438422192,4.628788667409578,124829.93033976483,2543.219725052527,97.64707056608802,17.995131301631442,0.0,7.72416893146438,2700,604.6187718173285,0.0
579,349.35499999999996,954.381781401723,140.1965809235883,4.64383759975738,124829.93033976483,2543.2195908029366,97.64702395157656,18.027118183314204,0.0,7.724193813647461,2700,604.6187718173285,0.0
580,349.35999999999996,954.422810054419,140.69543108412122,4.658909592176924,124829.93033976483,2543.219456553346,97.6469773370651,18.059106803750122,0.0,7.724218740250688,2700,604.6187718173285,0.0
581,349.36499999999995,954.463651655045,141.1951943671755,4.674004638730179,124829.93033976483,2543.2193223037557,97.64693072255362,18.091097156436994,0.0,7.724243711276501,2700,604.6187718173285,0.0
582,349.37,954.504306164491,141.69587081537765,4.68912273347154,124829.93033976483,2543.219188054165,97.64688410804216,18.12308923487143,0.0,7.724268726727327,2700,604.6187718173285,0.0
583,349.375,954.5447735437972,142.1974604706227,4.704263870446914,124829.93033976483,2543.2190538045743,97.64683749353071,18.15508303254886,0.0,7.724293786605586,2700,604.6187718173285,0.0
584,349.38,954.5850537541546,142.6999633740743,4.719428043697543,124829.93033976483,2543.218919554984,97.64679087901925,18.18707854296352,0.0,7.724318890913688,2700,604.6187718173285,0.0
585,349.385,954.6251467569056,143.20337956616427,4.734615247254493,124829.93033976483,2543.2187853053933,97.64674426450779,18.219075759608472,0.0,7.724344039654035,2700,604.6187718173285,0.0
586,349.39,954.665052513543,143.7077090865927,4.7498254751437035,124829.93033976483,2543.2186510558026,97.64669764999633,18.251074675975612,0.0,7.7243692328290186,2700,604.6187718173285,0.0
587,349.395,954.7047709857105,144.21295197432738,4.765058721383228,124829.93033976483,2543.2185168062124,97.64665103548487,18.28307528555566,0.0,7.724394470441022,2700,604.6187718173285,0.0
588,349.4,954.7443021352034,144.71910826760407,4.78031497998361,124829.93033976483,2543.2183825566217,97.64660442097342,18.315077581838178,0.0,7.7244197524924205,2700,604.6187718173285,0.0
589,349.405,954.7836459239677,145.22617800392604,4.7955942449481075,124829.93033976483,2543.2182483070314,97.64655780646196,18.347081558311565,0.0,7.724445078985579,2700,604.6187718173285,0.0
590,349.40999999999997,954.822802314101,145.7341612200639,4.810896510272813,124829.93033976483,2543.2181140574407,97.6465111919505,18.37908720846307,0.0,7.724470449922854,2700,604.6187718173285,0.0
591,349.41499999999996,954.861771267851,146.24305795205544,4.82622176994622,124829.93033976483,2543.21797980785,97.64646457743903,18.411094525778793,0.0,7.724495865306591,2700,604.6187718173285,0.0
592,349.41999999999996,954.9005527476182,146.75286823520557,4.841570017949651,124829.93033976483,2543.21784555826,97.64641796292757,18.44310350374369,0.0,7.72452132513913,2700,604.6187718173285,0.0
593,349.42499999999995,954.9391467159535,147.263592104086,4.856941248256489,124829.93033976483,2543.217711308669,97.64637134841611,18.475114135841572,0.0,7.724546829422799,2700,604.6187718173285,0.0
594,349.43,954.9775531355592,147.77522959253508,4.87233545483249,124829.93033976483,2543.2175770590784,97.64632473390465,18.507126415555128,0.0,7.724572378159919,2700,604.6187718173285,0.0
595,349.435,955.0157719692899,148.28778073365783,4.887752631636679,124829.93033976483,2543.217442809488,97.64627811939319,18.53914033636591,0.0,7.724597971352799,2700,604.6187718173285,0.0
596,349.44,955.0538031801505,148.80124555982542,4.903192772619427,124829.93033976483,2543.2173085598974,97.64623150488173,18.571155891754344,0.0,7.724623609003744,2700,604.6187718173285,0.0
597,349.445,955.0916467312982,149.31562410267526,4.9186558717244555,124829.93033976483,2543.2171743103067,97.64618489037026,18.60317307519974,0.0,7.7246492911150435,2700,604.6187718173285,0.0
598,349.45,955.1293025860423,149.8309163931108,4.934141922887723,124829.93033976483,2543.2170400607165,97.64613827585882,18.635191880180297,0.0,7.724675017688983,2700,604.6187718173285,0.0
599,349.455,955.1667707078428,150.34712246130127,4.949650920036506,124829.93033976483,2543.216905811126,97.64609166134736,18.667212300173095,0.0,7.724700788727839,2700,604.6187718173285,0.0
600,349.46,955.2040510603118,150.86424233668149,4.965182857091433,124829.93033976483,2543.2167715615356,97.6460450468359,18.699234328654114,0.0,7.724726604233874,2700,604.6187718173285,0.0
601,349.465,955.2411436072138,151.38227604795188,4.980737727964603,124829.93033976483,2543.216637311945,97.64599843232443,18.731257959098237,0.0,7.724752464209347,2700,604.6187718173285,0.0
602,349.46999999999997,955.2780483124642,151.90122362307815,4.996315526560709,124829.93033976483,2543.216503062354,97.64595181781299,18.763283184979244,0.0,7.724778368656505,2700,604.6187718173285,0.0
603,349.47499999999997,955.3147651401313,152.42108508929118,5.011916246777007,124829.93033976483,2543.216368812764,97.64590520330152,18.79530999976983,0.0,7.724804317577585,2700,604.6187718173285,0.0
604,349.47999999999996,955.3512940544349,152.9418604730867,5.027539882502775,124829.93033976483,2543.216234563173,97.64585858879006,18.82733839694161,0.0,7.724830310974819,2700,604.6187718173285,0.0
605,349.48499999999996,955.3876350197467,153.4635498002255,5.043186427618091,124829.93033976483,2543.2161003135825,97.6458119742786,18.859368369965104,0.0,7.724856348850426,2700,604.6187718173285,0.0
606,349.48999999999995,955.4237880005905,153.98615309573302,5.05885587599656,124829.93033976483,2543.2159660639923,97.64576535976714,18.89139991230977,0.0,7.724882431206617,2700,604.6187718173285,0.0
607,349.495,955.4597529616427,154.50967038389908,5.074548221504332,124829.93033976483,2543.2158318144016,97.64571874525568,18.92343301744399,0.0,7.724908558045596,2700,604.6187718173285,0.0
608,349.5,955.495529867732,155.0341016882779,5.0902634579972865,124829.93033976483,2543.2156975648113,97.64567213074422,18.955467678835074,0.0,7.724934729369554,2700,604.6187718173285,0.0
609,349.505,955.5311186838387,155.55944703168797,5.106001579325693,124829.93033976483,2543.2155633152206,97.64562551623276,18.98750388994928,0.0,7.724960945180677,2700,604.6187718173285,0.0
610,349.51,955.5665193750955,156.0857064362118,5.121762579330219,124829.93033976483,2543.2154290656304,97.6455789017213,19.019541644251806,0.0,7.724987205481138,2700,604.6187718173285,0.0
611,349.515,955.6017319067882,156.6128799231957,5.137546451844003,124829.93033976483,2543.2152948160397,97.64553228720983,19.0515809352068,0.0,7.725013510273105,2700,604.6187718173285,0.0
612,349.52,955.6367562443547,157.14096751324982,5.153353190692689,124829.93033976483,2543.2151605664494,97.64548567269838,19.08362175627736,0.0,7.725039859558734,2700,604.6187718173285,0.0
613,349.525,955.6715923533847,157.66996922624787,5.16918278969242,124829.93033976483,2543.2150263168587,97.64543905818692,19.115664100925557,0.0,7.725066253340175,2700,604.6187718173285,0.0
614,349.53,955.7062401996218,158.19988508132718,5.185035242653042,124829.93033976483,2543.2148920672685,97.64539244367546,19.1477079626124,0.0,7.725092691619563,2700,604.6187718173285,0.0
615,349.53499999999997,955.740699748961,158.730715096888,5.200910543373081,124829.93033976483,2543.2147578176778,97.645345829164,19.17975333479789,0.0,7.72511917439903,2700,604.6187718173285,0.0
616,349.53999999999996,955.7749709674505,159.2624592905939,5.216808685646986,124829.93033976483,2543.2146235680875,97.64529921465254,19.21180021094099,0.0,7.725145701680695,2700,604.6187718173285,0.0
617,349.54499999999996,955.8090538212911,159.79511767937154,5.232729663257814,124829.93033976483,2543.214489318497,97.64525260014109,19.24384858449964,0.0,7.725172273466672,2700,604.6187718173285,0.0
618,349.54999999999995,955.8429482768364,160.32869027941032,5.24867346998165,124829.93033976483,2543.214355068906,97.64520598562963,19.275898448930775,0.0,7.725198889759062,2700,604.6187718173285,0.0
619,349.555,955.8766543005927,160.86317710616237,5.2646400995862415,124829.93033976483,2543.214220819316,97.64515937111817,19.3079497976903,0.0,7.7252255505599585,2700,604.6187718173285,0.0
620,349.56,955.9101718592195,161.3985781743423,5.280629545830121,124829.93033976483,2543.214086569725,97.6451127566067,19.340002624233126,0.0,7.725252255871446,2700,604.6187718173285,0.0
621,349.565,955.9435009195291,161.9348934979273,5.2966418024648005,124829.93033976483,2543.2139523201345,97.64506614209523,19.37205692201316,0.0,7.725279005695599,2700,604.6187718173285,0.0
622,349.57,955.9766414484866,162.4721230901567,5.312676863231578,124829.93033976483,2543.213818070544,97.64501952758378,19.404112684483312,0.0,7.7253058000344845,2700,604.6187718173285,0.0
623,349.575,956.0095934132102,163.010266963532,5.328734721865534,124829.93033976483,2543.2136838209535,97.64497291307232,19.436169905095497,0.0,7.725332638890158,2700,604.6187718173285,0.0
624,349.58,956.0423567809713,163.54932512981665,5.344815372091878,124829.93033976483,2543.2135495713633,97.64492629856086,19.468228577300643,0.0,7.72535952226467,2700,604.6187718173285,0.0
625,349.585,956.0749315191939,164.08929760003608,5.360918807627054,124829.93033976483,2543.2134153217726,97.6448796840494,19.5002886945487,0.0,7.725386450160057,2700,604.6187718173285,0.0
626,349.59,956.1073175954566,164.63018438447733,5.377045022180781,124829.93033976483,2543.213281072182,97.64483306953794,19.532350250288637,0.0,7.72541342257835,2700,604.6187718173285,0.0
627,349.59499999999997,956.1395149774893,165.17198549268915,5.393194009452605,124829.93033976483,2543.2131468225916,97.64478645502649,19.564413237968445,0.0,7.725440439521569,2700,604.6187718173285,0.0
628,349.59999999999997,956.1715236331768,165.71470093348154,5.409365763133298,124829.93033976483,2543.213012573001,97.64473984051503,19.596477651035165,0.0,7.725467500991727,2700,604.6187718173285,0.0
629,349.60499999999996,956.2033435305564,166.25833071492607,5.425560276906317,124829.93033976483,2543.21287832341,97.64469322600357,19.628543482934855,0.0,7.725494606990824,2700,604.6187718173285,0.0
630,349.60999999999996,956.2349746378189,166.80287484435533,5.4417775444457686,124829.93033976483,2543.21274407382,97.6446466114921,19.660610727112633,0.0,7.7255217575208555,2700,604.6187718173285,0.0
631,349.61499999999995,956.2664169233091,167.34833332836303,5.458017559417026,124829.93033976483,2543.2126098242293,97.64459999698065,19.69267937701265,0.0,7.725548952583805,2700,604.6187718173285,0.0
632,349.62,956.2976703555242,167.89470617280384,5.474280315478041,124829.93033976483,2543.2124755746386,97.64455338246918,19.72474942607812,0.0,7.725576192181648,2700,604.6187718173285,0.0
633,349.625,956.328734903116,168.44199338279316,5.4905658062754945,124829.93033976483,2543.2123413250483,97.64450676795772,19.756820867751312,0.0,7.7256034763163495,2700,604.6187718173285,0.0
634,349.63,956.3596105348897,168.99019496270716,5.5068740254502035,124829.93033976483,2543.2122070754576,97.64446015344626,19.78889369547355,0.0,7.725630804989867,2700,604.6187718173285,0.0
635,349.635,956.3902972198038,169.5393109161825,5.52320496663195,124829.93033976483,2543.2120728258674,97.6444135389348,19.820967902685236,0.0,7.7256581782041485,2700,604.6187718173285,0.0
636,349.64,956.4207949269703,170.0893412461163,5.539558623443286,124829.93033976483,2543.2119385762767,97.64436692442334,19.853043482825836,0.0,7.725685595961132,2700,604.6187718173285,0.0
637,349.645,956.4511036256557,170.64028595466593,5.555934989497038,124829.93033976483,2543.211804326686,97.64432030991189,19.885120429333895,0.0,7.725713058262748,2700,604.6187718173285,0.0
638,349.65,956.4812232852796,171.192145043249,5.572334058398125,124829.93033976483,2543.2116700770957,97.64427369540043,19.917198735647048,0.0,7.725740565110918,2700,604.6187718173285,0.0
639,349.655,956.5111538754161,171.74491851254325,5.588755823742227,124829.93033976483,2543.211535827505,97.64422708088897,19.949278395202008,0.0,7.725768116507552,2700,604.6187718173285,0.0
640,349.65999999999997,956.5408953657923,172.29860636248623,5.605200279115097,124829.93033976483,2543.2114015779143,97.6441804663775,19.98135940143458,0.0,7.725795712454552,2700,604.6187718173285,0.0
641,349.66499999999996,956.57044772629,172.8532085922754,5.621667418094721,124829.93033976483,2543.211267328324,97.64413385186604,20.013441747779677,0.0,7.725823352953811,2700,604.6187718173285,0.0
642,349.66999999999996,956.5998109269448,173.4087252003679,5.638157234250855,124829.93033976483,2543.2111330787334,97.6440872373546,20.045525427671304,0.0,7.725851038007215,2700,604.6187718173285,0.0
643,349.67499999999995,956.6289849379464,173.96515618448063,5.6546697211421115,124829.93033976483,2543.210998829143,97.64404062284314,20.07761043454257,0.0,7.725878767616638,2700,604.6187718173285,0.0
644,349.68,956.6579697296379,174.5225015415896,5.671204872319672,124829.93033976483,2543.2108645795524,97.64399400833167,20.10969676182571,0.0,7.725906541783943,2700,604.6187718173285,0.0
645,349.685,956.6867652725175,175.08076126793068,5.687762681326138,124829.93033976483,2543.2107303299617,97.64394739382021,20.14178440295206,0.0,7.7259343605109905,2700,604.6187718173285,0.0
646,349.69,956.715371537237,175.6399353589985,5.704343141693466,124829.93033976483,2543.2105960803715,97.64390077930875,20.173873351352093,0.0,7.725962223799628,2700,604.6187718173285,0.0
647,349.695,956.7437884946027,176.20002380954725,5.720946246946345,124829.93033976483,2543.210461830781,97.64385416479729,20.2059636004554,0.0,7.725990131651693,2700,604.6187718173285,0.0
648,349.7,956.772016115575,176.76102661358993,5.737571990598966,124829.93033976483,2543.21032758119,97.64380755028583,20.23805514369071,0.0,7.726018084069013,2700,604.6187718173285,0.0
649,349.705,956.8000543712687,177.3229437643986,5.754220366157684,124829.93033976483,2543.2101933316,97.64376093577437,20.270147974485884,0.0,7.72604608105341,2700,604.6187718173285,0.0
650,349.71,956.8279032329527,177.88577525450404,5.770891367118025,124829.93033976483,2543.210059082009,97.6437143212629,20.302242086267924,0.0,7.726074122606695,2700,604.6187718173285,0.0
651,349.715,956.8555626720507,178.44952107569583,5.78758498696847,124829.93033976483,2543.209924832419,97.64366770675146,20.334337472462988,0.0,7.72610220873067,2700,604.6187718173285,0.0
652,349.71999999999997,956.8830326601408,179.0141812190221,5.804301219185586,124829.93033976483,2543.209790582828,97.64362109224,20.366434126496376,0.0,7.726130339427128,2700,604.6187718173285,0.0
653,349.72499999999997,956.9103131689548,179.57975567478962,5.82104005724005,124829.93033976483,2543.2096563332375,97.64357447772854,20.398532041792553,0.0,7.726158514697853,2700,604.6187718173285,0.0
654,349.72999999999996,956.9374041703805,180.14624443256338,5.837801494591364,124829.93033976483,2543.2095220836472,97.64352786321707,20.430631211775143,0.0,7.726186734544618,2700,604.6187718173285,0.0
655,349.73499999999996,956.9643056364591,180.7136474811669,5.854585524690053,124829.93033976483,2543.2093878340565,97.64348124870561,20.462731629866934,0.0,7.72621499896919,2700,604.6187718173285,0.0
656,349.73999999999995,956.9910175393868,181.28196480868175,5.871392140977064,124829.93033976483,2543.2092535844663,97.64343463419416,20.494833289489893,0.0,7.726243307973324,2700,604.6187718173285,0.0
657,349.745,957.0175398515144,181.85119640244758,5.8882213368844605,124829.93033976483,2543.2091193348756,97.6433880196827,20.526936184065164,0.0,7.726271661558769,2700,604.6187718173285,0.0
658,349.75,957.0438725453479,182.4213422490623,5.905073105836068,124829.93033976483,2543.2089850852853,97.64334140517124,20.559040307013063,0.0,7.7263000597272615,2700,604.6187718173285,0.0
659,349.755,957.0700155935475,182.99240233438152,5.921947441244901,124829.93033976483,2543.2088508356946,97.64329479065978,20.59114565175311,0.0,7.7263285024805315,2700,604.6187718173285,0.0
660,349.76,957.0959689689279,183.56437664351878,5.93884433651325,124829.93033976483,2543.2087165861044,97.64324817614832,20.623252211704,0.0,7.726356989820298,2700,604.6187718173285,0.0
661,349.765,957.1217326444599,184.1372651608453,5.955763785038868,124829.93033976483,2543.2085823365137,97.64320156163686,20.655359980283638,0.0,7.726385521748272,2700,604.6187718173285,0.0
662,349.77,957.1473065932678,184.71106786999007,5.972705780204894,124829.93033976483,2543.2084480869235,97.6431549471254,20.687468950909125,0.0,7.726414098266154,2700,604.6187718173285,0.0
663,349.775,957.1726907886317,185.28578475383938,5.989670315388414,124829.93033976483,2543.2083138373328,97.64310833261393,20.719579116996773,0.0,7.726442719375638,2700,604.6187718173285,0.0
664,349.78,957.1978852039864,185.86141579453727,6.006657383955184,124829.93033976483,2543.208179587742,97.64306171810247,20.751690471962107,0.0,7.726471385078406,2700,604.6187718173285,0.0
665,349.78499999999997,957.2228898129218,186.43796097348505,6.023666979262235,124829.93033976483,2543.208045338152,97.64301510359101,20.783803009219866,0.0,7.726500095376133,2700,604.6187718173285,0.0
666,349.78999999999996,957.2477045891827,187.01542027134124,6.040699094658871,124829.93033976483,2543.207911088561,97.64296848907956,20.815916722184014,0.0,7.726528850270483,2700,604.6187718173285,0.0
667,349.79499999999996,957.272329506669,187.59379366802162,6.057753723480565,124829.93033976483,2543.207776838971,97.6429218745681,20.848031604267742,0.0,7.726557649763113,2700,604.6187718173285,0.0
668,349.79999999999995,957.2967645394358,188.1730811426992,6.074830859057596,124829.93033976483,2543.20764258938,97.64287526005664,20.880147648883476,0.0,7.7265864938556685,2700,604.6187718173285,0.0
669,349.805,957.3210096616937,188.75328267380388,6.091930494708741,124829.93033976483,2543.2075083397895,97.64282864554518,20.912264849442877,0.0,7.726615382549787,2700,604.6187718173285,0.0
670,349.81,957.345064847808,189.33439823902256,6.109052623743071,124829.93033976483,2543.207374090199,97.64278203103372,20.94438319935685,0.0,7.726644315847098,2700,604.6187718173285,0.0
671,349.815,957.3689300722998,189.91642781529902,6.126197239461219,124829.93033976483,2543.2072398406085,97.64273541652227,20.976502692035545,0.0,7.72667329374922,2700,604.6187718173285,0.0
672,349.82,957.3926053098448,190.4993713788339,6.143364335153145,124829.93033976483,2543.207105591018,97.6426888020108,21.008623320888372,0.0,7.726702316257763,2700,604.6187718173285,0.0
673,349.825,957.4160905352747,191.08322890508452,6.160553904098859,124829.93033976483,2543.2069713414276,97.64264218749933,21.040745079323994,0.0,7.726731383374328,2700,604.6187718173285,0.0
674,349.83,957.4393857235763,191.66800036876472,6.17776593957043,124829.93033976483,2543.206837091837,97.64259557298787,21.072867960750337,0.0,7.726760495100506,2700,604.6187718173285,0.0
675,349.835,957.4624908498917,192.25368574384512,6.19500043482852,124829.93033976483,2543.206702842246,97.64254895847641,21.104991958574594,0.0,7.726789651437881,2700,604.6187718173285,0.0
676,349.84,957.4854058895187,192.8402850035527,6.212257383125727,124829.93033976483,2543.206568592656,97.64250234396496,21.13711706620324,0.0,7.726818852388025,2700,604.6187718173285,0.0
677,349.84499999999997,957.5081308179108,193.4277981203709,6.229536777703156,124829.93033976483,2543.206434343065,97.6424557294535,21.169243277042014,0.0,7.7268480979525025,2700,604.6187718173285,0.0
678,349.84999999999997,957.5306656106765,194.01622506603948,6.246838611793027,124829.93033976483,2543.206300093475,97.64240911494204,21.20137058449595,0.0,7.726877388132869,2700,604.6187718173285,0.0
679,349.85499999999996,957.5530102435802,194.6055658115546,6.26416287861924,124829.93033976483,2543.2061658438843,97.64236250043058,21.233498981969372,0.0,7.726906722930671,2700,604.6187718173285,0.0
680,349.85999999999996,957.5751646925418,195.1958203271684,6.28150957139306,124829.93033976483,2543.2060315942936,97.64231588591912,21.265628462865887,0.0,7.726936102347445,2700,604.6187718173285,0.0
681,349.86499999999995,957.5971289336367,195.78698858238937,6.298878683319071,124829.93033976483,2543.2058973447033,97.64226927140767,21.297759020588405,0.0,7.72696552638472,2700,604.6187718173285,0.0
682,349.87,957.6189029430967,196.37907054598196,6.3162702075894055,124829.93033976483,2543.2057630951126,97.64222265689621,21.32989064853914,0.0,7.726994995044011,2700,604.6187718173285,0.0
683,349.875,957.6404866973085,196.97206618596664,6.333684137387601,124829.93033976483,2543.205628845522,97.64217604238475,21.36202334011962,0.0,7.727024508326831,2700,604.6187718173285,0.0
684,349.88,957.661880172815,197.56597546961996,6.351120465888285,124829.93033976483,2543.2054945959317,97.64212942787329,21.39415708873068,0.0,7.727054066234678,2700,604.6187718173285,0.0
685,349.885,957.683083346315,198.16079836347416,6.368579186254023,124829.93033976483,2543.205360346341,97.64208281336182,21.426291887772475,0.0,7.727083668769043,2700,604.6187718173285,0.0
686,349.89,957.7040961946623,198.75653483331732,6.386060291639528,124829.93033976483,2543.2052260967507,97.64203619885036,21.458427730644487,0.0,7.727113315931409,2700,604.6187718173285,0.0
687,349.895,957.724918694868,199.35318484419358,6.403563775188065,124829.93033976483,2543.20509184716,97.6419895843389,21.49056461074553,0.0,7.727143007723249,2700,604.6187718173285,0.0
688,349.9,957.7455508240979,199.9507483604023,6.421089630034187,124829.93033976483,2543.2049575975693,97.64194296982744,21.52270252147374,0.0,7.727172744146023,2700,604.6187718173285,0.0
689,349.905,957.7659925596745,200.5492253454988,6.438637849302757,124829.93033976483,2543.204823347979,97.64189635531598,21.5548414562266,0.0,7.72720252520119,2700,604.6187718173285,0.0
690,349.90999999999997,957.7862438790755,201.14861576229396,6.45620842610731,124829.93033976483,2543.2046890983884,97.64184974080453,21.586981408400945,0.0,7.727232350890193,2700,604.6187718173285,0.0
691,349.91499999999996,957.8063047599353,201.74891957285416,6.473801353551906,124829.93033976483,2543.2045548487977,97.64180312629307,21.619122371392947,0.0,7.727262221214468,2700,604.6187718173285,0.0
692,349.91999999999996,957.8261751800444,202.3501367385012,6.491416624731758,124829.93033976483,2543.2044205992074,97.64175651178161,21.651264338598143,0.0,7.727292136175442,2700,604.6187718173285,0.0
693,349.92499999999995,957.8458551173487,202.9522672198124,6.509054232730823,124829.93033976483,2543.2042863496167,97.64170989727015,21.68340730341142,0.0,7.727322095774532,2700,604.6187718173285,0.0
694,349.93,957.8653445499511,203.55531097662038,6.526714170622843,124829.93033976483,2543.2041521000265,97.64166328275869,21.715551259227038,0.0,7.727352100013149,2700,604.6187718173285,0.0
695,349.935,957.8846434561099,204.1592679680131,6.544396431473068,124829.93033976483,2543.204017850436,97.64161666824724,21.747696199438618,0.0,7.72738214889269,2700,604.6187718173285,0.0
696,349.94,957.90375181424,204.76413815233371,6.56210100833456,124829.93033976483,2543.203883600845,97.64157005373578,21.779842117439163,0.0,7.727412242414545,2700,604.6187718173285,0.0
697,349.945,957.9226696029124,205.3699214871809,6.579827894254356,124829.93033976483,2543.203749351255,97.64152343922431,21.811989006621058,0.0,7.727442380580096,2700,604.6187718173285,0.0
698,349.95,957.9413968008546,205.976617929408,6.597577082263138,124829.93033976483,2543.203615101664,97.64147682471285,21.844136860376068,0.0,7.727472563390714,2700,604.6187718173285,0.0
699,349.955,957.9599333869501,206.58422743512412,6.6153485653870145,124829.93033976483,2543.2034808520734,97.64143021020139,21.876285672095353,0.0,7.727502790847762,2700,604.6187718173285,0.0
700,349.96,957.9782793402386,207.19274995969286,6.6331423366392945,124829.93033976483,2543.203346602483,97.64138359568993,21.908435435169462,0.0,7.727533062952594,2700,604.6187718173285,0.0
701,349.965,957.9964346399166,207.80218545773332,6.65095838902441,124829.93033976483,2543.2032123528925,97.64133698117847,21.94058614298835,0.0,7.727563379706553,2700,604.6187718173285,0.0
702,349.96999999999997,958.0143992653366,208.41253388311927,6.668796715535584,124829.93033976483,2543.2030781033022,97.64129036666701,21.97273778894138,0.0,7.727593741110975,2700,604.6187718173285,0.0
703,349.97499999999997,958.0321731960078,209.02379518897968,6.686657309155627,124829.93033976483,2543.2029438537115,97.64124375215555,22.004890366417314,0.0,7.7276241471671865,2700,604.6187718173285,0.0
704,349.97999999999996,958.0497564115958,209.63596932769835,6.70454016285893,124829.93033976483,2543.2028096041213,97.64119713764408,22.037043868804346,0.0,7.727654597876503,2700,604.6187718173285,0.0
705,349.98499999999996,958.0671488919227,210.249056250914,6.722445269608651,124829.93033976483,2543.2026753545306,97.64115052313264,22.069198289490085,0.0,7.7276850932402334,2700,604.6187718173285,0.0
706,349.98999999999995,958.0843506169668,210.86305590952017,6.740372622357957,124829.93033976483,2543.2025411049403,97.64110390862118,22.101353621861556,0.0,7.727715633259674,2700,604.6187718173285,0.0
707,349.995,958.1013615668631,211.4779682536652,6.7583222140482055,124829.93033976483,2543.2024068553496,97.64105729410971,22.13350985930523,0.0,7.727746217936117,2700,604.6187718173285,0.0
708,350.0,958.118181721904,212.09379323275223,6.776294037613475,124829.93033976483,2543.2022726057594,97.64101067959825,22.16566699520701,0.0,7.72777684727084,2700,604.6187718173285,0.0
709,350.005,958.1348110625372,212.71053079543915,6.794288085974948,124829.93033976483,2543.2021383561687,97.64096406508679,22.197825022952234,0.0,7.727807521265114,2700,604.6187718173285,0.0
710,350.01,958.1512495693676,213.32818088963867,6.81230435204635,124829.93033976483,2543.2020041065784,97.64091745057534,22.229983935925695,0.0,7.727838239920201,2700,604.6187718173285,0.0
711,350.015,958.1674972231569,213.94674346251801,6.830342828727385,124829.93033976483,2543.2018698569877,97.64087083606387,22.262143727511635,0.0,7.7278690032373545,2700,604.6187718173285,0.0
712,350.02,958.1835540048239,214.5662184604992,6.848403508910181,124829.93033976483,2543.201735607397,97.6408242215524,22.294304391093753,0.0,7.727899811217816,2700,604.6187718173285,0.0
713,350.025,958.1994198954429,215.1866058292587,6.8664863854759135,124829.93033976483,2543.201601357807,97.64077760704095,22.32646592005521,0.0,7.727930663862821,2700,604.6187718173285,0.0
714,350.03,958.2150948762462,215.8079055137279,6.884591451295648,124829.93033976483,2543.201467108216,97.64073099252948,22.358628307778634,0.0,7.7279615611735935,2700,604.6187718173285,0.0
715,350.03499999999997,958.2305789286222,216.4301174580924,6.902718699228731,124829.93033976483,2543.2013328586254,97.64068437801804,22.390791547646128,0.0,7.72799250315135,2700,604.6187718173285,0.0
716,350.03999999999996,958.2458720341162,217.05324160579272,6.920868122127583,124829.93033976483,2543.201198609035,97.64063776350658,22.42295563303927,0.0,7.728023489797296,2700,604.6187718173285,0.0
717,350.04499999999996,958.2609741744309,217.67727789952357,6.939039712829541,124829.93033976483,2543.2010643594444,97.64059114899511,22.455120557339114,0.0,7.72805452111263,2700,604.6187718173285,0.0
718,350.04999999999995,958.275885331425,218.3022262812343,6.957233464164909,124829.93033976483,2543.2009301098537,97.64054453448365,22.48728631392622,0.0,7.72808559709854,2700,604.6187718173285,0.0
719,350.055,958.2906054871147,218.928086692129,6.975449368951829,124829.93033976483,2543.2007958602635,97.64049791997219,22.519452896180624,0.0,7.728116717756204,2700,604.6187718173285,0.0
720,350.06,958.3051346236731,219.55485907266583,6.993687420000988,124829.93033976483,2543.200661610673,97.64045130546074,22.551620297481875,0.0,7.728147883086791,2700,604.6187718173285,0.0
721,350.065,958.3194727234301,220.18254336255768,7.011947610108802,124829.93033976483,2543.2005273610825,97.64040469094928,22.583788511209004,0.0,7.728179093091463,2700,604.6187718173285,0.0
722,350.07,958.333619768872,220.8111395007718,7.0302299320624915,124829.93033976483,2543.200393111492,97.64035807643782,22.615957530740577,0.0,7.7282103477713715,2700,604.6187718173285,0.0
723,350.075,958.3475757426437,221.44064742552982,7.048534378640236,124829.93033976483,2543.200258861901,97.64031146192636,22.648127349454647,0.0,7.728241647127659,2700,604.6187718173285,0.0
724,350.08,958.3613406275458,222.07106707430776,7.06686094260872,124829.93033976483,2543.200124612311,97.6402648474149,22.68029796072881,0.0,7.7282729911614565,2700,604.6187718173285,0.0
725,350.085,958.3749144065363,222.70239838383625,7.085209616724629,124829.93033976483,2543.19999036272,97.64021823290344,22.712469357940172,0.0,7.728304379873889,2700,604.6187718173285,0.0
726,350.09,958.3882970627302,223.33464129010002,7.103580393732195,124829.93033976483,2543.1998561131295,97.64017161839197,22.74464153446537,0.0,7.728335813266073,2700,604.6187718173285,0.0
727,350.09499999999997,958.4014885794,223.96779572833842,7.121973266367882,124829.93033976483,2543.1997218635393,97.64012500388051,22.77681448368057,0.0,7.728367291339109,2700,604.6187718173285,0.0
728,350.09999999999997,958.414488939975,224.60186163304493,7.140388227355928,124829.93033976483,2543.1995876139486,97.64007838936905,22.808988198961497,0.0,7.728398814094097,2700,604.6187718173285,0.0
729,350.10499999999996,958.4272981280418,225.23683893796775,7.158825269411172,124829.93033976483,2543.1994533643583,97.64003177485759,22.8411626736834,0.0,7.7284303815321245,2700,604.6187718173285,0.0
730,350.10999999999996,958.439916127344,225.8727275761089,7.1772843852367485,124829.93033976483,2543.1993191147676,97.63998516034614,22.873337901221085,0.0,7.728461993654266,2700,604.6187718173285,0.0
731,350.11499999999995,958.4523429217827,226.50952747972525,7.195765567525701,124829.93033976483,2543.199184865177,97.63993854583468,22.905513874948916,0.0,7.728493650461592,2700,604.6187718173285,0.0
732,350.12,958.4645784954162,227.14723858032784,7.214268808959793,124829.93033976483,2543.1990506155867,97.63989193132322,22.937690588240816,0.0,7.728525351955163,2700,604.6187718173285,0.0
733,350.125,958.4766228324598,227.78586080868192,7.2327941022129885,124829.93033976483,2543.198916365996,97.63984531681176,22.969868034470267,0.0,7.728557098136028,2700,604.6187718173285,0.0
734,350.13,958.4884759172866,228.42539409480733,7.251341439944902,124829.93033976483,2543.1987821164053,97.63979870230031,23.002046207010327,0.0,7.728588889005228,2700,604.6187718173285,0.0
735,350.135,958.5001377344264,229.06583836797793,7.269910814806246,124829.93033976483,2543.198647866815,97.63975208778885,23.03422509923363,0.0,7.728620724563794,2700,604.6187718173285,0.0
736,350.14,958.5116082685669,229.70719355672225,7.288502219438807,124829.93033976483,2543.1985136172243,97.63970547327739,23.066404704512394,0.0,7.72865260481275,2700,604.6187718173285,0.0
737,350.145,958.5228875045525,230.34945958882312,7.307115646470163,124829.93033976483,2543.198379367634,97.63965885876593,23.09858501621841,0.0,7.728684529753108,2700,604.6187718173285,0.0
738,350.15,958.5339754273859,230.99263639131743,7.325751088520084,124829.93033976483,2543.1982451180434,97.63961224425447,23.130766027723077,0.0,7.728716499385874,2700,604.6187718173285,0.0
739,350.155,958.5448720222266,231.63672389049674,7.344408538196493,124829.93033976483,2543.1981108684527,97.639565629743,23.16294773239738,0.0,7.72874851371204,2700,604.6187718173285,0.0
740,350.15999999999997,958.5555772743913,232.281722011907,7.363087988097344,124829.93033976483,2543.1979766188624,97.63951901523154,23.19513012361191,0.0,7.728780572732595,2700,604.6187718173285,0.0
741,350.16499999999996,958.5660911693549,232.92763068034813,7.3817894308083325,124829.93033976483,2543.1978423692717,97.63947240072008,23.227313194736855,0.0,7.728812676448514,2700,604.6187718173285,0.0
742,350.16999999999996,958.576413692749,233.57444981987484,7.400512858906659,124829.93033976483,2543.197708119681,97.63942578620862,23.25949693914203,0.0,7.728844824860763,2700,604.6187718173285,0.0
743,350.17499999999995,958.5865448303634,234.22217935379607,7.4192582649564685,124829.93033976483,2543.1975738700908,97.63937917169716,23.29168135019685,0.0,7.728877017970303,2700,604.6187718173285,0.0
744,350.18,958.596484568145,234.87081920467514,7.438025641513653,124829.93033976483,2543.1974396205,97.63933255718571,23.323866421270374,0.0,7.728909255778082,2700,604.6187718173285,0.0
745,350.185,958.6062328921982,235.52036929432995,7.456814981121902,124829.93033976483,2543.19730537091,97.63928594267425,23.35605214573127,0.0,7.728941538285038,2700,604.6187718173285,0.0
746,350.19,958.615789788785,236.17082954383253,7.475626276313697,124829.93033976483,2543.197171121319,97.63923932816279,23.388238516947844,0.0,7.728973865492103,2700,604.6187718173285,0.0
747,350.195,958.6251552443256,236.82219987350962,7.494459519612406,124829.93033976483,2543.1970368717284,97.63919271365133,23.42042552828804,0.0,7.729006237400198,2700,604.6187718173285,0.0
748,350.2,958.6343292453965,237.47448020294232,7.513314703528125,124829.93033976483,2543.196902622138,97.63914609913986,23.45261317311945,0.0,7.729038654010235,2700,604.6187718173285,0.0
749,350.205,958.6433117787333,238.1276704509662,7.532191820564384,124829.93033976483,2543.1967683725475,97.63909948462842,23.484801444809303,0.0,7.7290711153231175,2700,604.6187718173285,0.0
750,350.21,958.652102831228,238.78177053567128,7.551090863209339,124829.93033976483,2543.196634122957,97.63905287011696,23.516990336724493,0.0,7.729103621339738,2700,604.6187718173285,0.0
751,350.215,958.6607023899313,239.4367803744023,7.570011823942134,124829.93033976483,2543.1964998733665,97.6390062556055,23.549179842231574,0.0,7.729136172060982,2700,604.6187718173285,0.0
752,350.21999999999997,958.6691104420506,240.09269988375837,7.5889546952318545,124829.93033976483,2543.1963656237763,97.63895964109402,23.581369954696747,0.0,7.729168767487725,2700,604.6187718173285,0.0
753,350.22499999999997,958.6773269749518,240.74952897959315,7.60791946953701,124829.93033976483,2543.1962313741856,97.63891302658256,23.613560667485896,0.0,7.729201407620832,2700,604.6187718173285,0.0
754,350.22999999999996,958.6853519761581,241.40726757701486,7.62690613930351,124829.93033976483,2543.1960971245953,97.63886641207111,23.645751973964575,0.0,7.7292340924611596,2700,604.6187718173285,0.0
755,350.23499999999996,958.6931854333502,242.0659155903866,7.645914696967487,124829.93033976483,2543.1959628750046,97.63881979755965,23.677943867498023,0.0,7.729266822009557,2700,604.6187718173285,0.0
756,350.23999999999995,958.7008273343677,242.72547293332576,7.66494513495365,124829.93033976483,2543.1958286254144,97.63877318304819,23.71013634145115,0.0,7.729299596266862,2700,604.6187718173285,0.0
757,350.245,958.7082776672065,243.38593951870456,7.6839974456769475,124829.93033976483,2543.1956943758237,97.63872656853673,23.742329389188573,0.0,7.729332415233902,2700,604.6187718173285,0.0
758,350.25,958.7155364200211,244.04731525865,7.703071621540826,124829.93033976483,2543.195560126233,97.63867995402526,23.774523004074588,0.0,7.729365278911499,2700,604.6187718173285,0.0
759,350.255,958.7226035811237,244.70960006454368,7.722167654937716,124829.93033976483,2543.1954258766427,97.63863333951382,23.806717179473203,0.0,7.729398187300463,2700,604.6187718173285,0.0
760,350.26,958.7294791389845,245.372793847022,7.741285538248521,124829.93033976483,2543.195291627052,97.63858672500236,23.83891190874813,0.0,7.729431140401595,2700,604.6187718173285,0.0
761,350.265,958.736163082231,246.0368965159762,7.760425263845342,124829.93033976483,2543.1951573774613,97.6385401104909,23.871107185262783,0.0,7.729464138215689,2700,604.6187718173285,0.0
762,350.27,958.7426553996489,246.70190798055228,7.779586824087781,124829.93033976483,2543.195023127871,97.63849349597943,23.9033030023803,0.0,7.729497180743526,2700,604.6187718173285,0.0
763,350.275,958.748956080182,247.36782814915108,7.798770211323085,124829.93033976483,2543.1948888782804,97.63844688146797,23.935499353463534,0.0,7.729530267985881,2700,604.6187718173285,0.0
764,350.28,958.7550651129321,248.0346569294284,7.8179754178914385,124829.93033976483,2543.19475462869,97.63840026695651,23.967696231875074,0.0,7.729563399943519,2700,604.6187718173285,0.0
765,350.28499999999997,958.7609824871575,248.70239422829508,7.8372024361183,124829.93033976483,2543.1946203790994,97.63835365244505,23.999893630977226,0.0,7.729596576617195,2700,604.6187718173285,0.0
766,350.28999999999996,958.7667081922766,249.3710399519167,7.856451258321295,124829.93033976483,2543.1944861295087,97.63830703793359,24.032091544132047,0.0,7.729629798007655,2700,604.6187718173285,0.0
767,350.29499999999996,958.7722422178641,250.04059400571398,7.8757218768038575,124829.93033976483,2543.1943518799185,97.63826042342212,24.064289964701324,0.0,7.729663064115637,2700,604.6187718173285,0.0
768,350.29999999999995,958.777584553653,250.7110562943628,7.8950142838613395,124829.93033976483,2543.194217630328,97.63821380891066,24.096488886046597,0.0,7.729696374941867,2700,604.6187718173285,0.0
769,350.305,958.7827351895348,251.38242672179396,7.9143284717750575,124829.93033976483,2543.194083380737,97.63816719439922,24.128688301529163,0.0,7.7297297304870645,2700,604.6187718173285,0.0
770,350.31,958.7876941155588,252.0547051911936,7.9336644328207395,124829.93033976483,2543.193949131147,97.63812057988775,24.160888204510066,0.0,7.729763130751939,2700,604.6187718173285,0.0
771,350.315,958.7924613219318,252.72789160500292,7.9530221592556485,124829.93033976483,2543.193814881556,97.6380739653763,24.19308858835012,0.0,7.729796575737191,2700,604.6187718173285,0.0
772,350.32,958.7970367990189,253.40198586491837,7.972401643332946,124829.93033976483,2543.193680631966,97.63802735086483,24.2252894464099,0.0,7.729830065443511,2700,604.6187718173285,0.0
773,350.325,958.8014205373437,254.0769878718918,7.991802877291011,124829.93033976483,2543.193546382375,97.63798073635337,24.257490772049767,0.0,7.729863599871581,2700,604.6187718173285,0.0
774,350.33,958.8056125275868,254.7528975261303,8.011225853357042,124829.93033976483,2543.1934121327845,97.63793412184192,24.28969255862985,0.0,7.729897179022073,2700,604.6187718173285,0.0
775,350.335,958.809612760588,255.4297147270963,8.030670563750196,124829.93033976483,2543.1932778831942,97.63788750733046,24.321894799510055,0.0,7.72993080289565,2700,604.6187718173285,0.0
776,350.34,958.8134212273445,256.1074393735078,8.050137000672338,124829.93033976483,2543.1931436336035,97.637840892819,24.354097488050094,0.0,7.729964471492967,2700,604.6187718173285,0.0
777,350.34499999999997,958.8170379190113,256.7860713633383,8.069625156322685,124829.93033976483,2543.193009384013,97.63779427830754,24.38630061760946,0.0,7.729998184814668,2700,604.6187718173285,0.0
778,350.34999999999997,958.8204628269027,257.46561059381673,8.089135022885424,124829.93033976483,2543.1928751344226,97.63774766379608,24.418504181547455,0.0,7.730031942861389,2700,604.6187718173285,0.0
779,350.35499999999996,958.8236959424897,258.14605696142763,8.108666592530755,124829.93033976483,2543.192740884832,97.63770104928462,24.450708173223177,0.0,7.730065745633756,2700,604.6187718173285,0.0
780,350.35999999999996,958.826737257402,258.8274103619116,8.128219857421561,124829.93033976483,2543.1926066352416,97.63765443477315,24.482912585995535,0.0,7.730099593132387,2700,604.6187718173285,0.0
781,350.36499999999995,958.8295867634276,259.5096706902643,8.147794809708573,124829.93033976483,2543.192472385651,97.63760782026169,24.515117413223255,0.0,7.7301334853578885,2700,604.6187718173285,0.0
782,350.37,958.8322444525126,260.1928378407377,8.167391441531874,124829.93033976483,2543.1923381360602,97.63756120575023,24.547322648264885,0.0,7.73016742231086,2700,604.6187718173285,0.0
783,350.375,958.8347103167606,260.87691170683934,8.187009745020001,124829.93033976483,2543.19220388647,97.63751459123878,24.57952828447879,0.0,7.730201403991891,2700,604.6187718173285,0.0
784,350.38,958.8369843484347,261.56189218133284,8.206649712289439,124829.93033976483,2543.1920696368793,97.63746797672732,24.61173431522318,0.0,7.730235430401561,2700,604.6187718173285,0.0
785,350.385,958.8390665399546,262.2477791562375,8.226311335448734,124829.93033976483,2543.1919353872886,97.63742136221586,24.643940733856088,0.0,7.730269501540443,2700,604.6187718173285,0.0
786,350.39,958.8409568838995,262.9345725228293,8.245994606590388,124829.93033976483,2543.1918011376983,97.6373747477044,24.67614753373539,0.0,7.730303617409096,2700,604.6187718173285,0.0
787,350.395,958.8426553730056,263.62227217163957,8.26569951780023,124829.93033976483,2543.1916668881076,97.63732813319294,24.70835470821881,0.0,7.730337778008075,2700,604.6187718173285,0.0
788,350.4,958.8441620001685,264.31087799245614,8.285426061149895,124829.93033976483,2543.1915326385174,97.63728151868149,24.740562250663928,0.0,7.730371983337922,2700,604.6187718173285,0.0
789,350.405,958.8454767584412,265.00038987432316,8.305174228703187,124829.93033976483,2543.1913983889267,97.63723490417003,24.772770154428176,0.0,7.730406233399172,2700,604.6187718173285,0.0
790,350.40999999999997,958.846599641035,265.69080770554103,8.324944012510295,124829.93033976483,2543.191264139336,97.63718828965857,24.804978412868845,0.0,7.730440528192349,2700,604.6187718173285,0.0
791,350.41499999999996,958.8475306413198,266.3821313736664,8.344735404608574,124829.93033976483,2543.1911298897458,97.63714167514709,24.8371870193431,0.0,7.7304748677179695,2700,604.6187718173285,0.0
792,350.41999999999996,958.8482697528234,267.0743607655127,8.364548397029283,124829.93033976483,2543.190995640155,97.63709506063563,24.869395967207975,0.0,7.730509251976539,2700,604.6187718173285,0.0
793,350.42499999999995,958.8488169692317,267.76749576714946,8.384382981785365,124829.93033976483,2543.1908613905644,97.63704844612418,24.90160524982038,0.0,7.730543680968556,2700,604.6187718173285,0.0
794,350.43,958.8491722843896,268.46153626390316,8.40423915088799,124829.93033976483,2543.190727140974,97.63700183161272,24.93381486053711,0.0,7.7305781546945065,2700,604.6187718173285,0.0
795,350.435,958.8493356922993,269.1564821403568,8.42411689632922,124829.93033976483,2543.1905928913834,97.63695521710126,24.966024792714855,0.0,7.730612673154872,2700,604.6187718173285,0.0
796,350.44,958.849307187122,269.85233328035014,8.44401621009252,124829.93033976483,2543.190458641793,97.6369086025898,24.99823503971018,0.0,7.730647236350119,2700,604.6187718173285,0.0
797,350.445,958.8490867631768,270.54908956697983,8.463937084151555,124829.93033976483,2543.1903243922025,97.63686198807834,25.030445594879563,0.0,7.730681844280711,2700,604.6187718173285,0.0
798,350.45,958.8486744149412,271.2467508825994,8.483879510466044,124829.93033976483,2543.190190142612,97.63681537356689,25.062656451579382,0.0,7.730716496947096,2700,604.6187718173285,0.0
799,350.455,958.8480701370509,271.94531710881927,8.503843480986212,124829.93033976483,2543.1900558930215,97.63676875905543,25.094867603165927,0.0,7.730751194349717,2700,604.6187718173285,0.0
800,350.46,958.8472739242997,272.6447881265072,8.52382898765266,124829.93033976483,2543.1899216434313,97.63672214454397,25.127079042995398,0.0,7.730785936489009,2700,604.6187718173285,0.0
801,350.465,958.8462857716406,273.34516381578794,8.543836022391334,124829.93033976483,2543.1897873938406,97.6366755300325,25.159290764423915,0.0,7.730820723365392,2700,604.6187718173285,0.0
802,350.46999999999997,958.845105674184,274.0464440560435,8.563864577117277,124829.93033976483,2543.1896531442503,97.63662891552104,25.191502760807523,0.0,7.730855554979282,2700,604.6187718173285,0.0
803,350.47499999999997,958.8437336271984,274.74862872591336,8.583914643737494,124829.93033976483,2543.1895188946596,97.63658230100958,25.2237150255022,0.0,7.730890431331083,2700,604.6187718173285,0.0
804,350.47999999999996,958.8421696261119,275.45171770329426,8.603986214145886,124829.93033976483,2543.189384645069,97.63653568649812,25.25592755186386,0.0,7.730925352421192,2700,604.6187718173285,0.0
805,350.48499999999996,958.8404136665093,276.1557108653404,8.624079280223972,124829.93033976483,2543.1892503954787,97.63648907198666,25.28814033324835,0.0,7.730960318249993,2700,604.6187718173285,0.0
806,350.48999999999995,958.8384657441352,276.8606080884639,8.64419383384248,124829.93033976483,2543.189116145888,97.6364424574752,25.320353363011467,0.0,7.730995328817867,2700,604.6187718173285,0.0
807,350.495,958.8363258548914,277.56640924833414,8.664329866864568,124829.93033976483,2543.1889818962977,97.63639584296374,25.352566634508964,0.0,7.731030384125178,2700,604.6187718173285,0.0
808,350.5,958.8339939948389,278.2731142198787,8.68448737113508,124829.93033976483,2543.188847646707,97.63634922845229,25.384780141096538,0.0,7.731065484172288,2700,604.6187718173285,0.0
809,350.505,958.8314701601963,278.9807228772828,8.70466633849341,124829.93033976483,2543.1887133971163,97.63630261394083,25.41699387612986,0.0,7.731100628959546,2700,604.6187718173285,0.0
810,350.51,958.8287543473411,279.6892350939899,8.72486676076553,124829.93033976483,2543.188579147526,97.63625599942937,25.449207832964564,0.0,7.731135818487291,2700,604.6187718173285,0.0
811,350.515,958.825846552809,280.398650742701,8.74508862976754,124829.93033976483,2543.1884448979354,97.6362093849179,25.481422004956254,0.0,7.731171052755855,2700,604.6187718173285,0.0
812,350.52,958.8227467732937,281.10896969537606,8.76533193730095,124829.93033976483,2543.1883106483447,97.63616277040644,25.513636385460508,0.0,7.731206331765559,2700,604.6187718173285,0.0
813,350.525,958.8194550056479,281.82019182323245,8.785596675158825,124829.93033976483,2543.1881763987544,97.636116155895,25.54585096783289,0.0,7.731241655516717,2700,604.6187718173285,0.0
814,350.53,958.8159712468822,282.53231699674654,8.805882835121887,124829.93033976483,2543.1880421491637,97.63606954138353,25.57806574542895,0.0,7.731277024009632,2700,604.6187718173285,0.0
815,350.53499999999997,958.8122954941653,283.24534508565307,8.8261904089607,124829.93033976483,2543.1879078995735,97.63602292687207,25.61028071160424,0.0,7.731312437244598,2700,604.6187718173285,0.0
816,350.53999999999996,958.8084277448252,283.95927595894506,8.846519388433716,124829.93033976483,2543.187773649983,97.63597631236061,25.642495859714302,0.0,7.731347895221901,2700,604.6187718173285,0.0
817,350.54499999999996,958.8043679963472,284.6741094848746,8.866869765287788,124829.93033976483,2543.187639400392,97.63592969784915,25.674711183114674,0.0,7.731383397941814,2700,604.6187718173285,0.0
818,350.54999999999995,958.8001162463758,285.38984553095224,8.887241531256887,124829.93033976483,2543.187505150802,97.63588308333769,25.70692667516092,0.0,7.731418945404607,2700,604.6187718173285,0.0
819,350.555,958.795672492713,286.10648396394777,8.907634678068332,124829.93033976483,2543.187370901211,97.63583646882623,25.739142329208597,0.0,7.731454537610535,2700,604.6187718173285,0.0
820,350.56,958.7910367333207,286.82402464988957,8.928049197432482,124829.93033976483,2543.1872366516204,97.63578985431477,25.771358138613305,0.0,7.7314901745598466,2700,604.6187718173285,0.0
821,350.565,958.786208966317,287.5424674540656,8.948485081053077,124829.93033976483,2543.18710240203,97.6357432398033,25.803574096730646,0.0,7.731525856252782,2700,604.6187718173285,0.0
822,350.57,958.78118918998,288.26181224102265,8.968942320619062,124829.93033976483,2543.1869681524395,97.63569662529186,25.83579019691627,0.0,7.731561582689569,2700,604.6187718173285,0.0
823,350.575,958.775977402746,288.9820588745669,8.98942090781061,124829.93033976483,2543.1868339028492,97.6356500107804,25.868006432525853,0.0,7.731597353870428,2700,604.6187718173285,0.0
824,350.58,958.7705736032087,289.70320721776443,9.009920834294737,124829.93033976483,2543.1866996532585,97.63560339626893,25.900222796915106,0.0,7.731633169795571,2700,604.6187718173285,0.0
825,350.585,958.7649777901213,290.42525713294026,9.03044209172823,124829.93033976483,2543.186565403668,97.63555678175747,25.9324392834398,0.0,7.731669030465199,2700,604.6187718173285,0.0
826,350.59,958.7591899623947,291.14820848167955,9.050984671754717,124829.93033976483,2543.1864311540776,97.63551016724601,25.964655885455738,0.0,7.731704935879507,2700,604.6187718173285,0.0
827,350.59499999999997,958.7532101190983,291.8720611248269,9.071548566008866,124829.93033976483,2543.186296904487,97.63546355273456,25.99687259631879,0.0,7.7317408860386765,2700,604.6187718173285,0.0
828,350.59999999999997,958.7470382594603,292.5968149224871,9.092133766111646,124829.93033976483,2543.186162654896,97.6354169382231,26.0290894093849,0.0,7.731776880942882,2700,604.6187718173285,0.0
829,350.60499999999996,958.7406743828665,293.32246973402505,9.112740263675743,124829.93033976483,2543.186028405306,97.63537032371164,26.061306318010043,0.0,7.731812920592288,2700,604.6187718173285,0.0
830,350.60999999999996,958.7341184888617,294.0490254180653,9.133368050299463,124829.93033976483,2543.1858941557152,97.63532370920018,26.093523315550303,0.0,7.731849004987051,2700,604.6187718173285,0.0
831,350.61499999999995,958.7273705771485,294.7764818324933,9.154017117572652,124829.93033976483,2543.185759906125,97.63527709468872,26.12574039536182,0.0,7.731885134127318,2700,604.6187718173285,0.0
832,350.62,958.7204306475883,295.5048388344546,9.174687457068385,124829.93033976483,2543.1856256565343,97.63523048017726,26.157957550800816,0.0,7.731921308013225,2700,604.6187718173285,0.0
833,350.625,958.7132987002007,296.2340962803551,9.195379060354565,124829.93033976483,2543.1854914069436,97.6351838656658,26.190174775223614,0.0,7.731957526644902,2700,604.6187718173285,0.0
834,350.63,958.705974735164,296.9642540258619,9.216091918984501,124829.93033976483,2543.1853571573533,97.63513725115433,26.222392061986618,0.0,7.731993790022467,2700,604.6187718173285,0.0
835,350.635,958.6984587528141,297.6953119259022,9.23682602449999,124829.93033976483,2543.1852229077626,97.63509063664287,26.254609404446327,0.0,7.732030098146029,2700,604.6187718173285,0.0
836,350.64,958.690750753646,298.4272698346648,9.257581368433906,124829.93033976483,2543.185088658172,97.63504402213141,26.28682679595936,0.0,7.732066451015689,2700,604.6187718173285,0.0
837,350.645,958.6828507383125,299.160127605599,9.278357942302103,124829.93033976483,2543.1849544085817,97.63499740761996,26.319044229882426,0.0,7.732102848631538,2700,604.6187718173285,0.0
838,350.65,958.6747587076251,299.89388509141537,9.299155737615793,124829.93033976483,2543.184820158991,97.6349507931085,26.351261699572355,0.0,7.732139290993657,2700,604.6187718173285,0.0
839,350.655,958.6664746625534,300.62854214408605,9.319974745871411,124829.93033976483,2543.1846859094003,97.63490417859704,26.383479198386098,0.0,7.73217577810212,2700,604.6187718173285,0.0
840,350.65999999999997,958.6579986042253,301.3640986148444,9.340814958555502,124829.93033976483,2543.18455165981,97.63485756408558,26.41569671968073,0.0,7.732212309956991,2700,604.6187718173285,0.0
841,350.66499999999996,958.6493305339276,302.10055435418536,9.36167636713808,124829.93033976483,2543.1844174102193,97.63481094957412,26.44791425681345,0.0,7.732248886558324,2700,604.6187718173285,0.0
842,350.66999999999996,958.6404704531045,302.8379092118657,9.382558963085069,124829.93033976483,2543.184283160629,97.63476433506267,26.480131803141603,0.0,7.732285507906163,2700,604.6187718173285,0.0
843,350.67499999999995,958.6314183633592,303.57616303690384,9.40346273784699,124829.93033976483,2543.1841489110384,97.6347177205512,26.512349352022657,0.0,7.7323221740005454,2700,604.6187718173285,0.0
844,350.68,958.6221742664529,304.31531567758043,9.424387682862946,124829.93033976483,2543.184014661448,97.63467110603973,26.54456689681424,0.0,7.732358884841497,2700,604.6187718173285,0.0
845,350.685,958.6127381643058,305.0553669814381,9.445333789560681,124829.93033976483,2543.1838804118574,97.63462449152827,26.57678443087412,0.0,7.732395640429034,2700,604.6187718173285,0.0
846,350.69,958.6031100589951,305.79631679528165,9.46630104935787,124829.93033976483,2543.183746162267,97.63457787701681,26.609001947560234,0.0,7.732432440763166,2700,604.6187718173285,0.0
847,350.695,958.5932899527573,306.53816496517845,9.487289453659116,124829.93033976483,2543.1836119126765,97.63453126250536,26.641219440230664,0.0,7.732469285843892,2700,604.6187718173285,0.0
848,350.7,958.5832778479868,307.28091133645853,9.508298993858139,124829.93033976483,2543.1834776630863,97.6344846479939,26.673436902243672,0.0,7.732506175671202,2700,604.6187718173285,0.0
849,350.705,958.5730737472362,308.02455575371414,9.529329661337908,124829.93033976483,2543.1833434134955,97.63443803348244,26.70565432695768,0.0,7.732543110245075,2700,604.6187718173285,0.0
850,350.71,958.5626776532172,308.76909806080096,9.550381447470413,124829.93033976483,2543.1832091639053,97.63439141897098,26.737871707731298,0.0,7.732580089565483,2700,604.6187718173285,0.0
851,350.715,958.5520895687985,309.51453810083734,9.571454343611878,124829.93033976483,2543.1830749143146,97.63434480445952,26.77008903792331,0.0,7.732617113632387,2700,604.6187718173285,0.0
852,350.71999999999997,958.5413094970078,310.26087571620474,9.592548341111398,124829.93033976483,2543.182940664724,97.63429818994807,26.802306310892682,0.0,7.732654182445741,2700,604.6187718173285,0.0
853,350.72499999999997,958.5303374410311,311.008110748548,9.61366343130916,124829.93033976483,2543.1828064151337,97.63425157543661,26.834523519998587,0.0,7.732691296005489,2700,604.6187718173285,0.0
854,350.72999999999996,958.5191734042124,311.7562430387754,9.634799605525636,124829.93033976483,2543.182672165543,97.63420496092515,26.86674065860039,0.0,7.732728454311566,2700,604.6187718173285,0.0
855,350.73499999999996,958.5078173900542,312.5052724270589,9.655956855077294,124829.93033976483,2543.1825379159523,97.63415834641368,26.898957720057656,0.0,7.7327656573638945,2700,604.6187718173285,0.0
856,350.73999999999995,958.4962694022165,313.255198752834,9.677135171264954,124829.93033976483,2543.182403666362,97.63411173190222,26.93117469773016,0.0,7.7328029051623925,2700,604.6187718173285,0.0
857,350.745,958.4845294445188,314.0060218548003,9.698334545379035,124829.93033976483,2543.1822694167713,97.63406511739076,26.96339158497789,0.0,7.732840197706966,2700,604.6187718173285,0.0
858,350.75,958.4725975209373,314.7577415709214,9.719554968700457,124829.93033976483,2543.182135167181,97.6340185028793,26.99560837516105,0.0,7.732877534997512,2700,604.6187718173285,0.0
859,350.755,958.4604736356079,315.510357738425,9.74079643249579,124829.93033976483,2543.1820009175904,97.63397188836784,27.027825061640076,0.0,7.732914917033921,2700,604.6187718173285,0.0
860,350.76,958.4481577928232,316.26387019380314,9.762058928018721,124829.93033976483,2543.1818666679997,97.63392527385638,27.06004163777563,0.0,7.732952343816069,2700,604.6187718173285,0.0
861,350.765,958.4356499970353,317.0182787728129,9.783342446519239,124829.93033976483,2543.1817324184094,97.63387865934492,27.092258096928603,0.0,7.732989815343827,2700,604.6187718173285,0.0
862,350.77,958.4229502528535,317.7735833104754,9.804646979227055,124829.93033976483,2543.1815981688187,97.63383204483347,27.12447443246013,0.0,7.7330273316170555,2700,604.6187718173285,0.0
863,350.775,958.4100585650458,318.529783641077,9.825972517363347,124829.93033976483,2543.181463919228,97.633785430322,27.15669063773159,0.0,7.733064892635606,2700,604.6187718173285,0.0
864,350.78,958.3969749385386,319.286879598169,9.847319052140822,124829.93033976483,2543.1813296696378,97.63373881581055,27.188906706104618,0.0,7.7331024983993215,2700,604.6187718173285,0.0
865,350.78499999999997,958.3836993784155,320.0448710145678,9.868686574756918,124829.93033976483,2543.181195420047,97.63369220129908,27.221122630941096,0.0,7.733140148908034,2700,604.6187718173285,0.0
866,350.78999999999996,958.3702318899192,320.80375772235533,9.890075076398327,124829.93033976483,2543.181061170457,97.63364558678764,27.253338405603177,0.0,7.733177844161567,2700,604.6187718173285,0.0
867,350.79499999999996,958.3565724784495,321.56353955287886,9.911484548243768,124829.93033976483,2543.180926920866,97.63359897227618,27.285554023453262,0.0,7.733215584159735,2700,604.6187718173285,0.0
868,350.79999999999995,958.3427211495655,322.3242163367514,9.932914981453353,124829.93033976483,2543.1807926712754,97.63355235776471,27.317769477854046,0.0,7.733253368902345,2700,604.6187718173285,0.0
869,350.805,958.3286779089833,323.08578790385207,9.954366367182793,124829.93033976483,2543.180658421685,97.63350574325325,27.349984762168486,0.0,7.733291198389189,2700,604.6187718173285,0.0
870,350.81,958.3144427625779,323.84825408332557,9.975838696573344,124829.93033976483,2543.1805241720945,97.63345912874179,27.38219986975982,0.0,7.733329072620058,2700,604.6187718173285,0.0
871,350.815,958.300015716382,324.6116147035832,9.997331960752906,124829.93033976483,2543.1803899225038,97.63341251423033,27.414414793991586,0.0,7.733366991594727,2700,604.6187718173285,0.0
872,350.82,958.285396776586,325.37586959230237,10.0188461508396,124829.93033976483,2543.1802556729135,97.63336589971887,27.4466295282276,0.0,7.733404955312967,2700,604.6187718173285,0.0
873,350.825,958.270585949539,326.14101857642737,10.040381257941883,124829.93033976483,2543.180121423323,97.6333192852074,27.478844065831986,0.0,7.733442963774533,2700,604.6187718173285,0.0
874,350.83,958.2555832417478,326.90706148216884,10.061937273155616,124829.93033976483,2543.179987173732,97.63327267069594,27.511058400169162,0.0,7.733481016979179,2700,604.6187718173285,0.0
875,350.835,958.2403886598772,327.6739981350045,10.083514187561581,124829.93033976483,2543.179852924142,97.63322605618448,27.54327252460386,0.0,7.733519114926644,2700,604.6187718173285,0.0
876,350.84,958.2250022107502,328.44182835967933,10.10511199223607,124829.93033976483,2543.179718674551,97.63317944167304,27.575486432501126,0.0,7.73355725761666,2700,604.6187718173285,0.0
877,350.84499999999997,958.2094239013476,329.21055198020537,10.126730678236376,124829.93033976483,2543.179584424961,97.63313282716157,27.607700117226326,0.0,7.733595445048948,2700,604.6187718173285,0.0
878,350.84999999999997,958.1936537388076,329.9801688198622,10.148370236612582,124829.93033976483,2543.17945017537,97.63308621265011,27.63991357214514,0.0,7.733633677223222,2700,604.6187718173285,0.0
879,350.85499999999996,958.1776917304278,330.75067870119676,10.170030658403366,124829.93033976483,2543.1793159257795,97.63303959813865,27.672126790623583,0.0,7.7336719541391865,2700,604.6187718173285,0.0
880,350.85999999999996,958.1615378836625,331.52208144602434,10.191711934632863,124829.93033976483,2543.1791816761893,97.63299298362719,27.704339766028014,0.0,7.733710275796535,2700,604.6187718173285,0.0
881,350.86499999999995,958.1451922061241,332.2943768754279,10.213414056318927,124829.93033976483,2543.1790474265986,97.63294636911574,27.736552491725114,0.0,7.7337486421949535,2700,604.6187718173285,0.0
882,350.87,958.1286547055834,333.0675648097584,10.235137014462435,124829.93033976483,2543.178913177008,97.63289975460427,27.76876496108192,0.0,7.733787053334119,2700,604.6187718173285,0.0
883,350.875,958.1119253899689,333.84164506863556,10.256880800054594,124829.93033976483,2543.1787789274176,97.6328531400928,27.80097716746582,0.0,7.733825509213697,2700,604.6187718173285,0.0
884,350.88,958.0950042673667,334.6166174709476,10.27864540407618,124829.93033976483,2543.178644677827,97.63280652558134,27.833189104244553,0.0,7.733864009833346,2700,604.6187718173285,0.0
885,350.885,958.0778913460208,335.3924818348513,10.300430817496924,124829.93033976483,2543.1785104282367,97.63275991106988,27.865400764786216,0.0,7.7339025551927145,2700,604.6187718173285,0.0
886,350.89,958.0605866343334,336.1692379777726,10.322237031272973,124829.93033976483,2543.178376178646,97.63271329655844,27.897612142459284,0.0,7.733941145291443,2700,604.6187718173285,0.0
887,350.895,958.0430901408644,336.94688571640637,10.344064036347905,124829.93033976483,2543.1782419290553,97.63266668204697,27.929823230632586,0.0,7.733979780129159,2700,604.6187718173285,0.0
888,350.9,958.025401874331,337.7254248667171,10.36591182365958,124829.93033976483,2543.178107679465,97.63262006753551,27.962034022675343,0.0,7.734018459705486,2700,604.6187718173285,0.0
889,350.905,958.0075218436092,338.50485524393844,10.387780384128654,124829.93033976483,2543.1779734298743,97.63257345302405,27.99424451195715,0.0,7.734057184020035,2700,604.6187718173285,0.0
890,350.90999999999997,957.9894500577318,339.2851766625741,10.409669708665016,124829.93033976483,2543.177839180284,97.63252683851259,28.026454691847988,0.0,7.734095953072408,2700,604.6187718173285,0.0
891,350.91499999999996,957.9711865258896,340.0663889363977,10.431579788169131,124829.93033976483,2543.1777049306934,97.63248022400114,28.058664555718234,0.0,7.734134766862198,2700,604.6187718173285,0.0
892,350.91999999999996,957.952731257432,340.84849187845253,10.453510613529541,124829.93033976483,2543.177570681103,97.63243360948968,28.09087409693866,0.0,7.734173625388991,2700,604.6187718173285,0.0
893,350.92499999999995,957.9340842618643,341.63148530105286,10.475462175622457,124829.93033976483,2543.177436431513,97.63238699497822,28.12308330888044,0.0,7.734212528652359,2700,604.6187718173285,0.0
894,350.93,957.9152455488517,342.415369015783,10.497434465311427,124829.93033976483,2543.177302181922,97.63234038046676,28.155292184915158,0.0,7.73425147665187,2700,604.6187718173285,0.0
895,350.935,957.8962151282151,343.2001428334984,10.519427473451124,124829.93033976483,2543.1771679323315,97.6322937659553,28.18750071841481,0.0,7.73429046938708,2700,604.6187718173285,0.0
896,350.94,957.8769930099344,343.98580656432483,10.541441190882407,124829.93033976483,2543.1770336827412,97.63224715144383,28.219708902751815,0.0,7.734329506857535,2700,604.6187718173285,0.0
897,350.945,957.8575792041466,344.7723600176599,10.5634756084364,124829.93033976483,2543.1768994331505,97.63220053693237,28.25191673129901,0.0,7.734368589062775,2700,604.6187718173285,0.0
898,350.95,957.8379737211465,345.55980300217215,10.585530716929691,124829.93033976483,2543.17676518356,97.63215392242091,28.28412419742966,0.0,7.734407716002329,2700,604.6187718173285,0.0
899,350.955,957.8181765713861,346.34813532580176,10.607606507174454,124829.93033976483,2543.1766309339696,97.63210730790945,28.316331294517465,0.0,7.734446887675714,2700,604.6187718173285,0.0
900,350.96,957.7981877654753,347.1373567957607,10.629702969963217,124829.93033976483,2543.176496684379,97.63206069339799,28.34853801593657,0.0,7.734486104082443,2700,604.6187718173285,0.0
901,350.965,957.7780073141819,347.92746721853285,10.651820096078849,124829.93033976483,2543.1763624347886,97.63201407888654,28.38074435506156,0.0,7.734525365222015,2700,604.6187718173285,0.0
902,350.96999999999997,957.7576352284307,348.71846639987433,10.673957876294514,124829.93033976483,2543.176228185198,97.63196746437508,28.41295030526747,0.0,7.734564671093924,2700,604.6187718173285,0.0
903,350.97499999999997,957.737071519304,349.5103541448137,10.696116301374467,124829.93033976483,2543.1760939356072,97.63192084986362,28.445155859929788,0.0,7.7346040216976535,2700,604.6187718173285,0.0
904,350.97999999999996,957.7163161980421,350.3031302576519,10.718295362065005,124829.93033976483,2543.175959686017,97.63187423535216,28.477361012424474,0.0,7.734643417032674,2700,604.6187718173285,0.0
905,350.98499999999996,957.6953692760425,351.0967945419632,10.74049504910557,124829.93033976483,2543.1758254364263,97.6318276208407,28.509565756127934,0.0,7.734682857098453,2700,604.6187718173285,0.0
906,350.98999999999995,957.6742307648594,351.8913468005943,10.762715353224078,124829.93033976483,2543.1756911868356,97.63178100632925,28.541770084417063,0.0,7.734722341894443,2700,604.6187718173285,0.0
907,350.995,957.6529006762061,352.68678683566566,10.78495626513283,124829.93033976483,2543.1755569372453,97.63173439181779,28.573973990669224,0.0,7.734761871420092,2700,604.6187718173285,0.0
908,351.0,957.6313790219518,353.48311444857075,10.807217775535602,124829.93033976483,2543.1754226876546,97.63168777730633,28.60617746826226,0.0,7.7348014456748375,2700,604.6187718173285,0.0
909,351.005,957.6096658141239,354.28032943997727,10.829499875128068,124829.93033976483,2543.1752884380644,97.63164116279486,28.638380510574503,0.0,7.734841064658105,2700,604.6187718173285,0.0
910,351.01,957.5877610649068,355.07843160982645,10.851802554586044,124829.93033976483,2543.1751541884737,97.6315945482834,28.67058311098478,0.0,7.734880728369314,2700,604.6187718173285,0.0
911,351.015,957.5656647866422,355.8774207573338,10.874125804581306,124829.93033976483,2543.175019938883,97.63154793377194,28.702785262872403,0.0,7.734920436807873,2700,604.6187718173285,0.0
912,351.02,957.5433769918295,356.67729668098923,10.896469615770762,124829.93033976483,2543.1748856892928,97.63150131926048,28.734986959617206,0.0,7.734960189973184,2700,604.6187718173285,0.0
913,351.025,957.5208976931251,357.47805917855703,10.918833978798965,124829.93033976483,2543.174751439702,97.63145470474902,28.767188194599516,0.0,7.734999987864636,2700,604.6187718173285,0.0
914,351.03,957.4982269033426,358.2797080470767,10.94121888430112,124829.93033976483,2543.1746171901113,97.63140809023756,28.799388961200172,0.0,7.73503983048161,2700,604.6187718173285,0.0
915,351.03499999999997,957.4753646354529,359.0822430828624,10.96362432290191,124829.93033976483,2543.174482940521,97.63136147572611,28.831589252800544,0.0,7.735079717823481,2700,604.6187718173285,0.0
916,351.03999999999996,957.4523109025844,359.885664081504,10.98605028521021,124829.93033976483,2543.1743486909304,97.63131486121465,28.863789062782512,0.0,7.735119649889611,2700,604.6187718173285,0.0
917,351.04499999999996,957.4290657180223,360.68997083786616,11.008496761828548,124829.93033976483,2543.1742144413397,97.63126824670319,28.89598838452849,0.0,7.735159626679353,2700,604.6187718173285,0.0
918,351.04999999999995,957.4056290952092,361.49516314609014,11.030963743342483,124829.93033976483,2543.1740801917495,97.63122163219172,28.928187211421424,0.0,7.7351996481920535,2700,604.6187718173285,0.0
919,351.055,957.3820010477449,362.3012407995927,11.053451220329215,124829.93033976483,2543.1739459421588,97.63117501768026,28.960385536844804,0.0,7.735239714427047,2700,604.6187718173285,0.0
920,351.06,957.3581815893858,363.1082035910668,11.075959183355941,124829.93033976483,2543.1738116925685,97.63112840316882,28.992583354182656,0.0,7.735279825383662,2700,604.6187718173285,0.0
921,351.065,957.3341707340461,363.9160513124818,11.098487622975535,124829.93033976483,2543.173677442978,97.63108178865735,29.024780656819566,0.0,7.735319981061213,2700,604.6187718173285,0.0
922,351.07,957.3099684957969,364.72478375508405,11.12103652973166,124829.93033976483,2543.173543193387,97.6310351741459,29.05697743814066,0.0,7.73536018145901,2700,604.6187718173285,0.0
923,351.075,957.2855748888653,365.5344007093965,11.143605894150502,124829.93033976483,2543.173408943797,97.63098855963442,29.089173691531638,0.0,7.7354004265763505,2700,604.6187718173285,0.0
924,351.08,957.2609899276376,366.3449019652192,11.166195706756907,124829.93033976483,2543.173274694206,97.63094194512296,29.12136941037876,0.0,7.735440716412526,2700,604.6187718173285,0.0
925,351.085,957.2362136266547,367.15628731163014,11.188805958054694,124829.93033976483,2543.1731404446155,97.63089533061151,29.153564588068857,0.0,7.735481050966816,2700,604.6187718173285,0.0
926,351.09,957.2112460006159,367.9685565369843,11.211436638542759,124829.93033976483,2543.173006195025,97.63084871610005,29.185759217989336,0.0,7.735521430238492,2700,604.6187718173285,0.0
927,351.09499999999997,957.1860870643774,368.78170942891484,11.234087738704385,124829.93033976483,2543.1728719454345,97.63080210158859,29.21795329352818,0.0,7.735561854226816,2700,604.6187718173285,0.0
928,351.09999999999997,957.1607368329512,369.59574577433295,11.256759249013104,124829.93033976483,2543.1727376958443,97.63075548707712,29.250146808073964,0.0,7.735602322931041,2700,604.6187718173285,0.0
929,351.10499999999996,957.1351953215074,370.4106653594285,11.279451159931444,124829.93033976483,2543.1726034462536,97.63070887256566,29.28233975501585,0.0,7.735642836350411,2700,604.6187718173285,0.0
930,351.10999999999996,957.1094625453727,371.2264679696694,11.302163461908656,124829.93033976483,2543.172469196663,97.63066225805422,29.314532127743608,0.0,7.735683394484161,2700,604.6187718173285,0.0
931,351.11499999999995,957.08353852003,372.0431533898029,11.324896145383384,124829.93033976483,2543.1723349470726,97.63061564354275,29.346723919647587,0.0,7.735723997331515,2700,604.6187718173285,0.0
932,351.12,957.0574232611192,372.86072140385517,11.347649200784407,124829.93033976483,2543.172200697482,97.63056902903129,29.378915124118766,0.0,7.735764644891691,2700,604.6187718173285,0.0
933,351.125,957.0311167844374,373.67917179513154,11.370422618525945,124829.93033976483,2543.172066447891,97.63052241451983,29.411105734548727,0.0,7.735805337163895,2700,604.6187718173285,0.0
934,351.13,957.0046191059381,374.49850434621754,11.393216389012519,124829.93033976483,2543.171932198301,97.63047580000837,29.443295744329667,0.0,7.735846074147325,2700,604.6187718173285,0.0
935,351.135,956.9779302417318,375.31871883897793,11.416030502636726,124829.93033976483,2543.1717979487103,97.63042918549691,29.475485146854407,0.0,7.735886855841171,2700,604.6187718173285,0.0
936,351.14,956.9510502080851,376.1398150545579,11.4388649497825,124829.93033976483,2543.17166369912,97.63038257098545,29.507673935516397,0.0,7.73592768224461,2700,604.6187718173285,0.0
937,351.145,956.9239790214215,376.9617927733829,11.461719720816435,124829.93033976483,2543.1715294495293,97.63033595647398,29.53986210370973,0.0,7.735968553356815,2700,604.6187718173285,0.0
938,351.15,956.8967166983211,377.78465177515926,11.484594806097942,124829.93033976483,2543.171395199939,97.63028934196252,29.572049644829114,0.0,7.736009469176945,2700,604.6187718173285,0.0
939,351.155,956.8692632555212,378.6083918388738,11.507490195975139,124829.93033976483,2543.171260950349,97.63024272745106,29.604236552269924,0.0,7.736050429704155,2700,604.6187718173285,0.0
940,351.15999999999997,956.8416187099141,379.43301274279463,11.53040588078154,124829.93033976483,2543.171126700758,97.63019611293961,29.63642281942817,0.0,7.736091434937585,2700,604.6187718173285,0.0
941,351.16499999999996,956.8137830785505,380.2585142644715,11.553341850844582,124829.93033976483,2543.1709924511674,97.63014949842815,29.66860843970052,0.0,7.736132484876368,2700,604.6187718173285,0.0
942,351.16999999999996,956.7857563786362,381.08489618073554,11.57629809646988,124829.93033976483,2543.170858201577,97.63010288391669,29.7007934064843,0.0,7.7361735795196305,2700,604.6187718173285,0.0
943,351.17499999999995,956.7575386275339,381.9121582676999,11.599274607964963,124829.93033976483,2543.1707239519865,97.63005626940523,29.73297771317751,0.0,7.736214718866488,2700,604.6187718173285,0.0
944,351.18,956.7291298427629,382.74030030075994,11.62227137561553,124829.93033976483,2543.1705897023962,97.63000965489377,29.765161353178808,0.0,7.736255902916045,2700,604.6187718173285,0.0
945,351.185,956.7005300419987,383.5693220545933,11.645288389702566,124829.93033976483,2543.1704554528055,97.62996304038232,29.79734431988753,0.0,7.736297131667399,2700,604.6187718173285,0.0
946,351.19,956.6717392430733,384.39922330316074,11.668325640490973,124829.93033976483,2543.170321203215,97.62991642587086,29.829526606703688,0.0,7.736338405119639,2700,604.6187718173285,0.0
947,351.195,956.6427574639744,385.23000381970553,11.691383118236091,124829.93033976483,2543.1701869536246,97.6298698113594,29.861708207027988,0.0,7.736379723271843,2700,604.6187718173285,0.0
948,351.2,956.6135847228467,386.06166337675455,11.714460813181647,124829.93033976483,2543.170052704034,97.62982319684794,29.893889114261828,0.0,7.73642108612308,2700,604.6187718173285,0.0
949,351.205,956.584221037991,386.894201746118,11.737558715557837,124829.93033976483,2543.169918454443,97.62977658233648,29.92606932180729,0.0,7.73646249367241,2700,604.6187718173285,0.0
950,351.21,956.5546664278638,387.72761869888996,11.76067681558991,124829.93033976483,2543.169784204853,97.62972996782501,29.958248823067166,0.0,7.736503945918885,2700,604.6187718173285,0.0
951,351.215,956.5249209110792,388.5619140054486,11.783815103483025,124829.93033976483,2543.1696499552622,97.62968335331355,29.99042761144495,0.0,7.736545442861546,2700,604.6187718173285,0.0
952,351.21999999999997,956.4949845064058,389.3970874354562,11.806973569438584,124829.93033976483,2543.169515705672,97.62963673880209,30.022605680344853,0.0,7.736586984499427,2700,604.6187718173285,0.0
953,351.22499999999997,956.4648572327688,390.2331387578602,11.830152203637779,124829.93033976483,2543.1693814560813,97.62959012429063,30.05478302317179,0.0,7.736628570831551,2700,604.6187718173285,0.0
954,351.22999999999996,956.43453910925,391.0700677408923,11.853350996262531,124829.93033976483,2543.1692472064906,97.62954350977918,30.08695963333142,0.0,7.736670201856932,2700,604.6187718173285,0.0
955,351.23499999999996,956.4040301550867,391.90787415206967,11.876569937469915,124829.93033976483,2543.1691129569003,97.62949689526772,30.11913550423011,0.0,7.736711877574576,2700,604.6187718173285,0.0
956,351.23999999999995,956.3733303896726,392.74655775819497,11.899809017414714,124829.93033976483,2543.1689787073096,97.62945028075626,30.151310629274963,0.0,7.736753597983479,2700,604.6187718173285,0.0
957,351.245,956.3424398325571,393.58611832535655,11.923068226239968,124829.93033976483,2543.168844457719,97.6294036662448,30.18348500187382,0.0,7.736795363082628,2700,604.6187718173285,0.0
958,351.25,956.3113585034457,394.4265556189286,11.94634755407012,124829.93033976483,2543.1687102081287,97.62935705173334,30.21565861543527,0.0,7.736837172871001,2700,604.6187718173285,0.0
959,351.255,956.2800864221995,395.26786940357164,11.96964699102628,124829.93033976483,2543.168575958538,97.62931043722189,30.24783146336864,0.0,7.736879027347565,2700,604.6187718173285,0.0
960,351.26,956.2486236088362,396.11005944323307,11.992966527215597,124829.93033976483,2543.1684417089473,97.62926382271043,30.280003539084028,0.0,7.736920926511282,2700,604.6187718173285,0.0
961,351.265,956.216970083528,396.9531255011469,12.016306152728314,124829.93033976483,2543.168307459357,97.62921720819897,30.31217483599227,0.0,7.7369628703611015,2700,604.6187718173285,0.0
962,351.27,956.1851258666044,397.7970673398341,12.039665857653544,124829.93033976483,2543.1681732097663,97.62917059368749,30.344345347504976,0.0,7.737004858895964,2700,604.6187718173285,0.0
963,351.275,956.1530909785499,398.6418847211034,12.063045632061112,124829.93033976483,2543.168038960176,97.62912397917603,30.37651506703452,0.0,7.737046892114801,2700,604.6187718173285,0.0
964,351.28,956.1208654400044,399.487577406051,12.086445466009454,124829.93033976483,2543.1679047105854,97.62907736466458,30.40868398799406,0.0,7.737088970016537,2700,604.6187718173285,0.0
965,351.28499999999997,956.0884492717644,400.33414515506144,12.10986534955163,124829.93033976483,2543.1677704609947,97.62903075015312,30.440852103797518,0.0,7.7371310926000865,2700,604.6187718173285,0.0
966,351.28999999999996,956.055842494781,401.18158772780697,12.133305272724744,124829.93033976483,2543.1676362114044,97.62898413564166,30.473019407859606,0.0,7.737173259864352,2700,604.6187718173285,0.0
967,351.29499999999996,956.0230451301614,402.0299048832489,12.15676522555167,124829.93033976483,2543.1675019618137,97.6289375211302,30.505185893595836,0.0,7.737215471808229,2700,604.6187718173285,0.0
968,351.29999999999995,955.990057199169,402.87909637963736,12.18024519805297,124829.93033976483,2543.167367712223,97.62889090661874,30.5373515544225,0.0,7.737257728430605,2700,604.6187718173285,0.0
969,351.305,955.9568787232215,403.72916197451144,12.203745180226894,124829.93033976483,2543.167233462633,97.62884429210729,30.5695163837567,0.0,7.737300029730357,2700,604.6187718173285,0.0
970,351.31,955.923509723893,404.58010142469993,12.227265162069402,124829.93033976483,2543.167099213042,97.62879767759583,30.60168037501633,0.0,7.737342375706353,2700,604.6187718173285,0.0
971,351.315,955.8899502229123,405.4319144863211,12.250805133563016,124829.93033976483,2543.166964963452,97.62875106308437,30.63384352162011,0.0,7.737384766357451,2700,604.6187718173285,0.0
972,351.32,955.8562002421645,406.28460091478365,12.274365084673788,124829.93033976483,2543.166830713861,97.6287044485729,30.666005816987568,0.0,7.737427201682501,2700,604.6187718173285,0.0
973,351.325,955.8222598036893,407.1381604647863,12.297945005359379,124829.93033976483,2543.1666964642704,97.62865783406144,30.698167254539054,0.0,7.737469681680344,2700,604.6187718173285,0.0
974,351.33,955.7881289296826,407.9925928903185,12.321544885568622,124829.93033976483,2543.16656221468,97.62861121954998,30.730327827695742,0.0,7.737512206349812,2700,604.6187718173285,0.0
975,351.335,955.7538076424943,408.847897944661,12.345164715237235,124829.93033976483,2543.1664279650895,97.62856460503852,30.762487529879635,0.0,7.737554775689726,2700,604.6187718173285,0.0
976,351.34,955.7192959646306,409.70407538038523,12.368804484287347,124829.93033976483,2543.166293715499,97.62851799052706,30.79464635451358,0.0,7.7375973896989,2700,604.6187718173285,0.0
977,351.34499999999997,955.6845939187525,410.56112494935473,12.392464182633972,124829.93033976483,2543.1661594659085,97.6284713760156,30.82680429502126,0.0,7.737640048376137,2700,604.6187718173285,0.0
978,351.34999999999997,955.6497015276763,411.41904640272446,12.416143800175602,124829.93033976483,2543.166025216318,97.62842476150414,30.858961344827204,0.0,7.737682751720233,2700,604.6187718173285,0.0
979,351.35499999999996,955.6146188143733,412.27783949094174,12.439843326804585,124829.93033976483,2543.1658909667276,97.62837814699269,30.891117497356795,0.0,7.737725499729974,2700,604.6187718173285,0.0
980,351.35999999999996,955.5793458019704,413.13750396374655,12.463562752400845,124829.93033976483,2543.165756717137,97.62833153248123,30.923272746036268,0.0,7.7377682924041356,2700,604.6187718173285,0.0
981,351.36499999999995,955.5438825137481,413.99803957017144,12.487302066828088,124829.93033976483,2543.165622467546,97.62828491796976,30.955427084292726,0.0,7.737811129741486,2700,604.6187718173285,0.0
982,351.37,955.5082289731436,414.85944605854195,12.511061259944498,124829.93033976483,2543.165488217956,97.6282383034583,30.98758050555414,0.0,7.737854011740782,2700,604.6187718173285,0.0
983,351.375,955.4723852037484,415.7217231764773,12.53484032159258,124829.93033976483,2543.1653539683653,97.62819168894684,31.01973300324934,0.0,7.737896938400775,2700,604.6187718173285,0.0
984,351.38,955.4363512293083,416.58487067089027,12.5586392416064,124829.93033976483,2543.165219718775,97.6281450744354,31.051884570808053,0.0,7.737939909720203,2700,604.6187718173285,0.0
985,351.385,955.4001270737251,417.4488882879878,12.582458009813191,124829.93033976483,2543.1650854691843,97.62809845992393,31.084035201660882,0.0,7.7379829256978,2700,604.6187718173285,0.0
986,351.39,955.3637127610548,418.31377577327095,12.606296616014747,124829.93033976483,2543.164951219594,97.62805184541247,31.11618488923931,0.0,7.738025986332285,2700,604.6187718173285,0.0
987,351.395,955.3271083155078,419.1795328715358,12.630155050016079,124829.93033976483,2543.164816970004,97.62800523090101,31.148333626975724,0.0,7.73806909162237,2700,604.6187718173285,0.0
988,351.4,955.2903137614499,420.04615932687295,12.654033301601432,124829.93033976483,2543.164682720413,97.62795861638955,31.1804814083034,0.0,7.738112241566763,2700,604.6187718173285,0.0
989,351.405,955.2533291234012,420.9136548826688,12.677931360551451,124829.93033976483,2543.1645484708224,97.62791200187809,31.21262822665652,0.0,7.7381554361641545,2700,604.6187718173285,0.0
990,351.40999999999997,955.2161544260371,421.7820192816047,12.701849216631368,124829.93033976483,2543.164414221232,97.62786538736663,31.244774075470183,0.0,7.738198675413231,2700,604.6187718173285,0.0
991,351.41499999999996,955.1787896941865,422.6512522656586,12.725786859589162,124829.93033976483,2543.1642799716415,97.62781877285516,31.276918948180388,0.0,7.738241959312668,2700,604.6187718173285,0.0
992,351.41999999999996,955.1412349528341,423.5213535761046,12.749744279176097,124829.93033976483,2543.1641457220508,97.6277721583437,31.309062838224065,0.0,7.738285287861134,2700,604.6187718173285,0.0
993,351.42499999999995,955.1034902271177,424.392322953513,12.773721465116537,124829.93033976483,2543.1640114724605,97.62772554383224,31.341205739039065,0.0,7.738328661057286,2700,604.6187718173285,0.0
994,351.43,955.0655555423313,425.2641601377512,12.797718407135001,124829.93033976483,2543.16387722287,97.6276789293208,31.373347644064165,0.0,7.738372078899774,2700,604.6187718173285,0.0
995,351.435,955.0274309239217,426.136864867984,12.821735094937921,124829.93033976483,2543.163742973279,97.62763231480933,31.405488546739072,0.0,7.738415541387236,2700,604.6187718173285,0.0
996,351.44,954.989116397491,427.01043688267356,12.845771518225973,124829.93033976483,2543.163608723689,97.62758570029787,31.43762844050445,0.0,7.738459048518304,2700,604.6187718173285,0.0
997,351.445,954.9506119887953,427.8848759195801,12.869827666680415,124829.93033976483,2543.163474474098,97.62753908578641,31.469767318801885,0.0,7.738502600291598,2700,604.6187718173285,0.0
998,351.45,954.9119177237452,428.76018171576163,12.893903529982392,124829.93033976483,2543.163340224508,97.62749247127496,31.501905175073933,0.0,7.738546196705732,2700,604.6187718173285,0.0
999,351.455,954.8730336284056,429.63635400757516,12.917999097790695,124829.93033976483,2543.163205974917,97.6274458567635,31.53404200276409,0.0,7.738589837759309,2700,604.6187718173285,0.0
1000,351.46,954.8339597289951,430.51339253067636,12.942114359761854,124829.93033976483,2543.1630717253265,97.62739924225204,31.56617779531682,0.0,7.738633523450924,2700,604.6187718173285,0.0
1001,351.465,954.7946960518867,431.3912970200202,12.966249305531901,124829.93033976483,2543.1629374757363,97.62735262774058,31.598312546177556,0.0,7.73867725377916,2700,604.6187718173285,0.0
1002,351.46999999999997,954.7552426236081,432.27006720986117,12.990403924735645,124829.93033976483,2543.1628032261456,97.62730601322912,31.63044624879269,0.0,7.738721028742594,2700,604.6187718173285,0.0
1003,351.47499999999997,954.7155994708403,433.14970283375334,13.014578206990667,124829.93033976483,2543.162668976555,97.62725939871765,31.662578896609606,0.0,7.738764848339794,2700,604.6187718173285,0.0
1004,351.47999999999996,954.6757666204181,434.03020362455163,13.038772141901882,124829.93033976483,2543.1625347269646,97.6272127842062,31.69471048307665,0.0,7.738808712569314,2700,604.6187718173285,0.0
1005,351.48499999999996,954.6357440993311,434.9115693144108,13.062985719070511,124829.93033976483,2543.162400477374,97.62716616969473,31.726841001643166,0.0,7.738852621429706,2700,604.6187718173285,0.0
1006,351.48999999999995,954.5955319347222,435.79379963478686,13.087218928075261,124829.93033976483,2543.1622662277837,97.62711955518327,31.758970445759484,0.0,7.73889657491951,2700,604.6187718173285,0.0
1007,351.495,954.5551301538887,436.6768943164369,13.11147175849691,124829.93033976483,2543.162131978193,97.62707294067181,31.79109880887694,0.0,7.7389405730372545,2700,604.6187718173285,0.0
1008,351.5,954.5145387842807,437.56085308941977,13.135744199893878,124829.93033976483,2543.1619977286023,97.62702632616036,31.823226084447853,0.0,7.738984615781462,2700,604.6187718173285,0.0
1009,351.505,954.4737578535035,438.4456756830961,13.160036241819805,124829.93033976483,2543.161863479012,97.6269797116489,31.85535226592557,0.0,7.739028703150644,2700,604.6187718173285,0.0
1010,351.51,954.4327873893146,439.33136182612856,13.184347873809566,124829.93033976483,2543.1617292294213,97.62693309713744,31.887477346764435,0.0,7.739072835143303,2700,604.6187718173285,0.0
1011,351.515,954.3916274196264,440.2179112464828,13.208679085398884,124829.93033976483,2543.1615949798306,97.62688648262598,31.919601320419808,0.0,7.739117011757935,2700,604.6187718173285,0.0
1012,351.52,954.3502779725042,441.10532367142696,13.233029866100527,124829.93033976483,2543.1614607302404,97.62683986811452,31.95172418034808,0.0,7.739161232993024,2700,604.6187718173285,0.0
1013,351.525,954.3087390761672,441.9935988275328,13.25740020542697,124829.93033976483,2543.1613264806497,97.62679325360307,31.98384592000666,0.0,7.739205498847046,2700,604.6187718173285,0.0
1014,351.53,954.2670107589875,442.8827364406757,13.28179009286373,124829.93033976483,2543.1611922310594,97.62674663909159,32.01596653285401,0.0,7.739249809318467,2700,604.6187718173285,0.0
1015,351.53499999999997,954.2250930494915,443.772736236035,13.306199517906517,124829.93033976483,2543.1610579814687,97.62670002458013,32.0480860123496,0.0,7.739294164405747,2700,604.6187718173285,0.0
1016,351.53999999999996,954.1829859763587,444.663597938094,13.33062847002335,124829.93033976483,2543.160923731878,97.62665341006867,32.08020435195396,0.0,7.7393385641073325,2700,604.6187718173285,0.0
1017,351.54499999999996,954.1406895684219,445.5553212706411,13.355076938672644,124829.93033976483,2543.160789482288,97.62660679555721,32.11232154512866,0.0,7.7393830084216635,2700,604.6187718173285,0.0
1018,351.54999999999995,954.0982038546668,446.4479059567695,13.379544913309426,124829.93033976483,2543.160655232697,97.62656018104576,32.144437585336334,0.0,7.739427497347171,2700,604.6187718173285,0.0
1019,351.555,954.0555288642333,447.34135171887783,13.40403238337349,124829.93033976483,2543.1605209831064,97.6265135665343,32.17655246604066,0.0,7.739472030882274,2700,604.6187718173285,0.0
1020,351.56,954.0126646264134,448.2356582786706,13.428539338288578,124829.93033976483,2543.160386733516,97.62646695202284,32.208666180706395,0.0,7.739516609025388,2700,604.6187718173285,0.0
1021,351.565,953.9696111706531,449.13082535715824,13.453065767478664,124829.93033976483,2543.1602524839254,97.62642033751138,32.24077872279934,0.0,7.739561231774915,2700,604.6187718173285,0.0
1022,351.57,953.9263685265513,450.0268526746578,13.47761166034554,124829.93033976483,2543.160118234335,97.62637372299992,32.27289008578639,0.0,7.7396058991292485,2700,604.6187718173285,0.0
1023,351.575,953.8829367238596,450.9237399507925,13.50217700628594,124829.93033976483,2543.1599839847445,97.62632710848847,32.30500026313552,0.0,7.739650611086774,2700,604.6187718173285,0.0
1024,351.58,953.8393157924833,451.8214869044938,13.526761794679604,124829.93033976483,2543.159849735154,97.626280493977,32.33710924831577,0.0,7.739695367645868,2700,604.6187718173285,0.0
1025,351.585,953.7955057624793,452.7200932539997,13.551366014905538,124829.93033976483,2543.1597154855635,97.62623387946554,32.36921703479729,0.0,7.739740168804896,2700,604.6187718173285,0.0
1026,351.59,953.7515066640592,453.61955871685666,13.575989656321171,124829.93033976483,2543.159581235973,97.62618726495408,32.4013236160513,0.0,7.739785014562217,2700,604.6187718173285,0.0
1027,351.59499999999997,953.7073185275859,454.51988300991945,13.600632708278935,124829.93033976483,2543.159446986382,97.62614065044262,32.433428985550144,0.0,7.739829904916179,2700,604.6187718173285,0.0
1028,351.59999999999997,953.6629413835758,455.4210658493506,13.625295160113827,124829.93033976483,2543.159312736792,97.62609403593116,32.46553313676725,0.0,7.739874839865122,2700,604.6187718173285,0.0
1029,351.60499999999996,953.6183752626979,456.32310695062273,13.649977001161966,124829.93033976483,2543.159178487201,97.6260474214197,32.497636063177154,0.0,7.739919819407377,2700,604.6187718173285,0.0
1030,351.60999999999996,953.5736201957736,457.2260060285169,13.67467822073541,124829.93033976483,2543.159044237611,97.62600080690824,32.52973775825553,0.0,7.739964843541265,2700,604.6187718173285,0.0
1031,351.61499999999995,953.5286762137777,458.1297627971244,13.699398808138259,124829.93033976483,2543.1589099880202,97.62595419239678,32.561838215479156,0.0,7.7400099122651,2700,604.6187718173285,0.0
1032,351.62,953.4835433478366,459.03437696984673,13.724138752673554,124829.93033976483,2543.15877573843,97.62590757788531,32.59393742832592,0.0,7.740055025577183,2700,604.6187718173285,0.0
1033,351.625,953.4382216292299,459.9398482593953,13.748898043613236,124829.93033976483,2543.1586414888397,97.62586096337387,32.62603539027488,0.0,7.74010018347581,2700,604.6187718173285,0.0
1034,351.63,953.3927110893893,460.84617637779263,13.773676670241812,124829.93033976483,2543.158507239249,97.6258143488624,32.658132094806184,0.0,7.740145385959265,2700,604.6187718173285,0.0
1035,351.635,953.3470117598988,461.75336103637255,13.798474621814758,124829.93033976483,2543.1583729896583,97.62576773435094,32.690227535401135,0.0,7.740190633025825,2700,604.6187718173285,0.0
1036,351.64,953.3011236724949,462.66140194577986,13.823291887584263,124829.93033976483,2543.158238740068,97.62572111983948,32.722321705542186,0.0,7.740235924673757,2700,604.6187718173285,0.0
1037,351.645,953.2550468590664,463.57029881597225,13.84812845679084,124829.93033976483,2543.1581044904774,97.62567450532802,32.75441459871294,0.0,7.7402812609013205,2700,604.6187718173285,0.0
1038,351.65,953.2087813516544,464.4800513562187,13.872984318663876,124829.93033976483,2543.1579702408867,97.62562789081657,32.78650620839816,0.0,7.740326641706763,2700,604.6187718173285,0.0
1039,351.655,953.162327182452,465.3906592751016,13.897859462417218,124829.93033976483,2543.1578359912965,97.62558127630511,32.81859652808375,0.0,7.740372067088324,2700,604.6187718173285,0.0
1040,351.65999999999997,953.1156843838045,466.3021222805162,13.922753877261275,124829.93033976483,2543.1577017417058,97.62553466179365,32.850685551256795,0.0,7.740417537044236,2700,604.6187718173285,0.0
1041,351.66499999999996,953.0688529882093,467.21444007967085,13.947667552385873,124829.93033976483,2543.1575674921155,97.62548804728219,32.88277327140555,0.0,7.7404630515727195,2700,604.6187718173285,0.0
1042,351.66999999999996,953.0218330283154,468.12761237908853,13.972600476984326,124829.93033976483,2543.157433242525,97.62544143277073,32.91485968201943,0.0,7.740508610671988,2700,604.6187718173285,0.0
1043,351.67499999999995,952.9746245369242,469.0416388846053,13.99755264022184,124829.93033976483,2543.157298992934,97.62539481825927,32.946944776589056,0.0,7.7405542143402455,2700,604.6187718173285,0.0
1044,351.68,952.927227546989,469.9565193013729,14.022524031268198,124829.93033976483,2543.157164743344,97.6253482037478,32.97902854860621,0.0,7.740599862575688,2700,604.6187718173285,0.0
1045,351.685,952.8796420916144,470.87225333385743,14.047514639270899,124829.93033976483,2543.157030493753,97.62530158923634,33.01111099156388,0.0,7.740645555376498,2700,604.6187718173285,0.0
1046,351.69,952.8318682040574,471.7888406858403,14.07252445337106,124829.93033976483,2543.1568962441625,97.62525497472488,33.04319209895624,0.0,7.740691292740855,2700,604.6187718173285,0.0
1047,351.695,952.7839059177263,472.70628106041875,14.097553462694483,124829.93033976483,2543.156761994572,97.62520836021343,33.075271864278676,0.0,7.740737074666925,2700,604.6187718173285,0.0
1048,351.7,952.7357552661812,473.62457416000666,14.122601656370255,124829.93033976483,2543.1566277449815,97.62516174570197,33.10735028102777,0.0,7.740782901152868,2700,604.6187718173285,0.0
1049,351.705,952.6874162831335,474.54371968633353,14.147669023493513,124829.93033976483,2543.1564934953913,97.62511513119051,33.1394273427013,0.0,7.740828772196832,2700,604.6187718173285,0.0
1050,351.71,952.6388890024467,475.4637173404462,14.172755553168349,124829.93033976483,2543.1563592458006,97.62506851667905,33.17150304279831,0.0,7.740874687796959,2700,604.6187718173285,0.0
1051,351.715,952.5901734581349,476.3845668227087,14.197861234478584,124829.93033976483,2543.15622499621,97.62502190216759,33.203577374819005,0.0,7.74092064795138,2700,604.6187718173285,0.0
1052,351.71999999999997,952.5412696843647,477.3062678328032,14.222986056496758,124829.93033976483,2543.1560907466196,97.62497528765614,33.23565033226485,0.0,7.740966652658216,2700,604.6187718173285,0.0
1053,351.72499999999997,952.492177715453,478.228820069729,14.248130008292437,124829.93033976483,2543.155956497029,97.62492867314467,33.26772190863855,0.0,7.741012701915583,2700,604.6187718173285,0.0
1054,351.72999999999996,952.4428975858685,479.152223231805,14.273293078915984,124829.93033976483,2543.155822247438,97.6248820586332,33.299792097444005,0.0,7.7410587957215835,2700,604.6187718173285,0.0
1055,351.73499999999996,952.3934293302315,480.0764770166682,14.298475257403656,124829.93033976483,2543.155687997848,97.62483544412174,33.3318608921864,0.0,7.741104934074314,2700,604.6187718173285,0.0
1056,351.73999999999995,952.3437729833121,481.00158112127474,14.323676532793407,124829.93033976483,2543.1555537482573,97.62478882961028,33.36392828637214,0.0,7.74115111697186,2700,604.6187718173285,0.0
1057,351.745,952.2939285800333,481.92753524190096,14.348896894102236,124829.93033976483,2543.155419498667,97.62474221509883,33.3959942735089,0.0,7.7411973444123,2700,604.6187718173285,0.0
1058,351.75,952.2438961554677,482.8543390741428,14.374136330341358,124829.93033976483,2543.1552852490763,97.62469560058737,33.42805884710558,0.0,7.741243616393701,2700,604.6187718173285,0.0
1059,351.755,952.1936757448397,483.7819923129169,14.399394830506596,124829.93033976483,2543.1551509994856,97.62464898607591,33.460122000672385,0.0,7.741289932914124,2700,604.6187718173285,0.0
1060,351.76,952.1432673835243,484.710494652461,14.42467238358838,124829.93033976483,2543.1550167498954,97.62460237156445,33.49218372772074,0.0,7.741336293971616,2700,604.6187718173285,0.0
1061,351.765,952.0926711070471,485.6398457863333,14.449968978561866,124829.93033976483,2543.1548825003047,97.62455575705299,33.5242440217634,0.0,7.741382699564221,2700,604.6187718173285,0.0
1062,351.77,952.0418869510852,486.5700454074145,14.475284604388419,124829.93033976483,2543.154748250714,97.62450914254154,33.556302876314334,0.0,7.741429149689972,2700,604.6187718173285,0.0
1063,351.775,951.9909149514655,487.5010932079068,14.500619250028503,124829.93033976483,2543.1546140011237,97.62446252803008,33.58836028488882,0.0,7.741475644346889,2700,604.6187718173285,0.0
1064,351.78,951.939755144167,488.43298887933497,14.525972904425828,124829.93033976483,2543.154479751533,97.62441591351862,33.62041624100344,0.0,7.7415221835329895,2700,604.6187718173285,0.0
1065,351.78499999999997,951.8884075653168,489.36573211254677,14.551345556511789,124829.93033976483,2543.1543455019428,97.62436929900716,33.65247073817604,0.0,7.741568767246276,2700,604.6187718173285,0.0
1066,351.78999999999996,951.8368722511955,490.29932259771317,14.57673719520636,124829.93033976483,2543.154211252352,97.6243226844957,33.684523769925775,0.0,7.7416153954847475,2700,604.6187718173285,0.0
1067,351.79499999999996,951.785149238232,491.2337600243289,14.602147809425542,124829.93033976483,2543.1540770027614,97.62427606998423,33.7165753297731,0.0,7.741662068246389,2700,604.6187718173285,0.0
1068,351.79999999999995,951.7332385630066,492.16904408121235,14.62757738806147,124829.93033976483,2543.153942753171,97.62422945547277,33.74862541123978,0.0,7.741708785529179,2700,604.6187718173285,0.0
1069,351.805,951.6811402622499,493.10517445650726,14.65302592001681,124829.93033976483,2543.1538085035804,97.62418284096131,33.78067400784889,0.0,7.7417555473310875,2700,604.6187718173285,0.0
1070,351.81,951.6288543728423,494.0421508376815,14.678493394157337,124829.93033976483,2543.1536742539897,97.62413622644985,33.812721113124816,0.0,7.741802353650074,2700,604.6187718173285,0.0
1071,351.815,951.5763809318145,494.9799729115286,14.703979799361653,124829.93033976483,2543.1535400043995,97.62408961193839,33.84476672059328,0.0,7.741849204484091,2700,604.6187718173285,0.0
1072,351.82,951.5237199763479,495.9186403641678,14.729485124481574,124829.93033976483,2543.153405754809,97.62404299742694,33.87681082378131,0.0,7.741896099831078,2700,604.6187718173285,0.0
1073,351.825,951.4708715437733,496.8581528810444,14.75500935836332,124829.93033976483,2543.1532715052185,97.62399638291548,33.90885341621729,0.0,7.741943039688971,2700,604.6187718173285,0.0
1074,351.83,951.4178356715722,497.7985101469301,14.78055248984242,124829.93033976483,2543.153137255628,97.62394976840402,33.940894491430925,0.0,7.741990024055693,2700,604.6187718173285,0.0
1075,351.835,951.3646123973755,498.73971184592426,14.806114507746079,124829.93033976483,2543.153003006037,97.62390315389256,33.97293404295326,0.0,7.74203705292916,2700,604.6187718173285,0.0
1076,351.84,951.3112017589643,499.6817576614529,14.831695400888265,124829.93033976483,2543.152868756447,97.6238565393811,34.0049720643167,0.0,7.742084126307275,2700,604.6187718173285,0.0
1077,351.84499999999997,951.2576037942691,500.6246472762702,14.857295158071892,124829.93033976483,2543.152734506856,97.62380992486965,34.037008549055,0.0,7.742131244187939,2700,604.6187718173285,0.0
1078,351.84999999999997,951.2038185413705,501.5683803724585,14.88291376808455,124829.93033976483,2543.152600257266,97.62376331035819,34.06904349070325,0.0,7.74217840656904,2700,604.6187718173285,0.0
1079,351.85499999999996,951.1498460384989,502.5129566314287,14.908551219719646,124829.93033976483,2543.1524660076757,97.62371669584672,34.10107688279793,0.0,7.742225613448455,2700,604.6187718173285,0.0
1080,351.85999999999996,951.0956863240341,503.458375733921,14.9342075017339,124829.93033976483,2543.152331758085,97.62367008133526,34.13310871887688,0.0,7.742272864824056,2700,604.6187718173285,0.0
1081,351.86499999999995,951.0413394365054,504.4046373600053,14.95988260289825,124829.93033976483,2543.1521975084943,97.6236234668238,34.16513899247931,0.0,7.742320160693704,2700,604.6187718173285,0.0
1082,351.87,950.9868054145919,505.35174118908066,14.985576511960849,124829.93033976483,2543.152063258904,97.62357685231234,34.19716769714579,0.0,7.74236750105525,2700,604.6187718173285,0.0
1083,351.875,950.9320842971212,506.2996868998774,15.011289217655712,124829.93033976483,2543.1519290093133,97.62353023780088,34.22919482641831,0.0,7.742414885906539,2700,604.6187718173285,0.0
1084,351.88,950.8771761230718,507.2484741704561,15.037020708714449,124829.93033976483,2543.151794759723,97.62348362328942,34.2612203738402,0.0,7.7424623152454055,2700,604.6187718173285,0.0
1085,351.885,950.8220809315699,508.1981026782085,15.062770973855576,124829.93033976483,2543.1516605101324,97.62343700877796,34.29324433295622,0.0,7.742509789069674,2700,604.6187718173285,0.0
1086,351.89,950.7667987618921,509.14857209985826,15.088540001783151,124829.93033976483,2543.1515262605417,97.62339039426651,34.32526669731252,0.0,7.742557307377162,2700,604.6187718173285,0.0
1087,351.895,950.7113296534636,510.09988211146094,15.114327781198474,124829.93033976483,2543.1513920109514,97.62334377975505,34.35728746045665,0.0,7.742604870165676,2700,604.6187718173285,0.0
1088,351.9,950.6556736458583,511.0520323884048,15.14013430078153,124829.93033976483,2543.1512577613607,97.62329716524359,34.38930661593754,0.0,7.742652477433014,2700,604.6187718173285,0.0
1089,351.905,950.5998307787999,512.0050226054109,15.165959549208166,124829.93033976483,2543.15112351177,97.62325055073212,34.42132415730557,0.0,7.742700129176966,2700,604.6187718173285,0.0
1090,351.90999999999997,950.5438010921606,512.9588524365333,15.19180351514677,124829.93033976483,2543.15098926218,97.62320393622066,34.45334007811253,0.0,7.7427478253953135,2700,604.6187718173285,0.0
1091,351.91499999999996,950.4875846259615,513.9135215551609,15.21766618723987,124829.93033976483,2543.150855012589,97.62315732170921,34.48535437191161,0.0,7.742795566085827,2700,604.6187718173285,0.0
1092,351.91999999999996,950.4311814203726,514.8690296340155,15.243547554144667,124829.93033976483,2543.150720762999,97.62311070719775,34.517367032257454,0.0,7.74284335124627,2700,604.6187718173285,0.0
1093,351.92499999999995,950.3745915157122,515.8253763451546,15.269447604482203,124829.93033976483,2543.150586513408,97.62306409268629,34.54937805270611,0.0,7.742891180874396,2700,604.6187718173285,0.0
1094,351.93,950.3178149524477,516.7825613599704,15.29536632688204,124829.93033976483,2543.1504522638174,97.62301747817482,34.5813874268151,0.0,7.742939054967949,2700,604.6187718173285,0.0
1095,351.935,950.2608517711952,517.7405843491906,15.321303709948376,124829.93033976483,2543.150318014227,97.62297086366335,34.61339514814335,0.0,7.7429869735246655,2700,604.6187718173285,0.0
1096,351.94,950.2037020127192,518.6994449828791,15.347259742286054,124829.93033976483,2543.1501837646365,97.62292424915191,34.645401210251244,0.0,7.743034936542272,2700,604.6187718173285,0.0
1097,351.945,950.146365717932,519.6591429304364,15.373234412481908,124829.93033976483,2543.150049515046,97.62287763464045,34.677405606700646,0.0,7.743082944018488,2700,604.6187718173285,0.0
1098,351.95,950.0888429278951,520.6196778605988,15.399227709121462,124829.93033976483,2543.1499152654555,97.62283102012898,34.70940833105483,0.0,7.743130995951019,2700,604.6187718173285,0.0
1099,351.955,950.0311336838182,521.5810494414417,15.425239620761445,124829.93033976483,2543.149781015865,97.62278440561752,34.741409376878586,0.0,7.743179092337568,2700,604.6187718173285,0.0
1100,351.96,949.9732380270585,522.5432573403766,15.45127013597105,124829.93033976483,2543.1496467662746,97.62273779110606,34.773408737738116,0.0,7.743227233175825,2700,604.6187718173285,0.0
1101,351.965,949.915155999122,523.5063012241543,15.477319243291891,124829.93033976483,2543.149512516684,97.62269117659461,34.80540640720112,0.0,7.7432754184634724,2700,604.6187718173285,0.0
1102,351.96999999999997,949.8568876416626,524.4701807588636,15.503386931262696,124829.93033976483,2543.149378267093,97.62264456208315,34.837402378836785,0.0,7.743323648198183,2700,604.6187718173285,0.0
1103,351.97499999999997,949.7984329964825,525.4348956099328,15.529473188412238,124829.93033976483,2543.149244017503,97.62259794757169,34.86939664621576,0.0,7.743371922377621,2700,604.6187718173285,0.0
1104,351.97999999999996,949.7397921055316,526.4004454421295,15.555578003249892,124829.93033976483,2543.1491097679123,97.62255133306023,34.901389202910195,0.0,7.743420240999442,2700,604.6187718173285,0.0
1105,351.98499999999996,949.680965010907,527.3668299195616,15.58170136428408,124829.93033976483,2543.1489755183215,97.62250471854877,34.933380042493724,0.0,7.743468604061293,2700,604.6187718173285,0.0
1106,351.98999999999995,949.6219517548549,528.334048705677,15.60784326001383,124829.93033976483,2543.1488412687313,97.6224581040373,34.96536915854148,0.0,7.74351701156081,2700,604.6187718173285,0.0
1107,351.995,949.5627523797681,529.3021014632649,15.634003678917699,124829.93033976483,2543.1487070191406,97.62241148952585,34.997356544630094,0.0,7.743565463495623,2700,604.6187718173285,0.0
1108,352.0,949.5033669281875,530.2709878544558,15.660182609472274,124829.93033976483,2543.1485727695504,97.62236487501438,35.0293421943377,0.0,7.74361395986335,2700,604.6187718173285,0.0
1109,352.005,949.4437954428021,531.2407075407219,15.686380040142357,124829.93033976483,2543.1484385199597,97.62231826050292,35.06132610124397,0.0,7.743662500661603,2700,604.6187718173285,0.0
1110,352.01,949.3840379664468,532.2112601828775,15.712595959372917,124829.93033976483,2543.148304270369,97.62227164599146,35.09330825893005,0.0,7.743711085887983,2700,604.6187718173285,0.0
1111,352.015,949.3240945421056,533.1826454410801,15.73883035561299,124829.93033976483,2543.1481700207787,97.62222503148001,35.12528866097864,0.0,7.743759715540083,2700,604.6187718173285,0.0
1112,352.02,949.2639652129092,534.1548629748299,15.765083217294812,124829.93033976483,2543.148035771188,97.62217841696855,35.157267300973956,0.0,7.743808389615487,2700,604.6187718173285,0.0
1113,352.025,949.2036500221354,535.127912442971,15.791354532831848,124829.93033976483,2543.1479015215973,97.62213180245709,35.18924417250174,0.0,7.74385710811177,2700,604.6187718173285,0.0
1114,352.03,949.1431490132092,536.1017935036915,15.817644290647483,124829.93033976483,2543.147767272007,97.62208518794563,35.22121926914927,0.0,7.743905871026498,2700,604.6187718173285,0.0
1115,352.03499999999997,949.0824622297029,537.0765058145241,15.843952479132623,124829.93033976483,2543.1476330224164,97.62203857343417,35.253192584505385,0.0,7.743954678357229,2700,604.6187718173285,0.0
1116,352.03999999999996,949.0215897153361,538.0520490323463,15.87027908667666,124829.93033976483,2543.1474987728257,97.62199195892272,35.28516411216044,0.0,7.7440035301015095,2700,604.6187718173285,0.0
1117,352.04499999999996,948.9605315139744,539.0284228133817,15.89662410167213,124829.93033976483,2543.1473645232354,97.62194534441126,35.317133845706365,0.0,7.7440524262568795,2700,604.6187718173285,0.0
1118,352.04999999999995,948.8992876696315,540.0056268131992,15.922987512469863,124829.93033976483,2543.1472302736447,97.6218987298998,35.34910177873663,0.0,7.744101366820869,2700,604.6187718173285,0.0
1119,352.055,948.837858226467,540.9836606867142,15.949369307439445,124829.93033976483,2543.1470960240545,97.62185211538834,35.381067904846276,0.0,7.744150351791002,2700,604.6187718173285,0.0
1120,352.06,948.7762432287876,541.9625240881894,15.975769474931637,124829.93033976483,2543.1469617744638,97.62180550087687,35.4130322176319,0.0,7.744199381164789,2700,604.6187718173285,0.0
1121,352.065,948.714442721047,542.9422166712342,16.002188003271826,124829.93033976483,2543.146827524873,97.62175888636541,35.44499471069168,0.0,7.744248454939733,2700,604.6187718173285,0.0
1122,352.07,948.6524567478444,543.9227380888065,16.028624880802067,124829.93033976483,2543.146693275283,97.62171227185395,35.476955377625366,0.0,7.744297573113331,2700,604.6187718173285,0.0
1123,352.075,948.590285353927,544.9040879932119,16.055080095831784,124829.93033976483,2543.146559025692,97.62166565734249,35.508914212034284,0.0,7.744346735683067,2700,604.6187718173285,0.0
1124,352.08,948.5279285841871,545.8862660361052,16.081553636666676,124829.93033976483,2543.146424776102,97.62161904283103,35.54087120752135,0.0,7.7443959426464195,2700,604.6187718173285,0.0
1125,352.085,948.4653864836639,546.86927186849,16.10804549161108,124829.93033976483,2543.1462905265116,97.62157242831957,35.57282635769106,0.0,7.744445194000856,2700,604.6187718173285,0.0
1126,352.09,948.402659097543,547.85310514072,16.13455564894172,124829.93033976483,2543.146156276921,97.62152581380812,35.60477965614953,0.0,7.744494489743835,2700,604.6187718173285,0.0
1127,352.09499999999997,948.339746471156,548.8377655024987,16.16108409693568,124829.93033976483,2543.1460220273307,97.62147919929666,35.63673109650445,0.0,7.744543829872809,2700,604.6187718173285,0.0
1128,352.09999999999997,948.2766486499806,549.8232526028805,16.187630823865643,124829.93033976483,2543.14588777774,97.6214325847852,35.66868067236513,0.0,7.744593214385218,2700,604.6187718173285,0.0
1129,352.10499999999996,948.2133656796406,550.8095660902709,16.214195817983292,124829.93033976483,2543.1457535281493,97.62138597027374,35.70062837734246,0.0,7.744642643278494,2700,604.6187718173285,0.0
1130,352.10999999999996,948.1498976059055,551.7967056124266,16.240779067532035,124829.93033976483,2543.145619278559,97.62133935576229,35.732574205049,0.0,7.744692116550063,2700,604.6187718173285,0.0
1131,352.11499999999995,948.0862444746912,552.7846708164569,16.267380560747572,124829.93033976483,2543.1454850289683,97.62129274125083,35.764518149098876,0.0,7.744741634197338,2700,604.6187718173285,0.0
1132,352.12,948.022406332059,553.7734613488234,16.29400028585326,124829.93033976483,2543.1453507793776,97.62124612673936,35.796460203107884,0.0,7.744791196217725,2700,604.6187718173285,0.0
1133,352.125,947.9583832242157,554.7630768553408,16.32063823106131,124829.93033976483,2543.1452165297874,97.62119951222789,35.8284003606934,0.0,7.744840802608621,2700,604.6187718173285,0.0
1134,352.13,947.8941751975146,555.7535169811771,16.347294384578767,124829.93033976483,2543.1450822801967,97.62115289771643,35.860338615474475,0.0,7.744890453367415,2700,604.6187718173285,0.0
1135,352.135,947.8297822984533,556.7447813708544,16.373968734602396,124829.93033976483,2543.1449480306064,97.62110628320498,35.892274961071784,0.0,7.744940148491486,2700,604.6187718173285,0.0
1136,352.14,947.7652045736761,557.7368696682498,16.40066126930505,124829.93033976483,2543.1448137810157,97.62105966869352,35.924209391107645,0.0,7.744989887978206,2700,604.6187718173285,0.0
1137,352.145,947.7004420699719,558.7297815165942,16.427371976873264,124829.93033976483,2543.144679531425,97.62101305418206,35.956141899206024,0.0,7.745039671824935,2700,604.6187718173285,0.0
1138,352.15,947.635494834275,559.723516558475,16.454100845454583,124829.93033976483,2543.144545281835,97.6209664396706,35.988072478992535,0.0,7.7450895000290245,2700,604.6187718173285,0.0
1139,352.155,947.5703629136655,560.718074435835,16.480847863212023,124829.93033976483,2543.144411032244,97.62091982515913,36.02000112409448,0.0,7.745139372587821,2700,604.6187718173285,0.0
1140,352.15999999999997,947.5050463553677,561.7134547899735,16.507613018289085,124829.93033976483,2543.1442767826534,97.62087321064769,36.05192782814078,0.0,7.745189289498659,2700,604.6187718173285,0.0
1141,352.16499999999996,947.4395452067519,562.7096572615468,16.534396298814467,124829.93033976483,2543.144142533063,97.62082659613623,36.08385258476205,0.0,7.745239250758863,2700,604.6187718173285,0.0
1142,352.16999999999996,947.3738595153329,563.7066814905685,16.561197692908753,124829.93033976483,2543.1440082834724,97.62077998162476,36.11577538759059,0.0,7.745289256365752,2700,604.6187718173285,0.0
1143,352.17499999999995,947.3079893287704,564.7045271164102,16.588017188685818,124829.93033976483,2543.143874033882,97.6207333671133,36.14769623026035,0.0,7.745339306316636,2700,604.6187718173285,0.0
1144,352.18,947.2419346948689,565.7031937778014,16.61485477424537,124829.93033976483,2543.1437397842915,97.62068675260184,36.17961510640698,0.0,7.745389400608811,2700,604.6187718173285,0.0
1145,352.185,947.1756956615781,566.7026811128312,16.641710437681777,124829.93033976483,2543.143605534701,97.62064013809038,36.21153200966781,0.0,7.7454395392395705,2700,604.6187718173285,0.0
1146,352.19,947.1092722769913,567.7029887589475,16.66858416707151,124829.93033976483,2543.1434712851105,97.62059352357892,36.243446933681874,0.0,7.745489722206195,2700,604.6187718173285,0.0
1147,352.195,947.0426645893477,568.7041163529583,16.69547595049073,124829.93033976483,2543.14333703552,97.62054690906746,36.27535987208989,0.0,7.745539949505959,2700,604.6187718173285,0.0
1148,352.2,946.9758726470301,569.7060635310318,16.722385776001904,124829.93033976483,2543.143202785929,97.620500294556,36.307270818534285,0.0,7.745590221136126,2700,604.6187718173285,0.0
1149,352.205,946.9088964985657,570.708829928697,16.74931363165305,124829.93033976483,2543.143068536339,97.62045368004453,36.33917976665919,0.0,7.745640537093952,2700,604.6187718173285,0.0
1150,352.21,946.8417361926269,571.7124151808447,16.77625950548308,124829.93033976483,2543.142934286748,97.62040706553309,36.371086710110454,0.0,7.745690897376683,2700,604.6187718173285,0.0
1151,352.215,946.7743917780291,572.7168189217268,16.803223385521274,124829.93033976483,2543.142800037158,97.62036045102163,36.40299164253563,0.0,7.745741301981557,2700,604.6187718173285,0.0
1152,352.21999999999997,946.7068633037326,573.722040784958,16.830205259793175,124829.93033976483,2543.1426657875672,97.62031383651016,36.434894557584016,0.0,7.745791750905803,2700,604.6187718173285,0.0
1153,352.22499999999997,946.6391508188417,574.7280804035157,16.857205116314447,124829.93033976483,2543.1425315379765,97.6202672219987,36.4667954489066,0.0,7.745842244146641,2700,604.6187718173285,0.0
1154,352.22999999999996,946.5712543726045,575.7349374097407,16.884222943069837,124829.93033976483,2543.1423972883863,97.62022060748724,36.49869431015615,0.0,7.745892781701283,2700,604.6187718173285,0.0
1155,352.23499999999996,946.5031740144129,576.7426114353376,16.911258728064304,124829.93033976483,2543.1422630387956,97.6201739929758,36.53059113498711,0.0,7.74594336356693,2700,604.6187718173285,0.0
1156,352.23999999999995,946.4349097938033,577.7511021113753,16.938312459278233,124829.93033976483,2543.142128789205,97.62012737846433,36.562485917055724,0.0,7.745993989740777,2700,604.6187718173285,0.0
1157,352.245,946.366461760455,578.7604090682875,16.965384124669328,124829.93033976483,2543.1419945396146,97.62008076395287,36.59437865001995,0.0,7.746044660220008,2700,604.6187718173285,0.0
1158,352.25,946.2978299641914,579.7705319358734,16.992473712206618,124829.93033976483,2543.141860290024,97.62003414944141,36.62626932753949,0.0,7.7460953750018,2700,604.6187718173285,0.0
1159,352.255,946.229014454979,580.7814703432979,17.019581209843004,124829.93033976483,2543.1417260404332,97.61998753492995,36.65815794327582,0.0,7.746146134083319,2700,604.6187718173285,0.0
1160,352.26,946.1600152829284,581.7932239190922,17.046706605512124,124829.93033976483,2543.141591790843,97.61994092041849,36.69004449089218,0.0,7.7461969374617246,2700,604.6187718173285,0.0
1161,352.265,946.0908324982934,582.8057922911548,17.073849887149954,124829.93033976483,2543.1414575412523,97.61989430590702,36.72192896405355,0.0,7.746247785134166,2700,604.6187718173285,0.0
1162,352.27,946.0214661514705,583.8191750867512,17.101011042672575,124829.93033976483,2543.141323291662,97.61984769139556,36.75381135642669,0.0,7.746298677097784,2700,604.6187718173285,0.0
1163,352.275,945.9519162930003,584.8333719325145,17.128190059990217,124829.93033976483,2543.1411890420713,97.6198010768841,36.78569166168015,0.0,7.746349613349711,2700,604.6187718173285,0.0
1164,352.28,945.8821829735658,585.8483824544469,17.155386927008514,124829.93033976483,2543.1410547924806,97.61975446237264,36.817569873484246,0.0,7.746400593887071,2700,604.6187718173285,0.0
1165,352.28499999999997,945.8122662439933,586.8642062779192,17.18260163161279,124829.93033976483,2543.1409205428904,97.61970784786119,36.84944598551108,0.0,7.746451618706975,2700,604.6187718173285,0.0
1166,352.28999999999996,945.7421661552522,587.8808430276714,17.209834161687432,124829.93033976483,2543.1407862932997,97.61966123334973,36.881319991434545,0.0,7.746502687806532,2700,604.6187718173285,0.0
1167,352.29499999999996,945.6718827584548,588.8982923278137,17.23708450510408,124829.93033976483,2543.140652043709,97.61961461883827,36.91319188493031,0.0,7.746553801182838,2700,604.6187718173285,0.0
1168,352.29999999999995,945.601416104856,589.9165538018266,17.26435264971919,124829.93033976483,2543.1405177941188,97.61956800432681,36.945061659675886,0.0,7.746604958832981,2700,604.6187718173285,0.0
1169,352.305,945.530766245853,590.9356270725617,17.29163858338058,124829.93033976483,2543.140383544528,97.61952138981535,36.97692930935053,0.0,7.746656160754038,2700,604.6187718173285,0.0
1170,352.31,945.4599332329864,591.9555117622422,17.318942293938253,124829.93033976483,2543.140249294938,97.6194747753039,37.008794827635356,0.0,7.746707406943083,2700,604.6187718173285,0.0
1171,352.315,945.3889171179384,592.9762074924627,17.34626376921507,124829.93033976483,2543.1401150453476,97.61942816079244,37.04065820821327,0.0,7.746758697397175,2700,604.6187718173285,0.0
1172,352.32,945.3177179525345,593.9977138841913,17.37360299703707,124829.93033976483,2543.139980795757,97.61938154628098,37.072519444768986,0.0,7.746810032113369,2700,604.6187718173285,0.0
1173,352.325,945.2463357887418,595.0200305577682,17.400959965213932,124829.93033976483,2543.1398465461666,97.61933493176952,37.10437853098907,0.0,7.746861411088709,2700,604.6187718173285,0.0
1174,352.33,945.1747706786708,596.0431571329077,17.428334661546415,124829.93033976483,2543.139712296576,97.61928831725804,37.13623546056187,0.0,7.746912834320228,2700,604.6187718173285,0.0
1175,352.335,945.1030226745722,597.067093228698,17.455727073829703,124829.93033976483,2543.139578046985,97.61924170274659,37.16809022717761,0.0,7.7469643018049545,2700,604.6187718173285,0.0
1176,352.34,945.0310918288404,598.0918384636021,17.483137189842797,124829.93033976483,2543.139443797395,97.61919508823513,37.19994282452832,0.0,7.747015813539907,2700,604.6187718173285,0.0
1177,352.34499999999997,944.9589781940113,599.1173924554577,17.51056499735484,124829.93033976483,2543.1393095478043,97.61914847372367,37.2317932463079,0.0,7.7470673695220915,2700,604.6187718173285,0.0
1178,352.34999999999997,944.8866818227626,600.1437548214785,17.538010484130044,124829.93033976483,2543.139175298214,97.61910185921221,37.26364148621209,0.0,7.747118969748511,2700,604.6187718173285,0.0
1179,352.35499999999996,944.8142027679137,601.170925178255,17.565473637924754,124829.93033976483,2543.1390410486233,97.61905524470076,37.29548753793844,0.0,7.747170614216156,2700,604.6187718173285,0.0
1180,352.35999999999996,944.741541082426,602.198903141753,17.592954446473243,124829.93033976483,2543.1389067990326,97.6190086301893,37.32733139518642,0.0,7.74722230292201,2700,604.6187718173285,0.0
1181,352.36499999999995,944.6686968194019,603.2276883273165,17.620452897516145,124829.93033976483,2543.1387725494424,97.61896201567784,37.3591730516573,0.0,7.747274035863046,2700,604.6187718173285,0.0
1182,352.37,944.5956700320861,604.2572803496671,17.647968978775953,124829.93033976483,2543.1386382998517,97.61891540116638,37.391012501054256,0.0,7.7473258130362295,2700,604.6187718173285,0.0
1183,352.375,944.5224607738644,605.2876788229047,17.675502677957347,124829.93033976483,2543.138504050261,97.61886878665491,37.42284973708232,0.0,7.747377634438518,2700,604.6187718173285,0.0
1184,352.38,944.4490690982634,606.3188833605078,17.703053982772925,124829.93033976483,2543.1383698006707,97.61882217214347,37.454684753448404,0.0,7.747429500066858,2700,604.6187718173285,0.0
1185,352.385,944.3754950589521,607.3508935753346,17.730622880908935,124829.93033976483,2543.13823555108,97.61877555763199,37.48651754386129,0.0,7.747481409918188,2700,604.6187718173285,0.0
1186,352.39,944.3017387097394,608.383709079623,17.758209360054707,124829.93033976483,2543.1381013014898,97.61872894312053,37.51834810203165,0.0,7.747533363989439,2700,604.6187718173285,0.0
1187,352.395,944.2278001045761,609.4173294849915,17.785813407884536,124829.93033976483,2543.137967051899,97.61868232860907,37.55017642167205,0.0,7.747585362277534,2700,604.6187718173285,0.0
1188,352.4,944.1536792975537,610.4517544024392,17.813435012064865,124829.93033976483,2543.1378328023084,97.6186357140976,37.58200249649693,0.0,7.747637404779384,2700,604.6187718173285,0.0
1189,352.405,944.0793763429045,611.4869834423472,17.841074160244382,124829.93033976483,2543.137698552718,97.61858909958616,37.613826320222664,0.0,7.747689491491894,2700,604.6187718173285,0.0
1190,352.40999999999997,944.0048912950016,612.523016214478,17.86873084007468,124829.93033976483,2543.1375643031274,97.6185424850747,37.64564788656748,0.0,7.747741622411958,2700,604.6187718173285,0.0
1191,352.41499999999996,943.9302242083594,613.5598523279774,17.896405039181328,124829.93033976483,2543.1374300535367,97.61849587056324,37.677467189251566,0.0,7.747793797536464,2700,604.6187718173285,0.0
1192,352.41999999999996,943.8553751376314,614.5974913913738,17.92409674519882,124829.93033976483,2543.1372958039465,97.61844925605178,37.709284221996974,0.0,7.747846016862289,2700,604.6187718173285,0.0
1193,352.42499999999995,943.780344137613,615.6359330125791,17.951805945740638,124829.93033976483,2543.1371615543558,97.61840264154031,37.74109897852772,0.0,7.747898280386302,2700,604.6187718173285,0.0
1194,352.43,943.7051312632395,616.6751767988903,17.979532628411523,124829.93033976483,2543.1370273047655,97.61835602702887,37.77291145256971,0.0,7.747950588105363,2700,604.6187718173285,0.0
1195,352.435,943.6297365695868,617.7152223569885,18.007276780821027,124829.93033976483,2543.136893055175,97.6183094125174,37.804721637850776,0.0,7.748002940016326,2700,604.6187718173285,0.0
1196,352.44,943.5541601118703,618.7560692929396,18.035038390539185,124829.93033976483,2543.136758805584,97.61826279800594,37.836529528100705,0.0,7.748055336116031,2700,604.6187718173285,0.0
1197,352.445,943.4784019454463,619.7977172121962,18.062817445150873,124829.93033976483,2543.136624555994,97.61821618349448,37.868335117051195,0.0,7.748107776401313,2700,604.6187718173285,0.0
1198,352.45,943.4024621258108,620.8401657195969,18.090613932226656,124829.93033976483,2543.136490306403,97.61816956898302,37.90013839843589,0.0,7.748160260868999,2700,604.6187718173285,0.0
1199,352.455,943.3263407085992,621.8834144193668,18.118427839319317,124829.93033976483,2543.1363560568125,97.61812295447156,37.93193936599041,0.0,7.748212789515904,2700,604.6187718173285,0.0
1200,352.46,943.250037749588,622.9274629151195,18.14625915398102,124829.93033976483,2543.1362218072222,97.6180763399601,37.96373801345227,0.0,7.748265362338838,2700,604.6187718173285,0.0
1201,352.465,943.1735533046923,623.9723108098551,18.174107863752237,124829.93033976483,2543.1360875576315,97.61802972544864,37.995534334560986,0.0,7.748317979334598,2700,604.6187718173285,0.0
1202,352.46999999999997,943.0968874299676,625.017957705964,18.201973956160334,124829.93033976483,2543.135953308041,97.61798311093717,38.027328323058015,0.0,7.748370640499977,2700,604.6187718173285,0.0
1203,352.47499999999997,943.0200401816084,626.0644032052244,18.229857418735048,124829.93033976483,2543.1358190584506,97.61793649642571,38.05911997268678,0.0,7.748423345831757,2700,604.6187718173285,0.0
1204,352.47999999999996,942.9430116159488,627.1116469088046,18.257758238964794,124829.93033976483,2543.13568480886,97.61788988191427,38.09090927719267,0.0,7.748476095326709,2700,604.6187718173285,0.0
1205,352.48499999999996,942.8658017894624,628.1596884172633,18.285676404376677,124829.93033976483,2543.1355505592696,97.6178432674028,38.12269623032306,0.0,7.748528888981599,2700,604.6187718173285,0.0
1206,352.48999999999995,942.7884107587621,629.2085273305495,18.313611902453662,124829.93033976483,2543.135416309679,97.61779665289134,38.15448082582728,0.0,7.748581726793184,2700,604.6187718173285,0.0
1207,352.495,942.7108385805998,630.2581632480038,18.341564720666835,124829.93033976483,2543.1352820600882,97.61775003837988,38.186263057456664,0.0,7.748634608758209,2700,604.6187718173285,0.0
1208,352.5,942.6330853118666,631.3085957683584,18.369534846500116,124829.93033976483,2543.135147810498,97.61770342386842,38.21804291896452,0.0,7.748687534873414,2700,604.6187718173285,0.0
1209,352.505,942.5551510095924,632.3598244897386,18.39752226741672,124829.93033976483,2543.1350135609073,97.61765680935697,38.24982040410616,0.0,7.748740505135529,2700,604.6187718173285,0.0
1210,352.51,942.477035730946,633.4118490096615,18.425526970873044,124829.93033976483,2543.1348793113166,97.61761019484551,38.281595506638894,0.0,7.748793519541273,2700,604.6187718173285,0.0
1211,352.515,942.3987395332355,634.4646689250392,18.453548944303982,124829.93033976483,2543.1347450617263,97.61756358033405,38.31336822032201,0.0,7.748846578087361,2700,604.6187718173285,0.0
1212,352.52,942.3202624739065,635.5182838321766,18.481588175153533,124829.93033976483,2543.1346108121356,97.61751696582259,38.345138538916835,0.0,7.748899680770497,2700,604.6187718173285,0.0
1213,352.525,942.2416046105444,636.5726933267739,18.50964465083626,124829.93033976483,2543.1344765625454,97.61747035131111,38.37690645618668,0.0,7.748952827587375,2700,604.6187718173285,0.0
1214,352.53,942.1627660008727,637.6278970039264,18.53771835877986,124829.93033976483,2543.1343423129547,97.61742373679967,38.408671965896886,0.0,7.74900601853468,2700,604.6187718173285,0.0
1215,352.53499999999997,942.083746702753,638.6838944581252,18.56580928638588,124829.93033976483,2543.134208063364,97.6173771222882,38.440435061814796,0.0,7.749059253609093,2700,604.6187718173285,0.0
1216,352.53999999999996,942.0045467741854,639.7406852832571,18.5939174210583,124829.93033976483,2543.1340738137737,97.61733050777674,38.47219573770982,0.0,7.74911253280728,2700,604.6187718173285,0.0
1217,352.54499999999996,941.9251662733082,640.7982690726071,18.62204275017233,124829.93033976483,2543.1339395641835,97.61728389326528,38.50395398735334,0.0,7.749165856125906,2700,604.6187718173285,0.0
1218,352.54999999999995,941.8456052583978,641.8566454188567,18.650185261119006,124829.93033976483,2543.133805314593,97.61723727875382,38.53570980451882,0.0,7.749219223561617,2700,604.6187718173285,0.0
1219,352.555,941.7658637878683,642.9158139140852,18.678344941263507,124829.93033976483,2543.1336710650025,97.61719066424237,38.567463182981726,0.0,7.749272635111061,2700,604.6187718173285,0.0
1220,352.56,941.6859419202723,643.9757741497714,18.706521777963847,124829.93033976483,2543.133536815412,97.61714404973091,38.599214116519605,0.0,7.74932609077087,2700,604.6187718173285,0.0
1221,352.565,941.6058397142996,645.0365257167924,18.734715758574744,124829.93033976483,2543.1334025658216,97.61709743521945,38.630962598912014,0.0,7.749379590537671,2700,604.6187718173285,0.0
1222,352.57,941.5255572287779,646.0980682054254,18.762926870431905,124829.93033976483,2543.133268316231,97.61705082070799,38.662708623940595,0.0,7.74943313440808,2700,604.6187718173285,0.0
1223,352.575,941.4450945226727,647.1604012053482,18.79115510087228,124829.93033976483,2543.13313406664,97.61700420619654,38.69445218538902,0.0,7.749486722378706,2700,604.6187718173285,0.0
1224,352.58,941.3644516550867,648.2235243056389,18.81940043722003,124829.93033976483,2543.13299981705,97.61695759168506,38.726193277043045,0.0,7.74954035444615,2700,604.6187718173285,0.0
1225,352.585,941.2836286852598,649.287437094777,18.847662866778677,124829.93033976483,2543.1328655674592,97.6169109771736,38.757931892690465,0.0,7.749594030607004,2700,604.6187718173285,0.0
1226,352.59,941.20262567257,650.3521391606445,18.875942376858916,124829.93033976483,2543.1327313178685,97.61686436266214,38.78966802612118,0.0,7.749647750857848,2700,604.6187718173285,0.0
1227,352.59499999999997,941.1214426765318,651.4176300905253,18.904238954763105,124829.93033976483,2543.1325970682783,97.61681774815068,38.82140167112714,0.0,7.749701515195258,2700,604.6187718173285,0.0
1228,352.59999999999997,941.0400797567967,652.4839094711074,18.932552587769422,124829.93033976483,2543.1324628186876,97.61677113363923,38.853132821502385,0.0,7.749755323615798,2700,604.6187718173285,0.0
1229,352.60499999999996,940.9585369731537,653.5509768884816,18.960883263151196,124829.93033976483,2543.1323285690974,97.61672451912777,38.88486147104303,0.0,7.749809176116026,2700,604.6187718173285,0.0
1230,352.60999999999996,940.8768143855283,654.6188319281432,18.98923096818327,124829.93033976483,2543.1321943195067,97.61667790461631,38.91658761354731,0.0,7.74986307269249,2700,604.6187718173285,0.0
1231,352.61499999999995,940.7949120539831,655.6874741749928,19.017595690121816,124829.93033976483,2543.132060069916,97.61663129010485,38.948311242815514,0.0,7.749917013341729,2700,604.6187718173285,0.0
1232,352.62,940.7128300387171,656.7569032133359,19.045977416220545,124829.93033976483,2543.1319258203257,97.61658467559339,38.98003235265004,0.0,7.749970998060275,2700,604.6187718173285,0.0
1233,352.625,940.6305684000661,657.8271186268843,19.074376133706163,124829.93033976483,2543.131791570735,97.61653806108194,39.01175093685542,0.0,7.750025026844648,2700,604.6187718173285,0.0
1234,352.63,940.5481271985018,658.8981199987564,19.102791829809785,124829.93033976483,2543.1316573211443,97.61649144657048,39.04346698923824,0.0,7.750079099691365,2700,604.6187718173285,0.0
1235,352.635,940.4655064946335,659.9699069114773,19.131224491767032,124829.93033976483,2543.131523071554,97.61644483205902,39.07518050360725,0.0,7.750133216596928,2700,604.6187718173285,0.0
1236,352.64,940.3827063492051,661.0424789469807,19.159674106783118,124829.93033976483,2543.1313888219634,97.61639821754756,39.10689147377328,0.0,7.750187377557836,2700,604.6187718173285,0.0
1237,352.645,940.2997268230984,662.115835686608,19.188140662059958,124829.93033976483,2543.1312545723727,97.6163516030361,39.13859989354931,0.0,7.750241582570575,2700,604.6187718173285,0.0
1238,352.65,940.2165679773299,663.1899767111097,19.216624144797247,124829.93033976483,2543.1311203227824,97.61630498852463,39.17030575675042,0.0,7.750295831631624,2700,604.6187718173285,0.0
1239,352.655,940.1332298730526,664.264901600646,19.245124542167893,124829.93033976483,2543.1309860731917,97.61625837401317,39.202009057193834,0.0,7.750350124737456,2700,604.6187718173285,0.0
1240,352.65999999999997,940.0497125715558,665.3406099347864,19.273641841357545,124829.93033976483,2543.1308518236015,97.61621175950171,39.23370978869891,0.0,7.750404461884531,2700,604.6187718173285,0.0
1241,352.66499999999996,939.9660161342638,666.4171012925123,19.302176029527093,124829.93033976483,2543.1307175740108,97.61616514499025,39.26540794508715,0.0,7.750458843069303,2700,604.6187718173285,0.0
1242,352.66999999999996,939.8821406227368,667.4943752522151,19.33072709384422,124829.93033976483,2543.13058332442,97.61611853047879,39.29710352018218,0.0,7.750513268288218,2700,604.6187718173285,0.0
1243,352.67499999999995,939.7980860986706,668.5724313916992,19.359295021448336,124829.93033976483,2543.13044907483,97.61607191596734,39.328796507809805,0.0,7.750567737537711,2700,604.6187718173285,0.0
1244,352.68,939.713852623897,669.6512692881803,19.38787979947975,124829.93033976483,2543.130314825239,97.61602530145588,39.36048690179796,0.0,7.75062225081421,2700,604.6187718173285,0.0
1245,352.685,939.6294402603818,670.7308885182877,19.416481415074102,124829.93033976483,2543.1301805756484,97.61597868694442,39.39217469597675,0.0,7.750676808114134,2700,604.6187718173285,0.0
1246,352.69,939.5448490702273,671.8112886580645,19.445099855350016,124829.93033976483,2543.130046326058,97.61593207243295,39.42385988417843,0.0,7.750731409433895,2700,604.6187718173285,0.0
1247,352.695,939.4600791156703,672.8924692829677,19.473735107417454,124829.93033976483,2543.1299120764675,97.6158854579215,39.45554246023743,0.0,7.750786054769893,2700,604.6187718173285,0.0
1248,352.7,939.3751304590828,673.9744299678691,19.50238715838458,124829.93033976483,2543.129777826877,97.61583884341005,39.48722241799037,0.0,7.750840744118523,2700,604.6187718173285,0.0
1249,352.705,939.2900031629717,675.0571702870557,19.531055995345675,124829.93033976483,2543.1296435772865,97.61579222889858,39.51889975127599,0.0,7.75089547747617,2700,604.6187718173285,0.0
1250,352.71,939.2046972899788,676.1406898142307,19.559741605379962,124829.93033976483,2543.129509327696,97.61574561438712,39.55057445393527,0.0,7.750950254839208,2700,604.6187718173285,0.0
1251,352.715,939.1192129028803,677.2249881225137,19.588443975576048,124829.93033976483,2543.1293750781056,97.61569899987566,39.58224651981135,0.0,7.751005076204008,2700,604.6187718173285,0.0
1252,352.71999999999997,939.0335500645875,678.3100647844416,19.617163092986242,124829.93033976483,2543.129240828515,97.6156523853642,39.613915942749564,0.0,7.751059941566926,2700,604.6187718173285,0.0
1253,352.72499999999997,938.9477088381456,679.3959193719693,19.645898944684657,124829.93033976483,2543.129106578924,97.61560577085274,39.64558271659743,0.0,7.751114850924315,2700,604.6187718173285,0.0
1254,352.72999999999996,938.8616892867348,680.4825514564692,19.67465151771085,124829.93033976483,2543.128972329334,97.61555915634128,39.67724683520468,0.0,7.751169804272515,2700,604.6187718173285,0.0
1255,352.73499999999996,938.7754914736689,681.5699606087337,19.70342079910912,124829.93033976483,2543.128838079743,97.61551254182982,39.70890829242323,0.0,7.751224801607862,2700,604.6187718173285,0.0
1256,352.73999999999995,938.6891154623964,682.6581463989739,19.732206775909024,124829.93033976483,2543.128703830153,97.61546592731835,39.74056708210722,0.0,7.751279842926679,2700,604.6187718173285,0.0
1257,352.745,938.6025613164998,683.7471083968213,19.76100943514178,124829.93033976483,2543.1285695805623,97.61541931280689,39.772223198113,0.0,7.751334928225283,2700,604.6187718173285,0.0
1258,352.75,938.5158290996955,684.8368461713283,19.789828763812956,124829.93033976483,2543.1284353309716,97.61537269829545,39.803876634299115,0.0,7.751390057499982,2700,604.6187718173285,0.0
1259,352.755,938.4289188758336,685.9273592909684,19.818664748930157,124829.93033976483,2543.1283010813813,97.61532608378398,39.83552738452637,0.0,7.751445230747076,2700,604.6187718173285,0.0
1260,352.76,938.3418307088981,687.018647323637,19.847517377494473,124829.93033976483,2543.1281668317906,97.61527946927252,39.86717544265777,0.0,7.751500447962855,2700,604.6187718173285,0.0
1261,352.765,938.2545646630066,688.1107098366524,19.876386636488743,124829.93033976483,2543.1280325822,97.61523285476106,39.89882080255854,0.0,7.751555709143602,2700,604.6187718173285,0.0
1262,352.77,938.1671208024103,689.2035463967557,19.905272512898065,124829.93033976483,2543.1278983326097,97.6151862402496,39.930463458096156,0.0,7.751611014285589,2700,604.6187718173285,0.0
1263,352.775,938.0794991914935,690.2971565701115,19.93417499367308,124829.93033976483,2543.127764083019,97.61513962573815,39.96210340314035,0.0,7.751666363385083,2700,604.6187718173285,0.0
1264,352.78,937.9916998947743,691.3915399223098,19.963094065805265,124829.93033976483,2543.1276298334287,97.61509301122669,39.99374063156305,0.0,7.751721756438341,2700,604.6187718173285,0.0
1265,352.78499999999997,937.9037229769037,692.4866960183646,19.992029716228014,124829.93033976483,2543.1274955838385,97.61504639671521,40.02537513723848,0.0,7.751777193441609,2700,604.6187718173285,0.0
1266,352.78999999999996,937.8155685026661,693.5826244227153,20.020981931884187,124829.93033976483,2543.127361334248,97.61499978220375,40.05700691404308,0.0,7.75183267439113,2700,604.6187718173285,0.0
1267,352.79499999999996,937.727236536978,694.679324699228,20.049950699723137,124829.93033976483,2543.1272270846575,97.6149531676923,40.088635955855565,0.0,7.751888199283132,2700,604.6187718173285,0.0
1268,352.79999999999995,937.6387271448901,695.7767964111955,20.078936006656892,124829.93033976483,2543.127092835067,97.61490655318084,40.12026225655691,0.0,7.751943768113839,2700,604.6187718173285,0.0
1269,352.805,937.5500403915848,696.8750391213381,20.107937839610216,124829.93033976483,2543.126958585476,97.61485993866938,40.151885810030365,0.0,7.751999380879465,2700,604.6187718173285,0.0
1270,352.81,937.4611763423777,697.9740523918036,20.13695618548472,124829.93033976483,2543.126824335886,97.61481332415792,40.18350661016142,0.0,7.752055037576217,2700,604.6187718173285,0.0
1271,352.815,937.3721350627169,699.073835784169,20.165991031188252,124829.93033976483,2543.126690086295,97.61476670964646,40.21512465083788,0.0,7.75211073820029,2700,604.6187718173285,0.0
1272,352.82,937.2829166181823,700.1743888594399,20.195042363618686,124829.93033976483,2543.126555836705,97.61472009513501,40.24673992594978,0.0,7.7521664827478745,2700,604.6187718173285,0.0
1273,352.825,937.1935210744871,701.2757111780523,20.224110169641207,124829.93033976483,2543.1264215871142,97.61467348062355,40.27835242938949,0.0,7.752222271215149,2700,604.6187718173285,0.0
1274,352.83,937.1039484974763,702.3778022998722,20.253194436143804,124829.93033976483,2543.1262873375235,97.61462686611209,40.309962155051636,0.0,7.752278103598286,2700,604.6187718173285,0.0
1275,352.835,937.0141989531267,703.4806617841966,20.282295149988,124829.93033976483,2543.1261530879333,97.61458025160063,40.34156909683313,0.0,7.752333979893448,2700,604.6187718173285,0.0
1276,352.84,936.9242725075474,704.5842891897548,20.31141229802395,124829.93033976483,2543.1260188383426,97.61453363708917,40.37317324863322,0.0,7.752389900096791,2700,604.6187718173285,0.0
1277,352.84499999999997,936.8341692269795,705.688684074708,20.340545867109686,124829.93033976483,2543.125884588752,97.6144870225777,40.40477460435341,0.0,7.752445864204459,2700,604.6187718173285,0.0
1278,352.84999999999997,936.7438891777955,706.7938459966498,20.36969584408277,124829.93033976483,2543.1257503391616,97.61444040806624,40.43637315789754,0.0,7.7525018722125925,2700,604.6187718173285,0.0
1279,352.85499999999996,936.6534324265002,707.8997745126081,20.398862215773637,124829.93033976483,2543.125616089571,97.61439379355478,40.467968903171744,0.0,7.75255792411732,2700,604.6187718173285,0.0
1280,352.85999999999996,936.562799039729,709.0064691790449,20.42804496900172,124829.93033976483,2543.1254818399802,97.61434717904332,40.49956183408448,0.0,7.752614019914761,2700,604.6187718173285,0.0
1281,352.86499999999995,936.4719890842497,710.1139295518559,20.457244090582215,124829.93033976483,2543.12534759039,97.61430056453186,40.53115194454651,0.0,7.752670159601029,2700,604.6187718173285,0.0
1282,352.87,936.3810026269606,711.2221551863735,20.486459567320267,124829.93033976483,2543.1252133407993,97.61425395002041,40.562739228470946,0.0,7.752726343172226,2700,604.6187718173285,0.0
1283,352.875,936.2898397348919,712.3311456373657,20.515691386012417,124829.93033976483,2543.125079091209,97.61420733550895,40.5943236797732,0.0,7.75278257062445,2700,604.6187718173285,0.0
1284,352.88,936.1985004752046,713.4409004590361,20.54493953345652,124829.93033976483,2543.1249448416183,97.61416072099749,40.62590529237102,0.0,7.752838841953786,2700,604.6187718173285,0.0
1285,352.885,936.1069849151904,714.5514192050272,20.57420399641897,124829.93033976483,2543.1248105920276,97.61411410648603,40.65748406018452,0.0,7.752895157156314,2700,604.6187718173285,0.0
1286,352.89,936.0152931222723,715.6627014284181,20.60348476168168,124829.93033976483,2543.1246763424374,97.61406749197457,40.68905997713612,0.0,7.752951516228103,2700,604.6187718173285,0.0
1287,352.895,935.9234251640041,716.774746681727,20.63278181599013,124829.93033976483,2543.1245420928467,97.61402087746312,40.72063303715059,0.0,7.753007919165215,2700,604.6187718173285,0.0
1288,352.9,935.8313811080701,717.887554516911,20.662095146117846,124829.93033976483,2543.124407843256,97.61397426295166,40.752203234155076,0.0,7.753064365963703,2700,604.6187718173285,0.0
1289,352.905,935.7391610222847,719.0011244853666,20.691424738801885,124829.93033976483,2543.1242735936657,97.6139276484402,40.78377056207904,0.0,7.753120856619612,2700,604.6187718173285,0.0
1290,352.90999999999997,935.6467649745936,720.1154561379318,20.720770580782137,124829.93033976483,2543.124139344075,97.61388103392873,40.815335014854334,0.0,7.753177391128977,2700,604.6187718173285,0.0
1291,352.91499999999996,935.5541930330719,721.2305490248839,20.75013265878678,124829.93033976483,2543.124005094485,97.61383441941727,40.846896586415156,0.0,7.753233969487828,2700,604.6187718173285,0.0
1292,352.91999999999996,935.4614452659256,722.3464026959431,20.779510959534136,124829.93033976483,2543.123870844894,97.61378780490581,40.87845527069807,0.0,7.753290591692182,2700,604.6187718173285,0.0
1293,352.92499999999995,935.3685217414903,723.4630167002713,20.808905469743525,124829.93033976483,2543.1237365953034,97.61374119039435,40.910011061642024,0.0,7.753347257738051,2700,604.6187718173285,0.0
1294,352.93,935.2754225282322,724.5803905864734,20.838316176108616,124829.93033976483,2543.123602345713,97.61369457588289,40.941563953188336,0.0,7.753403967621439,2700,604.6187718173285,0.0
1295,352.935,935.1821476947466,725.6985239025983,20.867743065335098,124829.93033976483,2543.1234680961225,97.61364796137143,40.9731139392807,0.0,7.753460721338338,2700,604.6187718173285,0.0
1296,352.94,935.0886973097588,726.8174161961379,20.897186124098823,124829.93033976483,2543.1233338465318,97.61360134685997,41.00466101386519,0.0,7.753517518884735,2700,604.6187718173285,0.0
1297,352.945,934.995071442124,727.9370670140298,20.92664533908555,124829.93033976483,2543.1231995969415,97.61355473234852,41.036205170890284,0.0,7.753574360256605,2700,604.6187718173285,0.0
1298,352.95,934.9012701608267,729.0574759026565,20.956120696960483,124829.93033976483,2543.123065347351,97.61350811783706,41.06774640430684,0.0,7.75363124544992,2700,604.6187718173285,0.0
1299,352.955,934.8072935349807,730.178642407847,20.985612184398622,124829.93033976483,2543.1229310977606,97.6134615033256,41.09928470806812,0.0,7.753688174460639,2700,604.6187718173285,0.0
1300,352.96,934.7131416338289,731.3005660748764,21.015119788033694,124829.93033976483,2543.12279684817,97.61341488881413,41.130820076129794,0.0,7.753745147284714,2700,604.6187718173285,0.0
1301,352.965,934.6188145267441,732.4232464484678,21.04464349452696,124829.93033976483,2543.122662598579,97.61336827430267,41.16235250244993,0.0,7.753802163918087,2700,604.6187718173285,0.0
1302,352.96999999999997,934.5243122832271,733.5466830727916,21.074183290509776,124829.93033976483,2543.122528348989,97.61332165979123,41.19388198098899,0.0,7.753859224356696,2700,604.6187718173285,0.0
1303,352.97499999999997,934.4296349729087,734.6708754914667,21.10373916260976,124829.93033976483,2543.122394099398,97.61327504527976,41.225408505709886,0.0,7.753916328596467,2700,604.6187718173285,0.0
1304,352.97999999999996,934.3347826655479,735.795823247562,21.133311097450164,124829.93033976483,2543.1222598498075,97.61322843076829,41.256932070577925,0.0,7.753973476633317,2700,604.6187718173285,0.0
1305,352.98499999999996,934.2397554310323,736.9215258835956,21.162899081644902,124829.93033976483,2543.1221256002173,97.61318181625683,41.28845266956085,0.0,7.754030668463158,2700,604.6187718173285,0.0
1306,352.98999999999995,934.1445533393783,738.0479829415362,21.19250310178476,124829.93033976483,2543.1219913506266,97.61313520174537,41.31997029662881,0.0,7.75408790408189,2700,604.6187718173285,0.0
1307,352.995,934.0491764607309,739.1751939628035,21.22212314448542,124829.93033976483,2543.1218571010363,97.61308858723392,41.351484945754414,0.0,7.7541451834854085,2700,604.6187718173285,0.0
1308,353.0,933.9536248653633,740.3031584882696,21.25175919631558,124829.93033976483,2543.1217228514456,97.61304197272246,41.38299661091269,0.0,7.754202506669596,2700,604.6187718173285,0.0
1309,353.005,933.8578986236763,741.431876058258,21.281411243872277,124829.93033976483,2543.121588601855,97.612995358211,41.41450528608112,0.0,7.754259873630331,2700,604.6187718173285,0.0
1310,353.01,933.7619978062004,742.561346212546,21.311079273713602,124829.93033976483,2543.1214543522647,97.61294874369953,41.446010965239616,0.0,7.754317284363481,2700,604.6187718173285,0.0
1311,353.015,933.6659224835927,743.6915684903645,21.340763272404214,124829.93033976483,2543.1213201026744,97.61290212918809,41.47751364237054,0.0,7.754374738864904,2700,604.6187718173285,0.0
1312,353.02,933.5696727266383,744.8225424303985,21.37046322650422,124829.93033976483,2543.1211858530837,97.61285551467662,41.50901331145872,0.0,7.7544322371304535,2700,604.6187718173285,0.0
1313,353.025,933.4732486062506,745.9542675707881,21.400179122563852,124829.93033976483,2543.1210516034935,97.61280890016516,41.54050996649145,0.0,7.754489779155972,2700,604.6187718173285,0.0
1314,353.03,933.3766501934701,747.086743449129,21.429910947107565,124829.93033976483,2543.1209173539028,97.6127622856537,41.57200360145845,0.0,7.754547364937295,2700,604.6187718173285,0.0
1315,353.03499999999997,933.2798775594658,748.2199696024737,21.459658686679578,124829.93033976483,2543.1207831043125,97.61271567114224,41.60349421035193,0.0,7.754604994470247,2700,604.6187718173285,0.0
1316,353.03999999999996,933.1829307755328,749.3539455673304,21.489422327794852,124829.93033976483,2543.120648854722,97.61266905663078,41.63498178716658,0.0,7.754662667750647,2700,604.6187718173285,0.0
1317,353.04499999999996,933.0858099130942,750.4886708796658,21.519201856969552,124829.93033976483,2543.120514605131,97.61262244211932,41.666466325899556,0.0,7.754720384774306,2700,604.6187718173285,0.0
1318,353.04999999999995,932.9885150437001,751.6241450749052,21.54899726070721,124829.93033976483,2543.120380355541,97.61257582760786,41.697947820550475,0.0,7.754778145537022,2700,604.6187718173285,0.0
1319,353.055,932.8910462390279,752.7603676879312,21.578808525517147,124829.93033976483,2543.12024610595,97.6125292130964,41.72942626512147,0.0,7.754835950034591,2700,604.6187718173285,0.0
1320,353.06,932.7934035708815,753.8973382530877,21.608635637870634,124829.93033976483,2543.1201118563595,97.61248259858493,41.76090165361714,0.0,7.754893798262797,2700,604.6187718173285,0.0
1321,353.065,932.6955871111921,755.0350563041776,21.63847858427068,124829.93033976483,2543.119977606769,97.61243598407349,41.79237398004458,0.0,7.754951690217415,2700,604.6187718173285,0.0
1322,353.07,932.597596932017,756.1735213744652,21.66833735117593,124829.93033976483,2543.1198433571785,97.61238936956202,41.82384323841339,0.0,7.755009625894214,2700,604.6187718173285,0.0
1323,353.075,932.4994331055409,757.3127329966758,21.69821192506082,124829.93033976483,2543.119709107588,97.61234275505056,41.85530942273565,0.0,7.755067605288953,2700,604.6187718173285,0.0
1324,353.08,932.401095704074,758.4526907029971,21.728102292373517,124829.93033976483,2543.1195748579976,97.6122961405391,41.88677252702597,0.0,7.755125628397384,2700,604.6187718173285,0.0
1325,353.085,932.3025848000533,759.5933940250796,21.758008439580756,124829.93033976483,2543.119440608407,97.61224952602764,41.91823254530144,0.0,7.7551836952152495,2700,604.6187718173285,0.0
1326,353.09,932.2039004660421,760.7348424940371,21.787930353106315,124829.93033976483,2543.1193063588166,97.61220291151619,41.949689471581706,0.0,7.755241805738283,2700,604.6187718173285,0.0
1327,353.09499999999997,932.1050427747296,761.8770356404478,21.817868019396435,124829.93033976483,2543.119172109226,97.61215629700473,41.9811432998889,0.0,7.755299959962214,2700,604.6187718173285,0.0
1328,353.09999999999997,932.0060117989309,763.0199729943542,21.847821424878248,124829.93033976483,2543.1190378596352,97.61210968249327,42.01259402424766,0.0,7.755358157882758,2700,604.6187718173285,0.0
1329,353.10499999999996,931.9068076115875,764.1636540852645,21.87779055595577,124829.93033976483,2543.118903610045,97.61206306798181,42.0440416386852,0.0,7.7554163994956244,2700,604.6187718173285,0.0
1330,353.10999999999996,931.8074302857657,765.308078442153,21.907775399054273,124829.93033976483,2543.1187693604543,97.61201645347035,42.075486137231216,0.0,7.755474684796516,2700,604.6187718173285,0.0
1331,353.11499999999995,931.7078798946582,766.4532455934603,21.937775940581226,124829.93033976483,2543.1186351108636,97.61196983895888,42.10692751391797,0.0,7.755533013781125,2700,604.6187718173285,0.0
1332,353.12,931.6081565115829,767.5991550670947,21.967792166908243,124829.93033976483,2543.1185008612733,97.61192322444742,42.13836576278024,0.0,7.755591386445137,2700,604.6187718173285,0.0
1333,353.125,931.5082602099827,768.7458063904327,21.997824064448572,124829.93033976483,2543.1183666116826,97.61187660993596,42.169800877855366,0.0,7.755649802784228,2700,604.6187718173285,0.0
1334,353.13,931.4081910634266,769.8931990903191,22.027871619562784,124829.93033976483,2543.1182323620924,97.6118299954245,42.20123285318323,0.0,7.755708262794067,2700,604.6187718173285,0.0
1335,353.135,931.3079491456077,771.0413326930683,22.057934818628635,124829.93033976483,2543.1180981125017,97.61178338091304,42.23266168280625,0.0,7.755766766470313,2700,604.6187718173285,0.0
1336,353.14,931.2075345303449,772.1902067244648,22.08801364800745,124829.93033976483,2543.117963862911,97.61173676640159,42.26408736076942,0.0,7.755825313808618,2700,604.6187718173285,0.0
1337,353.145,931.1069472915817,773.3398207097633,22.118108094057018,124829.93033976483,2543.1178296133207,97.61169015189013,42.29550988112028,0.0,7.755883904804626,2700,604.6187718173285,0.0
1338,353.15,931.0061875033862,774.4901741736905,22.148218143127675,124829.93033976483,2543.11769536373,97.61164353737867,42.32692923790894,0.0,7.7559425394539705,2700,604.6187718173285,0.0
1339,353.155,930.9052552399514,775.6412666404447,22.17834378154246,124829.93033976483,2543.1175611141393,97.61159692286721,42.35834542518808,0.0,7.756001217752279,2700,604.6187718173285,0.0
1340,353.15999999999997,930.8041505755943,776.7930976336967,22.208484995662648,124829.93033976483,2543.117426864549,97.61155030835575,42.38975843701294,0.0,7.756059939695171,2700,604.6187718173285,0.0
1341,353.16499999999996,930.7028735847572,777.9456666765916,22.23864177178962,124829.93033976483,2543.1172926149584,97.6115036938443,42.42116826744135,0.0,7.756118705278255,2700,604.6187718173285,0.0
1342,353.16999999999996,930.6014243420054,779.098973291747,22.268814096248175,124829.93033976483,2543.117158365368,97.61145707933284,42.45257491053373,0.0,7.756177514497136,2700,604.6187718173285,0.0
1343,353.17499999999995,930.4998029220295,780.2530170012566,22.299001955346924,124829.93033976483,2543.1170241157774,97.61141046482138,42.48397836035304,0.0,7.756236367347405,2700,604.6187718173285,0.0
1344,353.18,930.3980093996435,781.4077973266886,22.329205335391546,124829.93033976483,2543.1168898661867,97.61136385030991,42.51537861096488,0.0,7.756295263824649,2700,604.6187718173285,0.0
1345,353.185,930.2960438497856,782.5633137890873,22.359424222670533,124829.93033976483,2543.1167556165965,97.61131723579844,42.54677565643742,0.0,7.756354203924444,2700,604.6187718173285,0.0
1346,353.19,930.1939063475174,783.7195659089739,22.389658603465218,124829.93033976483,2543.116621367006,97.61127062128699,42.57816949084142,0.0,7.7564131876423605,2700,604.6187718173285,0.0
1347,353.195,930.0915969680244,784.876553206347,22.419908464067706,124829.93033976483,2543.116487117415,97.61122400677553,42.60956010825025,0.0,7.756472214973958,2700,604.6187718173285,0.0
1348,353.2,929.9891157866156,786.0342752006828,22.450173790732553,124829.93033976483,2543.116352867825,97.61117739226407,42.64094750273989,0.0,7.7565312859147895,2700,604.6187718173285,0.0
1349,353.205,929.8864628787231,787.1927314109369,22.480454569730007,124829.93033976483,2543.116218618234,97.6111307777526,42.672331668388935,0.0,7.7565904004604,2700,604.6187718173285,0.0
1350,353.21,929.7836383199032,788.3519213555435,22.510750787321363,124829.93033976483,2543.116084368644,97.61108416324115,42.70371259927857,0.0,7.756649558606324,2700,604.6187718173285,0.0
1351,353.215,929.6806421858337,789.5118445524171,22.541062429747463,124829.93033976483,2543.115950119053,97.6110375487297,42.735090289492604,0.0,7.756708760348091,2700,604.6187718173285,0.0
1352,353.21999999999997,929.5774745523172,790.6725005189533,22.571389483251785,124829.93033976483,2543.1158158694625,97.61099093421824,42.7664647331175,0.0,7.756768005681219,2700,604.6187718173285,0.0
1353,353.22499999999997,929.4741354952778,791.8338887720289,22.6017319340616,124829.93033976483,2543.1156816198722,97.61094431970677,42.79783592424231,0.0,7.756827294601221,2700,604.6187718173285,0.0
1354,353.22999999999996,929.3706250907633,792.996008828002,22.63208976841,124829.93033976483,2543.1155473702815,97.61089770519531,42.82920385695871,0.0,7.7568866271036,2700,604.6187718173285,0.0
1355,353.23499999999996,929.2669434149435,794.1588602027145,22.66246297250216,124829.93033976483,2543.115413120691,97.61085109068387,42.86056852536106,0.0,7.75694600318385,2700,604.6187718173285,0.0
1356,353.23999999999995,929.1630905441111,795.3224424114916,22.69285153256838,124829.93033976483,2543.1152788711006,97.61080447617239,42.891929923546314,0.0,7.757005422837458,2700,604.6187718173285,0.0
1357,353.245,929.0590665546813,796.4867549691415,22.723255434784473,124829.93033976483,2543.1151446215104,97.61075786166093,42.92328804561408,0.0,7.757064886059903,2700,604.6187718173285,0.0
1358,353.25,928.9548715231913,797.6517973899585,22.75367466537101,124829.93033976483,2543.1150103719197,97.61071124714947,42.95464288566661,0.0,7.757124392846655,2700,604.6187718173285,0.0
1359,353.255,928.8505055263,798.8175691877215,22.784109210500493,124829.93033976483,2543.1148761223294,97.610664632638,42.98599443780881,0.0,7.7571839431931755,2700,604.6187718173285,0.0
1360,353.26,928.7459686407894,799.9840698756959,22.8145590563551,124829.93033976483,2543.1147418727387,97.61061801812656,43.01734269614826,0.0,7.757243537094919,2700,604.6187718173285,0.0
1361,353.265,928.6412609435629,801.1512989666339,22.84502418911051,124829.93033976483,2543.1146076231485,97.6105714036151,43.04868765479517,0.0,7.7573031745473315,2700,604.6187718173285,0.0
1362,353.27,928.5363825116447,802.319255972775,22.875504594934164,124829.93033976483,2543.1144733735578,97.61052478910364,43.08002930786241,0.0,7.757362855545852,2700,604.6187718173285,0.0
1363,353.275,928.4313334221823,803.4879404058466,22.90600025997037,124829.93033976483,2543.114339123967,97.61047817459217,43.111367649465556,0.0,7.7574225800859065,2700,604.6187718173285,0.0
1364,353.28,928.3261137524435,804.657351777066,22.936511170385643,124829.93033976483,2543.114204874377,97.61043156008071,43.14270267372281,0.0,7.7574823481629185,2700,604.6187718173285,0.0
1365,353.28499999999997,928.2207235798182,805.827489597139,22.967037312317085,124829.93033976483,2543.114070624786,97.61038494556927,43.174034374755074,0.0,7.7575421597723,2700,604.6187718173285,0.0
1366,353.28999999999996,928.115162981817,806.998353376262,22.99757867189972,124829.93033976483,2543.1139363751954,97.6103383310578,43.20536274668593,0.0,7.757602014909457,2700,604.6187718173285,0.0
1367,353.29499999999996,928.0094320360719,808.169942624122,23.028135235251817,124829.93033976483,2543.113802125605,97.61029171654634,43.23668778364163,0.0,7.757661913569785,2700,604.6187718173285,0.0
1368,353.29999999999995,927.9035308203357,809.3422568498984,23.05870698851442,124829.93033976483,2543.1136678760145,97.61024510203488,43.26800947975113,0.0,7.757721855748673,2700,604.6187718173285,0.0
1369,353.305,927.7974594124825,810.5152955622618,23.089293917783746,124829.93033976483,2543.113533626424,97.61019848752342,43.29932782914606,0.0,7.757781841441501,2700,604.6187718173285,0.0
1370,353.31,927.6912178905067,811.6890582693763,23.119896009172315,124829.93033976483,2543.1133993768335,97.61015187301196,43.33064282596075,0.0,7.757841870643641,2700,604.6187718173285,0.0
1371,353.315,927.5848063325235,812.8635444788998,23.150513248780005,124829.93033976483,2543.113265127243,97.6101052585005,43.36195446433224,0.0,7.757901943350457,2700,604.6187718173285,0.0
1372,353.32,927.4782248167686,814.0387536979845,23.18114562269333,124829.93033976483,2543.1131308776526,97.61005864398903,43.393262738400274,0.0,7.757962059557306,2700,604.6187718173285,0.0
1373,353.325,927.3714734215979,815.214685433277,23.211793117002912,124829.93033976483,2543.112996628062,97.61001202947757,43.42456764230729,0.0,7.7580222192595345,2700,604.6187718173285,0.0
1374,353.33,927.2645522254877,816.3913391909202,23.242455717788598,124829.93033976483,2543.112862378471,97.60996541496611,43.45586917019845,0.0,7.758082422452484,2700,604.6187718173285,0.0
1375,353.335,927.1574613070346,817.5687144765536,23.273133411102872,124829.93033976483,2543.112728128881,97.60991880045466,43.48716731622161,0.0,7.758142669131483,2700,604.6187718173285,0.0
1376,353.34,927.0502007449546,818.7468107953131,23.303826183020455,124829.93033976483,2543.11259387929,97.6098721859432,43.51846207452738,0.0,7.758202959291856,2700,604.6187718173285,0.0
1377,353.34499999999997,926.9427706180841,819.925627651833,23.334534019602458,124829.93033976483,2543.1124596297,97.60982557143174,43.54975343926906,0.0,7.75826329292892,2700,604.6187718173285,0.0
1378,353.34999999999997,926.8351710053785,821.1051645502454,23.36525690688064,124829.93033976483,2543.1123253801093,97.60977895692028,43.58104140460271,0.0,7.75832367003798,2700,604.6187718173285,0.0
1379,353.35499999999996,926.7274019859141,822.2854209941823,23.395994830916234,124829.93033976483,2543.1121911305186,97.60973234240882,43.61232596468709,0.0,7.758384090614335,2700,604.6187718173285,0.0
1380,353.35999999999996,926.6194636388849,823.4663964867751,23.42674777772704,124829.93033976483,2543.1120568809283,97.60968572789737,43.643607113683714,0.0,7.758444554653276,2700,604.6187718173285,0.0
1381,353.36499999999995,926.5113560436059,824.6480905306557,23.457515733339854,124829.93033976483,2543.1119226313376,97.60963911338591,43.674884845756836,0.0,7.7585050621500855,2700,604.6187718173285,0.0
1382,353.37,926.40307927951,825.8305026279578,23.488298683770353,124829.93033976483,2543.111788381747,97.60959249887445,43.70615915507345,0.0,7.758565613100039,2700,604.6187718173285,0.0
1383,353.375,926.2946334261501,827.0136322803162,23.519096615048603,124829.93033976483,2543.1116541321567,97.60954588436299,43.7374300358033,0.0,7.758626207498402,2700,604.6187718173285,0.0
1384,353.38,926.1860185631974,828.1974789888692,23.54990951316792,124829.93033976483,2543.111519882566,97.60949926985151,43.76869748211888,0.0,7.758686845340433,2700,604.6187718173285,0.0
1385,353.385,926.077234770442,829.3820422542577,23.580737364125618,124829.93033976483,2543.1113856329757,97.60945265534006,43.799961488195436,0.0,7.7587475266213835,2700,604.6187718173285,0.0
1386,353.39,925.9682821277933,830.5673215766266,23.611580153918375,124829.93033976483,2543.111251383385,97.6094060408286,43.831222048210975,0.0,7.758808251336493,2700,604.6187718173285,0.0
1387,353.395,925.8591607152783,831.7533164556269,23.642437868525942,124829.93033976483,2543.1111171337943,97.60935942631714,43.862479156346275,0.0,7.758869019480997,2700,604.6187718173285,0.0
1388,353.4,925.7498706130428,832.9400263904129,23.67331049392094,124829.93033976483,2543.110982884204,97.60931281180568,43.893732806784875,0.0,7.758929831050122,2700,604.6187718173285,0.0
1389,353.405,925.6404119013515,834.1274508796469,23.70419801607715,124829.93033976483,2543.1108486346134,97.60926619729422,43.92498299371309,0.0,7.758990686039085,2700,604.6187718173285,0.0
1390,353.40999999999997,925.5307846605859,835.3155894214964,23.735100420956268,124829.93033976483,2543.1107143850227,97.60921958278277,43.95622971132,0.0,7.759051584443096,2700,604.6187718173285,0.0
1391,353.41499999999996,925.4209889712472,836.504441513638,23.76601769450981,124829.93033976483,2543.1105801354324,97.60917296827131,43.98747295379748,0.0,7.759112526257356,2700,604.6187718173285,0.0
1392,353.41999999999996,925.311024913953,837.6940066532554,23.796949822699528,124829.93033976483,2543.1104458858417,97.60912635375985,44.01871271534018,0.0,7.75917351147706,2700,604.6187718173285,0.0
1393,353.42499999999995,925.2008925694398,838.8842843370417,23.827896791453057,124829.93033976483,2543.1103116362515,97.60907973924839,44.04994899014554,0.0,7.759234540097394,2700,604.6187718173285,0.0
1394,353.43,925.0905920185605,840.0752740611993,23.858858586710355,124829.93033976483,2543.110177386661,97.60903312473692,44.081181772413785,0.0,7.759295612113533,2700,604.6187718173285,0.0
1395,353.435,924.9801233422867,841.2669753214415,23.88983519440252,124829.93033976483,2543.11004313707,97.60898651022546,44.112411056347945,0.0,7.759356727520648,2700,604.6187718173285,0.0
1396,353.44,924.8694866217063,842.4593876129917,23.920826600444087,124829.93033976483,2543.10990888748,97.608939895714,44.143636836153846,0.0,7.7594178863139,2700,604.6187718173285,0.0
1397,353.445,924.7586819380256,843.6525104305863,23.95183279075926,124829.93033976483,2543.109774637889,97.60889328120254,44.17485910604011,0.0,7.759479088488441,2700,604.6187718173285,0.0
1398,353.45,924.6477093725672,844.8463432684731,23.982853751234444,124829.93033976483,2543.1096403882984,97.60884666669108,44.20607786021817,0.0,7.759540334039419,2700,604.6187718173285,0.0
1399,353.455,924.5365690067704,846.0408856204128,24.013889467787454,124829.93033976483,2543.109506138708,97.60880005217963,44.23729309290228,0.0,7.759601622961969,2700,604.6187718173285,0.0
1400,353.46,924.4252609221924,847.2361369796814,24.044939926300906,124829.93033976483,2543.1093718891175,97.60875343766817,44.26850479830949,0.0,7.759662955251221,2700,604.6187718173285,0.0
1401,353.465,924.313785200506,848.4320968390682,24.076005112676135,124829.93033976483,2543.109237639527,97.60870682315671,44.2997129706597,0.0,7.759724330902296,2700,604.6187718173285,0.0
1402,353.46999999999997,924.2021419235009,849.6287646908784,24.10708501277675,124829.93033976483,2543.1091033899365,97.60866020864525,44.330917604175596,0.0,7.759785749910308,2700,604.6187718173285,0.0
1403,353.47499999999997,924.0903311730839,850.8261400269326,24.138179612474964,124829.93033976483,2543.1089691403463,97.60861359413379,44.362118693082714,0.0,7.75984721227036,2700,604.6187718173285,0.0
1404,353.47999999999996,923.978353031277,852.0242223385684,24.169288897648713,124829.93033976483,2543.1088348907556,97.60856697962234,44.39331623160941,0.0,7.75990871797755,2700,604.6187718173285,0.0
1405,353.48499999999996,923.8662075802191,853.2230111166414,24.20041285414105,124829.93033976483,2543.1087006411653,97.60852036511088,44.42451021398688,0.0,7.759970267026967,2700,604.6187718173285,0.0
1406,353.48999999999995,923.7538949021653,854.4225058515237,24.231551467829412,124829.93033976483,2543.1085663915746,97.60847375059942,44.45570063444916,0.0,7.760031859413692,2700,604.6187718173285,0.0
1407,353.495,923.6414150794857,855.622706033108,24.262704724530575,124829.93033976483,2543.1084321419844,97.60842713608795,44.486887487233126,0.0,7.760093495132798,2700,604.6187718173285,0.0
1408,353.5,923.528768194667,856.8236111508056,24.293872610104323,124829.93033976483,2543.1082978923937,97.60838052157649,44.5180707665785,0.0,7.760155174179349,2700,604.6187718173285,0.0
1409,353.505,923.4159543303111,858.0252206935475,24.325055110365106,124829.93033976483,2543.108163642803,97.60833390706503,44.54925046672785,0.0,7.760216896548403,2700,604.6187718173285,0.0
1410,353.51,923.3029735691355,859.2275341497871,24.356252211157205,124829.93033976483,2543.1080293932127,97.60828729255357,44.580426581926595,0.0,7.7602786622350095,2700,604.6187718173285,0.0
1411,353.515,923.1898259939734,860.430551007498,24.387463898277165,124829.93033976483,2543.107895143622,97.60824067804211,44.611599106423036,0.0,7.760340471234208,2700,604.6187718173285,0.0
1412,353.52,923.0765116877727,861.6342707541776,24.418690157554803,124829.93033976483,2543.107760894032,97.60819406353065,44.642768034468304,0.0,7.760402323541031,2700,604.6187718173285,0.0
1413,353.525,922.9630307335963,862.838692876845,24.449930974788842,124829.93033976483,2543.107626644441,97.60814744901919,44.67393336031642,0.0,7.7604642191505055,2700,604.6187718173285,0.0
1414,353.53,922.8493832146229,864.0438168620433,24.48118633576399,124829.93033976483,2543.1074923948504,97.60810083450774,44.705095078224254,0.0,7.760526158057647,2700,604.6187718173285,0.0
1415,353.53499999999997,922.7355692141451,865.2496421958416,24.512456226291025,124829.93033976483,2543.10735814526,97.60805421999628,44.73625318245157,0.0,7.760588140257464,2700,604.6187718173285,0.0
1416,353.53999999999996,922.6215888155708,866.4561683638321,24.54374063215382,124829.93033976483,2543.1072238956694,97.60800760548481,44.76740766726099,0.0,7.760650165744957,2700,604.6187718173285,0.0
1417,353.54499999999996,922.5074421024223,867.6633948511346,24.575039539121153,124829.93033976483,2543.1070896460787,97.60796099097335,44.798558526918036,0.0,7.760712234515122,2700,604.6187718173285,0.0
1418,353.54999999999995,922.393129158336,868.8713211423949,24.60635293296188,124829.93033976483,2543.1069553964885,97.60791437646189,44.829705755691094,0.0,7.76077434656294,2700,604.6187718173285,0.0
1419,353.555,922.2786500670628,870.0799467217859,24.637680799456724,124829.93033976483,2543.106821146898,97.60786776195044,44.86084934785145,0.0,7.760836501883391,2700,604.6187718173285,0.0
1420,353.56,922.1640049124677,871.2892710730091,24.669023124358166,124829.93033976483,2543.1066868973076,97.60782114743898,44.89198929767328,0.0,7.760898700471442,2700,604.6187718173285,0.0
1421,353.565,922.0491937785304,872.4992936792942,24.700379893402488,124829.93033976483,2543.106552647717,97.60777453292752,44.92312559943366,0.0,7.760960942322056,2700,604.6187718173285,0.0
1422,353.57,921.9342167493431,873.7100140234016,24.731751092360415,124829.93033976483,2543.106418398126,97.60772791841606,44.954258247412575,0.0,7.761023227430185,2700,604.6187718173285,0.0
1423,353.575,921.819073909113,874.9214315876208,24.763136706954928,124829.93033976483,2543.106284148536,97.6076813039046,44.98538723589289,0.0,7.761085555790774,2700,604.6187718173285,0.0
1424,353.58,921.7037653421601,876.1335458537728,24.794536722918302,124829.93033976483,2543.106149898945,97.60763468939314,45.01651255916039,0.0,7.761147927398761,2700,604.6187718173285,0.0
1425,353.585,921.5882911329179,877.3463563032099,24.825951125981025,124829.93033976483,2543.1060156493545,97.60758807488168,45.04763421150378,0.0,7.7612103422490755,2700,604.6187718173285,0.0
1426,353.59,921.472651365934,878.5598624168176,24.857379901865613,124829.93033976483,2543.1058813997643,97.60754146037021,45.07875218721467,0.0,7.761272800336637,2700,604.6187718173285,0.0
1427,353.59499999999997,921.3568461258685,879.7740636750138,24.88882303628051,124829.93033976483,2543.1057471501736,97.60749484585875,45.109866480587584,0.0,7.76133530165636,2700,604.6187718173285,0.0
1428,353.59999999999997,921.2408754974945,880.9889595577503,24.920280514925473,124829.93033976483,2543.1056129005833,97.60744823134729,45.14097708591998,0.0,7.761397846203151,2700,604.6187718173285,0.0
1429,353.60499999999996,921.1247395656986,882.2045495445136,24.951752323512803,124829.93033976483,2543.1054786509926,97.60740161683584,45.17208399751224,0.0,7.761460433971907,2700,604.6187718173285,0.0
1430,353.60999999999996,921.0084384154796,883.4208331143259,24.983238447732088,124829.93033976483,2543.105344401402,97.60735500232438,45.203187209667675,0.0,7.761523064957515,2700,604.6187718173285,0.0
1431,353.61499999999995,920.8919721319493,884.6378097457451,25.01473887325896,124829.93033976483,2543.1052101518117,97.60730838781292,45.23428671669254,0.0,7.761585739154861,2700,604.6187718173285,0.0
1432,353.62,920.7753408003315,885.8554789168655,25.046253585786886,124829.93033976483,2543.105075902221,97.60726177330146,45.265382512896004,0.0,7.761648456558817,2700,604.6187718173285,0.0
1433,353.625,920.658544505963,887.0738401053202,25.077782570995133,124829.93033976483,2543.1049416526303,97.60721515879,45.29647459259021,0.0,7.761711217164247,2700,604.6187718173285,0.0
1434,353.63,920.5415833342927,888.2928927882788,25.10932581454724,124829.93033976483,2543.10480740304,97.60716854427855,45.32756295009022,0.0,7.761774020966011,2700,604.6187718173285,0.0
1435,353.635,920.4244573708811,889.5126364424506,25.140883302098704,124829.93033976483,2543.1046731534493,97.60712192976709,45.358647579714045,0.0,7.761836867958958,2700,604.6187718173285,0.0
1436,353.64,920.3071667014015,890.7330705440844,25.172455019302102,124829.93033976483,2543.104538903859,97.60707531525561,45.38972847578267,0.0,7.761899758137931,2700,604.6187718173285,0.0
1437,353.645,920.1897114116379,891.9541945689704,25.204040951813035,124829.93033976483,2543.1044046542684,97.60702870074415,45.420805632620024,0.0,7.761962691497764,2700,604.6187718173285,0.0
1438,353.65,920.072091587487,893.1760079924386,25.235641085277404,124829.93033976483,2543.1042704046777,97.60698208623269,45.451879044552996,0.0,7.762025668033283,2700,604.6187718173285,0.0
1439,353.655,919.9543073149566,894.3985102893608,25.267255405330125,124829.93033976483,2543.1041361550874,97.60693547172124,45.48294870591145,0.0,7.762088687739307,2700,604.6187718173285,0.0
1440,353.65999999999997,919.836358680166,895.6217009341528,25.29888389759187,124829.93033976483,2543.1040019054967,97.60688885720978,45.514014611028195,0.0,7.762151750610645,2700,604.6187718173285,0.0
1441,353.66499999999996,919.7182457693455,896.8455794007726,25.330526547693967,124829.93033976483,2543.103867655906,97.60684224269832,45.545076754239034,0.0,7.762214856642101,2700,604.6187718173285,0.0
1442,353.66999999999996,919.5999686688369,898.0701451627222,25.362183341258135,124829.93033976483,2543.1037334063158,97.60679562818686,45.576135129882736,0.0,7.76227800582847,2700,604.6187718173285,0.0
1443,353.67499999999995,919.4815274650925,899.2953976930484,25.393854263885387,124829.93033976483,2543.103599156725,97.60674901367541,45.60718973230106,0.0,7.762341198164539,2700,604.6187718173285,0.0
1444,353.68,919.3629222446762,900.5213364643444,25.425539301187207,124829.93033976483,2543.1034649071344,97.60670239916395,45.63824055583873,0.0,7.762404433645087,2700,604.6187718173285,0.0
1445,353.685,919.2441530942618,901.7479609487483,25.45723843877235,124829.93033976483,2543.103330657544,97.60665578465249,45.66928759484347,0.0,7.762467712264884,2700,604.6187718173285,0.0
1446,353.69,919.1252201006344,902.9752706179464,25.488951662221186,124829.93033976483,2543.1031964079534,97.60660917014103,45.70033084366599,0.0,7.762531034018695,2700,604.6187718173285,0.0
1447,353.695,919.0061233506885,904.2032649431721,25.52067895710349,124829.93033976483,2543.103062158363,97.60656255562957,45.73137029665998,0.0,7.762594398901275,2700,604.6187718173285,0.0
1448,353.7,918.8868629314302,905.4319433952069,25.552420309046777,124829.93033976483,2543.1029279087725,97.6065159411181,45.76240594818216,0.0,7.76265780690737,2700,604.6187718173285,0.0
1449,353.705,918.7674389299747,906.6613054443818,25.584175703575426,124829.93033976483,2543.102793659182,97.60646932660664,45.793437792592236,0.0,7.762721258031722,2700,604.6187718173285,0.0
1450,353.71,918.6478514335477,907.8913505605778,25.615945126291237,124829.93033976483,2543.1026594095915,97.60642271209518,45.82446582425291,0.0,7.762784752269061,2700,604.6187718173285,0.0
1451,353.715,918.5281005294847,909.1220782132268,25.64772856273934,124829.93033976483,2543.1025251600013,97.60637609758372,45.85549003752989,0.0,7.762848289614113,2700,604.6187718173285,0.0
1452,353.71999999999997,918.4081863052309,910.3534878713119,25.67952599848776,124829.93033976483,2543.1023909104106,97.60632948307226,45.88651042679192,0.0,7.762911870061593,2700,604.6187718173285,0.0
1453,353.72499999999997,918.2881088483409,911.5855790033673,25.711337419063486,124829.93033976483,2543.1022566608203,97.60628286856081,45.917526986410735,0.0,7.76297549360621,2700,604.6187718173285,0.0
1454,353.72999999999996,918.1678682464791,912.8183510774815,25.743162810040182,124829.93033976483,2543.1021224112296,97.60623625404935,45.94853971076112,0.0,7.7630391602426645,2700,604.6187718173285,0.0
1455,353.73499999999996,918.0474645874187,914.0518035612959,25.775002156946993,124829.93033976483,2543.1019881616394,97.60618963953789,45.979548594220844,0.0,7.763102869965649,2700,604.6187718173285,0.0
1456,353.73999999999995,917.9268979590429,915.2859359220066,25.80685544529801,124829.93033976483,2543.1018539120487,97.60614302502643,46.01055363117074,0.0,7.763166622769848,2700,604.6187718173285,0.0
1457,353.745,917.8061684493431,916.520747626364,25.838722660653772,124829.93033976483,2543.101719662458,97.60609641051497,46.041554815994644,0.0,7.763230418649941,2700,604.6187718173285,0.0
1458,353.75,917.6852761464197,917.7562381406752,25.870603788490943,124829.93033976483,2543.1015854128677,97.60604979600352,46.07255214307944,0.0,7.763294257600594,2700,604.6187718173285,0.0
1459,353.755,917.5642211384823,918.9924069308034,25.90249881435273,124829.93033976483,2543.101451163277,97.60600318149206,46.10354560681506,0.0,7.763358139616471,2700,604.6187718173285,0.0
1460,353.76,917.4430035138486,920.2292534621689,25.934407723740684,124829.93033976483,2543.1013169136863,97.6059565669806,46.13453520159446,0.0,7.763422064692225,2700,604.6187718173285,0.0
1461,353.765,917.3216233609454,921.46677719975,25.966330502155362,124829.93033976483,2543.101182664096,97.60590995246913,46.165520921813645,0.0,7.763486032822502,2700,604.6187718173285,0.0
1462,353.77,917.2000807683072,922.7049776080845,25.99826713508954,124829.93033976483,2543.1010484145054,97.60586333795767,46.19650276187167,0.0,7.763550044001939,2700,604.6187718173285,0.0
1463,353.775,917.0783758245765,923.9438541512692,26.030217608041895,124829.93033976483,2543.100914164915,97.60581672344621,46.22748071617065,0.0,7.763614098225169,2700,604.6187718173285,0.0
1464,353.78,916.9565086185047,925.183406292961,26.062181906491396,124829.93033976483,2543.1007799153244,97.60577010893475,46.25845477911576,0.0,7.763678195486811,2700,604.6187718173285,0.0
1465,353.78499999999997,916.8344792389504,926.4236334963776,26.094160015917844,124829.93033976483,2543.1006456657337,97.60572349442329,46.28942494511521,0.0,7.763742335781483,2700,604.6187718173285,0.0
1466,353.78999999999996,916.7122877748803,927.6645352242994,26.126151921788324,124829.93033976483,2543.1005114161435,97.60567687991183,46.32039120858029,0.0,7.76380651910379,2700,604.6187718173285,0.0
1467,353.79499999999996,916.5899343153684,928.9061109390681,26.15815760957032,124829.93033976483,2543.100377166553,97.60563026540036,46.351353563925365,0.0,7.763870745448331,2700,604.6187718173285,0.0
1468,353.79999999999995,916.4674189495961,930.1483601025894,26.190177064729607,124829.93033976483,2543.100242916962,97.60558365088892,46.38231200556787,0.0,7.763935014809699,2700,604.6187718173285,0.0
1469,353.805,916.3447417668528,931.3912821763331,26.22221027272503,124829.93033976483,2543.100108667372,97.60553703637746,46.413266527928286,0.0,7.763999327182478,2700,604.6187718173285,0.0
1470,353.81,916.2219028565344,932.6348766213328,26.254257218998863,124829.93033976483,2543.099974417781,97.605490421866,46.44421712543021,0.0,7.7640636825612415,2700,604.6187718173285,0.0
1471,353.815,916.0989023081441,933.8791428981887,26.286317888986353,124829.93033976483,2543.099840168191,97.60544380735453,46.475163792500304,0.0,7.7641280809405595,2700,604.6187718173285,0.0
1472,353.82,915.975740211292,935.1240804670659,26.31839226814416,124829.93033976483,2543.0997059186,97.60539719284307,46.5061065235683,0.0,7.764192522314993,2700,604.6187718173285,0.0
1473,353.825,915.8524166556946,936.369688787698,26.35048034190036,124829.93033976483,2543.0995716690095,97.60535057833162,46.53704531306704,0.0,7.764257006679093,2700,604.6187718173285,0.0
1474,353.83,915.7289317311757,937.6159673193845,26.38258209566503,124829.93033976483,2543.0994374194192,97.60530396382016,46.567980155432465,0.0,7.764321534027404,2700,604.6187718173285,0.0
1475,353.835,915.6052855276648,938.8629155209953,26.41469751486331,124829.93033976483,2543.0993031698285,97.60525734930869,46.598911045103584,0.0,7.764386104354466,2700,604.6187718173285,0.0
1476,353.84,915.4814781351986,940.1105328509681,26.446826584927727,124829.93033976483,2543.099168920238,97.60521073479723,46.62983797652252,0.0,7.764450717654807,2700,604.6187718173285,0.0
1477,353.84499999999997,915.3575096439191,941.3588187673108,26.47896929125422,124829.93033976483,2543.0990346706476,97.60516412028576,46.66076094413451,0.0,7.764515373922948,2700,604.6187718173285,0.0
1478,353.84999999999997,915.2333801440747,942.6077727276024,26.511125619242325,124829.93033976483,2543.098900421057,97.60511750577432,46.691679942387886,0.0,7.764580073153403,2700,604.6187718173285,0.0
1479,353.85499999999996,915.1090897260199,943.8573941889933,26.543295554291603,124829.93033976483,2543.098766171466,97.60507089126286,46.722594965734075,0.0,7.764644815340679,2700,604.6187718173285,0.0
1480,353.85999999999996,914.9846384802146,945.1076826082054,26.575479081801916,124829.93033976483,2543.098631921876,97.6050242767514,46.753506008627646,0.0,7.764709600479275,2700,604.6187718173285,0.0
1481,353.86499999999995,914.8600264972245,946.3586374415341,26.60767618715462,124829.93033976483,2543.0984976722852,97.60497766223993,46.784413065526266,0.0,7.764774428563681,2700,604.6187718173285,0.0
1482,353.87,914.7352538677206,947.6102581448489,26.63988685572003,124829.93033976483,2543.098363422695,97.60493104772847,46.81531613089074,0.0,7.764839299588379,2700,604.6187718173285,0.0
1483,353.875,914.6103206824794,948.8625441735929,26.672111072894158,124829.93033976483,2543.0982291731043,97.60488443321702,46.84621519918499,0.0,7.7649042135478465,2700,604.6187718173285,0.0
1484,353.88,914.4852270323825,950.115494982785,26.704348824034827,124829.93033976483,2543.0980949235136,97.60483781870556,46.87711026487604,0.0,7.764969170436552,2700,604.6187718173285,0.0
1485,353.885,914.3599730084165,951.3691100270196,26.736600094505853,124829.93033976483,2543.0979606739234,97.6047912041941,46.90800132243409,0.0,7.765034170248954,2700,604.6187718173285,0.0
1486,353.89,914.2345587016728,952.6233887604682,26.76886486966014,124829.93033976483,2543.0978264243327,97.60474458968264,46.938888366332435,0.0,7.765099212979504,2700,604.6187718173285,0.0
1487,353.895,914.1089842033476,953.8783306368795,26.801143134860656,124829.93033976483,2543.097692174742,97.60469797517118,46.969771391047544,0.0,7.765164298622648,2700,604.6187718173285,0.0
1488,353.9,913.983249604742,955.1339351095803,26.833434875449704,124829.93033976483,2543.0975579251517,97.60465136065972,47.000650391059,0.0,7.765229427172822,2700,604.6187718173285,0.0
1489,353.905,913.857354997261,956.3902016314771,26.865740076777634,124829.93033976483,2543.097423675561,97.60460474614825,47.03152536084954,0.0,7.7652945986244575,2700,604.6187718173285,0.0
1490,353.90999999999997,913.7313004724143,957.6471296550553,26.898058724171317,124829.93033976483,2543.0972894259708,97.6045581316368,47.06239629490506,0.0,7.765359812971973,2700,604.6187718173285,0.0
1491,353.91499999999996,913.6050861218156,958.9047186323816,26.93039080295751,124829.93033976483,2543.09715517638,97.60451151712533,47.09326318771459,0.0,7.765425070209786,2700,604.6187718173285,0.0
1492,353.91999999999996,913.4787120371824,960.1629680151021,26.962736298474752,124829.93033976483,2543.0970209267894,97.60446490261388,47.12412603377033,0.0,7.7654903703323,2700,604.6187718173285,0.0
1493,353.92499999999995,913.3521783103366,961.4218772544476,26.99509519603986,124829.93033976483,2543.096886677199,97.60441828810242,47.15498482756764,0.0,7.765555713333914,2700,604.6187718173285,0.0
1494,353.93,913.2254850332032,962.6814458012296,27.0274674809554,124829.93033976483,2543.0967524276084,97.60437167359096,47.18583956360502,0.0,7.76562109920902,2700,604.6187718173285,0.0
1495,353.935,913.0986322978116,963.9416731058437,27.059853138548185,124829.93033976483,2543.096618178018,97.6043250590795,47.21669023638417,0.0,7.765686527952,2700,604.6187718173285,0.0
1496,353.94,912.9716201962934,965.2025586182699,27.09225215410604,124829.93033976483,2543.0964839284275,97.60427844456804,47.24753684040994,0.0,7.765751999557231,2700,604.6187718173285,0.0
1497,353.945,912.8444488208847,966.4641017880733,27.124664512935215,124829.93033976483,2543.096349678837,97.60423183005659,47.27837937019035,0.0,7.765817514019081,2700,604.6187718173285,0.0
1498,353.95,912.7171182639242,967.7263020644044,27.157090200338825,124829.93033976483,2543.0962154292465,97.60418521554513,47.30921782023662,0.0,7.76588307133191,2700,604.6187718173285,0.0
1499,353.955,912.5896286178534,968.9891588960004,27.189529201586137,124829.93033976483,2543.0960811796563,97.60413860103367,47.340052185063115,0.0,7.7659486714900705,2700,604.6187718173285,0.0
1500,353.96,912.4619799752169,970.2526717311864,27.221981501960915,124829.93033976483,2543.0959469300656,97.6040919865222,47.37088245918741,0.0,7.766014314487907,2700,604.6187718173285,0.0
1501,353.965,912.3341724286622,971.5168400178742,27.254447086753615,124829.93033976483,2543.0958126804753,97.60404537201075,47.40170863713026,0.0,7.76608000031976,2700,604.6187718173285,0.0
1502,353.96999999999997,912.2062060709387,972.7816632035654,27.286925941223494,124829.93033976483,2543.0956784308846,97.60399875749928,47.43253071341561,0.0,7.766145728979956,2700,604.6187718173285,0.0
1503,353.97499999999997,912.078080994899,974.0471407353517,27.319418050651144,124829.93033976483,2543.095544181294,97.60395214298782,47.46334868257059,0.0,7.766211500462819,2700,604.6187718173285,0.0
1504,353.97999999999996,911.9497972934972,975.3132720599137,27.351923400285997,124829.93033976483,2543.0954099317037,97.60390552847636,47.49416253912555,0.0,7.766277314762663,2700,604.6187718173285,0.0
1505,353.98499999999996,911.8213550597901,976.5800566235238,27.384441975388643,124829.93033976483,2543.095275682113,97.6038589139649,47.52497227761401,0.0,7.766343171873796,2700,604.6187718173285,0.0
1506,353.98999999999995,911.6927543869363,977.8474938720467,27.416973761206236,124829.93033976483,2543.0951414325227,97.60381229945344,47.55577789257273,0.0,7.766409071790515,2700,604.6187718173285,0.0
1507,353.995,911.5639953681957,979.1155832509393,27.44951874298231,124829.93033976483,2543.095007182932,97.60376568494199,47.586579378541636,0.0,7.766475014507115,2700,604.6187718173285,0.0
1508,354.0,911.435078096931,980.3843242052516,27.48207690596952,124829.93033976483,2543.0948729333413,97.60371907043053,47.61737673006391,0.0,7.766541000017878,2700,604.6187718173285,0.0
1509,354.005,911.3060026666052,981.6537161796283,27.514648235389778,124829.93033976483,2543.094738683751,97.60367245591907,47.64816994168591,0.0,7.7666070283170825,2700,604.6187718173285,0.0
1510,354.01,911.1767691707834,982.9237586183089,27.547232716485425,124829.93033976483,2543.0946044341604,97.6036258414076,47.67895900795723,0.0,7.7666730993989965,2700,604.6187718173285,0.0
1511,354.015,911.0473777031314,984.1944509651281,27.579830334464386,124829.93033976483,2543.0944701845697,97.60357922689614,47.709743923430686,0.0,7.766739213257881,2700,604.6187718173285,0.0
1512,354.02,910.9178283574171,985.4657926635176,27.612441074552464,124829.93033976483,2543.0943359349794,97.6035326123847,47.74052468266232,0.0,7.766805369887991,2700,604.6187718173285,0.0
1513,354.025,910.7881212275082,986.7377831565062,27.645064921986478,124829.93033976483,2543.0942016853887,97.60348599787324,47.77130128021138,0.0,7.766871569283572,2700,604.6187718173285,0.0
1514,354.03,910.6582564073736,988.0104218867206,27.677701861943873,124829.93033976483,2543.0940674357985,97.60343938336177,47.80207371064038,0.0,7.766937811438863,2700,604.6187718173285,0.0
1515,354.03499999999997,910.528233991083,989.283708296386,27.710351879645202,124829.93033976483,2543.093933186208,97.60339276885031,47.83284196851504,0.0,7.767004096348096,2700,604.6187718173285,0.0
1516,354.03999999999996,910.3980540728064,990.5576418273274,27.743014960290175,124829.93033976483,2543.093798936617,97.60334615433884,47.863606048404336,0.0,7.767070424005493,2700,604.6187718173285,0.0
1517,354.04499999999996,910.267716746814,991.83222192097,27.775691089061986,124829.93033976483,2543.093664687027,97.60329953982739,47.89436594488048,0.0,7.767136794405272,2700,604.6187718173285,0.0
1518,354.04999999999995,910.1372221074766,993.1074480183405,27.808380251169016,124829.93033976483,2543.093530437436,97.60325292531593,47.92512165251891,0.0,7.767203207541641,2700,604.6187718173285,0.0
1519,354.055,910.0065702492647,994.3833195600665,27.84108243178164,124829.93033976483,2543.0933961878454,97.60320631080447,47.95587316589835,0.0,7.7672696634088005,2700,604.6187718173285,0.0
1520,354.06,909.8757612667489,995.6598359863787,27.873797616068803,124829.93033976483,2543.093261938255,97.603159696293,47.986620479600745,0.0,7.7673361620009445,2700,604.6187718173285,0.0
1521,354.065,909.7447952545992,996.9369967371111,27.90652578923119,124829.93033976483,2543.0931276886645,97.60311308178154,48.01736358821131,0.0,7.767402703312259,2700,604.6187718173285,0.0
1522,354.07,909.6136723075858,998.2148012517019,27.93926693641498,124829.93033976483,2543.092993439074,97.6030664672701,48.048102486318506,0.0,7.767469287336921,2700,604.6187718173285,0.0
1523,354.075,909.4823925205778,999.4932489691938,27.972021042800986,124829.93033976483,2543.0928591894835,97.60301985275864,48.07883716851407,0.0,7.767535914069103,2700,604.6187718173285,0.0
1524,354.08,909.3509559885438,1000.772339328236,28.0047880935409,124829.93033976483,2543.092724939893,97.60297323824717,48.10956762939299,0.0,7.767602583502968,2700,604.6187718173285,0.0
1525,354.085,909.2193628065513,1002.0520717670832,28.037568073791874,124829.93033976483,2543.0925906903026,97.60292662373571,48.14029386355354,0.0,7.767669295632671,2700,604.6187718173285,0.0
1526,354.09,909.0876130697673,1003.3324457235977,28.0703609686929,124829.93033976483,2543.092456440712,97.60288000922425,48.17101586559724,0.0,7.767736050452361,2700,604.6187718173285,0.0
1527,354.09499999999997,908.9557068734574,1004.6134606352497,28.10316676340777,124829.93033976483,2543.092322191121,97.60283339471279,48.201733630128906,0.0,7.76780284795618,2700,604.6187718173285,0.0
1528,354.09999999999997,908.8236443129857,1005.895115939118,28.13598544305056,124829.93033976483,2543.092187941531,97.60278678020133,48.232447151756624,0.0,7.7678696881382585,2700,604.6187718173285,0.0
1529,354.10499999999996,908.691425483815,1007.1774110718916,28.16881699278316,124829.93033976483,2543.0920536919402,97.60274016568987,48.263156425091765,0.0,7.767936570992724,2700,604.6187718173285,0.0
1530,354.10999999999996,908.5590504815067,1008.4603454698686,28.20166139772233,124829.93033976483,2543.0919194423495,97.6026935511784,48.29386144474897,0.0,7.768003496513694,2700,604.6187718173285,0.0
1531,354.11499999999995,908.42651940172,1009.7439185689593,28.234518642989112,124829.93033976483,2543.0917851927593,97.60264693666696,48.3245622053462,0.0,7.768070464695281,2700,604.6187718173285,0.0
1532,354.12,908.2938323402127,1011.028129804685,28.267388713715626,124829.93033976483,2543.0916509431686,97.6026003221555,48.35525870150467,0.0,7.768137475531588,2700,604.6187718173285,0.0
1533,354.125,908.1609893928405,1012.31297861218,28.300271595012525,124829.93033976483,2543.0915166935783,97.60255370764403,48.38595092784891,0.0,7.768204529016709,2700,604.6187718173285,0.0
1534,354.13,908.0279906555563,1013.5984644261922,28.333167271971007,124829.93033976483,2543.0913824439876,97.60250709313257,48.41663887900675,0.0,7.7682716251447355,2700,604.6187718173285,0.0
1535,354.135,907.8948362244113,1014.8845866810829,28.366075729728834,124829.93033976483,2543.091248194397,97.60246047862111,48.44732254960932,0.0,7.768338763909744,2700,604.6187718173285,0.0
1536,354.14,907.7615261955541,1016.1713448108289,28.398996953376546,124829.93033976483,2543.0911139448067,97.60241386410966,48.478001934291036,0.0,7.768405945305813,2700,604.6187718173285,0.0
1537,354.145,907.6280606652302,1017.4587382490225,28.431930928000458,124829.93033976483,2543.090979695216,97.6023672495982,48.50867702768965,0.0,7.768473169327003,2700,604.6187718173285,0.0
1538,354.15,907.4944397297829,1018.7467664288729,28.464877638699836,124829.93033976483,2543.0908454456253,97.60232063508674,48.539347824446196,0.0,7.7685404359673775,2700,604.6187718173285,0.0
1539,354.155,907.360663485652,1020.0354287832058,28.49783707056601,124829.93033976483,2543.090711196035,97.60227402057528,48.57001431920506,0.0,7.768607745220985,2700,604.6187718173285,0.0
1540,354.15999999999997,907.2267320293746,1021.3247247444651,28.530809208664795,124829.93033976483,2543.0905769464443,97.60222740606382,48.600676506613894,0.0,7.768675097081869,2700,604.6187718173285,0.0
1541,354.16499999999996,907.0926454575845,1022.6146537447139,28.563794038103655,124829.93033976483,2543.090442696854,97.60218079155236,48.63133438132372,0.0,7.7687424915440655,2700,604.6187718173285,0.0
1542,354.16999999999996,906.9584038670118,1023.9052152156349,28.596791543931538,124829.93033976483,2543.0903084472634,97.6021341770409,48.66198793798886,0.0,7.7688099286016055,2700,604.6187718173285,0.0
1543,354.17499999999995,906.8240073544836,1025.1964085885309,28.629801711226346,124829.93033976483,2543.090174197673,97.60208756252943,48.69263717126696,0.0,7.768877408248509,2700,604.6187718173285,0.0
1544,354.18,906.6894560169225,1026.4882332943253,28.662824525044257,124829.93033976483,2543.0900399480824,97.60204094801797,48.723282075819,0.0,7.7689449304787885,2700,604.6187718173285,0.0
1545,354.185,906.5547499513482,1027.7806887635645,28.695859970441425,124829.93033976483,2543.089905698492,97.60199433350651,48.753922646309306,0.0,7.769012495286453,2700,604.6187718173285,0.0
1546,354.19,906.4198892548753,1029.0737744264163,28.72890803249617,124829.93033976483,2543.0897714489015,97.60194771899506,48.78455887740552,0.0,7.769080102665498,2700,604.6187718173285,0.0
1547,354.195,906.2848740247155,1030.3674897126737,28.761968696237677,124829.93033976483,2543.0896371993113,97.6019011044836,48.81519076377866,0.0,7.769147752609919,2700,604.6187718173285,0.0
1548,354.2,906.1497043581749,1031.661834051752,28.795041946715116,124829.93033976483,2543.0895029497206,97.60185448997214,48.845818300103026,0.0,7.769215445113697,2700,604.6187718173285,0.0
1549,354.205,906.0143803526558,1032.956806872693,28.82812776897093,124829.93033976483,2543.0893687001303,97.60180787546068,48.87644148105632,0.0,7.7692831801708095,2700,604.6187718173285,0.0
1550,354.21,905.8789021056562,1034.2524076041636,28.861226148047166,124829.93033976483,2543.0892344505396,97.60176126094922,48.90706030131957,0.0,7.769350957775227,2700,604.6187718173285,0.0
1551,354.215,905.7432697147686,1035.5486356744568,28.894337068952968,124829.93033976483,2543.089100200949,97.60171464643777,48.93767475557716,0.0,7.769418777920912,2700,604.6187718173285,0.0
1552,354.21999999999997,905.6074832776815,1036.845490511495,28.927460516761002,124829.93033976483,2543.0889659513587,97.60166803192631,48.96828483851684,0.0,7.769486640601817,2700,604.6187718173285,0.0
1553,354.22499999999997,905.4715428921769,1038.1429715428255,28.960596476447044,124829.93033976483,2543.088831701768,97.60162141741485,48.9988905448297,0.0,7.769554545811891,2700,604.6187718173285,0.0
1554,354.22999999999996,905.335448656133,1039.441078195628,28.9937449330542,124829.93033976483,2543.0886974521773,97.60157480290339,49.029491869210204,0.0,7.769622493545072,2700,604.6187718173285,0.0
1555,354.23499999999996,905.1992006675221,1040.7398098967092,29.02690587159597,124829.93033976483,2543.088563202587,97.60152818839191,49.060088806356184,0.0,7.769690483795294,2700,604.6187718173285,0.0
1556,354.23999999999995,905.0627990244108,1042.0391660725072,29.06007927707898,124829.93033976483,2543.0884289529963,97.60148157388046,49.090681350968836,0.0,7.769758516556481,2700,604.6187718173285,0.0
1557,354.245,904.9262438249602,1043.3391461490924,29.093265134497287,124829.93033976483,2543.088294703406,97.601434959369,49.12126949775272,0.0,7.769826591822551,2700,604.6187718173285,0.0
1558,354.25,904.7895351674255,1044.6397495521655,29.126463428870984,124829.93033976483,2543.0881604538154,97.60138834485754,49.151853241415786,0.0,7.7698947095874145,2700,604.6187718173285,0.0
1559,354.255,904.652673150156,1045.9409757070607,29.15967414518965,124829.93033976483,2543.0880262042247,97.60134173034608,49.18243257666936,0.0,7.769962869844974,2700,604.6187718173285,0.0
1560,354.26,904.5156578715947,1047.242824038747,29.19289726844138,124829.93033976483,2543.0878919546344,97.60129511583462,49.213007498228144,0.0,7.770031072589125,2700,604.6187718173285,0.0
1561,354.265,904.3784894302786,1048.5452939718257,29.226132783612968,124829.93033976483,2543.0877577050437,97.60124850132317,49.24357800081022,0.0,7.770099317813757,2700,604.6187718173285,0.0
1562,354.27,904.2411679248379,1049.8483849305348,29.259380675702925,124829.93033976483,2543.087623455453,97.60120188681171,49.27414407913706,0.0,7.77016760551275,2700,604.6187718173285,0.0
1563,354.275,904.1036934539964,1051.152096338748,29.292640929673098,124829.93033976483,2543.0874892058628,97.60115527230025,49.30470572793353,0.0,7.7702359356799775,2700,604.6187718173285,0.0
1564,354.28,903.9660661165714,1052.4564276199744,29.32591353049677,124829.93033976483,2543.087354956272,97.60110865778879,49.3352629419279,0.0,7.770304308309305,2700,604.6187718173285,0.0
1565,354.28499999999997,903.8282860114725,1053.7613781973632,29.359198463163956,124829.93033976483,2543.0872207066814,97.60106204327732,49.365815715851824,0.0,7.770372723394592,2700,604.6187718173285,0.0
1566,354.28999999999996,903.6903532377032,1055.0669474936997,29.39249571261627,124829.93033976483,2543.087086457091,97.60101542876586,49.396364044440354,0.0,7.770441180929691,2700,604.6187718173285,0.0
1567,354.29499999999996,903.5522678943591,1056.3731349314094,29.425805263836097,124829.93033976483,2543.0869522075004,97.6009688142544,49.42690792243195,0.0,7.770509680908445,2700,604.6187718173285,0.0
1568,354.29999999999995,903.414030080629,1057.6799399325569,29.459127101781146,124829.93033976483,2543.08681795791,97.60092219974294,49.45744734456847,0.0,7.770578223324691,2700,604.6187718173285,0.0
1569,354.305,903.2756398957938,1058.9873619188481,29.492461211393035,124829.93033976483,2543.0866837083195,97.60087558523148,49.48798230559521,0.0,7.770646808172259,2700,604.6187718173285,0.0
1570,354.31,903.1370974392265,1060.2954003116306,29.525807577616998,124829.93033976483,2543.0865494587288,97.60082897072002,49.518512800260844,0.0,7.770715435444971,2700,604.6187718173285,0.0
1571,354.315,902.9984028103929,1061.6040545318933,29.559166185414828,124829.93033976483,2543.0864152091385,97.60078235620857,49.54903882331747,0.0,7.7707841051366415,2700,604.6187718173285,0.0
1572,354.32,902.8595561088504,1062.9133240002684,29.59253701973031,124829.93033976483,2543.086280959548,97.60073574169711,49.579560369520614,0.0,7.770852817241079,2700,604.6187718173285,0.0
1573,354.325,902.7205574342483,1064.223208137033,29.625920065476294,124829.93033976483,2543.086146709957,97.60068912718565,49.610077433629236,0.0,7.770921571752084,2700,604.6187718173285,0.0
1574,354.33,902.581406886328,1065.5337063621075,29.659315307609635,124829.93033976483,2543.086012460367,97.60064251267418,49.64059001040568,0.0,7.770990368663449,2700,604.6187718173285,0.0
1575,354.335,902.4421045649215,1066.8448180950586,29.69272273104941,124829.93033976483,2543.085878210776,97.60059589816274,49.67109809461576,0.0,7.77105920796896,2700,604.6187718173285,0.0
1576,354.34,902.3026505699537,1068.1565427550975,29.72614232071497,124829.93033976483,2543.085743961186,97.60054928365128,49.70160168102869,0.0,7.771128089662395,2700,604.6187718173285,0.0
1577,354.34499999999997,902.1630450014395,1069.468879761085,29.759574061535545,124829.93033976483,2543.085609711595,97.60050266913981,49.73210076441715,0.0,7.771197013737526,2700,604.6187718173285,0.0
1578,354.34999999999997,902.0232879594851,1070.7818285315273,29.7930179384358,124829.93033976483,2543.0854754620045,97.60045605462835,49.76259533955721,0.0,7.771265980188117,2700,604.6187718173285,0.0
1579,354.35499999999996,901.8833795442881,1072.0953884845806,29.826473936310496,124829.93033976483,2543.0853412124143,97.60040944011689,49.79308540122843,0.0,7.771334989007924,2700,604.6187718173285,0.0
1580,354.35999999999996,901.7433198561368,1073.4095590380498,29.85994204007124,124829.93033976483,2543.0852069628236,97.60036282560543,49.82357094421379,0.0,7.7714040401906965,2700,604.6187718173285,0.0
1581,354.36499999999995,901.6031089954097,1074.7243396093902,29.893422234627902,124829.93033976483,2543.085072713233,97.60031621109397,49.85405196329971,0.0,7.771473133730177,2700,604.6187718173285,0.0
1582,354.37,901.462747062576,1076.0397296157073,29.926914504882173,124829.93033976483,2543.0849384636426,97.6002695965825,49.884528453276076,0.0,7.7715422696201,2700,604.6187718173285,0.0
1583,354.375,901.3222341581957,1077.3557284737597,29.960418835729993,124829.93033976483,2543.084804214052,97.60022298207105,49.915000408936216,0.0,7.771611447854194,2700,604.6187718173285,0.0
1584,354.38,901.1815703829179,1078.6723355999575,29.993935212056886,124829.93033976483,2543.0846699644617,97.60017636755958,49.9454678250769,0.0,7.771680668426178,2700,604.6187718173285,0.0
1585,354.385,901.040755837483,1079.9895504103636,30.02746361875777,124829.93033976483,2543.084535714871,97.60012975304814,49.97593069649839,0.0,7.771749931329768,2700,604.6187718173285,0.0
1586,354.39,900.8997906227204,1081.3073723206958,30.06100404071387,124829.93033976483,2543.0844014652803,97.60008313853668,50.00638901800437,0.0,7.771819236558666,2700,604.6187718173285,0.0
1587,354.395,900.7586748395493,1082.6258007463268,30.09455646282465,124829.93033976483,2543.08426721569,97.60003652402521,50.036842784402026,0.0,7.7718885841065735,2700,604.6187718173285,0.0
1588,354.4,900.617408588979,1083.9448351022847,30.128120869932637,124829.93033976483,2543.0841329660993,97.59998990951375,50.067291990501985,0.0,7.771957973967182,2700,604.6187718173285,0.0
1589,354.405,900.475991972107,1085.2644748032544,30.161697246935855,124829.93033976483,2543.083998716509,97.59994329500229,50.09773663111836,0.0,7.772027406134175,2700,604.6187718173285,0.0
1590,354.40999999999997,900.3344250901216,1086.5847192635772,30.1952855786945,124829.93033976483,2543.0838644669184,97.59989668049084,50.12817670106871,0.0,7.772096880601229,2700,604.6187718173285,0.0
1591,354.41499999999996,900.192708044299,1087.905567897253,30.22888585007722,124829.93033976483,2543.083730217328,97.59985006597938,50.158612195174115,0.0,7.772166397362014,2700,604.6187718173285,0.0
1592,354.41999999999996,900.050840936005,1089.2270201179404,30.26249804594377,124829.93033976483,2543.0835959677374,97.59980345146792,50.189043108259085,0.0,7.772235956410194,2700,604.6187718173285,0.0
1593,354.42499999999995,899.9088238666934,1090.549075338958,30.296122151151717,124829.93033976483,2543.083461718147,97.59975683695646,50.21946943515166,0.0,7.772305557739424,2700,604.6187718173285,0.0
1594,354.43,899.7666569379078,1091.8717329732842,30.329758150549367,124829.93033976483,2543.0833274685565,97.599710222445,50.24989117068333,0.0,7.772375201343351,2700,604.6187718173285,0.0
1595,354.435,899.6243402512788,1093.194992433559,30.363406029003976,124829.93033976483,2543.0831932189662,97.59966360793354,50.28030830968908,0.0,7.7724448872156175,2700,604.6187718173285,0.0
1596,354.44,899.481873908527,1094.5188531320846,30.397065771340024,124829.93033976483,2543.0830589693755,97.59961699342207,50.31072084700741,0.0,7.772514615349857,2700,604.6187718173285,0.0
1597,354.445,899.3392580114593,1095.8433144808248,30.43073736241645,124829.93033976483,2543.082924719785,97.59957037891061,50.34112877748027,0.0,7.7725843857396955,2700,604.6187718173285,0.0
1598,354.45,899.1964926619722,1097.168375891409,30.464420787063094,124829.93033976483,2543.0827904701946,97.59952376439915,50.37153209595316,0.0,7.772654198378753,2700,604.6187718173285,0.0
1599,354.455,899.053577962049,1098.494036775129,30.498116030114513,124829.93033976483,2543.082656220604,97.59947714988769,50.40193079727502,0.0,7.772724053260642,2700,604.6187718173285,0.0
1600,354.46,898.9105140137614,1099.8202965429427,30.531823076426846,124829.93033976483,2543.082521971013,97.59943053537624,50.432324876298345,0.0,7.772793950378968,2700,604.6187718173285,0.0
1601,354.465,898.767300919268,1101.1471546054743,30.5655419107869,124829.93033976483,2543.082387721423,97.59938392086478,50.46271432787912,0.0,7.7728638897273274,2700,604.6187718173285,0.0
1602,354.46999999999997,898.623938780815,1102.4746103730142,30.599272518043108,124829.93033976483,2543.0822534718322,97.59933730635332,50.49309914687681,0.0,7.772933871299314,2700,604.6187718173285,0.0
1603,354.47499999999997,898.4804277007358,1103.80266325552,30.633014883015626,124829.93033976483,2543.082119222242,97.59929069184186,50.52347932815444,0.0,7.773003895088508,2700,604.6187718173285,0.0
1604,354.47999999999996,898.3367677814515,1105.1313126626185,30.666768990508817,124829.93033976483,2543.0819849726513,97.5992440773304,50.553854866578504,0.0,7.773073961088489,2700,604.6187718173285,0.0
1605,354.48499999999996,898.1929591254687,1106.4605580036052,30.700534825343983,124829.93033976483,2543.0818507230606,97.59919746281895,50.58422575701906,0.0,7.773144069292824,2700,604.6187718173285,0.0
1606,354.48999999999995,898.0490018353822,1107.7903986874458,30.734312372336777,124829.93033976483,2543.0817164734704,97.59915084830749,50.614591994349645,0.0,7.7732142196950775,2700,604.6187718173285,0.0
1607,354.495,897.9048960138725,1109.1208341227762,30.768101616289904,124829.93033976483,2543.0815822238796,97.59910423379601,50.64495357344734,0.0,7.7732844122888025,2700,604.6187718173285,0.0
1608,354.5,897.7606417637065,1110.4518637179049,30.80190254199804,124829.93033976483,2543.081447974289,97.59905761928455,50.675310489192746,0.0,7.773354647067549,2700,604.6187718173285,0.0
1609,354.505,897.6162391877382,1111.7834868808113,30.835715134269456,124829.93033976483,2543.0813137246987,97.59901100477309,50.70566273647,0.0,7.773424924024857,2700,604.6187718173285,0.0
1610,354.51,897.4716883889065,1113.115703019149,30.869539377883406,124829.93033976483,2543.081179475108,97.59896439026164,50.736010310166755,0.0,7.773495243154261,2700,604.6187718173285,0.0
1611,354.515,897.3269894702377,1114.4485115402451,30.9033752576443,124829.93033976483,2543.0810452255178,97.59891777575018,50.76635320517422,0.0,7.773565604449286,2700,604.6187718173285,0.0
1612,354.52,897.1821425348421,1115.7819118511015,30.937222758349936,124829.93033976483,2543.080910975927,97.59887116123872,50.79669141638713,0.0,7.773636007903454,2700,604.6187718173285,0.0
1613,354.525,897.0371476859175,1117.1159033583965,30.97108186476925,124829.93033976483,2543.0807767263364,97.59882454672726,50.827024938703744,0.0,7.773706453510274,2700,604.6187718173285,0.0
1614,354.53,896.8920050267463,1118.4504854684822,31.004952561685403,124829.93033976483,2543.080642476746,97.5987779322158,50.857353767025906,0.0,7.773776941263254,2700,604.6187718173285,0.0
1615,354.53499999999997,896.7467146606957,1119.7856575873905,31.038834833882728,124829.93033976483,2543.0805082271554,97.59873131770435,50.88767789625897,0.0,7.773847471155892,2700,604.6187718173285,0.0
1616,354.53999999999996,896.6012766912194,1121.1214191208303,31.07272866613238,124829.93033976483,2543.0803739775647,97.59868470319289,50.91799732131185,0.0,7.773918043181679,2700,604.6187718173285,0.0
1617,354.54499999999996,896.4556912218546,1122.4577694741884,31.106634043198472,124829.93033976483,2543.0802397279745,97.59863808868143,50.94831203709703,0.0,7.773988657334099,2700,604.6187718173285,0.0
1618,354.54999999999995,896.3099583562247,1123.7947080525328,31.140550949861638,124829.93033976483,2543.0801054783838,97.59859147416996,50.97862203853052,0.0,7.77405931360663,2700,604.6187718173285,0.0
1619,354.555,896.164078198037,1125.1322342606102,31.174479370885603,124829.93033976483,2543.0799712287935,97.5985448596585,51.008927320531896,0.0,7.77413001199274,2700,604.6187718173285,0.0
1620,354.56,896.0180508510836,1126.4703475028496,31.20841929100714,124829.93033976483,2543.079836979203,97.59849824514704,51.0392278780243,0.0,7.774200752485893,2700,604.6187718173285,0.0
1621,354.565,895.8718764192408,1127.80904718336,31.242370695030182,124829.93033976483,2543.079702729612,97.59845163063558,51.069523705934444,0.0,7.774271535079544,2700,604.6187718173285,0.0
1622,354.57,895.7255550064694,1129.1483327059361,31.27633356765757,124829.93033976483,2543.079568480022,97.59840501612412,51.09981479919259,0.0,7.774342359767143,2700,604.6187718173285,0.0
1623,354.575,895.5790867168145,1130.488203474054,31.310307893677493,124829.93033976483,2543.079434230431,97.59835840161266,51.13010115273258,0.0,7.77441322654213,2700,604.6187718173285,0.0
1624,354.58,895.4324716544041,1131.8286588908738,31.344293657828622,124829.93033976483,2543.0792999808405,97.59831178710121,51.160382761491825,0.0,7.774484135397942,2700,604.6187718173285,0.0
1625,354.585,895.2857099234511,1133.1696983592424,31.378290844833288,124829.93033976483,2543.07916573125,97.59826517258975,51.1906596204113,0.0,7.7745550863280055,2700,604.6187718173285,0.0
1626,354.59,895.1388016282511,1134.5113212816916,31.41229943945133,124829.93033976483,2543.0790314816595,97.59821855807829,51.22093172443559,0.0,7.77462607932574,2700,604.6187718173285,0.0
1627,354.59499999999997,894.9917468731838,1135.8535270604398,31.446319426427948,124829.93033976483,2543.0788972320693,97.59817194356683,51.25119906851282,0.0,7.774697114384561,2700,604.6187718173285,0.0
1628,354.59999999999997,894.8445457627122,1137.1963150973932,31.480350790477225,124829.93033976483,2543.0787629824786,97.59812532905536,51.28146164759472,0.0,7.7747681914978735,2700,604.6187718173285,0.0
1629,354.60499999999996,894.6971984013817,1138.539684794146,31.514393516346345,124829.93033976483,2543.078628732888,97.59807871454392,51.3117194566366,0.0,7.774839310659078,2700,604.6187718173285,0.0
1630,354.60999999999996,894.5497048938211,1139.8836355519825,31.54844758876107,124829.93033976483,2543.0784944832976,97.59803210003246,51.341972490597364,0.0,7.774910471861566,2700,604.6187718173285,0.0
1631,354.61499999999995,894.4020653447421,1141.2281667718757,31.582512992450766,124829.93033976483,2543.078360233707,97.597985485521,51.372220744439495,0.0,7.774981675098724,2700,604.6187718173285,0.0
1632,354.62,894.2542798589392,1142.5732778544896,31.616589712117502,124829.93033976483,2543.078225984116,97.59793887100953,51.402464213129086,0.0,7.775052920363929,2700,604.6187718173285,0.0
1633,354.625,894.1063485412885,1143.9189682001804,31.650677732490486,124829.93033976483,2543.078091734526,97.59789225649807,51.43270289163582,0.0,7.775124207650554,2700,604.6187718173285,0.0
1634,354.63,893.9582714967501,1145.2652372089963,31.6847770382995,124829.93033976483,2543.0779574849353,97.59784564198661,51.46293677493297,0.0,7.775195536951962,2700,604.6187718173285,0.0
1635,354.635,893.8100488303642,1146.6120842806774,31.71888761423664,124829.93033976483,2543.077823235345,97.59779902747515,51.49316585799743,0.0,7.7752669082615125,2700,604.6187718173285,0.0
1636,354.64,893.6616806472543,1147.9595088146602,31.753009445015877,124829.93033976483,2543.0776889857543,97.59775241296369,51.523390135809684,0.0,7.775338321572554,2700,604.6187718173285,0.0
1637,354.645,893.513167052626,1149.3075102100738,31.78714251536534,124829.93033976483,2543.077554736164,97.59770579845222,51.55360960335383,0.0,7.775409776878431,2700,604.6187718173285,0.0
1638,354.65,893.3645081517656,1150.6560878657438,31.821286809950013,124829.93033976483,2543.0774204865734,97.59765918394076,51.583824255617564,0.0,7.7754812741724795,2700,604.6187718173285,0.0
1639,354.655,893.2157040500414,1152.0052411801917,31.855442313482946,124829.93033976483,2543.077286236983,97.59761256942932,51.61403408759222,0.0,7.775552813448028,2700,604.6187718173285,0.0
1640,354.65999999999997,893.0667548529034,1153.3549695516365,31.889609010675194,124829.93033976483,2543.0771519873924,97.59756595491785,51.644239094272734,0.0,7.7756243946984025,2700,604.6187718173285,0.0
1641,354.66499999999996,892.9176606658824,1154.705272377995,31.923786886210582,124829.93033976483,2543.077017737802,97.5975193404064,51.67443927065765,0.0,7.775696017916915,2700,604.6187718173285,0.0
1642,354.66999999999996,892.7684215945904,1156.0561490568823,31.957975924793736,124829.93033976483,2543.0768834882115,97.59747272589493,51.70463461174916,0.0,7.775767683096876,2700,604.6187718173285,0.0
1643,354.67499999999995,892.61903774472,1157.4075989856144,31.992176111089393,124829.93033976483,2543.076749238621,97.59742611138347,51.734825112553054,0.0,7.775839390231586,2700,604.6187718173285,0.0
1644,354.68,892.4695092220451,1158.759621561206,32.02638742980333,124829.93033976483,2543.0766149890305,97.59737949687202,51.76501076807877,0.0,7.775911139314341,2700,604.6187718173285,0.0
1645,354.685,892.3198361324197,1160.1122161803744,32.060609865603716,124829.93033976483,2543.07648073944,97.59733288236056,51.795191573339345,0.0,7.775982930338428,2700,604.6187718173285,0.0
1646,354.69,892.1700185817785,1161.4653822395376,32.094843403171545,124829.93033976483,2543.0763464898496,97.59728626784909,51.825367523351495,0.0,7.776054763297128,2700,604.6187718173285,0.0
1647,354.695,892.0200566761365,1162.8191191348174,32.1290880271866,124829.93033976483,2543.076212240259,97.59723965333762,51.85553861313552,0.0,7.776126638183714,2700,604.6187718173285,0.0
1648,354.7,891.8699505215884,1164.1734262620382,32.16334372231543,124829.93033976483,2543.076077990668,97.59719303882616,51.885704837715394,0.0,7.776198554991455,2700,604.6187718173285,0.0
1649,354.705,891.719700224309,1165.5283030167295,32.19761047324111,124829.93033976483,2543.075943741078,97.59714642431472,51.91586619211872,0.0,7.77627051371361,2700,604.6187718173285,0.0
1650,354.71,891.5693058905533,1166.883748794126,32.23188826462643,124829.93033976483,2543.0758094914872,97.59709980980325,51.94602267137674,0.0,7.776342514343432,2700,604.6187718173285,0.0
1651,354.715,891.4187676266555,1168.239762989168,32.26617708111559,124829.93033976483,2543.0756752418965,97.59705319529179,51.97617427052433,0.0,7.776414556874167,2700,604.6187718173285,0.0
1652,354.71999999999997,891.2680855390295,1169.5963449965022,32.30047690741366,124829.93033976483,2543.0755409923063,97.59700658078033,52.00632098460005,0.0,7.776486641299055,2700,604.6187718173285,0.0
1653,354.72499999999997,891.1172597341681,1170.9534942104842,32.33478772813453,124829.93033976483,2543.0754067427156,97.59695996626887,52.03646280864609,0.0,7.776558767611328,2700,604.6187718173285,0.0
1654,354.72999999999996,890.9662903186437,1172.3112100251772,32.36910952795907,124829.93033976483,2543.0752724931253,97.59691335175742,52.06659973770828,0.0,7.776630935804212,2700,604.6187718173285,0.0
1655,354.73499999999996,890.8151773991074,1173.6694918343537,32.40344229154174,124829.93033976483,2543.0751382435346,97.59686673724596,52.09673176683613,0.0,7.776703145870924,2700,604.6187718173285,0.0
1656,354.73999999999995,890.663921082289,1175.0283390314958,32.437786003519804,124829.93033976483,2543.075003993944,97.5968201227345,52.12685889108279,0.0,7.776775397804677,2700,604.6187718173285,0.0
1657,354.745,890.5125214749978,1176.387751009797,32.47214064855148,124829.93033976483,2543.0748697443537,97.59677350822304,52.15698110550509,0.0,7.776847691598676,2700,604.6187718173285,0.0
1658,354.75,890.3609786841204,1177.7477271621624,32.506506211275635,124829.93033976483,2543.074735494763,97.59672689371158,52.187098405163496,0.0,7.77692002724612,2700,604.6187718173285,0.0
1659,354.755,890.2092928166225,1179.108266881209,32.54088267633859,124829.93033976483,2543.0746012451723,97.59668027920011,52.21721078512218,0.0,7.776992404740198,2700,604.6187718173285,0.0
1660,354.76,890.0574639795477,1180.4693695592678,32.57527002838019,124829.93033976483,2543.074466995582,97.59663366468865,52.24731824044895,0.0,7.7770648240740945,2700,604.6187718173285,0.0
1661,354.765,889.9054922800182,1181.8310345883833,32.609668252031746,124829.93033976483,2543.0743327459913,97.59658705017719,52.27742076621529,0.0,7.777137285240988,2700,604.6187718173285,0.0
1662,354.77,889.753377825233,1183.1932613603146,32.64407733194007,124829.93033976483,2543.074198496401,97.59654043566573,52.30751835749638,0.0,7.777209788234048,2700,604.6187718173285,0.0
1663,354.775,889.6011207224697,1184.5560492665375,32.67849725271761,124829.93033976483,2543.0740642468104,97.59649382115428,52.33761100937106,0.0,7.777282333046439,2700,604.6187718173285,0.0
1664,354.78,889.448721079083,1185.9193976982433,32.7129279990023,124829.93033976483,2543.0739299972197,97.59644720664282,52.36769871692185,0.0,7.777354919671318,2700,604.6187718173285,0.0
1665,354.78499999999997,889.2961790025049,1187.2833060463406,32.74736955544021,124829.93033976483,2543.0737957476294,97.59640059213136,52.39778147523496,0.0,7.777427548101834,2700,604.6187718173285,0.0
1666,354.78999999999996,889.1434946002454,1188.647773701457,32.78182190661557,124829.93033976483,2543.0736614980387,97.5963539776199,52.42785927940028,0.0,7.77750021833113,2700,604.6187718173285,0.0
1667,354.79499999999996,888.9906679798908,1190.0128000539382,32.81628503719737,124829.93033976483,2543.073527248448,97.59630736310844,52.45793212451138,0.0,7.777572930352344,2700,604.6187718173285,0.0
1668,354.79999999999995,888.8376992491042,1191.3783844938496,32.850758931750576,124829.93033976483,2543.073392998858,97.59626074859699,52.48800000566553,0.0,7.777645684158603,2700,604.6187718173285,0.0
1669,354.805,888.6845885156259,1192.744526410977,32.88524357493461,124829.93033976483,2543.073258749267,97.59621413408553,52.518062917963704,0.0,7.777718479743032,2700,604.6187718173285,0.0
1670,354.81,888.5313358872725,1194.1112251948286,32.91973895133576,124829.93033976483,2543.073124499677,97.59616751957407,52.54812085651054,0.0,7.777791317098745,2700,604.6187718173285,0.0
1671,354.815,888.3779414719372,1195.478480234633,32.954245045579334,124829.93033976483,2543.072990250086,97.5961209050626,52.5781738164144,0.0,7.777864196218852,2700,604.6187718173285,0.0
1672,354.82,888.2244053775895,1196.8462909193433,32.988761842271465,124829.93033976483,2543.0728560004954,97.59607429055114,52.60822179278734,0.0,7.777937117096456,2700,604.6187718173285,0.0
1673,354.825,888.0707277122744,1198.2146566376355,33.02328932602214,124829.93033976483,2543.072721750905,97.59602767603968,52.63826478074511,0.0,7.77801007972465,2700,604.6187718173285,0.0
1674,354.83,887.916908584114,1199.5835767779101,33.05782748142904,124829.93033976483,2543.0725875013145,97.59598106152822,52.668302775407184,0.0,7.778083084096525,2700,604.6187718173285,0.0
1675,354.835,887.762948101305,1200.9530507282934,33.092376293099065,124829.93033976483,2543.072453251724,97.59593444701676,52.69833577189672,0.0,7.778156130205161,2700,604.6187718173285,0.0
1676,354.84,887.6088463721203,1202.3230778766376,33.12693574561367,124829.93033976483,2543.0723190021336,97.5958878325053,52.7283637653406,0.0,7.778229218043635,2700,604.6187718173285,0.0
1677,354.84499999999997,887.454603504908,1203.6936576105218,33.16150582357588,124829.93033976483,2543.072184752543,97.59584121799384,52.75838675086943,0.0,7.778302347605013,2700,604.6187718173285,0.0
1678,354.84999999999997,887.300219608092,1205.064789317253,33.19608651160479,124829.93033976483,2543.0720505029526,97.59579460348239,52.7884047236175,0.0,7.778375518882359,2700,604.6187718173285,0.0
1679,354.85499999999996,887.1456947901705,1206.4364723838669,33.230677794260814,124829.93033976483,2543.071916253362,97.59574798897093,52.818417678722845,0.0,7.778448731868726,2700,604.6187718173285,0.0
1680,354.85999999999996,886.9910291597174,1207.8087061971285,33.26527965612873,124829.93033976483,2543.071782003771,97.59570137445947,52.84842561132722,0.0,7.778521986557162,2700,604.6187718173285,0.0
1681,354.86499999999995,886.8362228253809,1209.1814901435328,33.29989208184131,124829.93033976483,2543.071647754181,97.595654759948,52.878428516576086,0.0,7.7785952829407075,2700,604.6187718173285,0.0
1682,354.87,886.6812758958845,1210.554823609306,33.33451505592137,124829.93033976483,2543.0715135045903,97.59560814543654,52.90842638961865,0.0,7.7786686210123985,2700,604.6187718173285,0.0
1683,354.875,886.526188480025,1211.928705980406,33.3691485629992,124829.93033976483,2543.071379255,97.5955615309251,52.93841922560781,0.0,7.778742000765263,2700,604.6187718173285,0.0
1684,354.88,886.3709606866752,1213.3031366425234,33.40379258762306,124829.93033976483,2543.0712450054093,97.59551491641363,52.96840701970025,0.0,7.77881542219232,2700,604.6187718173285,0.0
1685,354.885,886.2155926247804,1214.6781149810831,33.43844711439906,124829.93033976483,2543.071110755819,97.59546830190217,52.998389767056345,0.0,7.778888885286585,2700,604.6187718173285,0.0
1686,354.89,886.060084403361,1216.0536403812425,33.473112127873236,124829.93033976483,2543.0709765062284,97.59542168739071,53.028367462840215,0.0,7.778962390041064,2700,604.6187718173285,0.0
1687,354.895,885.9044361315107,1217.4297122278952,33.50778761263908,124829.93033976483,2543.070842256638,97.59537507287924,53.05834010221973,0.0,7.779035936448761,2700,604.6187718173285,0.0
1688,354.9,885.7486479183971,1218.8063299056707,33.542473553250105,124829.93033976483,2543.0707080070474,97.59532845836779,53.08830768036648,0.0,7.779109524502666,2700,604.6187718173285,0.0
1689,354.905,885.5927198732612,1220.1834927989348,33.577169934298645,124829.93033976483,2543.070573757457,97.59528184385633,53.11827019245582,0.0,7.7791831541957706,2700,604.6187718173285,0.0
1690,354.90999999999997,885.4366521054176,1221.5612002917912,33.611876740328576,124829.93033976483,2543.0704395078665,97.59523522934487,53.14822763366683,0.0,7.779256825521051,2700,604.6187718173285,0.0
1691,354.91499999999996,885.2804447242537,1222.9394517680812,33.64659395590054,124829.93033976483,2543.0703052582758,97.5951886148334,53.178179999182355,0.0,7.779330538471484,2700,604.6187718173285,0.0
1692,354.91999999999996,885.1240978392303,1224.3182466113858,33.681321565595,124829.93033976483,2543.0701710086855,97.59514200032194,53.20812728418897,0.0,7.779404293040035,2700,604.6187718173285,0.0
1693,354.92499999999995,884.9676115598805,1225.697584205026,33.71605955396728,124829.93033976483,2543.070036759095,97.5950953858105,53.23806948387703,0.0,7.7794780892196655,2700,604.6187718173285,0.0
1694,354.93,884.810985995811,1227.0774639320634,33.75080790556879,124829.93033976483,2543.069902509504,97.59504877129903,53.26800659344062,0.0,7.77955192700333,2700,604.6187718173285,0.0
1695,354.935,884.6542212567006,1228.4578851753006,33.78556660495913,124829.93033976483,2543.069768259914,97.59500215678757,53.297938608077594,0.0,7.779625806383972,2700,604.6187718173285,0.0
1696,354.94,884.4973174522995,1229.8388473172838,33.82033563669297,124829.93033976483,2543.069634010323,97.59495554227611,53.32786552298957,0.0,7.7796997273545365,2700,604.6187718173285,0.0
1697,354.945,884.3402746924322,1231.2203497403004,33.855114985311914,124829.93033976483,2543.069499760733,97.59490892776465,53.357787333381914,0.0,7.779773689907955,2700,604.6187718173285,0.0
1698,354.95,884.1830930869935,1232.602391826384,33.88990463536093,124829.93033976483,2543.069365511142,97.59486231325319,53.387704034463766,0.0,7.779847694037154,2700,604.6187718173285,0.0
1699,354.955,884.0257727459509,1233.9849729573116,33.92470457142115,124829.93033976483,2543.0692312615515,97.59481569874173,53.41761562144804,0.0,7.779921739735056,2700,604.6187718173285,0.0
1700,354.96,883.868313779343,1235.368092514606,33.95951477798978,124829.93033976483,2543.0690970119613,97.59476908423026,53.44752208955141,0.0,7.779995826994573,2700,604.6187718173285,0.0
1701,354.965,883.7107162972809,1236.7517498795364,33.99433523965665,124829.93033976483,2543.0689627623706,97.5947224697188,53.47742343399432,0.0,7.780069955808612,2700,604.6187718173285,0.0
1702,354.96999999999997,883.5529804099464,1238.13594443312,34.02916594093066,124829.93033976483,2543.06882851278,97.59467585520734,53.50731965000099,0.0,7.780144126170074,2700,604.6187718173285,0.0
1703,354.97499999999997,883.3951062275929,1239.5206755561203,34.06400686635056,124829.93033976483,2543.0686942631896,97.5946292406959,53.53721073279942,0.0,7.780218338071852,2700,604.6187718173285,0.0
1704,354.97999999999996,883.2370938605446,1240.9059426290517,34.098858000461995,124829.93033976483,2543.068560013599,97.59458262618443,53.56709667762139,0.0,7.780292591506834,2700,604.6187718173285,0.0
1705,354.98499999999996,883.0789434191965,1242.2917450321772,34.13371932781671,124829.93033976483,2543.0684257640087,97.59453601167297,53.59697747970247,0.0,7.780366886467901,2700,604.6187718173285,0.0
1706,354.98999999999995,882.9206550140153,1243.67808214551,34.168590832907185,124829.93033976483,2543.068291514418,97.59448939716151,53.62685313428199,0.0,7.780441222947925,2700,604.6187718173285,0.0
1707,354.995,882.762228755537,1245.064953348815,34.2034725002968,124829.93033976483,2543.0681572648273,97.59444278265006,53.65672363660307,0.0,7.780515600939775,2700,604.6187718173285,0.0
1708,355.0,882.6036647543687,1246.4523580216091,34.238364314502626,124829.93033976483,2543.068023015237,97.5943961681386,53.68658898191265,0.0,7.7805900204363105,2700,604.6187718173285,0.0
1709,355.005,882.444963121188,1247.8402955431618,34.27326626006396,124829.93033976483,2543.0678887656463,97.59434955362714,53.71644916546142,0.0,7.780664481430386,2700,604.6187718173285,0.0
1710,355.01,882.2861239667423,1249.2287652924972,34.30817832148739,124829.93033976483,2543.0677545160556,97.59430293911568,53.74630418250389,0.0,7.780738983914849,2700,604.6187718173285,0.0
1711,355.015,882.1271474018489,1250.617766648393,34.34310048332205,124829.93033976483,2543.0676202664654,97.59425632460422,53.776154028298365,0.0,7.78081352788254,2700,604.6187718173285,0.0
1712,355.02,881.9680335373947,1252.0072989893827,34.37803273005539,124829.93033976483,2543.0674860168747,97.59420971009276,53.80599869810692,0.0,7.780888113326293,2700,604.6187718173285,0.0
1713,355.025,881.8087824843369,1253.397361693755,34.412975046231445,124829.93033976483,2543.0673517672844,97.5941630955813,53.83583818719547,0.0,7.780962740238936,2700,604.6187718173285,0.0
1714,355.03,881.6493943537017,1254.7879541395573,34.447927416364195,124829.93033976483,2543.0672175176937,97.59411648106983,53.8656724908337,0.0,7.78103740861329,2700,604.6187718173285,0.0
1715,355.03499999999997,881.4898692565843,1256.1790757045937,34.482889824962115,124829.93033976483,2543.067083268103,97.59406986655837,53.89550160429512,0.0,7.781112118442169,2700,604.6187718173285,0.0
1716,355.03999999999996,881.3302073041497,1257.5707257664258,34.51786225657022,124829.93033976483,2543.066949018513,97.59402325204691,53.92532552285703,0.0,7.781186869718381,2700,604.6187718173285,0.0
1717,355.04499999999996,881.1704086076314,1258.9629037023774,34.55284469564736,124829.93033976483,2543.066814768922,97.59397663753546,53.95514424180057,0.0,7.781261662434727,2700,604.6187718173285,0.0
1718,355.04999999999995,881.0104732783319,1260.35560888953,34.587837126736225,124829.93033976483,2543.0666805193314,97.593930023024,53.984957756410644,0.0,7.781336496584003,2700,604.6187718173285,0.0
1719,355.055,880.8504014276224,1261.7488407047267,34.62283953433978,124829.93033976483,2543.066546269741,97.59388340851254,54.01476606197602,0.0,7.781411372158996,2700,604.6187718173285,0.0
1720,355.06,880.6901931669421,1263.1425985245737,34.65785190299213,124829.93033976483,2543.0664120201504,97.59383679400108,54.04456915378925,0.0,7.781486289152488,2700,604.6187718173285,0.0
1721,355.065,880.5298486077994,1264.536881725438,34.69287421716506,124829.93033976483,2543.0662777705597,97.59379017948962,54.074367027146714,0.0,7.781561247557254,2700,604.6187718173285,0.0
1722,355.07,880.3693678617701,1265.9316896834512,34.72790646136292,124829.93033976483,2543.0661435209695,97.59374356497817,54.10415967734861,0.0,7.781636247366061,2700,604.6187718173285,0.0
1723,355.075,880.2087510404983,1267.3270217745087,34.76294862011022,124829.93033976483,2543.066009271379,97.59369695046671,54.13394709969897,0.0,7.781711288571673,2700,604.6187718173285,0.0
1724,355.08,880.0479982556958,1268.7228773742709,34.79800067787918,124829.93033976483,2543.0658750217885,97.59365033595525,54.16372928950564,0.0,7.781786371166845,2700,604.6187718173285,0.0
1725,355.085,879.8871096191422,1270.1192558581647,34.83306261920256,124829.93033976483,2543.065740772198,97.59360372144378,54.193506242080296,0.0,7.781861495144326,2700,604.6187718173285,0.0
1726,355.09,879.7260852426846,1271.516156601383,34.868134428558655,124829.93033976483,2543.065606522607,97.59355710693231,54.22327795273844,0.0,7.781936660496857,2700,604.6187718173285,0.0
1727,355.09499999999997,879.5649252382375,1272.913578978887,34.90321609043758,124829.93033976483,2543.065472273017,97.59351049242086,54.25304441679942,0.0,7.782011867217175,2700,604.6187718173285,0.0
1728,355.09999999999997,879.4036297177822,1274.3115223654047,34.938307589347474,124829.93033976483,2543.065338023426,97.5934638779094,54.282805629586406,0.0,7.78208711529801,2700,604.6187718173285,0.0
1729,355.10499999999996,879.2421987933674,1275.709986135435,34.973408909764025,124829.93033976483,2543.065203773836,97.59341726339794,54.31256158642641,0.0,7.782162404732082,2700,604.6187718173285,0.0
1730,355.10999999999996,879.0806325771089,1277.1089696632457,35.00852003620154,124829.93033976483,2543.0650695242452,97.59337064888648,54.342312282650276,0.0,7.78223773551211,2700,604.6187718173285,0.0
1731,355.11499999999995,878.9189311811884,1278.5084723228756,35.043640953141285,124829.93033976483,2543.064935274655,97.59332403437502,54.372057713592696,0.0,7.782313107630804,2700,604.6187718173285,0.0
1732,355.12,878.7570947178547,1279.908493488135,35.078771645052285,124829.93033976483,2543.0648010250643,97.59327741986357,54.40179787459221,0.0,7.782388521080866,2700,604.6187718173285,0.0
1733,355.125,878.5951232994229,1281.3090325326068,35.113912096434646,124829.93033976483,2543.064666775474,97.5932308053521,54.431532760991196,0.0,7.782463975854992,2700,604.6187718173285,0.0
1734,355.13,878.4330170382741,1282.7100888296475,35.149062291796035,124829.93033976483,2543.0645325258834,97.59318419084065,54.46126236813588,0.0,7.782539471945874,2700,604.6187718173285,0.0
1735,355.135,878.2707760468554,1284.111661752386,35.18422221558923,124829.93033976483,2543.064398276293,97.59313757632918,54.49098669137633,0.0,7.7826150093461965,2700,604.6187718173285,0.0
1736,355.14,878.1084004376805,1285.5137506737278,35.21939185230587,124829.93033976483,2543.0642640267024,97.59309096181772,54.52070572606649,0.0,7.782690588048635,2700,604.6187718173285,0.0
1737,355.145,877.9458903233278,1286.916354966353,35.254571186422154,124829.93033976483,2543.0641297771117,97.59304434730626,54.55041946756414,0.0,7.782766208045862,2700,604.6187718173285,0.0
1738,355.15,877.7832458164416,1288.3194740027188,35.28976020242675,124829.93033976483,2543.0639955275215,97.5929977327948,54.58012791123092,0.0,7.78284186933054,2700,604.6187718173285,0.0
1739,355.155,877.6204670297323,1289.7231071550584,35.3249588847865,124829.93033976483,2543.0638612779308,97.59295111828334,54.60983105243232,0.0,7.782917571895329,2700,604.6187718173285,0.0
1740,355.15999999999997,877.4575540759741,1291.1272537953853,35.36016721799307,124829.93033976483,2543.0637270283405,97.59290450377188,54.63952888653772,0.0,7.782993315732879,2700,604.6187718173285,0.0
1741,355.16499999999996,877.2945070680076,1292.5319132954899,35.39538518651955,124829.93033976483,2543.06359277875,97.59285788926042,54.669221408920315,0.0,7.783069100835836,2700,604.6187718173285,0.0
1742,355.16999999999996,877.1313261187374,1293.937085026942,35.430612774832305,124829.93033976483,2543.063458529159,97.59281127474897,54.698908614957226,0.0,7.7831449271968385,2700,604.6187718173285,0.0
1743,355.17499999999995,876.9680113411337,1295.3427683610942,35.46584996738598,124829.93033976483,2543.063324279569,97.5927646602375,54.72859050002938,0.0,7.7832207948085195,2700,604.6187718173285,0.0
1744,355.18,876.8045628482301,1296.748962669078,35.50109674869287,124829.93033976483,2543.063190029978,97.59271804572604,54.758267059521614,0.0,7.783296703663504,2700,604.6187718173285,0.0
1745,355.185,876.6409807531255,1298.1556673218086,35.536353103199474,124829.93033976483,2543.0630557803875,97.59267143121458,54.78793828882263,0.0,7.7833726537544115,2700,604.6187718173285,0.0
1746,355.19,876.4772651689829,1299.5628816899832,35.57161901536774,124829.93033976483,2543.062921530797,97.59262481670312,54.817604183325,0.0,7.783448645073855,2700,604.6187718173285,0.0
1747,355.195,876.3134162090291,1300.9706051440835,35.60689446966552,124829.93033976483,2543.0627872812065,97.59257820219167,54.84726473842517,0.0,7.783524677614441,2700,604.6187718173285,0.0
1748,355.2,876.1494339865551,1302.3788370543753,35.64217945058572,124829.93033976483,2543.0626530316163,97.59253158768021,54.876919949523455,0.0,7.783600751368771,2700,604.6187718173285,0.0
1749,355.205,875.9853186149154,1303.7875767909097,35.67747394256258,124829.93033976483,2543.0625187820256,97.59248497316875,54.906569812024074,0.0,7.783676866329436,2700,604.6187718173285,0.0
1750,355.21,875.8210702075281,1305.1968237235244,35.712777930061534,124829.93033976483,2543.062384532435,97.59243835865729,54.93621432133511,0.0,7.783753022489026,2700,604.6187718173285,0.0
1751,355.215,875.6566888778754,1306.6065772218433,35.74809139757554,124829.93033976483,2543.0622502828446,97.59239174414583,54.965853472868524,0.0,7.783829219840119,2700,604.6187718173285,0.0
1752,355.21999999999997,875.4921747395013,1308.016836655279,35.78341432952842,124829.93033976483,2543.062116033254,97.59234512963437,54.99548726204019,0.0,7.783905458375293,2700,604.6187718173285,0.0
1753,355.22499999999997,875.3275279060144,1309.4276013930319,35.818746710401605,124829.93033976483,2543.061981783663,97.5922985151229,55.02511568426986,0.0,7.783981738087115,2700,604.6187718173285,0.0
1754,355.22999999999996,875.1627484910854,1310.8388708040932,35.85408852463725,124829.93033976483,2543.061847534073,97.59225190061144,55.054738734981164,0.0,7.784058058968145,2700,604.6187718173285,0.0
1755,355.23499999999996,874.997836608448,1312.2506442572426,35.88943975672573,124829.93033976483,2543.0617132844823,97.59220528609998,55.08435640960163,0.0,7.784134421010941,2700,604.6187718173285,0.0
1756,355.23999999999995,874.8327923718986,1313.6629211210516,35.92480039110648,124829.93033976483,2543.061579034892,97.59215867158854,55.113968703562705,0.0,7.78421082420805,2700,604.6187718173285,0.0
1757,355.245,874.6676158952956,1315.075700763884,35.96017041220545,124829.93033976483,2543.0614447853013,97.59211205707707,55.143575612299685,0.0,7.784287268552016,2700,604.6187718173285,0.0
1758,355.25,874.5023072925604,1316.4889825538964,35.99554980451135,124829.93033976483,2543.0613105357106,97.59206544256561,55.17317713125181,0.0,7.784363754035376,2700,604.6187718173285,0.0
1759,355.255,874.3368666776756,1317.9027658590371,36.03093855246235,124829.93033976483,2543.0611762861204,97.59201882805415,55.2027732558622,0.0,7.784440280650659,2700,604.6187718173285,0.0
1760,355.26,874.1712941646865,1319.317050047051,36.066336640532775,124829.93033976483,2543.0610420365297,97.59197221354269,55.23236398157788,0.0,7.784516848390388,2700,604.6187718173285,0.0
1761,355.265,874.0055898677001,1320.7318344854768,36.10174405316153,124829.93033976483,2543.060907786939,97.59192559903124,55.261949303849796,0.0,7.784593457247082,2700,604.6187718173285,0.0
1762,355.27,873.8397539008847,1322.1471185416494,36.1371607747787,124829.93033976483,2543.0607735373487,97.59187898451978,55.29152921813279,0.0,7.784670107213251,2700,604.6187718173285,0.0
1763,355.275,873.6737863784698,1323.5629015827012,36.17258678985769,124829.93033976483,2543.060639287758,97.59183237000832,55.321103719885585,0.0,7.784746798281399,2700,604.6187718173285,0.0
1764,355.28,873.5076874147472,1324.9791829755602,36.20802208283889,124829.93033976483,2543.0605050381673,97.59178575549686,55.35067280457087,0.0,7.784823530444026,2700,604.6187718173285,0.0
1765,355.28499999999997,873.341457124069,1326.3959620869546,36.24346663816135,124829.93033976483,2543.060370788577,97.5917391409854,55.38023646765521,0.0,7.784900303693624,2700,604.6187718173285,0.0
1766,355.28999999999996,873.1750956208485,1327.813238283411,36.278920440300254,124829.93033976483,2543.0602365389864,97.59169252647393,55.409794704609105,0.0,7.7849771180226774,2700,604.6187718173285,0.0
1767,355.29499999999996,873.0086030195595,1329.2310109312566,36.31438347367172,124829.93033976483,2543.060102289396,97.59164591196247,55.439347510906956,0.0,7.7850539734236675,2700,604.6187718173285,0.0
1768,355.29999999999995,872.8419794347371,1330.6492793966186,36.349855722719724,124829.93033976483,2543.0599680398054,97.59159929745101,55.46889488202709,0.0,7.785130869889065,2700,604.6187718173285,0.0
1769,355.305,872.6752249809764,1332.0680430454256,36.385337171901014,124829.93033976483,2543.0598337902147,97.59155268293955,55.498436813451754,0.0,7.785207807411338,2700,604.6187718173285,0.0
1770,355.31,872.5083397729327,1333.4873012434093,36.42082780565719,124829.93033976483,2543.0596995406245,97.59150606842809,55.52797330066713,0.0,7.785284785982949,2700,604.6187718173285,0.0
1771,355.315,872.3413239253217,1334.9070533561055,36.45632760840124,124829.93033976483,2543.059565291034,97.59145945391664,55.55750433916332,0.0,7.785361805596349,2700,604.6187718173285,0.0
1772,355.32,872.1741775529192,1336.3272987488517,36.491836564635854,124829.93033976483,2543.059431041443,97.59141283940518,55.58702992443434,0.0,7.785438866243987,2700,604.6187718173285,0.0
1773,355.325,872.0069007705605,1337.748036786792,36.527354658752266,124829.93033976483,2543.059296791853,97.59136622489372,55.616550051978166,0.0,7.785515967918305,2700,604.6187718173285,0.0
1774,355.33,871.8394936931408,1339.1692668348762,36.562881875191835,124829.93033976483,2543.059162542262,97.59131961038226,55.64606471729667,0.0,7.785593110611739,2700,604.6187718173285,0.0
1775,355.335,871.6719564356144,1340.5909882578592,36.59841819841277,124829.93033976483,2543.059028292672,97.5912729958708,55.675573915895676,0.0,7.785670294316718,2700,604.6187718173285,0.0
1776,355.34,871.5042891129955,1342.0132004203044,36.63396361285117,124829.93033976483,2543.058894043081,97.59122638135935,55.705077643284945,0.0,7.785747519025665,2700,604.6187718173285,0.0
1777,355.34499999999997,871.336491840357,1343.4359026865834,36.66951810292466,124829.93033976483,2543.058759793491,97.59117976684789,55.73457589497818,0.0,7.785824784730996,2700,604.6187718173285,0.0
1778,355.34999999999997,871.168564732831,1344.8590944208756,36.705081653069904,124829.93033976483,2543.0586255439002,97.59113315233641,55.764068666493,0.0,7.785902091425121,2700,604.6187718173285,0.0
1779,355.35499999999996,871.0005079056086,1346.282774987171,36.74065424772148,124829.93033976483,2543.05849129431,97.59108653782495,55.793555953350996,0.0,7.785979439100447,2700,604.6187718173285,0.0
1780,355.35999999999996,870.8323214739388,1347.7069437492696,36.77623587135132,124829.93033976483,2543.0583570447193,97.59103992331349,55.82303775107769,0.0,7.786056827749369,2700,604.6187718173285,0.0
1781,355.36499999999995,870.6640055531302,1349.1316000707836,36.8118265083646,124829.93033976483,2543.058222795129,97.59099330880204,55.85251405520255,0.0,7.78613425736428,2700,604.6187718173285,0.0
1782,355.37,870.4955602585488,1350.5567433151366,36.8474261431932,124829.93033976483,2543.0580885455383,97.59094669429058,55.88198486125898,0.0,7.786211727937565,2700,604.6187718173285,0.0
1783,355.375,870.3269857056196,1351.9823728455654,36.88303476026773,124829.93033976483,2543.057954295948,97.59090007977912,55.91145016478434,0.0,7.786289239461604,2700,604.6187718173285,0.0
1784,355.38,870.1582820098247,1353.4084880251198,36.9186523440279,124829.93033976483,2543.0578200463574,97.59085346526766,55.94090996131996,0.0,7.786366791928771,2700,604.6187718173285,0.0
1785,355.385,869.9894492867047,1354.8350882166656,36.95427887888402,124829.93033976483,2543.0576857967667,97.5908068507562,55.970364246411094,0.0,7.78644438533143,2700,604.6187718173285,0.0
1786,355.39,869.8204876518579,1356.262172782883,36.98991434930273,124829.93033976483,2543.0575515471764,97.59076023624475,55.99981301560696,0.0,7.786522019661944,2700,604.6187718173285,0.0
1787,355.395,869.6513972209398,1357.6897410862678,37.02555873968628,124829.93033976483,2543.0574172975857,97.59071362173329,56.029256264460756,0.0,7.786599694912668,2700,604.6187718173285,0.0
1788,355.4,869.4821781096633,1359.1177924891344,37.0612120344644,124829.93033976483,2543.057283047995,97.59066700722182,56.05869398852961,0.0,7.786677411075947,2700,604.6187718173285,0.0
1789,355.405,869.3128304337987,1360.5463263536149,37.096874218094186,124829.93033976483,2543.057148798405,97.59062039271036,56.08812618337463,0.0,7.7867551681441265,2700,604.6187718173285,0.0
1790,355.40999999999997,869.1433543091729,1361.9753420416582,37.13254527498118,124829.93033976483,2543.057014548814,97.5905737781989,56.11755284456086,0.0,7.786832966109541,2700,604.6187718173285,0.0
1791,355.41499999999996,868.9737498516704,1363.4048389150346,37.168225189546405,124829.93033976483,2543.056880299224,97.59052716368744,56.146973967657345,0.0,7.786910804964521,2700,604.6187718173285,0.0
1792,355.41999999999996,868.8040171772316,1364.8348163353332,37.20391394621375,124829.93033976483,2543.056746049633,97.59048054917598,56.17638954823707,0.0,7.786988684701389,2700,604.6187718173285,0.0
1793,355.42499999999995,868.6341564018539,1366.265273663965,37.239611529445774,124829.93033976483,2543.0566118000424,97.59043393466452,56.205799581877,0.0,7.7870666053124635,2700,604.6187718173285,0.0
1794,355.43,868.4641676415913,1367.696210262163,37.27531792363084,124829.93033976483,2543.056477550452,97.59038732015306,56.23520406415807,0.0,7.787144566790055,2700,604.6187718173285,0.0
1795,355.435,868.2940510125532,1369.1276254909822,37.31103311320098,124829.93033976483,2543.0563433008615,97.59034070564161,56.26460299066518,0.0,7.787222569126469,2700,604.6187718173285,0.0
1796,355.44,868.1238066309053,1370.5595187113015,37.3467570826039,124829.93033976483,2543.056209051271,97.59029409113015,56.293996356987215,0.0,7.787300612314005,2700,604.6187718173285,0.0
1797,355.445,867.9534346128702,1371.9918892838239,37.38248981623458,124829.93033976483,2543.0560748016806,97.59024747661869,56.323384158717026,0.0,7.7873786963449545,2700,604.6187718173285,0.0
1798,355.45,867.7829350747247,1373.424736569078,37.418231298531076,124829.93033976483,2543.05594055209,97.59020086210722,56.35276639145145,0.0,7.787456821211606,2700,604.6187718173285,0.0
1799,355.455,867.612308132802,1374.8580599274173,37.45398151393065,124829.93033976483,2543.0558063024996,97.59015424759576,56.38214305079129,0.0,7.787534986906239,2700,604.6187718173285,0.0
1800,355.46,867.4415539034906,1376.2918587190231,37.489740446817116,124829.93033976483,2543.055672052909,97.59010763308432,56.411514132341345,0.0,7.787613193421128,2700,604.6187718173285,0.0
1801,355.465,867.2706725032342,1377.7261323039031,37.52550808165322,124829.93033976483,2543.055537803318,97.59006101857285,56.440879631710395,0.0,7.787691440748541,2700,604.6187718173285,0.0
1802,355.46999999999997,867.0996640485314,1379.1608800418946,37.56128440285829,124829.93033976483,2543.055403553728,97.59001440406139,56.4702395445112,0.0,7.7877697288807415,2700,604.6187718173285,0.0
1803,355.47499999999997,866.9285286559357,1380.5961012926634,37.59706939482943,124829.93033976483,2543.0552693041373,97.58996778954993,56.49959386636051,0.0,7.787848057809984,2700,604.6187718173285,0.0
1804,355.47999999999996,866.7572664420553,1382.0317954157051,37.63286304197572,124829.93033976483,2543.0551350545466,97.58992117503847,56.52894259287907,0.0,7.78792642752852,2700,604.6187718173285,0.0
1805,355.48499999999996,866.5858775235536,1383.4679617703462,37.668665328783604,124829.93033976483,2543.0550008049563,97.58987456052701,56.5582857196916,0.0,7.788004838028592,2700,604.6187718173285,0.0
1806,355.48999999999995,866.4143620171475,1384.904599715745,37.7044762396067,124829.93033976483,2543.0548665553656,97.58982794601555,56.58762324242682,0.0,7.788083289302439,2700,604.6187718173285,0.0
1807,355.495,866.2427200396083,1386.3417086108916,37.74029575890061,124829.93033976483,2543.054732305775,97.58978133150408,56.61695515671745,0.0,7.788161781342293,2700,604.6187718173285,0.0
1808,355.5,866.070951707762,1387.77928781461,37.776123871095315,124829.93033976483,2543.0545980561847,97.58973471699262,56.64628145820021,0.0,7.788240314140378,2700,604.6187718173285,0.0
1809,355.505,865.899057138488,1389.2173366855575,37.81196056058433,124829.93033976483,2543.054463806594,97.58968810248116,56.67560214251579,0.0,7.788318887688915,2700,604.6187718173285,0.0
1810,355.51,865.7270364487192,1390.655854582227,37.84780581179715,124829.93033976483,2543.0543295570037,97.58964148796971,56.704917205308924,0.0,7.788397501980117,2700,604.6187718173285,0.0
1811,355.515,865.5548897554427,1392.094840862946,37.88365960915717,124829.93033976483,2543.054195307413,97.58959487345825,56.7342266422283,0.0,7.788476157006191,2700,604.6187718173285,0.0
1812,355.52,865.3826171756988,1393.5342948858793,37.919521937081086,124829.93033976483,2543.0540610578223,97.58954825894679,56.76353044892665,0.0,7.78855485275934,2700,604.6187718173285,0.0
1813,355.525,865.2102188265806,1394.9742160090286,37.95539277998345,124829.93033976483,2543.053926808232,97.58950164443533,56.792828621060686,0.0,7.7886335892317575,2700,604.6187718173285,0.0
1814,355.53,865.0376948252349,1396.4146035902336,37.99127212228185,124829.93033976483,2543.0537925586414,97.58945502992387,56.822121154291125,0.0,7.788712366415635,2700,604.6187718173285,0.0
1815,355.53499999999997,864.8650452888613,1397.8554569871724,38.02715994842777,124829.93033976483,2543.0536583090507,97.58940841541242,56.851408044282714,0.0,7.788791184303153,2700,604.6187718173285,0.0
1816,355.53999999999996,864.6922703347116,1399.2967755573634,38.06305624278396,124829.93033976483,2543.0535240594604,97.58936180090096,56.8806892867042,0.0,7.788870042886491,2700,604.6187718173285,0.0
1817,355.54499999999996,864.519370080091,1400.7385586581659,38.09896098982881,124829.93033976483,2543.0533898098697,97.58931518638948,56.909964877228326,0.0,7.788948942157819,2700,604.6187718173285,0.0
1818,355.54999999999995,864.3463446423564,1402.1808056467783,38.13487417392898,124829.93033976483,2543.0532555602795,97.58926857187802,56.939234811531875,0.0,7.789027882109302,2700,604.6187718173285,0.0
1819,355.555,864.1731941389174,1403.623515880244,38.170795779527495,124829.93033976483,2543.0531213106888,97.58922195736656,56.96849908529562,0.0,7.7891068627331,2700,604.6187718173285,0.0
1820,355.56,863.999918687236,1405.0666887154468,38.2067257910396,124829.93033976483,2543.052987061098,97.58917534285511,56.997757694204374,0.0,7.789185884021367,2700,604.6187718173285,0.0
1821,355.565,863.8265184048252,1406.5103235091156,38.242664192893066,124829.93033976483,2543.052852811508,97.58912872834365,57.02701063394696,0.0,7.789264945966248,2700,604.6187718173285,0.0
1822,355.57,863.6529934092505,1407.9544196178233,38.27861096949456,124829.93033976483,2543.052718561917,97.58908211383219,57.056257900216224,0.0,7.789344048559885,2700,604.6187718173285,0.0
1823,355.575,863.4793438181291,1409.3989763979885,38.314566105256425,124829.93033976483,2543.052584312327,97.58903549932073,57.08549948870902,0.0,7.789423191794414,2700,604.6187718173285,0.0
1824,355.58,863.305569749129,1410.8439932058745,38.3505295846068,124829.93033976483,2543.052450062736,97.58898888480927,57.114735395126246,0.0,7.7895023756619635,2700,604.6187718173285,0.0
1825,355.585,863.1316713199698,1412.2894693975936,38.38650139198726,124829.93033976483,2543.052315813146,97.58894227029782,57.14396561517282,0.0,7.789581600154656,2700,604.6187718173285,0.0
1826,355.59,862.9576486484224,1413.7354043291039,38.4224815117772,124829.93033976483,2543.0521815635557,97.58889565578636,57.17319014455768,0.0,7.789660865264609,2700,604.6187718173285,0.0
1827,355.59499999999997,862.7835018523086,1415.181797356213,38.458469928401556,124829.93033976483,2543.052047313965,97.5888490412749,57.202408978993795,0.0,7.789740170983933,2700,604.6187718173285,0.0
1828,355.59999999999997,862.6092310495005,1416.6286478345783,38.494466626295704,124829.93033976483,2543.0519130643743,97.58880242676344,57.23162211419818,0.0,7.7898195173047355,2700,604.6187718173285,0.0
1829,355.60499999999996,862.4348363579215,1418.075955119706,38.53047158985356,124829.93033976483,2543.051778814784,97.58875581225197,57.26082954589186,0.0,7.789898904219114,2700,604.6187718173285,0.0
1830,355.60999999999996,862.2603178955452,1419.5237185669532,38.56648480351429,124829.93033976483,2543.0516445651933,97.58870919774051,57.29003126979992,0.0,7.789978331719162,2700,604.6187718173285,0.0
1831,355.61499999999995,862.0856757803953,1420.9719375315315,38.60250625169991,124829.93033976483,2543.0515103156026,97.58866258322905,57.31922728165144,0.0,7.790057799796968,2700,604.6187718173285,0.0
1832,355.62,861.9109101305459,1422.4206113685002,38.638535918829575,124829.93033976483,2543.0513760660124,97.58861596871759,57.34841757717959,0.0,7.790137308444613,2700,604.6187718173285,0.0
1833,355.625,861.7360210641209,1423.869739432777,38.67457378929054,124829.93033976483,2543.0512418164217,97.58856935420613,57.37760215212155,0.0,7.790216857654171,2700,604.6187718173285,0.0
1834,355.63,861.5610086992938,1425.31932107913,38.71061984753569,124829.93033976483,2543.0511075668314,97.58852273969467,57.40678100221852,0.0,7.790296447417713,2700,604.6187718173285,0.0
1835,355.635,861.3858731542884,1426.7693556621844,38.746674077974355,124829.93033976483,2543.0509733172407,97.58847612518322,57.435954123215794,0.0,7.790376077727302,2700,604.6187718173285,0.0
1836,355.64,861.2106145473773,1428.219842536419,38.78273646500955,124829.93033976483,2543.05083906765,97.58842951067176,57.46512151086267,0.0,7.790455748574996,2700,604.6187718173285,0.0
1837,355.645,861.0352329968829,1429.6707810561725,38.81880699307622,124829.93033976483,2543.05070481806,97.5883828961603,57.49428316091252,0.0,7.790535459952848,2700,604.6187718173285,0.0
1838,355.65,860.859728621176,1431.1221705756377,38.854885646597765,124829.93033976483,2543.050570568469,97.58833628164884,57.52343906912273,0.0,7.790615211852901,2700,604.6187718173285,0.0
1839,355.655,860.6841015386774,1432.574010448867,38.89097240998711,124829.93033976483,2543.0504363188784,97.58828966713739,57.552589231254764,0.0,7.790695004267198,2700,604.6187718173285,0.0
1840,355.65999999999997,860.508351867856,1434.0263000297716,38.92706726765903,124829.93033976483,2543.050302069288,97.58824305262593,57.58173364307412,0.0,7.7907748371877705,2700,604.6187718173285,0.0
1841,355.66499999999996,860.3324797272298,1435.4790386721227,38.96317020404284,124829.93033976483,2543.0501678196974,97.58819643811447,57.610872300350366,0.0,7.790854710606649,2700,604.6187718173285,0.0
1842,355.66999999999996,860.1564852353647,1436.9322257295516,38.99928120356543,124829.93033976483,2543.0500335701067,97.588149823603,57.640005198857104,0.0,7.790934624515853,2700,604.6187718173285,0.0
1843,355.67499999999995,859.9803685108753,1438.3858605555517,39.035400250633785,124829.93033976483,2543.0498993205165,97.58810320909154,57.66913233437201,0.0,7.791014578907403,2700,604.6187718173285,0.0
1844,355.68,859.8041296724242,1439.8399425034768,39.07152732966891,124829.93033976483,2543.049765070926,97.58805659458008,57.698253702676794,0.0,7.7910945737733055,2700,604.6187718173285,0.0
1845,355.685,859.6277688387229,1441.2944709265462,39.107662425107456,124829.93033976483,2543.0496308213355,97.58800998006862,57.72736929955725,0.0,7.791174609105567,2700,604.6187718173285,0.0
1846,355.69,859.451286128529,1442.7494451778414,39.14380552133992,124829.93033976483,2543.049496571745,97.58796336555716,57.75647912080322,0.0,7.7912546848961854,2700,604.6187718173285,0.0
1847,355.695,859.2746816606492,1444.204864610308,39.1799566028295,124829.93033976483,2543.049362322154,97.5879167510457,57.78558316220861,0.0,7.791334801137155,2700,604.6187718173285,0.0
1848,355.7,859.097955553937,1445.6607285767586,39.21611565396137,124829.93033976483,2543.049228072564,97.58787013653424,57.814681419571386,0.0,7.791414957820462,2700,604.6187718173285,0.0
1849,355.705,858.9211079272937,1447.1170364298705,39.25228265920486,124829.93033976483,2543.049093822973,97.58782352202279,57.843773888693576,0.0,7.791495154938087,2700,604.6187718173285,0.0
1850,355.71,858.7441388996676,1448.5737875221894,39.28845760290694,124829.93033976483,2543.0489595733825,97.58777690751133,57.87286056538129,0.0,7.791575392482007,2700,604.6187718173285,0.0
1851,355.715,858.5670485900538,1450.0309812061273,39.32464046955961,124829.93033976483,2543.0488253237922,97.58773029299986,57.9019414454447,0.0,7.791655670444189,2700,604.6187718173285,0.0
1852,355.71999999999997,858.3898371174945,1451.4886168339651,39.36083124357302,124829.93033976483,2543.0486910742015,97.5876836784884,57.93101652469803,0.0,7.7917359888165985,2700,604.6187718173285,0.0
1853,355.72499999999997,858.2125046010782,1452.9466937578545,39.39702990936524,124829.93033976483,2543.0485568246113,97.58763706397694,57.96008579895961,0.0,7.791816347591193,2700,604.6187718173285,0.0
1854,355.72999999999996,858.0350511599406,1454.405211329816,39.433236451332064,124829.93033976483,2543.0484225750206,97.5875904494655,57.98914926405182,0.0,7.791896746759925,2700,604.6187718173285,0.0
1855,355.73499999999996,857.8574769132631,1455.8641689017406,39.46945085396947,124829.93033976483,2543.04828832543,97.58754383495403,58.018206915801095,0.0,7.791977186314741,2700,604.6187718173285,0.0
1856,355.73999999999995,857.6797819802739,1457.3235658253927,39.50567310163069,124829.93033976483,2543.0481540758396,97.58749722044257,58.04725875003799,0.0,7.79205766624758,2700,604.6187718173285,0.0
1857,355.745,857.5019664802462,1458.7834014524087,39.5419031787707,124829.93033976483,2543.048019826249,97.58745060593111,58.07630476259712,0.0,7.792138186550377,2700,604.6187718173285,0.0
1858,355.75,857.3240305325006,1460.243675134297,39.57814106980988,124829.93033976483,2543.0478855766582,97.58740399141963,58.105344949317164,0.0,7.792218747215062,2700,604.6187718173285,0.0
1859,355.755,857.145974256402,1461.7043862224427,39.61438675920728,124829.93033976483,2543.047751327068,97.58735737690819,58.1343793060409,0.0,7.7922993482335565,2700,604.6187718173285,0.0
1860,355.76,856.9677977713615,1463.1655340681034,39.65064023136373,124829.93033976483,2543.0476170774773,97.58731076239673,58.16340782861518,0.0,7.792379989597779,2700,604.6187718173285,0.0
1861,355.765,856.7895011968358,1464.6271180224146,39.68690147068636,124829.93033976483,2543.047482827887,97.58726414788526,58.19243051289094,0.0,7.792460671299641,2700,604.6187718173285,0.0
1862,355.77,856.611084652326,1466.0891374363866,39.723170461648905,124829.93033976483,2543.0473485782964,97.5872175333738,58.2214473547232,0.0,7.792541393331047,2700,604.6187718173285,0.0
1863,355.775,856.4325482573788,1467.5515916609083,39.75944718865325,124829.93033976483,2543.0472143287056,97.58717091886234,58.250458349971076,0.0,7.792622155683897,2700,604.6187718173285,0.0
1864,355.78,856.2538921315861,1469.014480046746,39.795731636151245,124829.93033976483,2543.0470800791154,97.5871243043509,58.27946349449776,0.0,7.792702958350086,2700,604.6187718173285,0.0
1865,355.78499999999997,856.0751163945839,1470.4778019445455,39.8320237885196,124829.93033976483,2543.0469458295247,97.58707768983943,58.30846278417054,0.0,7.792783801321501,2700,604.6187718173285,0.0
1866,355.78999999999996,855.8962211660529,1471.9415567048322,39.86832363027594,124829.93033976483,2543.046811579934,97.58703107532797,58.337456214860794,0.0,7.792864684590027,2700,604.6187718173285,0.0
1867,355.79499999999996,855.7172065657182,1473.4057436780117,39.90463114578245,124829.93033976483,2543.0466773303438,97.58698446081651,58.36644378244399,0.0,7.792945608147538,2700,604.6187718173285,0.0
1868,355.79999999999995,855.5380727133497,1474.8703622143717,39.94094631950484,124829.93033976483,2543.046543080753,97.58693784630505,58.39542548279969,0.0,7.793026571985907,2700,604.6187718173285,0.0
1869,355.805,855.3588197287605,1476.3354116640814,39.97726913585718,124829.93033976483,2543.046408831163,97.58689123179359,58.424401311811565,0.0,7.7931075760969994,2700,604.6187718173285,0.0
1870,355.81,855.1794477318078,1477.8008913771937,40.013599579269155,124829.93033976483,2543.046274581572,97.58684461728213,58.45337126536736,0.0,7.793188620472674,2700,604.6187718173285,0.0
1871,355.815,854.9999568423932,1479.2668007036443,40.04993763421036,124829.93033976483,2543.046140331982,97.58679800277066,58.48233533935893,0.0,7.793269705104785,2700,604.6187718173285,0.0
1872,355.82,854.8203471804609,1480.7331389932542,40.08628328510497,124829.93033976483,2543.0460060823916,97.5867513882592,58.51129352968225,0.0,7.79335082998518,2700,604.6187718173285,0.0
1873,355.825,854.6406188659995,1482.19990559573,40.12263651637481,124829.93033976483,2543.045871832801,97.58670477374774,58.540245832237346,0.0,7.793431995105704,2700,604.6187718173285,0.0
1874,355.83,854.4607720190398,1483.6670998606626,40.15899731245937,124829.93033976483,2543.04573758321,97.5866581592363,58.569192242928395,0.0,7.793513200458191,2700,604.6187718173285,0.0
1875,355.835,854.2808067596565,1485.1347211375326,40.19536565780819,124829.93033976483,2543.04560333362,97.58661154472483,58.59813275766366,0.0,7.793594446034475,2700,604.6187718173285,0.0
1876,355.84,854.1007232079672,1486.6027687757062,40.231741536854855,124829.93033976483,2543.0454690840293,97.58656493021337,58.62706737235551,0.0,7.793675731826378,2700,604.6187718173285,0.0
1877,355.84499999999997,853.9205214841317,1488.071242124439,40.26812493402991,124829.93033976483,2543.045334834439,97.58651831570191,58.655996082920424,0.0,7.793757057825721,2700,604.6187718173285,0.0
1878,355.84999999999997,853.7402017083526,1489.5401405328757,40.30451583377468,124829.93033976483,2543.0452005848483,97.58647170119045,58.68491888527897,0.0,7.793838424024319,2700,604.6187718173285,0.0
1879,355.85499999999996,853.5597640008756,1491.009463350051,40.34091422054609,124829.93033976483,2543.0450663352576,97.586425086679,58.713835775355854,0.0,7.793919830413978,2700,604.6187718173285,0.0
1880,355.85999999999996,853.3792084819876,1492.4792099248916,40.37732007878922,124829.93033976483,2543.0449320856674,97.58637847216754,58.74274674907988,0.0,7.794001276986505,2700,604.6187718173285,0.0
1881,355.86499999999995,853.1985352720183,1493.9493796062143,40.41373339290405,124829.93033976483,2543.0447978360767,97.58633185765608,58.77165180238397,0.0,7.794082763733692,2700,604.6187718173285,0.0
1882,355.87,853.0177444913389,1495.41997174273,40.45015414740086,124829.93033976483,2543.044663586486,97.58628524314462,58.80055093120515,0.0,7.794164290647332,2700,604.6187718173285,0.0
1883,355.875,852.8368362603629,1496.8909856830408,40.48658232667715,124829.93033976483,2543.0445293368957,97.58623862863315,58.82944413148457,0.0,7.794245857719213,2700,604.6187718173285,0.0
1884,355.88,852.6558106995452,1498.3624207756452,40.52301791518903,124829.93033976483,2543.044395087305,97.58619201412169,58.8583313991675,0.0,7.794327464941112,2700,604.6187718173285,0.0
1885,355.885,852.4746679293819,1499.8342763689354,40.55946089738462,124829.93033976483,2543.0442608377143,97.58614539961023,58.88721273020331,0.0,7.794409112304805,2700,604.6187718173285,0.0
1886,355.89,852.2934080704108,1501.306551811199,40.59591125771466,124829.93033976483,2543.044126588124,97.58609878509877,58.91608812054551,0.0,7.794490799802062,2700,604.6187718173285,0.0
1887,355.895,852.1120312432104,1502.779246450621,40.632368980616754,124829.93033976483,2543.0439923385334,97.58605217058731,58.94495756615172,0.0,7.794572527424642,2700,604.6187718173285,0.0
1888,355.9,851.9305375684002,1504.252359635283,40.66883405054921,124829.93033976483,2543.043858088943,97.58600555607586,58.97382106298369,0.0,7.794654295164307,2700,604.6187718173285,0.0
1889,355.905,851.748927166641,1505.7258907131647,40.70530645196796,124829.93033976483,2543.0437238393524,97.5859589415644,59.00267860700728,0.0,7.794736103012805,2700,604.6187718173285,0.0
1890,355.90999999999997,851.567200158634,1507.199839032145,40.74178616933211,124829.93033976483,2543.0435895897617,97.58591232705294,59.031530194192506,0.0,7.7948179509618845,2700,604.6187718173285,0.0
1891,355.91499999999996,851.3853566651206,1508.6742039400024,40.778273187079215,124829.93033976483,2543.0434553401715,97.58586571254148,59.06037582051346,0.0,7.7948998390032855,2700,604.6187718173285,0.0
1892,355.91999999999996,851.2033968068827,1510.1489847844152,40.81476748964665,124829.93033976483,2543.043321090581,97.58581909803002,59.0892154819484,0.0,7.794981767128744,2700,604.6187718173285,0.0
1893,355.92499999999995,851.0213207047423,1511.6241809129644,40.85126906151747,124829.93033976483,2543.04318684099,97.58577248351857,59.1180491744797,0.0,7.795063735329988,2700,604.6187718173285,0.0
1894,355.93,850.8391284795614,1513.0997916731308,40.88777788714746,124829.93033976483,2543.0430525914,97.5857258690071,59.14687689409388,0.0,7.795145743598742,2700,604.6187718173285,0.0
1895,355.935,850.6568202522421,1514.5758164123006,40.924293950980065,124829.93033976483,2543.042918341809,97.58567925449564,59.175698636781576,0.0,7.795227791926724,2700,604.6187718173285,0.0
1896,355.94,850.4743961437257,1516.052254477761,40.960817237458656,124829.93033976483,2543.042784092219,97.58563263998418,59.20451439853754,0.0,7.795309880305647,2700,604.6187718173285,0.0
1897,355.945,850.291856274993,1517.529105216705,40.99734773109887,124829.93033976483,2543.042649842628,97.58558602547271,59.2333241753607,0.0,7.795392008727217,2700,604.6187718173285,0.0
1898,355.95,850.1092007670647,1519.006367976232,41.033885416296435,124829.93033976483,2543.0425155930375,97.58553941096126,59.26212796325409,0.0,7.795474177183136,2700,604.6187718173285,0.0
1899,355.955,849.926429741,1520.4840421033448,41.070430277536865,124829.93033976483,2543.0423813434472,97.5854927964498,59.29092575822488,0.0,7.795556385665101,2700,604.6187718173285,0.0
1900,355.96,849.7435433178981,1521.962126944954,41.10698229931422,124829.93033976483,2543.0422470938565,97.58544618193834,59.319717556284395,0.0,7.795638634164802,2700,604.6187718173285,0.0
1901,355.965,849.5605416188954,1523.4406218478784,41.14354146604494,124829.93033976483,2543.042112844266,97.58539956742688,59.348503353448095,0.0,7.795720922673923,2700,604.6187718173285,0.0
1902,355.96999999999997,849.3774247651684,1524.9195261588447,41.180107762201565,124829.93033976483,2543.0419785946756,97.58535295291541,59.37728314573556,0.0,7.795803251184144,2700,604.6187718173285,0.0
1903,355.97499999999997,849.1941928779316,1526.3988392244887,41.21668117228333,124829.93033976483,2543.041844345085,97.58530633840397,59.406056929170546,0.0,7.795885619687138,2700,604.6187718173285,0.0
1904,355.97999999999996,849.0108460784381,1527.8785603913561,41.25326168073194,124829.93033976483,2543.0417100954946,97.5852597238925,59.434824699780926,0.0,7.795968028174574,2700,604.6187718173285,0.0
1905,355.98499999999996,848.827384487979,1529.3586890059032,41.28984927201107,124829.93033976483,2543.041575845904,97.58521310938104,59.46358645359873,0.0,7.796050476638113,2700,604.6187718173285,0.0
1906,355.98999999999995,848.643808227883,1530.8392244144982,41.32644393061491,124829.93033976483,2543.0414415963132,97.58516649486958,59.492342186660125,0.0,7.796132965069415,2700,604.6187718173285,0.0
1907,355.995,848.4601174195176,1532.3201659634208,41.36304564099549,124829.93033976483,2543.041307346723,97.58511988035812,59.52109189500544,0.0,7.796215493460129,2700,604.6187718173285,0.0
1908,356.0,848.2763121842871,1533.8015129988648,41.39965438762618,124829.93033976483,2543.0411730971323,97.58507326584666,59.54983557467913,0.0,7.7962980618019015,2700,604.6187718173285,0.0
1909,356.005,848.0923926436343,1535.2832648669369,41.436270154985614,124829.93033976483,2543.0410388475416,97.5850266513352,59.57857322172982,0.0,7.796380670086375,2700,604.6187718173285,0.0
1910,356.01,847.9083589190385,1536.7654209136595,41.47289292755367,124829.93033976483,2543.0409045979513,97.58498003682374,59.60730483221027,0.0,7.796463318305182,2700,604.6187718173285,0.0
1911,356.015,847.7242111320168,1538.247980484969,41.50952268980253,124829.93033976483,2543.0407703483606,97.58493342231228,59.63603040217741,0.0,7.7965460064499545,2700,604.6187718173285,0.0
1912,356.02,847.5399494041227,1539.7309429267193,41.5461594262101,124829.93033976483,2543.0406360987704,97.58488680780081,59.664749927692306,0.0,7.796628734512315,2700,604.6187718173285,0.0
1913,356.025,847.3555738569474,1541.2143075846807,41.58280312126924,124829.93033976483,2543.0405018491797,97.58484019328937,59.69346340482019,0.0,7.796711502483882,2700,604.6187718173285,0.0
1914,356.03,847.1710846121183,1542.6980738045418,41.619453759412046,124829.93033976483,2543.040367599589,97.5847935787779,59.72217082963044,0.0,7.79679431035627,2700,604.6187718173285,0.0
1915,356.03499999999997,846.9864817912998,1544.1822409319093,41.656111325183595,124829.93033976483,2543.0402333499987,97.58474696426644,59.750872198196596,0.0,7.796877158121086,2700,604.6187718173285,0.0
1916,356.03999999999996,846.8017655161918,1545.6668083123084,41.69277580304311,124829.93033976483,2543.040099100408,97.58470034975498,59.779567506596365,0.0,7.796960045769932,2700,604.6187718173285,0.0
1917,356.04499999999996,846.6169359085317,1547.1517752911868,41.72944717746984,124829.93033976483,2543.039964850818,97.58465373524352,59.80825675091159,0.0,7.797042973294404,2700,604.6187718173285,0.0
1918,356.04999999999995,846.4319930900923,1548.6371412139113,41.76612543292786,124829.93033976483,2543.0398306012275,97.58460712073207,59.8369399272283,0.0,7.797125940686095,2700,604.6187718173285,0.0
1919,356.055,846.2469371826819,1550.1229054257708,41.802810553963845,124829.93033976483,2543.039696351637,97.58456050622061,59.865617031636674,0.0,7.797208947936589,2700,604.6187718173285,0.0
1920,356.06,846.0617683081457,1551.6090672719758,41.83950252499971,124829.93033976483,2543.0395621020466,97.58451389170915,59.894288060231055,0.0,7.797291995037468,2700,604.6187718173285,0.0
1921,356.065,845.8764865883635,1553.0956260976625,41.87620133057158,124829.93033976483,2543.039427852456,97.58446727719769,59.92295300910994,0.0,7.797375081980306,2700,604.6187718173285,0.0
1922,356.07,845.6910921452509,1554.582581247889,41.91290695517274,124829.93033976483,2543.039293602865,97.58442066268623,59.95161187437601,0.0,7.797458208756672,2700,604.6187718173285,0.0
1923,356.075,845.5055851007588,1556.069932067639,41.94961938326655,124829.93033976483,2543.039159353275,97.58437404817477,59.98026465213609,0.0,7.797541375358132,2700,604.6187718173285,0.0
1924,356.08,845.319965576873,1557.5576779018218,41.98633859936032,124829.93033976483,2543.0390251036843,97.5843274336633,60.00891133850121,0.0,7.797624581776243,2700,604.6187718173285,0.0
1925,356.085,845.1342336956147,1559.045818095273,42.02306458797198,124829.93033976483,2543.0388908540936,97.58428081915184,60.03755192958652,0.0,7.797707828002559,2700,604.6187718173285,0.0
1926,356.09,844.9483895790398,1560.5343519927555,42.0597973335853,124829.93033976483,2543.0387566045033,97.58423420464038,60.066186421511375,0.0,7.797791114028628,2700,604.6187718173285,0.0
1927,356.09499999999997,844.7624333492382,1562.0232789389606,42.09653682072236,124829.93033976483,2543.0386223549126,97.58418759012893,60.09481481039929,0.0,7.797874439845992,2700,604.6187718173285,0.0
1928,356.09999999999997,844.5763651283349,1563.5125982785073,42.133283033812425,124829.93033976483,2543.038488105322,97.58414097561747,60.12343709237794,0.0,7.797957805446186,2700,604.6187718173285,0.0
1929,356.10499999999996,844.390185038489,1565.0023093559448,42.17003595743547,124829.93033976483,2543.0383538557317,97.58409436110601,60.1520532635792,0.0,7.798041210820746,2700,604.6187718173285,0.0
1930,356.10999999999996,844.2038932018937,1566.4924115157528,42.20679557607074,124829.93033976483,2543.038219606141,97.58404774659455,60.180663320139104,0.0,7.798124655961195,2700,604.6187718173285,0.0
1931,356.11499999999995,844.0174897407762,1567.9829041023418,42.24356187421947,124829.93033976483,2543.0380853565507,97.58400113208309,60.209267258197855,0.0,7.798208140859055,2700,604.6187718173285,0.0
1932,356.12,843.830974777398,1569.4737864600547,42.28033483642498,124829.93033976483,2543.03795110696,97.58395451757164,60.23786507389984,0.0,7.7982916655058405,2700,604.6187718173285,0.0
1933,356.125,843.6443484340533,1570.9650579331656,42.317114447107656,124829.93033976483,2543.0378168573693,97.58390790306018,60.26645676339363,0.0,7.798375229893063,2700,604.6187718173285,0.0
1934,356.13,843.4576108330702,1572.4567178658842,42.35390069087813,124829.93033976483,2543.037682607779,97.58386128854872,60.29504232283196,0.0,7.7984588340122265,2700,604.6187718173285,0.0
1935,356.135,843.270762096811,1573.9487656023528,42.390693552206656,124829.93033976483,2543.0375483581884,97.58381467403726,60.323621748371764,0.0,7.79854247785483,2700,604.6187718173285,0.0
1936,356.14,843.0838023476698,1575.4412004866492,42.42749301560666,124829.93033976483,2543.0374141085977,97.5837680595258,60.352195036174145,0.0,7.798626161412368,2700,604.6187718173285,0.0
1937,356.145,842.8967317080744,1576.934021862787,42.464299065596904,124829.93033976483,2543.0372798590074,97.58372144501433,60.380762182404375,0.0,7.79870988467633,2700,604.6187718173285,0.0
1938,356.15,842.7095503004856,1578.4272290747158,42.50111168670077,124829.93033976483,2543.0371456094167,97.58367483050287,60.40932318323193,0.0,7.798793647638199,2700,604.6187718173285,0.0
1939,356.155,842.5222582473968,1579.920821466324,42.53793086343684,124829.93033976483,2543.0370113598265,97.58362821599141,60.43787803483048,0.0,7.798877450289453,2700,604.6187718173285,0.0
1940,356.15999999999997,842.3348556713332,1581.4147983814362,42.57475658033511,124829.93033976483,2543.0368771102358,97.58358160147995,60.466426733377844,0.0,7.798961292621564,2700,604.6187718173285,0.0
1941,356.16499999999996,842.1473426948536,1582.9091591638178,42.61158882190315,124829.93033976483,2543.036742860645,97.58353498696849,60.494969275056064,0.0,7.799045174625999,2700,604.6187718173285,0.0
1942,356.16999999999996,841.9597194405483,1584.4039031571724,42.64842757268041,124829.93033976483,2543.036608611055,97.58348837245704,60.52350565605134,0.0,7.799129096294223,2700,604.6187718173285,0.0
1943,356.17499999999995,841.7719860310392,1585.8990297051446,42.685272817200364,124829.93033976483,2543.036474361464,97.58344175794558,60.552035872554086,0.0,7.799213057617688,2700,604.6187718173285,0.0
1944,356.18,841.5841425889813,1587.3945381513201,42.722124539953576,124829.93033976483,2543.0363401118734,97.58339514343412,60.58055992075889,0.0,7.799297058587849,2700,604.6187718173285,0.0
1945,356.185,841.3961892370604,1588.8904278392274,42.75898272551022,124829.93033976483,2543.036205862283,97.58334852892266,60.60907779686452,0.0,7.799381099196151,2700,604.6187718173285,0.0
1946,356.19,841.2081260979941,1590.3866981123363,42.79584735839272,124829.93033976483,2543.0360716126925,97.5833019144112,60.637589497073954,0.0,7.799465179434036,2700,604.6187718173285,0.0
1947,356.195,841.0199532945315,1591.88334831406,42.83271842314638,124829.93033976483,2543.035937363102,97.58325529989975,60.66609501759438,0.0,7.799549299292938,2700,604.6187718173285,0.0
1948,356.2,840.8316709494524,1593.3803777877588,42.86959590429297,124829.93033976483,2543.0358031135115,97.58320868538829,60.69459435463713,0.0,7.799633458764288,2700,604.6187718173285,0.0
1949,356.205,840.6432791855686,1594.8777858767348,42.90647978637499,124829.93033976483,2543.035668863921,97.58316207087681,60.72308750441779,0.0,7.79971765783951,2700,604.6187718173285,0.0
1950,356.21,840.4547781257224,1596.3755719242386,42.94337005393322,124829.93033976483,2543.0355346143306,97.58311545636535,60.75157446315609,0.0,7.799801896510025,2700,604.6187718173285,0.0
1951,356.215,840.2661678927866,1597.8737352734654,42.98026669150753,124829.93033976483,2543.03540036474,97.58306884185389,60.78005522707597,0.0,7.799886174767248,2700,604.6187718173285,0.0
1952,356.21999999999997,840.0774486096648,1599.3722752675585,43.01716968366519,124829.93033976483,2543.035266115149,97.58302222734244,60.808529792405594,0.0,7.799970492602586,2700,604.6187718173285,0.0
1953,356.22499999999997,839.8886203992911,1600.8711912496099,43.054079014889005,124829.93033976483,2543.035131865559,97.58297561283098,60.8369981553773,0.0,7.800054850007445,2700,604.6187718173285,0.0
1954,356.22999999999996,839.69968338463,1602.3704825626603,43.090994669807465,124829.93033976483,2543.034997615968,97.58292899831952,60.865460312227626,0.0,7.800139246973223,2700,604.6187718173285,0.0
1955,356.23499999999996,839.5106376886756,1603.8701485496997,43.12791663293603,124829.93033976483,2543.034863366378,97.58288238380806,60.89391625919733,0.0,7.800223683491313,2700,604.6187718173285,0.0
1956,356.23999999999995,839.3214834344525,1605.3701885536689,43.16484488882839,124829.93033976483,2543.0347291167873,97.5828357692966,60.922365992531354,0.0,7.800308159553104,2700,604.6187718173285,0.0
1957,356.245,839.1322207450152,1606.8706019174608,43.20177942201695,124829.93033976483,2543.0345948671966,97.58278915478515,60.95080950847884,0.0,7.800392675149979,2700,604.6187718173285,0.0
1958,356.25,838.942849743447,1608.3713879839179,43.23872021709515,124829.93033976483,2543.0344606176063,97.58274254027368,60.97924680329315,0.0,7.800477230273315,2700,604.6187718173285,0.0
1959,356.255,838.7533705528614,1609.8725460958394,43.275667258627244,124829.93033976483,2543.0343263680156,97.58269592576222,61.00767787323184,0.0,7.800561824914486,2700,604.6187718173285,0.0
1960,356.26,838.5637832964014,1611.3740755959745,43.312620531108244,124829.93033976483,2543.034192118425,97.58264931125076,61.03610271455667,0.0,7.800646459064858,2700,604.6187718173285,0.0
1961,356.265,838.3740880972382,1612.8759758270282,43.349580019203955,124829.93033976483,2543.0340578688347,97.5826026967393,61.06452132353362,0.0,7.800731132715792,2700,604.6187718173285,0.0
1962,356.27,838.1842850785733,1614.3782461316607,43.38654570736931,124829.93033976483,2543.033923619244,97.58255608222784,61.09293369643285,0.0,7.800815845858647,2700,604.6187718173285,0.0
1963,356.275,837.9943743636355,1615.8808858524878,43.42351758023294,124829.93033976483,2543.0337893696537,97.58250946771638,61.12133982952877,0.0,7.800900598484775,2700,604.6187718173285,0.0
1964,356.28,837.8043560756838,1617.383894332083,43.46049562238195,124829.93033976483,2543.0336551200635,97.58246285320492,61.14973971909996,0.0,7.800985390585521,2700,604.6187718173285,0.0
1965,356.28499999999997,837.6142303380047,1618.8872709129753,43.497479818361185,124829.93033976483,2543.033520870473,97.58241623869345,61.178133361429246,0.0,7.801070222152227,2700,604.6187718173285,0.0
1966,356.28999999999996,837.4239972739131,1620.3910149376543,43.534470152724474,124829.93033976483,2543.0333866208825,97.582369624182,61.20652075280362,0.0,7.801155093176229,2700,604.6187718173285,0.0
1967,356.29499999999996,837.233657006753,1621.895125748566,43.571466610076335,124829.93033976483,2543.033252371292,97.58232300967055,61.234901889514326,0.0,7.801240003648859,2700,604.6187718173285,0.0
1968,356.29999999999995,837.0432096598955,1623.3996026881177,43.60846917500087,124829.93033976483,2543.033118121701,97.58227639515908,61.2632767678568,0.0,7.8013249535614415,2700,604.6187718173285,0.0
1969,356.305,836.8526553567398,1624.904445098677,43.64547783204339,124829.93033976483,2543.032983872111,97.58222978064762,61.29164538413072,0.0,7.801409942905298,2700,604.6187718173285,0.0
1970,356.31,836.661994220713,1626.4096523225737,43.6824925658277,124829.93033976483,2543.03284962252,97.58218316613616,61.32000773463994,0.0,7.801494971671744,2700,604.6187718173285,0.0
1971,356.315,836.4712263752696,1627.915223702097,43.719513360889515,124829.93033976483,2543.0327153729295,97.58213655162471,61.34836381569255,0.0,7.80158003985209,2700,604.6187718173285,0.0
1972,356.32,836.2803519438917,1629.4211585795022,43.75654020184909,124829.93033976483,2543.0325811233392,97.58208993711325,61.376713623600864,0.0,7.801665147437641,2700,604.6187718173285,0.0
1973,356.325,836.0893710500883,1630.9274562970052,43.79357307331669,124829.93033976483,2543.0324468737485,97.58204332260179,61.4050571546814,0.0,7.801750294419697,2700,604.6187718173285,0.0
1974,356.33,835.898283817396,1632.4341161967884,43.83061195983532,124829.93033976483,2543.0323126241583,97.58199670809033,61.43339440525491,0.0,7.801835480789553,2700,604.6187718173285,0.0
1975,356.335,835.7070903693774,1633.9411376209982,43.86765684604778,124829.93033976483,2543.0321783745676,97.58195009357887,61.46172537164634,0.0,7.801920706538499,2700,604.6187718173285,0.0
1976,356.34,835.5157908296235,1635.4485199117476,43.904707716506586,124829.93033976483,2543.032044124977,97.5819034790674,61.490050050184884,0.0,7.80200597165782,2700,604.6187718173285,0.0
1977,356.34499999999997,835.3243853217497,1636.9562624111152,43.941764555824896,124829.93033976483,2543.0319098753866,97.58185686455595,61.51836843720393,0.0,7.802091276138794,2700,604.6187718173285,0.0
1978,356.34999999999997,835.1328739693996,1638.464364461148,43.978827348603666,124829.93033976483,2543.031775625796,97.58181025004448,61.54668052904113,0.0,7.802176619972699,2700,604.6187718173285,0.0
1979,356.35499999999996,834.9412568962424,1639.9728254038612,44.015896079457626,124829.93033976483,2543.0316413762052,97.58176363553302,61.57498632203831,0.0,7.802262003150801,2700,604.6187718173285,0.0
1980,356.35999999999996,834.7495342259735,1641.4816445812376,44.05297073299429,124829.93033976483,2543.031507126615,97.58171702102156,61.603285812541564,0.0,7.802347425664366,2700,604.6187718173285,0.0
1981,356.36499999999995,834.5577060823146,1642.990821335231,44.090051293780014,124829.93033976483,2543.0313728770243,97.58167040651011,61.63157899690117,0.0,7.802432887504653,2700,604.6187718173285,0.0
1982,356.37,834.3657725890122,1644.5003550077658,44.127137746485154,124829.93033976483,2543.031238627434,97.58162379199865,61.659865871471645,0.0,7.802518388662916,2700,604.6187718173285,0.0
1983,356.375,834.1737338698398,1646.0102449407368,44.16423007569749,124829.93033976483,2543.0311043778433,97.58157717748719,61.68814643261177,0.0,7.802603929130404,2700,604.6187718173285,0.0
1984,356.38,833.9815900485953,1647.5204904760103,44.20132826603356,124829.93033976483,2543.0309701282526,97.58153056297573,61.716420676684486,0.0,7.802689508898361,2700,604.6187718173285,0.0
1985,356.385,833.7893412491026,1649.0310909554275,44.238432302087546,124829.93033976483,2543.0308358786624,97.58148394846427,61.744688600057025,0.0,7.802775127958026,2700,604.6187718173285,0.0
1986,356.39,833.5969875952105,1650.5420457208008,44.275542168482474,124829.93033976483,2543.0307016290717,97.58143733395282,61.772950199100805,0.0,7.8028607863006325,2700,604.6187718173285,0.0
1987,356.395,833.4045292107927,1652.0533541139175,44.312657849881134,124829.93033976483,2543.030567379481,97.58139071944136,61.80120547019149,0.0,7.8029464839174105,2700,604.6187718173285,0.0
1988,356.4,833.2119662197479,1653.565015476541,44.34977933088035,124829.93033976483,2543.0304331298908,97.58134410492988,61.82945440970899,0.0,7.803032220799583,2700,604.6187718173285,0.0
1989,356.405,833.0192987459997,1655.0770291504095,44.3869065961231,124829.93033976483,2543.0302988803,97.58129749041842,61.857697014037406,0.0,7.803117996938369,2700,604.6187718173285,0.0
1990,356.40999999999997,832.8265269134957,1656.5893944772372,44.42403963022535,124829.93033976483,2543.03016463071,97.58125087590696,61.885933279565116,0.0,7.803203812324981,2700,604.6187718173285,0.0
1991,356.41499999999996,832.6336508462084,1658.102110798717,44.46117841780916,124829.93033976483,2543.030030381119,97.58120426139551,61.9141632026847,0.0,7.803289666950628,2700,604.6187718173285,0.0
1992,356.41999999999996,832.4406706681343,1659.6151774565192,44.49832294354942,124829.93033976483,2543.0298961315284,97.58115764688405,61.942386779792976,0.0,7.803375560806516,2700,604.6187718173285,0.0
1993,356.42499999999995,832.2475865032941,1661.1285937922926,44.535473192038175,124829.93033976483,2543.029761881938,97.58111103237259,61.97060400729102,0.0,7.80346149388384,2700,604.6187718173285,0.0
1994,356.43,832.0543984757321,1662.6423591476655,44.57262914793749,124829.93033976483,2543.0296276323475,97.58106441786113,61.99881488158412,0.0,7.8035474661737965,2700,604.6187718173285,0.0
1995,356.435,831.8611067095167,1664.1564728642477,44.60979079588938,124829.93033976483,2543.0294933827568,97.58101780334967,62.027019399081794,0.0,7.803633477667572,2700,604.6187718173285,0.0
1996,356.44,831.6677113287396,1665.670934283629,44.64695812052375,124829.93033976483,2543.0293591331665,97.58097118883822,62.05521755619783,0.0,7.8037195283563525,2700,604.6187718173285,0.0
1997,356.445,831.474212457516,1667.1857427473815,44.68413110654565,124829.93033976483,2543.029224883576,97.58092457432676,62.08340934935021,0.0,7.803805618231315,2700,604.6187718173285,0.0
1998,356.45,831.2806102199844,1668.7008975970589,44.72130973853274,124829.93033976483,2543.0290906339856,97.5808779598153,62.111594774961205,0.0,7.803891747283632,2700,604.6187718173285,0.0
1999,356.455,831.0869047403069,1670.2163981742003,44.75849400118162,124829.93033976483,2543.028956384395,97.58083134530384,62.13977382945727,0.0,7.8039779155044755,2700,604.6187718173285,0.0
2000,356.46,830.8930961426674,1671.7322438203266,44.79568387911715,124829.93033976483,2543.028822134804,97.58078473079237,62.16794650926914,0.0,7.8040641228850065,2700,604.6187718173285,0.0
2001,356.465,830.6991845512738,1673.2484338769457,44.83287935705835,124829.93033976483,2543.028687885214,97.58073811628091,62.196112810831785,0.0,7.804150369416384,2700,604.6187718173285,0.0
2002,356.46999999999997,830.5051700903559,1674.7649676855492,44.87008041958536,124829.93033976483,2543.028553635623,97.58069150176945,62.224272730584396,0.0,7.8042366550897615,2700,604.6187718173285,0.0
2003,356.47499999999997,830.3110528841662,1676.2818445876162,44.907287051423886,124829.93033976483,2543.0284193860325,97.58064488725799,62.252426264970424,0.0,7.8043229798962885,2700,604.6187718173285,0.0
2004,356.47999999999996,830.11683305698,1677.7990639246125,44.94449923722288,124829.93033976483,2543.0282851364423,97.58059827274653,62.280573410437555,0.0,7.804409343827108,2700,604.6187718173285,0.0
2005,356.48499999999996,829.9225107330933,1679.316625037992,44.98171696165272,124829.93033976483,2543.0281508868516,97.58055165823507,62.30871416343773,0.0,7.80449574687336,2700,604.6187718173285,0.0
2006,356.48999999999995,829.7280860368262,1680.8345272691977,45.01894020938489,124829.93033976483,2543.028016637261,97.58050504372362,62.33684852042712,0.0,7.804582189026178,2700,604.6187718173285,0.0
2007,356.495,829.5335590925189,1682.3527699596611,45.05616896507509,124829.93033976483,2543.0278823876706,97.58045842921216,62.36497647786614,0.0,7.80466867027669,2700,604.6187718173285,0.0
2008,356.5,829.3389300245343,1683.8713524508037,45.093403213425674,124829.93033976483,2543.02774813808,97.5804118147007,62.39309803221948,0.0,7.804755190616021,2700,604.6187718173285,0.0
2009,356.505,829.1441989572563,1685.3902740840397,45.13064293912915,124829.93033976483,2543.0276138884897,97.58036520018923,62.421213179956034,0.0,7.80484175003529,2700,604.6187718173285,0.0
2010,356.51,828.9493660150906,1686.9095342007727,45.167888126830555,124829.93033976483,2543.027479638899,97.58031858567777,62.44932191754899,0.0,7.804928348525611,2700,604.6187718173285,0.0
2011,356.515,828.7544313224636,1688.4291321424005,45.205138761264315,124829.93033976483,2543.0273453893087,97.58027197116633,62.477424241475724,0.0,7.805014986078094,2700,604.6187718173285,0.0
2012,356.52,828.559395003823,1689.9490672503123,45.24239482708136,124829.93033976483,2543.0272111397185,97.58022535665486,62.505520148217926,0.0,7.8051016626838425,2700,604.6187718173285,0.0
2013,356.525,828.3642571836381,1691.4693388658923,45.27965630894654,124829.93033976483,2543.027076890128,97.5801787421434,62.533609634261474,0.0,7.8051883783339555,2700,604.6187718173285,0.0
2014,356.53,828.1690179863975,1692.9899463305194,45.31692319162102,124829.93033976483,2543.026942640537,97.58013212763194,62.56169269609655,0.0,7.80527513301953,2700,604.6187718173285,0.0
2015,356.53499999999997,827.973677536612,1694.5108889855671,45.35419545979664,124829.93033976483,2543.026808390947,97.58008551312048,62.589769330217536,0.0,7.805361926731652,2700,604.6187718173285,0.0
2016,356.53999999999996,827.7782359588117,1696.0321661724058,45.39147309813142,124829.93033976483,2543.026674141356,97.58003889860902,62.61783953312312,0.0,7.8054487594614095,2700,604.6187718173285,0.0
2017,356.54499999999996,827.5826933775473,1697.5537772324026,45.4287560913515,124829.93033976483,2543.026539891766,97.57999228409756,62.64590330131618,0.0,7.805535631199881,2700,604.6187718173285,0.0
2018,356.54999999999995,827.3870499173898,1699.0757215069216,45.466044424184766,124829.93033976483,2543.026405642175,97.5799456695861,62.673960631303906,0.0,7.805622541938141,2700,604.6187718173285,0.0
2019,356.555,827.1913057029301,1700.5979983373265,45.50333808128404,124829.93033976483,2543.0262713925845,97.57989905507463,62.70201151959769,0.0,7.805709491667262,2700,604.6187718173285,0.0
2020,356.56,826.9954608587788,1702.120607064979,45.54063704739573,124829.93033976483,2543.0261371429942,97.57985244056319,62.73005596271324,0.0,7.805796480378306,2700,604.6187718173285,0.0
2021,356.565,826.799515509566,1703.6435470312417,45.57794130724251,124829.93033976483,2543.0260028934035,97.57980582605173,62.75809395717044,0.0,7.805883508062336,2700,604.6187718173285,0.0
2022,356.57,826.6034697799419,1705.1668175774773,45.61525084557408,124829.93033976483,2543.025868643813,97.57975921154026,62.78612549949349,0.0,7.805970574710407,2700,604.6187718173285,0.0
2023,356.575,826.4073237945755,1706.6904180450488,45.65256564705802,124829.93033976483,2543.0257343942226,97.5797125970288,62.81415058621083,0.0,7.80605768031357,2700,604.6187718173285,0.0
2024,356.58,826.211077678155,1708.2143477753234,45.689885696415075,124829.93033976483,2543.025600144632,97.57966598251734,62.84216921385513,0.0,7.806144824862869,2700,604.6187718173285,0.0
2025,356.585,826.014731555388,1709.7386061096688,45.72721097841037,124829.93033976483,2543.0254658950416,97.5796193680059,62.87018137896337,0.0,7.806232008349348,2700,604.6187718173285,0.0
2026,356.59,825.8182855510005,1711.2631923894592,45.76454147773961,124829.93033976483,2543.025331645451,97.57957275349443,62.898187078076745,0.0,7.806319230764043,2700,604.6187718173285,0.0
2027,356.59499999999997,825.6217397897378,1712.7881059560705,45.80187717915608,124829.93033976483,2543.0251973958602,97.57952613898297,62.9261863077407,0.0,7.806406492097984,2700,604.6187718173285,0.0
2028,356.59999999999997,825.4250943963632,1714.3133461508842,45.839218067407714,124829.93033976483,2543.02506314627,97.57947952447151,62.95417906450498,0.0,7.806493792342198,2700,604.6187718173285,0.0
2029,356.60499999999996,825.2283494956588,1715.8389123152892,45.87656412720009,124829.93033976483,2543.0249288966793,97.57943290996003,62.98216534492356,0.0,7.806581131487706,2700,604.6187718173285,0.0
2030,356.60999999999996,825.0315052124246,1717.3648037906798,45.91391534330855,124829.93033976483,2543.0247946470886,97.57938629544859,63.010145145554674,0.0,7.806668509525527,2700,604.6187718173285,0.0
2031,356.61499999999995,824.834561671479,1718.891019918457,45.95127170047606,124829.93033976483,2543.0246603974983,97.57933968093712,63.038118462960846,0.0,7.806755926446671,2700,604.6187718173285,0.0
2032,356.62,824.6375189976582,1720.4175600400308,45.98863318344656,124829.93033976483,2543.0245261479076,97.57929306642566,63.06608529370882,0.0,7.806843382242149,2700,604.6187718173285,0.0
2033,356.625,824.4403773158161,1721.9444234968194,46.025999776941696,124829.93033976483,2543.0243918983174,97.5792464519142,63.09404563436963,0.0,7.8069308769029595,2700,604.6187718173285,0.0
2034,356.63,824.2431367508249,1723.471609630252,46.06337146577198,124829.93033976483,2543.0242576487267,97.57919983740274,63.12199948151858,0.0,7.807018410420103,2700,604.6187718173285,0.0
2035,356.635,824.0457974275729,1724.9991177817662,46.10074823464161,124829.93033976483,2543.024123399136,97.57915322289129,63.1499468317352,0.0,7.807105982784571,2700,604.6187718173285,0.0
2036,356.64,823.848359470967,1726.5269472928112,46.13813006835585,124829.93033976483,2543.0239891495457,97.57910660837983,63.17788768160332,0.0,7.807193593987354,2700,604.6187718173285,0.0
2037,356.645,823.650823005931,1728.0550975048486,46.17551695162904,124829.93033976483,2543.023854899955,97.57905999386837,63.205822027711,0.0,7.807281244019435,2700,604.6187718173285,0.0
2038,356.65,823.453188157405,1729.5835677593518,46.212908869309764,124829.93033976483,2543.0237206503643,97.57901337935691,63.2337498666506,0.0,7.807368932871792,2700,604.6187718173285,0.0
2039,356.655,823.2554550503468,1731.1123573978066,46.25030580609888,124829.93033976483,2543.023586400774,97.57896676484545,63.26167119501872,0.0,7.807456660535399,2700,604.6187718173285,0.0
2040,356.65999999999997,823.0576238097302,1732.6414657617154,46.28770774679761,124829.93033976483,2543.0234521511834,97.57892015033399,63.28958600941624,0.0,7.8075444270012255,2700,604.6187718173285,0.0
2041,356.66499999999996,822.8596945605464,1734.1708921925926,46.325114676197494,124829.93033976483,2543.023317901593,97.57887353582252,63.317494306448296,0.0,7.807632232260238,2700,604.6187718173285,0.0
2042,356.66999999999996,822.6616674278021,1735.7006360319697,46.36252657901877,124829.93033976483,2543.0231836520024,97.57882692131106,63.34539608272429,0.0,7.807720076303394,2700,604.6187718173285,0.0
2043,356.67499999999995,822.4635425365208,1737.2306966213935,46.39994344012512,124829.93033976483,2543.0230494024117,97.5787803067996,63.37329133485791,0.0,7.807807959121649,2700,604.6187718173285,0.0
2044,356.68,822.265320011742,1738.7610733024283,46.43736524424939,124829.93033976483,2543.0229151528215,97.57873369228814,63.401180059467094,0.0,7.807895880705955,2700,604.6187718173285,0.0
2045,356.685,822.0669999785208,1740.2917654166558,46.47479197619332,124829.93033976483,2543.022780903231,97.57868707777669,63.42906225317403,0.0,7.807983841047257,2700,604.6187718173285,0.0
2046,356.69,821.8685825619282,1741.8227723056748,46.512223620787715,124829.93033976483,2543.02264665364,97.57864046326523,63.45693791260523,0.0,7.808071840136495,2700,604.6187718173285,0.0
2047,356.695,821.6700678870511,1743.3540933111062,46.5496601627977,124829.93033976483,2543.02251240405,97.57859384875377,63.484807034391416,0.0,7.808159877964606,2700,604.6187718173285,0.0
2048,356.7,821.4714560789919,1744.8857277745874,46.587101587040216,124829.93033976483,2543.022378154459,97.57854723424231,63.512669615167624,0.0,7.808247954522521,2700,604.6187718173285,0.0
2049,356.705,821.2727472628674,1746.4176750377792,46.624547878268885,124829.93033976483,2543.0222439048684,97.57850061973085,63.54052565157313,0.0,7.808336069801169,2700,604.6187718173285,0.0
2050,356.71,821.0739415638109,1747.9499344423618,46.66199902133728,124829.93033976483,2543.022109655278,97.5784540052194,63.56837514025148,0.0,7.80842422379147,2700,604.6187718173285,0.0
2051,356.715,820.8750391069698,1749.4825053300378,46.69945500107097,124829.93033976483,2543.0219754056875,97.57840739070794,63.59621807785054,0.0,7.808512416484344,2700,604.6187718173285,0.0
2052,356.71999999999997,820.6760400175064,1751.0153870425345,46.736915802236524,124829.93033976483,2543.0218411560973,97.57836077619648,63.62405446102238,0.0,7.808600647870702,2700,604.6187718173285,0.0
2053,356.72499999999997,820.4769444205981,1752.5485789215988,46.77438140969839,124829.93033976483,2543.0217069065066,97.57831416168501,63.651884286423396,0.0,7.808688917941453,2700,604.6187718173285,0.0
2054,356.72999999999996,820.2777524414361,1754.0820803090064,46.8118518082324,124829.93033976483,2543.021572656916,97.57826754717355,63.67970755071422,0.0,7.8087772266875,2700,604.6187718173285,0.0
2055,356.73499999999996,820.0784642052271,1755.6158905465545,46.84932698273383,124829.93033976483,2543.0214384073256,97.57822093266209,63.707524250559764,0.0,7.808865574099742,2700,604.6187718173285,0.0
2056,356.73999999999995,819.8790798371912,1757.1500089760668,46.88680691793666,124829.93033976483,2543.021304157735,97.57817431815063,63.73533438262924,0.0,7.808953960169075,2700,604.6187718173285,0.0
2057,356.745,819.6795994625624,1758.6844349393955,46.92429159873896,124829.93033976483,2543.0211699081447,97.57812770363917,63.76313794359611,0.0,7.809042384886387,2700,604.6187718173285,0.0
2058,356.75,819.4800232065895,1760.2191677784162,46.96178100993922,124829.93033976483,2543.0210356585544,97.5780810891277,63.7909349301381,0.0,7.809130848242562,2700,604.6187718173285,0.0
2059,356.755,819.2803511945342,1761.7542068350365,46.99927513643302,124829.93033976483,2543.0209014089637,97.57803447461626,63.81872533893725,0.0,7.809219350228482,2700,604.6187718173285,0.0
2060,356.76,819.0805835516721,1763.2895514511897,47.036773963018454,124829.93033976483,2543.0207671593735,97.5779878601048,63.84650916667983,0.0,7.809307890835023,2700,604.6187718173285,0.0
2061,356.765,818.8807204032926,1764.825200968839,47.074277474522276,124829.93033976483,2543.0206329097828,97.57794124559334,63.87428641005642,0.0,7.8093964700530565,2700,604.6187718173285,0.0
2062,356.77,818.6807618746982,1766.3611547299784,47.111785655848166,124829.93033976483,2543.020498660192,97.57789463108188,63.90205706576186,0.0,7.809485087873447,2700,604.6187718173285,0.0
2063,356.775,818.4807080912043,1767.897412076632,47.14929849179136,124829.93033976483,2543.020364410602,97.57784801657041,63.92982113049526,0.0,7.809573744287058,2700,604.6187718173285,0.0
2064,356.78,818.2805591781395,1769.4339723508563,47.186815967247796,124829.93033976483,2543.020230161011,97.57780140205897,63.957578600960034,0.0,7.809662439284747,2700,604.6187718173285,0.0
2065,356.78499999999997,818.0803152608452,1770.9708348947393,47.224338067045835,124829.93033976483,2543.0200959114204,97.5777547875475,63.98532947386385,0.0,7.809751172857366,2700,604.6187718173285,0.0
2066,356.78999999999996,817.8799764646757,1772.5079990504023,47.26186477609056,124829.93033976483,2543.01996166183,97.57770817303604,64.01307374591866,0.0,7.8098399449957645,2700,604.6187718173285,0.0
2067,356.79499999999996,817.6795429149975,1774.0454641599995,47.299396079202666,124829.93033976483,2543.0198274122395,97.57766155852458,64.04081141384069,0.0,7.809928755690784,2700,604.6187718173285,0.0
2068,356.79999999999995,817.4790147371895,1775.5832295657208,47.33693196131729,124829.93033976483,2543.019693162649,97.5776149440131,64.06854247435045,0.0,7.810017604933265,2700,604.6187718173285,0.0
2069,356.805,817.2783920566433,1777.12129460979,47.37447240723551,124829.93033976483,2543.0195589130585,97.57756832950166,64.09626692417274,0.0,7.8101064927140404,2700,604.6187718173285,0.0
2070,356.81,817.0776749987621,1778.6596586344692,47.41201740186321,124829.93033976483,2543.019424663468,97.5775217149902,64.1239847600366,0.0,7.810195419023941,2700,604.6187718173285,0.0
2071,356.815,816.8768636889612,1780.1983209820532,47.449566930130096,124829.93033976483,2543.0192904138776,97.57747510047874,64.15169597867542,0.0,7.810284383853793,2700,604.6187718173285,0.0
2072,356.82,816.6759582526678,1781.7372809948768,47.487120976848864,124829.93033976483,2543.019156164287,97.57742848596727,64.1794005768268,0.0,7.810373387194417,2700,604.6187718173285,0.0
2073,356.825,816.4749588153205,1783.2765380153123,47.524679526927564,124829.93033976483,2543.019021914696,97.57738187145581,64.20709855123263,0.0,7.810462429036629,2700,604.6187718173285,0.0
2074,356.83,816.2738655023695,1784.8160913857712,47.5622425652811,124829.93033976483,2543.018887665106,97.57733525694437,64.23478989863914,0.0,7.81055150937124,2700,604.6187718173285,0.0
2075,356.835,816.0726784392763,1786.3559404487037,47.59981007681573,124829.93033976483,2543.018753415515,97.5772886424329,64.26247461579676,0.0,7.810640628189057,2700,604.6187718173285,0.0
2076,356.84,815.8713977515137,1787.8960845465995,47.63738204637869,124829.93033976483,2543.018619165925,97.57724202792144,64.29015269946026,0.0,7.810729785480883,2700,604.6187718173285,0.0
2077,356.84499999999997,815.6700235645652,1789.4365230219908,47.67495845892482,124829.93033976483,2543.0184849163343,97.57719541340998,64.31782414638867,0.0,7.810818981237516,2700,604.6187718173285,0.0
2078,356.84999999999997,815.4685560039253,1790.9772552174509,47.71253929932211,124829.93033976483,2543.0183506667436,97.57714879889852,64.34548895334534,0.0,7.810908215449751,2700,604.6187718173285,0.0
2079,356.85499999999996,815.2669951950995,1792.518280475596,47.75012455249825,124829.93033976483,2543.0182164171533,97.57710218438706,64.37314711709782,0.0,7.8109974881083755,2700,604.6187718173285,0.0
2080,356.85999999999996,815.0653412636034,1794.0595981390836,47.78771420339093,124829.93033976483,2543.0180821675626,97.5770555698756,64.400798634418,0.0,7.8110867992041735,2700,604.6187718173285,0.0
2081,356.86499999999995,814.8635943349632,1795.6012075506173,47.825308236881895,124829.93033976483,2543.017947917972,97.57700895536414,64.42844350208206,0.0,7.8111761487279265,2700,604.6187718173285,0.0
2082,356.87,814.6617545347158,1797.1431080529426,47.862906637942245,124829.93033976483,2543.0178136683817,97.57696234085267,64.45608171687043,0.0,7.811265536670409,2700,604.6187718173285,0.0
2083,356.875,814.4598219884072,1798.6852989888525,47.90050939143535,124829.93033976483,2543.017679418791,97.57691572634121,64.48371327556787,0.0,7.811354963022392,2700,604.6187718173285,0.0
2084,356.88,814.2577968215941,1800.2277797011848,47.93811648234768,124829.93033976483,2543.0175451692003,97.57686911182977,64.51133817496336,0.0,7.811444427774644,2700,604.6187718173285,0.0
2085,356.885,814.0556791598434,1801.7705495328237,47.97572789558793,124829.93033976483,2543.01741091961,97.5768224973183,64.53895641185022,0.0,7.811533930917926,2700,604.6187718173285,0.0
2086,356.89,813.8534691287306,1803.3136078267023,48.01334361610944,124829.93033976483,2543.0172766700193,97.57677588280684,64.56656798302603,0.0,7.811623472442995,2700,604.6187718173285,0.0
2087,356.895,813.6511668538412,1804.8569539257996,48.050963628793646,124829.93033976483,2543.017142420429,97.57672926829538,64.59417288529268,0.0,7.811713052340605,2700,604.6187718173285,0.0
2088,356.9,813.4487724607702,1806.4005871731463,48.088587918661766,124829.93033976483,2543.0170081708384,97.57668265378392,64.6217711154563,0.0,7.811802670601504,2700,604.6187718173285,0.0
2089,356.905,813.2462860751215,1807.9445069118194,48.12621647066036,124829.93033976483,2543.0168739212477,97.57663603927247,64.64936267032735,0.0,7.811892327216437,2700,604.6187718173285,0.0
2090,356.90999999999997,813.0437078225082,1809.4887124849472,48.16384926967635,124829.93033976483,2543.0167396716574,97.57658942476101,64.67694754672054,0.0,7.811982022176144,2700,604.6187718173285,0.0
2091,356.91499999999996,812.8410378285525,1811.0332032357105,48.20148630075241,124829.93033976483,2543.0166054220667,97.57654281024955,64.7045257414549,0.0,7.81207175547136,2700,604.6187718173285,0.0
2092,356.91999999999996,812.638276218885,1812.5779785073405,48.23912754878423,124829.93033976483,2543.016471172476,97.57649619573809,64.73209725135372,0.0,7.812161527092815,2700,604.6187718173285,0.0
2093,356.92499999999995,812.435423119145,1814.1230376431206,48.27677299875983,124829.93033976483,2543.016336922886,97.57644958122663,64.7596620732446,0.0,7.812251337031237,2700,604.6187718173285,0.0
2094,356.93,812.2324786549804,1815.668379986387,48.31442263567393,124829.93033976483,2543.016202673295,97.57640296671516,64.7872202039594,0.0,7.812341185277348,2700,604.6187718173285,0.0
2095,356.935,812.029442952047,1817.21400488053,48.35207644443815,124829.93033976483,2543.016068423705,97.5763563522037,64.81477164033429,0.0,7.812431071821865,2700,604.6187718173285,0.0
2096,356.94,811.8263161360093,1818.7599116689953,48.38973441009945,124829.93033976483,2543.015934174114,97.57630973769224,64.84231637920969,0.0,7.812520996655502,2700,604.6187718173285,0.0
2097,356.945,811.6230983325396,1820.306099695282,48.427396517599,124829.93033976483,2543.0157999245234,97.57626312318078,64.86985441743039,0.0,7.812610959768968,2700,604.6187718173285,0.0
2098,356.95,811.4197896673176,1821.852568302948,48.46506275189759,124829.93033976483,2543.015665674933,97.57621650866932,64.89738575184538,0.0,7.812700961152966,2700,604.6187718173285,0.0
2099,356.955,811.2163902660312,1823.3993168356035,48.50273309805666,124829.93033976483,2543.0155314253425,97.57616989415787,64.92491037930797,0.0,7.812791000798198,2700,604.6187718173285,0.0
2100,356.96,811.0129002543757,1824.9463446369198,48.54040754101644,124829.93033976483,2543.015397175752,97.57612327964641,64.95242829667579,0.0,7.812881078695359,2700,604.6187718173285,0.0
2101,356.965,810.8093197580539,1826.4936510506252,48.57808606580885,124829.93033976483,2543.0152629261615,97.57607666513495,64.9799395008107,0.0,7.812971194835138,2700,604.6187718173285,0.0
2102,356.96999999999997,810.6056489027757,1828.0412354205052,48.615768657386155,124829.93033976483,2543.015128676571,97.57603005062349,65.0074439885789,0.0,7.813061349208227,2700,604.6187718173285,0.0
2103,356.97499999999997,810.4018878142577,1829.589097090407,48.653455300770474,124829.93033976483,2543.0149944269806,97.57598343611204,65.03494175685084,0.0,7.813151541805305,2700,604.6187718173285,0.0
2104,356.97999999999996,810.1980366182246,1831.1372354042364,48.69114598103433,124829.93033976483,2543.0148601773903,97.57593682160058,65.06243280250129,0.0,7.813241772617052,2700,604.6187718173285,0.0
2105,356.98499999999996,809.9940954404065,1832.6856497059605,48.72884068310454,124829.93033976483,2543.0147259277996,97.57589020708912,65.0899171224093,0.0,7.813332041634139,2700,604.6187718173285,0.0
2106,356.98999999999995,809.790064406541,1834.2343393396086,48.76653939207323,124829.93033976483,2543.0145916782094,97.57584359257766,65.11739471345821,0.0,7.813422348847238,2700,604.6187718173285,0.0
2107,356.995,809.5859436423723,1835.7833036492714,48.80424209290939,124829.93033976483,2543.0144574286187,97.5757969780662,65.14486557253564,0.0,7.813512694247015,2700,604.6187718173285,0.0
2108,357.0,809.3817332736502,1837.3325419791015,48.84194877065729,124829.93033976483,2543.014323179028,97.57575036355473,65.1723296965335,0.0,7.813603077824129,2700,604.6187718173285,0.0
2109,357.005,809.177433426131,1838.8820536733178,48.879659410359075,124829.93033976483,2543.0141889294378,97.57570374904327,65.19978708234801,0.0,7.813693499569236,2700,604.6187718173285,0.0
2110,357.01,808.9730442255781,1840.431838076202,48.91737399700164,124829.93033976483,2543.014054679847,97.57565713453181,65.22723772687966,0.0,7.813783959472991,2700,604.6187718173285,0.0
2111,357.015,808.7685657977589,1841.981894532101,48.95509251568622,124829.93033976483,2543.013920430257,97.57561052002035,65.25468162703325,0.0,7.813874457526039,2700,604.6187718173285,0.0
2112,357.02,808.563998268448,1843.5322223854273,48.99281495141406,124829.93033976483,2543.013786180666,97.57556390550889,65.28211877971786,0.0,7.813964993719025,2700,604.6187718173285,0.0
2113,357.025,808.3593417634254,1845.0828209806605,49.030541289261016,124829.93033976483,2543.0136519310754,97.57551729099744,65.30954918184683,0.0,7.814055568042587,2700,604.6187718173285,0.0
2114,357.03,808.1545964084758,1846.633689662346,49.068271514263294,124829.93033976483,2543.013517681485,97.57547067648598,65.33697283033787,0.0,7.814146180487362,2700,604.6187718173285,0.0
2115,357.03499999999997,807.9497623293897,1848.1848277750985,49.10600561145096,124829.93033976483,2543.0133834318945,97.57542406197452,65.36438972211289,0.0,7.8142368310439805,2700,604.6187718173285,0.0
2116,357.03999999999996,807.7448396519628,1849.7362346636012,49.143743565964535,124829.93033976483,2543.0132491823038,97.57537744746305,65.39179985409817,0.0,7.814327519703067,2700,604.6187718173285,0.0
2117,357.04499999999996,807.5398285019962,1851.287909672606,49.181485362799215,124829.93033976483,2543.0131149327135,97.5753308329516,65.41920322322422,0.0,7.8144182464552445,2700,604.6187718173285,0.0
2118,357.04999999999995,807.334729005295,1852.8398521469342,49.219230986994184,124829.93033976483,2543.012980683123,97.57528421844015,65.44659982642588,0.0,7.814509011291131,2700,604.6187718173285,0.0
2119,357.055,807.1295412876694,1854.3920614314784,49.256980423720215,124829.93033976483,2543.0128464335326,97.57523760392868,65.47398966064227,0.0,7.8145998142013395,2700,604.6187718173285,0.0
2120,357.06,806.9242654749344,1855.944536871204,49.29473365797821,124829.93033976483,2543.012712183942,97.57519098941721,65.50137272281681,0.0,7.81469065517648,2700,604.6187718173285,0.0
2121,357.065,806.7189016929092,1857.4972778111458,49.332490674901386,124829.93033976483,2543.012577934351,97.57514437490575,65.5287490098972,0.0,7.814781534207157,2700,604.6187718173285,0.0
2122,357.07,806.5134500674169,1859.0502835964132,49.370251459528205,124829.93033976483,2543.012443684761,97.57509776039429,65.55611851883543,0.0,7.814872451283971,2700,604.6187718173285,0.0
2123,357.075,806.3079107242854,1860.6035535721887,49.408015996988524,124829.93033976483,2543.01230943517,97.57505114588284,65.5834812465878,0.0,7.814963406397521,2700,604.6187718173285,0.0
2124,357.08,806.1022837893464,1862.1570870837268,49.445784272336354,124829.93033976483,2543.0121751855795,97.57500453137138,65.61083719011486,0.0,7.815054399538395,2700,604.6187718173285,0.0
2125,357.085,805.896569388435,1863.71088347636,49.48355627069149,124829.93033976483,2543.0120409359893,97.57495791685992,65.63818634638154,0.0,7.815145430697184,2700,604.6187718173285,0.0
2126,357.09,805.69076764739,1865.2649420954954,49.52133197714767,124829.93033976483,2543.0119066863986,97.57491130234845,65.66552871235697,0.0,7.815236499864471,2700,604.6187718173285,0.0
2127,357.09499999999997,805.4848786920548,1866.819262286615,49.55911137684435,124829.93033976483,2543.011772436808,97.57486468783699,65.69286428501461,0.0,7.815327607030836,2700,604.6187718173285,0.0
2128,357.09999999999997,805.2789026482747,1868.3738433952785,49.596894454869656,124829.93033976483,2543.0116381872176,97.57481807332555,65.72019306133222,0.0,7.815418752186854,2700,604.6187718173285,0.0
2129,357.10499999999996,805.0728396418989,1869.9286847671242,49.63468119631816,124829.93033976483,2543.011503937627,97.57477145881408,65.74751503829187,0.0,7.815509935323096,2700,604.6187718173285,0.0
2130,357.10999999999996,804.8666897987799,1871.483785747867,49.672471586353474,124829.93033976483,2543.0113696880367,97.57472484430262,65.77483021287985,0.0,7.815601156430128,2700,604.6187718173285,0.0
2131,357.11499999999995,804.6604532447731,1873.039145683301,49.71026561010883,124829.93033976483,2543.011235438446,97.57467822979116,65.80213858208683,0.0,7.815692415498516,2700,604.6187718173285,0.0
2132,357.12,804.4541301057361,1874.5947639193016,49.74806325265725,124829.93033976483,2543.0111011888553,97.5746316152797,65.82944014290771,0.0,7.815783712518815,2700,604.6187718173285,0.0
2133,357.125,804.2477205075298,1876.1506398018232,49.78586449915955,124829.93033976483,2543.010966939265,97.57458500076824,65.85673489234173,0.0,7.815875047481581,2700,604.6187718173285,0.0
2134,357.13,804.0412245760173,1877.7067726769017,49.823669334775495,124829.93033976483,2543.0108326896743,97.57453838625678,65.8840228273924,0.0,7.8159664203773636,2700,604.6187718173285,0.0
2135,357.135,803.8346424370641,1879.263161890653,49.86147774463289,124829.93033976483,2543.0106984400836,97.57449177174531,65.91130394506752,0.0,7.8160578311967095,2700,604.6187718173285,0.0
2136,357.14,803.6279742165381,1880.8198067892783,49.8992897138829,124829.93033976483,2543.0105641904934,97.57444515723385,65.93857824237918,0.0,7.81614927993016,2700,604.6187718173285,0.0
2137,357.145,803.4212200403086,1882.3767067190604,49.93710522764976,124829.93033976483,2543.0104299409027,97.57439854272239,65.9658457163438,0.0,7.816240766568253,2700,604.6187718173285,0.0
2138,357.15,803.2143800342477,1883.9338610263653,49.974924271120315,124829.93033976483,2543.0102956913124,97.57435192821094,65.99310636398202,0.0,7.816332291101522,2700,604.6187718173285,0.0
2139,357.155,803.0074543242288,1885.4912690576448,50.01274682944577,124829.93033976483,2543.0101614417217,97.57430531369948,66.02036018231888,0.0,7.8164238535204955,2700,604.6187718173285,0.0
2140,357.15999999999997,802.8004430361266,1887.048930159436,50.05057288782665,124829.93033976483,2543.010027192131,97.57425869918802,66.0476071683836,0.0,7.8165154538157,2700,604.6187718173285,5.0
2141,357.16499999999996,802.5933462958183,3098.0148352543115,50.08840243138786,124829.93033976483,2543.009892942541,97.57421208467656,66.0757197044759,0.0,7.816607091977655,2700,604.6187718173285,5.0
