,Time [s],Thrust [lb],Lift [lb],Drag [lb],Power [hp],Weight [lb],Percent [%],Velocity [knots],Altitude [ft],Range [nmi],RPM [rev/min],Ground Roll [ft],AOA [deg]
0,1064.065,0.12153154665626364,2313.9058100701877,214.72790511715067,22.055423626601993,2549.6148797730807,69.51760161609542,79.30516648922784,0.0,24.25424785582783,1,1702,0.0
1,1064.0700000000002,0.12153154665626364,4619.36573889882,214.72790511715067,22.055423626601993,2549.6148797730807,69.51760161609542,79.28911658214756,0.0,24.2543580018924,1,1702,0.0
2,1064.075,0.12155614738477771,4617.496178772152,214.64339775895434,22.055423626601993,2549.6148797730807,69.51759174319841,79.2730761539237,0.0,24.25446811451966,1,1702,0.0
3,1064.0800000000002,0.12158074353711458,4615.628100849945,214.55895650235522,22.055423626601993,2549.6148797730807,69.51758187030141,79.25702308516526,0.0,24.254578271735483,1,1702,0.0
4,1064.085,0.1216053690398111,4613.758929206408,214.47446490986573,22.055423626601993,2549.6148797730807,69.51757199740442,79.24097634174352,0.0,24.254688406640383,1,1702,0.0
5,1064.0900000000001,0.12162999481104433,4611.890872394548,214.3900228134741,22.055423626601993,2549.6148797730807,69.5175621245074,79.2249359076243,0.0,24.254798519286666,1,1702,0.0
6,1064.095,0.12165462086970043,4610.023928101039,214.30563010999475,22.055423626601993,2549.6148797730807,69.5175522516104,79.20890179341842,0.0,24.254908609632622,1,1702,0.0
7,1064.1000000000001,0.12167924719376921,4608.158097114507,214.22128683621074,22.055423626601993,2549.6148797730807,69.5175423787134,79.19287399541703,0.0,24.255018677687055,1,1702,0.0
8,1064.105,0.12170387378321584,4606.293378556926,214.1369929536398,22.055423626601993,2549.6148797730807,69.5175325058164,79.17685250993094,0.0,24.255128723458718,1,1702,0.0
9,1064.1100000000001,0.12172850063797966,4604.429771553087,214.05274842395528,22.055423626601993,2549.6148797730807,69.5175226329194,79.16083733326302,0.0,24.255238746956387,1,1702,0.0
10,1064.115,0.1217531277580167,4602.567275227384,213.96855320883114,22.055423626601993,2549.6148797730807,69.5175127600224,79.14482846171904,0.0,24.255348748188837,1,1702,0.0
11,1064.1200000000001,0.12177775514328291,4600.705888705064,213.8844072699179,22.055423626601993,2549.6148797730807,69.51750288712539,79.12882589160765,0.0,24.255458727164847,1,1702,0.0
12,1064.125,0.12180238279373432,4598.845611112235,213.80031056883715,22.055423626601993,2549.6148797730807,69.51749301422838,79.11282961924033,0.0,24.255568683893173,1,1702,0.0
13,1064.13,0.12182701070932696,4596.98644157586,213.7162630674896,22.055423626601993,2549.6148797730807,69.51748314133138,79.09683964093145,0.0,24.25567861838258,1,1702,0.0
14,1064.135,0.12185163889001686,4595.128379223751,213.63226472762088,22.055423626601993,2549.6148797730807,69.51747326843439,79.08085595299826,0.0,24.25578853064182,1,1702,0.0
15,1064.14,0.1218762673357601,4593.271423184583,213.5483155109277,22.055423626601993,2549.6148797730807,69.51746339553738,79.06487855176084,0.0,24.255898420679635,1,1702,0.0
16,1064.145,0.1219008960465127,4591.415572587875,213.46441537940564,22.055423626601993,2549.6148797730807,69.51745352264037,79.04890743354214,0.0,24.25600828850478,1,1702,0.0
17,1064.15,0.12192552502223084,4589.560826564001,213.38056429493008,22.055423626601993,2549.6148797730807,69.51744364974337,79.03294259466799,0.0,24.25611813412599,1,1702,0.0
18,1064.155,0.12195015426287051,4587.70718424419,213.29676221933792,22.055423626601993,2549.6148797730807,69.51743377684636,79.01698403146702,0.0,24.256227957552003,1,1702,0.0
19,1064.16,0.1219747837683879,4585.854644760514,213.21300911473517,22.055423626601993,2549.6148797730807,69.51742390394936,79.00103174027078,0.0,24.25633775879154,1,1702,0.0
20,1064.165,0.12199941353873914,4584.003207245896,213.1293049430348,22.055423626601993,2549.6148797730807,69.51741403105235,78.9850857174136,0.0,24.25644753785333,1,1702,0.0
21,1064.17,0.12202404357388034,4582.152870834108,213.04564966625708,22.055423626601993,2549.6148797730807,69.51740415815534,78.96914595923268,0.0,24.25655729474609,1,1702,0.0
22,1064.175,0.12204867387376771,4580.3036346597655,212.9620432466278,22.055423626601993,2549.6148797730807,69.51739428525835,78.9532124620681,0.0,24.256667029478542,1,1702,0.0
23,1064.18,0.12207330443835739,4578.455497858336,212.87848564609135,22.055423626601993,2549.6148797730807,69.51738441236135,78.93728522226272,0.0,24.25677674205938,1,1702,0.0
24,1064.185,0.12209793526760555,4576.608459566124,212.79497682686969,22.055423626601993,2549.6148797730807,69.51737453946434,78.92136423616226,0.0,24.256886432497318,1,1702,0.0
25,1064.19,0.12212256636146847,4574.762518920281,212.71151675116974,22.055423626601993,2549.6148797730807,69.51736466656733,78.90544950011531,0.0,24.256996100801054,1,1702,0.0
26,1064.1950000000002,0.12214719771990229,4572.917675058805,212.62810538123298,22.055423626601993,2549.6148797730807,69.51735479367034,78.88954101047322,0.0,24.257105746979274,1,1702,0.0
27,1064.2,0.12217182934286329,4571.07392712053,212.54474267928518,22.055423626601993,2549.6148797730807,69.51734492077333,78.87363876359024,0.0,24.257215371040672,1,1702,0.0
28,1064.2050000000002,0.12219646123030772,4569.231274245132,212.46142860760702,22.055423626601993,2549.6148797730807,69.51733504787633,78.85774275582337,0.0,24.25732497299393,1,1702,0.0
29,1064.21,0.12222109338219184,4567.389715573131,212.37816312855313,22.055423626601993,2549.6148797730807,69.51732517497933,78.8418529835325,0.0,24.257434552847727,1,1702,0.0
30,1064.2150000000001,0.12224572579847193,4565.54925024588,212.2949462045118,22.055423626601993,2549.6148797730807,69.51731530208232,78.82596944308033,0.0,24.257544110610738,1,1702,0.0
31,1064.22,0.12227035847910425,4563.709877405574,212.21177779785077,22.055423626601993,2549.6148797730807,69.51730542918531,78.81009213083233,0.0,24.257653646291622,1,1702,0.0
32,1064.2250000000001,0.12229499142404518,4561.871596195242,212.12865787111633,22.055423626601993,2549.6148797730807,69.51729555628832,78.79422104315684,0.0,24.257763159899053,1,1702,0.0
33,1064.23,0.12231962463325101,4560.034405758751,212.04558638665208,22.055423626601993,2549.6148797730807,69.51728568339131,78.77835617642498,0.0,24.257872651441684,1,1702,0.0
34,1064.2350000000001,0.12234425810667804,4558.198305240803,211.9625633070529,22.055423626601993,2549.6148797730807,69.51727581049431,78.76249752701067,0.0,24.257982120928165,1,1702,0.0
35,1064.24,0.12236889184428268,4556.363293786931,211.87958859484849,22.055423626601993,2549.6148797730807,69.5172659375973,78.74664509129069,0.0,24.25809156836715,1,1702,0.0
36,1064.2450000000001,0.12239352584602126,4554.529370543503,211.79666221264017,22.055423626601993,2549.6148797730807,69.51725606470029,78.73079886564456,0.0,24.25820099376727,1,1702,0.0
37,1064.25,0.12241816011185021,4552.69653465772,211.7137841230616,22.055423626601993,2549.6148797730807,69.5172461918033,78.71495884645465,0.0,24.25831039713718,1,1702,0.0
38,1064.255,0.12244279464172589,4550.864785277613,211.63095428874135,22.055423626601993,2549.6148797730807,69.5172363189063,78.69912503010609,0.0,24.2584197784855,1,1702,0.0
39,1064.26,0.12246742943560472,4549.034121552042,211.54817267241214,22.055423626601993,2549.6148797730807,69.51722644600929,78.68329741298683,0.0,24.258529137820858,1,1702,0.0
40,1064.265,0.12249206449344315,4547.2045426306995,211.46543923678826,22.055423626601993,2549.6148797730807,69.51721657311228,78.66747599148762,0.0,24.258638475151884,1,1702,0.0
41,1064.27,0.12251669981519756,4545.376047664101,211.38275394462804,22.055423626601993,2549.6148797730807,69.51720670021528,78.65166076200198,0.0,24.25874779048719,1,1702,0.0
42,1064.275,0.12254133540082449,4543.548635803594,211.30011675871722,22.055423626601993,2549.6148797730807,69.51719682731827,78.63585172092621,0.0,24.25885708383539,1,1702,0.0
43,1064.28,0.12256597125028033,4541.722306201348,211.21752764201685,22.055423626601993,2549.6148797730807,69.51718695442128,78.62004886465944,0.0,24.25896635520509,1,1702,0.0
44,1064.285,0.12259060736352166,4539.8970580103605,211.13498655722935,22.055423626601993,2549.6148797730807,69.51717708152427,78.60425218960351,0.0,24.259075604604895,1,1702,0.0
45,1064.29,0.1226152437405049,4538.072890384452,211.05249346736798,22.055423626601993,2549.6148797730807,69.51716720862726,78.58846169216311,0.0,24.2591848320434,1,1702,0.0
46,1064.295,0.12263988038118662,4536.249802478267,210.9700483353936,22.055423626601993,2549.6148797730807,69.51715733573026,78.57267736874567,0.0,24.2592940375292,1,1702,0.0
47,1064.3,0.12266451728552331,4534.427793447273,210.8876511242436,22.055423626601993,2549.6148797730807,69.51714746283326,78.55689921576142,0.0,24.259403221070883,1,1702,0.0
48,1064.305,0.12268915445347153,4532.6068624477575,210.80530179697018,22.055423626601993,2549.6148797730807,69.51713758993625,78.54112722962333,0.0,24.25951238267703,1,1702,0.0
49,1064.31,0.12271379188498788,4530.7870086368275,210.72300031654692,22.055423626601993,2549.6148797730807,69.51712771703924,78.52536140674717,0.0,24.25962152235622,1,1702,0.0
50,1064.315,0.12273842958002885,4528.9682311724155,210.640746646215,22.055423626601993,2549.6148797730807,69.51711784414225,78.50960174355141,0.0,24.25973064011702,1,1702,0.0
51,1064.3200000000002,0.12276306753855108,4527.150529213262,210.55854074889706,22.055423626601993,2549.6148797730807,69.51710797124525,78.4938482364574,0.0,24.259839735968008,1,1702,0.0
52,1064.325,0.1227877057605112,4525.333901918935,210.4763825879754,22.055423626601993,2549.6148797730807,69.51709809834824,78.47810088188913,0.0,24.259948809917734,1,1702,0.0
53,1064.3300000000002,0.12281234424586578,4523.518348449815,210.39427212650585,22.055423626601993,2549.6148797730807,69.51708822545125,78.46235967627345,0.0,24.26005786197476,1,1702,0.0
54,1064.335,0.12283698299457144,4521.703867967098,210.31220932775668,22.055423626601993,2549.6148797730807,69.51707835255424,78.44662461603988,0.0,24.260166892147645,1,1702,0.0
55,1064.3400000000001,0.1228616220065849,4519.890459632791,210.23019415501233,22.055423626601993,2549.6148797730807,69.51706847965723,78.43089569762076,0.0,24.26027590044493,1,1702,0.0
56,1064.345,0.12288626128186277,4518.078122609724,210.14822657156188,22.055423626601993,2549.6148797730807,69.51705860676023,78.41517291745112,0.0,24.260384886875162,1,1702,0.0
57,1064.3500000000001,0.12291090082036174,4516.266856061533,210.06630654067843,22.055423626601993,2549.6148797730807,69.51704873386323,78.3994562719688,0.0,24.26049385144687,1,1702,0.0
58,1064.355,0.12293554062203849,4514.456659152666,209.9844340258247,22.055423626601993,2549.6148797730807,69.51703886096622,78.38374575761434,0.0,24.260602794168598,1,1702,0.0
59,1064.3600000000001,0.12296018068684976,4512.647531048386,209.90260899037622,22.055423626601993,2549.6148797730807,69.51702898806921,78.36804137083102,0.0,24.26071171504887,1,1702,0.0
60,1064.365,0.12298482101475222,4510.839470914763,209.82083139779022,22.055423626601993,2549.6148797730807,69.51701911517222,78.3523431080649,0.0,24.260820614096207,1,1702,0.0
61,1064.3700000000001,0.12300946160570264,4509.032477918675,209.73910121154665,22.055423626601993,2549.6148797730807,69.51700924227521,78.33665096576476,0.0,24.260929491319125,1,1702,0.0
62,1064.375,0.12303410245965775,4507.226551227812,209.65741839513169,22.055423626601993,2549.6148797730807,69.51699936937821,78.3209649403821,0.0,24.261038346726142,1,1702,0.0
63,1064.38,0.12305874357657436,4505.421690010665,209.57578291209148,22.055423626601993,2549.6148797730807,69.5169894964812,78.30528502837115,0.0,24.261147180325764,1,1702,0.0
64,1064.385,0.1230833849564092,4503.617893436539,209.49419472603967,22.055423626601993,2549.6148797730807,69.51697962358419,78.28961122618888,0.0,24.261255992126497,1,1702,0.0
65,1064.39,0.12310802659911906,4501.815160675539,209.41265380057615,22.055423626601993,2549.6148797730807,69.5169697506872,78.273943530295,0.0,24.261364782136834,1,1702,0.0
66,1064.395,0.12313266850466077,4500.013490898577,209.33116009934554,22.055423626601993,2549.6148797730807,69.5169598777902,78.25828193715192,0.0,24.261473550365267,1,1702,0.0
67,1064.4,0.12315731067299115,4498.212883277367,209.2497135860598,22.055423626601993,2549.6148797730807,69.51695000489319,78.2426264432248,0.0,24.261582296820293,1,1702,0.0
68,1064.405,0.12318195310406702,4496.413336984425,209.16831422446535,22.055423626601993,2549.6148797730807,69.51694013199618,78.22697704498147,0.0,24.261691021510387,1,1702,0.0
69,1064.41,0.12320659579784525,4494.614851193069,209.08696197825552,22.055423626601993,2549.6148797730807,69.51693025909918,78.21133373889252,0.0,24.26179972444403,1,1702,0.0
70,1064.415,0.1232312387542827,4492.81742507742,209.00565681123123,22.055423626601993,2549.6148797730807,69.51692038620217,78.19569652143124,0.0,24.261908405629697,1,1702,0.0
71,1064.42,0.12325588197333626,4491.021057812394,208.92439868727564,22.055423626601993,2549.6148797730807,69.51691051330518,78.18006538907365,0.0,24.262017065075856,1,1702,0.0
72,1064.425,0.1232805254549628,4489.225748573712,208.84318757023664,22.055423626601993,2549.6148797730807,69.51690064040818,78.16444033829842,0.0,24.26212570279097,1,1702,0.0
73,1064.43,0.12330516919911928,4487.431496537887,208.76202342392872,22.055423626601993,2549.6148797730807,69.51689076751116,78.14882136558701,0.0,24.262234318783502,1,1702,0.0
74,1064.435,0.12332981320576256,4485.638300882232,208.6809062123822,22.055423626601993,2549.6148797730807,69.51688089461416,78.1332084674235,0.0,24.2623429130619,1,1702,0.0
75,1064.44,0.1233544574748496,4483.846160784857,208.5998358995732,22.055423626601993,2549.6148797730807,69.51687102171717,78.11760164029474,0.0,24.262451485634617,1,1702,0.0
76,1064.4450000000002,0.12337910200633735,4482.055075424665,208.51881244938295,22.055423626601993,2549.6148797730807,69.51686114882015,78.10200088069023,0.0,24.262560036510095,1,1702,0.0
77,1064.45,0.1234037468001828,4480.265043981353,208.4378358259451,22.055423626601993,2549.6148797730807,69.51685127592316,78.08640618510216,0.0,24.262668565696774,1,1702,0.0
78,1064.4550000000002,0.12342839185634291,4478.476065635411,208.35690599326824,22.055423626601993,2549.6148797730807,69.51684140302615,78.0708175500255,0.0,24.26277707320309,1,1702,0.0
79,1064.46,0.12345303717477471,4476.688139568126,208.27602291554908,22.055423626601993,2549.6148797730807,69.51683153012914,78.05523497195779,0.0,24.26288555903747,1,1702,0.0
80,1064.4650000000001,0.12347768275543514,4474.9012649615715,208.1951865568215,22.055423626601993,2549.6148797730807,69.51682165723214,78.03965844739935,0.0,24.26299402320834,1,1702,0.0
81,1064.47,0.12350232859828125,4473.115440998613,208.1143968812371,22.055423626601993,2549.6148797730807,69.51681178433515,78.02408797285311,0.0,24.263102465724117,1,1702,0.0
82,1064.4750000000001,0.12352697470327015,4471.330666862905,208.03365385316548,22.055423626601993,2549.6148797730807,69.51680191143814,78.00852354482475,0.0,24.26321088659322,1,1702,0.0
83,1064.48,0.1235516210703588,4469.54694173889,207.95295743669098,22.055423626601993,2549.6148797730807,69.51679203854113,77.9929651598226,0.0,24.263319285824057,1,1702,0.0
84,1064.4850000000001,0.12357626769950432,4467.764264811804,207.8723075961549,22.055423626601993,2549.6148797730807,69.51678216564413,77.97741281435766,0.0,24.263427663425038,1,1702,0.0
85,1064.49,0.12360091459066376,4465.982635267663,207.79170429586168,22.055423626601993,2549.6148797730807,69.51677229274712,77.96186650494361,0.0,24.263536019404558,1,1702,0.0
86,1064.4950000000001,0.12362556174379423,4464.202052293269,207.71114750011242,22.055423626601993,2549.6148797730807,69.51676241985012,77.94632622809682,0.0,24.263644353771014,1,1702,0.0
87,1064.5,0.12365020915885286,4462.422515076215,207.63063717340526,22.055423626601993,2549.6148797730807,69.51675254695311,77.93079198033631,0.0,24.263752666532795,1,1702,0.0
88,1064.505,0.12367485683579675,4460.644022804873,207.5501732800132,22.055423626601993,2549.6148797730807,69.5167426740561,77.91526375818378,0.0,24.263860957698288,1,1702,0.0
89,1064.51,0.12369950477458302,4458.866574668402,207.46975578440225,22.055423626601993,2549.6148797730807,69.51673280115911,77.89974155816357,0.0,24.263969227275876,1,1702,0.0
90,1064.515,0.1237241529751689,4457.090169856738,207.38938465108387,22.055423626601993,2549.6148797730807,69.51672292826211,77.88422537680272,0.0,24.264077475273933,1,1702,0.0
91,1064.52,0.12374880143751146,4455.314807560607,207.3090598445846,22.055423626601993,2549.6148797730807,69.5167130553651,77.8687152106309,0.0,24.264185701700832,1,1702,0.0
92,1064.525,0.12377345016156793,4453.540486971505,207.2287813294648,22.055423626601993,2549.6148797730807,69.51670318246809,77.85321105618044,0.0,24.264293906564934,1,1702,0.0
93,1064.53,0.12379809914729552,4451.767207281716,207.14854907022132,22.055423626601993,2549.6148797730807,69.5166933095711,77.83771290998634,0.0,24.264402089874608,1,1702,0.0
94,1064.535,0.12382274839465143,4449.994967684299,207.06836303155325,22.055423626601993,2549.6148797730807,69.5166834366741,77.82222076858623,0.0,24.264510251638203,1,1702,0.0
95,1064.54,0.12384739790359289,4448.223767373091,206.98822317804192,22.055423626601993,2549.6148797730807,69.51667356377709,77.80673462852045,0.0,24.26461839186408,1,1702,0.0
96,1064.545,0.12387204767407713,4446.453605542708,206.90812947442757,22.055423626601993,2549.6148797730807,69.5166636908801,77.79125448633187,0.0,24.264726510560582,1,1702,0.0
97,1064.55,0.12389669770606139,4444.684481388539,206.8280818854015,22.055423626601993,2549.6148797730807,69.51665381798308,77.77578033856614,0.0,24.26483460773605,1,1702,0.0
98,1064.555,0.12392134799950293,4442.916394106753,206.74808037569576,22.055423626601993,2549.6148797730807,69.51664394508607,77.76031218177144,0.0,24.26494268339882,1,1702,0.0
99,1064.56,0.12394599855435903,4441.149342894286,206.66812491007315,22.055423626601993,2549.6148797730807,69.51663407218908,77.74485001249866,0.0,24.265050737557235,1,1702,0.0
100,1064.565,0.12397064937058704,4439.383326948854,206.588215453479,22.055423626601993,2549.6148797730807,69.51662419929208,77.72939382730128,0.0,24.26515877021961,1,1702,0.0
101,1064.5700000000002,0.12399530044814425,4437.618345468942,206.5083519706227,22.055423626601993,2549.6148797730807,69.51661432639507,77.71394362273546,0.0,24.265266781394278,1,1702,0.0
102,1064.575,0.12401995178698794,4435.8543976538085,206.428534426391,22.055423626601993,2549.6148797730807,69.51660445349806,77.69849939535995,0.0,24.26537477108955,1,1702,0.0
103,1064.5800000000002,0.12404460338707549,4434.0914827034785,206.3487627858037,22.055423626601993,2549.6148797730807,69.51659458060107,77.68306114173616,0.0,24.265482739313743,1,1702,0.0
104,1064.585,0.12406925524836426,4432.329599818756,206.26903701375005,22.055423626601993,2549.6148797730807,69.51658470770406,77.66762885842812,0.0,24.265590686075164,1,1702,0.0
105,1064.5900000000001,0.12409390737081157,4430.568748201203,206.1893570751904,22.055423626601993,2549.6148797730807,69.51657483480706,77.65220254200246,0.0,24.265698611382124,1,1702,0.0
106,1064.595,0.12411855975437484,4428.808927053156,206.10972293516895,22.055423626601993,2549.6148797730807,69.51656496191005,77.63678218902847,0.0,24.26580651524291,1,1702,0.0
107,1064.6000000000001,0.12414321239901145,4427.050135577719,206.03013455870405,22.055423626601993,2549.6148797730807,69.51655508901304,77.621367796078,0.0,24.26591439766583,1,1702,0.0
108,1064.605,0.12416786530467884,4425.292372978756,205.95059191095828,22.055423626601993,2549.6148797730807,69.51654521611604,77.6059593597256,0.0,24.266022258659167,1,1702,0.0
109,1064.6100000000001,0.1241925184713344,4423.535638460906,205.87109495697138,22.055423626601993,2549.6148797730807,69.51653534321905,77.59055687654839,0.0,24.266130098231205,1,1702,0.0
110,1064.615,0.1242171718989356,4421.7799312295665,205.7916436618878,22.055423626601993,2549.6148797730807,69.51652547032204,77.5751603431261,0.0,24.266237916390224,1,1702,0.0
111,1064.6200000000001,0.1242418255874398,4420.025250490898,205.7122379909898,22.055423626601993,2549.6148797730807,69.51651559742503,77.55976975604104,0.0,24.266345713144503,1,1702,0.0
112,1064.625,0.12426647953680459,4418.271595451827,205.63287790936872,22.055423626601993,2549.6148797730807,69.51650572452803,77.5443851118782,0.0,24.26645348850231,1,1702,0.0
113,1064.63,0.12429113374698739,4416.51896532004,205.55356338233133,22.055423626601993,2549.6148797730807,69.51649585163102,77.52900640722511,0.0,24.26656124247191,1,1702,0.0
114,1064.635,0.12431578821794567,4414.767359303984,205.4742943751312,22.055423626601993,2549.6148797730807,69.51648597873402,77.51363363867193,0.0,24.266668975061567,1,1702,0.0
115,1064.64,0.124340442949637,4413.016776612866,205.3950708531687,22.055423626601993,2549.6148797730807,69.51647610583703,77.49826680281141,0.0,24.266776686279538,1,1702,0.0
116,1064.645,0.12436509794201885,4411.267216456656,205.31589278168278,22.055423626601993,2549.6148797730807,69.51646623294,77.48290589623893,0.0,24.266884376134072,1,1702,0.0
117,1064.65,0.12438975319504879,4409.518678046077,205.23676012610065,22.055423626601993,2549.6148797730807,69.51645636004301,77.46755091555241,0.0,24.26699204463341,1,1702,0.0
118,1064.655,0.12441440870868435,4407.771160592614,205.15767285189517,22.055423626601993,2549.6148797730807,69.51644648714601,77.45220185735238,0.0,24.267099691785813,1,1702,0.0
119,1064.66,0.1244390644828831,4406.024663308509,205.07863092440195,22.055423626601993,2549.6148797730807,69.516436614249,77.436858718242,0.0,24.2672073175995,1,1702,0.0
120,1064.665,0.1244637205176026,4404.279185406755,204.9996343091852,22.055423626601993,2549.6148797730807,69.516426741352,77.42152149482696,0.0,24.267314922082708,1,1702,0.0
121,1064.67,0.12448837681280048,4402.5347261011,204.9206829716995,22.055423626601993,2549.6148797730807,69.516416868455,77.40619018371557,0.0,24.267422505243665,1,1702,0.0
122,1064.675,0.12451303336843432,4400.791284606054,204.84177687752256,22.055423626601993,2549.6148797730807,69.51640699555799,77.39086478151872,0.0,24.267530067090604,1,1702,0.0
123,1064.68,0.12453769018446176,4399.048860136872,204.7629159922284,22.055423626601993,2549.6148797730807,69.51639712266099,77.37554528484985,0.0,24.267637607631734,1,1702,0.0
124,1064.685,0.12456234726084044,4397.3074519095635,204.68410028139337,22.055423626601993,2549.6148797730807,69.516387249764,77.36023169032501,0.0,24.267745126875266,1,1702,0.0
125,1064.69,0.12458700459752794,4395.567059140893,204.60532971072774,22.055423626601993,2549.6148797730807,69.51637737686698,77.34492399456282,0.0,24.26785262482942,1,1702,0.0
126,1064.6950000000002,0.12461166219448203,4393.827681048369,204.52660424585832,22.055423626601993,2549.6148797730807,69.51636750396997,77.32962219418448,0.0,24.26796010150239,1,1702,0.0
127,1064.7,0.12463632005166032,4392.089316850259,204.4479238525144,22.055423626601993,2549.6148797730807,69.51635763107298,77.3143262858137,0.0,24.26806755690238,1,1702,0.0
128,1064.7050000000002,0.12466097816902051,4390.351965765568,204.36928849642553,22.055423626601993,2549.6148797730807,69.51634775817597,77.29903626607685,0.0,24.26817499103759,1,1702,0.0
129,1064.71,0.1246856365465203,4388.615627014057,204.29069814335566,22.055423626601993,2549.6148797730807,69.51633788527897,77.28375213160281,0.0,24.268282403916206,1,1702,0.0
130,1064.7150000000001,0.12471029518411743,4386.8802998162355,204.2121527590847,22.055423626601993,2549.6148797730807,69.51632801238196,77.26847387902302,0.0,24.268389795546412,1,1702,0.0
131,1064.72,0.1247349540817696,4385.14598339335,204.13365230956273,22.055423626601993,2549.6148797730807,69.51631813948495,77.25320150497149,0.0,24.268497165936388,1,1702,0.0
132,1064.7250000000001,0.12475961323943459,4383.412676967404,204.05519676051125,22.055423626601993,2549.6148797730807,69.51630826658796,77.23793500608481,0.0,24.268604515094317,1,1702,0.0
133,1064.73,0.12478427265707016,4381.680379761137,203.9767860779496,22.055423626601993,2549.6148797730807,69.51629839369096,77.22267437900209,0.0,24.268711843028363,1,1702,0.0
134,1064.7350000000001,0.12480893233463405,4379.949090998036,203.89842022772532,22.055423626601993,2549.6148797730807,69.51628852079395,77.207419620365,0.0,24.2688191497467,1,1702,0.0
135,1064.74,0.12483359227208408,4378.218809902329,203.8200991758812,22.055423626601993,2549.6148797730807,69.51627864789694,77.19217072681779,0.0,24.268926435257484,1,1702,0.0
136,1064.7450000000001,0.12485825246937805,4376.48953569899,203.7418228883661,22.055423626601993,2549.6148797730807,69.51626877499994,77.17692769500724,0.0,24.269033699568876,1,1702,0.0
137,1064.75,0.12488291292647377,4374.7612676137305,203.66359133122148,22.055423626601993,2549.6148797730807,69.51625890210295,77.16169052158264,0.0,24.269140942689027,1,1702,0.0
138,1064.755,0.12490757364332906,4373.034004873,203.58540447048347,22.055423626601993,2549.6148797730807,69.51624902920594,77.14645920319587,0.0,24.26924816462609,1,1702,0.0
139,1064.76,0.1249322346199018,4371.307746703996,203.50726227236004,22.055423626601993,2549.6148797730807,69.51623915630893,77.13123373650136,0.0,24.269355365388204,1,1702,0.0
140,1064.765,0.12495689585614982,4369.582492334645,203.42916470286846,22.055423626601993,2549.6148797730807,69.51622928341193,77.11601411815604,0.0,24.269462544983508,1,1702,0.0
141,1064.77,0.12498155735203098,4367.85824099362,203.35111172815888,22.055423626601993,2549.6148797730807,69.51621941051492,77.1008003448194,0.0,24.269569703420135,1,1702,0.0
142,1064.775,0.12500621910750317,4366.134991910325,203.2731033144825,22.055423626601993,2549.6148797730807,69.51620953761793,77.08559241315344,0.0,24.26967684070622,1,1702,0.0
143,1064.78,0.12503088112252433,4364.412744314901,203.1951394280219,22.055423626601993,2549.6148797730807,69.51619966472093,77.0703903198227,0.0,24.269783956849885,1,1702,0.0
144,1064.785,0.12505554339705233,4362.691497438225,203.11722003509112,22.055423626601993,2549.6148797730807,69.51618979182392,77.05519406149428,0.0,24.26989105185925,1,1702,0.0
145,1064.79,0.12508020593104516,4360.971250511911,203.03934510191218,22.055423626601993,2549.6148797730807,69.51617991892691,77.04000363483777,0.0,24.269998125742433,1,1702,0.0
146,1064.795,0.12510486872446064,4359.252002768305,202.96151459485807,22.055423626601993,2549.6148797730807,69.51617004602991,77.02481903652532,0.0,24.27010517850754,1,1702,0.0
147,1064.8,0.12512953177725683,4357.5337534404825,202.88372848022988,22.055423626601993,2549.6148797730807,69.5161601731329,77.00964026323153,0.0,24.270212210162683,1,1702,0.0
148,1064.805,0.12515419508939166,4355.816501762255,202.80598672445123,22.055423626601993,2549.6148797730807,69.5161503002359,76.99446731163361,0.0,24.27031922071596,1,1702,0.0
149,1064.81,0.12517885866082315,4354.100246968162,202.72828929386958,22.055423626601993,2549.6148797730807,69.5161404273389,76.97930017841122,0.0,24.270426210175472,1,1702,0.0
150,1064.815,0.12520352249150923,4352.384988293477,202.65063615503368,22.055423626601993,2549.6148797730807,69.51613055444189,76.96413886024658,0.0,24.270533178549307,1,1702,0.0
151,1064.8200000000002,0.12522818658140797,4350.6707249742,202.57302727436618,22.055423626601993,2549.6148797730807,69.51612068154489,76.94898335382439,0.0,24.27064012584556,1,1702,0.0
152,1064.825,0.1252528509304774,4348.957456247062,202.49546261833726,22.055423626601993,2549.6148797730807,69.5161108086479,76.93383365583186,0.0,24.27074705207231,1,1702,0.0
153,1064.8300000000002,0.12527751553867547,4347.245181349519,202.41794215355205,22.055423626601993,2549.6148797730807,69.51610093575088,76.91868976295873,0.0,24.270853957237637,1,1702,0.0
154,1064.835,0.12530218040596033,4345.533899519755,202.34046584660666,22.055423626601993,2549.6148797730807,69.51609106285387,76.90355167189726,0.0,24.27096084134961,1,1702,0.0
155,1064.8400000000001,0.12532684553229,4343.823609996682,202.2630336639731,22.055423626601993,2549.6148797730807,69.51608118995688,76.88841937934217,0.0,24.271067704416303,1,1702,0.0
156,1064.845,0.12535151091762256,4342.114312019934,202.1856455724697,22.055423626601993,2549.6148797730807,69.51607131705987,76.87329288199066,0.0,24.27117454644578,1,1702,0.0
157,1064.8500000000001,0.12537617656191613,4340.4060048298725,202.10830153859,22.055423626601993,2549.6148797730807,69.51606144416287,76.85817217654251,0.0,24.271281367446107,1,1702,0.0
158,1064.855,0.12540084246512878,4338.698687667582,202.03100152910736,22.055423626601993,2549.6148797730807,69.51605157126586,76.84305725969993,0.0,24.27138816742533,1,1702,0.0
159,1064.8600000000001,0.12542550862721863,4336.992359774867,201.95374551082253,22.055423626601993,2549.6148797730807,69.51604169836885,76.82794812816766,0.0,24.271494946391503,1,1702,0.0
160,1064.865,0.12545017504814387,4335.287020394256,201.87653345035665,22.055423626601993,2549.6148797730807,69.51603182547186,76.8128447786529,0.0,24.271601704352676,1,1702,0.0
161,1064.8700000000001,0.1254748417278626,4333.582668769001,201.79936531457344,22.055423626601993,2549.6148797730807,69.51602195257486,76.79774720786536,0.0,24.27170844131689,1,1702,0.0
162,1064.875,0.12549950866633303,4331.879304143072,201.72224107033463,22.055423626601993,2549.6148797730807,69.51601207967785,76.78265541251723,0.0,24.27181515729218,1,1702,0.0
163,1064.88,0.12552417586351325,4330.176925761156,201.64516068444158,22.055423626601993,2549.6148797730807,69.51600220678085,76.76756938932319,0.0,24.271921852286585,1,1702,0.0
164,1064.885,0.12554884331936153,4328.475532868664,201.56812412377158,22.055423626601993,2549.6148797730807,69.51599233388384,76.75248913500039,0.0,24.272028526308127,1,1702,0.0
165,1064.89,0.12557351103383602,4326.775124711723,201.4911313553204,22.055423626601993,2549.6148797730807,69.51598246098683,76.73741464626846,0.0,24.272135179364835,1,1702,0.0
166,1064.895,0.125598179006895,4325.075700537173,201.41418234597643,22.055423626601993,2549.6148797730807,69.51597258808984,76.72234591984952,0.0,24.27224181146472,1,1702,0.0
167,1064.9,0.12562284723849662,4323.377259592577,201.33727706271497,22.055423626601993,2549.6148797730807,69.51596271519284,76.70728295246816,0.0,24.272348422615803,1,1702,0.0
168,1064.905,0.12564751572859917,4321.67980112621,201.26041547252274,22.055423626601993,2549.6148797730807,69.51595284229583,76.69222574085143,0.0,24.272455012826093,1,1702,0.0
169,1064.91,0.12567218447716091,4319.98332438706,201.18359754251745,22.055423626601993,2549.6148797730807,69.51594296939882,76.67717428172887,0.0,24.2725615821036,1,1702,0.0
170,1064.915,0.12569685348414014,4318.28782862483,201.10682323971804,22.055423626601993,2549.6148797730807,69.51593309650183,76.66212857183245,0.0,24.272668130456314,1,1702,0.0
171,1064.92,0.12572152274949508,4316.593313089939,201.03009253122372,22.055423626601993,2549.6148797730807,69.51592322360482,76.64708860789669,0.0,24.272774657892235,1,1702,0.0
172,1064.925,0.12574619227318404,4314.8997770335145,200.95340538420916,22.055423626601993,2549.6148797730807,69.51591335070782,76.63205438665847,0.0,24.272881164419363,1,1702,0.0
173,1064.93,0.12577086205516536,4313.2072197073985,200.8767617658101,22.055423626601993,2549.6148797730807,69.51590347781081,76.61702590485717,0.0,24.27298765004568,1,1702,0.0
174,1064.935,0.12579553209539737,4311.5156403641395,200.80016164325016,22.055423626601993,2549.6148797730807,69.5158936049138,76.60200315923466,0.0,24.273094114779163,1,1702,0.0
175,1064.94,0.12582020239383837,4309.8250382569995,200.72360498370557,22.055423626601993,2549.6148797730807,69.5158837320168,76.58698614653522,0.0,24.273200558627796,1,1702,0.0
176,1064.9450000000002,0.12584487295044675,4308.1354126399465,200.64709175447518,22.055423626601993,2549.6148797730807,69.51587385911981,76.57197486350562,0.0,24.273306981599557,1,1702,0.0
177,1064.95,0.1258695437651809,4306.4467627676595,200.57062192287324,22.055423626601993,2549.6148797730807,69.5158639862228,76.55696930689504,0.0,24.273413383702408,1,1702,0.0
178,1064.9550000000002,0.12589421483799915,4304.759087895523,200.49419545611633,22.055423626601993,2549.6148797730807,69.51585411332579,76.54196947345517,0.0,24.273519764944314,1,1702,0.0
179,1064.96,0.1259188861688599,4303.072387279631,200.4178123217119,22.055423626601993,2549.6148797730807,69.51584424042879,76.52697535994008,0.0,24.27362612533324,1,1702,0.0
180,1064.9650000000001,0.1259435577577216,4301.386660176775,200.34147248688825,22.055423626601993,2549.6148797730807,69.5158343675318,76.51198696310637,0.0,24.27373246487714,1,1702,0.0
181,1064.97,0.12596822960454257,4299.701905844466,200.26517591911548,22.055423626601993,2549.6148797730807,69.51582449463478,76.49700427971295,0.0,24.27383878358396,1,1702,0.0
182,1064.9750000000001,0.12599290170928137,4298.018123540904,200.18892258584242,22.055423626601993,2549.6148797730807,69.51581462173777,76.4820273065213,0.0,24.273945081461655,1,1702,0.0
183,1064.98,0.1260175740718964,4296.335312524999,200.1127124545923,22.055423626601993,2549.6148797730807,69.51580474884078,76.46705604029528,0.0,24.27405135851816,1,1702,0.0
184,1064.9850000000001,0.1260422466923461,4294.653472056367,200.03654549278636,22.055423626601993,2549.6148797730807,69.51579487594377,76.45209047780118,0.0,24.274157614761418,1,1702,0.0
185,1064.99,0.12606691957058896,4292.97260139532,199.96042166797326,22.055423626601993,2549.6148797730807,69.51578500304677,76.43713061580773,0.0,24.274263850199358,1,1702,0.0
186,1064.9950000000001,0.12609159270658346,4291.292699802874,199.8843409477354,22.055423626601993,2549.6148797730807,69.51577513014978,76.42217645108613,0.0,24.274370064839907,1,1702,0.0
187,1065.0,0.12611626610028814,4289.613766540745,199.8083032996929,22.055423626601993,2549.6148797730807,69.51576525725275,76.40722798040993,0.0,24.274476258690996,1,1702,0.0
188,1065.005,0.12614093975166146,4287.935800871347,199.7323086914327,22.055423626601993,2549.6148797730807,69.51575538435576,76.39228520055518,0.0,24.27458243176054,1,1702,0.0
189,1065.01,0.12616561366066198,4286.258802057792,199.65635709057855,22.055423626601993,2549.6148797730807,69.51574551145876,76.3773481083003,0.0,24.27468858405645,1,1702,0.0
190,1065.015,0.12619028782724825,4284.582769363892,199.58044846488482,22.055423626601993,2549.6148797730807,69.51573563856175,76.36241670042617,0.0,24.274794715586648,1,1702,0.0
191,1065.02,0.12621496225137885,4282.9077020541545,199.50458278201458,22.055423626601993,2549.6148797730807,69.51572576566475,76.34749097371606,0.0,24.274900826359026,1,1702,0.0
192,1065.025,0.12623963693301232,4281.233599393788,199.4287600097765,22.055423626601993,2549.6148797730807,69.51571589276774,76.3325709249557,0.0,24.2750069163815,1,1702,0.0
193,1065.03,0.1262643118721072,4279.560460648686,199.35298011584936,22.055423626601993,2549.6148797730807,69.51570601987073,76.31765655093321,0.0,24.27511298566196,1,1702,0.0
194,1065.035,0.12628898706862215,4277.888285085447,199.2772430681283,22.055423626601993,2549.6148797730807,69.51569614697374,76.30274784843908,0.0,24.275219034208295,1,1702,0.0
195,1065.04,0.12631366252251577,4276.2170719713595,199.2015488344538,22.055423626601993,2549.6148797730807,69.51568627407674,76.28784481426628,0.0,24.2753250620284,1,1702,0.0
196,1065.045,0.12633833823374668,4274.5468205744055,199.12589738261477,22.055423626601993,2549.6148797730807,69.51567640117973,76.27294744521015,0.0,24.275431069130153,1,1702,0.0
197,1065.05,0.1263630142022735,4272.877530163255,199.050288680552,22.055423626601993,2549.6148797730807,69.51566652828272,76.25805573806845,0.0,24.275537055521443,1,1702,0.0
198,1065.055,0.1263876904280549,4271.209200007274,198.9747226962144,22.055423626601993,2549.6148797730807,69.51565665538573,76.24316968964133,0.0,24.275643021210133,1,1702,0.0
199,1065.06,0.12641236691104954,4269.541829376522,198.89919939751314,22.055423626601993,2549.6148797730807,69.51564678248872,76.22828929673136,0.0,24.2757489662041,1,1702,0.0
200,1065.065,0.1264370436512161,4267.8754175417425,198.82371875248296,22.055423626601993,2549.6148797730807,69.51563690959172,76.21341455614348,0.0,24.27585489051121,1,1702,0.0
201,1065.0700000000002,0.12646172064851324,4266.20996377437,198.74828072910373,22.055423626601993,2549.6148797730807,69.51562703669471,76.19854546468507,0.0,24.275960794139323,1,1702,0.0
202,1065.075,0.12648639790289973,4264.545467346529,198.67288529541162,22.055423626601993,2549.6148797730807,69.5156171637977,76.18368201916586,0.0,24.276066677096296,1,1702,0.0
203,1065.0800000000002,0.12651107541433423,4262.88192753103,198.59753241950497,22.055423626601993,2549.6148797730807,69.5156072909007,76.168824216398,0.0,24.276172539389982,1,1702,0.0
204,1065.085,0.1265357531827755,4261.219343601373,198.52222206950444,22.055423626601993,2549.6148797730807,69.51559741800371,76.15397205319601,0.0,24.27627838102823,1,1702,0.0
205,1065.0900000000001,0.12656043120818228,4259.557714831736,198.44695421353026,22.055423626601993,2549.6148797730807,69.5155875451067,76.13912552637686,0.0,24.276384202018885,1,1702,0.0
206,1065.095,0.12658510949051333,4257.897040496997,198.37172881974521,22.055423626601993,2549.6148797730807,69.51557767220969,76.1242846327598,0.0,24.27649000236978,1,1702,0.0
207,1065.1000000000001,0.12660978802972736,4256.237319872705,198.29654585637294,22.055423626601993,2549.6148797730807,69.51556779931269,76.10944936916654,0.0,24.27659578208876,1,1702,0.0
208,1065.105,0.12663446682578325,4254.578552235096,198.2214052916084,22.055423626601993,2549.6148797730807,69.51555792641568,76.09461973242114,0.0,24.276701541183645,1,1702,0.0
209,1065.1100000000001,0.12665914587863977,4252.9207368610905,198.14630709369143,22.055423626601993,2549.6148797730807,69.51554805351869,76.07979571935007,0.0,24.27680727966227,1,1702,0.0
210,1065.115,0.12668382518825572,4251.263873028294,198.0712512309405,22.055423626601993,2549.6148797730807,69.51553818062169,76.06497732678214,0.0,24.276912997532452,1,1702,0.0
211,1065.1200000000001,0.12670850475458995,4249.607960014989,197.99623767159528,22.055423626601993,2549.6148797730807,69.51552830772468,76.05016455154856,0.0,24.27701869480201,1,1702,0.0
212,1065.125,0.12673318457760124,4247.952997100141,197.92126638415078,22.055423626601993,2549.6148797730807,69.51551843482767,76.0353573904829,0.0,24.277124371478752,1,1702,0.0
213,1065.13,0.1267578646572485,4246.2989835633925,197.846337336807,22.055423626601993,2549.6148797730807,69.51550856193067,76.02055584042111,0.0,24.277230027570496,1,1702,0.0
214,1065.135,0.12678254499349054,4244.645918685071,197.77145049812086,22.055423626601993,2549.6148797730807,69.51549868903366,76.00575989820149,0.0,24.277335663085037,1,1702,0.0
215,1065.14,0.12680722558628632,4242.993801746174,197.69660583641516,22.055423626601993,2549.6148797730807,69.51548881613667,75.99096956066474,0.0,24.277441278030178,1,1702,0.0
216,1065.145,0.1268319406285272,4241.342632028383,197.6218033201855,22.055423626601993,2549.6148797730807,69.51547894323966,75.9761848246544,0.0,24.277546872413716,1,1702,0.0
217,1065.15,0.12685682751427704,4239.692408814116,197.54704291799015,22.055423626601993,2549.6148797730807,69.51546907034265,75.96140568701686,0.0,24.27765244624344,1,1702,0.0
218,1065.155,0.1268819004655567,4238.043131386511,197.47232459824764,22.055423626601993,2549.6148797730807,69.51545919744565,75.94663214459668,0.0,24.277757999527136,1,1702,0.0
219,1065.16,0.12690715926566817,4236.39479902892,197.39764832951556,22.055423626601993,2549.6148797730807,69.51544932454865,75.9318641942499,0.0,24.277863532272587,1,1702,0.0
220,1065.165,0.1269326036981456,4234.747411026384,197.32301408045137,22.055423626601993,2549.6148797730807,69.51543945165164,75.91710183283591,0.0,24.27796904448757,1,1702,0.0
221,1065.17,0.1269582335467666,4233.100966664734,197.24842181966875,22.055423626601993,2549.6148797730807,69.51542957875463,75.90234505721652,0.0,24.27807453617986,1,1702,0.0
222,1065.175,0.12698404859555606,4231.455465230476,197.17387151582543,22.055423626601993,2549.6148797730807,69.51541970585764,75.88759386425583,0.0,24.278180007357225,1,1702,0.0
223,1065.18,0.12701004862878124,4229.81090601078,197.0993631376752,22.055423626601993,2549.6148797730807,69.51540983296064,75.87284825082028,0.0,24.278285458027433,1,1702,0.0
224,1065.185,0.12703623343095777,4228.167288293488,197.0248966539134,22.055423626601993,2549.6148797730807,69.51539996006363,75.85810821377865,0.0,24.278390888198235,1,1702,0.0
225,1065.19,0.12706260278684367,4226.5246113671155,196.9504720332773,22.055423626601993,2549.6148797730807,69.51539008716662,75.84337375000206,0.0,24.278496297877393,1,1702,0.0
226,1065.1950000000002,0.12708915648144303,4224.88287452084,196.87608924461506,22.055423626601993,2549.6148797730807,69.51538021426963,75.82864485636395,0.0,24.27860168707266,1,1702,0.0
227,1065.2,0.12711589430000228,4223.24207704451,196.8017482566415,22.055423626601993,2549.6148797730807,69.51537034137262,75.8139215297401,0.0,24.278707055791777,1,1702,0.0
228,1065.2050000000002,0.12714281602801467,4221.602218228639,196.72744903833234,22.055423626601993,2549.6148797730807,69.51536046847562,75.7992037670086,0.0,24.278812404042498,1,1702,0.0
229,1065.21,0.1271699214512134,4219.9632973644075,196.65319155846288,22.055423626601993,2549.6148797730807,69.51535059557862,75.7844915650499,0.0,24.27891773183255,1,1702,0.0
230,1065.2150000000001,0.12719721035557893,4218.325313743663,196.5789757859934,22.055423626601993,2549.6148797730807,69.5153407226816,75.76978492074674,0.0,24.27902303916967,1,1702,0.0
231,1065.22,0.12722468252733088,4216.688266658913,196.50480168983293,22.055423626601993,2549.6148797730807,69.5153308497846,75.75508383098419,0.0,24.279128326061596,1,1702,0.0
232,1065.2250000000001,0.12725233775293368,4215.052155403333,196.4306692390126,22.055423626601993,2549.6148797730807,69.51532097688761,75.74038829264963,0.0,24.27923359251604,1,1702,0.0
233,1065.23,0.1272801758190934,4213.416979270759,196.35657840244562,22.055423626601993,2549.6148797730807,69.5153111039906,75.72569830263276,0.0,24.27933883854073,1,1702,0.0
234,1065.2350000000001,0.12730819651275962,4211.78273755569,196.28252914906372,22.055423626601993,2549.6148797730807,69.5153012310936,75.7110138578256,0.0,24.279444064143387,1,1702,0.0
235,1065.24,0.12733639962112123,4210.149429553287,196.20852144810286,22.055423626601993,2549.6148797730807,69.51529135819659,75.69633495512248,0.0,24.279549269331717,1,1702,0.0
236,1065.2450000000001,0.12736478493161021,4208.517054559368,196.13455526858806,22.055423626601993,2549.6148797730807,69.51528148529958,75.68166159142002,0.0,24.279654454113434,1,1702,0.0
237,1065.25,0.12739335223189902,4206.885611870419,196.06063057952392,22.055423626601993,2549.6148797730807,69.51527161240259,75.6669937636172,0.0,24.279759618496236,1,1702,0.0
238,1065.255,0.12742210130990173,4205.255100783576,195.9867473501988,22.055423626601993,2549.6148797730807,69.51526173950559,75.65233146861523,0.0,24.279864762487826,1,1702,0.0
239,1065.26,0.12745103195377352,4203.625520596642,195.912905549659,22.055423626601993,2549.6148797730807,69.51525186660858,75.63767470331769,0.0,24.279969886095895,1,1702,0.0
240,1065.265,0.1274801439519057,4201.996870608071,195.83910514712449,22.055423626601993,2549.6148797730807,69.51524199371157,75.6230234646304,0.0,24.28007498932814,1,1702,0.0
241,1065.27,0.12750943709293508,4200.369150116977,195.76534611178718,22.055423626601993,2549.6148797730807,69.51523212081457,75.60837774946154,0.0,24.280180072192238,1,1702,0.0
242,1065.275,0.12753891116573535,4198.742358423131,195.6916284129874,22.055423626601993,2549.6148797730807,69.51522224791756,75.59373755472156,0.0,24.280285134695884,1,1702,0.0
243,1065.28,0.12756856595941934,4197.116494826958,195.61795201994948,22.055423626601993,2549.6148797730807,69.51521237502057,75.57910287732318,0.0,24.280390176846748,1,1702,0.0
244,1065.285,0.12759840126333913,4195.491558629541,195.5443169019552,22.055423626601993,2549.6148797730807,69.51520250212356,75.56447371418146,0.0,24.280495198652506,1,1702,0.0
245,1065.29,0.12762841686708637,4193.867549132612,195.4707230283511,22.055423626601993,2549.6148797730807,69.51519262922655,75.54985006221372,0.0,24.280600200120826,1,1702,0.0
246,1065.295,0.12765861256049035,4192.244465638561,195.3971703685673,22.055423626601993,2549.6148797730807,69.51518275632955,75.53523191833955,0.0,24.280705181259375,1,1702,0.0
247,1065.3,0.12768898813361837,4190.622307450427,195.32365889185297,22.055423626601993,2549.6148797730807,69.51517288343256,75.52061927948088,0.0,24.28081014207581,1,1702,0.0
248,1065.305,0.12771954337677732,4189.001073871906,195.25018856779096,22.055423626601993,2549.6148797730807,69.51516301053555,75.50601214256187,0.0,24.280915082577796,1,1702,0.0
249,1065.31,0.1277502780805097,4187.380764207338,195.17675936573468,22.055423626601993,2549.6148797730807,69.51515313763853,75.491410504509,0.0,24.281020002772976,1,1702,0.0
250,1065.315,0.127781192035594,4185.76137776172,195.1033712551227,22.055423626601993,2549.6148797730807,69.51514326474154,75.47681436225102,0.0,24.281124902669006,1,1702,0.0
251,1065.3200000000002,0.12781228503305114,4184.142913840695,195.03002420559432,22.055423626601993,2549.6148797730807,69.51513339184453,75.46222371271892,0.0,24.28122978227352,1,1702,0.0
252,1065.325,0.12784355686413285,4182.525371750557,194.9567181865658,22.055423626601993,2549.6148797730807,69.51512351894753,75.44763855284603,0.0,24.281334641594164,1,1702,0.0
253,1065.3300000000002,0.1278750073203297,4180.908750798247,194.88345316758097,22.055423626601993,2549.6148797730807,69.51511364605054,75.43305887956791,0.0,24.28143948063857,1,1702,0.0
254,1065.335,0.1279066361933686,4179.293050291354,194.81022911833722,22.055423626601993,2549.6148797730807,69.51510377315351,75.41848468982239,0.0,24.281544299414374,1,1702,0.0
255,1065.3400000000001,0.12793844327521128,4177.678269538114,194.73704600842495,22.055423626601993,2549.6148797730807,69.51509390025652,75.40391598054958,0.0,24.2816490979292,1,1702,0.0
256,1065.345,0.127970428358056,4176.064407847409,194.66390380739512,22.055423626601993,2549.6148797730807,69.51508402735952,75.38935274869189,0.0,24.28175387619067,1,1702,0.0
257,1065.3500000000001,0.12800259123433647,4174.451464528767,194.59080248499225,22.055423626601993,2549.6148797730807,69.51507415446251,75.37479499119392,0.0,24.281858634206404,1,1702,0.0
258,1065.355,0.12803493169671928,4172.839438892359,194.5177420109355,22.055423626601993,2549.6148797730807,69.51506428156551,75.36024270500262,0.0,24.28196337198401,1,1702,0.0
259,1065.3600000000001,0.12806744953810667,4171.228330249002,194.4447223548866,22.055423626601993,2549.6148797730807,69.5150544086685,75.34569588706712,0.0,24.282068089531105,1,1702,0.0
260,1065.365,0.12810014455163726,4169.618137910156,194.3717434866936,22.055423626601993,2549.6148797730807,69.5150445357715,75.33115453433885,0.0,24.282172786855288,1,1702,0.0
261,1065.3700000000001,0.12813301653068046,4168.008861187921,194.29880537604583,22.055423626601993,2549.6148797730807,69.5150346628745,75.31661864377152,0.0,24.282277463964167,1,1702,0.0
262,1065.375,0.12816606526884053,4166.400499395042,194.22590799281846,22.055423626601993,2549.6148797730807,69.5150247899775,75.30208821232101,0.0,24.282382120865332,1,1702,0.0
263,1065.38,0.12819929055995694,4164.793051844903,194.15305130687048,22.055423626601993,2549.6148797730807,69.51501491708049,75.28756323694557,0.0,24.282486757566378,1,1702,0.0
264,1065.385,0.12823269219810035,4163.186517851531,194.08023528800177,22.055423626601993,2549.6148797730807,69.51500504418348,75.2730437146056,0.0,24.282591374074897,1,1702,0.0
265,1065.39,0.12826626997757506,4161.58089672959,194.00745990612984,22.055423626601993,2549.6148797730807,69.51499517128649,75.25852964226381,0.0,24.28269597039847,1,1702,0.0
266,1065.395,0.12830002369291657,4159.976187794381,193.93472513122072,22.055423626601993,2549.6148797730807,69.51498529838949,75.24402101688511,0.0,24.282800546544678,1,1702,0.0
267,1065.4,0.12833395313889484,4158.37239036185,193.8620309331969,22.055423626601993,2549.6148797730807,69.51497542549248,75.22951783543671,0.0,24.28290510252109,1,1702,0.0
268,1065.405,0.12836805811050978,4156.7695037485755,193.78937728202075,22.055423626601993,2549.6148797730807,69.51496555259547,75.21502009488799,0.0,24.283009638335294,1,1702,0.0
269,1065.41,0.12840233840299572,4155.167527271772,193.7167641477083,22.055423626601993,2549.6148797730807,69.51495567969847,75.20052779221064,0.0,24.28311415399484,1,1702,0.0
270,1065.415,0.1284367938118159,4153.566460249293,193.64419150035096,22.055423626601993,2549.6148797730807,69.51494580680146,75.18604092437852,0.0,24.283218649507305,1,1702,0.0
271,1065.42,0.12847142413266513,4151.966301999628,193.57165930992275,22.055423626601993,2549.6148797730807,69.51493593390447,75.1715594883678,0.0,24.283323124880237,1,1702,0.0
272,1065.425,0.12850622916146937,4150.367051841897,193.49916754651903,22.055423626601993,2549.6148797730807,69.51492606100746,75.15708348115683,0.0,24.28342758012119,1,1702,0.0
273,1065.43,0.12854120869438626,4148.768709095857,193.42671618036823,22.055423626601993,2549.6148797730807,69.51491618811045,75.14261289972622,0.0,24.283532015237725,1,1702,0.0
274,1065.435,0.12857636252780108,4147.1712730819,193.35430518146936,22.055423626601993,2549.6148797730807,69.51490631521345,75.12814774105878,0.0,24.283636430237383,1,1702,0.0
275,1065.44,0.1286116904583323,4145.574743121047,193.2819345200916,22.055423626601993,2549.6148797730807,69.51489644231646,75.11368800213957,0.0,24.283740825127705,1,1702,0.0
276,1065.4450000000002,0.1286471922828256,4143.979118534951,193.2096041664263,22.055423626601993,2549.6148797730807,69.51488656941945,75.09923367995589,0.0,24.28384519991623,1,1702,0.0
277,1065.45,0.1286828677983583,4142.384398645901,193.13731409067964,22.055423626601993,2549.6148797730807,69.51487669652245,75.08478477149721,0.0,24.28394955461049,1,1702,0.0
278,1065.4550000000002,0.1287187168022338,4140.79058277681,193.06506426308013,22.055423626601993,2549.6148797730807,69.51486682362544,75.0703412737553,0.0,24.284053889218015,1,1702,0.0
279,1065.46,0.12875473909198656,4139.197670251225,192.9928546539494,22.055423626601993,2549.6148797730807,69.51485695072843,75.05590318372408,0.0,24.284158203746333,1,1702,0.0
280,1065.4650000000001,0.12879093446537923,4137.605660393319,192.92068523361633,22.055423626601993,2549.6148797730807,69.51484707783143,75.04147049839972,0.0,24.28426249820296,1,1702,0.0
281,1065.47,0.12882730272040363,4136.014552527899,192.8485559723498,22.055423626601993,2549.6148797730807,69.51483720493444,75.02704321478059,0.0,24.28436677259542,1,1702,0.0
282,1065.4750000000001,0.12886384365527676,4134.424345980391,192.7764668405818,22.055423626601993,2549.6148797730807,69.51482733203743,75.01262132986727,0.0,24.28447102693122,1,1702,0.0
283,1065.48,0.12890055706844647,4132.835040076856,192.70441780866236,22.055423626601993,2549.6148797730807,69.51481745914042,74.9982048406626,0.0,24.28457526121787,1,1702,0.0
284,1065.4850000000001,0.12893744275858668,4131.246634143979,192.63240884702705,22.055423626601993,2549.6148797730807,69.51480758624342,74.98379374417155,0.0,24.284679475462877,1,1702,0.0
285,1065.49,0.12897450052459766,4129.659127509064,192.56043992611114,22.055423626601993,2549.6148797730807,69.51479771334641,74.96938803740137,0.0,24.28478366967374,1,1702,0.0
286,1065.4950000000001,0.12901173016560855,4128.072519500051,192.48851101637976,22.055423626601993,2549.6148797730807,69.51478784044942,74.95498771736148,0.0,24.284887843857955,1,1702,0.0
287,1065.5,0.12904913148097288,4126.486809445498,192.41662208838852,22.055423626601993,2549.6148797730807,69.5147779675524,74.94059278106349,0.0,24.284991998023013,1,1702,0.0
288,1065.505,0.1290867042702719,4124.9019966745855,192.34477311262438,22.055423626601993,2549.6148797730807,69.5147680946554,74.92620322552125,0.0,24.285096132176403,1,1702,0.0
289,1065.51,0.12912444833331277,4123.3180805171205,192.2729640595841,22.055423626601993,2549.6148797730807,69.5147582217584,74.91181904775078,0.0,24.28520024632561,1,1702,0.0
290,1065.515,0.12916236347012755,4121.735060303529,192.2011948999284,22.055423626601993,2549.6148797730807,69.5147483488614,74.8974402447703,0.0,24.28530434047811,1,1702,0.0
291,1065.52,0.1292004494809755,4120.152935364859,192.12946560425036,22.055423626601993,2549.6148797730807,69.51473847596439,74.88306681360022,0.0,24.285408414641378,1,1702,0.0
292,1065.525,0.1292387061663383,4118.571705032781,192.05777614317205,22.055423626601993,2549.6148797730807,69.51472860306738,74.86869875126318,0.0,24.285512468822887,1,1702,0.0
293,1065.53,0.1292771333269249,4116.991368639583,191.98612648738444,22.055423626601993,2549.6148797730807,69.51471873017039,74.85433605478396,0.0,24.285616503030106,1,1702,0.0
294,1065.535,0.12931573076366865,4115.411925518173,191.91451660752907,22.055423626601993,2549.6148797730807,69.51470885727338,74.83997872118957,0.0,24.285720517270498,1,1702,0.0
295,1065.54,0.1293544982777265,4113.833375002083,191.84294647435416,22.055423626601993,2549.6148797730807,69.51469898437638,74.82562674750919,0.0,24.28582451155152,1,1702,0.0
296,1065.545,0.12939343567047906,4112.255716425454,191.77141605864423,22.055423626601993,2549.6148797730807,69.51468911147938,74.81128013077416,0.0,24.285928485880625,1,1702,0.0
297,1065.55,0.12943254274353225,4110.678949123048,191.6999253310723,22.055423626601993,2549.6148797730807,69.51467923858236,74.79693886801806,0.0,24.286032440265263,1,1702,0.0
298,1065.555,0.12947181929871346,4109.103072430248,191.6284742624816,22.055423626601993,2549.6148797730807,69.51466936568536,74.7826029562766,0.0,24.286136374712882,1,1702,0.0
299,1065.56,0.12951126513807582,4107.528085683048,191.55706282371094,22.055423626601993,2549.6148797730807,69.51465949278837,74.7682723925877,0.0,24.28624028923093,1,1702,0.0
300,1065.565,0.12955088006389287,4105.953988218056,191.4856909855886,22.055423626601993,2549.6148797730807,69.51464961989136,74.75394717399143,0.0,24.286344183826834,1,1702,0.0
301,1065.5700000000002,0.1295906638786626,4104.380779372499,191.4143587190098,22.055423626601993,2549.6148797730807,69.51463974699436,74.73962729753008,0.0,24.28644805850804,1,1702,0.0
302,1065.575,0.1296306163851054,4102.808458484218,191.34306599485126,22.055423626601993,2549.6148797730807,69.51462987409735,74.72531276024804,0.0,24.286551913281965,1,1702,0.0
303,1065.5800000000002,0.12967073738616208,4101.237024891662,191.27181278404194,22.055423626601993,2549.6148797730807,69.51462000120034,74.71100355919195,0.0,24.286655748156043,1,1702,0.0
304,1065.585,0.12971102668499757,4099.666477933896,191.2005990576271,22.055423626601993,2549.6148797730807,69.51461012830335,74.69669969141057,0.0,24.286759563137696,1,1702,0.0
305,1065.5900000000001,0.12975148408499632,4098.0968169505995,191.12942478646366,22.055423626601993,2549.6148797730807,69.51460025540635,74.68240115395486,0.0,24.28686335823434,1,1702,0.0
306,1065.595,0.12979210938976649,4096.528041282056,191.05828994163474,22.055423626601993,2549.6148797730807,69.51459038250934,74.66810794387789,0.0,24.286967133453384,1,1702,0.0
307,1065.6000000000001,0.12983290240313503,4094.960150269166,190.98719449415373,22.055423626601993,2549.6148797730807,69.51458050961233,74.65382005823494,0.0,24.287070888802248,1,1702,0.0
308,1065.605,0.12987386292915018,4093.3931432534387,190.91613841507666,22.055423626601993,2549.6148797730807,69.51457063671533,74.63953749408346,0.0,24.287174624288326,1,1702,0.0
309,1065.6100000000001,0.1299149907720806,4091.8270195769883,190.84512167556673,22.055423626601993,2549.6148797730807,69.51456076381834,74.62526024848302,0.0,24.287278339919027,1,1702,0.0
310,1065.615,0.12995628573641774,4090.261778582542,190.77414424663036,22.055423626601993,2549.6148797730807,69.51455089092133,74.61098831849536,0.0,24.287382035701746,1,1702,0.0
311,1065.6200000000001,0.12999774762686753,4088.697419613433,190.70320609944497,22.055423626601993,2549.6148797730807,69.51454101802432,74.59672170118439,0.0,24.28748571164387,1,1702,0.0
312,1065.625,0.13003937624836193,4087.1339420136023,190.63230720524413,22.055423626601993,2549.6148797730807,69.51453114512732,74.58246039361617,0.0,24.287589367752798,1,1702,0.0
313,1065.63,0.13008117140604772,4085.571345127596,190.56144753516213,22.055423626601993,2549.6148797730807,69.51452127223031,74.56820439285892,0.0,24.28769300403591,1,1702,0.0
314,1065.635,0.13012313290529215,4084.009628300568,190.49062706039365,22.055423626601993,2549.6148797730807,69.51451139933332,74.55395369598294,0.0,24.287796620500586,1,1702,0.0
315,1065.64,0.1301652605516821,4082.448790878275,190.41984575228113,22.055423626601993,2549.6148797730807,69.5145015264363,74.5397083000608,0.0,24.2879002171542,1,1702,0.0
316,1065.645,0.13020755415102248,4080.88883220708,190.34910358198172,22.055423626601993,2549.6148797730807,69.5144916535393,74.5254682021671,0.0,24.28800379400413,1,1702,0.0
317,1065.65,0.1302500135093354,4079.3297516339517,190.27840052090647,22.055423626601993,2549.6148797730807,69.5144817806423,74.51123339937865,0.0,24.288107351057747,1,1702,0.0
318,1065.655,0.1302926384328639,4077.771548506456,190.20773654030984,22.055423626601993,2549.6148797730807,69.5144719077453,74.49700388877439,0.0,24.288210888322407,1,1702,0.0
319,1065.66,0.1303354287280662,4076.214222172765,190.1371116116095,22.055423626601993,2549.6148797730807,69.5144620348483,74.48277966743537,0.0,24.288314405805473,1,1702,0.0
320,1065.665,0.13037838420161774,4074.6577719816523,190.06652570609862,22.055423626601993,2549.6148797730807,69.51445216195128,74.46856073244483,0.0,24.288417903514304,1,1702,0.0
321,1065.67,0.1304215046604145,4073.1021972824956,189.99597879525152,22.055423626601993,2549.6148797730807,69.51444228905429,74.45434708088807,0.0,24.28852138145625,1,1702,0.0
322,1065.675,0.13046478991156557,4071.5474974252656,189.92547085043714,22.055423626601993,2549.6148797730807,69.51443241615728,74.44013870985262,0.0,24.28862483963866,1,1702,0.0
323,1065.68,0.13050823976239936,4069.99367176054,189.85500184319153,22.055423626601993,2549.6148797730807,69.51442254326028,74.42593561642806,0.0,24.28872827806888,1,1702,0.0
324,1065.685,0.13055185402045874,4068.440719639493,189.7845717449307,22.055423626601993,2549.6148797730807,69.51441267036328,74.41173779770614,0.0,24.28883169675425,1,1702,0.0
325,1065.69,0.130595632493505,4066.8886404138957,189.71418052719355,22.055423626601993,2549.6148797730807,69.51440279746627,74.39754525078072,0.0,24.288935095702104,1,1702,0.0
326,1065.6950000000002,0.13063957498951384,4065.337433436119,189.64382816151078,22.055423626601993,2549.6148797730807,69.51439292456926,74.3833579727478,0.0,24.289038474919774,1,1702,0.0
327,1065.7,0.13068368131667663,4063.7870980591306,189.57351461944208,22.055423626601993,2549.6148797730807,69.51438305167227,74.36917596070549,0.0,24.28914183441459,1,1702,0.0
328,1065.7050000000002,0.1307279512834,4062.2376336364932,189.50323987261086,22.055423626601993,2549.6148797730807,69.51437317877526,74.35499921175403,0.0,24.289245174193873,1,1702,0.0
329,1065.71,0.13077238469830701,4060.689039522368,189.43300389258704,22.055423626601993,2549.6148797730807,69.51436330587826,74.34082772299581,0.0,24.289348494264942,1,1702,0.0
330,1065.7150000000001,0.13081698137023437,4059.1413150715107,189.36280665097067,22.055423626601993,2549.6148797730807,69.51435343298125,74.32666149153526,0.0,24.28945179463512,1,1702,0.0
331,1065.72,0.13086174110823362,4057.5944596392696,189.29264811953996,22.055423626601993,2549.6148797730807,69.51434356008424,74.31250051447901,0.0,24.289555075311714,1,1702,0.0
332,1065.7250000000001,0.13090666372156995,4056.0484725815872,189.2225282698824,22.055423626601993,2549.6148797730807,69.51433368718725,74.29834478893575,0.0,24.289658336302033,1,1702,0.0
333,1065.73,0.13095174901972464,4054.5033532550037,189.15244707377187,22.055423626601993,2549.6148797730807,69.51432381429025,74.28419431201631,0.0,24.289761577613376,1,1702,0.0
334,1065.7350000000001,0.130996996812391,4052.959101016645,189.08240450294267,22.055423626601993,2549.6148797730807,69.51431394139324,74.27004908083362,0.0,24.28986479925305,1,1702,0.0
335,1065.74,0.13104240690947508,4051.415715224232,189.01240052913312,22.055423626601993,2549.6148797730807,69.51430406849623,74.25590909250272,0.0,24.289968001228345,1,1702,0.0
336,1065.7450000000001,0.13108797912109957,4049.8731952360804,188.94243512412996,22.055423626601993,2549.6148797730807,69.51429419559923,74.24177434414075,0.0,24.290071183546555,1,1702,0.0
337,1065.75,0.13113371325759585,4048.3315404110895,188.8725082598454,22.055423626601993,2549.6148797730807,69.51428432270222,74.22764483286696,0.0,24.290174346214968,1,1702,0.0
338,1065.755,0.1311796091295114,4046.790750108754,188.80261990802342,22.055423626601993,2549.6148797730807,69.51427444980523,74.21352055580272,0.0,24.290277489240868,1,1702,0.0
339,1065.76,0.1312256665476046,4045.250823689157,188.7327700405828,22.055423626601993,2549.6148797730807,69.51426457690822,74.19940151007147,0.0,24.290380612631537,1,1702,0.0
340,1065.765,0.13127188532284698,4043.711760512969,188.66295862940336,22.055423626601993,2549.6148797730807,69.51425470401121,74.18528769279875,0.0,24.290483716394245,1,1702,0.0
341,1065.77,0.131318265266421,4042.1735599414465,188.5931856464202,22.055423626601993,2549.6148797730807,69.51424483111421,74.17117910111224,0.0,24.29058680053627,1,1702,0.0
342,1065.775,0.1313648061897208,4040.6362213364378,188.52345106357637,22.055423626601993,2549.6148797730807,69.51423495821722,74.15707573214168,0.0,24.290689865064873,1,1702,0.0
343,1065.78,0.13141150790435321,4039.0997440603765,188.45375485281235,22.055423626601993,2549.6148797730807,69.5142250853202,74.14297758301889,0.0,24.290792909987328,1,1702,0.0
344,1065.785,0.1314583702221341,4037.56412747628,188.3840969861878,22.055423626601993,2549.6148797730807,69.51421521242321,74.12888465087781,0.0,24.290895935310882,1,1702,0.0
345,1065.79,0.13150539295509409,4036.029370947754,188.31447743566443,22.055423626601993,2549.6148797730807,69.5142053395262,74.11479693285446,0.0,24.290998941042798,1,1702,0.0
346,1065.795,0.13155257591547026,4034.4954738389897,188.24489617335243,22.055423626601993,2549.6148797730807,69.51419546662919,74.10071442608694,0.0,24.29110192719033,1,1702,0.0
347,1065.8,0.13159991891571135,4032.962435514756,188.17535317129872,22.055423626601993,2549.6148797730807,69.5141855937322,74.08663712771545,0.0,24.291204893760717,1,1702,0.0
348,1065.805,0.13164742176847777,4031.430255340414,188.10584840156676,22.055423626601993,2549.6148797730807,69.5141757208352,74.07256503488226,0.0,24.291307840761217,1,1702,0.0
349,1065.81,0.13169508428663798,4029.898932681901,188.03638183634948,22.055423626601993,2549.6148797730807,69.51416584793819,74.05849814473174,0.0,24.291410768199054,1,1702,0.0
350,1065.815,0.1317429062832721,4028.368466905741,187.96695344776694,22.055423626601993,2549.6148797730807,69.51415597504118,74.04443645441033,0.0,24.291513676081472,1,1702,0.0
351,1065.8200000000002,0.13179088757166624,4026.838857379038,187.89756320798304,22.055423626601993,2549.6148797730807,69.51414610214418,74.03037996106653,0.0,24.291616564415705,1,1702,0.0
352,1065.825,0.13183902796531907,4025.3101034694746,187.8282110892426,22.055423626601993,2549.6148797730807,69.51413622924719,74.01632866185093,0.0,24.291719433208975,1,1702,0.0
353,1065.8300000000002,0.13188732727793642,4023.782204545316,187.7588970636535,22.055423626601993,2549.6148797730807,69.51412635635018,74.0022825539162,0.0,24.291822282468512,1,1702,0.0
354,1065.835,0.13193578532343342,4022.2551599754074,187.6896211036495,22.055423626601993,2549.6148797730807,69.51411648345317,73.98824163441708,0.0,24.291925112201532,1,1702,0.0
355,1065.8400000000001,0.13198440191593208,4020.728969129172,187.62038318135254,22.055423626601993,2549.6148797730807,69.51410661055617,73.9742059005104,0.0,24.29202792241525,1,1702,0.0
356,1065.845,0.132033176869764,4019.203631376615,187.5511832691316,22.055423626601993,2549.6148797730807,69.51409673765916,73.960175349355,0.0,24.292130713116883,1,1702,0.0
357,1065.8500000000001,0.13208210999946854,4017.679146088311,187.48202133931255,22.055423626601993,2549.6148797730807,69.51408686476216,73.94614997811183,0.0,24.292233484313634,1,1702,0.0
358,1065.855,0.13213120111979218,4016.1555126354206,187.4128973642595,22.055423626601993,2549.6148797730807,69.51407699186515,73.93212978394394,0.0,24.29233623601271,1,1702,0.0
359,1065.8600000000001,0.13218045004568876,4014.632730389676,187.34381131630965,22.055423626601993,2549.6148797730807,69.51406711896814,73.91811476401635,0.0,24.29243896822131,1,1702,0.0
360,1065.865,0.13222985659231817,4013.1107987233863,187.27476316794528,22.055423626601993,2549.6148797730807,69.51405724607115,73.90410491549622,0.0,24.29254168094663,1,1702,0.0
361,1065.8700000000001,0.13227942057504913,4011.589717009436,187.20575289142994,22.055423626601993,2549.6148797730807,69.51404737317415,73.89010023555275,0.0,24.292644374195866,1,1702,0.0
362,1065.875,0.1323291418094556,4010.069484621286,187.13678045941273,22.055423626601993,2549.6148797730807,69.51403750027714,73.87610072135715,0.0,24.292747047976203,1,1702,0.0
363,1065.88,0.13237902011131886,4008.5501009329664,187.06784584426828,22.055423626601993,2549.6148797730807,69.51402762738013,73.86210637008277,0.0,24.292849702294827,1,1702,0.0
364,1065.885,0.1324290552966242,4007.031565319087,186.9989490185034,22.055423626601993,2549.6148797730807,69.51401775448313,73.84811717890496,0.0,24.292952337158916,1,1702,0.0
365,1065.89,0.13247924718156498,4005.513877154826,186.93008995464623,22.055423626601993,2549.6148797730807,69.51400788158612,73.83413314500112,0.0,24.29305495257565,1,1702,0.0
366,1065.895,0.13252959558253827,4003.997035815935,186.86126862528144,22.055423626601993,2549.6148797730807,69.51399800868913,73.82015426555071,0.0,24.293157548552198,1,1702,0.0
367,1065.9,0.1325801003161487,4002.481040678735,186.7924850029572,22.055423626601993,2549.6148797730807,69.51398813579213,73.80618053773524,0.0,24.293260125095728,1,1702,0.0
368,1065.905,0.13263076119920303,4000.965891120123,186.72373906028247,22.055423626601993,2549.6148797730807,69.51397826289511,73.79221195873828,0.0,24.293362682213413,1,1702,0.0
369,1065.91,0.13268157804871453,3999.451586517559,186.65503076988293,22.055423626601993,2549.6148797730807,69.51396838999811,73.77824852574541,0.0,24.293465219912406,1,1702,0.0
370,1065.915,0.13273255068190162,3997.9381262490792,186.58636010444036,22.055423626601993,2549.6148797730807,69.51395851710112,73.76429023594427,0.0,24.293567738199865,1,1702,0.0
371,1065.92,0.13278367891618684,3996.4255096932866,186.51772703657156,22.055423626601993,2549.6148797730807,69.5139486442041,73.75033708652457,0.0,24.293670237082946,1,1702,0.0
372,1065.925,0.1328349625691936,3994.9137362293495,186.44913153901268,22.055423626601993,2549.6148797730807,69.51393877130711,73.736389074678,0.0,24.293772716568796,1,1702,0.0
373,1065.93,0.13288640145875302,3993.402805237007,186.38057358448185,22.055423626601993,2549.6148797730807,69.5139288984101,73.72244619759833,0.0,24.293875176664564,1,1702,0.0
374,1065.935,0.13293799540289855,3991.892716096566,186.31205314571142,22.055423626601993,2549.6148797730807,69.51391902551309,73.70850845248135,0.0,24.293977617377386,1,1702,0.0
375,1065.94,0.1329897442198662,3990.3834681888984,186.2435701955452,22.055423626601993,2549.6148797730807,69.5139091526161,73.69457583652489,0.0,24.2940800387144,1,1702,0.0
376,1065.9450000000002,0.13304164772809604,3988.8750608954415,186.17512470671488,22.055423626601993,2549.6148797730807,69.5138992797191,73.68064834692882,0.0,24.294182440682746,1,1702,0.0
377,1065.95,0.13309370574623022,3987.3674935981994,186.10671665209074,22.055423626601993,2549.6148797730807,69.51388940682209,73.66672598089501,0.0,24.29428482328955,1,1702,0.0
378,1065.9550000000002,0.1331459180931133,3985.8607656797403,186.03834600445919,22.055423626601993,2549.6148797730807,69.51387953392508,73.65280873562739,0.0,24.294387186541933,1,1702,0.0
379,1065.96,0.13319828458779193,3984.3548765231944,185.97001273675318,22.055423626601993,2549.6148797730807,69.51386966102808,73.63889660833188,0.0,24.29448953044702,1,1702,0.0
380,1065.9650000000001,0.13325080504951642,3982.8498255122563,185.90171682185155,22.055423626601993,2549.6148797730807,69.51385978813107,73.62498959621647,0.0,24.294591855011934,1,1702,0.0
381,1065.97,0.1333034792977368,3981.3456120311894,185.83345823268385,22.055423626601993,2549.6148797730807,69.51384991523408,73.61108769649111,0.0,24.294694160243782,1,1702,0.0
382,1065.9750000000001,0.1333563071521063,3979.842235464809,185.7652369421974,22.055423626601993,2549.6148797730807,69.51384004233707,73.59719090636787,0.0,24.294796446149675,1,1702,0.0
383,1065.98,0.13340928843247948,3978.339695198499,185.69705292332512,22.055423626601993,2549.6148797730807,69.51383016944006,73.58329922306072,0.0,24.294898712736725,1,1702,0.0
384,1065.9850000000001,0.13346242295890887,3976.8379906182004,185.62890614909628,22.055423626601993,2549.6148797730807,69.51382029654306,73.56941264378574,0.0,24.295000960012032,1,1702,0.0
385,1065.99,0.13351571055165198,3975.33712111042,185.56079659251984,22.055423626601993,2549.6148797730807,69.51381042364606,73.55553116576097,0.0,24.29510318798269,1,1702,0.0
386,1065.9950000000001,0.13356915103116593,3973.837086062216,185.49272422665274,22.055423626601993,2549.6148797730807,69.51380055074905,73.5416547862065,0.0,24.295205396655803,1,1702,0.0
387,1066.0,0.1336227442181043,3972.3378848612138,185.42468902460004,22.055423626601993,2549.6148797730807,69.51379067785204,73.52778350234438,0.0,24.29530758603845,1,1702,0.0
388,1066.005,0.13367648993332717,3970.839516895593,185.35669095936862,22.055423626601993,2549.6148797730807,69.51378080495505,73.51391731139873,0.0,24.295409756137726,1,1702,0.0
389,1066.01,0.1337303879978887,3969.3419815540924,185.28873000413017,22.055423626601993,2549.6148797730807,69.51377093205804,73.50005621059564,0.0,24.295511906960712,1,1702,0.0
390,1066.015,0.13378443823304587,3967.845278226005,185.22080613205102,22.055423626601993,2549.6148797730807,69.51376105916104,73.48620019716323,0.0,24.29561403851449,1,1702,0.0
391,1066.02,0.13383864046025457,3966.3494063011885,185.1529193162518,22.055423626601993,2549.6148797730807,69.51375118626405,73.4723492683316,0.0,24.295716150806133,1,1702,0.0
392,1066.025,0.13389299450116876,3964.8543651700456,185.0850695298773,22.055423626601993,2549.6148797730807,69.51374131336703,73.45850342133288,0.0,24.29581824384271,1,1702,0.0
393,1066.03,0.13394750017764084,3963.360154223545,185.01725674625402,22.055423626601993,2549.6148797730807,69.51373144047002,73.44466265340115,0.0,24.295920317631293,1,1702,0.0
394,1066.035,0.13400215731172455,3961.866772853202,184.94948093856965,22.055423626601993,2549.6148797730807,69.51372156757303,73.43082696177255,0.0,24.296022372178946,1,1702,0.0
395,1066.04,0.1340569657256692,3960.3742204510904,184.88174208003943,22.055423626601993,2549.6148797730807,69.51371169467603,73.41699634368518,0.0,24.296124407492723,1,1702,0.0
396,1066.045,0.13411192524192428,3958.882496409839,184.81404014404677,22.055423626601993,2549.6148797730807,69.51370182177902,73.40317079637916,0.0,24.296226423579686,1,1702,0.0
397,1066.05,0.1341670356831349,3957.391600122624,184.74637510383053,22.055423626601993,2549.6148797730807,69.51369194888201,73.38935031709656,0.0,24.296328420446887,1,1702,0.0
398,1066.055,0.13422229687214582,3955.9015309831802,184.67874693272228,22.055423626601993,2549.6148797730807,69.51368207598502,73.37553490308147,0.0,24.29643039810137,1,1702,0.0
399,1066.06,0.13427770863199914,3954.412288385791,184.61115560408516,22.055423626601993,2549.6148797730807,69.513672203088,73.36172455158,0.0,24.296532356550188,1,1702,0.0
400,1066.065,0.13433327078593177,3952.9238717252915,184.54360109140126,22.055423626601993,2549.6148797730807,69.51366233019101,73.34791925984017,0.0,24.296634295800374,1,1702,0.0
401,1066.0700000000002,0.13438898315738113,3951.4362803970666,184.47608336792172,22.055423626601993,2549.6148797730807,69.513652457294,73.33411902511209,0.0,24.296736215858964,1,1702,0.0
402,1066.075,0.13444484556997832,3949.9495137970553,184.40860240718771,22.055423626601993,2549.6148797730807,69.51364258439699,73.32032384464775,0.0,24.296838116732996,1,1702,0.0
403,1066.0800000000002,0.13450085784755128,3948.4635713217385,184.34115818256268,22.055423626601993,2549.6148797730807,69.5136327115,73.30653371570119,0.0,24.296939998429504,1,1702,0.0
404,1066.085,0.13455701981412727,3946.9784523681546,184.27375066764534,22.055423626601993,2549.6148797730807,69.513622838603,73.29274863552841,0.0,24.297041860955503,1,1702,0.0
405,1066.0900000000001,0.13461333129392442,3945.494156333885,184.20637983584518,22.055423626601993,2549.6148797730807,69.51361296570599,73.2789686013874,0.0,24.29714370431802,1,1702,0.0
406,1066.095,0.13466979211136088,3944.0106826170586,184.1390456607305,22.055423626601993,2549.6148797730807,69.51360309280898,73.2651936105381,0.0,24.297245528524073,1,1702,0.0
407,1066.1000000000001,0.13472640209104814,3942.528030616354,184.07174811585418,22.055423626601993,2549.6148797730807,69.51359321991198,73.25142366024245,0.0,24.297347333580678,1,1702,0.0
408,1066.105,0.13478316105779417,3941.046199730995,184.00448717473483,22.055423626601993,2549.6148797730807,69.51358334701497,73.23765874776434,0.0,24.29744911949484,1,1702,0.0
409,1066.1100000000001,0.13484006883659977,3939.5651893607496,183.9372628110151,22.055423626601993,2549.6148797730807,69.51357347411798,73.22389887036968,0.0,24.29755088627357,1,1702,0.0
410,1066.115,0.13489712525266384,3938.0849989059334,183.8700749983093,22.055423626601993,2549.6148797730807,69.51356360122098,73.2101440253263,0.0,24.297652633923867,1,1702,0.0
411,1066.1200000000001,0.134954330131377,3936.6056277674074,183.80292371027244,22.055423626601993,2549.6148797730807,69.51355372832396,73.196394209904,0.0,24.297754362452732,1,1702,0.0
412,1066.125,0.1350116832983247,3935.1270753465737,183.73580892052,22.055423626601993,2549.6148797730807,69.51354385542696,73.18264942137459,0.0,24.29785607186716,1,1702,0.0
413,1066.13,0.13506918457928768,3933.649341045381,183.66873060284513,22.055423626601993,2549.6148797730807,69.51353398252996,73.16890965701181,0.0,24.297957762174143,1,1702,0.0
414,1066.135,0.13512683380023954,3932.1724242663167,183.60168873086613,22.055423626601993,2549.6148797730807,69.51352410963295,73.15517491409138,0.0,24.298059433380665,1,1702,0.0
415,1066.14,0.1351846307873476,3930.696324412418,183.53468327839659,22.055423626601993,2549.6148797730807,69.51351423673596,73.14144518989096,0.0,24.298161085493714,1,1702,0.0
416,1066.145,0.13524257536697287,3929.2210408872547,183.4677142191334,22.055423626601993,2549.6148797730807,69.51350436383895,73.12772048169018,0.0,24.29826271852027,1,1702,0.0
417,1066.15,0.1353006673656688,3927.746573094944,183.4007815268911,22.055423626601993,2549.6148797730807,69.51349449094194,73.11400078677063,0.0,24.298364332467305,1,1702,0.0
418,1066.155,0.13535890661018252,3926.2729204401417,183.333885175511,22.055423626601993,2549.6148797730807,69.51348461804494,73.10028610241586,0.0,24.298465927341795,1,1702,0.0
419,1066.16,0.13541729292745205,3924.800082328042,183.2670251388056,22.055423626601993,2549.6148797730807,69.51347474514795,73.08657642591137,0.0,24.298567503150704,1,1702,0.0
420,1066.165,0.13547582614461154,3923.3280581643835,183.20020139059355,22.055423626601993,2549.6148797730807,69.51346487225094,73.07287175454462,0.0,24.298669059901002,1,1702,0.0
421,1066.17,0.13553450608898318,3921.8568473554374,183.13341390480065,22.055423626601993,2549.6148797730807,69.51345499935393,73.05917208560498,0.0,24.29877059759965,1,1702,0.0
422,1066.175,0.13559333258808323,3920.386449308016,183.06666265533107,22.055423626601993,2549.6148797730807,69.51344512645693,73.04547741638383,0.0,24.2988721162536,1,1702,0.0
423,1066.18,0.13565230546961965,3918.9168634294706,182.9999476160937,22.055423626601993,2549.6148797730807,69.51343525355992,73.03178774417448,0.0,24.298973615869812,1,1702,0.0
424,1066.185,0.13571142456149132,3917.448089127689,182.93326876102466,22.055423626601993,2549.6148797730807,69.51342538066292,73.01810306627216,0.0,24.299075096455233,1,1702,0.0
425,1066.19,0.13577068969178913,3915.9801258110933,182.86662606413606,22.055423626601993,2549.6148797730807,69.51341550776591,73.00442337997407,0.0,24.299176558016807,1,1702,0.0
426,1066.1950000000002,0.1358301006887937,3914.512972888644,182.80001949940825,22.055423626601993,2549.6148797730807,69.5134056348689,72.99074868257931,0.0,24.299278000561475,1,1702,0.0
427,1066.2,0.13588965738097813,3913.0466297698345,182.73344904088472,22.055423626601993,2549.6148797730807,69.5133957619719,72.97707897138898,0.0,24.299379424096184,1,1702,0.0
428,1066.2050000000002,0.13594935959700324,3911.5810958646935,182.66691466255415,22.055423626601993,2549.6148797730807,69.51338588907491,72.96341424370608,0.0,24.299480828627857,1,1702,0.0
429,1066.21,0.13600920716572387,3910.1163705837885,182.60041633852674,22.055423626601993,2549.6148797730807,69.5133760161779,72.94975449683555,0.0,24.299582214163433,1,1702,0.0
430,1066.2150000000001,0.136069199916183,3908.652453338212,182.53395404288517,22.055423626601993,2549.6148797730807,69.51336614328089,72.93609972808429,0.0,24.299683580709836,1,1702,0.0
431,1066.22,0.13612933767761323,3907.189343539598,182.46752774973984,22.055423626601993,2549.6148797730807,69.5133562703839,72.92244993476109,0.0,24.29978492827399,1,1702,0.0
432,1066.2250000000001,0.13618962027943693,3905.727040600106,182.40113743319858,22.055423626601993,2549.6148797730807,69.51334639748688,72.90880511417672,0.0,24.299886256862816,1,1702,0.0
433,1066.23,0.1362500475512657,3904.265543932434,182.33478306749987,22.055423626601993,2549.6148797730807,69.51333652458989,72.89516526364385,0.0,24.29998756648323,1,1702,0.0
434,1066.2350000000001,0.13631061932290248,3902.8048529498064,182.26846462676173,22.055423626601993,2549.6148797730807,69.51332665169289,72.88153038047707,0.0,24.30008885714214,1,1702,0.0
435,1066.24,0.13637133542433502,3901.344967065978,182.20218208520546,22.055423626601993,2549.6148797730807,69.51331677879587,72.86790046199293,0.0,24.30019012884646,1,1702,0.0
436,1066.2450000000001,0.13643219568574402,3899.8858856952356,182.135935417044,22.055423626601993,2549.6148797730807,69.51330690589887,72.85427550550989,0.0,24.300291381603092,1,1702,0.0
437,1066.25,0.13649319993749545,3898.427608252399,182.0697245965534,22.055423626601993,2549.6148797730807,69.51329703300188,72.8406555083483,0.0,24.300392615418936,1,1702,0.0
438,1066.255,0.1365543480101466,3896.970134152809,182.0035495980231,22.055423626601993,2549.6148797730807,69.51328716010488,72.8270404678305,0.0,24.300493830300887,1,1702,0.0
439,1066.26,0.13661563973443835,3895.5134628123405,181.93741039574925,22.055423626601993,2549.6148797730807,69.51327728720787,72.81343038128067,0.0,24.300595026255845,1,1702,0.0
440,1066.265,0.13667707494130424,3894.057593647397,181.8713069640425,22.055423626601993,2549.6148797730807,69.51326741431086,72.79982524602498,0.0,24.300696203290695,1,1702,0.0
441,1066.27,0.1367386534618625,3892.602526074905,181.80523927717198,22.055423626601993,2549.6148797730807,69.51325754141386,72.78622505939146,0.0,24.300797361412325,1,1702,0.0
442,1066.275,0.13680037512741924,3891.1482595123193,181.7392073096139,22.055423626601993,2549.6148797730807,69.51324766851685,72.77262981871007,0.0,24.300898500627618,1,1702,0.0
443,1066.28,0.13686223976946812,3889.6947933776232,181.6732110357345,22.055423626601993,2549.6148797730807,69.51323779561986,72.75903952131273,0.0,24.30099962094345,1,1702,0.0
444,1066.285,0.136924247219689,3888.242127089323,181.60725042992757,22.055423626601993,2549.6148797730807,69.51322792272285,72.7454541645332,0.0,24.3011007223667,1,1702,0.0
445,1066.29,0.13698639730994927,3886.790260066451,181.54132546660875,22.055423626601993,2549.6148797730807,69.51321804982584,72.7318737457072,0.0,24.301201804904238,1,1702,0.0
446,1066.295,0.13704868987230143,3885.3391917285644,181.4754361202707,22.055423626601993,2549.6148797730807,69.51320817692884,72.71829826217233,0.0,24.301302868562928,1,1702,0.0
447,1066.3,0.1371111247389851,3883.888921495742,181.40958236540996,22.055423626601993,2549.6148797730807,69.51319830403185,72.70472771126809,0.0,24.30140391334964,1,1702,0.0
448,1066.305,0.1371737017424273,3882.439448788587,181.3437641765058,22.055423626601993,2549.6148797730807,69.51318843113484,72.69116209033592,0.0,24.301504939271222,1,1702,0.0
449,1066.31,0.13723642071523826,3880.990773028228,181.27798152806966,22.055423626601993,2549.6148797730807,69.51317855823783,72.67760139671914,0.0,24.301605946334544,1,1702,0.0
450,1066.315,0.13729928149021353,3879.542893636312,181.212234394653,22.055423626601993,2549.6148797730807,69.51316868534083,72.66404562776296,0.0,24.301706934546452,1,1702,0.0
451,1066.3200000000002,0.13736228390033722,3878.095810035009,181.14652275085402,22.055423626601993,2549.6148797730807,69.51315881244382,72.65049478081451,0.0,24.3018079039138,1,1702,0.0
452,1066.325,0.13742542777877623,3876.649521647013,181.08084657126773,22.055423626601993,2549.6148797730807,69.51314893954682,72.63694885322282,0.0,24.30190885444343,1,1702,0.0
453,1066.3300000000002,0.13748871295888085,3875.204027895532,181.01520583052962,22.055423626601993,2549.6148797730807,69.51313906664981,72.62340784233878,0.0,24.30200978614218,1,1702,0.0
454,1066.335,0.13755213927418977,3873.7593282043003,180.94960050322757,22.055423626601993,2549.6148797730807,69.5131291937528,72.6098717455152,0.0,24.302110699016893,1,1702,0.0
455,1066.3400000000001,0.1376157065584231,3872.3154219975686,180.88403056402097,22.055423626601993,2549.6148797730807,69.51311932085581,72.5963405601068,0.0,24.302211593074404,1,1702,0.0
456,1066.345,0.13767941464548608,3870.8723087001035,180.8184959876817,22.055423626601993,2549.6148797730807,69.51310944795881,72.58281428347016,0.0,24.30231246832154,1,1702,0.0
457,1066.3500000000001,0.13774326336946863,3869.429987737197,180.7529967488421,22.055423626601993,2549.6148797730807,69.5130995750618,72.56929291296376,0.0,24.302413324765126,1,1702,0.0
458,1066.355,0.137807252564643,3867.9884585346526,180.68753282222744,22.055423626601993,2549.6148797730807,69.5130897021648,72.55577644594796,0.0,24.30251416241199,1,1702,0.0
459,1066.3600000000001,0.13787138206546568,3866.547720518792,180.62210418265155,22.055423626601993,2549.6148797730807,69.5130798292678,72.54226487978502,0.0,24.302614981268952,1,1702,0.0
460,1066.365,0.13793565170657593,3865.1077731164582,180.5567108048315,22.055423626601993,2549.6148797730807,69.51306995637079,72.52875821183909,0.0,24.302715781342826,1,1702,0.0
461,1066.3700000000001,0.138000061322798,3863.6686157550034,180.4913526636136,22.055423626601993,2549.6148797730807,69.51306008347379,72.51525643947618,0.0,24.302816562640423,1,1702,0.0
462,1066.375,0.1380646107491374,3862.2302478623014,180.4260297337578,22.055423626601993,2549.6148797730807,69.5130502105768,72.50175956006417,0.0,24.30291732516855,1,1702,0.0
463,1066.38,0.13812929982078057,3860.792668866737,180.3607419901638,22.055423626601993,2549.6148797730807,69.51304033767978,72.48826757097288,0.0,24.30301806893402,1,1702,0.0
464,1066.385,0.13819412837310038,3859.3558781972088,180.2954894076739,22.055423626601993,2549.6148797730807,69.51303046478277,72.47478046957393,0.0,24.30311879394363,1,1702,0.0
465,1066.39,0.13825909624164906,3857.9198752831308,180.23027196116993,22.055423626601993,2549.6148797730807,69.51302059188578,72.46129825324086,0.0,24.30321950020417,1,1702,0.0
466,1066.395,0.13832420326216055,3856.4846595544313,180.1650896255842,22.055423626601993,2549.6148797730807,69.51301071898877,72.44782091934908,0.0,24.303320187722445,1,1702,0.0
467,1066.4,0.13838944927055283,3855.05023044155,180.09994237586346,22.055423626601993,2549.6148797730807,69.51300084609177,72.43434846527587,0.0,24.303420856505237,1,1702,0.0
468,1066.405,0.13845483410292322,3853.6165873754385,180.03483018689596,22.055423626601993,2549.6148797730807,69.51299097319476,72.42088088840038,0.0,24.30352150655934,1,1702,0.0
469,1066.41,0.13852035759555154,3852.1837297875622,179.96975303372935,22.055423626601993,2549.6148797730807,69.51298110029775,72.40741818610361,0.0,24.303622137891534,1,1702,0.0
470,1066.415,0.1385860195848989,3850.751657109894,179.90471089132328,22.055423626601993,2549.6148797730807,69.51297122740075,72.39396035576847,0.0,24.303722750508598,1,1702,0.0
471,1066.42,0.13865181990760614,3849.3203687749183,179.8397037347083,22.055423626601993,2549.6148797730807,69.51296135450376,72.3805073947797,0.0,24.303823344417307,1,1702,0.0
472,1066.425,0.13871775840049455,3847.8898642156328,179.77473153889733,22.055423626601993,2549.6148797730807,69.51295148160675,72.36705930052392,0.0,24.30392391962443,1,1702,0.0
473,1066.43,0.13878383490056836,3846.46014286554,179.70979427905584,22.055423626601993,2549.6148797730807,69.51294160870974,72.35361607038958,0.0,24.304024476136743,1,1702,0.0
474,1066.435,0.1388500492450091,3845.0312041586544,179.64489193015226,22.055423626601993,2549.6148797730807,69.51293173581274,72.34017770176705,0.0,24.304125013961006,1,1702,0.0
475,1066.44,0.13891640127118,3843.603047529498,179.58002446741557,22.055423626601993,2549.6148797730807,69.51292186291573,72.3267441920485,0.0,24.30422553310398,1,1702,0.0
476,1066.4450000000002,0.13898289081662316,3842.1756724130964,179.51519186583332,22.055423626601993,2549.6148797730807,69.51291199001874,72.31331553862799,0.0,24.304326033572423,1,1702,0.0
477,1066.45,0.13904951771906082,3840.7490782449913,179.45039410067653,22.055423626601993,2549.6148797730807,69.51290211712174,72.29989173890142,0.0,24.304426515373088,1,1702,0.0
478,1066.4550000000002,0.13911628181639535,3839.323264461223,179.38563114708222,22.055423626601993,2549.6148797730807,69.51289224422472,72.28647279026659,0.0,24.30452697851273,1,1702,0.0
479,1066.46,0.13918318294670598,3837.8982304983424,179.3209029802879,22.055423626601993,2549.6148797730807,69.51288237132772,72.27305869012307,0.0,24.304627422998088,1,1702,0.0
480,1066.4650000000001,0.13925022094825323,3836.4739757934026,179.256209575432,22.055423626601993,2549.6148797730807,69.51287249843072,72.25964943587236,0.0,24.304727848835917,1,1702,0.0
481,1066.47,0.13931739565947457,3835.0504997839657,179.1915509078336,22.055423626601993,2549.6148797730807,69.51286262553373,72.24624502491776,0.0,24.30482825603294,1,1702,0.0
482,1066.4750000000001,0.13938470691898636,3833.6278019080946,179.12692695271463,22.055423626601993,2549.6148797730807,69.51285275263672,72.2328454546644,0.0,24.304928644595908,1,1702,0.0
483,1066.48,0.13945215456558507,3832.205881604358,179.06233768539795,22.055423626601993,2549.6148797730807,69.51284287973971,72.21945072251934,0.0,24.305029014531545,1,1702,0.0
484,1066.4850000000001,0.13951973843824206,3830.7847383118287,178.99778308112315,22.055423626601993,2549.6148797730807,69.51283300684271,72.2060608258914,0.0,24.305129365846582,1,1702,0.0
485,1066.49,0.13958745837610959,3829.3643714700806,178.9332631153112,22.055423626601993,2549.6148797730807,69.5128231339457,72.19267576219129,0.0,24.305229698547745,1,1702,0.0
486,1066.4950000000001,0.13965531421851565,3827.9447805191917,178.86877776326185,22.055423626601993,2549.6148797730807,69.5128132610487,72.17929552883155,0.0,24.30533001264175,1,1702,0.0
487,1066.5,0.13972330580496556,3826.5259648997394,178.80432700031827,22.055423626601993,2549.6148797730807,69.5128033881517,72.16592012322653,0.0,24.30543030813532,1,1702,0.0
488,1066.505,0.13979143297514227,3825.107924052805,178.7399108019543,22.055423626601993,2549.6148797730807,69.51279351525469,72.15254954279246,0.0,24.305530585035168,1,1702,0.0
489,1066.51,0.1398596955689069,3823.6906574199693,178.67552914358018,22.055423626601993,2549.6148797730807,69.51278364235769,72.13918378494739,0.0,24.305630843348002,1,1702,0.0
490,1066.515,0.1399280934262955,3822.2741644433154,178.61118200055228,22.055423626601993,2549.6148797730807,69.5127737694607,72.12582284711121,0.0,24.305731083080538,1,1702,0.0
491,1066.52,0.13999662638752172,3820.8584445654205,178.54686934840876,22.055423626601993,2549.6148797730807,69.51276389656368,72.1124667267056,0.0,24.30583130423947,1,1702,0.0
492,1066.525,0.14006529429297546,3819.4434972293657,178.48259116260954,22.055423626601993,2549.6148797730807,69.51275402366667,72.09911542115415,0.0,24.3059315068315,1,1702,0.0
493,1066.53,0.1401340969832222,3818.0293218787315,178.41834741867206,22.055423626601993,2549.6148797730807,69.51274415076968,72.08576892788221,0.0,24.306031690863325,1,1702,0.0
494,1066.535,0.14020303429900366,3816.615917957591,178.35413809207927,22.055423626601993,2549.6148797730807,69.51273427787267,72.072427244317,0.0,24.306131856341633,1,1702,0.0
495,1066.54,0.14027210608123833,3815.20328491052,178.28996315840806,22.055423626601993,2549.6148797730807,69.51272440497567,72.05909036788752,0.0,24.306232003273124,1,1702,0.0
496,1066.545,0.1403413121710181,3813.7914221825886,178.2258225932828,22.055423626601993,2549.6148797730807,69.51271453207866,72.04575829602466,0.0,24.306332131664476,1,1702,0.0
497,1066.55,0.1404106524096122,3812.380329219365,178.16171637220228,22.055423626601993,2549.6148797730807,69.51270465918165,72.03243102616108,0.0,24.30643224152237,1,1702,0.0
498,1066.555,0.14048012663846265,3810.9700054669133,178.0976444708433,22.055423626601993,2549.6148797730807,69.51269478628465,72.01910855573128,0.0,24.306532332853486,1,1702,0.0
499,1066.56,0.1405497346991893,3809.5604503717914,178.0336068648053,22.055423626601993,2549.6148797730807,69.51268491338766,72.00579088217158,0.0,24.3066324056645,1,1702,0.0
500,1066.565,0.14061947643358402,3808.151663381052,177.96960352974503,22.055423626601993,2549.6148797730807,69.51267504049065,71.99247800292012,0.0,24.306732459962085,1,1702,0.0
501,1066.5700000000002,0.1406893516836145,3806.7436439422445,177.90563444136677,22.055423626601993,2549.6148797730807,69.51266516759364,71.97916991541686,0.0,24.306832495752907,1,1702,0.0
502,1066.575,0.14075936029142203,3805.3363915034115,177.84169957539055,22.055423626601993,2549.6148797730807,69.51265529469664,71.96586661710356,0.0,24.306932513043627,1,1702,0.0
503,1066.5800000000002,0.14082950209932285,3803.929905513085,177.77779890746137,22.055423626601993,2549.6148797730807,69.51264542179963,71.9525681054238,0.0,24.30703251184091,1,1702,0.0
504,1066.585,0.14089977694980496,3802.524185420296,177.7139324133854,22.055423626601993,2549.6148797730807,69.51263554890264,71.93927437782297,0.0,24.30713249215141,1,1702,0.0
505,1066.5900000000001,0.14097018468553285,3801.1192306745615,177.65010006889307,22.055423626601993,2549.6148797730807,69.51262567600564,71.92598543174827,0.0,24.30723245398178,1,1702,0.0
506,1066.595,0.14104072514934307,3799.7150407258937,177.58630184976155,22.055423626601993,2549.6148797730807,69.51261580310863,71.91270126464873,0.0,24.30733239733867,1,1702,0.0
507,1066.6000000000001,0.14111139818424318,3798.311615024797,177.52253773183944,22.055423626601993,2549.6148797730807,69.51260593021162,71.89942187397517,0.0,24.307432322228728,1,1702,0.0
508,1066.605,0.14118220363341832,3796.9089530222664,177.45880769093284,22.055423626601993,2549.6148797730807,69.51259605731462,71.8861472571802,0.0,24.307532228658594,1,1702,0.0
509,1066.6100000000001,0.14125314134022232,3795.50705416978,177.39511170289327,22.055423626601993,2549.6148797730807,69.51258618441761,71.87287741171826,0.0,24.307632116634913,1,1702,0.0
510,1066.615,0.14132421114818336,3794.105917919317,177.3314497435627,22.055423626601993,2549.6148797730807,69.51257631152062,71.85961233504557,0.0,24.307731986164317,1,1702,0.0
511,1066.6200000000001,0.14139541290100224,3792.705543723337,177.26782178886447,22.055423626601993,2549.6148797730807,69.51256643862361,71.84635202462019,0.0,24.30783183725344,1,1702,0.0
512,1066.625,0.14146674644255022,3791.3059310347917,177.20422781472342,22.055423626601993,2549.6148797730807,69.5125565657266,71.83309647790192,0.0,24.307931669908903,1,1702,0.0
513,1066.63,0.14153821161687274,3789.90707930712,177.14066779705604,22.055423626601993,2549.6148797730807,69.5125466928296,71.81984569235242,0.0,24.30803148413734,1,1702,0.0
514,1066.635,0.14160980826818606,3788.508987994248,177.077141711784,22.055423626601993,2549.6148797730807,69.5125368199326,71.80659966543506,0.0,24.30813127994537,1,1702,0.0
515,1066.64,0.14168153624087745,3787.1116565505877,177.01364953495437,22.055423626601993,2549.6148797730807,69.5125269470356,71.7933583946151,0.0,24.30823105733961,1,1702,0.0
516,1066.645,0.14175339537950507,3785.7150844310404,176.95019124251502,22.055423626601993,2549.6148797730807,69.51251707413859,71.78012187735955,0.0,24.308330816326677,1,1702,0.0
517,1066.65,0.14182538552880034,3784.319271090992,176.88676681050464,22.055423626601993,2549.6148797730807,69.51250720124159,71.76689011113719,0.0,24.30843055691318,1,1702,0.0
518,1066.655,0.14189750653366448,3782.924215986315,176.8233762149936,22.055423626601993,2549.6148797730807,69.51249732834458,71.75366309341862,0.0,24.308530279105728,1,1702,0.0
519,1066.66,0.14196975823916796,3781.529918573364,176.76001943196755,22.055423626601993,2549.6148797730807,69.51248745544758,71.74044082167623,0.0,24.308629982910922,1,1702,0.0
520,1066.665,0.14204214049055347,3780.136378308979,176.696696437526,22.055423626601993,2549.6148797730807,69.51247758255057,71.72722329338418,0.0,24.30872966833536,1,1702,0.0
521,1066.67,0.14211465313323368,3778.7435946504856,176.6334072078136,22.055423626601993,2549.6148797730807,69.51246770965356,71.71401050601843,0.0,24.308829335385646,1,1702,0.0
522,1066.675,0.14218729601279187,3777.351567055693,176.5701517189933,22.055423626601993,2549.6148797730807,69.51245783675657,71.70080245705668,0.0,24.30892898406837,1,1702,0.0
523,1066.68,0.14226006897497862,3775.960294982889,176.50692994708442,22.055423626601993,2549.6148797730807,69.51244796385957,71.68759914397849,0.0,24.309028614390122,1,1702,0.0
524,1066.685,0.14233297186571864,3774.5697778908507,176.44374186838107,22.055423626601993,2549.6148797730807,69.51243809096258,71.67440056426513,0.0,24.309128226357487,1,1702,0.0
525,1066.69,0.14240600453110236,3773.1800152388296,176.38058745898485,22.055423626601993,2549.6148797730807,69.51242821806557,71.66120671539967,0.0,24.309227819977053,1,1702,0.0
526,1066.6950000000002,0.1424791668173911,3771.7910064865646,176.31746669515263,22.055423626601993,2549.6148797730807,69.51241834516856,71.64801759486699,0.0,24.309327395255394,1,1702,0.0
527,1066.7,0.1425524585710143,3770.40275109427,176.25437955309252,22.055423626601993,2549.6148797730807,69.51240847227156,71.63483320015368,0.0,24.30942695219909,1,1702,0.0
528,1066.7050000000002,0.14262587963857118,3769.0152485226445,176.19132600903305,22.055423626601993,2549.6148797730807,69.51239859937455,71.62165352874815,0.0,24.309526490814704,1,1702,0.0
529,1066.71,0.14269942986682985,3767.6284982328657,176.12830603930234,22.055423626601993,2549.6148797730807,69.51238872647755,71.60847857814058,0.0,24.309626011108815,1,1702,0.0
530,1066.7150000000001,0.1427731091027261,3766.2424996865893,176.06531962014043,22.055423626601993,2549.6148797730807,69.51237885358054,71.5953083458229,0.0,24.309725513087987,1,1702,0.0
531,1066.72,0.1428469171933639,3764.8572523459516,176.00236672790217,22.055423626601993,2549.6148797730807,69.51236898068353,71.58214282928884,0.0,24.309824996758778,1,1702,0.0
532,1066.7250000000001,0.1429208539860173,3763.472755673564,175.93944733889975,22.055423626601993,2549.6148797730807,69.51235910778654,71.56898202603388,0.0,24.30992446212775,1,1702,0.0
533,1066.73,0.14299491932812372,3762.08900913252,175.87656142950306,22.055423626601993,2549.6148797730807,69.51234923488954,71.55582593355525,0.0,24.310023909201455,1,1702,0.0
534,1066.7350000000001,0.1430691130672939,3760.7060121863865,175.81370897608204,22.055423626601993,2549.6148797730807,69.51233936199253,71.54267454935197,0.0,24.310123337986447,1,1702,0.0
535,1066.74,0.14314343505130178,3759.32376429921,175.7508899549868,22.055423626601993,2549.6148797730807,69.51232948909552,71.52952787092482,0.0,24.310222748489274,1,1702,0.0
536,1066.7450000000001,0.14321788512809044,3757.9422649355115,175.68810434270983,22.055423626601993,2549.6148797730807,69.51231961619852,71.51638589577631,0.0,24.310322140716476,1,1702,0.0
537,1066.75,0.1432924631457701,3756.5615135602875,175.62535211564304,22.055423626601993,2549.6148797730807,69.51230974330151,71.50324862141076,0.0,24.310421514674598,1,1702,0.0
538,1066.755,0.14336716895261722,3755.1815096390114,175.56263325026887,22.055423626601993,2549.6148797730807,69.51229987040452,71.49011604533422,0.0,24.310520870370176,1,1702,0.0
539,1066.76,0.1434420023970747,3753.802252637629,175.49994772305456,22.055423626601993,2549.6148797730807,69.51228999750751,71.47698816505448,0.0,24.310620207809745,1,1702,0.0
540,1066.765,0.1435169633277524,3752.423742022563,175.4372955104431,22.055423626601993,2549.6148797730807,69.5122801246105,71.46386497808113,0.0,24.310719526999836,1,1702,0.0
541,1066.77,0.14359205159342633,3751.0459772607064,175.3746765890613,22.055423626601993,2549.6148797730807,69.5122702517135,71.45074648192545,0.0,24.310818827946978,1,1702,0.0
542,1066.775,0.143667267043039,3749.668957819429,175.31209093539545,22.055423626601993,2549.6148797730807,69.5122603788165,71.43763267410057,0.0,24.31091811065769,1,1702,0.0
543,1066.78,0.14374260952569787,3748.2926831665727,175.24953852603008,22.055423626601993,2549.6148797730807,69.5122505059195,71.42452355212124,0.0,24.31101737513849,1,1702,0.0
544,1066.785,0.1438180788906777,3746.917152770448,175.18701933752303,22.055423626601993,2549.6148797730807,69.51224063302249,71.4114191135041,0.0,24.311116621395904,1,1702,0.0
545,1066.79,0.14389367498741654,3745.5423660998417,175.1245333464719,22.055423626601993,2549.6148797730807,69.51223076012549,71.39831935576743,0.0,24.31121584943644,1,1702,0.0
546,1066.795,0.14396939766551864,3744.168322624009,175.06208052954145,22.055423626601993,2549.6148797730807,69.51222088722848,71.38522427643129,0.0,24.31131505926661,1,1702,0.0
547,1066.8,0.14404524677475397,3742.7950218126766,174.99966086331736,22.055423626601993,2549.6148797730807,69.51221101433148,71.37213387301749,0.0,24.31141425089292,1,1702,0.0
548,1066.805,0.1441212221650574,3741.4224631360407,174.9372743245418,22.055423626601993,2549.6148797730807,69.51220114143449,71.35904814304958,0.0,24.311513424321873,1,1702,0.0
549,1066.81,0.14419732368652713,3740.050646064769,174.8749208898183,22.055423626601993,2549.6148797730807,69.51219126853746,71.34596708405287,0.0,24.311612579559963,1,1702,0.0
550,1066.815,0.14427355118942747,3738.6795700699963,174.8126005358745,22.055423626601993,2549.6148797730807,69.51218139564047,71.33289069355438,0.0,24.31171171661369,1,1702,0.0
551,1066.8200000000002,0.14434990452418534,3737.309234623328,174.7503132394873,22.055423626601993,2549.6148797730807,69.51217152274347,71.31981896908286,0.0,24.31181083548955,1,1702,0.0
552,1066.825,0.14442638354139248,3735.9396391968353,174.68805897734876,22.055423626601993,2549.6148797730807,69.51216164984646,71.30675190816885,0.0,24.311909936194027,1,1702,0.0
553,1066.8300000000002,0.1445029880918068,3734.57078326306,174.62583772625356,22.055423626601993,2549.6148797730807,69.51215177694947,71.29368950834458,0.0,24.31200901873361,1,1702,0.0
554,1066.835,0.14457971802634603,3733.20266629501,174.56364946295622,22.055423626601993,2549.6148797730807,69.51214190405246,71.28063176714402,0.0,24.31210808311478,1,1702,0.0
555,1066.8400000000001,0.14465657319609268,3731.8352877661587,174.50149416428,22.055423626601993,2549.6148797730807,69.51213203115545,71.2675786821029,0.0,24.312207129344014,1,1702,0.0
556,1066.845,0.14473355345229547,3730.4686471504465,174.4393718071,22.055423626601993,2549.6148797730807,69.51212215825845,71.25453025075862,0.0,24.31230615742779,1,1702,0.0
557,1066.8500000000001,0.14481065864636128,3729.102743922281,174.37728236815934,22.055423626601993,2549.6148797730807,69.51211228536145,71.24148647065039,0.0,24.31240516737258,1,1702,0.0
558,1066.855,0.14488788862986346,3727.737577556531,174.31522582445444,22.055423626601993,2549.6148797730807,69.51210241246444,71.22844733931908,0.0,24.312504159184854,1,1702,0.0
559,1066.8600000000001,0.1449652432545383,3726.3731475285367,174.25320215281013,22.055423626601993,2549.6148797730807,69.51209253956743,71.2154128543073,0.0,24.312603132871075,1,1702,0.0
560,1066.865,0.14504272237228186,3725.0094533140964,174.1912113300906,22.055423626601993,2549.6148797730807,69.51208266667044,71.20238301315945,0.0,24.312702088437703,1,1702,0.0
561,1066.8700000000001,0.14512032583515472,3723.6464943894753,174.12925333327544,22.055423626601993,2549.6148797730807,69.51207279377343,71.18935781342155,0.0,24.312801025891197,1,1702,0.0
562,1066.875,0.14519805349537993,3722.2842702313988,174.06732813935042,22.055423626601993,2549.6148797730807,69.51206292087643,71.1763372526414,0.0,24.312899945238016,1,1702,0.0
563,1066.88,0.14527590520533998,3720.9227803170593,174.00543572520806,22.055423626601993,2549.6148797730807,69.51205304797942,71.16332132836854,0.0,24.31299884648461,1,1702,0.0
564,1066.885,0.14535388081758102,3719.56202412411,173.94357606786792,22.055423626601993,2549.6148797730807,69.51204317508241,71.15031003815417,0.0,24.313097729637423,1,1702,0.0
565,1066.89,0.14543198018481132,3718.2020011306636,173.88174914436377,22.055423626601993,2549.6148797730807,69.51203330218542,71.13730337955126,0.0,24.313196594702905,1,1702,0.0
566,1066.895,0.14551020315989938,3716.842710815297,173.81995493169245,22.055423626601993,2549.6148797730807,69.51202342928842,71.12430135011444,0.0,24.31329544168749,1,1702,0.0
567,1066.9,0.1455885495958749,3715.484152657046,173.75819340693806,22.055423626601993,2549.6148797730807,69.51201355639142,71.11130394740012,0.0,24.313394270597627,1,1702,0.0
568,1066.905,0.1456670193459294,3714.126326135409,173.69646454711344,22.055423626601993,2549.6148797730807,69.5120036834944,71.09831116896638,0.0,24.313493081439738,1,1702,0.0
569,1066.91,0.14574561226341415,3712.7692307303414,173.6347683293831,22.055423626601993,2549.6148797730807,69.5119938105974,71.08532301237301,0.0,24.313591874220265,1,1702,0.0
570,1066.915,0.1458243282018421,3711.4128659222592,173.57310473080247,22.055423626601993,2549.6148797730807,69.5119839377004,71.07233947518155,0.0,24.313690648945627,1,1702,0.0
571,1066.92,0.14590316701488476,3710.057231192039,173.51147372850937,22.055423626601993,2549.6148797730807,69.5119740648034,71.05936055495519,0.0,24.313789405622256,1,1702,0.0
572,1066.925,0.14598212855637696,3708.702326021015,173.44987529969086,22.055423626601993,2549.6148797730807,69.5119641919064,71.04638624925886,0.0,24.313888144256566,1,1702,0.0
573,1066.93,0.1460612126803097,3707.348149890976,173.38830942145117,22.055423626601993,2549.6148797730807,69.51195431900939,71.0334165556592,0.0,24.31398686485498,1,1702,0.0
574,1066.935,0.14614041924083765,3705.994702284171,173.32677607106112,22.055423626601993,2549.6148797730807,69.51194444611238,71.02045147172454,0.0,24.31408556742391,1,1702,0.0
575,1066.94,0.14621974809227292,3704.6419826833076,173.26527522563057,22.055423626601993,2549.6148797730807,69.51193457321538,71.00749099502492,0.0,24.314184251969763,1,1702,0.0
576,1066.9450000000002,0.1462991990890869,3703.2899905715494,173.20380686249388,22.055423626601993,2549.6148797730807,69.51192470031839,70.99453512313208,0.0,24.314282918498954,1,1702,0.0
577,1066.95,0.14637877208591143,3701.938725432512,173.1423709587999,22.055423626601993,2549.6148797730807,69.51191482742138,70.98158385361947,0.0,24.314381567017882,1,1702,0.0
578,1066.9550000000002,0.14645846693753667,3700.5881867502694,173.08096749191938,22.055423626601993,2549.6148797730807,69.51190495452437,70.96863718406217,0.0,24.314480197532948,1,1702,0.0
579,1066.96,0.14653828349891157,3699.2383740093514,173.01959643911457,22.055423626601993,2549.6148797730807,69.51189508162737,70.95569511203708,0.0,24.314578810050552,1,1702,0.0
580,1066.9650000000001,0.1466182216251453,3697.889286694742,172.9582577776224,22.055423626601993,2549.6148797730807,69.51188520873036,70.94275763512269,0.0,24.314677404577086,1,1702,0.0
581,1066.97,0.1466982811715027,3696.5409242918754,172.89695148483838,22.055423626601993,2549.6148797730807,69.51187533583337,70.9298247508992,0.0,24.31477598111894,1,1702,0.0
582,1066.9750000000001,0.14677846199341,3695.193286286646,172.83567753810678,22.055423626601993,2549.6148797730807,69.51186546293636,70.91689645694855,0.0,24.314874539682503,1,1702,0.0
583,1066.98,0.14685876394644956,3693.8463721653966,172.77443591478925,22.055423626601993,2549.6148797730807,69.51185559003935,70.90397275085435,0.0,24.314973080274154,1,1702,0.0
584,1066.9850000000001,0.14693918688636268,3692.500181414924,172.71322659226442,22.055423626601993,2549.6148797730807,69.51184571714235,70.89105363020185,0.0,24.31507160290028,1,1702,0.0
585,1066.99,0.14701973066904717,3691.1547135224773,172.6520495479145,22.055423626601993,2549.6148797730807,69.51183584424535,70.87813909257807,0.0,24.31517010756725,1,1702,0.0
586,1066.9950000000001,0.14710039515055942,3689.8099679757565,172.5909047592128,22.055423626601993,2549.6148797730807,69.51182597134834,70.86522913557164,0.0,24.315268594281445,1,1702,0.0
587,1067.0,0.14718118018711354,3688.465944262914,172.52979220360757,22.055423626601993,2549.6148797730807,69.51181609845133,70.85232375677293,0.0,24.315367063049234,1,1702,0.0
588,1067.005,0.147262085635081,3687.1226418725532,172.46871185856037,22.055423626601993,2549.6148797730807,69.51180622555434,70.83942295377396,0.0,24.315465513876983,1,1702,0.0
589,1067.01,0.14734311135098818,3685.7800602937273,172.40766370149902,22.055423626601993,2549.6148797730807,69.51179635265733,70.82652672416846,0.0,24.315563946771054,1,1702,0.0
590,1067.015,0.14742425719152,3684.4381990159377,172.34664771002977,22.055423626601993,2549.6148797730807,69.51178647976033,70.8136350655518,0.0,24.315662361737807,1,1702,0.0
591,1067.02,0.14750552301351957,3683.0970575291353,172.2856638616069,22.055423626601993,2549.6148797730807,69.51177660686334,70.80074797552106,0.0,24.315760758783604,1,1702,0.0
592,1067.025,0.1475869086739821,3681.7566353237225,172.22471213379444,22.055423626601993,2549.6148797730807,69.51176673396631,70.78786545167499,0.0,24.315859137914796,1,1702,0.0
593,1067.03,0.14766841403006373,3680.4169318905474,172.16379250416955,22.055423626601993,2549.6148797730807,69.51175686106932,70.77498749161401,0.0,24.31595749913773,1,1702,0.0
594,1067.035,0.1477500389390736,3679.077946720909,172.1029049502865,22.055423626601993,2549.6148797730807,69.51174698817232,70.76211409294021,0.0,24.316055842458756,1,1702,0.0
595,1067.04,0.14783178325847732,3677.7396793065486,172.04204944977457,22.055423626601993,2549.6148797730807,69.51173711527531,70.74924525325739,0.0,24.316154167884218,1,1702,0.0
596,1067.045,0.14791364684589792,3676.4021291396607,171.98122598026163,22.055423626601993,2549.6148797730807,69.51172724237831,70.73638097017097,0.0,24.316252475420455,1,1702,0.0
597,1067.05,0.14799562955911127,3675.065295712882,171.9204345193435,22.055423626601993,2549.6148797730807,69.5117173694813,70.72352124128804,0.0,24.316350765073803,1,1702,0.0
598,1067.055,0.14807773125605153,3673.7291785192956,171.8596750447431,22.055423626601993,2549.6148797730807,69.5117074965843,70.71066606421743,0.0,24.3164490368506,1,1702,0.0
599,1067.06,0.14815995179480485,3672.3937770524317,171.7989475341502,22.055423626601993,2549.6148797730807,69.5116976236873,70.69781543656956,0.0,24.31654729075717,1,1702,0.0
600,1067.065,0.14824229103361564,3671.059090806264,171.73825196516978,22.055423626601993,2549.6148797730807,69.5116877507903,70.68496935595654,0.0,24.316645526799846,1,1702,0.0
601,1067.0700000000002,0.14832474883087957,3669.7251192752137,171.6775883156398,22.055423626601993,2549.6148797730807,69.51167787789329,70.67212781999216,0.0,24.316743744984947,1,1702,0.0
602,1067.075,0.14840732504515053,3668.391861954142,171.61695656323928,22.055423626601993,2549.6148797730807,69.51166800499628,70.65929082629184,0.0,24.316841945318792,1,1702,0.0
603,1067.0800000000002,0.1484900195351345,3667.0593183383567,171.55635668569698,22.055423626601993,2549.6148797730807,69.51165813209929,70.6464583724727,0.0,24.316940127807705,1,1702,0.0
604,1067.085,0.14857283215969203,3665.727487923607,171.495788660867,22.055423626601993,2549.6148797730807,69.51164825920227,70.6336304561535,0.0,24.317038292457998,1,1702,0.0
605,1067.0900000000001,0.14865576277783818,3664.396370206088,171.43525246649696,22.055423626601993,2549.6148797730807,69.51163838630528,70.62080707495466,0.0,24.317136439275973,1,1702,0.0
606,1067.095,0.14873881124874067,3663.065964682432,171.37474808042123,22.055423626601993,2549.6148797730807,69.51162851340827,70.60798822649822,0.0,24.31723456826795,1,1702,0.0
607,1067.1000000000001,0.14882197743172437,3661.736270849718,171.31427548046574,22.055423626601993,2549.6148797730807,69.51161864051126,70.59517390840797,0.0,24.317332679440216,1,1702,0.0
608,1067.105,0.1489052611862641,3660.4072882054647,171.25383464447737,22.055423626601993,2549.6148797730807,69.51160876761426,70.58236411830926,0.0,24.31743077279909,1,1702,0.0
609,1067.1100000000001,0.1489886623719879,3659.0790162476305,171.19342555036116,22.055423626601993,2549.6148797730807,69.51159889471727,70.56955885382912,0.0,24.317528848350857,1,1702,0.0
610,1067.115,0.14907218084867882,3657.751454474613,171.1330481759727,22.055423626601993,2549.6148797730807,69.51158902182027,70.55675811259627,0.0,24.31762690610181,1,1702,0.0
611,1067.1200000000001,0.14915581647627438,3656.424602385256,171.07270249929712,22.055423626601993,2549.6148797730807,69.51157914892325,70.54396189224101,0.0,24.31772494605825,1,1702,0.0
612,1067.125,0.14923956911485994,3655.098459478835,171.0123884981664,22.055423626601993,2549.6148797730807,69.51156927602625,70.53117019039537,0.0,24.31782296822646,1,1702,0.0
613,1067.13,0.14932343862467734,3653.773025255071,170.9521061506227,22.055423626601993,2549.6148797730807,69.51155940312925,70.51838300469295,0.0,24.317920972612715,1,1702,0.0
614,1067.135,0.14940742486612021,3652.4482992141184,170.8918554345847,22.055423626601993,2549.6148797730807,69.51154953023224,70.50560033276905,0.0,24.318018959223306,1,1702,0.0
615,1067.14,0.14949152769973392,3651.124280856574,170.83163632802427,22.055423626601993,2549.6148797730807,69.51153965733525,70.49282217226059,0.0,24.318116928064505,1,1702,0.0
616,1067.145,0.1495757469862164,3649.80096968347,170.7714488090042,22.055423626601993,2549.6148797730807,69.51152978443824,70.48004852080612,0.0,24.318214879142587,1,1702,0.0
617,1067.15,0.14966008258641567,3648.478365196275,170.7112928555453,22.055423626601993,2549.6148797730807,69.51151991154123,70.46727937604587,0.0,24.318312812463827,1,1702,0.0
618,1067.155,0.14974453436133356,3647.1564668968967,170.6511684456403,22.055423626601993,2549.6148797730807,69.51151003864423,70.45451473562166,0.0,24.31841072803449,1,1702,0.0
619,1067.16,0.14982910217212242,3645.8352742876773,170.59107555744453,22.055423626601993,2549.6148797730807,69.51150016574724,70.44175459717698,0.0,24.318508625860833,1,1702,0.0
620,1067.165,0.1499137858800876,3644.5147868713957,170.5310141689515,22.055423626601993,2549.6148797730807,69.51149029285023,70.42899895835698,0.0,24.31860650594913,1,1702,0.0
621,1067.17,0.14999858534668334,3643.195004151266,170.4709842583123,22.055423626601993,2549.6148797730807,69.51148041995322,70.4162478168084,0.0,24.31870436830563,1,1702,0.0
622,1067.175,0.15008350043351523,3641.8759256309363,170.41098580364266,22.055423626601993,2549.6148797730807,69.51147054705622,70.4035011701796,0.0,24.318802212936593,1,1702,0.0
623,1067.18,0.15016853100234107,3640.5575508144902,170.35101878311303,22.055423626601993,2549.6148797730807,69.51146067415921,70.39075901612065,0.0,24.31890003984826,1,1702,0.0
624,1067.185,0.15025367691506797,3639.239879206446,170.29108317480214,22.055423626601993,2549.6148797730807,69.51145080126221,70.37802135228318,0.0,24.31899784904689,1,1702,0.0
625,1067.19,0.15033893803375398,3637.9229103117545,170.23117895702535,22.055423626601993,2549.6148797730807,69.5114409283652,70.36528817632048,0.0,24.319095640538723,1,1702,0.0
626,1067.1950000000002,0.15042431422060773,3636.6066436357983,170.17130610780356,22.055423626601993,2549.6148797730807,69.5114310554682,70.35255948588747,0.0,24.319193414329998,1,1702,0.0
627,1067.2,0.1505098053379868,3635.291078684397,170.11146460553724,22.055423626601993,2549.6148797730807,69.5114211825712,70.33983527864068,0.0,24.319291170426954,1,1702,0.0
628,1067.2050000000002,0.15059541124840092,3633.976214963796,170.05165442829576,22.055423626601993,2549.6148797730807,69.5114113096742,70.32711555223828,0.0,24.31938890883583,1,1702,0.0
629,1067.21,0.15068113181450674,3632.6620519806784,169.99187555446267,22.055423626601993,2549.6148797730807,69.51140143677719,70.31440030434005,0.0,24.319486629562853,1,1702,0.0
630,1067.2150000000001,0.1507669668991127,3631.348589242155,169.93212796227198,22.055423626601993,2549.6148797730807,69.51139156388018,70.30168953260743,0.0,24.31958433261425,1,1702,0.0
631,1067.22,0.1508529163651758,3630.0358262557697,169.87241162999808,22.055423626601993,2549.6148797730807,69.51138169098319,70.28898323470342,0.0,24.319682017996254,1,1702,0.0
632,1067.2250000000001,0.15093898007580156,3628.723762529495,169.81272653594561,22.055423626601993,2549.6148797730807,69.51137181808618,70.2762814082927,0.0,24.319779685715076,1,1702,0.0
633,1067.23,0.1510251578942461,3627.4123975717343,169.75307265845518,22.055423626601993,2549.6148797730807,69.51136194518918,70.26358405104152,0.0,24.319877335776944,1,1702,0.0
634,1067.2350000000001,0.1511114496839136,3626.1017308913188,169.69344997590417,22.055423626601993,2549.6148797730807,69.51135207229217,70.25089116061778,0.0,24.319974968188067,1,1702,0.0
635,1067.24,0.15119785530835575,3624.791761997512,169.63385846663084,22.055423626601993,2549.6148797730807,69.51134219939516,70.238202734691,0.0,24.320072582954662,1,1702,0.0
636,1067.2450000000001,0.15128437463127503,3623.4824904000043,169.57429810906322,22.055423626601993,2549.6148797730807,69.51133232649816,70.22551877093227,0.0,24.320170180082933,1,1702,0.0
637,1067.25,0.15137100751652022,3622.173915608912,169.5147688815429,22.055423626601993,2549.6148797730807,69.51132245360117,70.21283926701436,0.0,24.32026775957909,1,1702,0.0
638,1067.255,0.15145775382808932,3620.866037134785,169.45527076249294,22.055423626601993,2549.6148797730807,69.51131258070416,70.20016422061158,0.0,24.320365321449334,1,1702,0.0
639,1067.26,0.15154461343012898,3619.5588544885927,169.3958037304164,22.055423626601993,2549.6148797730807,69.51130270780716,70.1874936293999,0.0,24.320462865699863,1,1702,0.0
640,1067.265,0.1516315861869316,3618.252367181738,169.33636776375326,22.055423626601993,2549.6148797730807,69.51129283491015,70.17482749105687,0.0,24.320560392336873,1,1702,0.0
641,1067.27,0.15171867196293926,3616.946574726046,169.27696284096223,22.055423626601993,2549.6148797730807,69.51128296201314,70.16216580326169,0.0,24.320657901366552,1,1702,0.0
642,1067.275,0.15180587062273912,3615.6414766337693,169.21758894060653,22.055423626601993,2549.6148797730807,69.51127308911614,70.14950856369511,0.0,24.3207553927951,1,1702,0.0
643,1067.28,0.15189318203106958,3614.3370724175884,169.15824604106632,22.055423626601993,2549.6148797730807,69.51126321621915,70.1368557700395,0.0,24.320852866628694,1,1702,0.0
644,1067.285,0.15198060605281163,3613.033361590602,169.09893412101016,22.055423626601993,2549.6148797730807,69.51125334332214,70.12420741997887,0.0,24.320950322873525,1,1702,0.0
645,1067.29,0.15206814255299608,3611.73034366634,169.0396531589507,22.055423626601993,2549.6148797730807,69.51124347042513,70.11156351119881,0.0,24.321047761535763,1,1702,0.0
646,1067.295,0.15215579139680024,3610.428018158754,168.98040313339283,22.055423626601993,2549.6148797730807,69.51123359752813,70.0989240413865,0.0,24.32114518262159,1,1702,0.0
647,1067.3,0.15224355244954638,3609.1263845822205,168.92118402303842,22.055423626601993,2549.6148797730807,69.51122372463112,70.0862890082307,0.0,24.321242586137178,1,1702,0.0
648,1067.305,0.15233142557670531,3607.825442451537,168.86199580641605,22.055423626601993,2549.6148797730807,69.51121385173413,70.07365840942182,0.0,24.321339972088694,1,1702,0.0
649,1067.31,0.15241941064389208,3606.525191281926,168.80283846220513,22.055423626601993,2549.6148797730807,69.51120397883712,70.06103224265185,0.0,24.321437340482316,1,1702,0.0
650,1067.315,0.1525075075168694,3605.22563058903,168.74371196903576,22.055423626601993,2549.6148797730807,69.5111941059401,70.04841050561434,0.0,24.321534691324196,1,1702,0.0
651,1067.3200000000002,0.152595716061545,3603.9267598889164,168.68461630553523,22.055423626601993,2549.6148797730807,69.51118423304311,70.03579319600448,0.0,24.3216320246205,1,1702,0.0
652,1067.325,0.15268403614397316,3602.628578698072,168.62555145044075,22.055423626601993,2549.6148797730807,69.51117436014611,70.023180311519,0.0,24.32172934037738,1,1702,0.0
653,1067.3300000000002,0.1527724676303523,3601.3310865334033,168.56651738244003,22.055423626601993,2549.6148797730807,69.5111644872491,70.01057184985628,0.0,24.321826638601,1,1702,0.0
654,1067.335,0.1528610103870282,3600.0342829122424,168.50751408022617,22.055423626601993,2549.6148797730807,69.5111546143521,69.99796780871624,0.0,24.321923919297504,1,1702,0.0
655,1067.3400000000001,0.15294966428049006,3598.7381673523373,168.4485415225439,22.055423626601993,2549.6148797730807,69.5111447414551,69.98536818580043,0.0,24.322021182473037,1,1702,0.0
656,1067.345,0.15303842917737193,3597.442739371857,168.38959968817827,22.055423626601993,2549.6148797730807,69.5111348685581,69.97277297881195,0.0,24.322118428133745,1,1702,0.0
657,1067.3500000000001,0.15312730494445576,3596.147998489389,168.3306885558582,22.055423626601993,2549.6148797730807,69.51112499566109,69.96018218545551,0.0,24.322215656285774,1,1702,0.0
658,1067.355,0.1532162914486643,3594.8539442239426,168.2718081044441,22.055423626601993,2549.6148797730807,69.5111151227641,69.94759580343738,0.0,24.322312866935256,1,1702,0.0
659,1067.3600000000001,0.15330538855706663,3593.56057609494,168.21295831266792,22.055423626601993,2549.6148797730807,69.51110524986709,69.93501383046545,0.0,24.32241006008833,1,1702,0.0
660,1067.365,0.15339459613687786,3592.267893622229,168.1541391593867,22.055423626601993,2549.6148797730807,69.51109537697008,69.92243626424916,0.0,24.32250723575113,1,1702,0.0
661,1067.3700000000001,0.15348391405545372,3590.975896326069,168.09535062349477,22.055423626601993,2549.6148797730807,69.51108550407308,69.90986310249953,0.0,24.322604393929776,1,1702,0.0
662,1067.375,0.1535733421802965,3589.6845837271367,168.03659268381426,22.055423626601993,2549.6148797730807,69.51107563117608,69.89729434292919,0.0,24.3227015346304,1,1702,0.0
663,1067.38,0.15366288037905182,3588.3939553465298,167.97786531921392,22.055423626601993,2549.6148797730807,69.51106575827907,69.88472998325229,0.0,24.32279865785912,1,1702,0.0
664,1067.385,0.15375252851950832,3587.104010705759,167.91916850863933,22.055423626601993,2549.6148797730807,69.51105588538206,69.87217002118462,0.0,24.322895763622057,1,1702,0.0
665,1067.39,0.15384228646959958,3585.8147493267497,167.8605022309994,22.055423626601993,2549.6148797730807,69.51104601248507,69.8596144544435,0.0,24.322992851925328,1,1702,0.0
666,1067.395,0.1539321540974005,3584.5261707318464,167.80186646521605,22.055423626601993,2549.6148797730807,69.51103613958806,69.84706328074786,0.0,24.323089922775043,1,1702,0.0
667,1067.4,0.15402213127113182,3583.238274443806,167.74326119022984,22.055423626601993,2549.6148797730807,69.51102626669106,69.83451649781814,0.0,24.323186976177315,1,1702,0.0
668,1067.405,0.15411221785915394,3581.951059985801,167.68468638506454,22.055423626601993,2549.6148797730807,69.51101639379405,69.82197410337643,0.0,24.323284012138245,1,1702,0.0
669,1067.41,0.15420241372997315,3580.664526881417,167.62614202867033,22.055423626601993,2549.6148797730807,69.51100652089704,69.80943609514635,0.0,24.323381030663942,1,1702,0.0
670,1067.415,0.15429271875223702,3579.378674654656,167.56762810007933,22.055423626601993,2549.6148797730807,69.51099664800005,69.79690247085307,0.0,24.323478031760498,1,1702,0.0
671,1067.42,0.1543831327947349,3578.09350282993,167.5091445783177,22.055423626601993,2549.6148797730807,69.51098677510305,69.78437322822334,0.0,24.323575015434017,1,1702,0.0
672,1067.425,0.15447365572640073,3576.8090109320624,167.45069144240853,22.055423626601993,2549.6148797730807,69.51097690220604,69.77184836498549,0.0,24.32367198169059,1,1702,0.0
673,1067.43,0.15456428741630815,3575.525198486295,167.3922686714759,22.055423626601993,2549.6148797730807,69.51096702930903,69.75932787886939,0.0,24.32376893053631,1,1702,0.0
674,1067.435,0.15465502773367387,3574.242065018276,167.33387624453695,22.055423626601993,2549.6148797730807,69.51095715641203,69.74681176760649,0.0,24.323865861977257,1,1702,0.0
675,1067.44,0.1547458765478571,3572.959610054069,167.27551414072974,22.055423626601993,2549.6148797730807,69.51094728351502,69.73430002892981,0.0,24.323962776019524,1,1702,0.0
676,1067.4450000000002,0.15483683372835758,3571.6778331201463,167.21718233915433,22.055423626601993,2549.6148797730807,69.51093741061803,69.72179266057391,0.0,24.324059672669183,1,1702,0.0
677,1067.45,0.1549278991448177,3570.3967337433924,167.1588808189672,22.055423626601993,2549.6148797730807,69.51092753772102,69.7092896602749,0.0,24.32415655193232,1,1702,0.0
678,1067.4550000000002,0.15501907266701997,3569.116311451099,167.1006095593206,22.055423626601993,2549.6148797730807,69.510917664824,69.69679102577048,0.0,24.324253413815004,1,1702,0.0
679,1067.46,0.15511035416488828,3567.836565770973,167.04236853934515,22.055423626601993,2549.6148797730807,69.51090779192701,69.68429675479987,0.0,24.32435025832331,1,1702,0.0
680,1067.4650000000001,0.15520174350848948,3566.557496231125,166.9841577382727,22.055423626601993,2549.6148797730807,69.51089791903001,69.67180684510386,0.0,24.3244470854633,1,1702,0.0
681,1067.47,0.15529324056802776,3565.2791023600776,166.925977135307,22.055423626601993,2549.6148797730807,69.510888046133,69.65932129442481,0.0,24.32454389524105,1,1702,0.0
682,1067.4750000000001,0.15538484521385035,3564.0013836867633,166.86782670965388,22.055423626601993,2549.6148797730807,69.510878173236,69.64684010050661,0.0,24.324640687662612,1,1702,0.0
683,1067.48,0.15547655731644577,3562.7243397405196,166.80970644059602,22.055423626601993,2549.6148797730807,69.510868300339,69.6343632610947,0.0,24.32473746273405,1,1702,0.0
684,1067.4850000000001,0.15556837674644078,3561.447970051094,166.75161630736162,22.055423626601993,2549.6148797730807,69.51085842744199,69.62189077393607,0.0,24.32483422046142,1,1702,0.0
685,1067.49,0.15566030337460265,3560.1722741486396,166.6935562892429,22.055423626601993,2549.6148797730807,69.51084855454499,69.6094226367793,0.0,24.32493096085077,1,1702,0.0
686,1067.4950000000001,0.15575233707184047,3558.897251563719,166.63552636553666,22.055423626601993,2549.6148797730807,69.510838681648,69.59695884737444,0.0,24.325027683908154,1,1702,0.0
687,1067.5,0.15584447770920062,3557.622901827297,166.57752651552838,22.055423626601993,2549.6148797730807,69.51082880875099,69.58449940347313,0.0,24.32512438963962,1,1702,0.0
688,1067.505,0.15593672515787133,3556.349224470749,166.51955671858215,22.055423626601993,2549.6148797730807,69.51081893585398,69.57204430282856,0.0,24.325221078051204,1,1702,0.0
689,1067.51,0.15602907928917936,3555.076219025852,166.46161695405465,22.055423626601993,2549.6148797730807,69.51080906295698,69.55959354319543,0.0,24.325317749148955,1,1702,0.0
690,1067.515,0.15612153997459086,3553.803885024791,166.40370720130792,22.055423626601993,2549.6148797730807,69.51079919005997,69.54714712233003,0.0,24.325414402938904,1,1702,0.0
691,1067.52,0.15621410708571015,3552.5322220001553,166.34582743970435,22.055423626601993,2549.6148797730807,69.51078931716297,69.53470503799015,0.0,24.325511039427084,1,1702,0.0
692,1067.525,0.1563067804942841,3551.261229484938,166.28797764866323,22.055423626601993,2549.6148797730807,69.51077944426596,69.52226728793512,0.0,24.32560765861953,1,1702,0.0
693,1067.53,0.15639956007219455,3549.990907012537,166.23015780759175,22.055423626601993,2549.6148797730807,69.51076957136895,69.50983386992583,0.0,24.32570426052227,1,1702,0.0
694,1067.535,0.15649244569146312,3548.7212541167514,166.1723678959691,22.055423626601993,2549.6148797730807,69.51075969847196,69.49740478172467,0.0,24.325800845141323,1,1702,0.0
695,1067.54,0.15658543722425122,3547.4522703317853,166.1146078932074,22.055423626601993,2549.6148797730807,69.51074982557496,69.48498002109562,0.0,24.32589741248271,1,1702,0.0
696,1067.545,0.15667853454285843,3546.183955192247,166.05687777882392,22.055423626601993,2549.6148797730807,69.51073995267795,69.47255958580415,0.0,24.32599396255246,1,1702,0.0
697,1067.55,0.15677173751972046,3544.916308233143,165.99917753224744,22.055423626601993,2549.6148797730807,69.51073007978094,69.46014347361726,0.0,24.326090495356574,1,1702,0.0
698,1067.555,0.1568650460274136,3543.649328989886,165.9415071330026,22.055423626601993,2549.6148797730807,69.51072020688395,69.4477316823035,0.0,24.326187010901073,1,1702,0.0
699,1067.56,0.1569584599386504,3542.383016998286,165.88386656065802,22.055423626601993,2549.6148797730807,69.51071033398695,69.43532420963294,0.0,24.326283509191963,1,1702,0.0
700,1067.565,0.15705197912628266,3541.1173717945576,165.82625579474333,22.055423626601993,2549.6148797730807,69.51070046108994,69.4229210533772,0.0,24.326379990235257,1,1702,0.0
701,1067.5700000000002,0.15714560346329842,3539.852392915315,165.7686748147867,22.055423626601993,2549.6148797730807,69.51069058819293,69.41052221130937,0.0,24.32647645403695,1,1702,0.0
702,1067.575,0.15723933282282268,3538.588079897571,165.7111236004329,22.055423626601993,2549.6148797730807,69.51068071529593,69.39812768120413,0.0,24.32657290060304,1,1702,0.0
703,1067.5800000000002,0.1573331670781198,3537.324432278738,165.6536021311842,22.055423626601993,2549.6148797730807,69.51067084239892,69.38573746083765,0.0,24.326669329939527,1,1702,0.0
704,1067.585,0.1574271061025896,3536.061449596633,165.5961103867576,22.055423626601993,2549.6148797730807,69.51066096950193,69.37335154798762,0.0,24.3267657420524,1,1702,0.0
705,1067.5900000000001,0.1575211497697691,3534.799131389464,165.53864834665077,22.055423626601993,2549.6148797730807,69.51065109660493,69.36096994043328,0.0,24.32686213694766,1,1702,0.0
706,1067.595,0.15761529795333284,3533.5374771958454,165.4812159906645,22.055423626601993,2549.6148797730807,69.51064122370792,69.34859263595534,0.0,24.326958514631286,1,1702,0.0
707,1067.6000000000001,0.1577095505270899,3532.2764865547806,165.42381329833782,22.055423626601993,2549.6148797730807,69.51063135081091,69.33621963233608,0.0,24.327054875109265,1,1702,0.0
708,1067.605,0.15780390736498953,3531.0161590056814,165.36644024944562,22.055423626601993,2549.6148797730807,69.51062147791392,69.32385092735929,0.0,24.327151218387577,1,1702,0.0
709,1067.6100000000001,0.15789836834111354,3529.756494088347,165.30909682364592,22.055423626601993,2549.6148797730807,69.5106116050169,69.31148651881023,0.0,24.3272475444722,1,1702,0.0
710,1067.615,0.15799293332968112,3528.497491342982,165.25178300065673,22.055423626601993,2549.6148797730807,69.51060173211991,69.29912640447573,0.0,24.32734385336911,1,1702,0.0
711,1067.6200000000001,0.15808760220504886,3527.2391503101817,165.19449876018825,22.055423626601993,2549.6148797730807,69.5105918592229,69.28677058214411,0.0,24.327440145084278,1,1702,0.0
712,1067.625,0.15818237484170627,3525.9814705309395,165.1372440820382,22.055423626601993,2549.6148797730807,69.51058198632589,69.2744190496052,0.0,24.327536419623673,1,1702,0.0
713,1067.63,0.1582772511142819,3524.724451546645,165.08001894595873,22.055423626601993,2549.6148797730807,69.51057211342889,69.26207180465035,0.0,24.327632676993257,1,1702,0.0
714,1067.635,0.15837223089753766,3523.468092899081,165.02282333176737,22.055423626601993,2549.6148797730807,69.5105622405319,69.24972884507241,0.0,24.327728917199003,1,1702,0.0
715,1067.64,0.1584673140663712,3522.2123941304285,164.96565721921795,22.055423626601993,2549.6148797730807,69.51055236763489,69.23739016866575,0.0,24.32782514024686,1,1702,0.0
716,1067.645,0.1585625004958144,3520.9573547832583,164.90852058813326,22.055423626601993,2549.6148797730807,69.51054249473788,69.22505577322623,0.0,24.327921346142787,1,1702,0.0
717,1067.65,0.15865779006103728,3519.7029744005404,164.851413418372,22.055423626601993,2549.6148797730807,69.51053262184088,69.21272565655124,0.0,24.328017534892744,1,1702,0.0
718,1067.655,0.15875318263734084,3518.449252525635,164.79433568981887,22.055423626601993,2549.6148797730807,69.51052274894387,69.20039981643966,0.0,24.32811370650267,1,1702,0.0
719,1067.66,0.15884867810016307,3517.1961887022962,164.7372873822628,22.055423626601993,2549.6148797730807,69.51051287604687,69.18807825069186,0.0,24.328209860978525,1,1702,0.0
720,1067.665,0.1589442763250757,3515.9437824746724,164.6802684756833,22.055423626601993,2549.6148797730807,69.51050300314986,69.17576095710974,0.0,24.328305998326243,1,1702,0.0
721,1067.67,0.15903997718778634,3514.6920333873036,164.62327894992544,22.055423626601993,2549.6148797730807,69.51049313025285,69.16344793349668,0.0,24.32840211855177,1,1702,0.0
722,1067.675,0.1591357805641347,3513.440940985119,164.56631878496012,22.055423626601993,2549.6148797730807,69.51048325735586,69.15113917765758,0.0,24.328498221661047,1,1702,0.0
723,1067.68,0.1592316863300954,3512.1905048134454,164.5093879607016,22.055423626601993,2549.6148797730807,69.51047338445886,69.13883468739883,0.0,24.32859430766,1,1702,0.0
724,1067.685,0.1593276943617782,3510.940724417995,164.45248645711482,22.055423626601993,2549.6148797730807,69.51046351156185,69.12653446052829,0.0,24.32869037655457,1,1702,0.0
725,1067.69,0.15942380453542412,3509.6915993448747,164.39561425418168,22.055423626601993,2549.6148797730807,69.51045363866484,69.11423849485534,0.0,24.32878642835068,1,1702,0.0
726,1067.6950000000002,0.15952001672741,3508.4431291405776,164.33877133187465,22.055423626601993,2549.6148797730807,69.51044376576785,69.10194678819087,0.0,24.328882463054256,1,1702,0.0
727,1067.7,0.1596163308142457,3507.195313351992,164.28195767020597,22.055423626601993,2549.6148797730807,69.51043389287084,69.08965933834725,0.0,24.328978480671225,1,1702,0.0
728,1067.7050000000002,0.15971274667257312,3505.948151526394,164.22517324920452,22.055423626601993,2549.6148797730807,69.51042401997384,69.07737614313832,0.0,24.329074481207506,1,1702,0.0
729,1067.71,0.15980926417916813,3504.701643211447,164.1684180489669,22.055423626601993,2549.6148797730807,69.51041414707684,69.06509720037943,0.0,24.329170464669016,1,1702,0.0
730,1067.7150000000001,0.15990588321094107,3503.455787955205,164.11169204949306,22.055423626601993,2549.6148797730807,69.51040427417982,69.05282250788743,0.0,24.329266431061665,1,1702,0.0
731,1067.72,0.16000260364493282,3502.21058530611,164.05499523082332,22.055423626601993,2549.6148797730807,69.51039440128282,69.04055206348063,0.0,24.32936238039137,1,1702,0.0
732,1067.7250000000001,0.16009942535831814,3500.966034812989,163.99832757314553,22.055423626601993,2549.6148797730807,69.51038452838583,69.02828586497886,0.0,24.32945831266403,1,1702,0.0
733,1067.73,0.16019634822840276,3499.7221360250633,163.9416890565022,22.055423626601993,2549.6148797730807,69.51037465548882,69.0160239102034,0.0,24.329554227885556,1,1702,0.0
734,1067.7350000000001,0.1602933721326285,3498.4788884919362,163.88507966106482,22.055423626601993,2549.6148797730807,69.51036478259182,69.00376619697704,0.0,24.32965012606185,1,1702,0.0
735,1067.74,0.16039049694856425,3497.2362917635996,163.8284993669536,22.055423626601993,2549.6148797730807,69.51035490969481,68.99151272312406,0.0,24.329746007198803,1,1702,0.0
736,1067.7450000000001,0.16048772255391508,3495.994345390431,163.77194815435274,22.055423626601993,2549.6148797730807,69.51034503679782,68.97926348647019,0.0,24.329841871302325,1,1702,0.0
737,1067.75,0.16058504882651617,3494.7530489231945,163.71542600341544,22.055423626601993,2549.6148797730807,69.5103351639008,68.96701848484267,0.0,24.329937718378293,1,1702,0.0
738,1067.755,0.16068247564433538,3493.5124019130412,163.65893289433538,22.055423626601993,2549.6148797730807,69.51032529100381,68.95477771607021,0.0,24.330033548432606,1,1702,0.0
739,1067.76,0.16078000288547106,3492.2724039115037,163.60246880733726,22.055423626601993,2549.6148797730807,69.5103154181068,68.94254117798297,0.0,24.330129361471148,1,1702,0.0
740,1067.765,0.160877630428153,3491.0330544705043,163.54603372267817,22.055423626601993,2549.6148797730807,69.51030554520979,68.93030886841265,0.0,24.330225157499804,1,1702,0.0
741,1067.77,0.16097535815074437,3489.794353142345,163.48962762054055,22.055423626601993,2549.6148797730807,69.5102956723128,68.91808078519236,0.0,24.33032093652445,1,1702,0.0
742,1067.775,0.1610731859317361,3488.556299479714,163.4332504812529,22.055423626601993,2549.6148797730807,69.5102857994158,68.90585692615672,0.0,24.330416698550973,1,1702,0.0
743,1067.78,0.16117111364975334,3487.3188930356855,163.37690228506634,22.055423626601993,2549.6148797730807,69.51027592651879,68.89363728914182,0.0,24.33051244358524,1,1702,0.0
744,1067.785,0.1612691411835506,3486.0821333637127,163.32058301223026,22.055423626601993,2549.6148797730807,69.51026605362178,68.8814218719852,0.0,24.33060817163312,1,1702,0.0
745,1067.79,0.16136726841201213,3484.8460200176332,163.26429264313202,22.055423626601993,2549.6148797730807,69.51025618072478,68.8692106725259,0.0,24.330703882700483,1,1702,0.0
746,1067.795,0.16146549521415482,3483.610552551668,163.20803115806393,22.055423626601993,2549.6148797730807,69.51024630782777,68.85700368860442,0.0,24.330799576793197,1,1702,0.0
747,1067.8,0.16156382146912499,3482.3757305204213,163.1517985374069,22.055423626601993,2549.6148797730807,69.51023643493077,68.84480091806273,0.0,24.330895253917127,1,1702,0.0
748,1067.805,0.16166224705619744,3481.1415534788757,163.0955947614724,22.055423626601993,2549.6148797730807,69.51022656203378,68.83260235874425,0.0,24.33099091407813,1,1702,0.0
749,1067.81,0.16176077185478002,3479.908020982397,163.03941981067103,22.055423626601993,2549.6148797730807,69.51021668913675,68.82040800849387,0.0,24.331086557282056,1,1702,0.0
750,1067.815,0.16185939574440952,3478.6751325867313,162.98327366539124,22.055423626601993,2549.6148797730807,69.51020681623976,68.80821786515796,0.0,24.331182183534768,1,1702,0.0
751,1067.8200000000002,0.16195811860475062,3477.4428878480076,162.92715630604292,22.055423626601993,2549.6148797730807,69.51019694334276,68.79603192658435,0.0,24.331277792842112,1,1702,0.0
752,1067.825,0.16205694031560003,3476.211286322731,162.8710677130788,22.055423626601993,2549.6148797730807,69.51018707044575,68.78385019062232,0.0,24.331373385209936,1,1702,0.0
753,1067.8300000000002,0.16215586075688398,3474.9803275677887,162.81500786690506,22.055423626601993,2549.6148797730807,69.51017719754876,68.77167265512263,0.0,24.331468960644084,1,1702,0.0
754,1067.835,0.16225487980865522,3473.7500111404484,162.75897674802036,22.055423626601993,2549.6148797730807,69.51016732465175,68.75949931793747,0.0,24.331564519150398,1,1702,0.0
755,1067.8400000000001,0.1623539973510987,3472.5203365983534,162.70297433683885,22.055423626601993,2549.6148797730807,69.51015745175474,68.7473301769205,0.0,24.331660060734713,1,1702,0.0
756,1067.845,0.16245321326452675,3471.2913034995295,162.64700061398398,22.055423626601993,2549.6148797730807,69.51014757885774,68.73516522992684,0.0,24.33175558540287,1,1702,0.0
757,1067.8500000000001,0.16255252742938192,3470.0629114023754,162.59105555984908,22.055423626601993,2549.6148797730807,69.51013770596074,68.7230044748131,0.0,24.331851093160697,1,1702,0.0
758,1067.855,0.1626519397262337,3468.8351598656755,162.53513915499238,22.055423626601993,2549.6148797730807,69.51012783306373,68.71084790943726,0.0,24.331946584014027,1,1702,0.0
759,1067.8600000000001,0.162751450035781,3467.608048448584,162.4792513799731,22.055423626601993,2549.6148797730807,69.51011796016672,68.69869553165886,0.0,24.332042057968685,1,1702,0.0
760,1067.865,0.16285105823885135,3466.381576710635,162.42339221538097,22.055423626601993,2549.6148797730807,69.51010808726973,68.68654733933879,0.0,24.332137515030492,1,1702,0.0
761,1067.8700000000001,0.16295076421640076,3465.15574421174,162.36756164174543,22.055423626601993,2549.6148797730807,69.51009821437272,68.67440333033946,0.0,24.332232955205274,1,1702,0.0
762,1067.875,0.16305056784951272,3463.9305505121874,162.31175963967047,22.055423626601993,2549.6148797730807,69.51008834147572,68.66226350252471,0.0,24.332328378498843,1,1702,0.0
763,1067.88,0.1631504690193997,3462.705995172639,162.2559861897748,22.055423626601993,2549.6148797730807,69.51007846857871,68.6501278537598,0.0,24.33242378491702,1,1702,0.0
764,1067.885,0.16325046760739992,3461.482077754134,162.20024127269102,22.055423626601993,2549.6148797730807,69.5100685956817,68.6379963819115,0.0,24.33251917446561,1,1702,0.0
765,1067.89,0.16335056349498225,3460.258797818086,162.1445248690704,22.055423626601993,2549.6148797730807,69.5100587227847,68.62586908484796,0.0,24.332614547150424,1,1702,0.0
766,1067.895,0.16345075656374008,3459.0361549262834,162.0888369595413,22.055423626601993,2549.6148797730807,69.51004884988771,68.6137459604388,0.0,24.33270990297727,1,1702,0.0
767,1067.9,0.16355104669539625,3457.814148640887,162.03317752479902,22.055423626601993,2549.6148797730807,69.5100389769907,68.6016270065551,0.0,24.33280524195195,1,1702,0.0
768,1067.905,0.16365143377180055,3456.5927785244357,161.9775465455732,22.055423626601993,2549.6148797730807,69.51002910409369,68.58951222106936,0.0,24.332900564080262,1,1702,0.0
769,1067.91,0.16375191767492897,3455.3720441398386,161.92194400248016,22.055423626601993,2549.6148797730807,69.5100192311967,68.57740160185554,0.0,24.332995869368002,1,1702,0.0
770,1067.915,0.16385249828688409,3454.151945050381,161.8663698763432,22.055423626601993,2549.6148797730807,69.51000935829968,68.56529514678901,0.0,24.33309115782097,1,1702,0.0
771,1067.92,0.1639531754898975,3452.932480819716,161.81082414782347,22.055423626601993,2549.6148797730807,69.50999948540269,68.55319285374661,0.0,24.33318642944495,1,1702,0.0
772,1067.925,0.1640539491663265,3451.713651011875,161.75530679775224,22.055423626601993,2549.6148797730807,69.50998961250569,68.5410947206066,0.0,24.333281684245733,1,1702,0.0
773,1067.93,0.16415481919865316,3450.4954551912588,161.69981780686078,22.055423626601993,2549.6148797730807,69.50997973960867,68.52900074524867,0.0,24.333376922229103,1,1702,0.0
774,1067.935,0.16425578546948716,3449.2778929226374,161.6443571559473,22.055423626601993,2549.6148797730807,69.50996986671167,68.51691092555399,0.0,24.33347214340084,1,1702,0.0
775,1067.94,0.16435684786156604,3448.0609637711586,161.58892482581433,22.055423626601993,2549.6148797730807,69.50995999381468,68.50482525940508,0.0,24.333567347766728,1,1702,0.0
776,1067.9450000000002,0.16445800625774995,3446.844667302333,161.53352079730536,22.055423626601993,2549.6148797730807,69.50995012091767,68.49274374468598,0.0,24.33366253533254,1,1702,0.0
777,1067.95,0.16455926054102799,3445.6290030820473,161.47814505121656,22.055423626601993,2549.6148797730807,69.50994024802067,68.48066637928211,0.0,24.333757706104052,1,1702,0.0
778,1067.9550000000002,0.1646606105945135,3444.413970676558,161.42279756843433,22.055423626601993,2549.6148797730807,69.50993037512366,68.46859316108032,0.0,24.333852860087035,1,1702,0.0
779,1067.96,0.16476205630144597,3443.1995696524878,161.36747832983522,22.055423626601993,2549.6148797730807,69.50992050222666,68.45652408796892,0.0,24.333947997287247,1,1702,0.0
780,1067.9650000000001,0.16486359754518912,3441.9857995768343,161.3121873162892,22.055423626601993,2549.6148797730807,69.50991062932965,68.44445915783763,0.0,24.334043117710465,1,1702,0.0
781,1067.97,0.16496523420923445,3440.7726600169594,161.2569245087535,22.055423626601993,2549.6148797730807,69.50990075643266,68.43239836857757,0.0,24.33413822136244,1,1702,0.0
782,1067.9750000000001,0.1650669661771964,3439.560150540594,161.201689888055,22.055423626601993,2549.6148797730807,69.50989088353565,68.42034171808135,0.0,24.334233308248937,1,1702,0.0
783,1067.98,0.16516879333281653,3438.3482707158423,161.1464834351558,22.055423626601993,2549.6148797730807,69.50988101063864,68.40828920424293,0.0,24.33432837837571,1,1702,0.0
784,1067.9850000000001,0.16527071555995765,3437.137020111171,161.0913051310414,22.055423626601993,2549.6148797730807,69.50987113774164,68.39624082495773,0.0,24.33442343174851,1,1702,0.0
785,1067.99,0.16537273274261244,3435.9263982954144,161.03615495667808,22.055423626601993,2549.6148797730807,69.50986126484464,68.38419657812261,0.0,24.33451846837309,1,1702,0.0
786,1067.9950000000001,0.1654748447648938,3434.7164048377776,160.98103289307292,22.055423626601993,2549.6148797730807,69.50985139194763,68.37215646163583,0.0,24.334613488255197,1,1702,0.0
787,1068.0,0.16557705151104116,3433.5070393078295,160.9259389211468,22.055423626601993,2549.6148797730807,69.50984151905062,68.36012047339706,0.0,24.334708491400573,1,1702,0.0
788,1068.005,0.16567935286541777,3432.2983012755076,160.87087302194527,22.055423626601993,2549.6148797730807,69.50983164615363,68.34808861130739,0.0,24.334803477814955,1,1702,0.0
789,1068.01,0.16578174871251147,3431.0901903111135,160.81583517654403,22.055423626601993,2549.6148797730807,69.50982177325662,68.33606087326933,0.0,24.334898447504088,1,1702,0.0
790,1068.015,0.16588423893693355,3429.8827059853156,160.76082536594808,22.055423626601993,2549.6148797730807,69.50981190035962,68.32403725718683,0.0,24.3349934004737,1,1702,0.0
791,1068.02,0.16598682342341983,3428.6758478691477,160.70584357125418,22.055423626601993,2549.6148797730807,69.50980202746263,68.31201776096522,0.0,24.33508833672953,1,1702,0.0
792,1068.025,0.16608950205682912,3427.469615534006,160.65088977349177,22.055423626601993,2549.6148797730807,69.5097921545656,68.30000238251125,0.0,24.335183256277308,1,1702,0.0
793,1068.03,0.16619227472214407,3426.264008551656,160.59596395382817,22.055423626601993,2549.6148797730807,69.5097822816686,68.2879911197331,0.0,24.335278159122755,1,1702,0.0
794,1068.035,0.16629514130447112,3425.0590264942225,160.54106609327962,22.055423626601993,2549.6148797730807,69.50977240877161,68.27598397054037,0.0,24.335373045271595,1,1702,0.0
795,1068.04,0.16639810168904046,3423.854668934197,160.48619617305312,22.055423626601993,2549.6148797730807,69.5097625358746,68.263980932844,0.0,24.335467914729552,1,1702,0.0
796,1068.045,0.16650115576120414,3422.6509354444347,160.43135417427018,22.055423626601993,2549.6148797730807,69.5097526629776,68.25198200455644,0.0,24.335562767502342,1,1702,0.0
797,1068.05,0.16660430340643878,3421.4478255981526,160.376540078086,22.055423626601993,2549.6148797730807,69.5097427900806,68.23998718359147,0.0,24.335657603595678,1,1702,0.0
798,1068.055,0.16670754451034117,3420.2453389689294,160.3217538656681,22.055423626601993,2549.6148797730807,69.50973291718358,68.2279964678643,0.0,24.335752423015272,1,1702,0.0
799,1068.06,0.16681087895863433,3419.0434751307093,160.26699551825266,22.055423626601993,2549.6148797730807,69.50972304428659,68.21600985529156,0.0,24.335847225766837,1,1702,0.0
800,1068.065,0.16691430663716228,3417.8422336577955,160.21226501696137,22.055423626601993,2549.6148797730807,69.50971317138959,68.20402734379125,0.0,24.335942011856076,1,1702,0.0
801,1068.0700000000002,0.16701782743189084,3416.6416141248556,160.15756234307577,22.055423626601993,2549.6148797730807,69.50970329849258,68.19204893128281,0.0,24.33603678128869,1,1702,0.0
802,1068.075,0.16712144122890837,3415.441616106913,160.10288747779234,22.055423626601993,2549.6148797730807,69.50969342559557,68.18007461568705,0.0,24.336131534070383,1,1702,0.0
803,1068.0800000000002,0.16722514791442675,3414.242239179359,160.04824040247055,22.055423626601993,2549.6148797730807,69.50968355269858,68.1681043949262,0.0,24.33622627020685,1,1702,0.0
804,1068.085,0.1673289473747791,3413.04348291794,159.9936210982446,22.055423626601993,2549.6148797730807,69.50967367980157,68.15613826692392,0.0,24.336320989703786,1,1702,0.0
805,1068.0900000000001,0.16743283949641927,3411.8453468987686,159.93902954647962,22.055423626601993,2549.6148797730807,69.50966380690457,68.14417622960518,0.0,24.336415692566888,1,1702,0.0
806,1068.095,0.16753682416592564,3410.6478306983095,159.88446572847027,22.055423626601993,2549.6148797730807,69.50965393400756,68.13221828089642,0.0,24.336510378801837,1,1702,0.0
807,1068.1000000000001,0.16764090126999404,3409.450933893391,159.82992962548465,22.055423626601993,2549.6148797730807,69.50964406111055,68.12026441872545,0.0,24.33660504841432,1,1702,0.0
808,1068.105,0.1677450706954468,3408.2546560612004,159.77542121894217,22.055423626601993,2549.6148797730807,69.50963418821355,68.1083146410215,0.0,24.336699701410023,1,1702,0.0
809,1068.1100000000001,0.1678493323292226,3407.0589967792835,159.7209404900762,22.055423626601993,2549.6148797730807,69.50962431531656,68.09636894571514,0.0,24.336794337794625,1,1702,0.0
810,1068.115,0.16795368605838543,3405.863955625544,159.66648742038043,22.055423626601993,2549.6148797730807,69.50961444241955,68.08442733073836,0.0,24.336888957573805,1,1702,0.0
811,1068.1200000000001,0.16805813177011786,3404.6695321782427,159.61206199112524,22.055423626601993,2549.6148797730807,69.50960456952254,68.07248979402459,0.0,24.336983560753232,1,1702,0.0
812,1068.125,0.16816266935172466,3403.4757260160018,159.5576641837717,22.055423626601993,2549.6148797730807,69.50959469662554,68.06055633350857,0.0,24.33707814733858,1,1702,0.0
813,1068.13,0.1682672986906305,3402.2825367177934,159.50329397967764,22.055423626601993,2549.6148797730807,69.50958482372853,68.04862694712646,0.0,24.337172717335523,1,1702,0.0
814,1068.135,0.16837201967438054,3401.0899638629553,159.4489513603319,22.055423626601993,2549.6148797730807,69.50957495083154,68.03670163281582,0.0,24.337267270749717,1,1702,0.0
815,1068.14,0.1684768321906418,3399.8980070311745,159.3946363071365,22.055423626601993,2549.6148797730807,69.50956507793452,68.0247803885156,0.0,24.337361807586834,1,1702,0.0
816,1068.145,0.16858173612719984,3398.7066658024987,159.34034880155076,22.055423626601993,2549.6148797730807,69.50955520503751,68.0128632121661,0.0,24.33745632785253,1,1702,0.0
817,1068.15,0.16868673137196294,3397.51593975733,159.28608882502144,22.055423626601993,2549.6148797730807,69.50954533214052,68.00095010170902,0.0,24.33755083155246,1,1702,0.0
818,1068.155,0.16879181781295705,3396.325828476425,159.23185635912623,22.055423626601993,2549.6148797730807,69.50953545924352,67.98904105508748,0.0,24.33764531869228,1,1702,0.0
819,1068.16,0.1688969953383276,3395.136331540896,159.17765138530612,22.055423626601993,2549.6148797730807,69.50952558634651,67.97713607024592,0.0,24.33773978927764,1,1702,0.0
820,1068.165,0.1690022638363438,3393.947448532208,159.12347388506745,22.055423626601993,2549.6148797730807,69.50951571344952,67.96523514513021,0.0,24.33783424331419,1,1702,0.0
821,1068.17,0.16910762319538947,3392.759179032187,159.06932383995874,22.055423626601993,2549.6148797730807,69.5095058405525,67.95333827768758,0.0,24.33792868080758,1,1702,0.0
822,1068.175,0.169213073303971,3391.5715226230054,159.0152012315617,22.055423626601993,2549.6148797730807,69.50949596765551,67.94144546586661,0.0,24.338023101763447,1,1702,0.0
823,1068.18,0.16931861405071505,3390.38447888719,158.9611060413909,22.055423626601993,2549.6148797730807,69.5094860947585,67.92955670761731,0.0,24.33811750618743,1,1702,0.0
824,1068.185,0.16942424532436404,3389.198047407628,158.90703825103805,22.055423626601993,2549.6148797730807,69.5094762218615,67.91767200089103,0.0,24.33821189408517,1,1702,0.0
825,1068.19,0.16952996701378253,3388.0122277675514,158.85299784216866,22.055423626601993,2549.6148797730807,69.5094663489645,67.90579134364052,0.0,24.3383062654623,1,1702,0.0
826,1068.1950000000002,0.16963577900795263,3386.827019550548,158.79898479630728,22.055423626601993,2549.6148797730807,69.50945647606748,67.89391473381987,0.0,24.33840062032445,1,1702,0.0
827,1068.2,0.16974168119597616,3385.642422340558,158.74499909510138,22.055423626601993,2549.6148797730807,69.50944660317049,67.88204216938456,0.0,24.338494958677252,1,1702,0.0
828,1068.2050000000002,0.1698476734670723,3384.458435721873,158.6910407202502,22.055423626601993,2549.6148797730807,69.50943673027349,67.87017364829146,0.0,24.338589280526325,1,1702,0.0
829,1068.21,0.16995375571058016,3383.2750592791363,158.6371096533538,22.055423626601993,2549.6148797730807,69.50942685737648,67.85830916849878,0.0,24.3386835858773,1,1702,0.0
830,1068.2150000000001,0.17005992781595655,3382.0922925973423,158.58320587609032,22.055423626601993,2549.6148797730807,69.50941698447947,67.84644872796612,0.0,24.33877787473579,1,1702,0.0
831,1068.22,0.17016618967277694,3380.910135261837,158.52932937016593,22.055423626601993,2549.6148797730807,69.50940711158248,67.83459232465442,0.0,24.338872147107416,1,1702,0.0
832,1068.2250000000001,0.17027254117073537,3379.728586858313,158.47548011727997,22.055423626601993,2549.6148797730807,69.50939723868547,67.82273995652602,0.0,24.338966402997794,1,1702,0.0
833,1068.23,0.1703789821996425,3378.547646972819,158.42165809915807,22.055423626601993,2549.6148797730807,69.50938736578847,67.81089162154463,0.0,24.33906064241253,1,1702,0.0
834,1068.2350000000001,0.17048551264942763,3377.367315191749,158.36786329754008,22.055423626601993,2549.6148797730807,69.50937749289146,67.79904731767527,0.0,24.339154865357237,1,1702,0.0
835,1068.24,0.1705921324101386,3376.1875911018483,158.31409569415413,22.055423626601993,2549.6148797730807,69.50936761999445,67.78720704288439,0.0,24.33924907183752,1,1702,0.0
836,1068.2450000000001,0.1706988413719403,3375.008474290211,158.26035527077852,22.055423626601993,2549.6148797730807,69.50935774709745,67.77537079513974,0.0,24.339343261858982,1,1702,0.0
837,1068.25,0.170805639425113,3373.829964344275,158.20664200918935,22.055423626601993,2549.6148797730807,69.50934787420046,67.76353857241047,0.0,24.33943743542722,1,1702,0.0
838,1068.255,0.17091252646005922,3372.652060851836,158.15295589120996,22.055423626601993,2549.6148797730807,69.50933800130345,67.75171037266709,0.0,24.33953159254784,1,1702,0.0
839,1068.26,0.17101950236729405,3371.47476340103,158.09929689857987,22.055423626601993,2549.6148797730807,69.50932812840645,67.73988619388146,0.0,24.339625733226423,1,1702,0.0
840,1068.265,0.17112656703745158,3370.2980715803433,158.04566501319383,22.055423626601993,2549.6148797730807,69.50931825550944,67.72806603402681,0.0,24.339719857468573,1,1702,0.0
841,1068.27,0.17123372036128212,3369.12198497861,157.9920602168967,22.055423626601993,2549.6148797730807,69.50930838261243,67.71624989107768,0.0,24.339813965279877,1,1702,0.0
842,1068.275,0.171340962229655,3367.946503185009,157.9384824915001,22.055423626601993,2549.6148797730807,69.50929850971544,67.70443776301003,0.0,24.339908056665916,1,1702,0.0
843,1068.28,0.17144829253355295,3366.7716257890693,157.88493181886236,22.055423626601993,2549.6148797730807,69.50928863681844,67.69262964780113,0.0,24.340002131632275,1,1702,0.0
844,1068.285,0.17155571116407647,3365.597352380661,157.83140818095404,22.055423626601993,2549.6148797730807,69.50927876392143,67.68082554342959,0.0,24.340096190184536,1,1702,0.0
845,1068.29,0.17166321801244397,3364.423682550004,157.7779115595838,22.055423626601993,2549.6148797730807,69.50926889102442,67.66902544787546,0.0,24.340190232328272,1,1702,0.0
846,1068.295,0.17177081296998914,3363.250615887665,157.72444193672973,22.055423626601993,2549.6148797730807,69.50925901812742,67.65722935912004,0.0,24.340284258069065,1,1702,0.0
847,1068.3,0.17187849592815996,3362.0781519845495,157.67099929433218,22.055423626601993,2549.6148797730807,69.50924914523041,67.64543727514602,0.0,24.340378267412483,1,1702,0.0
848,1068.305,0.17198626677852297,3360.906290431916,157.61758361428974,22.055423626601993,2549.6148797730807,69.50923927233342,67.63364919393744,0.0,24.340472260364095,1,1702,0.0
849,1068.31,0.17209412541275979,3359.7350308213595,157.56419487857195,22.055423626601993,2549.6148797730807,69.5092293994364,67.6218651134797,0.0,24.34056623692947,1,1702,0.0
850,1068.315,0.1722020717226682,3358.5643727448237,157.51083306917852,22.055423626601993,2549.6148797730807,69.5092195265394,67.6100850317595,0.0,24.34066019711417,1,1702,0.0
851,1068.3200000000002,0.17231010560016094,3357.394315794598,157.45749816811676,22.055423626601993,2549.6148797730807,69.5092096536424,67.59830894676494,0.0,24.34075414092375,1,1702,0.0
852,1068.325,0.17241822693726466,3356.224859563308,157.40419015735992,22.055423626601993,2549.6148797730807,69.5091997807454,67.58653685648544,0.0,24.340848068363776,1,1702,0.0
853,1068.3300000000002,0.17252643562612496,3355.0560036439297,157.35090901894745,22.055423626601993,2549.6148797730807,69.5091899078484,67.57476875891174,0.0,24.340941979439805,1,1702,0.0
854,1068.335,0.17263473155899928,3353.887747629779,157.2976547348816,22.055423626601993,2549.6148797730807,69.50918003495138,67.56300465203599,0.0,24.34103587415738,1,1702,0.0
855,1068.3400000000001,0.17274311462826283,3352.7200911145123,157.24442728727806,22.055423626601993,2549.6148797730807,69.50917016205439,67.55124453385157,0.0,24.341129752522058,1,1702,0.0
856,1068.345,0.17285158472640386,3351.55303369213,157.19122665816676,22.055423626601993,2549.6148797730807,69.50916028915738,67.53948840235333,0.0,24.341223614539384,1,1702,0.0
857,1068.3500000000001,0.17296014174602564,3350.386574956976,157.13805282961698,22.055423626601993,2549.6148797730807,69.50915041626038,67.52773625553735,0.0,24.3413174602149,1,1702,0.0
858,1068.355,0.17306878557984798,3349.220714503731,157.0849057837512,22.055423626601993,2549.6148797730807,69.50914054336337,67.5159880914011,0.0,24.341411289554152,1,1702,0.0
859,1068.3600000000001,0.17317751612070142,3348.0554519274215,157.0317855026735,22.055423626601993,2549.6148797730807,69.50913067046636,67.50424390794338,0.0,24.34150510256267,1,1702,0.0
860,1068.365,0.17328633326153542,3346.8907868234096,156.97869196849882,22.055423626601993,2549.6148797730807,69.50912079756937,67.49250370316433,0.0,24.341598899246,1,1702,0.0
861,1068.3700000000001,0.17339523689541125,3345.726718787403,156.92562516336716,22.055423626601993,2549.6148797730807,69.50911092467237,67.4807674750654,0.0,24.341692679609668,1,1702,0.0
862,1068.375,0.17350422691550288,3344.563247415446,156.87258506948572,22.055423626601993,2549.6148797730807,69.50910105177536,67.46903522164942,0.0,24.341786443659206,1,1702,0.0
863,1068.38,0.17361330321510318,3343.400372303924,156.81957166895285,22.055423626601993,2549.6148797730807,69.50909117887835,67.45730694092049,0.0,24.341880191400143,1,1702,0.0
864,1068.385,0.1737224656876133,3342.2380930495606,156.76658494403017,22.055423626601993,2549.6148797730807,69.50908130598135,67.44558263088406,0.0,24.341973922837997,1,1702,0.0
865,1068.39,0.1738317142265514,3341.0764092494173,156.71362487682597,22.055423626601993,2549.6148797730807,69.50907143308436,67.43386228954697,0.0,24.342067637978296,1,1702,0.0
866,1068.395,0.17394104872554977,3339.915320500899,156.66069144965027,22.055423626601993,2549.6148797730807,69.50906156018735,67.42214591491728,0.0,24.34216133682656,1,1702,0.0
867,1068.4,0.17405046907835067,3338.7548264017423,156.6077846446648,22.055423626601993,2549.6148797730807,69.50905168729035,67.41043350500449,0.0,24.342255019388304,1,1702,0.0
868,1068.405,0.17415997517881365,3337.5949265500285,156.55490444416927,22.055423626601993,2549.6148797730807,69.50904181439334,67.39872505781933,0.0,24.342348685669037,1,1702,0.0
869,1068.41,0.1742695669209093,3336.4356205441695,156.50205083036468,22.055423626601993,2549.6148797730807,69.50903194149633,67.38702057137392,0.0,24.342442335674278,1,1702,0.0
870,1068.415,0.17437924419872203,3335.2769079829195,156.44922378559718,22.055423626601993,2549.6148797730807,69.50902206859934,67.37532004368167,0.0,24.342535969409525,1,1702,0.0
871,1068.42,0.17448900690644967,3334.1187884653687,156.3964232920663,22.055423626601993,2549.6148797730807,69.50901219570234,67.36362347275734,0.0,24.34262958688029,1,1702,0.0
872,1068.425,0.17459885493840144,3332.961261590942,156.34364933217648,22.055423626601993,2549.6148797730807,69.50900232280533,67.35193085661697,0.0,24.342723188092073,1,1702,0.0
873,1068.43,0.17470878818900082,3331.8043269594027,156.29090188816733,22.055423626601993,2549.6148797730807,69.50899244990832,67.340242193278,0.0,24.342816773050373,1,1702,0.0
874,1068.435,0.17481880655278303,3330.64798417085,156.23818094242367,22.055423626601993,2549.6148797730807,69.50898257701132,67.32855748075907,0.0,24.34291034176069,1,1702,0.0
875,1068.44,0.17492890992439641,3329.4922328257157,156.18548647725805,22.055423626601993,2549.6148797730807,69.50897270411431,67.31687671708026,0.0,24.343003894228517,1,1702,0.0
876,1068.4450000000002,0.17503909819860022,3328.337072524771,156.13281847506,22.055423626601993,2549.6148797730807,69.50896283121732,67.30519990026288,0.0,24.34309743045934,1,1702,0.0
877,1068.45,0.17514937127026795,3327.1825028691183,156.0801769181807,22.055423626601993,2549.6148797730807,69.50895295832031,67.29352702832959,0.0,24.34319095045866,1,1702,0.0
878,1068.4550000000002,0.17525972903438336,3326.0285234601965,156.02756178902524,22.055423626601993,2549.6148797730807,69.5089430854233,67.2818580993044,0.0,24.34328445423195,1,1702,0.0
879,1068.46,0.17537017138604316,3324.875133899779,155.97497307002595,22.055423626601993,2549.6148797730807,69.5089332125263,67.27019311121255,0.0,24.3433779417847,1,1702,0.0
880,1068.4650000000001,0.17548069822045673,3323.722333789971,155.92241074355158,22.055423626601993,2549.6148797730807,69.5089233396293,67.25853206208068,0.0,24.343471413122387,1,1702,0.0
881,1068.47,0.17559130943294202,3322.570122733214,155.8698747920967,22.055423626601993,2549.6148797730807,69.5089134667323,67.24687494993667,0.0,24.343564868250493,1,1702,0.0
882,1068.4750000000001,0.17570200491893204,3321.418500332281,155.8173651980479,22.055423626601993,2549.6148797730807,69.50890359383529,67.23522177280977,0.0,24.343658307174486,1,1702,0.0
883,1068.48,0.17581278457396954,3320.267466190279,155.76488194395935,22.055423626601993,2549.6148797730807,69.50889372093829,67.22357252873051,0.0,24.343751729899846,1,1702,0.0
884,1068.4850000000001,0.17592364829370802,3319.117019910645,155.71242501218404,22.055423626601993,2549.6148797730807,69.50888384804128,67.21192721573074,0.0,24.343845136432037,1,1702,0.0
885,1068.49,0.17603459597391463,3317.967161097154,155.65999438535428,22.055423626601993,2549.6148797730807,69.50887397514428,67.2002858318436,0.0,24.343938526776526,1,1702,0.0
886,1068.4950000000001,0.17614562751046448,3316.817889353905,155.6075900458846,22.055423626601993,2549.6148797730807,69.50886410224729,67.18864837510355,0.0,24.34403190093878,1,1702,0.0
887,1068.5,0.17625674279934522,3315.6692042853333,155.55521197633757,22.055423626601993,2549.6148797730807,69.50885422935028,67.17701484354635,0.0,24.344125258924258,1,1702,0.0
888,1068.505,0.17636794173665554,3314.521105496205,155.50286015922012,22.055423626601993,2549.6148797730807,69.50884435645327,67.16538523520907,0.0,24.34421860073842,1,1702,0.0
889,1068.51,0.17647922421860393,3313.373592591616,155.4505345771191,22.055423626601993,2549.6148797730807,69.50883448355627,67.15375954813007,0.0,24.344311926386716,1,1702,0.0
890,1068.515,0.17659059014151113,3312.226665176994,155.3982352125705,22.055423626601993,2549.6148797730807,69.50882461065926,67.14213778034903,0.0,24.34440523587461,1,1702,0.0
891,1068.52,0.17670203940180607,3311.0803228580958,155.34596204818547,22.055423626601993,2549.6148797730807,69.50881473776226,67.13051992990694,0.0,24.34449852920754,1,1702,0.0
892,1068.525,0.1768135718960287,3309.9345652410107,155.29371506655778,22.055423626601993,2549.6148797730807,69.50880486486525,67.11890599484607,0.0,24.344591806390966,1,1702,0.0
893,1068.53,0.17692518752082997,3308.7893919321546,155.2414942502698,22.055423626601993,2549.6148797730807,69.50879499196824,67.10729597320999,0.0,24.344685067430323,1,1702,0.0
894,1068.535,0.17703688617297114,3307.644802538272,155.18929958198802,22.055423626601993,2549.6148797730807,69.50878511907125,67.09568986304355,0.0,24.344778312331055,1,1702,0.0
895,1068.54,0.17714866774932078,3306.50079666644,155.1371310442858,22.055423626601993,2549.6148797730807,69.50877524617425,67.08408766239293,0.0,24.34487154109861,1,1702,0.0
896,1068.545,0.1772605321468605,3305.35737392406,155.08498861985638,22.055423626601993,2549.6148797730807,69.50876537327724,67.0724893693056,0.0,24.34496475373841,1,1702,0.0
897,1068.55,0.177372479262679,3304.2145339188637,155.03287229140503,22.055423626601993,2549.6148797730807,69.50875550038023,67.06089498183032,0.0,24.3450579502559,1,1702,0.0
898,1068.555,0.1774845089939767,3303.0722762589116,154.98078204155433,22.055423626601993,2549.6148797730807,69.50874562748324,67.04930449801714,0.0,24.345151130656504,1,1702,0.0
899,1068.56,0.1775966212380623,3301.9306005525928,154.92871785304445,22.055423626601993,2549.6148797730807,69.50873575458623,67.0377179159174,0.0,24.34524429494566,1,1702,0.0
900,1068.565,0.17770881589235352,3300.7895064086197,154.87667970851473,22.055423626601993,2549.6148797730807,69.50872588168923,67.02613523358374,0.0,24.34533744312878,1,1702,0.0
901,1068.5700000000002,0.17782109285437747,3299.648993436035,154.82466759075854,22.055423626601993,2549.6148797730807,69.50871600879222,67.01455644907008,0.0,24.345430575211303,1,1702,0.0
902,1068.575,0.17793345202177074,3298.509061244204,154.77268148246975,22.055423626601993,2549.6148797730807,69.50870613589521,67.00298156043165,0.0,24.34552369119864,1,1702,0.0
903,1068.5800000000002,0.17804589329227924,3297.3697094428244,154.72072136645923,22.055423626601993,2549.6148797730807,69.50869626299821,66.99141056572493,0.0,24.34561679109621,1,1702,0.0
904,1068.585,0.1781584165637556,3296.230937641914,154.66878722544382,22.055423626601993,2549.6148797730807,69.50868639010122,66.97984346300774,0.0,24.345709874909424,1,1702,0.0
905,1068.5900000000001,0.17827102173416381,3295.092745451822,154.61687904224303,22.055423626601993,2549.6148797730807,69.50867651720421,66.96828025033915,0.0,24.3458029426437,1,1702,0.0
906,1068.595,0.17838370870157372,3293.9551324832164,154.5649967995989,22.055423626601993,2549.6148797730807,69.5086666443072,66.95672092577952,0.0,24.34589599430445,1,1702,0.0
907,1068.6000000000001,0.17849647736416654,3292.8180983470957,154.51314048038148,22.055423626601993,2549.6148797730807,69.5086567714102,66.94516548739048,0.0,24.345989029897073,1,1702,0.0
908,1068.605,0.17860932762022938,3291.6816426547794,154.46131006736738,22.055423626601993,2549.6148797730807,69.5086468985132,66.933613933235,0.0,24.34608204942698,1,1702,0.0
909,1068.6100000000001,0.1787222593681583,3290.545765017913,154.40950554343786,22.055423626601993,2549.6148797730807,69.5086370256162,66.92206626137725,0.0,24.346175052899568,1,1702,0.0
910,1068.615,0.17883527250645803,3289.410465048465,154.3577268913912,22.055423626601993,2549.6148797730807,69.5086271527192,66.91052246988275,0.0,24.346268040320236,1,1702,0.0
911,1068.6200000000001,0.17894836693374075,3288.2757423587313,154.30597409416657,22.055423626601993,2549.6148797730807,69.50861727982219,66.89898255681827,0.0,24.346361011694384,1,1702,0.0
912,1068.625,0.17906154254872553,3287.141596561326,154.25424713454544,22.055423626601993,2549.6148797730807,69.50860740692518,66.88744652025186,0.0,24.3464539670274,1,1702,0.0
913,1068.63,0.17917479925024143,3286.008027269189,154.20254599554877,22.055423626601993,2549.6148797730807,69.50859753402818,66.87591435825283,0.0,24.346546906324683,1,1702,0.0
914,1068.635,0.179288136937222,3284.8750340955803,154.15087065998577,22.055423626601993,2549.6148797730807,69.50858766113119,66.8643860688918,0.0,24.346639829591613,1,1702,0.0
915,1068.64,0.1794015555087115,3283.7426166540868,154.0992211108247,22.055423626601993,2549.6148797730807,69.50857778823418,66.85286165024065,0.0,24.34673273683358,1,1702,0.0
916,1068.645,0.17951505486385838,3282.610774558614,154.04759733096122,22.055423626601993,2549.6148797730807,69.50856791533717,66.84134110037255,0.0,24.34682562805596,1,1702,0.0
917,1068.65,0.17962863490192088,3281.4795074233916,153.99599930342018,22.055423626601993,2549.6148797730807,69.50855804244017,66.8298244173619,0.0,24.346918503264142,1,1702,0.0
918,1068.655,0.17974229552226273,3280.3488148629676,153.9444270110889,22.055423626601993,2549.6148797730807,69.50854816954316,66.81831159928444,0.0,24.347011362463498,1,1702,0.0
919,1068.66,0.17985603662435581,3279.218696492214,153.89288043701583,22.055423626601993,2549.6148797730807,69.50853829664617,66.80680264421711,0.0,24.347104205659406,1,1702,0.0
920,1068.665,0.17996985810777752,3278.0891519263214,153.84135956411998,22.055423626601993,2549.6148797730807,69.50852842374915,66.79529755023817,0.0,24.347197032857235,1,1702,0.0
921,1068.67,0.18008375987221256,3276.960180780803,153.78986437545888,22.055423626601993,2549.6148797730807,69.50851855085214,66.78379631542714,0.0,24.347289844062356,1,1702,0.0
922,1068.675,0.18019774181745157,3275.8317826714906,153.73839485405767,22.055423626601993,2549.6148797730807,69.50850867795515,66.77229893786478,0.0,24.34738263928013,1,1702,0.0
923,1068.68,0.18031180384339454,3274.703957214537,153.68695098294467,22.055423626601993,2549.6148797730807,69.50849880505815,66.76080541563316,0.0,24.347475418515927,1,1702,0.0
924,1068.685,0.18042594585004293,3273.5767040264122,153.63553274514862,22.055423626601993,2549.6148797730807,69.50848893216114,66.74931574681558,0.0,24.347568181775106,1,1702,0.0
925,1068.69,0.18054016773750878,3272.4500227239087,153.5841401237409,22.055423626601993,2549.6148797730807,69.50847905926413,66.73782992949663,0.0,24.34766092906303,1,1702,0.0
926,1068.6950000000002,0.1806544694060068,3271.323912924135,153.53277310184205,22.055423626601993,2549.6148797730807,69.50846918636714,66.72634796176214,0.0,24.347753660385052,1,1702,0.0
927,1068.7,0.1807688507558623,3270.198374244521,153.4814316624681,22.055423626601993,2549.6148797730807,69.50845931347013,66.71486984169924,0.0,24.347846375746524,1,1702,0.0
928,1068.7050000000002,0.1808833116875016,3269.0734063028126,153.43011578880757,22.055423626601993,2549.6148797730807,69.50844944057313,66.70339556739629,0.0,24.347939075152794,1,1702,0.0
929,1068.71,0.18099785210145847,3267.9490087170743,153.37882546389645,22.055423626601993,2549.6148797730807,69.50843956767613,66.6919251369429,0.0,24.348031758609217,1,1702,0.0
930,1068.7150000000001,0.18111247189837293,3266.8251811056875,153.3275606709166,22.055423626601993,2549.6148797730807,69.50842969477911,66.68045854842998,0.0,24.348124426121135,1,1702,0.0
931,1068.72,0.18122717097899074,3265.7019230873498,153.2763213929926,22.055423626601993,2549.6148797730807,69.50841982188211,66.66899579994968,0.0,24.34821707769389,1,1702,0.0
932,1068.7250000000001,0.1813419492441616,3264.579234281082,153.22510761334533,22.055423626601993,2549.6148797730807,69.50840994898512,66.6575368895954,0.0,24.34830971333282,1,1702,0.0
933,1068.73,0.18145680659484256,3263.4571143062144,153.1739193150649,22.055423626601993,2549.6148797730807,69.50840007608811,66.64608181546181,0.0,24.348402333043268,1,1702,0.0
934,1068.7350000000001,0.1815717429320929,3262.3355627823976,153.12275648137884,22.055423626601993,2549.6148797730807,69.50839020319111,66.63463057564482,0.0,24.348494936830562,1,1702,0.0
935,1068.74,0.18168675815707977,3261.2145793295954,153.07161909548483,22.055423626601993,2549.6148797730807,69.5083803302941,66.62318316824161,0.0,24.34858752470004,1,1702,0.0
936,1068.7450000000001,0.18180185217107367,3260.0941635680915,153.02050714060294,22.055423626601993,2549.6148797730807,69.50837045739709,66.61173959135061,0.0,24.34868009665703,1,1702,0.0
937,1068.75,0.18191702487544983,3258.97431511848,152.96942059997116,22.055423626601993,2549.6148797730807,69.5083605845001,66.60029984307151,0.0,24.348772652706856,1,1702,0.0
938,1068.755,0.18203227617168882,3257.855033601674,152.91835945682217,22.055423626601993,2549.6148797730807,69.5083507116031,66.58886392150522,0.0,24.34886519285485,1,1702,0.0
939,1068.76,0.18214760596137589,3256.7363186389007,152.86732369442308,22.055423626601993,2549.6148797730807,69.50834083870609,66.57743182475394,0.0,24.34895771710632,1,1702,0.0
940,1068.765,0.18226301414619928,3255.618169851699,152.8163132960288,22.055423626601993,2549.6148797730807,69.50833096580908,66.5660035509211,0.0,24.349050225466595,1,1702,0.0
941,1068.77,0.18237850062795427,3254.5005868619264,152.76532824490866,22.055423626601993,2549.6148797730807,69.50832109291208,66.55457909811138,0.0,24.349142717940985,1,1702,0.0
942,1068.775,0.1824940653085372,3253.3835692917496,152.714368524429,22.055423626601993,2549.6148797730807,69.50831122001507,66.5431584644307,0.0,24.349235194534813,1,1702,0.0
943,1068.78,0.18260970808995058,3252.2671167636536,152.66343411784473,22.055423626601993,2549.6148797730807,69.50830134711808,66.53174164798625,0.0,24.34932765525338,1,1702,0.0
944,1068.785,0.18272542887430002,3251.1512289004318,152.61252500847286,22.055423626601993,2549.6148797730807,69.50829147422107,66.52032864688645,0.0,24.349420100101998,1,1702,0.0
945,1068.79,0.1828412275637941,3250.0359053251955,152.56164117973177,22.055423626601993,2549.6148797730807,69.50828160132406,66.50891945924097,0.0,24.349512529085974,1,1702,0.0
946,1068.795,0.18295710406074844,3248.9211456613643,152.51078261489383,22.055423626601993,2549.6148797730807,69.50827172842706,66.49751408316071,0.0,24.34960494221061,1,1702,0.0
947,1068.8,0.1830730582675781,3247.806949532672,152.45994929734607,22.055423626601993,2549.6148797730807,69.50826185553007,66.4861125167578,0.0,24.349697339481207,1,1702,0.0
948,1068.805,0.18318909008680437,3246.6933165631635,152.40914121047214,22.055423626601993,2549.6148797730807,69.50825198263306,66.47471475814568,0.0,24.349789720903065,1,1702,0.0
949,1068.81,0.18330519942105078,3245.580246377197,152.35835833766856,22.055423626601993,2549.6148797730807,69.50824210973605,66.46332080543894,0.0,24.349882086481472,1,1702,0.0
950,1068.815,0.18342138617304385,3244.467738599441,152.3076006623277,22.055423626601993,2549.6148797730807,69.50823223683905,66.45193065675348,0.0,24.349974436221725,1,1702,0.0
951,1068.8200000000002,0.18353765024561516,3243.3557928548753,152.25686816791747,22.055423626601993,2549.6148797730807,69.50822236394205,66.4405443102064,0.0,24.350066770129114,1,1702,0.0
952,1068.825,0.18365399154169654,3242.2444087687913,152.20616083784822,22.055423626601993,2549.6148797730807,69.50821249104504,66.42916176391606,0.0,24.350159088208926,1,1702,0.0
953,1068.8300000000002,0.18377040996432478,3241.1335859667884,152.15547865554777,22.055423626601993,2549.6148797730807,69.50820261814805,66.41778301600203,0.0,24.350251390466443,1,1702,0.0
954,1068.835,0.18388690541663777,3240.0233240747775,152.10482160449155,22.055423626601993,2549.6148797730807,69.50819274525104,66.40640806458514,0.0,24.350343676906952,1,1702,0.0
955,1068.8400000000001,0.18400347780187884,3238.9136227189806,152.05418966816046,22.055423626601993,2549.6148797730807,69.50818287235403,66.39503690778744,0.0,24.35043594753573,1,1702,0.0
956,1068.845,0.18412012702339026,3237.8044815259273,152.0035828300689,22.055423626601993,2549.6148797730807,69.50817299945703,66.38366954373224,0.0,24.350528202358053,1,1702,0.0
957,1068.8500000000001,0.1842368529846198,3236.695900122459,151.95300107366555,22.055423626601993,2549.6148797730807,69.50816312656004,66.37230597054402,0.0,24.350620441379196,1,1702,0.0
958,1068.855,0.18435365558911587,3235.5878781357237,151.902444382469,22.055423626601993,2549.6148797730807,69.50815325366302,66.36094618634857,0.0,24.35071266460443,1,1702,0.0
959,1068.8600000000001,0.1844705347405291,3234.4804151931767,151.85191274007005,22.055423626601993,2549.6148797730807,69.50814338076601,66.34959018927285,0.0,24.350804872039024,1,1702,0.0
960,1068.865,0.1845874903426127,3233.3735109225845,151.80140612998827,22.055423626601993,2549.6148797730807,69.50813350786902,66.33823797744508,0.0,24.35089706368825,1,1702,0.0
961,1068.8700000000001,0.18470452229922177,3232.267164952021,151.75092453575854,22.055423626601993,2549.6148797730807,69.50812363497201,66.32688954899469,0.0,24.350989239557364,1,1702,0.0
962,1068.875,0.18482163051431366,3231.1613769098676,151.70046794095185,22.055423626601993,2549.6148797730807,69.50811376207501,66.31554490205237,0.0,24.35108139965163,1,1702,0.0
963,1068.88,0.18493881489194705,3230.056146424813,151.65003632914863,22.055423626601993,2549.6148797730807,69.508103889178,66.30420403474999,0.0,24.351173543976305,1,1702,0.0
964,1068.885,0.1850560753362814,3228.951473125851,151.59962968400035,22.055423626601993,2549.6148797730807,69.50809401628099,66.29286694522067,0.0,24.35126567253665,1,1702,0.0
965,1068.89,0.18517341175157945,3227.847356642286,151.54924798904074,22.055423626601993,2549.6148797730807,69.508084143384,66.28153363159876,0.0,24.351357785337914,1,1702,0.0
966,1068.895,0.1852908240422043,3226.743796603725,151.49889122795642,22.055423626601993,2549.6148797730807,69.508074270487,66.27020409201982,0.0,24.35144988238535,1,1702,0.0
967,1068.9,0.18540831211261877,3225.6407926400852,151.44855938435325,22.055423626601993,2549.6148797730807,69.50806439758999,66.25887832462067,0.0,24.351541963684202,1,1702,0.0
968,1068.905,0.18552587586739122,3224.538344381587,151.39825244187782,22.055423626601993,2549.6148797730807,69.50805452469298,66.24755632753927,0.0,24.351634029239722,1,1702,0.0
969,1068.91,0.1856435152111862,3223.4364514587564,151.3479703842109,22.055423626601993,2549.6148797730807,69.50804465179598,66.23623809891491,0.0,24.35172607905715,1,1702,0.0
970,1068.915,0.18576123004877163,3222.335113502426,151.29771319503834,22.055423626601993,2549.6148797730807,69.50803477889897,66.22492363688798,0.0,24.351818113141725,1,1702,0.0
971,1068.92,0.18587902028501696,3221.2343301437318,151.24748085799837,22.055423626601993,2549.6148797730807,69.50802490600198,66.21361293960018,0.0,24.351910131498688,1,1702,0.0
972,1068.925,0.18599688582488944,3220.1341010141145,151.19727335686756,22.055423626601993,2549.6148797730807,69.50801503310498,66.20230600519439,0.0,24.35200213413327,1,1702,0.0
973,1068.93,0.18611482657346093,3219.034425745322,151.1470906753143,22.055423626601993,2549.6148797730807,69.50800516020796,66.1910028318147,0.0,24.3520941210507,1,1702,0.0
974,1068.935,0.18623284243590035,3217.9353039694024,151.09693279710896,22.055423626601993,2549.6148797730807,69.50799528731096,66.17970341760643,0.0,24.352186092256222,1,1702,0.0
975,1068.94,0.18635093331747846,3216.8367353187086,151.04679970593588,22.055423626601993,2549.6148797730807,69.50798541441397,66.16840776071614,0.0,24.352278047755053,1,1702,0.0
976,1068.9450000000002,0.18646909912356543,3215.7387194259004,150.9966913856045,22.055423626601993,2549.6148797730807,69.50797554151696,66.15711585929154,0.0,24.352369987552418,1,1702,0.0
977,1068.95,0.18658733975963407,3214.641255923937,150.94660781986335,22.055423626601993,2549.6148797730807,69.50796566861996,66.1458277114816,0.0,24.352461911653542,1,1702,0.0
978,1068.9550000000002,0.18670565513125384,3213.5443444460793,150.89654899251553,22.055423626601993,2549.6148797730807,69.50795579572295,66.13454331543649,0.0,24.35255382006365,1,1702,0.0
979,1068.96,0.18682404514409523,3212.4479846258973,150.84651488734767,22.055423626601993,2549.6148797730807,69.50794592282594,66.12326266930758,0.0,24.35264571278795,1,1702,0.0
980,1068.9650000000001,0.18694250970393056,3211.3521760972553,150.7965054881613,22.055423626601993,2549.6148797730807,69.50793604992894,66.11198577124746,0.0,24.352737589831662,1,1702,0.0
981,1068.97,0.18706104871662918,3210.256918494325,150.7465207787573,22.055423626601993,2549.6148797730807,69.50792617703195,66.10071261940993,0.0,24.352829451199998,1,1702,0.0
982,1068.9750000000001,0.18717966208816067,3209.162211451575,150.69656074302986,22.055423626601993,2549.6148797730807,69.50791630413494,66.08944321194998,0.0,24.352921296898163,1,1702,0.0
983,1068.98,0.1872983497245949,3208.0680546037825,150.64662536479187,22.055423626601993,2549.6148797730807,69.50790643123793,66.07817754702386,0.0,24.353013126931366,1,1702,0.0
984,1068.9850000000001,0.1874171115321007,3206.9744475860202,150.59671462791314,22.055423626601993,2549.6148797730807,69.50789655834093,66.06691562278894,0.0,24.353104941304814,1,1702,0.0
985,1068.99,0.18753594741694557,3205.8813900336613,150.5468285162866,22.055423626601993,2549.6148797730807,69.50788668544392,66.05565743740387,0.0,24.353196740023705,1,1702,0.0
986,1068.9950000000001,0.18765485728549766,3204.7888815823844,150.49696701377542,22.055423626601993,2549.6148797730807,69.50787681254693,66.04440298902844,0.0,24.353288523093244,1,1702,0.0
987,1069.0,0.18777384104422176,3203.6969218681606,150.4471301043145,22.055423626601993,2549.6148797730807,69.50786693964992,66.03315227582371,0.0,24.35338029051862,1,1702,0.0
988,1069.005,0.18789289859968367,3202.6055105272685,150.3973177717728,22.055423626601993,2549.6148797730807,69.5078570667529,66.0219052959519,0.0,24.353472042305032,1,1702,0.0
989,1069.01,0.188012029858547,3201.514647196283,150.34753000010664,22.055423626601993,2549.6148797730807,69.50784719385591,66.01066204757642,0.0,24.353563778457673,1,1702,0.0
990,1069.015,0.1881312347275737,3200.4243315120766,150.29776677325063,22.055423626601993,2549.6148797730807,69.50783732095891,65.99942252886191,0.0,24.353655498981727,1,1702,0.0
991,1069.02,0.18825051311362664,3199.334563111826,150.24802807519447,22.055423626601993,2549.6148797730807,69.5078274480619,65.9881867379742,0.0,24.353747203882385,1,1702,0.0
992,1069.025,0.1883698649236622,3198.2453416329977,150.1983138898534,22.055423626601993,2549.6148797730807,69.50781757516489,65.97695467308031,0.0,24.353838893164827,1,1702,0.0
993,1069.03,0.18848929006474138,3197.1566667133675,150.14862420124635,22.055423626601993,2549.6148797730807,69.5078077022679,65.96572633234847,0.0,24.353930566834244,1,1702,0.0
994,1069.035,0.1886087884440186,3196.0685379910014,150.09895899334597,22.055423626601993,2549.6148797730807,69.5077978293709,65.95450171394808,0.0,24.3540222248958,1,1702,0.0
995,1069.04,0.18872835996874815,3194.9809551042663,150.04931825016948,22.055423626601993,2549.6148797730807,69.50778795647389,65.94328081604974,0.0,24.35411386735468,1,1702,0.0
996,1069.045,0.18884800454628173,3193.893917691826,149.99970195574204,22.055423626601993,2549.6148797730807,69.50777808357688,65.93206363682529,0.0,24.35420549421606,1,1702,0.0
997,1069.05,0.1889677220840709,3192.8074253926425,149.95011009409828,22.055423626601993,2549.6148797730807,69.50776821067988,65.9208501744477,0.0,24.354297105485106,1,1702,0.0
998,1069.055,0.18908751248966224,3191.7214778459725,149.90054264923856,22.055423626601993,2549.6148797730807,69.50775833778287,65.90964042709118,0.0,24.354388701166986,1,1702,0.0
999,1069.06,0.18920737567070178,3190.6360746913733,149.85099960530968,22.055423626601993,2549.6148797730807,69.50774846488588,65.8984343929311,0.0,24.35448028126687,1,1702,0.0
1000,1069.065,0.189327311534933,3189.5512155686943,149.80148094630496,22.055423626601993,2549.6148797730807,69.50773859198888,65.88723207014401,0.0,24.35457184578992,1,1702,0.0
1001,1069.0700000000002,0.18944731999019598,3188.4669001180837,149.75198665636094,22.055423626601993,2549.6148797730807,69.50772871909187,65.87603345690769,0.0,24.354663394741294,1,1702,0.0
1002,1069.075,0.1895674009444287,3187.3831279799824,149.70251671953372,22.055423626601993,2549.6148797730807,69.50771884619486,65.86483855140109,0.0,24.354754928126155,1,1702,0.0
1003,1069.0800000000002,0.1896875543056669,3186.2998987951323,149.65307111996398,22.055423626601993,2549.6148797730807,69.50770897329787,65.85364735180433,0.0,24.354846445949658,1,1702,0.0
1004,1069.085,0.18980777998204224,3185.217212204563,149.60364984175882,22.055423626601993,2549.6148797730807,69.50769910040086,65.84245985629873,0.0,24.354937948216953,1,1702,0.0
1005,1069.0900000000001,0.18992807788178456,3184.135067849609,149.55425286908152,22.055423626601993,2549.6148797730807,69.50768922750386,65.8312760630668,0.0,24.355029434933193,1,1702,0.0
1006,1069.095,0.19004844791321956,3183.0534653718873,149.50488018604386,22.055423626601993,2549.6148797730807,69.50767935460685,65.82009597029223,0.0,24.35512090610353,1,1702,0.0
1007,1069.1000000000001,0.19016888998476963,3181.9724044133195,149.45553177682572,22.055423626601993,2549.6148797730807,69.50766948170984,65.80891957615988,0.0,24.355212361733106,1,1702,0.0
1008,1069.105,0.1902894040049565,3180.8918846161173,149.40620762562364,22.055423626601993,2549.6148797730807,69.50765960881284,65.79774687885582,0.0,24.355303801827063,1,1702,0.0
1009,1069.1100000000001,0.19040998988239544,3179.8119056227843,149.3569077165983,22.055423626601993,2549.6148797730807,69.50764973591585,65.78657787656725,0.0,24.355395226390545,1,1702,0.0
1010,1069.115,0.19053064752579865,3178.73246707612,149.30763203394434,22.055423626601993,2549.6148797730807,69.50763986301884,65.77541256748263,0.0,24.35548663542869,1,1702,0.0
1011,1069.1200000000001,0.19065137684397673,3177.6535686192174,149.25838056191512,22.055423626601993,2549.6148797730807,69.50762999012183,65.76425094979153,0.0,24.35557802894663,1,1702,0.0
1012,1069.125,0.19077217774583316,3176.5752098954613,149.2091532846728,22.055423626601993,2549.6148797730807,69.50762011722483,65.75309302168472,0.0,24.355669406949506,1,1702,0.0
1013,1069.13,0.19089305014037133,3175.4973905485285,149.15995018653413,22.055423626601993,2549.6148797730807,69.50761024432782,65.74193878135416,0.0,24.355760769442444,1,1702,0.0
1014,1069.135,0.1910139939366881,3174.4201102223906,149.11077125172412,22.055423626601993,2549.6148797730807,69.50760037143083,65.73078822699298,0.0,24.35585211643057,1,1702,0.0
1015,1069.14,0.19113500904397615,3173.3433685613077,149.06161646445497,22.055423626601993,2549.6148797730807,69.50759049853382,65.71964135679548,0.0,24.35594344791901,1,1702,0.0
1016,1069.145,0.19125609537152716,3172.2671652098365,149.012485809095,22.055423626601993,2549.6148797730807,69.5075806256368,65.7084981689571,0.0,24.35603476391289,1,1702,0.0
1017,1069.15,0.1913772528287239,3171.191499812819,148.96337926985362,22.055423626601993,2549.6148797730807,69.50757075273981,65.69735866167456,0.0,24.35612606441733,1,1702,0.0
1018,1069.155,0.19149848132504696,3170.1163720153936,148.91429683108893,22.055423626601993,2549.6148797730807,69.50756087984281,65.6862228331456,0.0,24.356217349437447,1,1702,0.0
1019,1069.16,0.1916197807700744,3169.0417814629873,148.86523847708094,22.055423626601993,2549.6148797730807,69.5075510069458,65.67509068156929,0.0,24.356308618978357,1,1702,0.0
1020,1069.165,0.1917411510734773,3167.967727801317,148.81620419222818,22.055423626601993,2549.6148797730807,69.50754113404881,65.66396220514572,0.0,24.356399873045174,1,1702,0.0
1021,1069.17,0.1918625921450218,3166.8942106763916,148.76719396076987,22.055423626601993,2549.6148797730807,69.5075312611518,65.6528374020763,0.0,24.356491111643006,1,1702,0.0
1022,1069.175,0.19198410389457102,3165.8212297345103,148.71820776710905,22.055423626601993,2549.6148797730807,69.50752138825479,65.64171627056346,0.0,24.356582334776967,1,1702,0.0
1023,1069.18,0.1921056862320808,3164.7487846222593,148.66924559560292,22.055423626601993,2549.6148797730807,69.50751151535779,65.63059880881093,0.0,24.356673542452153,1,1702,0.0
1024,1069.185,0.192227339067604,3163.676874986517,148.62030743067464,22.055423626601993,2549.6148797730807,69.5075016424608,65.61948501502351,0.0,24.356764734673675,1,1702,0.0
1025,1069.19,0.19234906231128654,3162.6055004744508,148.5713932566699,22.055423626601993,2549.6148797730807,69.50749176956379,65.60837488740722,0.0,24.356855911446637,1,1702,0.0
1026,1069.1950000000002,0.19247085587337173,3161.534660733516,148.522503058034,22.055423626601993,2549.6148797730807,69.50748189666677,65.59726842416923,0.0,24.356947072776126,1,1702,0.0
1027,1069.2,0.19259271966419556,3160.464355411456,148.47363681914283,22.055423626601993,2549.6148797730807,69.50747202376978,65.58616562351787,0.0,24.35703821866725,1,1702,0.0
1028,1069.2050000000002,0.19271465359418827,3159.3945841563045,148.4247945244393,22.055423626601993,2549.6148797730807,69.50746215087277,65.57506648366262,0.0,24.35712934912509,1,1702,0.0
1029,1069.21,0.1928366575738751,3158.3253466163815,148.3759761583611,22.055423626601993,2549.6148797730807,69.50745227797577,65.56397100281416,0.0,24.35722046415474,1,1702,0.0
1030,1069.2150000000001,0.19295873151387724,3157.2566424402958,148.32718170535978,22.055423626601993,2549.6148797730807,69.50744240507876,65.55287917918429,0.0,24.357311563761293,1,1702,0.0
1031,1069.22,0.19308087532490678,3156.1884712769424,148.27841114994018,22.055423626601993,2549.6148797730807,69.50743253218175,65.54179101098599,0.0,24.357402647949833,1,1702,0.0
1032,1069.2250000000001,0.19320308891777258,3155.120832775504,148.22966447654034,22.055423626601993,2549.6148797730807,69.50742265928476,65.53070649643342,0.0,24.35749371672544,1,1702,0.0
1033,1069.23,0.19332537220337606,3154.0537265854537,148.18094166970118,22.055423626601993,2549.6148797730807,69.50741278638776,65.51962563374185,0.0,24.357584770093197,1,1702,0.0
1034,1069.2350000000001,0.19344772509271455,3152.9871523565453,148.13224271386602,22.055423626601993,2549.6148797730807,69.50740291349075,65.50854842112777,0.0,24.357675808058183,1,1702,0.0
1035,1069.24,0.19357014749687676,3151.9211097388234,148.08356759358546,22.055423626601993,2549.6148797730807,69.50739304059374,65.49747485680875,0.0,24.357766830625472,1,1702,0.0
1036,1069.2450000000001,0.1936926393270445,3150.8555983826154,148.0349162934058,22.055423626601993,2549.6148797730807,69.50738316769674,65.48640493900359,0.0,24.357857837800136,1,1702,0.0
1037,1069.25,0.19381520049449819,3149.790617938539,147.98628879783644,22.055423626601993,2549.6148797730807,69.50737329479975,65.47533866593218,0.0,24.35794882958725,1,1702,0.0
1038,1069.255,0.1939378309106061,3148.726168057493,147.937685091475,22.055423626601993,2549.6148797730807,69.50736342190274,65.46427603581563,0.0,24.35803980599188,1,1702,0.0
1039,1069.26,0.19406053048683278,3147.662248390662,147.88910515886167,22.055423626601993,2549.6148797730807,69.50735354900573,65.45321704687613,0.0,24.358130767019095,1,1702,0.0
1040,1069.265,0.1941832991347346,3146.5988585895198,147.84054898459345,22.055423626601993,2549.6148797730807,69.50734367610873,65.44216169733708,0.0,24.358221712673952,1,1702,0.0
1041,1069.27,0.19430613676596295,3145.5359983058183,147.79201655322643,22.055423626601993,2549.6148797730807,69.50733380321172,65.431109985423,0.0,24.358312642961515,1,1702,0.0
1042,1069.275,0.19442904329225993,3144.4736671915994,147.7435078493904,22.055423626601993,2549.6148797730807,69.50732393031473,65.42006190935959,0.0,24.358403557886845,1,1702,0.0
1043,1069.28,0.19455201862546304,3143.411864899187,147.6950228577355,22.055423626601993,2549.6148797730807,69.50731405741773,65.40901746737367,0.0,24.358494457454995,1,1702,0.0
1044,1069.285,0.1946750626775016,3142.350591081189,147.64656156285562,22.055423626601993,2549.6148797730807,69.5073041845207,65.3979766576932,0.0,24.358585341671024,1,1702,0.0
1045,1069.29,0.19479817536039645,3141.2898453904963,147.5981239493715,22.055423626601993,2549.6148797730807,69.50729431162371,65.38693947854735,0.0,24.358676210539972,1,1702,0.0
1046,1069.295,0.19492135658626267,3140.2296274802866,147.54971000199092,22.055423626601993,2549.6148797730807,69.50728443872671,65.37590592816632,0.0,24.358767064066896,1,1702,0.0
1047,1069.3,0.1950446062673083,3139.1699370040124,147.50131970535207,22.055423626601993,2549.6148797730807,69.5072745658297,65.36487600478159,0.0,24.358857902256844,1,1702,0.0
1048,1069.305,0.19516792431583133,3138.110773615418,147.45295304414415,22.055423626601993,2549.6148797730807,69.50726469293271,65.3538497066257,0.0,24.358948725114846,1,1702,0.0
1049,1069.31,0.1952913106442255,3137.0521369685252,147.40461000305612,22.055423626601993,2549.6148797730807,69.5072548200357,65.34282703193234,0.0,24.35903953264596,1,1702,0.0
1050,1069.315,0.19541476516497291,3135.9940267176403,147.3562905667986,22.055423626601993,2549.6148797730807,69.50724494713869,65.33180797893638,0.0,24.359130324855215,1,1702,0.0
1051,1069.3200000000002,0.19553828779065144,3134.9364425173485,147.30799472006652,22.055423626601993,2549.6148797730807,69.50723507424169,65.3207925458738,0.0,24.359221101747647,1,1702,0.0
1052,1069.325,0.1956618784339284,3133.879384022521,147.25972244762008,22.055423626601993,2549.6148797730807,69.5072252013447,65.30978073098173,0.0,24.359311863328298,1,1702,0.0
1053,1069.3300000000002,0.19578553700756457,3132.8228508883067,147.21147373418427,22.055423626601993,2549.6148797730807,69.50721532844769,65.29877253249843,0.0,24.35940260960219,1,1702,0.0
1054,1069.335,0.19590926342441262,3131.7668427701365,147.16324856449316,22.055423626601993,2549.6148797730807,69.50720545555068,65.28776794866332,0.0,24.359493340574357,1,1702,0.0
1055,1069.3400000000001,0.19603305759741543,3130.7113593237227,147.1150469233668,22.055423626601993,2549.6148797730807,69.50719558265368,65.27676697771693,0.0,24.359584056249822,1,1702,0.0
1056,1069.345,0.1961569194396077,3129.6564002050595,147.06686879553837,22.055423626601993,2549.6148797730807,69.50718570975667,65.26576961790096,0.0,24.359674756633613,1,1702,0.0
1057,1069.3500000000001,0.19628084886411765,3128.6019650704184,147.01871416580101,22.055423626601993,2549.6148797730807,69.50717583685967,65.25477586745822,0.0,24.35976544173075,1,1702,0.0
1058,1069.355,0.19640484578416406,3127.548053576353,146.97058301902374,22.055423626601993,2549.6148797730807,69.50716596396266,65.24378572463267,0.0,24.359856111546254,1,1702,0.0
1059,1069.3600000000001,0.19652891011305446,3126.494665379695,146.9224753399178,22.055423626601993,2549.6148797730807,69.50715609106565,65.2327991876694,0.0,24.359946766085134,1,1702,0.0
1060,1069.365,0.19665304176419174,3125.4418001375598,146.8743911133505,22.055423626601993,2549.6148797730807,69.50714621816866,65.22181625481464,0.0,24.360037405352415,1,1702,0.0
1061,1069.3700000000001,0.19677724065106628,3124.3894575073355,146.826330324213,22.055423626601993,2549.6148797730807,69.50713634527166,65.21083692431573,0.0,24.3601280293531,1,1702,0.0
1062,1069.375,0.19690150668726233,3123.3376371466943,146.77829295731274,22.055423626601993,2549.6148797730807,69.50712647237465,65.19986119442117,0.0,24.360218638092206,1,1702,0.0
1063,1069.38,0.1970258397864532,3122.286338713585,146.7302789975147,22.055423626601993,2549.6148797730807,69.50711659947764,65.18888906338056,0.0,24.360309231574732,1,1702,0.0
1064,1069.385,0.19715023986240354,3121.235561866233,146.68228842970152,22.055423626601993,2549.6148797730807,69.50710672658064,65.17792052944465,0.0,24.36039980980569,1,1702,0.0
1065,1069.39,0.19727470682896836,3120.1853062631462,146.63432123874233,22.055423626601993,2549.6148797730807,69.50709685368363,65.16695559086534,0.0,24.360490372790075,1,1702,0.0
1066,1069.395,0.1973992406000933,3119.135571563107,146.58637740958102,22.055423626601993,2549.6148797730807,69.50708698078664,65.1559942458956,0.0,24.360580920532893,1,1702,0.0
1067,1069.4,0.19752384108981585,3118.086357425176,146.53845692708504,22.055423626601993,2549.6148797730807,69.50707710788964,65.14503649278959,0.0,24.36067145303914,1,1702,0.0
1068,1069.405,0.19764850821226213,3117.0376635086923,146.4905597762168,22.055423626601993,2549.6148797730807,69.50706723499263,65.13408232980252,0.0,24.360761970313803,1,1702,0.0
1069,1069.41,0.1977732418816501,3115.98948947327,146.44268594186946,22.055423626601993,2549.6148797730807,69.50705736209562,65.12313175519084,0.0,24.360852472361884,1,1702,0.0
1070,1069.415,0.1978980420122856,3114.941834978803,146.39483540904678,22.055423626601993,2549.6148797730807,69.50704748919863,65.112184767212,0.0,24.360942959188367,1,1702,0.0
1071,1069.42,0.19802290851856755,3113.8946996854565,146.34700816266027,22.055423626601993,2549.6148797730807,69.50703761630162,65.10124136412468,0.0,24.361033430798244,1,1702,0.0
1072,1069.425,0.19814784131498225,3112.8480832536793,146.29920418772025,22.055423626601993,2549.6148797730807,69.50702774340462,65.09030154418858,0.0,24.361123887196502,1,1702,0.0
1073,1069.43,0.19827284031610629,3111.801985344189,146.25142346919466,22.055423626601993,2549.6148797730807,69.50701787050761,65.07936530566461,0.0,24.361214328388115,1,1702,0.0
1074,1069.435,0.1983979054366089,3110.7564056179845,146.20366599211224,22.055423626601993,2549.6148797730807,69.5070079976106,65.06843264681476,0.0,24.36130475437807,1,1702,0.0
1075,1069.44,0.1985230365912452,3109.7113437363346,146.15593174141696,22.055423626601993,2549.6148797730807,69.5069981247136,65.05750356590212,0.0,24.36139516517134,1,1702,0.0
1076,1069.4450000000002,0.1986482336948621,3108.6667993607884,146.10822070219612,22.055423626601993,2549.6148797730807,69.50698825181661,65.04657806119096,0.0,24.361485560772906,1,1702,0.0
1077,1069.45,0.19877349666239602,3107.6227721531673,146.06053285944836,22.055423626601993,2549.6148797730807,69.5069783789196,65.03565613094659,0.0,24.361575941187738,1,1702,0.0
1078,1069.4550000000002,0.1988988254088708,3106.5792617755665,146.01286819823926,22.055423626601993,2549.6148797730807,69.50696850602259,65.02473777343552,0.0,24.3616663064208,1,1702,0.0
1079,1069.46,0.19902421984940213,3105.5362678903593,145.96522670357658,22.055423626601993,2549.6148797730807,69.50695863312559,65.01382298692532,0.0,24.36175665647707,1,1702,0.0
1080,1069.4650000000001,0.1991496798991928,3104.493790160189,145.91760836062386,22.055423626601993,2549.6148797730807,69.5069487602286,65.00291176968469,0.0,24.36184699136151,1,1702,0.0
1081,1069.47,0.19927520547353536,3103.451828247975,145.8700131543725,22.055423626601993,2549.6148797730807,69.50693888733159,64.99200411998343,0.0,24.361937311079082,1,1702,0.0
1082,1069.4750000000001,0.1994007964878131,3102.4103818169083,145.82244106997075,22.055423626601993,2549.6148797730807,69.50692901443458,64.98110003609249,0.0,24.36202761563475,1,1702,0.0
1083,1069.48,0.19952645285749473,3101.3694505304547,145.77489209250288,22.055423626601993,2549.6148797730807,69.50691914153758,64.9701995162839,0.0,24.362117905033475,1,1702,0.0
1084,1069.4850000000001,0.19965217449814243,3100.329034052354,145.7273662070971,22.055423626601993,2549.6148797730807,69.50690926864057,64.9593025588308,0.0,24.362208179280206,1,1702,0.0
1085,1069.49,0.19977796132540138,3099.2891320466165,145.67986339886244,22.055423626601993,2549.6148797730807,69.50689939574357,64.94840916200748,0.0,24.362298438379902,1,1702,0.0
1086,1069.4950000000001,0.1999038132550095,3098.2497441775263,145.63238365296277,22.055423626601993,2549.6148797730807,69.50688952284658,64.93751932408931,0.0,24.36238868233751,1,1702,0.0
1087,1069.5,0.20002973020279288,3097.210870109639,145.5849269545427,22.055423626601993,2549.6148797730807,69.50687964994955,64.92663304335275,0.0,24.362478911157982,1,1702,0.0
1088,1069.505,0.20015571208466393,3096.172509507784,145.53749328876515,22.055423626601993,2549.6148797730807,69.50686977705256,64.91575031807541,0.0,24.362569124846267,1,1702,0.0
1089,1069.51,0.20028175881662447,3095.134662037061,145.4900826408068,22.055423626601993,2549.6148797730807,69.50685990415556,64.904871146536,0.0,24.362659323407303,1,1702,0.0
1090,1069.515,0.20040787031476617,3094.0973273628397,145.44269499586701,22.055423626601993,2549.6148797730807,69.50685003125855,64.8939955270143,0.0,24.362749506846033,1,1702,0.0
1091,1069.52,0.20053404649526502,3093.0605051507628,145.3953303391646,22.055423626601993,2549.6148797730807,69.50684015836156,64.88312345779121,0.0,24.362839675167404,1,1702,0.0
1092,1069.525,0.20066028727438917,3092.024195066744,145.34798865586072,22.055423626601993,2549.6148797730807,69.50683028546455,64.87225493714878,0.0,24.362929828376338,1,1702,0.0
1093,1069.53,0.20078659256849193,3090.9883967769674,145.3006699312145,22.055423626601993,2549.6148797730807,69.50682041256754,64.86138996337012,0.0,24.363019966477783,1,1702,0.0
1094,1069.535,0.20091296229401556,3089.953109947888,145.25337415046218,22.055423626601993,2549.6148797730807,69.50681053967054,64.85052853473941,0.0,24.363110089476667,1,1702,0.0
1095,1069.54,0.20103939636748824,3088.918334246227,145.2061012988486,22.055423626601993,2549.6148797730807,69.50680066677354,64.83967064954204,0.0,24.363200197377918,1,1702,0.0
1096,1069.545,0.2011658947055292,3087.8840693389825,145.15885136164727,22.055423626601993,2549.6148797730807,69.50679079387653,64.82881630606438,0.0,24.363290290186466,1,1702,0.0
1097,1069.55,0.20129245722484312,3086.8503148934165,145.11162432409392,22.055423626601993,2549.6148797730807,69.50678092097952,64.81796550259399,0.0,24.363380367907233,1,1702,0.0
1098,1069.555,0.2014190838422201,3085.817070577063,145.06442017150135,22.055423626601993,2549.6148797730807,69.50677104808253,64.80711823741947,0.0,24.363470430545142,1,1702,0.0
1099,1069.56,0.20154577447454136,3084.784336057723,145.01723888916513,22.055423626601993,2549.6148797730807,69.50676117518552,64.79627450883055,0.0,24.363560478105118,1,1702,0.0
1100,1069.565,0.20167252903877353,3083.7521110034686,144.97008046239554,22.055423626601993,2549.6148797730807,69.50675130228852,64.78543431511805,0.0,24.363650510592073,1,1702,0.0
1101,1069.5700000000002,0.20179934745196992,3082.7203950826392,144.92294487648786,22.055423626601993,2549.6148797730807,69.50674142939151,64.7745976545739,0.0,24.363740528010922,1,1702,0.0
1102,1069.575,0.20192622963127166,3081.689187963844,144.87583211678538,22.055423626601993,2549.6148797730807,69.5067315564945,64.76376452549108,0.0,24.363830530366588,1,1702,0.0
1103,1069.5800000000002,0.20205317549390697,3080.6584893159566,144.82874216861242,22.055423626601993,2549.6148797730807,69.5067216835975,64.75293492616373,0.0,24.36392051766397,1,1702,0.0
1104,1069.585,0.20218018495718873,3079.628298808123,144.78167501740054,22.055423626601993,2549.6148797730807,69.50671181070051,64.74210885488705,0.0,24.364010489907987,1,1702,0.0
1105,1069.5900000000001,0.20230725793852009,3078.5986161097535,144.7346306484229,22.055423626601993,2549.6148797730807,69.5067019378035,64.73128630995733,0.0,24.364100447103535,1,1702,0.0
1106,1069.595,0.20243439435538876,3077.5694408905283,144.68760904710237,22.055423626601993,2549.6148797730807,69.50669206490649,64.72046728967193,0.0,24.364190389255526,1,1702,0.0
1107,1069.6000000000001,0.20256159412536848,3076.5407728203913,144.64061019881896,22.055423626601993,2549.6148797730807,69.50668219200949,64.70965179232938,0.0,24.364280316368855,1,1702,0.0
1108,1069.605,0.20268885716612065,3075.5126115695566,144.59363408899384,22.055423626601993,2549.6148797730807,69.50667231911248,64.69883981622921,0.0,24.36437022844842,1,1702,0.0
1109,1069.6100000000001,0.20281618339539267,3074.484956808501,144.54668070300045,22.055423626601993,2549.6148797730807,69.50666244621549,64.68803135967208,0.0,24.364460125499118,1,1702,0.0
1110,1069.615,0.20294357273101857,3073.457808207971,144.4997500263081,22.055423626601993,2549.6148797730807,69.50665257331849,64.67722642095976,0.0,24.364550007525853,1,1702,0.0
1111,1069.6200000000001,0.2030710250909174,3072.431165438976,144.4528420443351,22.055423626601993,2549.6148797730807,69.50664270042147,64.66642499839506,0.0,24.364639874533502,1,1702,0.0
1112,1069.625,0.20319854039309526,3071.4050281727955,144.40595674249894,22.055423626601993,2549.6148797730807,69.50663282752447,64.65562709028193,0.0,24.364729726526967,1,1702,0.0
1113,1069.63,0.203326118555643,3070.3793960809708,144.35909410630367,22.055423626601993,2549.6148797730807,69.50662295462747,64.64483269492536,0.0,24.36481956351113,1,1702,0.0
1114,1069.635,0.2034537594967404,3069.3542688353086,144.312254121172,22.055423626601993,2549.6148797730807,69.50661308173046,64.63404181063144,0.0,24.364909385490876,1,1702,0.0
1115,1069.64,0.2035814631346488,3068.3296461078803,144.26543677266332,22.055423626601993,2549.6148797730807,69.50660320883347,64.62325443570737,0.0,24.364999192471085,1,1702,0.0
1116,1069.645,0.20370922938771777,3067.3055275710262,144.21864204621426,22.055423626601993,2549.6148797730807,69.50659333593646,64.6124705684614,0.0,24.36508898445664,1,1702,0.0
1117,1069.65,0.2038370581743823,3066.2819128973456,144.1718699273292,22.055423626601993,2549.6148797730807,69.50658346303945,64.60169020720288,0.0,24.36517876145242,1,1702,0.0
1118,1069.655,0.2039649494131633,3065.2588017597054,144.12512040153672,22.055423626601993,2549.6148797730807,69.50657359014245,64.59091335024223,0.0,24.365268523463296,1,1702,0.0
1119,1069.66,0.20409290302266467,3064.236193831234,144.0783934543602,22.055423626601993,2549.6148797730807,69.50656371724546,64.58013999589097,0.0,24.36535827049414,1,1702,0.0
1120,1069.665,0.20422091892157823,3063.214088785325,144.03168907137226,22.055423626601993,2549.6148797730807,69.50655384434845,64.56937014246168,0.0,24.36544800254983,1,1702,0.0
1121,1069.67,0.20434899702868084,3062.192486295636,143.98500723809903,22.055423626601993,2549.6148797730807,69.50654397145144,64.55860378826802,0.0,24.365537719635228,1,1702,0.0
1122,1069.675,0.20447713726283162,3061.1713860360874,143.9383479401043,22.055423626601993,2549.6148797730807,69.50653409855444,64.54784093162476,0.0,24.365627421755203,1,1702,0.0
1123,1069.68,0.20460533954297913,3060.1507876808614,143.8917111629465,22.055423626601993,2549.6148797730807,69.50652422565744,64.5370815708477,0.0,24.365717108914613,1,1702,0.0
1124,1069.685,0.20473360378815222,3059.1306909044033,143.84509689225672,22.055423626601993,2549.6148797730807,69.50651435276043,64.52632570425375,0.0,24.365806781118327,1,1702,0.0
1125,1069.69,0.20486192991746838,3058.1110953814214,143.79850511359368,22.055423626601993,2549.6148797730807,69.50650447986342,64.51557333016089,0.0,24.3658964383712,1,1702,0.0
1126,1069.6950000000002,0.20499031785012775,3057.0920007868863,143.75193581260874,22.055423626601993,2549.6148797730807,69.50649460696643,64.50482444688816,0.0,24.365986080678088,1,1702,0.0
1127,1069.7,0.20511876750541597,3056.0734067960284,143.7053889748659,22.055423626601993,2549.6148797730807,69.50648473406942,64.49407905275572,0.0,24.366075708043844,1,1702,0.0
1128,1069.7050000000002,0.20524727880270172,3055.055313084344,143.65886458601662,22.055423626601993,2549.6148797730807,69.50647486117242,64.48333714608474,0.0,24.366165320473325,1,1702,0.0
1129,1069.71,0.20537585166144073,3054.0377193275863,143.6123626317267,22.055423626601993,2549.6148797730807,69.50646498827541,64.47259872519747,0.0,24.366254917971375,1,1702,0.0
1130,1069.7150000000001,0.205504486001171,3053.02062520177,143.5658830976798,22.055423626601993,2549.6148797730807,69.5064551153784,64.46186378841729,0.0,24.366344500542844,1,1702,0.0
1131,1069.72,0.20563318174151557,3052.0040303831756,143.51942596947413,22.055423626601993,2549.6148797730807,69.5064452424814,64.4511323340686,0.0,24.36643406819258,1,1702,0.0
1132,1069.7250000000001,0.20576193880218058,3050.9879345483387,143.47299123280882,22.055423626601993,2549.6148797730807,69.50643536958441,64.44040436047689,0.0,24.36652362092542,1,1702,0.0
1133,1069.73,0.2058907571029592,3049.9723373740576,143.42657887340306,22.055423626601993,2549.6148797730807,69.5064254966874,64.42967986596871,0.0,24.366613158746205,1,1702,0.0
1134,1069.7350000000001,0.2060196365637245,3048.9572385373917,143.380188876932,22.055423626601993,2549.6148797730807,69.5064156237904,64.41895884887168,0.0,24.366702681659778,1,1702,0.0
1135,1069.74,0.20614857710443735,3047.9426377156587,143.3338212291191,22.055423626601993,2549.6148797730807,69.50640575089339,64.40824130751449,0.0,24.366792189670967,1,1702,0.0
1136,1069.7450000000001,0.20627757864513932,3046.9285345864346,143.28747591569217,22.055423626601993,2549.6148797730807,69.50639587799638,64.39752724022689,0.0,24.36688168278461,1,1702,0.0
1137,1069.75,0.20640664110595705,3045.9149288275607,143.24115292235538,22.055423626601993,2549.6148797730807,69.50638600509939,64.38681664533972,0.0,24.366971161005534,1,1702,0.0
1138,1069.755,0.20653576440710145,3044.9018201171307,143.19485223487513,22.055423626601993,2549.6148797730807,69.50637613220239,64.37610952118483,0.0,24.367060624338574,1,1702,0.0
1139,1069.76,0.20666494846886524,3043.8892081334984,143.14857383902023,22.055423626601993,2549.6148797730807,69.50636625930538,64.36540586609519,0.0,24.367150072788554,1,1702,0.0
1140,1069.765,0.20679419321162665,3042.87709255528,143.10231772057446,22.055423626601993,2549.6148797730807,69.50635638640837,64.35470567840483,0.0,24.367239506360296,1,1702,0.0
1141,1069.77,0.20692349855584452,3041.865473061347,143.05608386528635,22.055423626601993,2549.6148797730807,69.50634651351137,64.34400895644879,0.0,24.36732892505862,1,1702,0.0
1142,1069.775,0.20705286442206325,3040.8543493308316,143.0098722589408,22.055423626601993,2549.6148797730807,69.50633664061436,64.33331569856321,0.0,24.36741832888835,1,1702,0.0
1143,1069.78,0.20718229073091102,3039.843721043119,142.9636828873532,22.055423626601993,2549.6148797730807,69.50632676771737,64.32262590308531,0.0,24.3675077178543,1,1702,0.0
1144,1069.785,0.20731177740309586,3038.833587877857,142.9175157363972,22.055423626601993,2549.6148797730807,69.50631689482036,64.31193956835334,0.0,24.36759709196128,1,1702,0.0
1145,1069.79,0.20744132435941134,3037.8239495149487,142.8713707917988,22.055423626601993,2549.6148797730807,69.50630702192335,64.30125669270662,0.0,24.367686451214112,1,1702,0.0
1146,1069.795,0.20757093152073205,3036.8148056345553,142.82524803944483,22.055423626601993,2549.6148797730807,69.50629714902635,64.2905772744855,0.0,24.3677757956176,1,1702,0.0
1147,1069.8,0.20770059880801803,3035.8061559170937,142.7791474651824,22.055423626601993,2549.6148797730807,69.50628727612936,64.27990131203143,0.0,24.367865125176554,1,1702,0.0
1148,1069.805,0.2078303261423108,3034.7980000432385,142.7330690548788,22.055423626601993,2549.6148797730807,69.50627740323235,64.26922880368689,0.0,24.36795443989578,1,1702,0.0
1149,1069.81,0.20796011344473134,3033.790337693919,142.68701279438463,22.055423626601993,2549.6148797730807,69.50626753033534,64.2585597477954,0.0,24.368043739780077,1,1702,0.0
1150,1069.815,0.2080899606364889,3032.7831685503224,142.64097866960418,22.055423626601993,2549.6148797730807,69.50625765743834,64.24789414270163,0.0,24.36813302483425,1,1702,0.0
1151,1069.8200000000002,0.208219867638871,3031.776492293893,142.59496666642076,22.055423626601993,2549.6148797730807,69.50624778454133,64.23723198675114,0.0,24.368222295063095,1,1702,0.0
1152,1069.825,0.20834983437324858,3030.7703086063275,142.54897677073805,22.055423626601993,2549.6148797730807,69.50623791164433,64.2265732782907,0.0,24.368311550471415,1,1702,0.0
1153,1069.8300000000002,0.20847986076107453,3029.764617169581,142.50300896844337,22.055423626601993,2549.6148797730807,69.50622803874734,64.21591801566804,0.0,24.36840079106399,1,1702,0.0
1154,1069.835,0.2086099467238851,3028.7594176658604,142.4570632455201,22.055423626601993,2549.6148797730807,69.50621816585031,64.20526619723195,0.0,24.368490016845627,1,1702,0.0
1155,1069.8400000000001,0.2087400921832973,3027.7547097776305,142.41113958788156,22.055423626601993,2549.6148797730807,69.50620829295332,64.19461782133233,0.0,24.368579227821108,1,1702,0.0
1156,1069.845,0.20887029706100996,3026.7504931876115,142.36523798143156,22.055423626601993,2549.6148797730807,69.50619842005632,64.18397288632006,0.0,24.368668423995217,1,1702,0.0
1157,1069.8500000000001,0.20900056127880573,3025.7467675787752,142.319358412229,22.055423626601993,2549.6148797730807,69.50618854715931,64.17333139054709,0.0,24.368757605372743,1,1702,0.0
1158,1069.855,0.20913088475854602,3024.7435326343475,142.2735008661672,22.055423626601993,2549.6148797730807,69.50617867426232,64.16269333236646,0.0,24.36884677195847,1,1702,0.0
1159,1069.8600000000001,0.20926126742217604,3023.7407880378123,142.22766532924533,22.055423626601993,2549.6148797730807,69.5061688013653,64.15205871013218,0.0,24.368935923757174,1,1702,0.0
1160,1069.865,0.20939170919172287,3022.7385334729015,142.1818517874606,22.055423626601993,2549.6148797730807,69.5061589284683,64.14142752219936,0.0,24.369025060773637,1,1702,0.0
1161,1069.8700000000001,0.20952220998929388,3021.736768623607,142.13606022681097,22.055423626601993,2549.6148797730807,69.5061490555713,64.13079976692417,0.0,24.369114183012627,1,1702,0.0
1162,1069.875,0.2096527697370783,3020.735493174167,142.09029063332147,22.055423626601993,2549.6148797730807,69.5061391826743,64.12017544266376,0.0,24.36920329047893,1,1702,0.0
1163,1069.88,0.20978338835734603,3019.7347068090785,142.0445429930412,22.055423626601993,2549.6148797730807,69.5061293097773,64.10955454777638,0.0,24.369292383177303,1,1702,0.0
1164,1069.885,0.20991406577245,3018.734409213089,141.99881729193814,22.055423626601993,2549.6148797730807,69.50611943688028,64.09893708062133,0.0,24.36938146111252,1,1702,0.0
1165,1069.89,0.21004480190482264,3017.734600071198,141.95311351615177,22.055423626601993,2549.6148797730807,69.50610956398329,64.08832303955889,0.0,24.36947052428935,1,1702,0.0
1166,1069.895,0.21017559667697824,3016.735279068657,141.90743165167905,22.055423626601993,2549.6148797730807,69.50609969108629,64.07771242295043,0.0,24.369559572712557,1,1702,0.0
1167,1069.9,0.21030645001151094,3015.7364458909715,141.86177168461091,22.055423626601993,2549.6148797730807,69.50608981818928,64.06710522915836,0.0,24.369648606386903,1,1702,0.0
1168,1069.905,0.2104373618310968,3014.7381002238967,141.81613360103938,22.055423626601993,2549.6148797730807,69.50607994529227,64.05650145654612,0.0,24.369737625317146,1,1702,0.0
1169,1069.91,0.21056833205849323,3013.740241753441,141.77051738707456,22.055423626601993,2549.6148797730807,69.50607007239527,64.04590110347816,0.0,24.369826629508044,1,1702,0.0
1170,1069.915,0.2106993606165365,3012.742870165862,141.72492302876597,22.055423626601993,2549.6148797730807,69.50606019949826,64.03530416832002,0.0,24.36991561896435,1,1702,0.0
1171,1069.92,0.2108304474281453,3011.745985147671,141.6793505122683,22.055423626601993,2549.6148797730807,69.50605032660127,64.02471064943825,0.0,24.370004593690815,1,1702,0.0
1172,1069.925,0.21096159241631843,3010.749586385627,141.63379982367232,22.055423626601993,2549.6148797730807,69.50604045370426,64.01412054520044,0.0,24.370093553692197,1,1702,0.0
1173,1069.93,0.21109279550413396,3009.7536735667445,141.58827094914295,22.055423626601993,2549.6148797730807,69.50603058080725,64.00353385397521,0.0,24.370182498973243,1,1702,0.0
1174,1069.935,0.21122405661475196,3008.758246378282,141.54276387486016,22.055423626601993,2549.6148797730807,69.50602070791025,63.99295057413223,0.0,24.370271429538693,1,1702,0.0
1175,1069.94,0.21135537567141033,3007.7633045077523,141.49727858693188,22.055423626601993,2549.6148797730807,69.50601083501326,63.98237070404218,0.0,24.37036034539329,1,1702,0.0
1176,1069.9450000000002,0.2114867525974308,3006.7688476429175,141.45181507151776,22.055423626601993,2549.6148797730807,69.50600096211625,63.97179424207681,0.0,24.37044924654178,1,1702,0.0
1177,1069.95,0.21161818731621101,3005.7748754717895,141.40637331487613,22.055423626601993,2549.6148797730807,69.50599108921924,63.96122118660885,0.0,24.370538132988905,1,1702,0.0
1178,1069.9550000000002,0.21174967975123243,3004.7813876826276,141.36095330312205,22.055423626601993,2549.6148797730807,69.50598121632224,63.95065153601212,0.0,24.370627004739397,1,1702,0.0
1179,1069.96,0.21188122982605445,3003.788383963942,141.3155550224876,22.055423626601993,2549.6148797730807,69.50597134342523,63.94008528866142,0.0,24.370715861797994,1,1702,0.0
1180,1069.9650000000001,0.2120128374643151,3002.795864004493,141.27017845919303,22.055423626601993,2549.6148797730807,69.50596147052823,63.92952244293262,0.0,24.370804704169423,1,1702,0.0
1181,1069.97,0.21214450258973505,3001.8038274932865,141.22482359943294,22.055423626601993,2549.6148797730807,69.50595159763124,63.918962997202605,0.0,24.37089353185842,1,1702,0.0
1182,1069.9750000000001,0.2122762251261129,3000.81227411958,141.1794904295032,22.055423626601993,2549.6148797730807,69.50594172473423,63.90840694984926,0.0,24.37098234486971,1,1702,0.0
1183,1069.98,0.21240800499732587,2999.8212035728748,141.13417893557883,22.055423626601993,2549.6148797730807,69.50593185183722,63.897854299251534,0.0,24.371071143208017,1,1702,0.0
1184,1069.9850000000001,0.21253984212733307,2998.830615542926,141.08888910396334,22.055423626601993,2549.6148797730807,69.50592197894022,63.887305043789404,0.0,24.371159926878068,1,1702,0.0
1185,1069.99,0.21267173644017026,2997.840509719731,141.04362092092407,22.055423626601993,2549.6148797730807,69.50591210604321,63.87675918184384,0.0,24.37124869588458,1,1702,0.0
1186,1069.9950000000001,0.2128036878599555,2996.8508857935394,140.99837437271069,22.055423626601993,2549.6148797730807,69.50590223314622,63.86621671179686,0.0,24.37133745023228,1,1702,0.0
1187,1070.0,0.21293569631088347,2995.8617434548446,140.95314944563214,22.055423626601993,2549.6148797730807,69.5058923602492,63.855677632031515,0.0,24.37142618992587,1,1702,0.0
1188,1070.005,0.2130677617172292,2994.873082394387,140.9079461260015,22.055423626601993,2549.6148797730807,69.5058824873522,63.84514194093185,0.0,24.371514914970078,1,1702,0.0
1189,1070.01,0.2131998840033463,2993.884902303156,140.8627644001002,22.055423626601993,2549.6148797730807,69.5058726144552,63.83460963688296,0.0,24.371603625369612,1,1702,0.0
1190,1070.015,0.21333206309366792,2992.897202872386,140.81760425431258,22.055423626601993,2549.6148797730807,69.5058627415582,63.82408071827094,0.0,24.37169232112918,1,1702,0.0
1191,1070.02,0.21346429891270505,2991.9099837935587,140.7724656748771,22.055423626601993,2549.6148797730807,69.5058528686612,63.81355518348293,0.0,24.371781002253492,1,1702,0.0
1192,1070.025,0.2135965913850481,2990.923244758402,140.72734864819873,22.055423626601993,2549.6148797730807,69.50584299576418,63.80303303090709,0.0,24.371869668747248,1,1702,0.0
1193,1070.03,0.2137289404353667,2989.9369854588867,140.68225316063717,22.055423626601993,2549.6148797730807,69.50583312286719,63.79251425893256,0.0,24.371958320615157,1,1702,0.0
1194,1070.035,0.21386134598840814,2988.951205587235,140.6371791985441,22.055423626601993,2549.6148797730807,69.50582324997018,63.78199886594955,0.0,24.37204695786192,1,1702,0.0
1195,1070.04,0.21399380796899775,2987.9659048359085,140.59212674827086,22.055423626601993,2549.6148797730807,69.50581337707318,63.77148685034924,0.0,24.372135580492234,1,1702,0.0
1196,1070.045,0.21412632630204148,2986.9810828976174,140.54709579624722,22.055423626601993,2549.6148797730807,69.50580350417617,63.76097821052385,0.0,24.372224188510792,1,1702,0.0
1197,1070.05,0.21425890091252112,2985.996739465315,140.50208632881132,22.055423626601993,2549.6148797730807,69.50579363127916,63.75047294486665,0.0,24.372312781922297,1,1702,0.0
1198,1070.055,0.21439153172549796,2985.0128742322004,140.45709833247366,22.055423626601993,2549.6148797730807,69.50578375838217,63.73997105177187,0.0,24.37240136073143,1,1702,0.0
1199,1070.06,0.21452421866611157,2984.029486891718,140.41213179355185,22.055423626601993,2549.6148797730807,69.50577388548517,63.729472529634776,0.0,24.372489924942887,1,1702,0.0
1200,1070.065,0.21465696165957854,2983.046577137555,140.3671866985299,22.055423626601993,2549.6148797730807,69.50576401258816,63.71897737685165,0.0,24.372578474561355,1,1702,0.0
1201,1070.0700000000002,0.2147897606311946,2982.064144663641,140.32226303382492,22.055423626601993,2549.6148797730807,69.50575413969116,63.70848559181979,0.0,24.372667009591517,1,1702,0.0
1202,1070.075,0.21492261550633332,2981.0821891641535,140.27736078588595,22.055423626601993,2549.6148797730807,69.50574426679415,63.697997172937484,0.0,24.372755530038056,1,1702,0.0
1203,1070.0800000000002,0.2150555262104453,2980.1007103335096,140.23247994121857,22.055423626601993,2549.6148797730807,69.50573439389714,63.687512118604076,0.0,24.372844035905658,1,1702,0.0
1204,1070.085,0.2151884926690595,2979.1197078663718,140.1876204862428,22.055423626601993,2549.6148797730807,69.50572452100015,63.67703042721988,0.0,24.372932527198994,1,1702,0.0
1205,1070.0900000000001,0.21532151480778147,2978.139181457646,140.14278240746637,22.055423626601993,2549.6148797730807,69.50571464810315,63.66655209718623,0.0,24.373021003922748,1,1702,0.0
1206,1070.095,0.2154545925522963,2977.159130802478,140.09796569135918,22.055423626601993,2549.6148797730807,69.50570477520614,63.65607712690549,0.0,24.373109466081587,1,1702,0.0
1207,1070.1000000000001,0.21558772582836447,2976.1795555962613,140.0531703244929,22.055423626601993,2549.6148797730807,69.50569490230913,63.64560551478098,0.0,24.37319791368019,1,1702,0.0
1208,1070.105,0.21572091456182524,2975.2004555346257,140.00839629328806,22.055423626601993,2549.6148797730807,69.50568502941213,63.6351372592171,0.0,24.37328634672322,1,1702,0.0
1209,1070.1100000000001,0.21585415867859442,2974.2218303134478,139.96364358433348,22.055423626601993,2549.6148797730807,69.50567515651514,63.6246723586192,0.0,24.373374765215345,1,1702,0.0
1210,1070.115,0.21598745810466619,2973.243679628844,139.91891218415697,22.055423626601993,2549.6148797730807,69.50566528361813,63.61421081139366,0.0,24.373463169161234,1,1702,0.0
1211,1070.1200000000001,0.21612081276611017,2972.2660031771743,139.87420207930384,22.055423626601993,2549.6148797730807,69.50565541072112,63.603752615947855,0.0,24.373551558565552,1,1702,0.0
1212,1070.125,0.21625422258907345,2971.2888006550356,139.82951325630364,22.055423626601993,2549.6148797730807,69.50564553782412,63.593297770690164,0.0,24.37363993343295,1,1702,0.0
1213,1070.13,0.216387687499781,2970.3120717592687,139.78484570176343,22.055423626601993,2549.6148797730807,69.50563566492711,63.58284627402999,0.0,24.3737282937681,1,1702,0.0
1214,1070.135,0.2165212074245352,2969.33581618696,139.7401994022632,22.055423626601993,2549.6148797730807,69.50562579203012,63.57239812437771,0.0,24.373816639575647,1,1702,0.0
1215,1070.14,0.21665478228971244,2968.3600336354293,139.69557434435217,22.055423626601993,2549.6148797730807,69.5056159191331,63.561953320144724,0.0,24.373904970860252,1,1702,0.0
1216,1070.145,0.21678841202176763,2967.3847238022413,139.65097051463846,22.055423626601993,2549.6148797730807,69.5056060462361,63.551511859743414,0.0,24.37399328762656,1,1702,0.0
1217,1070.15,0.2169220965472337,2966.4098863851973,139.6063878997749,22.055423626601993,2549.6148797730807,69.5055961733391,63.54107374158719,0.0,24.374081589879225,1,1702,0.0
1218,1070.155,0.21705583579271653,2965.435521082343,139.56182648635462,22.055423626601993,2549.6148797730807,69.5055863004421,63.53063896409043,0.0,24.374169877622897,1,1702,0.0
1219,1070.16,0.21718962968490274,2964.4616275919616,139.5172862610011,22.055423626601993,2549.6148797730807,69.5055764275451,63.520207525668525,0.0,24.374258150862218,1,1702,0.0
1220,1070.165,0.217323478150552,2963.4882056125766,139.47276721036266,22.055423626601993,2549.6148797730807,69.50556655464808,63.50977942473788,0.0,24.37434640960183,1,1702,0.0
1221,1070.17,0.21745738111650148,2962.515254842949,139.42826932107621,22.055423626601993,2549.6148797730807,69.50555668175109,63.49935465971586,0.0,24.37443465384638,1,1702,0.0
1222,1070.175,0.2175913385096638,2961.5427749820824,139.38379257984803,22.055423626601993,2549.6148797730807,69.50554680885408,63.488933229020866,0.0,24.374522883600495,1,1702,0.0
1223,1070.18,0.21772535025702947,2960.5707657292155,139.3393369733065,22.055423626601993,2549.6148797730807,69.50553693595708,63.47851513107228,0.0,24.374611098868826,1,1702,0.0
1224,1070.185,0.21785941628566363,2959.59922678383,139.29490248818928,22.055423626601993,2549.6148797730807,69.50552706306009,63.46810036429045,0.0,24.374699299655997,1,1702,0.0
1225,1070.19,0.21799353652270817,2958.6281578456405,139.25048911111142,22.055423626601993,2549.6148797730807,69.50551719016306,63.45768892709677,0.0,24.374787485966642,1,1702,0.0
1226,1070.1950000000002,0.218127710895378,2957.6575586146055,139.20609682884418,22.055423626601993,2549.6148797730807,69.50550731726607,63.44728081791358,0.0,24.374875657805397,1,1702,0.0
1227,1070.2,0.2182619393309691,2956.687428790919,139.1617256280759,22.055423626601993,2549.6148797730807,69.50549744436907,63.43687603516425,0.0,24.374963815176883,1,1702,0.0
1228,1070.2050000000002,0.21839622175684897,2955.7177680750115,139.1173754955374,22.055423626601993,2549.6148797730807,69.50548757147206,63.42647457727312,0.0,24.375051958085727,1,1702,0.0
1229,1070.21,0.21853055810046176,2954.748576167552,139.07304641795938,22.055423626601993,2549.6148797730807,69.50547769857506,63.41607644266553,0.0,24.37514008653655,1,1702,0.0
1230,1070.2150000000001,0.21866494828932828,2953.7798527694504,139.0287383820911,22.055423626601993,2549.6148797730807,69.50546782567805,63.4056816297678,0.0,24.37522820053398,1,1702,0.0
1231,1070.22,0.21879939225104286,2952.8115975818473,138.98445137468903,22.055423626601993,2549.6148797730807,69.50545795278104,63.39529013700725,0.0,24.37531630008263,1,1702,0.0
1232,1070.2250000000001,0.21893388991327664,2951.843810306126,138.94018538254429,22.055423626601993,2549.6148797730807,69.50544807988405,63.38490196281217,0.0,24.37540438518712,1,1702,0.0
1233,1070.23,0.2190684412037749,2950.8764906439005,138.8959403923741,22.055423626601993,2549.6148797730807,69.50543820698705,63.374517105611865,0.0,24.375492455852065,1,1702,0.0
1234,1070.2350000000001,0.21920304605036034,2949.9096382970274,138.85171639101512,22.055423626601993,2549.6148797730807,69.50542833409004,63.36413556383661,0.0,24.375580512082074,1,1702,0.0
1235,1070.24,0.2193377043809294,2948.943252967596,138.80751336528022,22.055423626601993,2549.6148797730807,69.50541846119303,63.35375733591768,0.0,24.37566855388176,1,1702,0.0
1236,1070.2450000000001,0.21947241612345153,2947.9773343579327,138.7633313019419,22.055423626601993,2549.6148797730807,69.50540858829604,63.34338242028731,0.0,24.375756581255725,1,1702,0.0
1237,1070.25,0.2196071812059741,2947.0118821705983,138.71917018782108,22.055423626601993,2549.6148797730807,69.50539871539902,63.333010815378756,0.0,24.375844594208584,1,1702,0.0
1238,1070.255,0.21974199955661836,2946.046896108392,138.6750300097614,22.055423626601993,2549.6148797730807,69.50538884250203,63.322642519626214,0.0,24.375932592744935,1,1702,0.0
1239,1070.26,0.21987687110358098,2945.082375874345,138.63091075459815,22.055423626601993,2549.6148797730807,69.50537896960502,63.3122775314649,0.0,24.37602057686938,1,1702,0.0
1240,1070.265,0.22001179577513177,2944.118321171726,138.5868124091748,22.055423626601993,2549.6148797730807,69.50536909670801,63.301915849330996,0.0,24.376108546586522,1,1702,0.0
1241,1070.27,0.22014677349961562,2943.154731704036,138.54273496033628,22.055423626601993,2549.6148797730807,69.50535922381101,63.29155747166167,0.0,24.376196501900953,1,1702,0.0
1242,1070.275,0.220281804205454,2942.1916071750143,138.49867839501738,22.055423626601993,2549.6148797730807,69.50534935091402,63.28120239689506,0.0,24.37628444281727,1,1702,0.0
1243,1070.28,0.2204168878211406,2941.2289472886328,138.4546427000286,22.055423626601993,2549.6148797730807,69.505339478017,63.27085062347033,0.0,24.376372369340068,1,1702,0.0
1244,1070.285,0.22055202427524367,2940.266751749096,138.4106278623046,22.055423626601993,2549.6148797730807,69.50532960512,63.26050214982755,0.0,24.376460281473936,1,1702,0.0
1245,1070.29,0.22068721349640621,2939.3050202608465,138.366633868713,22.055423626601993,2549.6148797730807,69.505319732223,63.25015697440781,0.0,24.37654817922346,1,1702,0.0
1246,1070.295,0.22082245541334644,2938.3437525285553,138.32266070617234,22.055423626601993,2549.6148797730807,69.50530985932599,63.23981509565318,0.0,24.37663606259323,1,1702,0.0
1247,1070.3,0.2209577499548551,2937.38294825713,138.27870836164058,22.055423626601993,2549.6148797730807,69.505299986429,63.2294765120067,0.0,24.37672393158783,1,1702,0.0
1248,1070.305,0.2210930970497974,2936.4226071517123,138.23477682201909,22.055423626601993,2549.6148797730807,69.505290113532,63.21914122191238,0.0,24.37681178621184,1,1702,0.0
1249,1070.31,0.22122849662711422,2935.462728917676,138.19086607425163,22.055423626601993,2549.6148797730807,69.50528024063499,63.20880922381524,0.0,24.37689962646984,1,1702,0.0
1250,1070.315,0.2213639486158171,2934.5033132606277,138.14697610530047,22.055423626601993,2549.6148797730807,69.50527036773798,63.198480516161204,0.0,24.376987452366407,1,1702,0.0
1251,1070.3200000000002,0.22149945294499432,2933.5443598864063,138.10310690211173,22.055423626601993,2549.6148797730807,69.50526049484098,63.18815509739725,0.0,24.377075263906118,1,1702,0.0
1252,1070.325,0.22163500954380555,2932.5858685010844,138.05925845166541,22.055423626601993,2549.6148797730807,69.50525062194399,63.17783296597128,0.0,24.377163061093544,1,1702,0.0
1253,1070.3300000000002,0.22177061834148704,2931.627838810965,138.01543074094099,22.055423626601993,2549.6148797730807,69.50524074904698,63.16751412033217,0.0,24.377250843933258,1,1702,0.0
1254,1070.335,0.2219062792673452,2930.670270522584,137.97162375694796,22.055423626601993,2549.6148797730807,69.50523087614997,63.15719855892979,0.0,24.37733861242983,1,1702,0.0
1255,1070.3400000000001,0.22204199225076407,2929.7131633427102,137.92783748667722,22.055423626601993,2549.6148797730807,69.50522100325297,63.146886280214964,0.0,24.377426366587827,1,1702,0.0
1256,1070.345,0.2221777572211964,2928.756516978342,137.8840719171514,22.055423626601993,2549.6148797730807,69.50521113035596,63.13657728263951,0.0,24.377514106411812,1,1702,0.0
1257,1070.3500000000001,0.22231357410817112,2927.8003311367124,137.8403270353726,22.055423626601993,2549.6148797730807,69.50520125745896,63.126271564656165,0.0,24.37760183190635,1,1702,0.0
1258,1070.355,0.22244944284129026,2926.8446055252803,137.79660282842025,22.055423626601993,2549.6148797730807,69.50519138456195,63.11596912471869,0.0,24.377689543075995,1,1702,0.0
1259,1070.3600000000001,0.22258536335022844,2925.8893398517394,137.75289928328937,22.055423626601993,2549.6148797730807,69.50518151166494,63.105669961281784,0.0,24.37777723992531,1,1702,0.0
1260,1070.365,0.2227213355647336,2924.934533824014,137.70921638703854,22.055423626601993,2549.6148797730807,69.50517163876795,63.095374072801114,0.0,24.377864922458855,1,1702,0.0
1261,1070.3700000000001,0.22285735941462542,2923.980187150258,137.66555412676294,22.055423626601993,2549.6148797730807,69.50516176587095,63.085081457733345,0.0,24.377952590681176,1,1702,0.0
1262,1070.375,0.22299343482980058,2923.0262995388557,137.62191248949964,22.055423626601993,2549.6148797730807,69.50515189297394,63.07479211453605,0.0,24.378040244596825,1,1702,0.0
1263,1070.38,0.2231295617402229,2922.0728706984205,137.5782914623765,22.055423626601993,2549.6148797730807,69.50514202007693,63.064506041667826,0.0,24.378127884210357,1,1702,0.0
1264,1070.385,0.22326574007593297,2921.119900337798,137.5346910324437,22.055423626601993,2549.6148797730807,69.50513214717994,63.05422323758818,0.0,24.37821550952632,1,1702,0.0
1265,1070.39,0.2234019697670432,2920.1673881660595,137.49111118686167,22.055423626601993,2549.6148797730807,69.50512227428293,63.04394370075764,0.0,24.378303120549255,1,1702,0.0
1266,1070.395,0.22353825074373782,2919.215333892511,137.44755191267407,22.055423626601993,2549.6148797730807,69.50511240138593,63.03366742963764,0.0,24.378390717283708,1,1702,0.0
1267,1070.4,0.2236745829362743,2918.263737226683,137.40401319706234,22.055423626601993,2549.6148797730807,69.50510252848893,63.023394422690615,0.0,24.37847829973422,1,1702,0.0
1268,1070.405,0.22381096627498326,2917.3125978783387,137.36049502713962,22.055423626601993,2549.6148797730807,69.50509265559191,63.01312467837994,0.0,24.378565867905323,1,1702,0.0
1269,1070.41,0.22394740069026534,2916.3619155574647,137.31699739001877,22.055423626601993,2549.6148797730807,69.50508278269491,63.00285819516998,0.0,24.378653421801562,1,1702,0.0
1270,1070.415,0.2240838861125955,2915.4116899742826,137.27352027291366,22.055423626601993,2549.6148797730807,69.50507290979792,62.992594971526,0.0,24.37874096142747,1,1702,0.0
1271,1070.42,0.2242204224725212,2914.461920839238,137.2300636629675,22.055423626601993,2549.6148797730807,69.5050630369009,62.982335005914294,0.0,24.378828486787583,1,1702,0.0
1272,1070.425,0.22435700970066008,2913.5126078630055,137.1866275473465,22.055423626601993,2549.6148797730807,69.50505316400391,62.97207829680209,0.0,24.378915997886423,1,1702,0.0
1273,1070.43,0.22449364772770303,2912.5637507564898,137.14321191325692,22.055423626601993,2549.6148797730807,69.5050432911069,62.96182484265753,0.0,24.379003494728522,1,1702,0.0
1274,1070.435,0.22463033648441325,2911.615349230821,137.09981674783833,22.055423626601993,2549.6148797730807,69.50503341820989,62.95157464194978,0.0,24.37909097731841,1,1702,0.0
1275,1070.44,0.2247670759016257,2910.6674029973556,137.05644203834217,22.055423626601993,2549.6148797730807,69.5050235453129,62.941327693148914,0.0,24.379178445660603,1,1702,0.0
1276,1070.4450000000002,0.22490386591024725,2909.719911767679,137.01308777199296,22.055423626601993,2549.6148797730807,69.5050136724159,62.93108399472598,0.0,24.379265899759627,1,1702,0.0
1277,1070.45,0.22504070644125498,2908.7728752536045,136.96975393597145,22.055423626601993,2549.6148797730807,69.50500379951889,62.92084354515299,0.0,24.379353339620003,1,1702,0.0
1278,1070.4550000000002,0.22517759742569912,2907.826293167172,136.92644051754496,22.055423626601993,2549.6148797730807,69.50499392662188,62.91060634290289,0.0,24.379440765246247,1,1702,0.0
1279,1070.46,0.22531453879470276,2906.880165220646,136.88314750396833,22.055423626601993,2549.6148797730807,69.50498405372488,62.900372386449575,0.0,24.379528176642875,1,1702,0.0
1280,1070.4650000000001,0.2254515304794566,2905.934491126518,136.83987488245745,22.055423626601993,2549.6148797730807,69.50497418082787,62.89014167426793,0.0,24.3796155738144,1,1702,0.0
1281,1070.47,0.22558857241122737,2904.989270597508,136.79662264028667,22.055423626601993,2549.6148797730807,69.50496430793088,62.879914204833746,0.0,24.37970295676534,1,1702,0.0
1282,1070.4750000000001,0.22572566452134893,2904.0445033465594,136.75339076475078,22.055423626601993,2549.6148797730807,69.50495443503387,62.86968997662379,0.0,24.379790325500192,1,1702,0.0
1283,1070.48,0.2258628067412301,2903.1001890868424,136.71017924312596,22.055423626601993,2549.6148797730807,69.50494456213686,62.859468988115765,0.0,24.37987768002347,1,1702,0.0
1284,1070.4850000000001,0.22599999900234802,2902.1563275317512,136.66698806270978,22.055423626601993,2549.6148797730807,69.50493468923986,62.84925123778834,0.0,24.379965020339675,1,1702,0.0
1285,1070.49,0.22613724123625284,2901.2129183949082,136.62381721080575,22.055423626601993,2549.6148797730807,69.50492481634286,62.83903672412114,0.0,24.380052346453315,1,1702,0.0
1286,1070.4950000000001,0.226274533374565,2900.2699613901614,136.58066667470013,22.055423626601993,2549.6148797730807,69.50491494344585,62.828825445594696,0.0,24.380139658368886,1,1702,0.0
1287,1070.5,0.2264118753489746,2899.327456231577,136.53753644175782,22.055423626601993,2549.6148797730807,69.50490507054884,62.81861740069051,0.0,24.380226956090894,1,1702,0.0
1288,1070.505,0.22654926709124656,2898.3854026334534,136.49442649927846,22.055423626601993,2549.6148797730807,69.50489519765185,62.808412587891056,0.0,24.380314239623825,1,1702,0.0
1289,1070.51,0.22668670853321155,2897.44380031031,136.45133683461938,22.055423626601993,2549.6148797730807,69.50488532475484,62.798211005679704,0.0,24.380401508972177,1,1702,0.0
1290,1070.515,0.22682419960677513,2896.502648976891,136.40826743513162,22.055423626601993,2549.6148797730807,69.50487545185784,62.788012652540814,0.0,24.38048876414045,1,1702,0.0
1291,1070.52,0.2269617402439112,2895.561948348166,136.36521828820224,22.055423626601993,2549.6148797730807,69.50486557896085,62.777817526959666,0.0,24.38057600513312,1,1702,0.0
1292,1070.525,0.22709933037666452,2894.6216981393263,136.32218938116605,22.055423626601993,2549.6148797730807,69.50485570606382,62.767625627422476,0.0,24.380663231954685,1,1702,0.0
1293,1070.53,0.22723696993715092,2893.6818980657877,136.27918070143366,22.055423626601993,2549.6148797730807,69.50484583316683,62.757436952416434,0.0,24.380750444609628,1,1702,0.0
1294,1070.535,0.2273746588575577,2892.74254784319,136.23619223639264,22.055423626601993,2549.6148797730807,69.50483596026983,62.74725150042964,0.0,24.380837643102435,1,1702,0.0
1295,1070.54,0.22751239707013932,2891.803647187396,136.19322397341497,22.055423626601993,2549.6148797730807,69.50482608737283,62.73706926995115,0.0,24.380924827437585,1,1702,0.0
1296,1070.545,0.22765018450722382,2890.86519581449,136.15027589997166,22.055423626601993,2549.6148797730807,69.50481621447582,62.72689025947096,0.0,24.38101199761956,1,1702,0.0
1297,1070.55,0.22778802110120744,2889.927193440782,136.10734800341697,22.055423626601993,2549.6148797730807,69.50480634157881,62.71671446748002,0.0,24.381099153652833,1,1702,0.0
1298,1070.555,0.22792590678455757,2888.989639782803,136.0644402712293,22.055423626601993,2549.6148797730807,69.50479646868182,62.70654189247017,0.0,24.381186295541884,1,1702,0.0
1299,1070.56,0.22806384148981101,2888.0525345573055,136.02155269082877,22.055423626601993,2549.6148797730807,69.50478659578481,62.69637253293425,0.0,24.38127342329118,1,1702,0.0
1300,1070.565,0.22820182514957477,2887.1158774812657,135.97868524969118,22.055423626601993,2549.6148797730807,69.50477672288781,62.68620638736599,0.0,24.381360536905206,1,1702,0.0
1301,1070.5700000000002,0.22833985769652534,2886.1796682718787,135.93583793523655,22.055423626601993,2549.6148797730807,69.5047668499908,62.67604345426009,0.0,24.381447636388412,1,1702,0.0
1302,1070.575,0.22847793906341074,2885.243906646568,135.89301073497356,22.055423626601993,2549.6148797730807,69.50475697709379,62.665883732112164,0.0,24.38153472174528,1,1702,0.0
1303,1070.5800000000002,0.22861606918304647,2884.3085923229723,135.8502036363575,22.055423626601993,2549.6148797730807,69.5047471041968,62.65572721941877,0.0,24.381621792980265,1,1702,0.0
1304,1070.585,0.22875424798831767,2883.373725018953,135.80741662690113,22.055423626601993,2549.6148797730807,69.5047372312998,62.64557391467739,0.0,24.38170885009784,1,1702,0.0
1305,1070.5900000000001,0.228892475412183,2882.4393044525937,135.76464969411256,22.055423626601993,2549.6148797730807,69.50472735840279,62.63542381638647,0.0,24.38179589310246,1,1702,0.0
1306,1070.595,0.22903075138766482,2881.505330342199,135.7219028254486,22.055423626601993,2549.6148797730807,69.50471748550578,62.625276923045355,0.0,24.38188292199858,1,1702,0.0
1307,1070.6000000000001,0.22916907584785873,2880.5718024062953,135.6791760084561,22.055423626601993,2549.6148797730807,69.50470761260878,62.61513323315433,0.0,24.381969936790664,1,1702,0.0
1308,1070.605,0.22930744872592906,2879.6387203636255,135.6364692306725,22.055423626601993,2549.6148797730807,69.50469773971177,62.60499274521464,0.0,24.38205693748316,1,1702,0.0
1309,1070.6100000000001,0.2294458699551096,2878.706083933157,135.59378247965623,22.055423626601993,2549.6148797730807,69.50468786681478,62.594855457728414,0.0,24.382143924080523,1,1702,0.0
1310,1070.615,0.2295843394687016,2877.7738928340746,135.55111574292118,22.055423626601993,2549.6148797730807,69.50467799391777,62.584721369198746,0.0,24.382230896587206,1,1702,0.0
1311,1070.6200000000001,0.2297228572000773,2876.842146785785,135.5084690080357,22.055423626601993,2549.6148797730807,69.50466812102076,62.574590478129664,0.0,24.382317855007653,1,1702,0.0
1312,1070.625,0.22986142308267768,2875.910845507915,135.46584226256502,22.055423626601993,2549.6148797730807,69.50465824812376,62.564462783026094,0.0,24.382404799346315,1,1702,0.0
1313,1070.63,0.2300000370500117,2874.9799887203067,135.4232354940586,22.055423626601993,2549.6148797730807,69.50464837522676,62.554338282393914,0.0,24.382491729607626,1,1702,0.0
1314,1070.635,0.2301386990356592,2874.049576143026,135.38064869018012,22.055423626601993,2549.6148797730807,69.50463850232975,62.54421697473991,0.0,24.382578645796038,1,1702,0.0
1315,1070.64,0.2302774089732665,2873.119607496355,135.33808183845434,22.055423626601993,2549.6148797730807,69.50462862943276,62.534098858571824,0.0,24.38266554791599,1,1702,0.0
1316,1070.645,0.2304161667965494,2872.1900825007983,135.29553492648907,22.055423626601993,2549.6148797730807,69.50461875653575,62.52398393239831,0.0,24.382752435971916,1,1702,0.0
1317,1070.65,0.23055497243929493,2871.261000877076,135.2530079419571,22.055423626601993,2549.6148797730807,69.50460888363874,62.51387219472891,0.0,24.38283930996825,1,1702,0.0
1318,1070.655,0.23069382583535433,2870.332362346125,135.21050087242494,22.055423626601993,2549.6148797730807,69.50459901074174,62.50376364407416,0.0,24.382926169909435,1,1702,0.0
1319,1070.66,0.2308327269186508,2869.404166629106,135.16801370553569,22.055423626601993,2549.6148797730807,69.50458913784475,62.493658278945475,0.0,24.38301301579989,1,1702,0.0
1320,1070.665,0.23097167562317417,2868.4764134473926,135.12554642897942,22.055423626601993,2549.6148797730807,69.50457926494774,62.48355609785519,0.0,24.383099847644054,1,1702,0.0
1321,1070.67,0.23111067188298437,2867.549102522579,135.08309903037915,22.055423626601993,2549.6148797730807,69.50456939205073,62.473457099316605,0.0,24.38318666544635,1,1702,0.0
1322,1070.675,0.231249715632207,2866.6222335764774,135.04067149738339,22.055423626601993,2549.6148797730807,69.50455951915373,62.46336128184389,0.0,24.383273469211208,1,1702,0.0
1323,1070.68,0.23138880680503904,2865.6958063311154,134.99826381767232,22.055423626601993,2549.6148797730807,69.50454964625672,62.45326864395215,0.0,24.383360258943043,1,1702,0.0
1324,1070.685,0.23152794533574317,2864.769820508738,134.95587597894908,22.055423626601993,2549.6148797730807,69.50453977335972,62.44317918415742,0.0,24.383447034646284,1,1702,0.0
1325,1070.69,0.23166713115865162,2863.8442758318097,134.91350796889068,22.055423626601993,2549.6148797730807,69.50452990046271,62.433092900976675,0.0,24.38353379632535,1,1702,0.0
1326,1070.6950000000002,0.23180636420816358,2862.9191720230083,134.87115977518584,22.055423626601993,2549.6148797730807,69.5045200275657,62.42300979292777,0.0,24.38362054398465,1,1702,0.0
1327,1070.7,0.23194564441874668,2861.9945088052323,134.82883138556747,22.055423626601993,2549.6148797730807,69.50451015466871,62.4129298585295,0.0,24.383707277628606,1,1702,0.0
1328,1070.7050000000002,0.23208497172493675,2861.0702859015933,134.78652278774723,22.055423626601993,2549.6148797730807,69.50450028177171,62.40285309630156,0.0,24.38379399726163,1,1702,0.0
1329,1070.71,0.23222434606133793,2860.14650303542,134.74423396943834,22.055423626601993,2549.6148797730807,69.5044904088747,62.39277950476459,0.0,24.38388070288813,1,1702,0.0
1330,1070.7150000000001,0.2323637673626192,2859.2231599302577,134.70196491841315,22.055423626601993,2549.6148797730807,69.50448053597769,62.382709082440115,0.0,24.383967394512524,1,1702,0.0
1331,1070.72,0.23250323556352173,2858.300256309868,134.65971562240975,22.055423626601993,2549.6148797730807,69.5044706630807,62.37264182785061,0.0,24.384054072139207,1,1702,0.0
1332,1070.7250000000001,0.23264275059884928,2857.377791898227,134.61748606915398,22.055423626601993,2549.6148797730807,69.50446079018369,62.36257773951942,0.0,24.38414073577259,1,1702,0.0
1333,1070.73,0.23278231240347694,2856.455766419525,134.57527624645695,22.055423626601993,2549.6148797730807,69.50445091728669,62.35251681597084,0.0,24.384227385417073,1,1702,0.0
1334,1070.7350000000001,0.23292192091234593,2855.53417959817,134.53308614209763,22.055423626601993,2549.6148797730807,69.5044410443897,62.34245905573006,0.0,24.384314021077063,1,1702,0.0
1335,1070.74,0.23306157606046443,2854.6130311587854,134.49091574379676,22.055423626601993,2549.6148797730807,69.50443117149267,62.33240445732321,0.0,24.38440064275695,1,1702,0.0
1336,1070.7450000000001,0.2332012777829079,2853.6923208262074,134.44876503945594,22.055423626601993,2549.6148797730807,69.50442129859567,62.32235301927729,0.0,24.384487250461138,1,1702,0.0
1337,1070.75,0.2333410260148203,2852.7720483254875,134.40663401678955,22.055423626601993,2549.6148797730807,69.50441142569868,62.31230474012025,0.0,24.384573844194012,1,1702,0.0
1338,1070.755,0.2334808206914114,2851.8522133818915,134.3645226636451,22.055423626601993,2549.6148797730807,69.50440155280168,62.30225961838091,0.0,24.384660423959975,1,1702,0.0
1339,1070.76,0.23362066174795804,2850.9328157208993,134.3224309678484,22.055423626601993,2549.6148797730807,69.50439167990467,62.29221765258903,0.0,24.38474698976341,1,1702,0.0
1340,1070.765,0.23376054911980487,2850.0138550682054,134.28035891722882,22.055423626601993,2549.6148797730807,69.50438180700766,62.282178841275275,0.0,24.38483354160871,1,1702,0.0
1341,1070.77,0.23390048274236297,2849.0953311497174,134.23830649964387,22.055423626601993,2549.6148797730807,69.50437193411067,62.27214318297121,0.0,24.384920079500258,1,1702,0.0
1342,1070.775,0.23404046255110997,2848.177243691558,134.1962737029198,22.055423626601993,2549.6148797730807,69.50436206121366,62.262110676209325,0.0,24.385006603442438,1,1702,0.0
1343,1070.78,0.23418048848159087,2847.259592420062,134.15426051494703,22.055423626601993,2549.6148797730807,69.50435218831666,62.25208131952299,0.0,24.385093113439638,1,1702,0.0
1344,1070.785,0.23432056046941677,2846.342377061777,134.11226692356803,22.055423626601993,2549.6148797730807,69.50434231541965,62.2420551114465,0.0,24.385179609496234,1,1702,0.0
1345,1070.79,0.23446067845026639,2845.4255973434633,134.07029291669744,22.055423626601993,2549.6148797730807,69.50433244252264,62.23203205051504,0.0,24.385266091616604,1,1702,0.0
1346,1070.795,0.234600842359885,2844.5092529920976,134.02833848218728,22.055423626601993,2549.6148797730807,69.50432256962564,62.222012135264734,0.0,24.385352559805124,1,1702,0.0
1347,1070.8,0.2347410521340815,2843.5933437348667,133.9864036079633,22.055423626601993,2549.6148797730807,69.50431269672865,62.211995364232564,0.0,24.385439014066172,1,1702,0.0
1348,1070.805,0.23488130770873578,2842.677869299168,133.94448828192975,22.055423626601993,2549.6148797730807,69.50430282383164,62.201981735956444,0.0,24.385525454404117,1,1702,0.0
1349,1070.81,0.23502160901978916,2841.7628294126125,133.90259249199283,22.055423626601993,2549.6148797730807,69.50429295093463,62.191971248975186,0.0,24.385611880823326,1,1702,0.0
1350,1070.815,0.23516195600325382,2840.848223803025,133.8607162260771,22.055423626601993,2549.6148797730807,69.50428307803763,62.18196390182851,0.0,24.385698293328172,1,1702,0.0
1351,1070.8200000000002,0.23530234859520605,2839.934052198441,133.8188594721526,22.055423626601993,2549.6148797730807,69.50427320514062,62.17195969305701,0.0,24.385784691923014,1,1702,0.0
1352,1070.825,0.2354427867317871,2839.020314327108,133.7770222181239,22.055423626601993,2549.6148797730807,69.50426333224362,62.16195862120222,0.0,24.385871076612222,1,1702,0.0
1353,1070.8300000000002,0.23558327034920662,2838.107009917482,133.73520445197593,22.055423626601993,2549.6148797730807,69.50425345934661,62.15196068480655,0.0,24.385957447400155,1,1702,0.0
1354,1070.835,0.2357237993837374,2837.194138698235,133.69340616164084,22.055423626601993,2549.6148797730807,69.5042435864496,62.1419658824133,0.0,24.38604380429118,1,1702,0.0
1355,1070.8400000000001,0.23586437377172248,2836.281700398246,133.65162733511815,22.055423626601993,2549.6148797730807,69.50423371355261,62.13197421256669,0.0,24.386130147289645,1,1702,0.0
1356,1070.845,0.23600499344956566,2835.369694746607,133.60986796040723,22.055423626601993,2549.6148797730807,69.50422384065561,62.121985673811835,0.0,24.386216476399913,1,1702,0.0
1357,1070.8500000000001,0.23614565835373977,2834.458121472621,133.56812802545483,22.055423626601993,2549.6148797730807,69.5042139677586,62.112000264694736,0.0,24.38630279162633,1,1702,0.0
1358,1070.855,0.23628636842078293,2833.5469803058,133.5264075183024,22.055423626601993,2549.6148797730807,69.50420409486159,62.102017983762295,0.0,24.386389092973253,1,1702,0.0
1359,1070.8600000000001,0.23642712358729862,2832.636270975867,133.48470642691643,22.055423626601993,2549.6148797730807,69.5041942219646,62.09203882956232,0.0,24.386475380445034,1,1702,0.0
1360,1070.865,0.2365679237899545,2831.7259932127545,133.4430247393521,22.055423626601993,2549.6148797730807,69.50418434906759,62.08206280064349,0.0,24.386561654046016,1,1702,0.0
1361,1070.8700000000001,0.23670876896548626,2830.8161467466057,133.40136244363777,22.055423626601993,2549.6148797730807,69.50417447617059,62.07208989555541,0.0,24.38664791378055,1,1702,0.0
1362,1070.875,0.2368496590506932,2829.906731307773,133.3597195278048,22.055423626601993,2549.6148797730807,69.5041646032736,62.06212011284855,0.0,24.386734159652974,1,1702,0.0
1363,1070.88,0.23699059398243924,2828.99774662682,133.31809597988556,22.055423626601993,2549.6148797730807,69.50415473037658,62.05215345107429,0.0,24.38682039166763,1,1702,0.0
1364,1070.885,0.23713157369765678,2828.089192434516,133.27649178794042,22.055423626601993,2549.6148797730807,69.50414485747957,62.04218990878489,0.0,24.386906609828863,1,1702,0.0
1365,1070.89,0.23727259813334053,2827.181068461842,133.23490694007307,22.055423626601993,2549.6148797730807,69.50413498458258,62.03222948453353,0.0,24.386992814141006,1,1702,0.0
1366,1070.895,0.23741366722655063,2826.273374439988,133.19334142430432,22.055423626601993,2549.6148797730807,69.50412511168557,62.02227217687424,0.0,24.3870790046084,1,1702,0.0
1367,1070.9,0.2375547809144136,2825.3661101003518,133.15179522875897,22.055423626601993,2549.6148797730807,69.50411523878857,62.012317984361964,0.0,24.387165181235375,1,1702,0.0
1368,1070.905,0.23769593913412013,2824.4592751745386,133.1102683415025,22.055423626601993,2549.6148797730807,69.50410536589156,62.002366905552535,0.0,24.387251344026257,1,1702,0.0
1369,1070.91,0.23783714182292537,2823.552869394364,133.06876075066467,22.055423626601993,2549.6148797730807,69.50409549299455,61.992418939002675,0.0,24.387337492985385,1,1702,0.0
1370,1070.915,0.23797838891815018,2822.646892491852,133.02727244430648,22.055423626601993,2549.6148797730807,69.50408562009756,61.982474083269985,0.0,24.38742362811708,1,1702,0.0
1371,1070.92,0.23811968035717967,2821.7413441992335,132.98580341063345,22.055423626601993,2549.6148797730807,69.50407574720056,61.97253233691296,0.0,24.38750974942567,1,1702,0.0
1372,1070.925,0.23826101607746492,2820.836224248946,132.94435363768164,22.055423626601993,2549.6148797730807,69.50406587430355,61.96259369849099,0.0,24.387595856915482,1,1702,0.0
1373,1070.93,0.23840239601651864,2819.931532373636,132.90292311367523,22.055423626601993,2549.6148797730807,69.50405600140654,61.952658166564326,0.0,24.387681950590828,1,1702,0.0
1374,1070.935,0.23854382011192204,2819.027268306156,132.8615118266535,22.055423626601993,2549.6148797730807,69.50404612850954,61.94272573969414,0.0,24.387768030456034,1,1702,0.0
1375,1070.94,0.23868528830131705,2818.1234317795697,132.82011976489107,22.055423626601993,2549.6148797730807,69.50403625561253,61.932796416442464,0.0,24.387854096515422,1,1702,0.0
1376,1070.9450000000002,0.23882680052241367,2817.220022527142,132.7787469165176,22.055423626601993,2549.6148797730807,69.50402638271554,61.92287019537221,0.0,24.387940148773303,1,1702,0.0
1377,1070.95,0.23896835671298225,2816.3170402823503,132.73739326965415,22.055423626601993,2549.6148797730807,69.50401650981853,61.9129470750472,0.0,24.38802618723399,1,1702,0.0
1378,1070.9550000000002,0.23910995681086114,2815.4144847788725,132.6960588125298,22.055423626601993,2549.6148797730807,69.50400663692152,61.90302705403211,0.0,24.388112211901795,1,1702,0.0
1379,1070.96,0.23925160075395102,2814.512355750598,132.65474353334736,22.055423626601993,2549.6148797730807,69.50399676402452,61.89311013089252,0.0,24.388198222781025,1,1702,0.0
1380,1070.9650000000001,0.23939328848021751,2813.6106529316203,132.6134474202743,22.055423626601993,2549.6148797730807,69.50398689112752,61.88319630419487,0.0,24.38828421987599,1,1702,0.0
1381,1070.97,0.2395350199276885,2812.7093760562384,132.5721704615594,22.055423626601993,2549.6148797730807,69.50397701823053,61.8732855725065,0.0,24.388370203191002,1,1702,0.0
1382,1070.9750000000001,0.23967679503445852,2811.8085248589573,132.5309126454017,22.055423626601993,2549.6148797730807,69.50396714533352,61.86337793439562,0.0,24.388456172730354,1,1702,0.0
1383,1070.98,0.23981861373868446,2810.9080990744906,132.48967396003852,22.055423626601993,2549.6148797730807,69.50395727243651,61.85347338843133,0.0,24.38854212849835,1,1702,0.0
1384,1070.9850000000001,0.23996047597858672,2810.0080984377532,132.4484543937124,22.055423626601993,2549.6148797730807,69.50394739953951,61.843571933183604,0.0,24.388628070499294,1,1702,0.0
1385,1070.99,0.2401023816924507,2809.108522683867,132.4072539346436,22.055423626601993,2549.6148797730807,69.5039375266425,61.83367356722327,0.0,24.388713998737483,1,1702,0.0
1386,1070.9950000000001,0.24024433081862598,2808.209371548159,132.36607257112274,22.055423626601993,2549.6148797730807,69.5039276537455,61.823778289122075,0.0,24.388799913217213,1,1702,0.0
1387,1071.0,0.2403863232955232,2807.3106447661607,132.3249102913634,22.055423626601993,2549.6148797730807,69.5039177808485,61.81388609745261,0.0,24.38888581394277,1,1702,0.0
1388,1071.005,0.24052835906161893,2806.41234207361,132.2837670837119,22.055423626601993,2549.6148797730807,69.50390790795149,61.803996990788356,0.0,24.388971700918457,1,1702,0.0
1389,1071.01,0.2406704380554526,2805.514463206446,132.24264293640158,22.055423626601993,2549.6148797730807,69.50389803505449,61.79411096770367,0.0,24.389057574148556,1,1702,0.0
1390,1071.015,0.24081256021562789,2804.6170079008148,132.20153783775731,22.055423626601993,2549.6148797730807,69.5038881621575,61.78422802677379,0.0,24.389143433637354,1,1702,0.0
1391,1071.02,0.2409547254808097,2803.719975893066,132.16045177603962,22.055423626601993,2549.6148797730807,69.50387828926048,61.77434816657481,0.0,24.38922927938914,1,1702,0.0
1392,1071.025,0.24109693378972832,2802.823366919754,132.11938473958307,22.055423626601993,2549.6148797730807,69.50386841636347,61.7644713856837,0.0,24.389315111408198,1,1702,0.0
1393,1071.03,0.24123918508117598,2801.927180717633,132.0783367167321,22.055423626601993,2549.6148797730807,69.50385854346648,61.75459768267832,0.0,24.38940092969881,1,1702,0.0
1394,1071.035,0.2413814792940102,2801.031417023666,132.03730769576893,22.055423626601993,2549.6148797730807,69.50384867056947,61.74472705613739,0.0,24.38948673426525,1,1702,0.0
1395,1071.04,0.24152381636714873,2800.136075575016,131.99629766506038,22.055423626601993,2549.6148797730807,69.50383879767247,61.734859504640504,0.0,24.389572525111806,1,1702,0.0
1396,1071.045,0.24166619623957417,2799.2411561090503,131.95530661292594,22.055423626601993,2549.6148797730807,69.50382892477546,61.72499502676812,0.0,24.38965830224275,1,1702,0.0
1397,1071.05,0.2418086188503327,2798.3466583633394,131.91433452774686,22.055423626601993,2549.6148797730807,69.50381905187845,61.715133621101586,0.0,24.38974406566235,1,1702,0.0
1398,1071.055,0.24195108413853056,2797.4525820756567,131.87338139785496,22.055423626601993,2549.6148797730807,69.50380917898146,61.70527528622309,0.0,24.389829815374885,1,1702,0.0
1399,1071.06,0.2420935920433396,2796.558926983977,131.83244721168322,22.055423626601993,2549.6148797730807,69.50379930608446,61.6954200207157,0.0,24.389915551384618,1,1702,0.0
1400,1071.065,0.24223614250399453,2795.665692826478,131.791531957549,22.055423626601993,2549.6148797730807,69.50378943318745,61.685567823163375,0.0,24.390001273695827,1,1702,0.0
1401,1071.0700000000002,0.2423787354597905,2794.7728793415404,131.75063562389388,22.055423626601993,2549.6148797730807,69.50377956029044,61.67571869215091,0.0,24.390086982312766,1,1702,0.0
1402,1071.075,0.242521370850087,2793.8804862677457,131.70975819906718,22.055423626601993,2549.6148797730807,69.50376968739344,61.665872626263976,0.0,24.390172677239708,1,1702,0.0
1403,1071.0800000000002,0.2426640486143066,2792.9885133438806,131.66889967150655,22.055423626601993,2549.6148797730807,69.50375981449643,61.656029624089115,0.0,24.390258358480914,1,1702,0.0
1404,1071.085,0.2428067686919318,2792.0969603089275,131.62806002962333,22.055423626601993,2549.6148797730807,69.50374994159944,61.646189684213745,0.0,24.390344026040633,1,1702,0.0
1405,1071.0900000000001,0.2429495310225108,2791.205826902076,131.58723926186275,22.055423626601993,2549.6148797730807,69.50374006870244,61.63635280522611,0.0,24.39042967992314,1,1702,0.0
1406,1071.095,0.24309233554565182,2790.3151128627137,131.54643735662344,22.055423626601993,2549.6148797730807,69.50373019580542,61.62651898571537,0.0,24.390515320132682,1,1702,0.0
1407,1071.1000000000001,0.24323518220102644,2789.42481793043,131.50565430234593,22.055423626601993,2549.6148797730807,69.50372032290842,61.616688224271506,0.0,24.390600946673516,1,1702,0.0
1408,1071.105,0.24337807092836758,2788.534941845018,131.464890087547,22.055423626601993,2549.6148797730807,69.50371045001143,61.60686051948539,0.0,24.390686559549884,1,1702,0.0
1409,1071.1100000000001,0.24352100166747195,2787.645484346465,131.4241447006242,22.055423626601993,2549.6148797730807,69.50370057711442,61.59703586994874,0.0,24.39077215876605,1,1702,0.0
1410,1071.115,0.24366397435819723,2786.7564451749663,131.38341813008037,22.055423626601993,2549.6148797730807,69.50369070421742,61.58721427425414,0.0,24.390857744326258,1,1702,0.0
1411,1071.1200000000001,0.24380698894046357,2785.867824070914,131.34271036437582,22.055423626601993,2549.6148797730807,69.50368083132041,61.57739573099503,0.0,24.390943316234754,1,1702,0.0
1412,1071.125,0.24395004535425147,2784.979620774899,131.30202139200648,22.055423626601993,2549.6148797730807,69.5036709584234,61.567580238765714,0.0,24.39102887449578,1,1702,0.0
1413,1071.13,0.2440931435396062,2784.091835027716,131.2613512014615,22.055423626601993,2549.6148797730807,69.5036610855264,61.55776779616137,0.0,24.39111441911358,1,1702,0.0
1414,1071.135,0.2442362834366325,2783.204466570355,131.2206997812589,22.055423626601993,2549.6148797730807,69.5036512126294,61.54795840177801,0.0,24.3911999500924,1,1702,0.0
1415,1071.14,0.24437946498549867,2782.3175151440105,131.18006711988886,22.055423626601993,2549.6148797730807,69.5036413397324,61.538152054212524,0.0,24.391285467436468,1,1702,0.0
1416,1071.145,0.24452268812643319,2781.4309804900718,131.1394532059074,22.055423626601993,2549.6148797730807,69.50363146683539,61.528348752062634,0.0,24.39137097115003,1,1702,0.0
1417,1071.15,0.2446659527997264,2780.5448623501306,131.09885802781457,22.055423626601993,2549.6148797730807,69.50362159393839,61.51854849392695,0.0,24.391456461237315,1,1702,0.0
1418,1071.155,0.24480925894573172,2779.659160465978,131.0582815741806,22.055423626601993,2549.6148797730807,69.50361172104138,61.50875127840492,0.0,24.391541937702556,1,1702,0.0
1419,1071.16,0.24495260650486173,2778.7738745796014,131.01772383353114,22.055423626601993,2549.6148797730807,69.50360184814438,61.49895710409685,0.0,24.391627400549986,1,1702,0.0
1420,1071.165,0.24509599541759286,2777.889004433187,130.97718479442486,22.055423626601993,2549.6148797730807,69.50359197524737,61.48916596960391,0.0,24.391712849783833,1,1702,0.0
1421,1071.17,0.24523942562446163,2777.004549769124,130.93666444545053,22.055423626601993,2549.6148797730807,69.50358210235036,61.47937787352811,0.0,24.391798285408324,1,1702,0.0
1422,1071.175,0.24538289706606553,2776.1205103299944,130.89616277516092,22.055423626601993,2549.6148797730807,69.50357222945337,61.469592814472314,0.0,24.39188370742768,1,1702,0.0
1423,1071.18,0.24552640968306325,2775.2368858585824,130.85567977214282,22.055423626601993,2549.6148797730807,69.50356235655637,61.459810791040255,0.0,24.391969115846127,1,1702,0.0
1424,1071.185,0.24566996341617645,2774.353676097867,130.81521542498928,22.055423626601993,2549.6148797730807,69.50355248365938,61.45003180183651,0.0,24.392054510667887,1,1702,0.0
1425,1071.19,0.24581355820618525,2773.4708807910274,130.77476972230932,22.055423626601993,2549.6148797730807,69.50354261076235,61.440255845466496,0.0,24.39213989189718,1,1702,0.0
1426,1071.1950000000002,0.24595719399393393,2772.5884996814398,130.73434265270924,22.055423626601993,2549.6148797730807,69.50353273786536,61.43048292053649,0.0,24.392225259538222,1,1702,0.0
1427,1071.2,0.2461008707203248,2771.706532512677,130.69393420480023,22.055423626601993,2549.6148797730807,69.50352286496836,61.42071302565364,0.0,24.392310613595228,1,1702,0.0
1428,1071.2050000000002,0.2462445883263231,2770.82497902851,130.65354436722407,22.055423626601993,2549.6148797730807,69.50351299207135,61.4109461594259,0.0,24.39239595407241,1,1702,0.0
1429,1071.21,0.24638834675295312,2769.943838972907,130.6131731285942,22.055423626601993,2549.6148797730807,69.50350311917435,61.40118232046212,0.0,24.392481280973975,1,1702,0.0
1430,1071.2150000000001,0.24653214594130138,2769.063112090033,130.57282047758764,22.055423626601993,2549.6148797730807,69.50349324627734,61.39142150737196,0.0,24.392566594304142,1,1702,0.0
1431,1071.22,0.24667598583251574,2768.1827981242477,130.53248640283502,22.055423626601993,2549.6148797730807,69.50348337338033,61.38166371876594,0.0,24.392651894067114,1,1702,0.0
1432,1071.2250000000001,0.2468198663678019,2767.3028968201115,130.4921708929975,22.055423626601993,2549.6148797730807,69.50347350048334,61.37190895325545,0.0,24.392737180267098,1,1702,0.0
1433,1071.23,0.24696378748842973,2766.4234079223766,130.45187393674803,22.055423626601993,2549.6148797730807,69.50346362758634,61.36215720945269,0.0,24.392822452908295,1,1702,0.0
1434,1071.2350000000001,0.2471077491357261,2765.5443311759955,130.41159552278134,22.055423626601993,2549.6148797730807,69.50345375468933,61.352408485970734,0.0,24.392907711994905,1,1702,0.0
1435,1071.24,0.24725175125108176,2764.665666326113,130.37133563975073,22.055423626601993,2549.6148797730807,69.50344388179232,61.34266278142348,0.0,24.392992957531135,1,1702,0.0
1436,1071.2450000000001,0.2473957937759447,2763.7874131180724,130.33109427638348,22.055423626601993,2549.6148797730807,69.50343400889533,61.33292009442569,0.0,24.393078189521173,1,1702,0.0
1437,1071.25,0.2475398766518247,2762.9095712974113,130.29087142138368,22.055423626601993,2549.6148797730807,69.50342413599832,61.32318042359295,0.0,24.393163407969222,1,1702,0.0
1438,1071.255,0.24768399982029357,2762.0321406098637,130.2506670634389,22.055423626601993,2549.6148797730807,69.50341426310132,61.31344376754171,0.0,24.39324861287948,1,1702,0.0
1439,1071.26,0.24782816322297985,2761.1551208013575,130.21048119129622,22.055423626601993,2549.6148797730807,69.50340439020431,61.30371012488924,0.0,24.393333804256123,1,1702,0.0
1440,1071.265,0.2479723668015744,2760.2785116180166,130.1703137936518,22.055423626601993,2549.6148797730807,69.5033945173073,61.29397949425369,0.0,24.393418982103356,1,1702,0.0
1441,1071.27,0.24811661049782813,2759.4023128061613,130.13016485928983,22.055423626601993,2549.6148797730807,69.5033846444103,61.284251874254,0.0,24.39350414642536,1,1702,0.0
1442,1071.275,0.24826089425355088,2758.5265241123025,130.09003437695333,22.055423626601993,2549.6148797730807,69.50337477151331,61.27452726350998,0.0,24.393589297226324,1,1702,0.0
1443,1071.28,0.2484052180106138,2757.65114528315,130.04992233535688,22.055423626601993,2549.6148797730807,69.5033648986163,61.26480566064229,0.0,24.393674434510434,1,1702,0.0
1444,1071.285,0.24854958171094654,2756.7761760656067,130.00982872332864,22.055423626601993,2549.6148797730807,69.50335502571929,61.2550870642724,0.0,24.393759558281868,1,1702,0.0
1445,1071.29,0.24869398529653944,2755.901616206768,129.96975352959535,22.055423626601993,2549.6148797730807,69.50334515282229,61.24537147302266,0.0,24.39384466854481,1,1702,0.0
1446,1071.295,0.24883842870944234,2755.0274654539253,129.9296967429276,22.055423626601993,2549.6148797730807,69.50333527992528,61.2356588855162,0.0,24.393929765303433,1,1702,0.0
1447,1071.3,0.24898291189176458,2754.1537235545625,129.88965835213355,22.055423626601993,2549.6148797730807,69.50332540702829,61.22594930037704,0.0,24.394014848561923,1,1702,0.0
1448,1071.305,0.24912743478567603,2753.2803902563583,129.84963834603843,22.055423626601993,2549.6148797730807,69.50331553413129,61.21624271623001,0.0,24.394099918324446,1,1702,0.0
1449,1071.31,0.2492719973334044,2752.407465307184,129.80963671339163,22.055423626601993,2549.6148797730807,69.50330566123426,61.20653913170081,0.0,24.39418497459518,1,1702,0.0
1450,1071.315,0.2494165994772386,2751.534948455106,129.76965344307206,22.055423626601993,2549.6148797730807,69.50329578833727,61.19683854541591,0.0,24.394270017378297,1,1702,0.0
1451,1071.3200000000002,0.2495612411595261,2750.6628394483805,129.72968852387345,22.055423626601993,2549.6148797730807,69.50328591544027,61.18714095600268,0.0,24.39435504667796,1,1702,0.0
1452,1071.325,0.24970592232267463,2749.79113803546,129.68974194462623,22.055423626601993,2549.6148797730807,69.50327604254326,61.177446362089285,0.0,24.39444006249834,1,1702,0.0
1453,1071.3300000000002,0.2498506429091489,2748.9198439649886,129.649813694162,22.055423626601993,2549.6148797730807,69.50326616964627,61.167754762304746,0.0,24.394525064843602,1,1702,0.0
1454,1071.335,0.2499954028614762,2748.048956985802,129.6099037613762,22.055423626601993,2549.6148797730807,69.50325629674926,61.1580661552789,0.0,24.39461005371791,1,1702,0.0
1455,1071.3400000000001,0.2501402021222405,2747.178476846929,129.57001213507468,22.055423626601993,2549.6148797730807,69.50324642385225,61.14838053964244,0.0,24.394695029125423,1,1702,0.0
1456,1071.345,0.2502850406340854,2746.308403297591,129.53013880415162,22.055423626601993,2549.6148797730807,69.50323655095525,61.138697914026864,0.0,24.394779991070298,1,1702,0.0
1457,1071.3500000000001,0.25042991833971495,2745.4387360872024,129.49028375747,22.055423626601993,2549.6148797730807,69.50322667805825,61.12901827706451,0.0,24.3948649395567,1,1702,0.0
1458,1071.355,0.25057483518188955,2744.5694749653667,129.45044698390944,22.055423626601993,2549.6148797730807,69.50321680516124,61.119341627388565,0.0,24.394949874588782,1,1702,0.0
1459,1071.3600000000001,0.25071979110343123,2743.7006196818825,129.41062847238496,22.055423626601993,2549.6148797730807,69.50320693226423,61.109667963633015,0.0,24.39503479617069,1,1702,0.0
1460,1071.365,0.2508647860472184,2742.832169986738,129.37082821177617,22.055423626601993,2549.6148797730807,69.50319705936724,61.099997284432696,0.0,24.39511970430659,1,1702,0.0
1461,1071.3700000000001,0.2510098199561911,2741.9641256301124,129.33104619101178,22.055423626601993,2549.6148797730807,69.50318718647023,61.09032958842327,0.0,24.39520459900062,1,1702,0.0
1462,1071.375,0.25115489277334596,2741.0964863623767,129.29128239896806,22.055423626601993,2549.6148797730807,69.50317731357323,61.080664874241236,0.0,24.395289480256935,1,1702,0.0
1463,1071.38,0.251300004441738,2740.229251934094,129.25153682461521,22.055423626601993,2549.6148797730807,69.50316744067622,61.071003140523885,0.0,24.395374348079677,1,1702,0.0
1464,1071.385,0.2514451549044831,2739.362422096016,129.21180945686717,22.055423626601993,2549.6148797730807,69.50315756777921,61.06134438590937,0.0,24.395459202472992,1,1702,0.0
1465,1071.39,0.25159034410475306,2738.4959965990884,129.17210028467548,22.055423626601993,2549.6148797730807,69.50314769488222,61.05168860903666,0.0,24.395544043441024,1,1702,0.0
1466,1071.395,0.25173557198578095,2737.6299751944425,129.13240929695914,22.055423626601993,2549.6148797730807,69.50313782198522,61.04203580854555,0.0,24.395628870987913,1,1702,0.0
1467,1071.4,0.25188083849085535,2736.7643576334062,129.09273648273947,22.055423626601993,2549.6148797730807,69.50312794908822,61.03238598307665,0.0,24.395713685117798,1,1702,0.0
1468,1071.405,0.2520261435633254,2735.89914366749,129.05308183094064,22.055423626601993,2549.6148797730807,69.5031180761912,61.02273913127142,0.0,24.395798485834806,1,1702,0.0
1469,1071.41,0.25217148714659654,2735.0343330484025,129.0134453305077,22.055423626601993,2549.6148797730807,69.5031082032942,61.013095251772114,0.0,24.395883273143085,1,1702,0.0
1470,1071.415,0.2523168691841348,2734.1699255280373,128.9738269704818,22.055423626601993,2549.6148797730807,69.50309833039721,61.00345434322182,0.0,24.39596804704676,1,1702,0.0
1471,1071.42,0.25246228961946404,2733.305920858477,128.93422673982928,22.055423626601993,2549.6148797730807,69.5030884575002,60.99381640426446,0.0,24.396052807549967,1,1702,0.0
1472,1071.425,0.2526077483961628,2732.442318791995,128.89464462757576,22.055423626601993,2549.6148797730807,69.5030785846032,60.984181433544755,0.0,24.396137554656836,1,1702,0.0
1473,1071.43,0.25275324545787237,2731.579119081057,128.85508062266166,22.055423626601993,2549.6148797730807,69.50306871170619,60.974549429708276,0.0,24.396222288371487,1,1702,0.0
1474,1071.435,0.2528987807482888,2730.7163214783122,128.815534714207,22.055423626601993,2549.6148797730807,69.50305883880918,60.964920391401385,0.0,24.39630700869805,1,1702,0.0
1475,1071.44,0.25304435421116894,2729.853925736603,128.7760068911556,22.055423626601993,2549.6148797730807,69.50304896591219,60.95529431727129,0.0,24.396391715640647,1,1702,0.0
1476,1071.4450000000002,0.25318996579032327,2728.991931608958,128.73649714258318,22.055423626601993,2549.6148797730807,69.50303909301519,60.945671205966,0.0,24.3964764092034,1,1702,0.0
1477,1071.45,0.2533356154296236,2728.1303388485967,128.69700545750007,22.055423626601993,2549.6148797730807,69.50302922011818,60.936051056134346,0.0,24.396561089390435,1,1702,0.0
1478,1071.4550000000002,0.2534813030729995,2727.269147208925,128.65753182498423,22.055423626601993,2549.6148797730807,69.50301934722117,60.926433866425974,0.0,24.39664575620586,1,1702,0.0
1479,1071.46,0.25362702866443565,2726.408356443538,128.61807623409425,22.055423626601993,2549.6148797730807,69.50300947432417,60.916819635491365,0.0,24.396730409653795,1,1702,0.0
1480,1071.4650000000001,0.253772792147976,2725.5479663062188,128.57863867387525,22.055423626601993,2549.6148797730807,69.50299960142716,60.9072083619818,0.0,24.396815049738354,1,1702,0.0
1481,1071.47,0.25391859346772333,2724.6879765509384,128.53921913340318,22.055423626601993,2549.6148797730807,69.50298972853017,60.89760004454939,0.0,24.39689967646365,1,1702,0.0
1482,1071.4750000000001,0.2540644325678345,2723.828386931857,128.49981760178306,22.055423626601993,2549.6148797730807,69.50297985563316,60.88799468184705,0.0,24.396984289833792,1,1702,0.0
1483,1071.48,0.25421030939252715,2722.969197203318,128.4604340680972,22.055423626601993,2549.6148797730807,69.50296998273615,60.8783922725285,0.0,24.397068889852893,1,1702,0.0
1484,1071.4850000000001,0.25435622388607504,2722.1104071198574,128.4210685214584,22.055423626601993,2549.6148797730807,69.50296010983915,60.8687928152483,0.0,24.397153476525055,1,1702,0.0
1485,1071.49,0.2545021759928076,2721.2520164361954,128.38172095094293,22.055423626601993,2549.6148797730807,69.50295023694216,60.85919630866181,0.0,24.397238049854383,1,1702,0.0
1486,1071.4950000000001,0.2546481656571141,2720.39402490724,128.34239134568858,22.055423626601993,2549.6148797730807,69.50294036404514,60.849602751425195,0.0,24.397322609844984,1,1702,0.0
1487,1071.5,0.2547941928234407,2719.536432288086,128.30307969482143,22.055423626601993,2549.6148797730807,69.50293049114813,60.84001214219546,0.0,24.39740715650095,1,1702,0.0
1488,1071.505,0.2549402574362884,2718.6792383340153,128.26378598748087,22.055423626601993,2549.6148797730807,69.50292061825114,60.830424479630395,0.0,24.39749168982639,1,1702,0.0
1489,1071.51,0.2550863594402174,2717.8224428004955,128.22451021277513,22.055423626601993,2549.6148797730807,69.50291074535413,60.8208397623886,0.0,24.397576209825395,1,1702,0.0
1490,1071.515,0.2552324987798437,2716.966045443181,128.18525235989748,22.055423626601993,2549.6148797730807,69.50290087245713,60.811257989129516,0.0,24.39766071650206,1,1702,0.0
1491,1071.52,0.25537867539984244,2716.110046017914,128.1460124179402,22.055423626601993,2549.6148797730807,69.50289099956012,60.80167915851336,0.0,24.397745209860485,1,1702,0.0
1492,1071.525,0.25552488924494243,2715.25444428072,128.10679037616697,22.055423626601993,2549.6148797730807,69.50288112666311,60.79210326920117,0.0,24.397829689904754,1,1702,0.0
1493,1071.53,0.2556711402599312,2714.3992399878107,128.06758622367275,22.055423626601993,2549.6148797730807,69.50287125376612,60.78253031985481,0.0,24.39791415663896,1,1702,0.0
1494,1071.535,0.2558174283896533,2713.544432895587,128.02839994963378,22.055423626601993,2549.6148797730807,69.50286138086912,60.77296030913693,0.0,24.397998610067198,1,1702,0.0
1495,1071.54,0.25596375357900886,2712.69002276063,127.98923154331833,22.055423626601993,2549.6148797730807,69.50285150797211,60.763393235710986,0.0,24.398083050193545,1,1702,0.0
1496,1071.545,0.2561101157729545,2711.836009339711,127.95008099384528,22.055423626601993,2549.6148797730807,69.50284163507511,60.75382909824128,0.0,24.398167477022085,1,1702,0.0
1497,1071.55,0.25625651491650614,2710.982392389784,127.91094829045521,22.055423626601993,2549.6148797730807,69.5028317621781,60.74426789539286,0.0,24.398251890556903,1,1702,0.0
1498,1071.555,0.256402950954732,2710.1291716679884,127.87183342235177,22.055423626601993,2549.6148797730807,69.5028218892811,60.73470962583163,0.0,24.39833629080208,1,1702,0.0
1499,1071.56,0.25654942383276075,2709.2763469316483,127.8327363787733,22.055423626601993,2549.6148797730807,69.5028120163841,60.72515428822427,0.0,24.398420677761692,1,1702,0.0
1500,1071.565,0.2566959334957746,2708.4239179382716,127.79365714895816,22.055423626601993,2549.6148797730807,69.5028021434871,60.71560188123828,0.0,24.398505051439823,1,1702,0.0
1501,1071.5700000000002,0.2568424798890136,2707.571884445554,127.75459572210275,22.055423626601993,2549.6148797730807,69.50279227059009,60.70605240354195,0.0,24.39858941184054,1,1702,0.0
1502,1071.575,0.2569890629577729,2706.720246211372,127.71555208748146,22.055423626601993,2549.6148797730807,69.50278239769308,60.696505853804396,0.0,24.398673758967917,1,1702,0.0
1503,1071.5800000000002,0.25713568264740577,2705.8690029937875,127.67652623436872,22.055423626601993,2549.6148797730807,69.50277252479609,60.68696223069552,0.0,24.398758092826025,1,1702,0.0
1504,1071.585,0.2572823389033194,2705.0181545510472,127.63751815197607,22.055423626601993,2549.6148797730807,69.50276265189908,60.67742153288602,0.0,24.39884241341894,1,1702,0.0
1505,1071.5900000000001,0.257429031670978,2704.1677006415807,127.59852782962824,22.055423626601993,2549.6148797730807,69.50275277900208,60.66788375904742,0.0,24.398926720750726,1,1702,0.0
1506,1071.595,0.25757576089590384,2703.3176410240017,127.55955525658062,22.055423626601993,2549.6148797730807,69.50274290610507,60.658348907852016,0.0,24.399011014825444,1,1702,0.0
1507,1071.6000000000001,0.2577225265236707,2702.467975457107,127.52060042209558,22.055423626601993,2549.6148797730807,69.50273303320806,60.64881697797293,0.0,24.39909529564716,1,1702,0.0
1508,1071.605,0.25786932849991273,2701.618703699878,127.48166331551012,22.055423626601993,2549.6148797730807,69.50272316031106,60.63928796808406,0.0,24.399179563219942,1,1702,0.0
1509,1071.6100000000001,0.25801616677031747,2700.769825511477,127.4427439261233,22.055423626601993,2549.6148797730807,69.50271328741407,60.62976187686013,0.0,24.399263817547844,1,1702,0.0
1510,1071.615,0.25816304128062945,2699.9213406512513,127.40384224322341,22.055423626601993,2549.6148797730807,69.50270341451706,60.62023870297664,0.0,24.399348058634924,1,1702,0.0
1511,1071.6200000000001,0.2583099519766465,2699.0732488787303,127.36495825613868,22.055423626601993,2549.6148797730807,69.50269354162005,60.610718445109896,0.0,24.39943228648524,1,1702,0.0
1512,1071.625,0.2584568988042265,2698.2255499536263,127.32609195421311,22.055423626601993,2549.6148797730807,69.50268366872305,60.601201101937,0.0,24.399516501102852,1,1702,0.0
1513,1071.63,0.2586038817092785,2697.3782436358338,127.28724332673627,22.055423626601993,2549.6148797730807,69.50267379582606,60.591686672135864,0.0,24.399600702491806,1,1702,0.0
1514,1071.635,0.25875090063776995,2696.531329685431,127.2484123631223,22.055423626601993,2549.6148797730807,69.50266392292905,60.58217515438517,0.0,24.39968489065615,1,1702,0.0
1515,1071.64,0.2588979555357231,2695.6848078626754,127.20959905264928,22.055423626601993,2549.6148797730807,69.50265405003205,60.57266654736442,0.0,24.399769065599944,1,1702,0.0
1516,1071.645,0.2590450463492142,2694.8386779280095,127.17080338471509,22.055423626601993,2549.6148797730807,69.50264417713504,60.56316084975389,0.0,24.39985322732723,1,1702,0.0
1517,1071.65,0.2591921730243779,2693.9929396420557,127.13202534870175,22.055423626601993,2549.6148797730807,69.50263430423803,60.553658060234675,0.0,24.39993737584205,1,1702,0.0
1518,1071.655,0.25933933550740074,2693.147592765619,127.09326493395415,22.055423626601993,2549.6148797730807,69.50262443134103,60.54415817748865,0.0,24.40002151114845,1,1702,0.0
1519,1071.66,0.2594865337445272,2692.3026370596854,127.0545221298996,22.055423626601993,2549.6148797730807,69.50261455844404,60.53466120019847,0.0,24.400105633250472,1,1702,0.0
1520,1071.665,0.25963376768205637,2691.4580722854225,127.0157969258635,22.055423626601993,2549.6148797730807,69.50260468554703,60.52516712704761,0.0,24.400189742152154,1,1702,0.0
1521,1071.67,0.2597810372663404,2690.6138982041803,126.97708931129046,22.055423626601993,2549.6148797730807,69.50259481265002,60.515675956720315,0.0,24.400273837857537,1,1702,0.0
1522,1071.675,0.2599283424437897,2689.7701145774877,126.93839927556493,22.055423626601993,2549.6148797730807,69.50258493975302,60.506187687901644,0.0,24.400357920370656,1,1702,0.0
1523,1071.68,0.2600756831608685,2688.9267211670567,126.89972680812616,22.055423626601993,2549.6148797730807,69.50257506685601,60.49670231927742,0.0,24.400441989695548,1,1702,0.0
1524,1071.685,0.2602230593640941,2688.083717734777,126.86107189837517,22.055423626601993,2549.6148797730807,69.50256519395901,60.48721984953426,0.0,24.40052604583624,1,1702,0.0
1525,1071.69,0.2603704710000413,2687.241104042722,126.82243453578307,22.055423626601993,2549.6148797730807,69.502555321062,60.4777402773596,0.0,24.400610088796768,1,1702,0.0
1526,1071.6950000000002,0.26051791801533924,2686.398879853143,126.78381470974813,22.055423626601993,2549.6148797730807,69.502545448165,60.46826360144164,0.0,24.40069411858116,1,1702,0.0
1527,1071.7,0.2606654003566706,2685.5570449284737,126.7452124097265,22.055423626601993,2549.6148797730807,69.502535575268,60.45878982046937,0.0,24.40077813519344,1,1702,0.0
1528,1071.7050000000002,0.2608129179707744,2684.7155990313263,126.70662762516446,22.055423626601993,2549.6148797730807,69.502525702371,60.449318933132574,0.0,24.40086213863764,1,1702,0.0
1529,1071.71,0.26096047080444335,2683.8745419244933,126.66806034552751,22.055423626601993,2549.6148797730807,69.50251582947399,60.43985093812181,0.0,24.400946128917774,1,1702,0.0
1530,1071.7150000000001,0.26110805880452403,2683.0338733709473,126.629510560332,22.055423626601993,2549.6148797730807,69.50250595657698,60.43038583412844,0.0,24.40103010603787,1,1702,0.0
1531,1071.72,0.2612556819179205,2682.1935931338394,126.59097825898642,22.055423626601993,2549.6148797730807,69.50249608367999,60.420923619844615,0.0,24.401114070001945,1,1702,0.0
1532,1071.7250000000001,0.26140334009158667,2681.3537009765014,126.55246343101886,22.055423626601993,2549.6148797730807,69.50248621078298,60.41146429396325,0.0,24.40119802081402,1,1702,0.0
1533,1071.73,0.26155103327253637,2680.5141966624437,126.51396606592402,22.055423626601993,2549.6148797730807,69.50247633788598,60.40200785517806,0.0,24.401281958478112,1,1702,0.0
1534,1071.7350000000001,0.26169876140783327,2679.675079955356,126.47548615318834,22.055423626601993,2549.6148797730807,69.50246646498897,60.39255430218354,0.0,24.40136588299823,1,1702,0.0
1535,1071.74,0.2618465244445981,2678.8363506191067,126.43702368233689,22.055423626601993,2549.6148797730807,69.50245659209196,60.38310363367497,0.0,24.401449794378394,1,1702,0.0
1536,1071.7450000000001,0.2619943223300044,2677.9980084177423,126.39857864287036,22.055423626601993,2549.6148797730807,69.50244671919496,60.37365584834842,0.0,24.401533692622607,1,1702,0.0
1537,1071.75,0.26214215501128113,2677.1600531154895,126.36015102434224,22.055423626601993,2549.6148797730807,69.50243684629797,60.364210944900734,0.0,24.40161757773488,1,1702,0.0
1538,1071.755,0.2622900224357098,2676.3224844767524,126.32174081624377,22.055423626601993,2549.6148797730807,69.50242697340096,60.35476892202953,0.0,24.401701449719223,1,1702,0.0
1539,1071.76,0.2624379245506274,2675.4853022661123,126.28334800814686,22.055423626601993,2549.6148797730807,69.50241710050395,60.34532977843322,0.0,24.40178530857964,1,1702,0.0
1540,1071.765,0.2625858613034252,2674.6485062483307,126.244972589603,22.055423626601993,2549.6148797730807,69.50240722760695,60.335893512811,0.0,24.401869154320135,1,1702,0.0
1541,1071.77,0.2627338326415477,2673.812096188347,126.20661455016797,22.055423626601993,2549.6148797730807,69.50239735470994,60.326460123862844,0.0,24.40195298694471,1,1702,0.0
1542,1071.775,0.2628818385124917,2672.9760718512766,126.16827387939648,22.055423626601993,2549.6148797730807,69.50238748181295,60.317029610289495,0.0,24.40203680645736,1,1702,0.0
1543,1071.78,0.2630298788638118,2672.1404330024134,126.12995056685416,22.055423626601993,2549.6148797730807,69.50237760891595,60.30760197079249,0.0,24.40212061286209,1,1702,0.0
1544,1071.785,0.2631779536431123,2671.305179407229,126.0916446021293,22.055423626601993,2549.6148797730807,69.50236773601894,60.29817720407413,0.0,24.402204406162895,1,1702,0.0
1545,1071.79,0.263326062798055,2670.4703108313715,126.05335597481557,22.055423626601993,2549.6148797730807,69.50235786312193,60.28875530883749,0.0,24.402288186363766,1,1702,0.0
1546,1071.795,0.2634742062763521,2669.635827040667,126.01508467453291,22.055423626601993,2549.6148797730807,69.50234799022493,60.27933628378645,0.0,24.4023719534687,1,1702,0.0
1547,1071.8,0.2636223840257725,2668.801727801119,125.97683069082947,22.055423626601993,2549.6148797730807,69.50233811732792,60.269920127625646,0.0,24.402455707481682,1,1702,0.0
1548,1071.805,0.26377059599413566,2667.9680128789073,125.9385940133718,22.055423626601993,2549.6148797730807,69.50232824443093,60.26050683906049,0.0,24.402539448406703,1,1702,0.0
1549,1071.81,0.2639188421293166,2667.1346820403865,125.9003746317488,22.055423626601993,2549.6148797730807,69.50231837153392,60.25109641679718,0.0,24.402623176247754,1,1702,0.0
1550,1071.815,0.26406712237924296,2666.301735052091,125.86217253555232,22.055423626601993,2549.6148797730807,69.5023084986369,60.24168885954268,0.0,24.402706891008815,1,1702,0.0
1551,1071.8200000000002,0.26421543669189734,2665.4691716807283,125.82398771450472,22.055423626601993,2549.6148797730807,69.50229862573991,60.23228416600472,0.0,24.402790592693876,1,1702,0.0
1552,1071.825,0.2643637850153123,2664.636991693186,125.78582015819222,22.055423626601993,2549.6148797730807,69.50228875284292,60.22288233489182,0.0,24.402874281306914,1,1702,0.0
1553,1071.8300000000002,0.2645121672975783,2663.8051948565226,125.74766985627981,22.055423626601993,2549.6148797730807,69.5022788799459,60.21348336491329,0.0,24.402957956851914,1,1702,0.0
1554,1071.835,0.26466058348683436,2662.9737809379785,125.70953679841692,22.055423626601993,2549.6148797730807,69.5022690070489,60.20408725477916,0.0,24.40304161933285,1,1702,0.0
1555,1071.8400000000001,0.264809033531277,2662.142749704964,125.67142097427455,22.055423626601993,2549.6148797730807,69.5022591341519,60.194694003200276,0.0,24.403125268753698,1,1702,0.0
1556,1071.845,0.2649575173791518,2661.312100925069,125.63332237351304,22.055423626601993,2549.6148797730807,69.5022492612549,60.185303608888255,0.0,24.403208905118436,1,1702,0.0
1557,1071.8500000000001,0.2651060349787607,2660.4818343660563,125.59524098583736,22.055423626601993,2549.6148797730807,69.50223938835789,60.175916070555445,0.0,24.403292528431038,1,1702,0.0
1558,1071.855,0.2652545862784569,2659.6519497958657,125.5571768009397,22.055423626601993,2549.6148797730807,69.50222951546088,60.16653138691502,0.0,24.403376138695467,1,1702,0.0
1559,1071.8600000000001,0.2654031712266474,2658.8224469826114,125.5191298084889,22.055423626601993,2549.6148797730807,69.50221964256389,60.157149556680885,0.0,24.403459735915703,1,1702,0.0
1560,1071.865,0.2655517897717919,2657.9933256945824,125.48109999819745,22.055423626601993,2549.6148797730807,69.50220976966688,60.147770578567716,0.0,24.403543320095704,1,1702,0.0
1561,1071.8700000000001,0.2657004418624027,2657.164585700242,125.44308735980565,22.055423626601993,2549.6148797730807,69.50219989676988,60.13839445129097,0.0,24.40362689123944,1,1702,0.0
1562,1071.875,0.26584912744704514,2656.3362267682282,125.40509188300214,22.055423626601993,2549.6148797730807,69.50219002387288,60.12902117356688,0.0,24.403710449350875,1,1702,0.0
1563,1071.88,0.2659978464743366,2655.5082486673546,125.36711355752414,22.055423626601993,2549.6148797730807,69.50218015097587,60.119650744112434,0.0,24.403793994433972,1,1702,0.0
1564,1071.885,0.2661465988929482,2654.6806511666086,125.32915237310759,22.055423626601993,2549.6148797730807,69.50217027807886,60.11028316164538,0.0,24.40387752649269,1,1702,0.0
1565,1071.89,0.26629538465160363,2653.8534340351516,125.29120831949221,22.055423626601993,2549.6148797730807,69.50216040518187,60.10091842488425,0.0,24.403961045530988,1,1702,0.0
1566,1071.895,0.26644420369907773,2653.0265970423184,125.25328138641665,22.055423626601993,2549.6148797730807,69.50215053228486,60.09155653254832,0.0,24.404044551552822,1,1702,0.0
1567,1071.9,0.26659305598419925,2652.200139957617,125.21537156367981,22.055423626601993,2549.6148797730807,69.50214065938786,60.08219748335765,0.0,24.40412804456215,1,1702,0.0
1568,1071.905,0.26674194145584984,2651.374062550731,125.17747884098524,22.055423626601993,2549.6148797730807,69.50213078649085,60.07284127603307,0.0,24.404211524562918,1,1702,0.0
1569,1071.91,0.26689086006296253,2650.548364591518,125.13960320816629,22.055423626601993,2549.6148797730807,69.50212091359384,60.063487909296136,0.0,24.404294991559084,1,1702,0.0
1570,1071.915,0.26703981175452185,2649.7230458500053,125.10174465498633,22.055423626601993,2549.6148797730807,69.50211104069685,60.054137381869225,0.0,24.4043784455546,1,1702,0.0
1571,1071.92,0.26718879647956684,2648.898106096397,125.06390317122502,22.055423626601993,2549.6148797730807,69.50210116779985,60.044789692475426,0.0,24.40446188655341,1,1702,0.0
1572,1071.925,0.2673378141871878,2648.0735451010673,125.02607874666265,22.055423626601993,2549.6148797730807,69.50209129490284,60.03544483983862,0.0,24.40454531455946,1,1702,0.0
1573,1071.93,0.2674868648265257,2647.2493626345668,124.98827137113905,22.055423626601993,2549.6148797730807,69.50208142200583,60.026102822683434,0.0,24.404628729576693,1,1702,0.0
1574,1071.935,0.26763594834677723,2646.4255584676157,124.95048103443115,22.055423626601993,2549.6148797730807,69.50207154910883,60.016763639735274,0.0,24.404712131609053,1,1702,0.0
1575,1071.94,0.267785064697187,2645.6021323711093,124.91270772638491,22.055423626601993,2549.6148797730807,69.50206167621182,60.00742728972028,0.0,24.404795520660485,1,1702,0.0
1576,1071.9450000000002,0.26793421382705435,2644.779084116111,124.87495143680388,22.055423626601993,2549.6148797730807,69.50205180331483,59.99809377136539,0.0,24.40487889673492,1,1702,0.0
1577,1071.95,0.26808339568572975,2643.9564134738625,124.83721215555562,22.055423626601993,2549.6148797730807,69.50204193041782,59.988763083398254,0.0,24.404962259836303,1,1702,0.0
1578,1071.9550000000002,0.26823261022261563,2643.1341202157732,124.79948987244472,22.055423626601993,2549.6148797730807,69.50203205752081,59.97943522454732,0.0,24.405045609968564,1,1702,0.0
1579,1071.96,0.26838185738716586,2642.312204113425,124.76178457733874,22.055423626601993,2549.6148797730807,69.50202218462381,59.970110193541785,0.0,24.405128947135637,1,1702,0.0
1580,1071.9650000000001,0.2685311371288877,2641.4906649385744,124.72409626011064,22.055423626601993,2549.6148797730807,69.50201231172682,59.96078798911159,0.0,24.40521227134146,1,1702,0.0
1581,1071.97,0.2686804493973385,2640.6695024631454,124.6864249105844,22.055423626601993,2549.6148797730807,69.5020024388298,59.951468609987444,0.0,24.405295582589954,1,1702,0.0
1582,1071.9750000000001,0.268829794142127,2639.8487164592366,124.64877051865017,22.055423626601993,2549.6148797730807,69.5019925659328,59.942152054900816,0.0,24.405378880885056,1,1702,0.0
1583,1071.98,0.26897917131291527,2639.0283066991155,124.61113307421132,22.055423626601993,2549.6148797730807,69.5019826930358,59.93283832258392,0.0,24.40546216623069,1,1702,0.0
1584,1071.9850000000001,0.2691285808594171,2638.208272955224,124.57351256712514,22.055423626601993,2549.6148797730807,69.50197282013879,59.92352741176974,0.0,24.405545438630778,1,1702,0.0
1585,1071.99,0.2692780227313942,2637.388615000172,124.53590898730519,22.055423626601993,2549.6148797730807,69.5019629472418,59.91421932119201,0.0,24.405628698089245,1,1702,0.0
1586,1071.9950000000001,0.2694274968786648,2636.569332606742,124.4983223246123,22.055423626601993,2549.6148797730807,69.5019530743448,59.904914049585216,0.0,24.40571194461001,1,1702,0.0
1587,1072.0,0.26957700325109485,2635.7504255478875,124.46075256902883,22.055423626601993,2549.6148797730807,69.50194320144777,59.895611595684585,0.0,24.405795178197003,1,1702,0.0
1588,1072.005,0.2697265417986026,2634.931893596729,124.42319971038499,22.055423626601993,2549.6148797730807,69.50193332855078,59.88631195822612,0.0,24.405878398854128,1,1702,0.0
1589,1072.01,0.26987611247115906,2634.113736526563,124.38566373869604,22.055423626601993,2549.6148797730807,69.50192345565378,59.87701513594657,0.0,24.405961606585308,1,1702,0.0
1590,1072.015,0.27002571521878466,2633.2959541108517,124.34814464381752,22.055423626601993,2549.6148797730807,69.50191358275677,59.86772112758343,0.0,24.406044801394458,1,1702,0.0
1591,1072.02,0.27017534999155207,2632.4785461232295,124.31064241573297,22.055423626601993,2549.6148797730807,69.50190370985977,59.85842993187495,0.0,24.40612798328549,1,1702,0.0
1592,1072.025,0.2703250167395853,2631.6615123375,124.27315704439128,22.055423626601993,2549.6148797730807,69.50189383696276,59.84914154756013,0.0,24.40621115226231,1,1702,0.0
1593,1072.03,0.2704747154130575,2630.844852527637,124.23568851970887,22.055423626601993,2549.6148797730807,69.50188396406575,59.839855973378725,0.0,24.40629430832883,1,1702,0.0
1594,1072.035,0.2706244459621956,2630.028566467785,124.19823683169389,22.055423626601993,2549.6148797730807,69.50187409116876,59.83057320807124,0.0,24.406377451488964,1,1702,0.0
1595,1072.04,0.2707742083372758,2629.212653932255,124.16080197027007,22.055423626601993,2549.6148797730807,69.50186421827176,59.82129325037892,0.0,24.40646058174661,1,1702,0.0
1596,1072.045,0.27092400248862475,2628.39711469553,124.1233839254416,22.055423626601993,2549.6148797730807,69.50185434537475,59.812016099043774,0.0,24.406543699105672,1,1702,0.0
1597,1072.05,0.27107382836662247,2627.581948532263,124.0859826871938,22.055423626601993,2549.6148797730807,69.50184447247774,59.802741752808544,0.0,24.40662680357006,1,1702,0.0
1598,1072.055,0.2712236859216971,2626.767155217271,124.04859824552642,22.055423626601993,2549.6148797730807,69.50183459958075,59.793470210416736,0.0,24.406709895143663,1,1702,0.0
1599,1072.06,0.27137357510432963,2625.9527345255465,124.01123059039328,22.055423626601993,2549.6148797730807,69.50182472668375,59.78420147061259,0.0,24.406792973830388,1,1702,0.0
1600,1072.065,0.2715234958650498,2625.1386862322456,123.97387971185186,22.055423626601993,2549.6148797730807,69.50181485378674,59.77493553214108,0.0,24.406876039634124,1,1702,0.0
1601,1072.0700000000002,0.2716734481544398,2624.325010112696,123.9365455999077,22.055423626601993,2549.6148797730807,69.50180498088973,59.76567239374796,0.0,24.406959092558772,1,1702,0.0
1602,1072.075,0.27182343192313096,2623.511705942392,123.8992282445464,22.055423626601993,2549.6148797730807,69.50179510799273,59.75641205417971,0.0,24.407042132608225,1,1702,0.0
1603,1072.0800000000002,0.2719734471218068,2622.6987734969966,123.86192763582905,22.055423626601993,2549.6148797730807,69.50178523509572,59.74715451218356,0.0,24.407125159786375,1,1702,0.0
1604,1072.085,0.2721234937011991,2621.8862125523424,123.82464376379204,22.055423626601993,2549.6148797730807,69.50177536219873,59.73789976650748,0.0,24.40720817409711,1,1702,0.0
1605,1072.0900000000001,0.2722735716120929,2621.074022884428,123.78737661847127,22.055423626601993,2549.6148797730807,69.50176548930173,59.72864781590018,0.0,24.40729117554432,1,1702,0.0
1606,1072.095,0.2724236808053213,2620.2622042694206,123.75012618989928,22.055423626601993,2549.6148797730807,69.50175561640471,59.719398659111135,0.0,24.40737416413189,1,1702,0.0
1607,1072.1000000000001,0.27257382123176865,2619.450756483656,123.71289246817473,22.055423626601993,2549.6148797730807,69.50174574350771,59.71015229489053,0.0,24.407457139863702,1,1702,0.0
1608,1072.105,0.2727239928423694,2618.639679303635,123.67567544332746,22.055423626601993,2549.6148797730807,69.50173587061072,59.70090872198932,0.0,24.407540102743646,1,1702,0.0
1609,1072.1100000000001,0.2728741955881087,2617.82897250603,123.63847510543422,22.055423626601993,2549.6148797730807,69.5017259977137,59.69166793915919,0.0,24.407623052775595,1,1702,0.0
1610,1072.115,0.27302442942002186,2617.018635867675,123.6012914446111,22.055423626601993,2549.6148797730807,69.50171612481671,59.68242994515256,0.0,24.407705989963432,1,1702,0.0
1611,1072.1200000000001,0.2731746942891932,2616.208669165576,123.5641244509039,22.055423626601993,2549.6148797730807,69.5017062519197,59.67319473872261,0.0,24.407788914311038,1,1702,0.0
1612,1072.125,0.2733249901467585,2615.399072176904,123.52697411441757,22.055423626601993,2549.6148797730807,69.50169637902269,59.66396231862324,0.0,24.407871825822284,1,1702,0.0
1613,1072.13,0.27347531694390265,2614.5898446789965,123.4898404252731,22.055423626601993,2549.6148797730807,69.5016865061257,59.65473268360909,0.0,24.407954724501046,1,1702,0.0
1614,1072.135,0.2736256746318611,2613.780986449358,123.45272337354324,22.055423626601993,2549.6148797730807,69.5016766332287,59.64550583243557,0.0,24.4080376103512,1,1702,0.0
1615,1072.14,0.27377606316191866,2612.9724972656586,123.41562294939845,22.055423626601993,2549.6148797730807,69.50166676033169,59.63628176385878,0.0,24.40812048337661,1,1702,0.0
1616,1072.145,0.2739264824854109,2612.1643769057364,123.37853914292775,22.055423626601993,2549.6148797730807,69.50165688743468,59.62706047663561,0.0,24.40820334358115,1,1702,0.0
1617,1072.15,0.27407693255372306,2611.3566251475954,123.3414719442451,22.055423626601993,2549.6148797730807,69.50164701453768,59.61784196952364,0.0,24.408286190968685,1,1702,0.0
1618,1072.155,0.2742274133182884,2610.5492417694045,123.30442134353426,22.055423626601993,2549.6148797730807,69.50163714164067,59.608626241281215,0.0,24.408369025543085,1,1702,0.0
1619,1072.16,0.2743779247305919,2609.742226549499,123.26738733091312,22.055423626601993,2549.6148797730807,69.50162726874368,59.59941329066741,0.0,24.408451847308203,1,1702,0.0
1620,1072.165,0.27452846674216774,2608.9355792663796,123.23036989654825,22.055423626601993,2549.6148797730807,69.50161739584667,59.59020311644202,0.0,24.408534656267914,1,1702,0.0
1621,1072.17,0.27467903930459875,2608.129299698714,123.19336903059249,22.055423626601993,2549.6148797730807,69.50160752294966,59.58099571736561,0.0,24.408617452426075,1,1702,0.0
1622,1072.175,0.27482964236951946,2607.323387625334,123.15638472321314,22.055423626601993,2549.6148797730807,69.50159765005266,59.571791092199454,0.0,24.40870023578654,1,1702,0.0
1623,1072.18,0.27498027588861174,2606.517842825237,123.11941696458211,22.055423626601993,2549.6148797730807,69.50158777715566,59.56258923970555,0.0,24.40878300635317,1,1702,0.0
1624,1072.185,0.27513093981360665,2605.712665077585,123.08246574489281,22.055423626601993,2549.6148797730807,69.50157790425865,59.55339015864667,0.0,24.40886576412981,1,1702,0.0
1625,1072.19,0.2752816340962878,2604.907854161707,123.045531054341,22.055423626601993,2549.6148797730807,69.50156803136164,59.544193847786275,0.0,24.40894850912033,1,1702,0.0
1626,1072.1950000000002,0.27543235868848454,2604.1034098570926,123.00861288309031,22.055423626601993,2549.6148797730807,69.50155815846465,59.53500030588858,0.0,24.409031241328574,1,1702,0.0
1627,1072.2,0.2755831135420768,2603.2993319434017,122.97171122139122,22.055423626601993,2549.6148797730807,69.50154828556764,59.525809531718544,0.0,24.409113960758386,1,1702,0.0
1628,1072.2050000000002,0.27573389860899483,2602.495620200456,122.93482605942087,22.055423626601993,2549.6148797730807,69.50153841267064,59.516621524041824,0.0,24.409196667413624,1,1702,0.0
1629,1072.21,0.27588471384121716,2601.6922744082403,122.89795738740953,22.055423626601993,2549.6148797730807,69.50152853977364,59.507436281624834,0.0,24.409279361298132,1,1702,0.0
1630,1072.2150000000001,0.27603555919077044,2600.889294346905,122.86110519559271,22.055423626601993,2549.6148797730807,69.50151866687662,59.49825380323472,0.0,24.409362042415758,1,1702,0.0
1631,1072.22,0.27618643460973213,2600.086679796765,122.82426947418406,22.055423626601993,2549.6148797730807,69.50150879397962,59.48907408763934,0.0,24.409444710770337,1,1702,0.0
1632,1072.2250000000001,0.2763373400502289,2599.2844305382987,122.78745021343138,22.055423626601993,2549.6148797730807,69.50149892108263,59.47989713360728,0.0,24.409527366365715,1,1702,0.0
1633,1072.23,0.2764882754644346,2598.4825463521493,122.75064740359358,22.055423626601993,2549.6148797730807,69.50148904818562,59.47072293990789,0.0,24.409610009205732,1,1702,0.0
1634,1072.2350000000001,0.2766392408045726,2597.6810270191213,122.71386103491885,22.055423626601993,2549.6148797730807,69.50147917528862,59.46155150531119,0.0,24.409692639294224,1,1702,0.0
1635,1072.24,0.2767902360229166,2596.879872320184,122.67709109763702,22.055423626601993,2549.6148797730807,69.50146930239161,59.452382828587986,0.0,24.409775256635033,1,1702,0.0
1636,1072.2450000000001,0.27694126107178785,2596.0790820364714,122.6403375820872,22.055423626601993,2549.6148797730807,69.5014594294946,59.44321690850977,0.0,24.409857861231988,1,1702,0.0
1637,1072.25,0.2770923159035558,2595.2786559492783,122.60360047849038,22.055423626601993,2549.6148797730807,69.5014495565976,59.43405374384879,0.0,24.40994045308892,1,1702,0.0
1638,1072.255,0.2772434004706396,2594.478593840066,122.56687977716102,22.055423626601993,2549.6148797730807,69.50143968370061,59.424893333378,0.0,24.41002303220967,1,1702,0.0
1639,1072.26,0.27739451472550747,2593.6788954904555,122.53017546835224,22.055423626601993,2549.6148797730807,69.5014298108036,59.41573567587109,0.0,24.410105598598054,1,1702,0.0
1640,1072.265,0.27754565862067543,2592.879560682231,122.49348754239786,22.055423626601993,2549.6148797730807,69.50141993790659,59.40658077010246,0.0,24.410188152257913,1,1702,0.0
1641,1072.27,0.27769683210870894,2592.080589197341,122.45681598957357,22.055423626601993,2549.6148797730807,69.5014100650096,59.39742861484725,0.0,24.410270693193063,1,1702,0.0
1642,1072.275,0.2778480351422202,2591.281980817895,122.42016080022964,22.055423626601993,2549.6148797730807,69.5014001921126,59.38827920888133,0.0,24.410353221407334,1,1702,0.0
1643,1072.28,0.2779992676738705,2590.4837353261664,122.38352196464963,22.055423626601993,2549.6148797730807,69.50139031921559,59.37913255098127,0.0,24.410435736904546,1,1702,0.0
1644,1072.285,0.27815052965637244,2589.68585250459,122.34689947318878,22.055423626601993,2549.6148797730807,69.50138044631858,59.369988639924365,0.0,24.41051823968852,1,1702,0.0
1645,1072.29,0.2783018210424828,2588.8883321357607,122.31029331615423,22.055423626601993,2549.6148797730807,69.50137057342158,59.360847474488665,0.0,24.410600729763082,1,1702,0.0
1646,1072.295,0.27845314178500935,2588.0911740024394,122.27370348390015,22.055423626601993,2549.6148797730807,69.50136070052457,59.35170905345291,0.0,24.410683207132042,1,1702,0.0
1647,1072.3,0.27860449183680697,2587.2943778875456,122.23712996676674,22.055423626601993,2549.6148797730807,69.50135082762758,59.342573375596565,0.0,24.41076567179922,1,1702,0.0
1648,1072.305,0.2787558711507789,2586.497943574161,122.20057275513427,22.055423626601993,2549.6148797730807,69.50134095473058,59.33344043969982,0.0,24.41084812376842,1,1702,0.0
1649,1072.31,0.2789072796798774,2585.7018708455307,122.16403183932157,22.055423626601993,2549.6148797730807,69.50133108183356,59.3243102445436,0.0,24.410930563043472,1,1702,0.0
1650,1072.315,0.2790587173771007,2584.9061594850587,122.12750720973177,22.055423626601993,2549.6148797730807,69.50132120893656,59.31518278890952,0.0,24.411012989628176,1,1702,0.0
1651,1072.3200000000002,0.2792101841954984,2584.1108092763116,122.09099885674541,22.055423626601993,2549.6148797730807,69.50131133603956,59.30605807157993,0.0,24.41109540352634,1,1702,0.0
1652,1072.325,0.27936168008816603,2583.315820003016,122.05450677073551,22.055423626601993,2549.6148797730807,69.50130146314255,59.296936091337926,0.0,24.411177804741776,1,1702,0.0
1653,1072.3300000000002,0.27951320500824584,2582.5211914490615,122.01803094206299,22.055423626601993,2549.6148797730807,69.50129159024556,59.28781684696726,0.0,24.411260193278284,1,1702,0.0
1654,1072.335,0.2796647589089315,2581.726923398496,121.98157136116444,22.055423626601993,2549.6148797730807,69.50128171734855,59.278700337252445,0.0,24.411342569139673,1,1702,0.0
1655,1072.3400000000001,0.279816341743461,2580.9330156355295,121.9451280184425,22.055423626601993,2549.6148797730807,69.50127184445154,59.26958656097871,0.0,24.411424932329748,1,1702,0.0
1656,1072.345,0.2799679534651218,2580.1394679445325,121.90870090429209,22.055423626601993,2549.6148797730807,69.50126197155454,59.26047551693199,0.0,24.41150728285231,1,1702,0.0
1657,1072.3500000000001,0.2801195940272504,2579.3462801100354,121.87229000914738,22.055423626601993,2549.6148797730807,69.50125209865755,59.25136720389894,0.0,24.411589620711148,1,1702,0.0
1658,1072.355,0.28027126338322766,2578.5534519167286,121.83589532338912,22.055423626601993,2549.6148797730807,69.50124222576054,59.24226162066692,0.0,24.411671945910065,1,1702,0.0
1659,1072.3600000000001,0.28042296148648627,2577.7609831494633,121.79951683751759,22.055423626601993,2549.6148797730807,69.50123235286352,59.23315876602402,0.0,24.41175425845286,1,1702,0.0
1660,1072.365,0.2805746882905022,2576.9688735932496,121.763154541933,22.055423626601993,2549.6148797730807,69.50122247996653,59.22405863875903,0.0,24.41183655834332,1,1702,0.0
1661,1072.3700000000001,0.2807264437488032,2576.1771230332592,121.72680842709083,22.055423626601993,2549.6148797730807,69.50121260706952,59.21496123766148,0.0,24.411918845585244,1,1702,0.0
1662,1072.375,0.28087822781496047,2575.385731254821,121.69047848343409,22.055423626601993,2549.6148797730807,69.50120273417252,59.20586656152158,0.0,24.412001120182417,1,1702,0.0
1663,1072.38,0.28103004044259533,2574.594698043426,121.65416470144763,22.055423626601993,2549.6148797730807,69.50119286127551,59.196774609130266,0.0,24.412083382138633,1,1702,0.0
1664,1072.385,0.28118188158537666,2573.8040231847217,121.61786707158156,22.055423626601993,2549.6148797730807,69.5011829883785,59.187685379279195,0.0,24.41216563145768,1,1702,0.0
1665,1072.39,0.28133375119701926,2573.0137064645182,121.58158558431232,22.055423626601993,2549.6148797730807,69.5011731154815,59.17859887076074,0.0,24.412247868143332,1,1702,0.0
1666,1072.395,0.2814856492312855,2572.2237476687815,121.54532023012479,22.055423626601993,2549.6148797730807,69.50116324258451,59.169515082367944,0.0,24.412330092199387,1,1702,0.0
1667,1072.4,0.2816375756419865,2571.4341465836383,121.50907099950865,22.055423626601993,2549.6148797730807,69.5011533696875,59.16043401289461,0.0,24.41241230362962,1,1702,0.0
1668,1072.405,0.2817895303829789,2570.6449029953733,121.47283788297932,22.055423626601993,2549.6148797730807,69.50114349679049,59.15135566113524,0.0,24.412494502437813,1,1702,0.0
1669,1072.41,0.28194151340816614,2569.8560166904313,121.43662087098915,22.055423626601993,2549.6148797730807,69.5011336238935,59.14228002588502,0.0,24.41257668862774,1,1702,0.0
1670,1072.415,0.282093524671501,2569.0674874554134,121.40041995410094,22.055423626601993,2549.6148797730807,69.50112375099648,59.133207105939874,0.0,24.412658862203184,1,1702,0.0
1671,1072.42,0.2822455641269819,2568.279315077081,121.364235122793,22.055423626601993,2549.6148797730807,69.50111387809949,59.12413690009642,0.0,24.41274102316792,1,1702,0.0
1672,1072.425,0.282397631728654,2567.4914993423527,121.32806636759577,22.055423626601993,2549.6148797730807,69.50110400520248,59.11506940715198,0.0,24.412823171525723,1,1702,0.0
1673,1072.43,0.2825497274306099,2566.7040400383057,121.2919136790702,22.055423626601993,2549.6148797730807,69.50109413230547,59.1060046259046,0.0,24.412905307280358,1,1702,0.0
1674,1072.435,0.2827018511869889,2565.916936952174,121.25577704772084,22.055423626601993,2549.6148797730807,69.50108425940847,59.09694255515302,0.0,24.412987430435606,1,1702,0.0
1675,1072.44,0.28285400295197793,2565.1301898713514,121.21965646413116,22.055423626601993,2549.6148797730807,69.50107438651148,59.0878831936967,0.0,24.413069540995227,1,1702,0.0
1676,1072.4450000000002,0.28300618267981026,2564.3437985833884,121.18355191877691,22.055423626601993,2549.6148797730807,69.50106451361447,59.078826540335776,0.0,24.41315163896299,1,1702,0.0
1677,1072.45,0.2831583903247655,2563.557762875991,121.14746340229696,22.055423626601993,2549.6148797730807,69.50105464071747,59.06977259387112,0.0,24.413233724342664,1,1702,0.0
1678,1072.4550000000002,0.28331062584117034,2562.772082537027,121.11139090523281,22.055423626601993,2549.6148797730807,69.50104476782046,59.06072135310431,0.0,24.41331579713801,1,1702,0.0
1679,1072.46,0.2834628891833978,2561.986757354518,121.07533441812502,22.055423626601993,2549.6148797730807,69.50103489492346,59.05167281683761,0.0,24.41339785735279,1,1702,0.0
1680,1072.4650000000001,0.28361518030586746,2561.201787116644,121.03929393160206,22.055423626601993,2549.6148797730807,69.50102502202645,59.04262698387399,0.0,24.413479904990762,1,1702,0.0
1681,1072.47,0.2837674991630475,2560.4171716117417,121.00326943621549,22.055423626601993,2549.6148797730807,69.50101514912946,59.03358385301713,0.0,24.41356194005569,1,1702,0.0
1682,1072.4750000000001,0.2839198457094501,2559.6329106283033,120.96726092257165,22.055423626601993,2549.6148797730807,69.50100527623245,59.024543423071414,0.0,24.413643962551326,1,1702,0.0
1683,1072.48,0.28407221989963444,2558.8490039549806,120.93126838127623,22.055423626601993,2549.6148797730807,69.50099540333544,59.01550569284193,0.0,24.41372597248143,1,1702,0.0
1684,1072.4850000000001,0.28422462168820667,2558.0654513805794,120.89529180290371,22.055423626601993,2549.6148797730807,69.50098553043844,59.00647066113445,0.0,24.413807969849753,1,1702,0.0
1685,1072.49,0.2843770510298195,2557.282252694064,120.85933117809384,22.055423626601993,2549.6148797730807,69.50097565754145,58.99743832675548,0.0,24.413889954660046,1,1702,0.0
1686,1072.4950000000001,0.2845295078791719,2556.4994076845533,120.82338649748138,22.055423626601993,2549.6148797730807,69.50096578464444,58.988408688512195,0.0,24.413971926916066,1,1702,0.0
1687,1072.5,0.28468199219100776,2555.7169161413217,120.78745775167056,22.055423626601993,2549.6148797730807,69.50095591174743,58.97938174521249,0.0,24.414053886621552,1,1702,0.0
1688,1072.505,0.28483450392011866,2554.934777853803,120.75154493131139,22.055423626601993,2549.6148797730807,69.50094603885043,58.97035749566495,0.0,24.41413583378026,1,1702,0.0
1689,1072.51,0.2849870430213434,2554.152992611584,120.71564802702261,22.055423626601993,2549.6148797730807,69.50093616595342,58.96133593867887,0.0,24.414217768395932,1,1702,0.0
1690,1072.515,0.28513960944956324,2553.3715602044076,120.67976702947402,22.055423626601993,2549.6148797730807,69.50092629305642,58.95231707306422,0.0,24.414299690472312,1,1702,0.0
1691,1072.52,0.2852922031597097,2552.590480422172,120.64390192931545,22.055423626601993,2549.6148797730807,69.50091642015941,58.943300897631694,0.0,24.41438160001314,1,1702,0.0
1692,1072.525,0.28544482410675737,2551.809753054932,120.60805271719993,22.055423626601993,2549.6148797730807,69.5009065472624,58.934287411192685,0.0,24.414463497022155,1,1702,0.0
1693,1072.53,0.28559747224572923,2551.0293778928976,120.5722193838048,22.055423626601993,2549.6148797730807,69.5008966743654,58.92527661255925,0.0,24.4145453815031,1,1702,0.0
1694,1072.535,0.2857501475316914,2550.249354726434,120.536401919816,22.055423626601993,2549.6148797730807,69.50088680146841,58.916268500544184,0.0,24.414627253459713,1,1702,0.0
1695,1072.54,0.2859028499197575,2549.46968334606,120.50060031586335,22.055423626601993,2549.6148797730807,69.5008769285714,58.90726216930877,0.0,24.41470911289573,1,1702,0.0
1696,1072.545,0.2860555947113746,2548.69028526082,120.46481096807155,22.055423626601993,2549.6148797730807,69.5008670556744,58.898256561247415,0.0,24.41479095981435,1,1702,0.0
1697,1072.55,0.28620839981295726,2547.9110688969877,120.42902967155378,22.055423626601993,2549.6148797730807,69.5008571827774,58.889260159331954,0.0,24.414872794219864,1,1702,0.0
1698,1072.555,0.28636112116739165,2547.132768052503,120.3932901225462,22.055423626601993,2549.6148797730807,69.50084730988038,58.88025478686066,0.0,24.414954616120987,1,1702,0.0
1699,1072.56,0.2865140673363574,2546.353810211545,120.3575201112134,22.055423626601993,2549.6148797730807,69.50083743698339,58.871240430663896,0.0,24.415036425497412,1,1702,0.0
1700,1072.565,0.2866672387605489,2545.574194591212,120.3217196007944,22.055423626601993,2549.6148797730807,69.50082756408639,58.862217117898766,0.0,24.415118222385054,1,1702,0.0
1701,1072.5700000000002,0.2868206351955831,2544.7939238965528,120.28588871463455,22.055423626601993,2549.6148797730807,69.50081769118938,58.85318484104816,0.0,24.415200006771492,1,1702,0.0
1702,1072.575,0.28697425698629686,2544.0129978338487,120.25002743844595,22.055423626601993,2549.6148797730807,69.50080781829237,58.84414359253484,0.0,24.415281778644204,1,1702,0.0
1703,1072.5800000000002,0.28712810447901077,2543.231416104932,120.21413575766191,22.055423626601993,2549.6148797730807,69.50079794539538,58.83509336484443,0.0,24.415363537990757,1,1702,0.0
1704,1072.585,0.28728217801943573,2542.449178417827,120.17821365805956,22.055423626601993,2549.6148797730807,69.50078807249837,58.82603415045931,0.0,24.415445284798707,1,1702,0.0
1705,1072.5900000000001,0.287436477953796,2541.666284481032,120.1422611253674,22.055423626601993,2549.6148797730807,69.50077819960137,58.81696594185842,0.0,24.4155270190556,1,1702,0.0
1706,1072.595,0.287591004628837,2540.882734003506,120.10627814542296,22.055423626601993,2549.6148797730807,69.50076832670436,58.80788873151744,0.0,24.41560874074897,1,1702,0.0
1707,1072.6000000000001,0.28774575839181993,2540.0985266946786,120.07026470401068,22.055423626601993,2549.6148797730807,69.50075845380735,58.79880251190875,0.0,24.415690449866332,1,1702,0.0
1708,1072.605,0.28790073959052537,2539.3136622644583,120.0342207870056,22.055423626601993,2549.6148797730807,69.50074858091035,58.789707275501435,0.0,24.415772146395213,1,1702,0.0
1709,1072.6100000000001,0.2880559485732503,2538.5281404232246,119.998146380193,22.055423626601993,2549.6148797730807,69.50073870801336,58.78060301476135,0.0,24.41585383032311,1,1702,0.0
1710,1072.615,0.28821138568881255,2537.7419608818386,119.9620414694805,22.055423626601993,2549.6148797730807,69.50072883511635,58.77148972215102,0.0,24.41593550163751,1,1702,0.0
1711,1072.6200000000001,0.28836705128654966,2536.95512335164,119.92590604073558,22.055423626601993,2549.6148797730807,69.50071896221934,58.76236739012977,0.0,24.4160171603259,1,1702,0.0
1712,1072.625,0.28852294571631837,2536.167627544449,119.88974007990507,22.055423626601993,2549.6148797730807,69.50070908932234,58.75323601115362,0.0,24.416098806375754,1,1702,0.0
1713,1072.63,0.28867906932849835,2535.379473172569,119.85354357291226,22.055423626601993,2549.6148797730807,69.50069921642533,58.744095577675374,0.0,24.416180439774532,1,1702,0.0
1714,1072.635,0.2888354224739911,2534.5906599487894,119.81731650568987,22.055423626601993,2549.6148797730807,69.50068934352834,58.73494608214456,0.0,24.41626206050968,1,1702,0.0
1715,1072.64,0.2889920055042178,2533.8011875863835,119.78105886423022,22.055423626601993,2549.6148797730807,69.50067947063133,58.72578751700749,0.0,24.416343668568643,1,1702,0.0
1716,1072.645,0.28914881877112514,2533.0110557991156,119.7447706345241,22.055423626601993,2549.6148797730807,69.50066959773432,58.716619874707234,0.0,24.416425263938844,1,1702,0.0
1717,1072.65,0.28930586262718416,2532.2202643012392,119.70845180257889,22.055423626601993,2549.6148797730807,69.50065972483732,58.70744314768362,0.0,24.41650684660771,1,1702,0.0
1718,1072.655,0.28946313742538876,2531.4288128074963,119.67210235444766,22.055423626601993,2549.6148797730807,69.50064985194032,58.69825732837327,0.0,24.416588416562643,1,1702,0.0
1719,1072.66,0.2896206435192572,2530.6367010331264,119.63572227616459,22.055423626601993,2549.6148797730807,69.50063997904331,58.68906240920959,0.0,24.41666997379105,1,1702,0.0
1720,1072.665,0.28977838126283617,2529.843928693861,119.59931155382131,22.055423626601993,2549.6148797730807,69.5006301061463,58.67985838262276,0.0,24.416751518280307,1,1702,0.0
1721,1072.67,0.28993635101069565,2529.0504955059296,119.56287017352042,22.055423626601993,2549.6148797730807,69.50062023324931,58.67064524103977,0.0,24.416833050017797,1,1702,0.0
1722,1072.675,0.29009455311793436,2528.256401186061,119.52639812138433,22.055423626601993,2549.6148797730807,69.50061036035231,58.661422976884396,0.0,24.416914568990883,1,1702,0.0
1723,1072.68,0.29025298794017856,2527.461645451481,119.48989538352352,22.055423626601993,2549.6148797730807,69.5006004874553,58.65219158257723,0.0,24.416996075186926,1,1702,0.0
1724,1072.685,0.290411655833583,2526.666228019921,119.4533619461572,22.055423626601993,2549.6148797730807,69.5005906145583,58.64295105053568,0.0,24.417077568593275,1,1702,0.0
1725,1072.69,0.2905705571548299,2525.8701486096147,119.41679779544393,22.055423626601993,2549.6148797730807,69.5005807416613,58.633701373173956,0.0,24.417159049197256,1,1702,0.0
1726,1072.6950000000002,0.2907296922611325,2525.0734069392997,119.38020291758235,22.055423626601993,2549.6148797730807,69.50057086876429,58.62444254290311,0.0,24.417240516986197,1,1702,0.0
1727,1072.7,0.29088906151023336,2524.276002728224,119.34357729880496,22.055423626601993,2549.6148797730807,69.50056099586729,58.61517455213101,0.0,24.417321971947416,1,1702,0.0
1728,1072.7050000000002,0.29104866526040685,2523.477935696141,119.30692092535942,22.055423626601993,2549.6148797730807,69.5005511229703,58.605897393262374,0.0,24.41740341406821,1,1702,0.0
1729,1072.71,0.2912085038704584,2522.6792055633173,119.27023378353134,22.055423626601993,2549.6148797730807,69.50054125007328,58.59661105869874,0.0,24.417484843335874,1,1702,0.0
1730,1072.7150000000001,0.2913685776997249,2521.8798120505294,119.2335158595853,22.055423626601993,2549.6148797730807,69.50053137717627,58.587315540838524,0.0,24.41756625973769,1,1702,0.0
1731,1072.72,0.2915288871080769,2521.079754879072,119.19676713987862,22.055423626601993,2549.6148797730807,69.50052150427928,58.57801083207696,0.0,24.417647663260933,1,1702,0.0
1732,1072.7250000000001,0.29168943245591905,2520.27903377075,119.1599876107292,22.055423626601993,2549.6148797730807,69.50051163138227,58.56869692480618,0.0,24.417729053892863,1,1702,0.0
1733,1072.73,0.2918502141041895,2519.477648447892,119.1231772584897,22.055423626601993,2549.6148797730807,69.50050175848527,58.559373811415156,0.0,24.417810431620726,1,1702,0.0
1734,1072.7350000000001,0.29201123241435945,2518.675598633342,119.08633606954534,22.055423626601993,2549.6148797730807,69.50049188558826,58.550041484289736,0.0,24.417891796431768,1,1702,0.0
1735,1072.74,0.2921724877484386,2517.872884050466,119.04946403030844,22.055423626601993,2549.6148797730807,69.50048201269125,58.54069993581265,0.0,24.417973148313216,1,1702,0.0
1736,1072.7450000000001,0.2923339804689711,2517.069504423154,119.0125611271916,22.055423626601993,2549.6148797730807,69.50047213979425,58.53134915836352,0.0,24.418054487252288,1,1702,0.0
1737,1072.75,0.2924957109390367,2516.26545947582,118.97562734663498,22.055423626601993,2549.6148797730807,69.50046226689726,58.52198914431883,0.0,24.418135813236194,1,1702,0.0
1738,1072.755,0.29265767952225574,2515.460748933404,118.93866267514721,22.055423626601993,2549.6148797730807,69.50045239400025,58.512619886052,0.0,24.418217126252134,1,1702,0.0
1739,1072.76,0.2928198865827839,2514.6553725213753,118.9016670991978,22.055423626601993,2549.6148797730807,69.50044252110324,58.50324137593333,0.0,24.418298426287294,1,1702,0.0
1740,1072.765,0.2929823324853165,2513.8493299657334,118.86464060530348,22.055423626601993,2549.6148797730807,69.50043264820624,58.49385360633002,0.0,24.418379713328843,1,1702,0.0
1741,1072.77,0.29314501759508804,2513.0426209930083,118.82758318000245,22.055423626601993,2549.6148797730807,69.50042277530923,58.484456569606216,0.0,24.418460987363957,1,1702,0.0
1742,1072.775,0.2933079422778736,2512.235245330265,118.79049480986517,22.055423626601993,2549.6148797730807,69.50041290241224,58.475050258122955,0.0,24.41854224837979,1,1702,0.0
1743,1072.78,0.293471106899987,2511.4272027051034,118.75337548146794,22.055423626601993,2549.6148797730807,69.50040302951524,58.46563466423821,0.0,24.418623496363487,1,1702,0.0
1744,1072.785,0.2936345118282869,2510.6184928456605,118.71622518143357,22.055423626601993,2549.6148797730807,69.50039315661823,58.45620978030689,0.0,24.418704731302178,1,1702,0.0
1745,1072.79,0.29379815743017046,2509.809115480611,118.67904389636438,22.055423626601993,2549.6148797730807,69.50038328372122,58.446775598680865,0.0,24.418785953182987,1,1702,0.0
1746,1072.795,0.29396204407357945,2508.999070339174,118.64183161296094,22.055423626601993,2549.6148797730807,69.50037341082422,58.437332111708905,0.0,24.41886716199303,1,1702,0.0
1747,1072.8,0.2941261721269976,2508.188357151107,118.60458831787413,22.055423626601993,2549.6148797730807,69.50036353792721,58.42787931173678,0.0,24.41894835771941,1,1702,0.0
1748,1072.805,0.2942905419594546,2507.376975646717,118.56731399777814,22.055423626601993,2549.6148797730807,69.50035366503022,58.418417191107196,0.0,24.41902954034922,1,1702,0.0
1749,1072.81,0.2944551539405221,2506.564925556851,118.53000863943103,22.055423626601993,2549.6148797730807,69.50034379213321,58.408945742159815,0.0,24.419110709869535,1,1702,0.0
1750,1072.815,0.2946200084403196,2505.7522066129072,118.49267222956817,22.055423626601993,2549.6148797730807,69.5003339192362,58.3994649572313,0.0,24.41919186626743,1,1702,0.0
1751,1072.8200000000002,0.2947851058295102,2504.938818546836,118.4553047549715,22.055423626601993,2549.6148797730807,69.5003240463392,58.38997482865527,0.0,24.419273009529967,1,1702,0.0
1752,1072.825,0.29495044647930496,2504.1247610911355,118.41790620242506,22.055423626601993,2549.6148797730807,69.5003141734422,58.38047534876233,0.0,24.41935413964419,1,1702,0.0
1753,1072.8300000000002,0.29511603076146314,2503.310033978859,118.38047655876531,22.055423626601993,2549.6148797730807,69.5003043005452,58.37096650988009,0.0,24.419435256597144,1,1702,0.0
1754,1072.835,0.2952818590482883,2502.4946369436143,118.34301581080352,22.055423626601993,2549.6148797730807,69.50029442764819,58.36144830433315,0.0,24.419516360375848,1,1702,0.0
1755,1072.8400000000001,0.2954479317126368,2501.678569719568,118.30552394542859,22.055423626601993,2549.6148797730807,69.50028455475119,58.35192072444311,0.0,24.419597450967327,1,1702,0.0
1756,1072.845,0.2956142491279112,2500.861832041443,118.2680009495242,22.055423626601993,2549.6148797730807,69.50027468185418,58.342383762528584,0.0,24.419678528358588,1,1702,0.0
1757,1072.8500000000001,0.29578081166806464,2500.044423644526,118.23044680999638,22.055423626601993,2549.6148797730807,69.50026480895718,58.33283741090521,0.0,24.41975959253662,1,1702,0.0
1758,1072.855,0.2959476197076015,2499.226344264664,118.19286151379809,22.055423626601993,2549.6148797730807,69.50025493606017,58.32328166188564,0.0,24.41984064348842,1,1702,0.0
1759,1072.8600000000001,0.2961146736215773,2498.407593638268,118.15524504788355,22.055423626601993,2549.6148797730807,69.50024506316316,58.31371650777956,0.0,24.419921681200954,1,1702,0.0
1760,1072.865,0.29628197378559834,2497.5881715023183,118.11759739923833,22.055423626601993,2549.6148797730807,69.50023519026617,58.30414194089371,0.0,24.420002705661187,1,1702,0.0
1761,1072.8700000000001,0.2964495205758244,2496.768077594361,118.07991855487776,22.055423626601993,2549.6148797730807,69.50022531736917,58.294557953531836,0.0,24.42008371685607,1,1702,0.0
1762,1072.875,0.2966173143689673,2495.94731165251,118.04220850182547,22.055423626601993,2549.6148797730807,69.50021544447216,58.284964537994775,0.0,24.420164714772554,1,1702,0.0
1763,1072.88,0.2967853555422944,2495.1258734154567,118.00446722718691,22.055423626601993,2549.6148797730807,69.50020557157515,58.27536168658039,0.0,24.42024569939756,1,1702,0.0
1764,1072.885,0.29695364447362554,2494.3037626224605,117.96669471798285,22.055423626601993,2549.6148797730807,69.50019569867816,58.26574939158364,0.0,24.42032667071802,1,1702,0.0
1765,1072.89,0.29712218154133674,2493.4809790133595,117.92889096135461,22.055423626601993,2549.6148797730807,69.50018582578116,58.256127645296516,0.0,24.420407628720838,1,1702,0.0
1766,1072.895,0.2972909671243603,2492.657522328568,117.89105594441916,22.055423626601993,2549.6148797730807,69.50017595288415,58.246496440008116,0.0,24.420488573392912,1,1702,0.0
1767,1072.9,0.2974600016021832,2491.8333923090795,117.8531896543675,22.055423626601993,2549.6148797730807,69.50016607998715,58.23685576800462,0.0,24.42056950472114,1,1702,0.0
1768,1072.905,0.2976292853548523,2491.008588696469,117.81529207835207,22.055423626601993,2549.6148797730807,69.50015620709014,58.22720562156928,0.0,24.420650422692393,1,1702,0.0
1769,1072.91,0.2977988187629685,2490.183111232894,117.77736320359517,22.055423626601993,2549.6148797730807,69.50014633419313,58.21754599298247,0.0,24.420731327293545,1,1702,0.0
1770,1072.915,0.29796860220769494,2489.356959661096,117.73940301734412,22.055423626601993,2549.6148797730807,69.50013646129614,58.20787687452165,0.0,24.420812218511447,1,1702,0.0
1771,1072.92,0.29813863607075086,2488.530133724405,117.70141150683685,22.055423626601993,2549.6148797730807,69.50012658839914,58.1981982584614,0.0,24.42089309633295,1,1702,0.0
1772,1072.925,0.2983089207344165,2487.7026331667375,117.66338865936153,22.055423626601993,2549.6148797730807,69.50011671550213,58.188510137073415,0.0,24.420973960744885,1,1702,0.0
1773,1072.93,0.2984794565815336,2486.874457732601,117.62533446224985,22.055423626601993,2549.6148797730807,69.50010684260512,58.17881250262651,0.0,24.421054811734084,1,1702,0.0
1774,1072.935,0.29865024399550155,2486.0456071670956,117.58724890278036,22.055423626601993,2549.6148797730807,69.50009696970812,58.16910534738666,0.0,24.421135649287354,1,1702,0.0
1775,1072.94,0.29882128336028563,2485.216081215916,117.54913196838757,22.055423626601993,2549.6148797730807,69.50008709681111,58.159388663616944,0.0,24.421216473391503,1,1702,0.0
1776,1072.9450000000002,0.2989925750604112,2484.3858796253517,117.51098364638563,22.055423626601993,2549.6148797730807,69.50007722391412,58.149662443577604,0.0,24.421297284033322,1,1702,0.0
1777,1072.95,0.2991641194809657,2483.5550021422896,117.47280392424301,22.055423626601993,2549.6148797730807,69.50006735101711,58.139926679526035,0.0,24.42137808119959,1,1702,0.0
1778,1072.9550000000002,0.29933591700760287,2482.723448514219,117.43459278939771,22.055423626601993,2549.6148797730807,69.5000574781201,58.13018136371679,0.0,24.42145886487709,1,1702,0.0
1779,1072.96,0.299507968026539,2481.8912184892274,117.3963502292648,22.055423626601993,2549.6148797730807,69.5000476052231,58.12042648840158,0.0,24.42153963505257,1,1702,0.0
1780,1072.9650000000001,0.2996802729245552,2481.0583118160084,117.35807623136584,22.055423626601993,2549.6148797730807,69.5000377323261,58.11066204582931,0.0,24.421620391712782,1,1702,0.0
1781,1072.97,0.2998528320890002,2480.2247282438598,117.31977078322312,22.055423626601993,2549.6148797730807,69.5000278594291,58.10088802824605,0.0,24.421701134844472,1,1702,0.0
1782,1072.9750000000001,0.3000256459077866,2479.3904675226863,117.28143387235106,22.055423626601993,2549.6148797730807,69.50001798653209,58.09110442789507,0.0,24.421781864434365,1,1702,0.0
1783,1072.98,0.30019871476939564,2478.5555294030037,117.24306548634294,22.055423626601993,2549.6148797730807,69.50000811363509,58.08131123701682,0.0,24.421862580469174,1,1702,0.0
1784,1072.9850000000001,0.3003720390628749,2477.7199136359372,117.20466561279602,22.055423626601993,2549.6148797730807,69.49999824073808,58.07150844784898,0.0,24.421943282935604,1,1702,0.0
1785,1072.99,0.3005456191778433,2476.883619973225,117.16623423931898,22.055423626601993,2549.6148797730807,69.49998836784108,58.0616960526264,0.0,24.42202397182036,1,1702,0.0
1786,1072.9950000000001,0.30071945550448426,2476.0466481672215,117.12777135353754,22.055423626601993,2549.6148797730807,69.49997849494409,58.051874043581186,0.0,24.42210464711012,1,1702,0.0
1787,1073.0,0.3008935484335547,2475.2089979708953,117.0892769431504,22.055423626601993,2549.6148797730807,69.49996862204706,58.042042412942635,0.0,24.422185308791565,1,1702,0.0
1788,1073.005,0.30106789835637965,2474.370669137837,117.05075099587208,22.055423626601993,2549.6148797730807,69.49995874915007,58.032201152937304,0.0,24.422265956851355,1,1702,0.0
1789,1073.01,0.301242505664856,2473.5316614222565,117.01219349939838,22.055423626601993,2549.6148797730807,69.49994887625307,58.02235025578898,0.0,24.422346591276142,1,1702,0.0
1790,1073.015,0.30141737075145136,2472.6919745789855,116.97360444151207,22.055423626601993,2549.6148797730807,69.49993900335606,58.01248971371868,0.0,24.422427212052572,1,1702,0.0
1791,1073.02,0.3015924940092077,2471.8516083634804,116.93498380998291,22.055423626601993,2549.6148797730807,69.49992913045907,58.0026195189447,0.0,24.42250781916727,1,1702,0.0
1792,1073.025,0.3017678758317374,2471.0105625318256,116.89633159258622,22.055423626601993,2549.6148797730807,69.49991925756206,57.99273966368257,0.0,24.42258841260686,1,1702,0.0
1793,1073.03,0.3019435166132288,2470.1688368407313,116.8576477771944,22.055423626601993,2549.6148797730807,69.49990938466505,57.9828501401451,0.0,24.422668992357952,1,1702,0.0
1794,1073.035,0.3021194167484414,2469.3264310475397,116.81893235168245,22.055423626601993,2549.6148797730807,69.49989951176805,57.9729509405424,0.0,24.422749558407144,1,1702,0.0
1795,1073.04,0.302295576632714,2468.483344910225,116.78018530388378,22.055423626601993,2549.6148797730807,69.49988963887105,57.96304205708181,0.0,24.422830110741025,1,1702,0.0
1796,1073.045,0.30247199666195684,2467.6395781873957,116.74140662176409,22.055423626601993,2549.6148797730807,69.49987976597404,57.953123481968,0.0,24.422910649346168,1,1702,0.0
1797,1073.05,0.3026486772326595,2466.795130638294,116.70259629324997,22.055423626601993,2549.6148797730807,69.49986989307703,57.94319520740292,0.0,24.422991174209148,1,1702,0.0
1798,1073.055,0.3028256187418866,2465.950002022803,116.66375430630401,22.055423626601993,2549.6148797730807,69.49986002018004,57.93325722558584,0.0,24.423071685316515,1,1702,0.0
1799,1073.06,0.30300282158728076,2465.1041921014453,116.62488064894349,22.055423626601993,2549.6148797730807,69.49985014728303,57.92330952871333,0.0,24.42315218265481,1,1702,0.0
1800,1073.065,0.3031802861670642,2464.257700635384,116.58597530918549,22.055423626601993,2549.6148797730807,69.49984027438603,57.91335210897929,0.0,24.423232666210577,1,1702,0.0
1801,1073.0700000000002,0.30335801288003583,2463.410527386428,116.54703827509314,22.055423626601993,2549.6148797730807,69.49983040148902,57.90338495857494,0.0,24.423313135970332,1,1702,0.0
1802,1073.075,0.30353600212557624,2462.562672117029,116.50806953472647,22.055423626601993,2549.6148797730807,69.49982052859201,57.893408069688824,0.0,24.423393591920586,1,1702,0.0
1803,1073.0800000000002,0.3037142543036437,2461.7141345902896,116.46906907621775,22.055423626601993,2549.6148797730807,69.49981065569501,57.88342143450685,0.0,24.423474034047846,1,1702,0.0
1804,1073.085,0.3038927698147815,2460.86491456996,116.43003688770622,22.055423626601993,2549.6148797730807,69.49980078279802,57.873425045212265,0.0,24.4235544623386,1,1702,0.0
1805,1073.0900000000001,0.30407154906010975,2460.0150118204424,116.39097295733198,22.055423626601993,2549.6148797730807,69.49979090990101,57.86341889398567,0.0,24.423634876779325,1,1702,0.0
1806,1073.095,0.3042505924413355,2459.164426106794,116.35187727330784,22.055423626601993,2549.6148797730807,69.499781037004,57.85340297300504,0.0,24.423715277356493,1,1702,0.0
1807,1073.1000000000001,0.3044299003607444,2458.313157194725,116.31274982385938,22.055423626601993,2549.6148797730807,69.499771164107,57.84337727444572,0.0,24.423795664056566,1,1702,0.0
1808,1073.105,0.304609473221208,2457.4612048506065,116.27359059723327,22.055423626601993,2549.6148797730807,69.49976129121,57.83334179048043,0.0,24.42387603686598,1,1702,0.0
1809,1073.1100000000001,0.3047893114261826,2456.6085688414655,116.23439958170853,22.055423626601993,2549.6148797730807,69.499751418313,57.823296513279296,0.0,24.423956395771185,1,1702,0.0
1810,1073.115,0.30496941537970834,2455.7552489349923,116.19517676558185,22.055423626601993,2549.6148797730807,69.499741545416,57.81324143500981,0.0,24.424036740758595,1,1702,0.0
1811,1073.1200000000001,0.30514978548641014,2454.901244899542,116.15592213722702,22.055423626601993,2549.6148797730807,69.49973167251899,57.8031765478369,0.0,24.424117071814628,1,1702,0.0
1812,1073.125,0.3053304221515009,2454.046556504132,116.11663568497241,22.055423626601993,2549.6148797730807,69.49972179962198,57.793101843922884,0.0,24.424197388925695,1,1702,0.0
1813,1073.13,0.30551132578077983,2453.1911835184487,116.07731739722415,22.055423626601993,2549.6148797730807,69.49971192672498,57.78301731542751,0.0,24.42427769207818,1,1702,0.0
1814,1073.135,0.30569249678063315,2452.335125712849,116.03796726241113,22.055423626601993,2549.6148797730807,69.49970205382799,57.77292295450794,0.0,24.424357981258467,1,1702,0.0
1815,1073.14,0.3058739355580359,2451.4783828583595,115.99858526895305,22.055423626601993,2549.6148797730807,69.49969218093098,57.76281875331878,0.0,24.424438256452927,1,1702,0.0
1816,1073.145,0.3060556425205526,2450.6209547266817,115.95917140539215,22.055423626601993,2549.6148797730807,69.49968230803397,57.7527047040121,0.0,24.42451851764792,1,1702,0.0
1817,1073.15,0.30623761807633465,2449.7628410901893,115.91972566019462,22.055423626601993,2549.6148797730807,69.49967243513697,57.742580798737386,0.0,24.4245987648298,1,1702,0.0
1818,1073.155,0.3064198626341279,2448.904041721937,115.88024802191407,22.055423626601993,2549.6148797730807,69.49966256223996,57.73244702964159,0.0,24.424678997984895,1,1702,0.0
1819,1073.16,0.30660237660326517,2448.0445563956573,115.84073847911084,22.055423626601993,2549.6148797730807,69.49965268934297,57.72230338886914,0.0,24.424759217099545,1,1702,0.0
1820,1073.165,0.3067851603936731,2447.1843848857643,115.80119702040109,22.055423626601993,2549.6148797730807,69.49964281644596,57.712149868561944,0.0,24.424839422160062,1,1702,0.0
1821,1073.17,0.3069682144158702,2446.3235269673537,115.76162363437341,22.055423626601993,2549.6148797730807,69.49963294354895,57.70198646085938,0.0,24.424919613152746,1,1702,0.0
1822,1073.175,0.30715153908096743,2445.461982416209,115.72201830973765,22.055423626601993,2549.6148797730807,69.49962307065195,57.69181315789832,0.0,24.424999790063897,1,1702,0.0
1823,1073.18,0.307335134800669,2444.5997510088005,115.68238103514953,22.055423626601993,2549.6148797730807,69.49961319775495,57.681629951813136,0.0,24.4250799528798,1,1702,0.0
1824,1073.185,0.30751900198727355,2443.736832522287,115.64271179933982,22.055423626601993,2549.6148797730807,69.49960332485794,57.67143683473571,0.0,24.425160101586723,1,1702,0.0
1825,1073.19,0.30770314105367663,2442.873226734519,115.6030105910347,22.055423626601993,2549.6148797730807,69.49959345196093,57.661233798795415,0.0,24.425240236170932,1,1702,0.0
1826,1073.1950000000002,0.3078875524133651,2442.00893342404,115.56327739903162,22.055423626601993,2549.6148797730807,69.49958357906394,57.651020836119194,0.0,24.425320356618677,1,1702,0.0
1827,1073.2,0.30807223648042675,2441.1439523700906,115.52351221214687,22.055423626601993,2549.6148797730807,69.49957370616693,57.64079793883147,0.0,24.4254004629162,1,1702,0.0
1828,1073.2050000000002,0.3082571936695427,2440.2782833526057,115.48371501918538,22.055423626601993,2549.6148797730807,69.49956383326993,57.630565099054245,0.0,24.42548055504973,1,1702,0.0
1829,1073.21,0.3084424243959933,2439.4119261522237,115.44388580904187,22.055423626601993,2549.6148797730807,69.49955396037294,57.62032230890704,0.0,24.42556063300548,1,1702,0.0
1830,1073.2150000000001,0.3086279290756569,2438.5448805502815,115.40402457059065,22.055423626601993,2549.6148797730807,69.49954408747591,57.61006956050695,0.0,24.425640696769666,1,1702,0.0
1831,1073.22,0.30881370812501,2437.677146328819,115.36413129278696,22.055423626601993,2549.6148797730807,69.49953421457892,57.59980684596862,0.0,24.42572074632848,1,1702,0.0
1832,1073.2250000000001,0.3089997619611299,2436.8087232705843,115.3242059645624,22.055423626601993,2549.6148797730807,69.49952434168192,57.58953415740428,0.0,24.425800781668105,1,1702,0.0
1833,1073.23,0.30918609100169364,2435.9396111590318,115.28424857493079,22.055423626601993,2549.6148797730807,69.49951446878491,57.579251486923724,0.0,24.425880802774717,1,1702,0.0
1834,1073.2350000000001,0.3093726956649776,2435.069809778325,115.24425911289602,22.055423626601993,2549.6148797730807,69.49950459588791,57.56895882663435,0.0,24.425960809634482,1,1702,0.0
1835,1073.24,0.30955957636986187,2434.1993189133386,115.20423756755345,22.055423626601993,2549.6148797730807,69.4994947229909,57.55865616864114,0.0,24.42604080223355,1,1702,0.0
1836,1073.2450000000001,0.30974673353582843,2433.328138349663,115.16418392791176,22.055423626601993,2549.6148797730807,69.49948485009389,57.548343505046695,0.0,24.42612078055807,1,1702,0.0
1837,1073.25,0.309934167582961,2432.4562678736024,115.12409818311416,22.055423626601993,2549.6148797730807,69.4994749771969,57.53802082795121,0.0,24.42620074459416,1,1702,0.0
1838,1073.255,0.310121878931947,2431.5837072721783,115.08398032232203,22.055423626601993,2549.6148797730807,69.4994651042999,57.527688129452514,0.0,24.42628069432795,1,1702,0.0
1839,1073.26,0.3103098680040785,2430.710456333135,115.04383033471193,22.055423626601993,2549.6148797730807,69.49945523140289,57.517345401646075,0.0,24.426360629745542,1,1702,0.0
1840,1073.265,0.3104981352212531,2429.836514844937,115.0036482094534,22.055423626601993,2549.6148797730807,69.49944535850588,57.506992636624986,0.0,24.426440550833036,1,1702,0.0
1841,1073.27,0.3106866810059733,2428.961882596772,114.96343393582146,22.055423626601993,2549.6148797730807,69.49943548560888,57.49662982647998,0.0,24.426520457576526,1,1702,0.0
1842,1073.275,0.3108755057813461,2428.0865593785525,114.92318750307587,22.055423626601993,2549.6148797730807,69.49942561271187,57.48625696329947,0.0,24.426600349962076,1,1702,0.0
1843,1073.28,0.31106460997108976,2427.2105449809233,114.88290890050271,22.055423626601993,2549.6148797730807,69.49941573981488,57.4758740391695,0.0,24.426680227975762,1,1702,0.0
1844,1073.285,0.31125399399952486,2426.333839195256,114.84259811745494,22.055423626601993,2549.6148797730807,69.49940586691787,57.465481046173814,0.0,24.42676009160363,1,1702,0.0
1845,1073.29,0.311443658291584,2425.4564418136547,114.80225514329291,22.055423626601993,2549.6148797730807,69.49939599402086,57.45507797639383,0.0,24.426839940831726,1,1702,0.0
1846,1073.295,0.3116336032728063,2424.5783526289583,114.76187996740266,22.055423626601993,2549.6148797730807,69.49938612112386,57.44466482190865,0.0,24.426919775646084,1,1702,0.0
1847,1073.3,0.3118238293693418,2423.6995714347427,114.721472579226,22.055423626601993,2549.6148797730807,69.49937624822687,57.434241574795074,0.0,24.42699959603272,1,1702,0.0
1848,1073.305,0.31201433700795095,2422.8200980253205,114.68103296818867,22.055423626601993,2549.6148797730807,69.49936637532986,57.423808227127616,0.0,24.427079401977647,1,1702,0.0
1849,1073.31,0.31220512661600297,2421.9399321957458,114.64056112382279,22.055423626601993,2549.6148797730807,69.49935650243285,57.413364770978504,0.0,24.427159193466867,1,1702,0.0
1850,1073.315,0.31239619862148094,2421.059073741815,114.60005703563932,22.055423626601993,2549.6148797730807,69.49934662953585,57.40291119841768,0.0,24.427238970486364,1,1702,0.0
1851,1073.3200000000002,0.31258755345297956,2420.17752246007,114.55952069320111,22.055423626601993,2549.6148797730807,69.49933675663885,57.39244750151283,0.0,24.427318733022112,1,1702,0.0
1852,1073.325,0.31277919153970407,2419.295278147799,114.51895208608563,22.055423626601993,2549.6148797730807,69.49932688374184,57.381973672329366,0.0,24.427398481060084,1,1702,0.0
1853,1073.3300000000002,0.3129711133114776,2418.4123406030362,114.47835120390609,22.055423626601993,2549.6148797730807,69.49931701084483,57.371489702930475,0.0,24.42747821458623,1,1702,0.0
1854,1073.335,0.31316331919873414,2417.5287096245715,114.43771803634016,22.055423626601993,2549.6148797730807,69.49930713794784,57.360995585377076,0.0,24.427557933586495,1,1702,0.0
1855,1073.3400000000001,0.31335580963252235,2416.644385011945,114.39705257305835,22.055423626601993,2549.6148797730807,69.49929726505083,57.350491311727886,0.0,24.42763763804681,1,1702,0.0
1856,1073.345,0.3135485850445089,2415.7593665654513,114.35635480380466,22.055423626601993,2549.6148797730807,69.49928739215383,57.339976874039365,0.0,24.4277173279531,1,1702,0.0
1857,1073.3500000000001,0.3137416458669743,2414.8736540861437,114.31562471830142,22.055423626601993,2549.6148797730807,69.49927751925684,57.329452264365784,0.0,24.42779700329128,1,1702,0.0
1858,1073.355,0.3139349925328163,2413.9872473758346,114.27486230634419,22.055423626601993,2549.6148797730807,69.49926764635983,57.31891747475919,0.0,24.42787666404724,1,1702,0.0
1859,1073.3600000000001,0.31412862547555265,2413.1001462370973,114.23406755775841,22.055423626601993,2549.6148797730807,69.49925777346282,57.308372497269445,0.0,24.427956310206874,1,1702,0.0
1860,1073.365,0.3143225451293146,2412.212350473268,114.19324046236112,22.055423626601993,2549.6148797730807,69.49924790056582,57.297817323944216,0.0,24.42803594175606,1,1702,0.0
1861,1073.3700000000001,0.31451675192885636,2411.32385988845,114.15238101011249,22.055423626601993,2549.6148797730807,69.49923802766881,57.287251946828995,0.0,24.428115558680666,1,1702,0.0
1862,1073.375,0.31471124630955083,2410.4346742875123,114.1114891908566,22.055423626601993,2549.6148797730807,69.49922815477181,57.276676357967105,0.0,24.428195160966546,1,1702,0.0
1863,1073.38,0.3149060287073882,2409.544793476097,114.07056499456125,22.055423626601993,2549.6148797730807,69.4992182818748,57.266090549399706,0.0,24.428274748599538,1,1702,0.0
1864,1073.385,0.31510109955898385,2408.654217260614,114.0296084112452,22.055423626601993,2549.6148797730807,69.4992084089778,57.2554945131658,0.0,24.42835432156549,1,1702,0.0
1865,1073.39,0.31529645930157035,2407.7629454482494,113.98861943090424,22.055423626601993,2549.6148797730807,69.4991985360808,57.244888241302256,0.0,24.42843387985021,1,1702,0.0
1866,1073.395,0.3154921083730066,2406.870977846966,113.94759804358952,22.055423626601993,2549.6148797730807,69.4991886631838,57.2342717258438,0.0,24.428513423439522,1,1702,0.0
1867,1073.4,0.31568804721177096,2405.9783142655047,113.90654423937305,22.055423626601993,2549.6148797730807,69.49917879028679,57.22364495882304,0.0,24.428592952319217,1,1702,0.0
1868,1073.405,0.3158842762569667,2405.084954513385,113.86545800841482,22.055423626601993,2549.6148797730807,69.49916891738978,57.21300793227044,0.0,24.42867246647509,1,1702,0.0
1869,1073.41,0.3160807959483212,2404.190898400911,113.82433934083583,22.055423626601993,2549.6148797730807,69.49915904449279,57.20236063821443,0.0,24.428751965892918,1,1702,0.0
1870,1073.415,0.316277606726186,2403.2961457391716,113.78318822682964,22.055423626601993,2549.6148797730807,69.49914917159577,57.19170306868125,0.0,24.428831450558466,1,1702,0.0
1871,1073.42,0.3164747090315392,2402.4006963400393,113.74200465662061,22.055423626601993,2549.6148797730807,69.49913929869878,57.18103521569512,0.0,24.42891092045749,1,1702,0.0
1872,1073.425,0.3166721033059839,2401.5045500161814,113.70078862046198,22.055423626601993,2549.6148797730807,69.49912942580177,57.17035707127814,0.0,24.428990375575733,1,1702,0.0
1873,1073.43,0.3168697899917509,2400.6077065810496,113.65954010866876,22.055423626601993,2549.6148797730807,69.49911955290476,57.159668627450365,0.0,24.429069815898938,1,1702,0.0
1874,1073.435,0.3170677695316985,2399.710165848894,113.61825911153451,22.055423626601993,2549.6148797730807,69.49910968000776,57.14896987622978,0.0,24.42914924141282,1,1702,0.0
1875,1073.44,0.3172660423693119,2398.8119276347584,113.57694561944454,22.055423626601993,2549.6148797730807,69.49909980711077,57.13826080963231,0.0,24.429228652103095,1,1702,0.0
1876,1073.4450000000002,0.31746460894870543,2397.912991754482,113.53559962278159,22.055423626601993,2549.6148797730807,69.49908993421376,57.12754141967185,0.0,24.429308047955463,1,1702,0.0
1877,1073.45,0.31766346971462484,2397.013358024707,113.49422111197786,22.055423626601993,2549.6148797730807,69.49908006131676,57.11681169836025,0.0,24.429387428955614,1,1702,0.0
1878,1073.4550000000002,0.31786262511244306,2396.113026262876,113.45281007748154,22.055423626601993,2549.6148797730807,69.49907018841975,57.10607163770736,0.0,24.429466795089226,1,1702,0.0
1879,1073.46,0.31806207558816635,2395.211996287235,113.41136650982433,22.055423626601993,2549.6148797730807,69.49906031552274,57.09532122972098,0.0,24.429546146341966,1,1702,0.0
1880,1073.4650000000001,0.31826182158842964,2394.310267916836,113.36989039952384,22.055423626601993,2549.6148797730807,69.49905044262574,57.08456046640694,0.0,24.42962548269949,1,1702,0.0
1881,1073.47,0.31846186356050254,2393.4078409715435,113.32838173715272,22.055423626601993,2549.6148797730807,69.49904056972875,57.07378933976906,0.0,24.429704804147445,1,1702,0.0
1882,1073.4750000000001,0.31866220195228645,2392.5047152720254,113.28684051330535,22.055423626601993,2549.6148797730807,69.49903069683174,57.063007841809146,0.0,24.429784110671463,1,1702,0.0
1883,1073.48,0.3188628372123165,2391.600890639768,113.24526671863302,22.055423626601993,2549.6148797730807,69.49902082393473,57.05221596452708,0.0,24.42986340225717,1,1702,0.0
1884,1073.4850000000001,0.3190637697897597,2390.6963668970684,113.20366034381155,22.055423626601993,2549.6148797730807,69.49901095103773,57.041413699920746,0.0,24.429942678890175,1,1702,0.0
1885,1073.49,0.31926500013442227,2389.791143867045,113.16202137952949,22.055423626601993,2549.6148797730807,69.49900107814072,57.030601039986074,0.0,24.43002194055608,1,1702,0.0
1886,1073.4950000000001,0.3194665286967408,2388.8852213736304,113.12034981658371,22.055423626601993,2549.6148797730807,69.49899120524373,57.01977797671704,0.0,24.430101187240474,1,1702,0.0
1887,1073.5,0.3196683559277912,2387.9785992415827,113.07864564570033,22.055423626601993,2549.6148797730807,69.49898133234672,57.00894450210569,0.0,24.430180418928938,1,1702,0.0
1888,1073.505,0.3198704822792855,2387.0712772964816,113.03690885774834,22.055423626601993,2549.6148797730807,69.4989714594497,56.99810060814215,0.0,24.43025963560704,1,1702,0.0
1889,1073.51,0.3200729082035722,2386.163255364732,112.99513944355421,22.055423626601993,2549.6148797730807,69.49896158655271,56.98724628681462,0.0,24.430338837260337,1,1702,0.0
1890,1073.515,0.32027563415363963,2385.2545332735695,112.9533373940043,22.055423626601993,2549.6148797730807,69.49895171365571,56.976381530109364,0.0,24.43041802387437,1,1702,0.0
1891,1073.52,0.32047866058311203,2384.3451108510553,112.91150270005176,22.055423626601993,2549.6148797730807,69.4989418407587,56.96550633001079,0.0,24.430497195434675,1,1702,0.0
1892,1073.525,0.3206819879462556,2383.4349879260863,112.86963535263054,22.055423626601993,2549.6148797730807,69.4989319678617,56.95462067850138,0.0,24.43057635192678,1,1702,0.0
1893,1073.53,0.32088561669797555,2382.524164328392,112.82773534275428,22.055423626601993,2549.6148797730807,69.4989220949647,56.94372456756175,0.0,24.43065549333619,1,1702,0.0
1894,1073.535,0.32108954729381795,2381.612639888541,112.7858026614577,22.055423626601993,2549.6148797730807,69.4989122220677,56.932817989170665,0.0,24.43073461964841,1,1702,0.0
1895,1073.54,0.3212937801899687,2380.700414437938,112.74383729982212,22.055423626601993,2549.6148797730807,69.49890234917069,56.92190093530499,0.0,24.430813730848925,1,1702,0.0
1896,1073.545,0.32149831584325866,2379.7874878088296,112.70183924894279,22.055423626601993,2549.6148797730807,69.49889247627368,56.910973397939756,0.0,24.430892826923223,1,1702,0.0
1897,1073.55,0.32170315471115896,2378.8738598343057,112.65980849996477,22.055423626601993,2549.6148797730807,69.49888260337669,56.90003536904817,0.0,24.43097190785676,1,1702,0.0
1898,1073.555,0.32190829725178505,2377.9595303483025,112.61774504408108,22.055423626601993,2549.6148797730807,69.49887273047968,56.889086840601585,0.0,24.431050973635003,1,1702,0.0
1899,1073.56,0.32211374392389597,2377.0444991856034,112.57564887252482,22.055423626601993,2549.6148797730807,69.49886285758268,56.87812780456953,0.0,24.431130024243387,1,1702,0.0
1900,1073.565,0.3223194951868956,2376.1287661818396,112.53351997650181,22.055423626601993,2549.6148797730807,69.49885298468568,56.867158252919744,0.0,24.43120905966735,1,1702,0.0
1901,1073.5700000000002,0.32252555150083256,2375.2123311734986,112.4913583473683,22.055423626601993,2549.6148797730807,69.49884311178866,56.85617817761814,0.0,24.43128807989232,1,1702,0.0
1902,1073.575,0.3227319133264035,2374.2951939979175,112.44916397640286,22.055423626601993,2549.6148797730807,69.49883323889166,56.84518757062886,0.0,24.4313670849037,1,1702,0.0
1903,1073.5800000000002,0.3229385811249475,2373.3773544932938,112.40693685501658,22.055423626601993,2549.6148797730807,69.49882336599467,56.83418642391425,0.0,24.4314460746869,1,1702,0.0
1904,1073.585,0.3231455553584555,2372.458812498681,112.36467697458659,22.055423626601993,2549.6148797730807,69.49881349309766,56.823174729434896,0.0,24.4315250492273,1,1702,0.0
1905,1073.5900000000001,0.323352836489564,2371.5395678539953,112.32238432657601,22.055423626601993,2549.6148797730807,69.49880362020066,56.812152479149596,0.0,24.431604008510284,1,1702,0.0
1906,1073.595,0.3235604249815575,2370.6196204000144,112.2800589024306,22.055423626601993,2549.6148797730807,69.49879374730365,56.801119665015435,0.0,24.431682952521218,1,1702,0.0
1907,1073.6000000000001,0.3237683212983721,2369.6989699783844,112.23770069372155,22.055423626601993,2549.6148797730807,69.49878387440664,56.79007627898772,0.0,24.43176188124546,1,1702,0.0
1908,1073.605,0.3239765259045908,2368.7776164316147,112.19530969197261,22.055423626601993,2549.6148797730807,69.49877400150964,56.77902231302005,0.0,24.43184079466835,1,1702,0.0
1909,1073.6100000000001,0.3241850392654496,2367.8555596030883,112.15288588877591,22.055423626601993,2549.6148797730807,69.49876412861265,56.7679577590643,0.0,24.431919692775224,1,1702,0.0
1910,1073.615,0.324393861846835,2366.932799337058,112.11042927577907,22.055423626601993,2549.6148797730807,69.49875425571564,56.75688260907062,0.0,24.431998575551408,1,1702,0.0
1911,1073.6200000000001,0.32460299411528454,2366.0093354786527,112.06793984464787,22.055423626601993,2549.6148797730807,69.49874438281863,56.74579685498747,0.0,24.4320774429822,1,1702,0.0
1912,1073.625,0.3248124365379881,2365.0851678738763,112.02541758708463,22.055423626601993,2549.6148797730807,69.49873450992163,56.73470048876161,0.0,24.43215629505292,1,1702,0.0
1913,1073.63,0.32502218958279117,2364.1602963696123,111.98286249484906,22.055423626601993,2549.6148797730807,69.49872463702462,56.72359350233814,0.0,24.43223513174884,1,1702,0.0
1914,1073.635,0.3252322537181906,2363.234720813626,111.94027455972169,22.055423626601993,2549.6148797730807,69.49871476412763,56.71247588766046,0.0,24.43231395305525,1,1702,0.0
1915,1073.64,0.3254426294133389,2362.308441054564,111.89765377353027,22.055423626601993,2549.6148797730807,69.49870489123062,56.70134763667033,0.0,24.432392758957405,1,1702,0.0
1916,1073.645,0.3256533171380422,2361.3814569419596,111.85500012811508,22.055423626601993,2549.6148797730807,69.4986950183336,56.69020874130785,0.0,24.43247154944057,1,1702,0.0
1917,1073.65,0.3258643173627648,2360.453768326235,111.81231361541009,22.055423626601993,2549.6148797730807,69.49868514543661,56.679059193511485,0.0,24.43255032448998,1,1702,0.0
1918,1073.655,0.32607563055862465,2359.5253750587012,111.76959422734424,22.055423626601993,2549.6148797730807,69.49867527253961,56.66789898521809,0.0,24.432629084090877,1,1702,0.0
1919,1073.66,0.3262872571973998,2358.596276991561,111.72684195588484,22.055423626601993,2549.6148797730807,69.4986653996426,56.656728108362856,0.0,24.43270782822848,1,1702,0.0
1920,1073.665,0.32649919775152425,2357.666473977913,111.68405679308658,22.055423626601993,2549.6148797730807,69.4986555267456,56.6455465548794,0.0,24.432786556887997,1,1702,0.0
1921,1073.67,0.32671145269408947,2356.7359658717523,111.64123873096564,22.055423626601993,2549.6148797730807,69.4986456538486,56.63435431669974,0.0,24.432865270054627,1,1702,0.0
1922,1073.675,0.3269240224988495,2355.8047525279726,111.59838776162674,22.055423626601993,2549.6148797730807,69.49863578095159,56.62315138575429,0.0,24.432943967713562,1,1702,0.0
1923,1073.68,0.32713690764021347,2354.87283380237,111.55550387723324,22.055423626601993,2549.6148797730807,69.49862590805459,56.611937753971894,0.0,24.433022649849978,1,1702,0.0
1924,1073.685,0.3273501085932542,2353.940209551643,111.51258706993026,22.055423626601993,2549.6148797730807,69.4986160351576,56.60071341327984,0.0,24.433101316449036,1,1702,0.0
1925,1073.69,0.3275636258337043,2353.006879633397,111.46963733197167,22.055423626601993,2549.6148797730807,69.49860616226059,56.58947835560384,0.0,24.4331799674959,1,1702,0.0
1926,1073.6950000000002,0.32777745983795903,2352.072843906145,111.42665465555845,22.055423626601993,2549.6148797730807,69.49859628936358,56.57823257286808,0.0,24.433258602975705,1,1702,0.0
1927,1073.7,0.32799161108307384,2351.138102229311,111.3836390330323,22.055423626601993,2549.6148797730807,69.49858641646658,56.56697605699521,0.0,24.433337222873583,1,1702,0.0
1928,1073.7050000000002,0.32820608004676877,2350.202654463231,111.34059045670666,22.055423626601993,2549.6148797730807,69.49857654356957,56.55570879990633,0.0,24.43341582717466,1,1702,0.0
1929,1073.71,0.3284208672074275,2349.2665004691567,111.29750891896941,22.055423626601993,2549.6148797730807,69.49856667067257,56.54443079352106,0.0,24.433494415864043,1,1702,0.0
1930,1073.7150000000001,0.3286359730440982,2348.3296401092584,111.25439441223149,22.055423626601993,2549.6148797730807,69.49855679777556,56.5331420297575,0.0,24.43357298892683,1,1702,0.0
1931,1073.72,0.32885139803649155,2347.392073246622,111.21124692894075,22.055423626601993,2549.6148797730807,69.49854692487855,56.521842500532266,0.0,24.43365154634811,1,1702,0.0
1932,1073.7250000000001,0.3290671426649873,2346.4537997452608,111.16806646159729,22.055423626601993,2549.6148797730807,69.49853705198156,56.51053219776047,0.0,24.433730088112956,1,1702,0.0
1933,1073.73,0.32928320741062844,2345.5148194701073,111.12485300273376,22.055423626601993,2549.6148797730807,69.49852717908456,56.499211113355784,0.0,24.433808614206434,1,1702,0.0
1934,1073.7350000000001,0.32949959275512686,2344.5751322870233,111.08160654494323,22.055423626601993,2549.6148797730807,69.49851730618755,56.4878792392304,0.0,24.4338871246136,1,1702,0.0
1935,1073.74,0.3297162991808613,2343.6347380627976,111.03832708081255,22.055423626601993,2549.6148797730807,69.49850743329054,56.47653656729507,0.0,24.433965619319494,1,1702,0.0
1936,1073.7450000000001,0.3299333271708779,2342.693636665152,110.99501460303694,22.055423626601993,2549.6148797730807,69.49849756039355,56.4651830894591,0.0,24.43404409830915,1,1702,0.0
1937,1073.75,0.3301506772088932,2341.7518279627416,110.95166910427815,22.055423626601993,2549.6148797730807,69.49848768749655,56.45381879763039,0.0,24.434122561567584,1,1702,0.0
1938,1073.755,0.33036834977929014,2340.8093118251545,110.90829057729819,22.055423626601993,2549.6148797730807,69.49847781459954,56.44244368371539,0.0,24.434201009079807,1,1702,0.0
1939,1073.76,0.3305863453671256,2339.8660881229207,110.86487901488658,22.055423626601993,2549.6148797730807,69.49846794170253,56.43105773961917,0.0,24.434279440830814,1,1702,0.0
1940,1073.765,0.33080466445812445,2338.922156727508,110.82143440983518,22.055423626601993,2549.6148797730807,69.49845806880553,56.41966095724539,0.0,24.434357856805594,1,1702,0.0
1941,1073.77,0.33102330753868475,2337.977517511326,110.77795675502948,22.055423626601993,2549.6148797730807,69.49844819590852,56.40825332849634,0.0,24.43443625698912,1,1702,0.0
1942,1073.775,0.33124227509587467,2337.032170347732,110.7344460433673,22.055423626601993,2549.6148797730807,69.49843832301153,56.39683484527294,0.0,24.434514641366356,1,1702,0.0
1943,1073.78,0.3314615676174369,2336.086115111029,110.69090226780094,22.055423626601993,2549.6148797730807,69.49842845011453,56.38540549947472,0.0,24.43459300992226,1,1702,0.0
1944,1073.785,0.33168118559178617,2335.1393516764692,110.64732542130182,22.055423626601993,2549.6148797730807,69.4984185772175,56.37396528299989,0.0,24.434671362641765,1,1702,0.0
1945,1073.79,0.33190112950801204,2334.1918799202576,110.60371549693228,22.055423626601993,2549.6148797730807,69.49840870432051,56.362514187745305,0.0,24.434749699509805,1,1702,0.0
1946,1073.795,0.33212139985587746,2333.2436997195528,110.56007248772866,22.055423626601993,2549.6148797730807,69.49839883142351,56.3510522056065,0.0,24.434828020511297,1,1702,0.0
1947,1073.8,0.3323419971258221,2332.2948109524705,110.51639638682195,22.055423626601993,2549.6148797730807,69.4983889585265,56.33957932847768,0.0,24.43490632563115,1,1702,0.0
1948,1073.805,0.33256292180896135,2331.3452134980844,110.47268718736005,22.055423626601993,2549.6148797730807,69.49837908562951,56.32809554825177,0.0,24.43498461485426,1,1702,0.0
1949,1073.81,0.33278417439708485,2330.3949072364308,110.42894488253084,22.055423626601993,2549.6148797730807,69.4983692127325,56.316600856820365,0.0,24.43506288816551,1,1702,0.0
1950,1073.815,0.33300575538266275,2329.443892048507,110.38516946560163,22.055423626601993,2549.6148797730807,69.49835933983549,56.3050952460738,0.0,24.43514114554978,1,1702,0.0
1951,1073.8200000000002,0.33322766525884134,2328.4921678162796,110.34136092980911,22.055423626601993,2549.6148797730807,69.49834946693849,56.293578707901126,0.0,24.435219386991925,1,1702,0.0
1952,1073.825,0.3334499045194445,2327.5397344226803,110.29751926852772,22.055423626601993,2549.6148797730807,69.4983395940415,56.282051234190156,0.0,24.4352976124768,1,1702,0.0
1953,1073.8300000000002,0.33367247365897656,2326.5865917516144,110.25364447509752,22.055423626601993,2549.6148797730807,69.49832972114449,56.27051281682742,0.0,24.43537582198924,1,1702,0.0
1954,1073.835,0.33389537317262186,2325.632739687957,110.20973654292432,22.055423626601993,2549.6148797730807,69.49831984824748,56.25896344769823,0.0,24.435454015514082,1,1702,0.0
1955,1073.8400000000001,0.3341186035562441,2324.6781781175605,110.16579546546585,22.055423626601993,2549.6148797730807,69.49830997535048,56.247403118686655,0.0,24.43553219303614,1,1702,0.0
1956,1073.845,0.3343421653063882,2323.7229069272526,110.12182123622644,22.055423626601993,2549.6148797730807,69.49830010245347,56.23583182167557,0.0,24.435610354540213,1,1702,0.0
1957,1073.8500000000001,0.3345660589202806,2322.7669260048447,110.07781384872139,22.055423626601993,2549.6148797730807,69.49829022955647,56.22424954854663,0.0,24.435688500011103,1,1702,0.0
1958,1073.855,0.3347902848958311,2321.810235239127,110.03377329655046,22.055423626601993,2549.6148797730807,69.49828035665946,56.2126562911803,0.0,24.435766629433598,1,1702,0.0
1959,1073.8600000000001,0.335014843731631,2320.8528345198765,109.98969957332991,22.055423626601993,2549.6148797730807,69.49827048376245,56.20105204145587,0.0,24.435844742792458,1,1702,0.0
1960,1073.865,0.33523973592695694,2319.8947237378557,109.94559267272642,22.055423626601993,2549.6148797730807,69.49826061086546,56.189436791251445,0.0,24.435922840072454,1,1702,0.0
1961,1073.8700000000001,0.33546496198176723,2318.9359027848172,109.90145258844956,22.055423626601993,2549.6148797730807,69.49825073796846,56.177810532444,0.0,24.436000921258334,1,1702,0.0
1962,1073.875,0.33569052239670677,2317.976371553506,109.85727931425453,22.055423626601993,2549.6148797730807,69.49824086507145,56.16617325690932,0.0,24.43607898633483,1,1702,0.0
1963,1073.88,0.33591641767310654,2317.0161299376596,109.81307284393527,22.055423626601993,2549.6148797730807,69.49823099217444,56.15452495652209,0.0,24.43615703528668,1,1702,0.0
1964,1073.885,0.3361426483129821,2316.055177832013,109.76883317133807,22.055423626601993,2549.6148797730807,69.49822111927745,56.142865623155856,0.0,24.43623506809859,1,1702,0.0
1965,1073.89,0.33636921481903526,2315.0935151323,109.72456029036093,22.055423626601993,2549.6148797730807,69.49821124638044,56.13119524868306,0.0,24.43631308475527,1,1702,0.0
1966,1073.895,0.3365961176946585,2314.1311417352554,109.68025419490067,22.055423626601993,2549.6148797730807,69.49820137348344,56.119513824975044,0.0,24.43639108524141,1,1702,0.0
1967,1073.9,0.3368233574439293,2313.1680575386176,109.63591487893588,22.055423626601993,2549.6148797730807,69.49819150058644,56.10782134390204,0.0,24.436469069541698,1,1702,0.0
1968,1073.905,0.3370509345716132,2312.20426244113,109.5915423365293,22.055423626601993,2549.6148797730807,69.49818162768942,56.09611779733322,0.0,24.4365470376408,1,1702,0.0
1969,1073.91,0.33727884958316917,2311.239756342546,109.54713656167135,22.055423626601993,2549.6148797730807,69.49817175479242,56.0844031771367,0.0,24.436624989523377,1,1702,0.0
1970,1073.915,0.3375071029847412,2310.2745391436288,109.50269754852421,22.055423626601993,2549.6148797730807,69.49816188189543,56.07267747517952,0.0,24.436702925174075,1,1702,0.0
1971,1073.92,0.33773569528316677,2309.3086107461536,109.45822529121624,22.055423626601993,2549.6148797730807,69.49815200899842,56.06094068332769,0.0,24.436780844577537,1,1702,0.0
1972,1073.925,0.3379646269859736,2308.3419710529142,109.41371978392577,22.055423626601993,2549.6148797730807,69.49814213610142,56.0491927934462,0.0,24.43685874771838,1,1702,0.0
1973,1073.93,0.33819389860138216,2307.3746199677194,109.36918102092994,22.055423626601993,2549.6148797730807,69.49813226320441,56.037433797399,0.0,24.436936634581222,1,1702,0.0
1974,1073.935,0.33842351063830367,2306.406557395398,109.32460899647862,22.055423626601993,2549.6148797730807,69.4981223903074,56.02566368704904,0.0,24.437014505150668,1,1702,0.0
1975,1073.94,0.33865346360634485,2305.437783241804,109.28000370492886,22.055423626601993,2549.6148797730807,69.4981125174104,56.01388245425829,0.0,24.437092359411306,1,1702,0.0
1976,1073.9450000000002,0.33888375801580245,2304.4682974138145,109.2353651406347,22.055423626601993,2549.6148797730807,69.49810264451341,56.00209009088772,0.0,24.437170197347722,1,1702,0.0
1977,1073.95,0.33911439437767177,2303.498099819334,109.1906932979968,22.055423626601993,2549.6148797730807,69.4980927716164,55.99028658879733,0.0,24.43724801894448,1,1702,0.0
1978,1073.9550000000002,0.3393453732036392,2302.527190367298,109.14598817151926,22.055423626601993,2549.6148797730807,69.49808289871939,55.97847193984617,0.0,24.437325824186136,1,1702,0.0
1979,1073.96,0.3395766950060905,2301.555568967672,109.10124975569823,22.055423626601993,2549.6148797730807,69.49807302582239,55.966646135892354,0.0,24.437403613057242,1,1702,0.0
1980,1073.9650000000001,0.3398083602981047,2300.5832355314596,109.05647804506752,22.055423626601993,2549.6148797730807,69.4980631529254,55.95480916879305,0.0,24.437481385542338,1,1702,0.0
1981,1073.97,0.3400403695934582,2299.6101899706987,109.01167303426995,22.055423626601993,2549.6148797730807,69.49805328002839,55.94296103040447,0.0,24.437559141625936,1,1702,0.0
1982,1073.9750000000001,0.34027272340662623,2298.6364321984665,108.9668347178933,22.055423626601993,2549.6148797730807,69.49804340713138,55.93110171258197,0.0,24.437636881292555,1,1702,0.0
1983,1073.98,0.3405054222527808,2297.6619621288837,108.9219630906748,22.055423626601993,2549.6148797730807,69.49803353423438,55.919231207179976,0.0,24.437714604526693,1,1702,0.0
1984,1073.9850000000001,0.34073846664779345,2296.686779677114,108.87705814732821,22.055423626601993,2549.6148797730807,69.49802366133737,55.90734950605204,0.0,24.437792311312844,1,1702,0.0
1985,1073.99,0.3409718571082348,2295.710884759368,108.8321198826712,22.055423626601993,2549.6148797730807,69.49801378844037,55.89545660105084,0.0,24.43787000163548,1,1702,0.0
1986,1073.9950000000001,0.3412055941513743,2294.734277292907,108.78714829149713,22.055423626601993,2549.6148797730807,69.49800391554336,55.88355248402817,0.0,24.437947675479077,1,1702,0.0
1987,1074.0,0.3414396782951837,2293.7569571960403,108.74214336868623,22.055423626601993,2549.6148797730807,69.49799404264635,55.87163714683501,0.0,24.438025332828087,1,1702,0.0
1988,1074.005,0.34167411005833526,2292.7789243881343,108.69710510916904,22.055423626601993,2549.6148797730807,69.49798416974936,55.85971058132148,0.0,24.438102973666954,1,1702,0.0
1989,1074.01,0.3419088899602041,2291.800178789611,108.65203350789885,22.055423626601993,2549.6148797730807,69.49797429685236,55.84777277933687,0.0,24.43818059798011,1,1702,0.0
1990,1074.015,0.34214401852086435,2290.8207203219495,108.60692855993884,22.055423626601993,2549.6148797730807,69.49796442395535,55.83582373272967,0.0,24.438258205751985,1,1702,0.0
1991,1074.02,0.3423794962610979,2289.840548907693,108.56179026029311,22.055423626601993,2549.6148797730807,69.49795455105836,55.82386343334758,0.0,24.43833579696698,1,1702,0.0
1992,1074.025,0.34261532370238756,2288.8596644704458,108.51661860410587,22.055423626601993,2549.6148797730807,69.49794467816135,55.811891873037474,0.0,24.4384133716095,1,1702,0.0
1993,1074.03,0.3428515013669194,2287.8780669348785,108.4714135865092,22.055423626601993,2549.6148797730807,69.49793480526434,55.7999090436455,0.0,24.438490929663928,1,1702,0.0
1994,1074.035,0.34308802977758823,2286.895756226733,108.42617520271425,22.055423626601993,2549.6148797730807,69.49792493236734,55.78791493701699,0.0,24.43856847111465,1,1702,0.0
1995,1074.04,0.3433249094579906,2285.9127322728173,108.3809034479751,22.055423626601993,2549.6148797730807,69.49791505947034,55.775909544996566,0.0,24.438645995946022,1,1702,0.0
1996,1074.045,0.3435621409324321,2284.9289950010166,108.3355983176045,22.055423626601993,2549.6148797730807,69.49790518657333,55.7638928594281,0.0,24.438723504142406,1,1702,0.0
1997,1074.05,0.3437997247259221,2283.9445443402906,108.29025980689198,22.055423626601993,2549.6148797730807,69.49789531367632,55.75186487215472,0.0,24.438800995688137,1,1702,0.0
1998,1074.055,0.34403766136418074,2282.9593802206778,108.24488791129009,22.055423626601993,2549.6148797730807,69.49788544077933,55.73982557501887,0.0,24.438878470567552,1,1702,0.0
1999,1074.06,0.3442759513736338,2281.973502573296,108.19948262620618,22.055423626601993,2549.6148797730807,69.49787556788232,55.72777495986227,0.0,24.43895592876497,1,1702,0.0
2000,1074.065,0.34451459528141654,2280.986911330348,108.15404394710838,22.055423626601993,2549.6148797730807,69.49786569498532,55.71571301852598,0.0,24.4390333702647,1,1702,0.0
2001,1074.0700000000002,0.34475359361537244,2279.999606425121,108.10857186958953,22.055423626601993,2549.6148797730807,69.49785582208831,55.703639742850335,0.0,24.439110795051032,1,1702,0.0
2002,1074.075,0.3449929469040568,2279.0115877919893,108.06306638917636,22.055423626601993,2549.6148797730807,69.4978459491913,55.69155512467506,0.0,24.439188203108266,1,1702,0.0
2003,1074.0800000000002,0.3452326556767345,2278.0228553664206,108.01752750150703,22.055423626601993,2549.6148797730807,69.4978360762943,55.679459155839204,0.0,24.439265594420668,1,1702,0.0
2004,1074.085,0.3454727204633806,2277.0334090849738,107.97195520228668,22.055423626601993,2549.6148797730807,69.49782620339731,55.667351828181175,0.0,24.439342968972504,1,1702,0.0
2005,1074.0900000000001,0.34571314179468254,2276.043248885301,107.92634948720533,22.055423626601993,2549.6148797730807,69.4978163305003,55.655233133538765,0.0,24.439420326748028,1,1702,0.0
2006,1074.095,0.3459539202020411,2275.0523747061566,107.88071035207672,22.055423626601993,2549.6148797730807,69.49780645760329,55.643103063749145,0.0,24.439497667731477,1,1702,0.0
2007,1074.1000000000001,0.34619505621756774,2274.0607864873914,107.83503779269573,22.055423626601993,2549.6148797730807,69.4977965847063,55.6309616106489,0.0,24.43957499190708,1,1702,0.0
2008,1074.105,0.346436550374089,2273.0684841699613,107.78933180493833,22.055423626601993,2549.6148797730807,69.49778671180928,55.61880876607403,0.0,24.43965229925906,1,1702,0.0
2009,1074.1100000000001,0.3466784032051456,2272.0754676959273,107.74359238473373,22.055423626601993,2549.6148797730807,69.49777683891229,55.60664452185995,0.0,24.439729589771623,1,1702,0.0
2010,1074.115,0.3469206152449928,2271.081737008457,107.69781952804207,22.055423626601993,2549.6148797730807,69.49776696601529,55.5944688698415,0.0,24.43980686342896,1,1702,0.0
2011,1074.1200000000001,0.3471631870286002,2270.0872920518286,107.652013230882,22.055423626601993,2549.6148797730807,69.49775709311827,55.582281801853,0.0,24.439884120215257,1,1702,0.0
2012,1074.125,0.34740611909165503,2269.092132771433,107.60617348931679,22.055423626601993,2549.6148797730807,69.49774722022127,55.57008330972823,0.0,24.43996136011469,1,1702,0.0
2013,1074.13,0.34764941197056,2268.0962591137773,107.5603002994802,22.055423626601993,2549.6148797730807,69.49773734732427,55.55787338530044,0.0,24.44003858311142,1,1702,0.0
2014,1074.135,0.3478930662024354,2267.099671026483,107.51439365750606,22.055423626601993,2549.6148797730807,69.49772747442726,55.54565202040237,0.0,24.440115789189594,1,1702,0.0
2015,1074.14,0.34813708232511925,2266.102368458297,107.46845355963342,22.055423626601993,2549.6148797730807,69.49771760153027,55.53341920686627,0.0,24.44019297833335,1,1702,0.0
2016,1074.145,0.3483814608771664,2265.1043513590826,107.42248000212317,22.055423626601993,2549.6148797730807,69.49770772863326,55.521174936523906,0.0,24.440270150526818,1,1702,0.0
2017,1074.15,0.3486262023978542,2264.105619679833,107.37647298127611,22.055423626601993,2549.6148797730807,69.49769785573625,55.50891920120657,0.0,24.440347305754113,1,1702,0.0
2018,1074.155,0.34887130742717615,2263.106173372667,107.33043249345808,22.055423626601993,2549.6148797730807,69.49768798283925,55.4966519927451,0.0,24.440424443999344,1,1702,0.0
2019,1074.16,0.3491167765058478,2262.106012390833,107.28435853509116,22.055423626601993,2549.6148797730807,69.49767810994226,55.48437330296989,0.0,24.440501565246596,1,1702,0.0
2020,1074.165,0.3493626101753047,2261.105136688712,107.23825110262607,22.055423626601993,2549.6148797730807,69.49766823704525,55.4720831237109,0.0,24.440578669479958,1,1702,0.0
2021,1074.17,0.3496088089777044,2260.1035462218206,107.19211019258796,22.055423626601993,2549.6148797730807,69.49765836414824,55.45978144679769,0.0,24.4406557566835,1,1702,0.0
2022,1074.175,0.3498553734559251,2259.1012409468126,107.14593580153793,22.055423626601993,2549.6148797730807,69.49764849125124,55.447468264059395,0.0,24.44073282684128,1,1702,0.0
2023,1074.18,0.3501023041535699,2258.0982208214828,107.09972792606611,22.055423626601993,2549.6148797730807,69.49763861835424,55.43514356732477,0.0,24.440809879937348,1,1702,0.0
2024,1074.185,0.3503496016149628,2257.094485804766,107.0534865628676,22.055423626601993,2549.6148797730807,69.49762874545723,55.42280734842218,0.0,24.440886915955737,1,1702,0.0
2025,1074.19,0.3505972663851527,2256.090035856745,107.00721170863245,22.055423626601993,2549.6148797730807,69.49761887256022,55.41045959917965,0.0,24.440963934880475,1,1702,0.0
2026,1074.1950000000002,0.3508452990099124,2255.0848709386473,106.96090336013482,22.055423626601993,2549.6148797730807,69.49760899966323,55.39810031142484,0.0,24.44104093669558,1,1702,0.0
2027,1074.2,0.3510937000357397,2254.078991012853,106.91456151420023,22.055423626601993,2549.6148797730807,69.49759912676622,55.385729476985055,0.0,24.441117921385043,1,1702,0.0
2028,1074.2050000000002,0.351342470009859,2253.0723960428904,106.86818616765578,22.055423626601993,2549.6148797730807,69.49758925386922,55.3733470876873,0.0,24.441194888932866,1,1702,0.0
2029,1074.21,0.35159160948021906,2252.0650859934485,106.82177731746562,22.055423626601993,2549.6148797730807,69.49757938097221,55.36095313535827,0.0,24.441271839323026,1,1702,0.0
2030,1074.2150000000001,0.35184111899549775,2251.05706083037,106.77533496055136,22.055423626601993,2549.6148797730807,69.4975695080752,55.34854761182435,0.0,24.441348772539488,1,1702,0.0
2031,1074.22,0.35209099910509734,2250.048320520658,106.72885909396756,22.055423626601993,2549.6148797730807,69.4975596351782,55.336130508911644,0.0,24.441425688566213,1,1702,0.0
2032,1074.2250000000001,0.35234125035915054,2249.038865032479,106.68234971479002,22.055423626601993,2549.6148797730807,69.49754976228121,55.32370181844599,0.0,24.44150258738715,1,1702,0.0
2033,1074.23,0.3525918733085167,2248.0286943351634,106.6358068201107,22.055423626601993,2549.6148797730807,69.4975398893842,55.31126153225296,0.0,24.441579468986223,1,1702,0.0
2034,1074.2350000000001,0.3528428685047853,2247.0178083992105,106.5892304070911,22.055423626601993,2549.6148797730807,69.49753001648719,55.298809642157906,0.0,24.441656333347368,1,1702,0.0
2035,1074.24,0.35309423650027594,2246.0062071962893,106.54262047299449,22.055423626601993,2549.6148797730807,69.4975201435902,55.28634613998592,0.0,24.441733180454488,1,1702,0.0
2036,1074.2450000000001,0.3533459778480376,2244.99389069924,106.49597701508249,22.055423626601993,2549.6148797730807,69.49751027069318,55.27387101756191,0.0,24.441810010291487,1,1702,0.0
2037,1074.25,0.3535980931018503,2243.98085888208,106.44930003066578,22.055423626601993,2549.6148797730807,69.49750039779619,55.26138426671054,0.0,24.441886822842253,1,1702,0.0
2038,1074.255,0.35385058281622606,2242.9671117200032,106.40258951714546,22.055423626601993,2549.6148797730807,69.49749052489919,55.24888587925633,0.0,24.441963618090664,1,1702,0.0
2039,1074.26,0.3541034475464081,2241.9526491893826,106.35584547193564,22.055423626601993,2549.6148797730807,69.49748065200218,55.236375847023595,0.0,24.442040396020587,1,1702,0.0
2040,1074.265,0.3543566878483727,2240.937471267776,106.30906789254517,22.055423626601993,2549.6148797730807,69.49747077910517,55.2238541618365,0.0,24.44211715661588,1,1702,0.0
2041,1074.27,0.35461030427882956,2239.9215779339243,106.26225677648449,22.055423626601993,2549.6148797730807,69.49746090620818,55.21132081551906,0.0,24.442193899860378,1,1702,0.0
2042,1074.275,0.35486429739522196,2238.9049691677574,106.21541212135685,22.055423626601993,2549.6148797730807,69.49745103331117,55.19877579989515,0.0,24.44227062573792,1,1702,0.0
2043,1074.28,0.35511866775572726,2237.8876449503964,106.16853392478896,22.055423626601993,2549.6148797730807,69.49744116041417,55.18621910678855,0.0,24.442347334232327,1,1702,0.0
2044,1074.285,0.35537341591925764,2236.8696052641526,106.12162218448707,22.055423626601993,2549.6148797730807,69.49743128751716,55.17365072802291,0.0,24.44242402532741,1,1702,0.0
2045,1074.29,0.3556285424454624,2235.8508500925345,106.0746768981996,22.055423626601993,2549.6148797730807,69.49742141462015,55.161070655421796,0.0,24.44250069900696,1,1702,0.0
2046,1074.295,0.3558840478947246,2234.8313794202477,106.02769806371597,22.055423626601993,2549.6148797730807,69.49741154172315,55.14847888080869,0.0,24.44257735525477,1,1702,0.0
2047,1074.3,0.356139932828165,2233.8111932331994,105.98068567888228,22.055423626601993,2549.6148797730807,69.49740166882616,55.135875396007016,0.0,24.442653994054616,1,1702,0.0
2048,1074.305,0.35639619780764303,2232.790291518498,105.93363974163691,22.055423626601993,2549.6148797730807,69.49739179592915,55.12326019284015,0.0,24.44273061539026,1,1702,0.0
2049,1074.31,0.35665284339575376,2231.7686742644582,105.88656024990937,22.055423626601993,2549.6148797730807,69.49738192303214,55.11063326313142,0.0,24.442807219245456,1,1702,0.0
2050,1074.315,0.35690987015583087,2230.746341460603,105.83944720171506,22.055423626601993,2549.6148797730807,69.49737205013514,55.097994598704155,0.0,24.442883805603945,1,1702,0.0
2051,1074.3200000000002,0.3571672786519489,2229.723293097666,105.7923005951305,22.055423626601993,2549.6148797730807,69.49736217723813,55.085344191381644,0.0,24.44296037444946,1,1702,0.0
2052,1074.325,0.3574250694489208,2228.6995291675926,105.74512042824954,22.055423626601993,2549.6148797730807,69.49735230434113,55.0726820329872,0.0,24.44303692576571,1,1702,0.0
2053,1074.3300000000002,0.3576832431122987,2227.6750496635464,105.69790669926597,22.055423626601993,2549.6148797730807,69.49734243144412,55.060008115344175,0.0,24.443113459536413,1,1702,0.0
2054,1074.335,0.3579418002083772,2226.649854579906,105.65065940641725,22.055423626601993,2549.6148797730807,69.49733255854711,55.04732243027592,0.0,24.44318997574526,1,1702,0.0
2055,1074.3400000000001,0.3582007413041903,2225.6239439122737,105.60337854796016,22.055423626601993,2549.6148797730807,69.49732268565012,55.03462496960584,0.0,24.44326647437594,1,1702,0.0
2056,1074.345,0.3584600669675155,2224.5973176574735,105.55606412223077,22.055423626601993,2549.6148797730807,69.49731281275312,55.02191572515743,0.0,24.44334295541212,1,1702,0.0
2057,1074.3500000000001,0.3587197777668727,2223.569975813556,105.50871612762273,22.055423626601993,2549.6148797730807,69.49730293985611,55.009194688754235,0.0,24.443419418837472,1,1702,0.0
2058,1074.355,0.3589798742715226,2222.5419183798003,105.46133456257473,22.055423626601993,2549.6148797730807,69.49729306695912,54.9964618522199,0.0,24.443495864635636,1,1702,0.0
2059,1074.3600000000001,0.359240357051472,2221.513145356716,105.41391942559086,22.055423626601993,2549.6148797730807,69.4972831940621,54.983717207378184,0.0,24.443572292790257,1,1702,0.0
2060,1074.365,0.35950122667747125,2220.483656746046,105.36647071522574,22.055423626601993,2549.6148797730807,69.4972733211651,54.97096074605295,0.0,24.443648703284964,1,1702,0.0
2061,1074.3700000000001,0.3597624837210136,2219.4534525507706,105.31898843007468,22.055423626601993,2549.6148797730807,69.4972634482681,54.95819246006821,0.0,24.443725096103364,1,1702,0.0
2062,1074.375,0.360024128754339,2218.4225327751083,105.27147256880777,22.055423626601993,2549.6148797730807,69.4972535753711,54.945412341248115,0.0,24.443801471229076,1,1702,0.0
2063,1074.38,0.3602861623504345,2217.390897424518,105.22392313011898,22.055423626601993,2549.6148797730807,69.4972437024741,54.932620381416974,0.0,24.443877828645686,1,1702,0.0
2064,1074.385,0.3605485850830298,2216.3585465057035,105.17634011282196,22.055423626601993,2549.6148797730807,69.49723382957708,54.91981657239928,0.0,24.443954168336777,1,1702,0.0
2065,1074.39,0.3608113975266055,2215.3254800266145,105.12872351570107,22.055423626601993,2549.6148797730807,69.49722395668009,54.90700090601973,0.0,24.444030490285922,1,1702,0.0
2066,1074.395,0.3610746002563875,2214.2916979964493,105.08107333765716,22.055423626601993,2549.6148797730807,69.49721408378309,54.894173374103204,0.0,24.44410679447668,1,1702,0.0
2067,1074.4,0.3613381938483495,2213.2572004256594,105.03338957761649,22.055423626601993,2549.6148797730807,69.49720421088608,54.88133396847483,0.0,24.444183080892596,1,1702,0.0
2068,1074.405,0.36160217887921486,2212.2219873259487,104.9856722345688,22.055423626601993,2549.6148797730807,69.49719433798907,54.86848268095993,0.0,24.444259349517218,1,1702,0.0
2069,1074.41,0.36186655592645633,2211.1860587102788,104.93792130758104,22.055423626601993,2549.6148797730807,69.49718446509208,54.855619503384126,0.0,24.444335600334057,1,1702,0.0
2070,1074.415,0.36213132556829436,2210.1494145928696,104.89013679574447,22.055423626601993,2549.6148797730807,69.49717459219507,54.842744427573265,0.0,24.44441183332664,1,1702,0.0
2071,1074.42,0.3623964883837017,2209.1120549892044,104.84231869820904,22.055423626601993,2549.6148797730807,69.49716471929807,54.829857445353504,0.0,24.444488048478462,1,1702,0.0
2072,1074.425,0.3626620449524017,2208.07397991603,104.7944670141926,22.055423626601993,2549.6148797730807,69.49715484640106,54.81695854855127,0.0,24.444564245773016,1,1702,0.0
2073,1074.43,0.36292799585486735,2207.03518939136,104.74658174298472,22.055423626601993,2549.6148797730807,69.49714497350405,54.804047728993304,0.0,24.444640425193786,1,1702,0.0
2074,1074.435,0.363194341672325,2205.9956834344775,104.69866288387438,22.055423626601993,2549.6148797730807,69.49713510060705,54.79112497850668,0.0,24.44471658672424,1,1702,0.0
2075,1074.44,0.363461082986754,2204.9554620659396,104.65071043628264,22.055423626601993,2549.6148797730807,69.49712522771006,54.77819028891881,0.0,24.44479273034783,1,1702,0.0
2076,1074.4450000000002,0.3637282203808859,2203.914525307577,104.60272439962561,22.055423626601993,2549.6148797730807,69.49711535481305,54.76524365205744,0.0,24.44486885604801,1,1702,0.0
2077,1074.45,0.3639957544382053,2202.872873182498,104.55470477341018,22.055423626601993,2549.6148797730807,69.49710548191604,54.7522850597507,0.0,24.44494496380821,1,1702,0.0
2078,1074.4550000000002,0.36426368574295115,2201.830505715089,104.5066515571862,22.055423626601993,2549.6148797730807,69.49709560901904,54.7393145038271,0.0,24.44502105361186,1,1702,0.0
2079,1074.46,0.3645320148801181,2200.7874229310214,104.45856475056347,22.055423626601993,2549.6148797730807,69.49708573612203,54.72633197611556,0.0,24.445097125442363,1,1702,0.0
2080,1074.4650000000001,0.36480074243545485,2199.743624857252,104.4104443532139,22.055423626601993,2549.6148797730807,69.49707586322504,54.71333746844539,0.0,24.445173179283127,1,1702,0.0
2081,1074.47,0.36506986899546634,2198.699111522024,104.36229036482835,22.055423626601993,2549.6148797730807,69.49706599032804,54.70033097264634,0.0,24.44524921511754,1,1702,0.0
2082,1074.4750000000001,0.36533939514741315,2197.653882954872,104.3141027852214,22.055423626601993,2549.6148797730807,69.49705611743101,54.68731248054859,0.0,24.445325232928976,1,1702,0.0
2083,1074.48,0.3656093214793142,2196.6079391866224,104.26588161421816,22.055423626601993,2549.6148797730807,69.49704624453402,54.6742819839828,0.0,24.445401232700807,1,1702,0.0
2084,1074.4850000000001,0.36587964857994343,2195.5612802493974,104.21762685172395,22.055423626601993,2549.6148797730807,69.49703637163702,54.661239474780096,0.0,24.445477214416382,1,1702,0.0
2085,1074.49,0.3661503770388342,2194.51390617662,104.16933849769141,22.055423626601993,2549.6148797730807,69.49702649874001,54.64818494477206,0.0,24.445553178059054,1,1702,0.0
2086,1074.4950000000001,0.366421507446279,2193.4658170030093,104.12101655209354,22.055423626601993,2549.6148797730807,69.49701662584302,54.63511838579083,0.0,24.445629123612154,1,1702,0.0
2087,1074.5,0.3666930403933277,2192.4170127645925,104.07266101503853,22.055423626601993,2549.6148797730807,69.497006752946,54.62203978966901,0.0,24.445705051058997,1,1702,0.0
2088,1074.505,0.36696497647179005,2191.3674934986993,104.0242718866403,22.055423626601993,2549.6148797730807,69.496996880049,54.60894914823977,0.0,24.445780960382898,1,1702,0.0
2089,1074.51,0.367237316274237,2190.3172592439696,103.97584916707406,22.055423626601993,2549.6148797730807,69.496987007152,54.59584645333683,0.0,24.445856851567157,1,1702,0.0
2090,1074.515,0.36751006039399803,2189.266310040355,103.92739285657404,22.055423626601993,2549.6148797730807,69.496977134255,54.58273169679446,0.0,24.445932724595057,1,1702,0.0
2091,1074.52,0.3677832094251664,2188.2146459291207,103.87890295547221,22.055423626601993,2549.6148797730807,69.496967261358,54.56960487044749,0.0,24.446008579449877,1,1702,0.0
2092,1074.525,0.3680567639625941,2187.162266952847,103.83037946410778,22.055423626601993,2549.6148797730807,69.49695738846098,54.55646596613139,0.0,24.446084416114882,1,1702,0.0
2093,1074.53,0.3683307246018969,2186.1091731554357,103.78182238286931,22.055423626601993,2549.6148797730807,69.49694751556399,54.54331497568221,0.0,24.446160234573323,1,1702,0.0
2094,1074.535,0.36860509193945357,2185.055364582108,103.73323171226735,22.055423626601993,2549.6148797730807,69.49693764266698,54.53015189093661,0.0,24.446236034808447,1,1702,0.0
2095,1074.54,0.3688798665724051,2184.00084127941,103.68460745283687,22.055423626601993,2549.6148797730807,69.49692776976998,54.51697670373193,0.0,24.446311816803476,1,1702,0.0
2096,1074.545,0.36915504909865604,2182.945603295215,103.63594960513105,22.055423626601993,2549.6148797730807,69.49691789687297,54.50378940590613,0.0,24.446387580541636,1,1702,0.0
2097,1074.55,0.3694306401168764,2181.8896506787273,103.5872581698434,22.055423626601993,2549.6148797730807,69.49690802397596,54.49058998929786,0.0,24.446463326006135,1,1702,0.0
2098,1074.555,0.3697066402265007,2180.8329834804813,103.53853314767005,22.055423626601993,2549.6148797730807,69.49689815107897,54.47737844574645,0.0,24.44653905318017,1,1702,0.0
2099,1074.56,0.36998305002772847,2179.775601752346,103.4897745393641,22.055423626601993,2549.6148797730807,69.49688827818197,54.46415476709194,0.0,24.44661476204692,1,1702,0.0
2100,1074.565,0.37025987012152395,2178.7175055475304,103.44098234577064,22.055423626601993,2549.6148797730807,69.49687840528496,54.45091894517507,0.0,24.446690452589564,1,1702,0.0
2101,1074.5700000000002,0.37053710110962007,2177.6586949205816,103.39215656776587,22.055423626601993,2549.6148797730807,69.49686853238795,54.43767097183733,0.0,24.446766124791267,1,1702,0.0
2102,1074.575,0.3708147435945148,2176.5991699273895,103.34329720629711,22.055423626601993,2549.6148797730807,69.49685865949095,54.42441083892095,0.0,24.446841778635175,1,1702,0.0
2103,1074.5800000000002,0.3710927981794738,2175.538930625189,103.29440426239417,22.055423626601993,2549.6148797730807,69.49684878659394,54.411138538268915,0.0,24.446917414104433,1,1702,0.0
2104,1074.585,0.3713712654685315,2174.4779770725645,103.24547773709673,22.055423626601993,2549.6148797730807,69.49683891369695,54.39785406172501,0.0,24.446993031182167,1,1702,0.0
2105,1074.5900000000001,0.37165014606648916,2173.4163093294496,103.19651763155103,22.055423626601993,2549.6148797730807,69.49682904079995,54.38455740113381,0.0,24.447068629851497,1,1702,0.0
2106,1074.595,0.37192944057891897,2172.353927457132,103.14752394690765,22.055423626601993,2549.6148797730807,69.49681916790294,54.37124854834068,0.0,24.447144210095527,1,1702,0.0
2107,1074.6000000000001,0.3722091496121602,2171.2908315182544,103.09849668445449,22.055423626601993,2549.6148797730807,69.49680929500593,54.357927495191845,0.0,24.44721977189735,1,1702,0.0
2108,1074.605,0.37248927377332436,2170.227021576818,103.04943584546267,22.055423626601993,2549.6148797730807,69.49679942210894,54.344594233534345,0.0,24.447295315240048,1,1702,0.0
2109,1074.6100000000001,0.37276981367029305,2169.162497698187,103.00034143134441,22.055423626601993,2549.6148797730807,69.49678954921194,54.33124875521609,0.0,24.4473708401067,1,1702,0.0
2110,1074.615,0.3730507699117165,2168.0972599490865,102.95121344347916,22.055423626601993,2549.6148797730807,69.49677967631493,54.31789105208586,0.0,24.44744634648036,1,1702,0.0
2111,1074.6200000000001,0.37333214310701907,2167.031308397611,102.90205188336367,22.055423626601993,2549.6148797730807,69.49676980341792,54.30452111599333,0.0,24.44752183434408,1,1702,0.0
2112,1074.625,0.37361393386639563,2165.964643113221,102.85285675259742,22.055423626601993,2549.6148797730807,69.49675993052092,54.29113893878909,0.0,24.4475973036809,1,1702,0.0
2113,1074.63,0.373896142800815,2164.8972641667506,102.80362805270634,22.055423626601993,2549.6148797730807,69.49675005762391,54.27774451232463,0.0,24.447672754473846,1,1702,0.0
2114,1074.635,0.3741787705220162,2163.8291716304093,102.754365785436,22.055423626601993,2549.6148797730807,69.49674018472692,54.26433782845238,0.0,24.44774818670593,1,1702,0.0
2115,1074.64,0.3744618176425158,2162.7603655777807,102.70506995247082,22.055423626601993,2549.6148797730807,69.49673031182991,54.250918879025754,0.0,24.44782360036016,1,1702,0.0
2116,1074.645,0.37474528477559965,2161.69084608383,102.65574055561838,22.055423626601993,2549.6148797730807,69.4967204389329,54.237487655899095,0.0,24.447898995419525,1,1702,0.0
2117,1074.65,0.37502917253533247,2160.6206132249044,102.60637759673166,22.055423626601993,2549.6148797730807,69.4967105660359,54.22404415092775,0.0,24.44797437186701,1,1702,0.0
2118,1074.655,0.3753134815365503,2159.549667078735,102.55698107772567,22.055423626601993,2549.6148797730807,69.4967006931389,54.210588355968085,0.0,24.448049729685586,1,1702,0.0
2119,1074.66,0.37559821239486785,2158.478007724443,102.50755100058738,22.055423626601993,2549.6148797730807,69.4966908202419,54.19712026287745,0.0,24.448125068858207,1,1702,0.0
2120,1074.665,0.3758833657266734,2157.4056352425373,102.45808736733392,22.055423626601993,2549.6148797730807,69.49668094734488,54.18363986351426,0.0,24.448200389367823,1,1702,0.0
2121,1074.67,0.376168942149132,2156.3325497149203,102.40859018007086,22.055423626601993,2549.6148797730807,69.49667107444789,54.17014714973795,0.0,24.44827569119737,1,1702,0.0
2122,1074.675,0.3764549422801871,2155.25875122489,102.35905944097726,22.055423626601993,2549.6148797730807,69.49666120155088,54.15664211340905,0.0,24.448350974329774,1,1702,0.0
2123,1074.68,0.37674136673855874,2154.184239857145,102.30949515226966,22.055423626601993,2549.6148797730807,69.49665132865388,54.14312474638916,0.0,24.44842623874795,1,1702,0.0
2124,1074.685,0.3770282161437435,2153.1090156977803,102.25989731622697,22.055423626601993,2549.6148797730807,69.49664145575689,54.12959504054098,0.0,24.448501484434797,1,1702,0.0
2125,1074.69,0.37731549111601936,2152.033078834298,102.21026593520781,22.055423626601993,2549.6148797730807,69.49663158285986,54.11605298772832,0.0,24.448576711373207,1,1702,0.0
2126,1074.6950000000002,0.3776031922764408,2150.956429355605,102.16060101160464,22.055423626601993,2549.6148797730807,69.49662170996287,54.10249857981612,0.0,24.448651919546062,1,1702,0.0
2127,1074.7,0.377891320246842,2149.879067352017,102.11090254792093,22.055423626601993,2549.6148797730807,69.49661183706587,54.088931808670495,0.0,24.44872710893623,1,1702,0.0
2128,1074.7050000000002,0.3781798756498373,2148.8009929152618,102.06117054665462,22.055423626601993,2549.6148797730807,69.49660196416886,54.075352666158686,0.0,24.44880227952656,1,1702,0.0
2129,1074.71,0.37846885910882244,2147.722206138481,102.01140501043542,22.055423626601993,2549.6148797730807,69.49659209127186,54.06176114414913,0.0,24.44887743129991,1,1702,0.0
2130,1074.7150000000001,0.3787582712479719,2146.642707116232,101.9616059419198,22.055423626601993,2549.6148797730807,69.49658221837485,54.04815723451148,0.0,24.448952564239107,1,1702,0.0
2131,1074.72,0.3790481126922437,2145.5624959444945,101.91177334381743,22.055423626601993,2549.6148797730807,69.49657234547784,54.03454092911657,0.0,24.449027678326978,1,1702,0.0
2132,1074.7250000000001,0.3793383840673752,2144.481572720668,101.86190721894042,22.055423626601993,2549.6148797730807,69.49656247258085,54.02091221983648,0.0,24.44910277354633,1,1702,0.0
2133,1074.73,0.379629085999888,2143.399937543577,101.81200757012382,22.055423626601993,2549.6148797730807,69.49655259968385,54.00727109854454,0.0,24.449177849879966,1,1702,0.0
2134,1074.7350000000001,0.3799202191170863,2142.3175905134744,101.76207440026997,22.055423626601993,2549.6148797730807,69.49654272678684,53.99361755711535,0.0,24.44925290731068,1,1702,0.0
2135,1074.74,0.3802117840470561,2141.234531732043,101.71210771238368,22.055423626601993,2549.6148797730807,69.49653285388983,53.97995158742476,0.0,24.449327945821242,1,1702,0.0
2136,1074.7450000000001,0.38050378141866864,2140.1507613023973,101.6621075094879,22.055423626601993,2549.6148797730807,69.49652298099284,53.96627318134995,0.0,24.449402965394423,1,1702,0.0
2137,1074.75,0.3807962118615774,2139.066279329089,101.61207379469656,22.055423626601993,2549.6148797730807,69.49651310809583,53.95258233076938,0.0,24.44947796601298,1,1702,0.0
2138,1074.755,0.38108907600622355,2137.9810859181084,101.5620065711927,22.055423626601993,2549.6148797730807,69.49650323519883,53.93887902756287,0.0,24.449552947659654,1,1702,0.0
2139,1074.76,0.38138237448382994,2136.8951811768834,101.51190584218868,22.055423626601993,2549.6148797730807,69.49649336230182,53.92516326361157,0.0,24.44962791031718,1,1702,0.0
2140,1074.765,0.3816761079264071,2135.8085652142895,101.4617716109801,22.055423626601993,2549.6148797730807,69.49648348940481,53.911435030798,0.0,24.44970285396828,1,1702,0.0
2141,1074.77,0.3819702769667503,2134.7212381406457,101.41160388093736,22.055423626601993,2549.6148797730807,69.49647361650781,53.89769432100607,0.0,24.449777778595656,1,1702,0.0
2142,1074.775,0.38226488223844274,2133.6332000677207,101.36140265548367,22.055423626601993,2549.6148797730807,69.49646374361082,53.88394112612105,0.0,24.449852684182023,1,1702,0.0
2143,1074.78,0.3825599243758536,2132.5444511087358,101.31116793811552,22.055423626601993,2549.6148797730807,69.49645387071381,53.87017543802966,0.0,24.449927570710056,1,1702,0.0
2144,1074.785,0.3828554040141388,2131.4549913783644,101.26089973238378,22.055423626601993,2549.6148797730807,69.4964439978168,53.856397248620034,0.0,24.450002438162432,1,1702,0.0
2145,1074.79,0.3831513217892435,2130.3648209927383,101.21059804190877,22.055423626601993,2549.6148797730807,69.4964341249198,53.842606549781756,0.0,24.45007728652182,1,1702,0.0
2146,1074.795,0.38344767833790117,2129.2739400694495,101.16026287037607,22.055423626601993,2549.6148797730807,69.49642425202279,53.82880333340588,0.0,24.45015211577088,1,1702,0.0
2147,1074.8,0.38374447429763187,2128.1823487275497,101.10989422153169,22.055423626601993,2549.6148797730807,69.4964143791258,53.814987591384934,0.0,24.450226925892242,1,1702,0.0
2148,1074.805,0.38404171030674783,2127.0900470875586,101.05949209919193,22.055423626601993,2549.6148797730807,69.4964045062288,53.80115931561295,0.0,24.450301716868548,1,1702,0.0
2149,1074.81,0.3843393870043485,2125.9970352714627,101.00905650725822,22.055423626601993,2549.6148797730807,69.49639463333178,53.78731849798547,0.0,24.450376488682412,1,1702,0.0
2150,1074.815,0.3846375050303252,2124.9033134027172,100.95858744964056,22.055423626601993,2549.6148797730807,69.49638476043478,53.773465130399565,0.0,24.450451241316443,1,1702,0.0
2151,1074.8200000000002,0.38493606502535876,2123.8088816062523,100.90808493036462,22.055423626601993,2549.6148797730807,69.49637488753778,53.75959920475387,0.0,24.45052597475324,1,1702,0.0
2152,1074.825,0.3852350676309202,2122.713740008473,100.85754895349751,22.055423626601993,2549.6148797730807,69.49636501464079,53.74572071294856,0.0,24.450600688975392,1,1702,0.0
2153,1074.8300000000002,0.3855345134892756,2121.6178887372625,100.80697952322492,22.055423626601993,2549.6148797730807,69.49635514174378,53.73182964688543,0.0,24.45067538396547,1,1702,0.0
2154,1074.835,0.3858344032434779,2120.5213279219856,100.75637664368449,22.055423626601993,2549.6148797730807,69.49634526884677,53.71792599846784,0.0,24.450750059706046,1,1702,0.0
2155,1074.8400000000001,0.38613473753737637,2119.4240576934912,100.70574031921733,22.055423626601993,2549.6148797730807,69.49633539594977,53.704009759600794,0.0,24.45082471617966,1,1702,0.0
2156,1074.845,0.38643551701561096,2118.326078184114,100.65507055412004,22.055423626601993,2549.6148797730807,69.49632552305276,53.69008092219092,0.0,24.45089935336886,1,1702,0.0
2157,1074.8500000000001,0.3867367423236165,2117.227389527678,100.6043673528199,22.055423626601993,2549.6148797730807,69.49631565015576,53.6761394781465,0.0,24.45097397125618,1,1702,0.0
2158,1074.855,0.3870384141076191,2116.1279918594996,100.55363071978381,22.055423626601993,2549.6148797730807,69.49630577725875,53.66218541937749,0.0,24.45104856982413,1,1702,0.0
2159,1074.8600000000001,0.38734053301463983,2115.0278853163886,100.50286065954563,22.055423626601993,2549.6148797730807,69.49629590436174,53.6482187377955,0.0,24.451123149055224,1,1702,0.0
2160,1074.865,0.38764309969249633,2113.927070036653,100.45205717672553,22.055423626601993,2549.6148797730807,69.49628603146475,53.63423942531391,0.0,24.45119770893196,1,1702,0.0
2161,1074.8700000000001,0.387946114789799,2112.8255461600997,100.40122027598684,22.055423626601993,2549.6148797730807,69.49627615856775,53.62024747384777,0.0,24.451272249436816,1,1702,0.0
2162,1074.875,0.38824957895595397,2111.723313828041,100.35034996205147,22.055423626601993,2549.6148797730807,69.49626628567074,53.60624287531388,0.0,24.451346770552274,1,1702,0.0
2163,1074.88,0.3885534928411634,2110.6203731832907,100.2994462397582,22.055423626601993,2549.6148797730807,69.49625641277373,53.5922256216308,0.0,24.45142127226079,1,1702,0.0
2164,1074.885,0.3888578570964253,2109.5167243701735,100.24850911395616,22.055423626601993,2549.6148797730807,69.49624653987674,53.57819570471889,0.0,24.45149575454482,1,1702,0.0
2165,1074.89,0.389162672373535,2108.412367534524,100.19753858960426,22.055423626601993,2549.6148797730807,69.49623666697973,53.56415311650024,0.0,24.4515702173868,1,1702,0.0
2166,1074.895,0.389467939325085,2107.307302823689,100.14653467169649,22.055423626601993,2549.6148797730807,69.49622679408273,53.55009784889882,0.0,24.451644660769162,1,1702,0.0
2167,1074.9,0.3897736586044637,2106.2015303865337,100.09549736531461,22.055423626601993,2549.6148797730807,69.49621692118572,53.53602989384037,0.0,24.451719084674323,1,1702,0.0
2168,1074.905,0.3900798308658602,2105.09505037344,100.0444266756168,22.055423626601993,2549.6148797730807,69.49620704828871,53.52194924325251,0.0,24.45179348908469,1,1702,0.0
2169,1074.91,0.3903864567642597,2103.9878629363116,99.99332260777636,22.055423626601993,2549.6148797730807,69.49619717539171,53.5078558890647,0.0,24.451867873982657,1,1702,0.0
2170,1074.915,0.3906935369554462,2102.8799682285785,99.94218516711145,22.055423626601993,2549.6148797730807,69.49618730249472,53.49374982320829,0.0,24.45194223935061,1,1702,0.0
2171,1074.92,0.3910010720960047,2101.7713664051953,99.89101435892739,22.055423626601993,2549.6148797730807,69.49617742959771,53.479631037616535,0.0,24.452016585170924,1,1702,0.0
2172,1074.925,0.3913090628433169,2100.662057622647,99.83981018868893,22.055423626601993,2549.6148797730807,69.49616755670071,53.4654995242246,0.0,24.45209091142595,1,1702,0.0
2173,1074.93,0.39161750985556804,2099.5520420389507,99.78857266183205,22.055423626601993,2549.6148797730807,69.4961576838037,53.451355274969565,0.0,24.452165218098052,1,1702,0.0
2174,1074.935,0.39192641379174015,2098.4413198136604,99.73730178392182,22.055423626601993,2549.6148797730807,69.49614781090669,53.437198281790494,0.0,24.452239505169565,1,1702,0.0
2175,1074.94,0.3922357753116188,2097.3298911078646,99.68599756060509,22.055423626601993,2549.6148797730807,69.4961379380097,53.42302853662839,0.0,24.452313772622812,1,1702,0.0
2176,1074.9450000000002,0.392545595075789,2096.217756084194,99.63465999755384,22.055423626601993,2549.6148797730807,69.4961280651127,53.40884603142625,0.0,24.452388020440115,1,1702,0.0
2177,1074.95,0.39285587374563896,2095.1049149068235,99.58328910052272,22.055423626601993,2549.6148797730807,69.49611819221569,53.394650758129096,0.0,24.45246224860378,1,1702,0.0
2178,1074.9550000000002,0.39316661198335767,2093.9913677414715,99.5318848753196,22.055423626601993,2549.6148797730807,69.49610831931868,53.380442708683944,0.0,24.452536457096098,1,1702,0.0
2179,1074.96,0.3934778104519374,2092.877114755407,99.48044732785813,22.055423626601993,2549.6148797730807,69.49609844642168,53.36622187503986,0.0,24.452610645899355,1,1702,0.0
2180,1074.9650000000001,0.3937894698151723,2091.7621561174487,99.42897646410546,22.055423626601993,2549.6148797730807,69.49608857352467,53.35198824914797,0.0,24.452684814995823,1,1702,0.0
2181,1074.97,0.39410159073765993,2090.6464919979703,99.3774722900975,22.055423626601993,2549.6148797730807,69.49607870062768,53.33774182296149,0.0,24.452758964367764,1,1702,0.0
2182,1074.9750000000001,0.39441417388480243,2089.530122568902,99.32593481191506,22.055423626601993,2549.6148797730807,69.49606882773067,53.323482588435716,0.0,24.45283309399742,1,1702,0.0
2183,1074.98,0.3947272199228049,2088.4130480037334,99.27436403575824,22.055423626601993,2549.6148797730807,69.49605895483366,53.30921053752804,0.0,24.45290720386704,1,1702,0.0
2184,1074.9850000000001,0.3950407295186774,2087.2952684775155,99.22275996784211,22.055423626601993,2549.6148797730807,69.49604908193666,53.294925662198004,0.0,24.452981293958842,1,1702,0.0
2185,1074.99,0.3953547033402344,2086.176784166865,99.17112261450129,22.055423626601993,2549.6148797730807,69.49603920903967,53.28062795440731,0.0,24.45305536425505,1,1702,0.0
2186,1074.9950000000001,0.39566914205609516,2085.0575952499667,99.11945198209696,22.055423626601993,2549.6148797730807,69.49602933614266,53.2663174061198,0.0,24.453129414737866,1,1702,0.0
2187,1075.0,0.39598404633568657,2083.937701906573,99.06774807707397,22.055423626601993,2549.6148797730807,69.49601946324564,53.251994009301534,0.0,24.453203445389487,1,1702,0.0
2188,1075.005,0.39629941684923786,2082.817104318012,99.01601090599418,22.055423626601993,2549.6148797730807,69.49600959034865,53.23765775592073,0.0,24.45327745619209,1,1702,0.0
2189,1075.01,0.39661525426778854,2081.695802667187,98.9642404754223,22.055423626601993,2549.6148797730807,69.49599971745164,53.223308637947866,0.0,24.45335144712785,1,1702,0.0
2190,1075.015,0.3969315592631819,2080.5737971385784,98.91243679200734,22.055423626601993,2549.6148797730807,69.49598984455464,53.208946647355646,0.0,24.453425418178927,1,1702,0.0
2191,1075.02,0.39724833250806946,2079.4510879182476,98.86059986250642,22.055423626601993,2549.6148797730807,69.49597997165765,53.194571776119034,0.0,24.45349936932747,1,1702,0.0
2192,1075.025,0.3975655746759108,2078.3276751938415,98.80872969371211,22.055423626601993,2549.6148797730807,69.49597009876062,53.18018401621526,0.0,24.453573300555618,1,1702,0.0
2193,1075.03,0.3978832864409719,2077.2035591545937,98.75682629249656,22.055423626601993,2549.6148797730807,69.49596022586363,53.165783359623866,0.0,24.453647211845492,1,1702,0.0
2194,1075.035,0.39820146847832655,2076.0787399913243,98.70488966578189,22.055423626601993,2549.6148797730807,69.49595035296663,53.151369798326705,0.0,24.45372110317922,1,1702,0.0
2195,1075.04,0.3985201214638599,2074.9532178964473,98.65291982063624,22.055423626601993,2549.6148797730807,69.49594048006963,53.136943324307936,0.0,24.453794974538894,1,1702,0.0
2196,1075.045,0.39883924607426424,2073.8269930639713,98.60091676411294,22.055423626601993,2549.6148797730807,69.49593060717262,53.12250392955411,0.0,24.453868825906618,1,1702,0.0
2197,1075.05,0.39915884298704035,2072.7000656895016,98.54888050336982,22.055423626601993,2549.6148797730807,69.49592073427561,53.10805160605411,0.0,24.453942657264466,1,1702,0.0
2198,1075.055,0.39947891288050064,2071.5724359702444,98.49681104563028,22.055423626601993,2549.6148797730807,69.49591086137862,53.093586345799224,0.0,24.454016468594514,1,1702,0.0
2199,1075.06,0.3997994564337651,2070.444104105008,98.44470839820667,22.055423626601993,2549.6148797730807,69.49590098848161,53.079108140783134,0.0,24.45409025987882,1,1702,0.0
2200,1075.065,0.4001204743267674,2069.3150702942066,98.39257256847962,22.055423626601993,2549.6148797730807,69.49589111558461,53.064616983001976,0.0,24.454164031099435,1,1702,0.0
2201,1075.0700000000002,0.4004419672402484,2068.185334739863,98.34040356387266,22.055423626601993,2549.6148797730807,69.4958812426876,53.05011286445429,0.0,24.454237782238394,1,1702,0.0
2202,1075.075,0.40076393585576175,2067.054897645609,98.28820139191662,22.055423626601993,2549.6148797730807,69.49587136979059,53.03559577714111,0.0,24.454311513277727,1,1702,0.0
2203,1075.0800000000002,0.40108638085567394,2065.923759216693,98.23596606020122,22.055423626601993,2549.6148797730807,69.4958614968936,53.02106571306593,0.0,24.454385224199445,1,1702,0.0
2204,1075.085,0.4014093029231608,2064.7919196599773,98.18369757636992,22.055423626601993,2549.6148797730807,69.4958516239966,53.006522664234744,0.0,24.45445891498556,1,1702,0.0
2205,1075.0900000000001,0.4017327027422122,2063.659379183946,98.13139594815932,22.055423626601993,2549.6148797730807,69.49584175109959,52.99196662265608,0.0,24.454532585618058,1,1702,0.0
2206,1075.095,0.4020565809976284,2062.526137998701,98.0790611833772,22.055423626601993,2549.6148797730807,69.49583187820258,52.97739758034098,0.0,24.454606236078924,1,1702,0.0
2207,1075.1000000000001,0.4023809383750258,2061.392196315973,98.02669328990866,22.055423626601993,2549.6148797730807,69.49582200530558,52.96281552930306,0.0,24.45467986635013,1,1702,0.0
2208,1075.105,0.4027057755608302,2060.257554349117,97.97429227569309,22.055423626601993,2549.6148797730807,69.49581213240857,52.948220461558506,0.0,24.454753476413632,1,1702,0.0
2209,1075.1100000000001,0.40303109324228337,2059.1222123131192,97.92185814876053,22.055423626601993,2549.6148797730807,69.49580225951158,52.933612369126095,0.0,24.454827066251383,1,1702,0.0
2210,1075.115,0.403356892107441,2057.9861704245986,97.86939091719594,22.055423626601993,2549.6148797730807,69.49579238661457,52.91899124402722,0.0,24.454900635845323,1,1702,0.0
2211,1075.1200000000001,0.40368317284517224,2056.84942890181,97.81689058917821,22.055423626601993,2549.6148797730807,69.49578251371756,52.90435707828589,0.0,24.454974185177374,1,1702,0.0
2212,1075.125,0.4040099361451608,2055.711987964644,97.76435717293596,22.055423626601993,2549.6148797730807,69.49577264082056,52.889709863928786,0.0,24.455047714229455,1,1702,0.0
2213,1075.13,0.40433718269790414,2054.573847834635,97.71179067677912,22.055423626601993,2549.6148797730807,69.49576276792357,52.87504959298525,0.0,24.455121222983465,1,1702,0.0
2214,1075.135,0.4046649131947189,2053.43500873496,97.65919110912894,22.055423626601993,2549.6148797730807,69.49575289502656,52.8603762574873,0.0,24.455194711421306,1,1702,0.0
2215,1075.14,0.4049931283277325,2052.2954708904404,97.60655847841822,22.055423626601993,2549.6148797730807,69.49574302212955,52.845689849469686,0.0,24.455268179524857,1,1702,0.0
2216,1075.145,0.40532182878989187,2051.1552345275495,97.5538927931912,22.055423626601993,2549.6148797730807,69.49573314923255,52.83099036096986,0.0,24.45534162727599,1,1702,0.0
2217,1075.15,0.40565101527495767,2050.0142998744113,97.50119406204361,22.055423626601993,2549.6148797730807,69.49572327633554,52.816277784028024,0.0,24.45541505465656,1,1702,0.0
2218,1075.155,0.4059806884775077,2048.8726671608033,97.44846229368306,22.055423626601993,2549.6148797730807,69.49571340343854,52.80155211068716,0.0,24.455488461648418,1,1702,0.0
2219,1075.16,0.40631084909293846,2047.7303366181607,97.39569749684038,22.055423626601993,2549.6148797730807,69.49570353054155,52.78681333299303,0.0,24.45556184823341,1,1702,0.0
2220,1075.165,0.40664149781746145,2046.5873084795787,97.3428996803625,22.055423626601993,2549.6148797730807,69.49569365764454,52.77206144299417,0.0,24.455635214393354,1,1702,0.0
2221,1075.17,0.4069726353481055,2045.443582979816,97.29006885315218,22.055423626601993,2549.6148797730807,69.49568378474753,52.75729643274198,0.0,24.455708560110068,1,1702,0.0
2222,1075.175,0.40730426238272,2044.2991603552955,97.23720502418405,22.055423626601993,2549.6148797730807,69.49567391185053,52.74251829429068,0.0,24.45578188536536,1,1702,0.0
2223,1075.18,0.4076363796199686,2043.1540408441085,97.18430820251263,22.055423626601993,2549.6148797730807,69.49566403895352,52.727727019697355,0.0,24.455855190141026,1,1702,0.0
2224,1075.185,0.40796898775933677,2042.0082246860163,97.13137839727894,22.055423626601993,2549.6148797730807,69.49565416605653,52.712922601021965,0.0,24.455928474418844,1,1702,0.0
2225,1075.19,0.4083020875011271,2040.8617121224552,97.07841561765231,22.055423626601993,2549.6148797730807,69.49564429315951,52.698105030327376,0.0,24.456001738180586,1,1702,0.0
2226,1075.1950000000002,0.40863567954646074,2039.7145033965367,97.0254198729488,22.055423626601993,2549.6148797730807,69.4956344202625,52.68327429967937,0.0,24.456074981408015,1,1702,0.0
2227,1075.2,0.4089697645972803,2038.566598753052,96.97239117248897,22.055423626601993,2549.6148797730807,69.49562454736551,52.66843040114667,0.0,24.456148204082883,1,1702,0.0
2228,1075.2050000000002,0.40930434335634536,2037.4179984384725,96.91932952573501,22.055423626601993,2549.6148797730807,69.49561467446851,52.65357332680096,0.0,24.456221406186923,1,1702,0.0
2229,1075.21,0.4096394165272366,2036.2687027009558,96.86623494216555,22.055423626601993,2549.6148797730807,69.4956048015715,52.6387030687169,0.0,24.456294587701866,1,1702,0.0
2230,1075.2150000000001,0.40997498481435596,2035.118711790346,96.81310743137877,22.055423626601993,2549.6148797730807,69.49559492867449,52.623819618972135,0.0,24.45636774860943,1,1702,0.0
2231,1075.22,0.410311048922925,2033.9680259581758,96.7599470030016,22.055423626601993,2549.6148797730807,69.4955850557775,52.608922969647345,0.0,24.45644088889132,1,1702,0.0
2232,1075.2250000000001,0.41064760955898566,2032.8166454576724,96.70675366680003,22.055423626601993,2549.6148797730807,69.49557518288049,52.594013112826225,0.0,24.456514008529226,1,1702,0.0
2233,1075.23,0.4109846674294015,2031.6645705437563,96.65352743254891,22.055423626601993,2549.6148797730807,69.49556530998349,52.57909004059556,0.0,24.456587107504838,1,1702,0.0
2234,1075.2350000000001,0.41132222324185824,2030.5118014730474,96.60026831014902,22.055423626601993,2549.6148797730807,69.49555543708648,52.564153745045175,0.0,24.456660185799826,1,1702,0.0
2235,1075.24,0.41166027770486185,2029.3583385038664,96.5469763095316,22.055423626601993,2549.6148797730807,69.49554556418947,52.54920421826802,0.0,24.456733243395853,1,1702,0.0
2236,1075.2450000000001,0.4119988315277413,2028.2041818962364,96.49365144076069,22.055423626601993,2549.6148797730807,69.49553569129247,52.534241452360114,0.0,24.45680628027457,1,1702,0.0
2237,1075.25,0.41233788542064714,2027.0493319118864,96.44029371395459,22.055423626601993,2549.6148797730807,69.49552581839548,52.51926543942067,0.0,24.456879296417615,1,1702,0.0
2238,1075.255,0.4126774400945539,2025.8937888142564,96.38690313926881,22.055423626601993,2549.6148797730807,69.49551594549848,52.504276171552014,0.0,24.456952291806616,1,1702,0.0
2239,1075.26,0.4130174962612567,2024.7375528684947,96.3334797269529,22.055423626601993,2549.6148797730807,69.49550607260147,52.48927364085967,0.0,24.457025266423194,1,1702,0.0
2240,1075.265,0.4133580546333763,2023.5806243414681,96.2800234874008,22.055423626601993,2549.6148797730807,69.49549619970446,52.47425783945233,0.0,24.457098220248955,1,1702,0.0
2241,1075.27,0.41369911592435465,2022.4230035017554,96.22653443099301,22.055423626601993,2549.6148797730807,69.49548632680747,52.459228759441935,0.0,24.45717115326549,1,1702,0.0
2242,1075.275,0.41404068084845824,2021.2646906196594,96.17301256823184,22.055423626601993,2549.6148797730807,69.49547645391046,52.44418639294363,0.0,24.457244065454393,1,1702,0.0
2243,1075.28,0.41438275012077724,2020.1056859672046,96.11945790968069,22.055423626601993,2549.6148797730807,69.49546658101346,52.429130732075826,0.0,24.457316956797232,1,1702,0.0
2244,1075.285,0.4147253244572269,2018.9459898181371,96.0658704660048,22.055423626601993,2549.6148797730807,69.49545670811645,52.41406176896021,0.0,24.45738982727557,1,1702,0.0
2245,1075.29,0.4150684045745462,2017.7856024479358,96.01225024789868,22.055423626601993,2549.6148797730807,69.49544683521944,52.398979495721754,0.0,24.45746267687096,1,1702,0.0
2246,1075.295,0.41541199119029765,2016.6245241338077,95.95859726620198,22.055423626601993,2549.6148797730807,69.49543696232244,52.38388390448877,0.0,24.457535505564945,1,1702,0.0
2247,1075.3,0.41575608502287104,2015.4627551546926,95.90491153175559,22.055423626601993,2549.6148797730807,69.49542708942545,52.36877498739287,0.0,24.457608313339048,1,1702,0.0
2248,1075.305,0.41610068679148027,2014.300295791268,95.85119305556526,22.055423626601993,2549.6148797730807,69.49541721652844,52.35365273656902,0.0,24.457681100174796,1,1702,0.0
2249,1075.31,0.4164457972161642,2013.1371463259484,95.7974418486287,22.055423626601993,2549.6148797730807,69.49540734363143,52.33851714415561,0.0,24.457753866053697,1,1702,0.0
2250,1075.315,0.4167914170177878,2011.9733070428922,95.74365792206582,22.055423626601993,2549.6148797730807,69.49539747073443,52.32336820229436,0.0,24.457826610957245,1,1702,0.0
2251,1075.3200000000002,0.41713754691804245,2010.8087782279983,95.68984128705947,22.055423626601993,2549.6148797730807,69.49538759783742,52.30820590313045,0.0,24.457899334866926,1,1702,0.0
2252,1075.325,0.4174841876394455,2009.643560168916,95.63599195490374,22.055423626601993,2549.6148797730807,69.49537772494043,52.29303023881248,0.0,24.45797203776422,1,1702,0.0
2253,1075.3300000000002,0.4178313399053409,2008.477653155043,95.58210993693525,22.055423626601993,2549.6148797730807,69.49536785204342,52.27784120149249,0.0,24.458044719630582,1,1702,0.0
2254,1075.335,0.4181790044398981,2007.3110574775287,95.52819524456949,22.055423626601993,2549.6148797730807,69.4953579791464,52.26263878332603,0.0,24.458117380447476,1,1702,0.0
2255,1075.3400000000001,0.4185271819681153,2006.1437734292783,95.47424788933112,22.055423626601993,2549.6148797730807,69.49534810624941,52.24742297647212,0.0,24.45819002019634,1,1702,0.0
2256,1075.345,0.4188758732158169,2004.9758013049548,95.42026788279071,22.055423626601993,2549.6148797730807,69.49533823335241,52.2321937730933,0.0,24.458262638858606,1,1702,0.0
2257,1075.3500000000001,0.41922507890965444,2003.807141400981,95.36625523661272,22.055423626601993,2549.6148797730807,69.4953283604554,52.21695116535565,0.0,24.458335236415696,1,1702,0.0
2258,1075.355,0.4195747997771077,2002.6377940155428,95.31220996254355,22.055423626601993,2549.6148797730807,69.4953184875584,52.20169514542881,0.0,24.458407812849018,1,1702,0.0
2259,1075.3600000000001,0.41992503654648405,2001.4677594485931,95.25813207239008,22.055423626601993,2549.6148797730807,69.4953086146614,52.18642570548599,0.0,24.458480368139977,1,1702,0.0
2260,1075.365,0.4202757899469201,2000.2970380018535,95.2040215780594,22.055423626601993,2549.6148797730807,69.49529874176439,52.171142837704,0.0,24.458552902269954,1,1702,0.0
2261,1075.3700000000001,0.4206270607083788,1999.1256299788145,95.14987849154292,22.055423626601993,2549.6148797730807,69.49528886886739,52.155846534263276,0.0,24.458625415220332,1,1702,0.0
2262,1075.375,0.4209788495616531,1997.9535356847434,95.0957028248871,22.055423626601993,2549.6148797730807,69.4952789959704,52.140536787347884,0.0,24.458697906972475,1,1702,0.0
2263,1075.38,0.4213311572383636,1996.780755426683,95.04149459023157,22.055423626601993,2549.6148797730807,69.49526912307337,52.12521358914555,0.0,24.458770377507733,1,1702,0.0
2264,1075.385,0.4216839844709609,1995.6072895134557,94.98725379977404,22.055423626601993,2549.6148797730807,69.49525925017637,52.109876931847694,0.0,24.45884282680746,1,1702,0.0
2265,1075.39,0.42203733199272425,1994.4331382556659,94.93298046584621,22.055423626601993,2549.6148797730807,69.49524937727938,52.09452680764941,0.0,24.458915254852986,1,1702,0.0
2266,1075.395,0.42239120053776336,1993.258301965703,94.87867460080736,22.055423626601993,2549.6148797730807,69.49523950438237,52.07916320874954,0.0,24.458987661625635,1,1702,0.0
2267,1075.4,0.42274559084101554,1992.082780957744,94.82433621710275,22.055423626601993,2549.6148797730807,69.49522963148537,52.06378612735065,0.0,24.45906004710672,1,1702,0.0
2268,1075.405,0.42310050363824947,1990.9065755477563,94.76996532731245,22.055423626601993,2549.6148797730807,69.49521975858836,52.04839555565909,0.0,24.459132411277537,1,1702,0.0
2269,1075.41,0.4234559396660638,1989.7296860535,94.71556194400802,22.055423626601993,2549.6148797730807,69.49520988569135,52.03299148588497,0.0,24.459204754119384,1,1702,0.0
2270,1075.415,0.4238118996618867,1988.5521127945315,94.66112607990836,22.055423626601993,2549.6148797730807,69.49520001279436,52.01757391024221,0.0,24.459277075613535,1,1702,0.0
2271,1075.42,0.42416838436397747,1987.3738560922043,94.60665774780381,22.055423626601993,2549.6148797730807,69.49519013989736,52.00214282094858,0.0,24.45934937574126,1,1702,0.0
2272,1075.425,0.42452539451142624,1986.1949162696742,94.5521569605151,22.055423626601993,2549.6148797730807,69.49518026700035,51.98669821022565,0.0,24.45942165448382,1,1702,0.0
2273,1075.43,0.4248829308441524,1985.015293651901,94.49762373103039,22.055423626601993,2549.6148797730807,69.49517039410334,51.97124007029889,0.0,24.45949391182246,1,1702,0.0
2274,1075.435,0.42524099410290783,1983.8349885656496,94.44305807234781,22.055423626601993,2549.6148797730807,69.49516052120634,51.95576839339766,0.0,24.459566147738414,1,1702,0.0
2275,1075.44,0.4255995850292747,1982.6540013394952,94.38845999756005,22.055423626601993,2549.6148797730807,69.49515064830933,51.940283171755226,0.0,24.459638362212914,1,1702,0.0
2276,1075.4450000000002,0.42595870436566813,1981.4723323038256,94.33382951987006,22.055423626601993,2549.6148797730807,69.49514077541234,51.92478439760876,0.0,24.459710555227176,1,1702,0.0
2277,1075.45,0.42631835285533365,1980.2899817908415,94.27916665252737,22.055423626601993,2549.6148797730807,69.49513090251533,51.90927206319942,0.0,24.459782726762395,1,1702,0.0
2278,1075.4550000000002,0.4266785312423485,1979.1069501345612,94.22447140888985,22.055423626601993,2549.6148797730807,69.49512102961832,51.893746160772295,0.0,24.459854876799767,1,1702,0.0
2279,1075.46,0.42703924027162177,1977.9232376708244,94.16974380238146,22.055423626601993,2549.6148797730807,69.49511115672132,51.878206682576504,0.0,24.459927005320477,1,1702,0.0
2280,1075.4650000000001,0.4274004806888943,1976.7388447372914,94.11498384651635,22.055423626601993,2549.6148797730807,69.49510128382433,51.862653620865174,0.0,24.459999112305695,1,1702,0.0
2281,1075.47,0.4277622532407412,1975.553771673451,94.06019155487978,22.055423626601993,2549.6148797730807,69.49509141092733,51.84708696789545,0.0,24.460071197736582,1,1702,0.0
2282,1075.4750000000001,0.42812455867456783,1974.3680188206172,94.00536694115016,22.055423626601993,2549.6148797730807,69.4950815380303,51.83150671592854,0.0,24.460143261594293,1,1702,0.0
2283,1075.48,0.4284873977386137,1973.181586521935,93.95051001908621,22.055423626601993,2549.6148797730807,69.49507166513331,51.81591285722974,0.0,24.46021530385996,1,1702,0.0
2284,1075.4850000000001,0.4288507711819493,1971.9944751223848,93.89562080250558,22.055423626601993,2549.6148797730807,69.49506179223631,51.80030538406844,0.0,24.460287324514717,1,1702,0.0
2285,1075.49,0.42921467975447974,1970.8066849687823,93.84069930535372,22.055423626601993,2549.6148797730807,69.4950519193393,51.784684288718125,0.0,24.46035932353968,1,1702,0.0
2286,1075.4950000000001,0.4295791242069439,1969.6182164097804,93.78574554161554,22.055423626601993,2549.6148797730807,69.49504204644231,51.76904956345647,0.0,24.460431300915957,1,1702,0.0
2287,1075.5,0.4299441052909108,1968.4290697958772,93.73075952540322,22.055423626601993,2549.6148797730807,69.4950321735453,51.75340120056528,0.0,24.46050325662464,1,1702,0.0
2288,1075.505,0.43030962375878545,1967.239245479411,93.67574127085867,22.055423626601993,2549.6148797730807,69.49502230064829,51.73773919233055,0.0,24.46057519064682,1,1702,0.0
2289,1075.51,0.4306756803638062,1966.0487438145703,93.62069079224047,22.055423626601993,2549.6148797730807,69.49501242775129,51.72206353104247,0.0,24.46064710296357,1,1702,0.0
2290,1075.515,0.4310422758600438,1964.8575651573908,93.56560810389074,22.055423626601993,2549.6148797730807,69.4950025548543,51.706374208995484,0.0,24.460718993555954,1,1702,0.0
2291,1075.52,0.4314094110024047,1963.6657098657631,93.51049322019976,22.055423626601993,2549.6148797730807,69.49499268195729,51.690671218488255,0.0,24.460790862405023,1,1702,0.0
2292,1075.525,0.4317770865466284,1962.4731782994295,93.45534615571117,22.055423626601993,2549.6148797730807,69.49498280906028,51.674954551823724,0.0,24.460862709491824,1,1702,0.0
2293,1075.53,0.432145303249288,1961.279970819993,93.40016692495855,22.055423626601993,2549.6148797730807,69.49497293616328,51.659224201309144,0.0,24.46093453479739,1,1702,0.0
2294,1075.535,0.4325140618677922,1960.0860877909156,93.34495554265878,22.055423626601993,2549.6148797730807,69.49496306326627,51.64348015925605,0.0,24.461006338302738,1,1702,0.0
2295,1075.54,0.43288336316038245,1958.8915295775225,93.28971202353786,22.055423626601993,2549.6148797730807,69.49495319036927,51.62772241798034,0.0,24.46107811998888,1,1702,0.0
2296,1075.545,0.433253207886136,1957.6962965470057,93.23443638242313,22.055423626601993,2549.6148797730807,69.49494331747226,51.61195096980224,0.0,24.461149879836814,1,1702,0.0
2297,1075.55,0.43362359680496537,1956.5003890684238,93.17912863424439,22.055423626601993,2549.6148797730807,69.49493344457525,51.596165807046354,0.0,24.461221617827537,1,1702,0.0
2298,1075.555,0.43399453067761584,1955.3038075127065,93.1237887940013,22.055423626601993,2549.6148797730807,69.49492357167826,51.580366922041726,0.0,24.461293333942017,1,1702,0.0
2299,1075.56,0.4343660102656688,1954.10655225266,93.06841687677644,22.055423626601993,2549.6148797730807,69.49491369878126,51.56455430712178,0.0,24.46136502816123,1,1702,0.0
2300,1075.565,0.43473803633154173,1952.9086236629637,93.01301289774678,22.055423626601993,2549.6148797730807,69.49490382588425,51.54872795462439,0.0,24.461436700466127,1,1702,0.0
2301,1075.5700000000002,0.43511060963848514,1951.710022120179,92.95757687217701,22.055423626601993,2549.6148797730807,69.49489395298724,51.532887856891904,0.0,24.461508350837665,1,1702,0.0
2302,1075.575,0.43548373095058635,1950.510748002747,92.90210881538353,22.055423626601993,2549.6148797730807,69.49488408009024,51.51703400627115,0.0,24.46157997925677,1,1702,0.0
2303,1075.5800000000002,0.4358574010327676,1949.3108016909944,92.84660874280439,22.055423626601993,2549.6148797730807,69.49487420719323,51.50116639511348,0.0,24.46165158570437,1,1702,0.0
2304,1075.585,0.4362316206507867,1948.110183567134,92.79107666996406,22.055423626601993,2549.6148797730807,69.49486433429624,51.485285015774735,0.0,24.46172317016138,1,1702,0.0
2305,1075.5900000000001,0.43660639057123657,1946.90889401527,92.73551261241705,22.055423626601993,2549.6148797730807,69.49485446139924,51.46938986061535,0.0,24.461794732608706,1,1702,0.0
2306,1075.595,0.436981711561547,1945.7069334213986,92.6799165858849,22.055423626601993,2549.6148797730807,69.49484458850222,51.45348092200031,0.0,24.46186627302724,1,1702,0.0
2307,1075.6000000000001,0.43735758438998257,1944.5043021734095,92.6242886060837,22.055423626601993,2549.6148797730807,69.49483471560522,51.437558192299214,0.0,24.46193779139787,1,1702,0.0
2308,1075.605,0.4377340098256445,1943.3010006610937,92.56862868891841,22.055423626601993,2549.6148797730807,69.49482484270823,51.42162166388625,0.0,24.46200928770146,1,1702,0.0
2309,1075.6100000000001,0.43811098863846903,1942.0970292761385,92.51293685028578,22.055423626601993,2549.6148797730807,69.49481496981122,51.40567132914027,0.0,24.46208076191887,1,1702,0.0
2310,1075.615,0.4384885215992292,1940.8923884121386,92.45721310621738,22.055423626601993,2549.6148797730807,69.49480509691422,51.38970718044479,0.0,24.462152214030958,1,1702,0.0
2311,1075.6200000000001,0.4388666094795346,1939.6870784645914,92.40145747281555,22.055423626601993,2549.6148797730807,69.49479522401721,51.373729210187975,0.0,24.462223644018565,1,1702,0.0
2312,1075.625,0.4392452530518303,1938.4810998309038,92.34566996627744,22.055423626601993,2549.6148797730807,69.4947853511202,51.357737410762745,0.0,24.462295051862515,1,1702,0.0
2313,1075.63,0.43962445308939796,1937.2744529103952,92.28985060287256,22.055423626601993,2549.6148797730807,69.4947754782232,51.3417317745667,0.0,24.462366437543633,1,1702,0.0
2314,1075.635,0.4400042103663566,1936.0671381042957,92.23399939896974,22.055423626601993,2549.6148797730807,69.49476560532621,51.32571229400223,0.0,24.462437801042725,1,1702,0.0
2315,1075.64,0.44038452565766006,1934.8591558157564,92.17811637101603,22.055423626601993,2549.6148797730807,69.4947557324292,51.309678961476465,0.0,24.462509142340586,1,1702,0.0
2316,1075.645,0.4407653997390997,1933.6505064498426,92.12220153555235,22.055423626601993,2549.6148797730807,69.49474585953219,51.293631769401344,0.0,24.462580461418007,1,1702,0.0
2317,1075.65,0.4411468333873041,1932.441190413545,92.06625490920926,22.055423626601993,2549.6148797730807,69.49473598663519,51.27757071019363,0.0,24.462651758255763,1,1702,0.0
2318,1075.655,0.4415288273797373,1931.2312081157777,92.01027650866743,22.055423626601993,2549.6148797730807,69.49472611373818,51.261495776274906,0.0,24.462723032834624,1,1702,0.0
2319,1075.66,0.4419113824947012,1930.0205599673825,91.95426635074735,22.055423626601993,2549.6148797730807,69.49471624084119,51.24540696007163,0.0,24.46279428513534,1,1702,0.0
2320,1075.665,0.442294499511334,1928.8092463811286,91.89822445231192,22.055423626601993,2549.6148797730807,69.49470636794418,51.22930425401513,0.0,24.462865515138663,1,1702,0.0
2321,1075.67,0.4426781792096114,1927.5972677717202,91.84215083034924,22.055423626601993,2549.6148797730807,69.49469649504717,51.21318765054167,0.0,24.462936722825326,1,1702,0.0
2322,1075.675,0.4430624223703453,1926.384624555796,91.78604550190899,22.055423626601993,2549.6148797730807,69.49468662215017,51.197057142092405,0.0,24.463007908176053,1,1702,0.0
2323,1075.68,0.44344722977518486,1925.171317151932,91.72990848412067,22.055423626601993,2549.6148797730807,69.49467674925317,51.18091272111346,0.0,24.463079071171556,1,1702,0.0
2324,1075.685,0.44383260220661636,1923.9573459806445,91.6737397942293,22.055423626601993,2549.6148797730807,69.49466687635618,51.164754380055925,0.0,24.463150211792538,1,1702,0.0
2325,1075.69,0.44421854044796333,1922.7427114643936,91.61753944955696,22.055423626601993,2549.6148797730807,69.49465700345915,51.148582111375894,0.0,24.463221330019696,1,1702,0.0
2326,1075.6950000000002,0.4446050452833866,1921.5274140275837,91.56130746748829,22.055423626601993,2549.6148797730807,69.49464713056216,51.13239590753447,0.0,24.463292425833707,1,1702,0.0
2327,1075.7,0.44499211749788403,1920.3114540965687,91.50504386554437,22.055423626601993,2549.6148797730807,69.49463725766516,51.116195760997805,0.0,24.463363499215244,1,1702,0.0
2328,1075.7050000000002,0.44537975787729067,1919.0948320996526,91.4487486612777,22.055423626601993,2549.6148797730807,69.49462738476815,51.0999816642371,0.0,24.46343455014497,1,1702,0.0
2329,1075.71,0.44576796720827827,1917.8775484670932,91.3924218723726,22.055423626601993,2549.6148797730807,69.49461751187116,51.08375360972866,0.0,24.463505578603538,1,1702,0.0
2330,1075.7150000000001,0.4461567462783572,1916.6596036311057,91.33606351658034,22.055423626601993,2549.6148797730807,69.49460763897414,51.06751158995388,0.0,24.463576584571584,1,1702,0.0
2331,1075.72,0.44654609587587396,1915.4409980258617,91.27967361176326,22.055423626601993,2549.6148797730807,69.49459776607713,51.051255597399305,0.0,24.463647568029742,1,1702,0.0
2332,1075.7250000000001,0.4469360167900131,1914.2217320874968,91.22325217581118,22.055423626601993,2549.6148797730807,69.49458789318014,51.034985624556626,0.0,24.46371852895863,1,1702,0.0
2333,1075.73,0.44732650981079597,1913.0018062541096,91.1667992267987,22.055423626601993,2549.6148797730807,69.49457802028314,51.0187016639227,0.0,24.463789467338856,1,1702,0.0
2334,1075.7350000000001,0.4477175757290826,1911.7812209657643,91.11031478278983,22.055423626601993,2549.6148797730807,69.49456814738613,51.002403707999584,0.0,24.463860383151015,1,1702,0.0
2335,1075.74,0.4481092153365685,1910.559976664497,91.0537988620057,22.055423626601993,2549.6148797730807,69.49455827448912,50.98609174929457,0.0,24.4639312763757,1,1702,0.0
2336,1075.7450000000001,0.44850142942578825,1909.3380737943123,90.99725148274476,22.055423626601993,2549.6148797730807,69.49454840159213,50.96976578032019,0.0,24.464002146993487,1,1702,0.0
2337,1075.75,0.44889421879011276,1908.1155128011935,90.94067266335443,22.055423626601993,2549.6148797730807,69.49453852869512,50.95342579359425,0.0,24.46407299498495,1,1702,0.0
2338,1075.755,0.44928758422375126,1906.892294133098,90.88406242231643,22.055423626601993,2549.6148797730807,69.49452865579812,50.937071781639816,0.0,24.464143820330634,1,1702,0.0
2339,1075.76,0.44968152652174975,1905.6684182399647,90.82742077819586,22.055423626601993,2549.6148797730807,69.49451878290111,50.9207037369853,0.0,24.46421462301109,1,1702,0.0
2340,1075.765,0.4500760464799923,1904.4438855737135,90.77074774961378,22.055423626601993,2549.6148797730807,69.4945089100041,50.90432165216444,0.0,24.46428540300686,1,1702,0.0
2341,1075.77,0.4504711448952,1903.2186965882506,90.71404335529664,22.055423626601993,2549.6148797730807,69.4944990371071,50.88792551971633,0.0,24.46435616029846,1,1702,0.0
2342,1075.775,0.45086682256493055,1901.9928517394706,90.65730761408314,22.055423626601993,2549.6148797730807,69.49448916421011,50.87151533218546,0.0,24.464426894866413,1,1702,0.0
2343,1075.78,0.4512630802875812,1900.7663514852559,90.60054054490283,22.055423626601993,2549.6148797730807,69.4944792913131,50.85509108212169,0.0,24.46449760669122,1,1702,0.0
2344,1075.785,0.4516599188623846,1899.5391962854837,90.54374216671815,22.055423626601993,2549.6148797730807,69.49446941841609,50.83865276208035,0.0,24.46456829575338,1,1702,0.0
2345,1075.79,0.45205733908941137,1898.3113866020271,90.48691249865205,22.055423626601993,2549.6148797730807,69.49445954551909,50.8222003646222,0.0,24.464638962033373,1,1702,0.0
2346,1075.795,0.45245534176957053,1897.082922898756,90.43005155987991,22.055423626601993,2549.6148797730807,69.49444967262208,50.80573388231347,0.0,24.464709605511676,1,1702,0.0
2347,1075.8,0.45285392770460675,1895.8538056415412,90.37315936965133,22.055423626601993,2549.6148797730807,69.49443979972509,50.78925330772589,0.0,24.464780226168745,1,1702,0.0
2348,1075.805,0.4532530976971031,1894.624035298258,90.31623594735316,22.055423626601993,2549.6148797730807,69.49442992682808,50.77275863343673,0.0,24.464850823985042,1,1702,0.0
2349,1075.81,0.45365285255048,1893.393612338786,90.25928131242476,22.055423626601993,2549.6148797730807,69.49442005393107,50.75624985202878,0.0,24.46492139894101,1,1702,0.0
2350,1075.815,0.45405319306899444,1892.1625372350147,90.20229548441803,22.055423626601993,2549.6148797730807,69.49441018103407,50.7397269560904,0.0,24.464991951017073,1,1702,0.0
2351,1075.8200000000002,0.4544541200577417,1890.930810460844,90.1452784829514,22.055423626601993,2549.6148797730807,69.49440030813707,50.72318993821556,0.0,24.46506248019366,1,1702,0.0
2352,1075.825,0.45485563432265214,1889.6984324921882,90.08823032776085,22.055423626601993,2549.6148797730807,69.49439043524006,50.70663879100382,0.0,24.46513298645118,1,1702,0.0
2353,1075.8300000000002,0.4552577366704957,1888.4654038069768,90.03115103866124,22.055423626601993,2549.6148797730807,69.49438056234307,50.69007350706038,0.0,24.46520346977004,1,1702,0.0
2354,1075.835,0.45566042790887873,1887.2317248851598,89.97404063555727,22.055423626601993,2549.6148797730807,69.49437068944606,50.67349407899612,0.0,24.465273930130625,1,1702,0.0
2355,1075.8400000000001,0.45606370884624314,1885.9973962087067,89.91689913842765,22.055423626601993,2549.6148797730807,69.49436081654905,50.65690049942759,0.0,24.465344367513318,1,1702,0.0
2356,1075.845,0.4564675802918698,1884.7624182616128,89.85972656739357,22.055423626601993,2549.6148797730807,69.49435094365205,50.64029276097704,0.0,24.46541478189849,1,1702,0.0
2357,1075.8500000000001,0.4568720430558755,1883.5267915299003,89.80252294260957,22.055423626601993,2549.6148797730807,69.49434107075506,50.62367085627246,0.0,24.465485173266504,1,1702,0.0
2358,1075.855,0.45727709794921373,1882.2905165016182,89.74528828435058,22.055423626601993,2549.6148797730807,69.49433119785805,50.60703477794759,0.0,24.465555541597706,1,1702,0.0
2359,1075.8600000000001,0.45768274578367524,1881.053593666849,89.68802261299747,22.055423626601993,2549.6148797730807,69.49432132496104,50.590384518641955,0.0,24.465625886872438,1,1702,0.0
2360,1075.865,0.45808898737188714,1879.8160235177108,89.63072594896947,22.055423626601993,2549.6148797730807,69.49431145206404,50.57372007100087,0.0,24.465696209071034,1,1702,0.0
2361,1075.8700000000001,0.45849582352731416,1878.5778065483564,89.5733983128456,22.055423626601993,2549.6148797730807,69.49430157916703,50.55704142767547,0.0,24.465766508173807,1,1702,0.0
2362,1075.875,0.4589032550642561,1877.3389432549795,89.51603972524953,22.055423626601993,2549.6148797730807,69.49429170627003,50.54034858132277,0.0,24.465836784161066,1,1702,0.0
2363,1075.88,0.4593112827978501,1876.0994341358153,89.45865020690506,22.055423626601993,2549.6148797730807,69.49428183337302,50.52364152460562,0.0,24.465907037013114,1,1702,0.0
2364,1075.885,0.45971990754407077,1874.8592796911444,89.40122977865137,22.055423626601993,2549.6148797730807,69.49427196047601,50.506920250192785,0.0,24.465977266710237,1,1702,0.0
2365,1075.89,0.46012913011972634,1873.6184804232937,89.34377846137946,22.055423626601993,2549.6148797730807,69.49426208757902,50.490184750758935,0.0,24.46604747323272,1,1702,0.0
2366,1075.895,0.46053895134246425,1872.3770368366413,89.28629627612348,22.055423626601993,2549.6148797730807,69.49425221468202,50.4734350189847,0.0,24.466117656560822,1,1702,0.0
2367,1075.9,0.4609493720307665,1871.1349494376157,89.22878324395505,22.055423626601993,2549.6148797730807,69.49424234178501,50.45667104755667,0.0,24.466187816674807,1,1702,0.0
2368,1075.905,0.46136039300395115,1869.892218734702,89.1712393860873,22.055423626601993,2549.6148797730807,69.494232468888,50.439892829167405,0.0,24.466257953554923,1,1702,0.0
2369,1075.91,0.4617720150821727,1868.648845238442,89.11366472379167,22.055423626601993,2549.6148797730807,69.494222595991,50.42310035651551,0.0,24.466328067181408,1,1702,0.0
2370,1075.915,0.4621842390864217,1867.404829461438,89.05605927846818,22.055423626601993,2549.6148797730807,69.49421272309401,50.40629362230562,0.0,24.46639815753449,1,1702,0.0
2371,1075.92,0.4625970658385239,1866.1601719183543,88.99842307155869,22.055423626601993,2549.6148797730807,69.494202850197,50.389472619248416,0.0,24.46646822459438,1,1702,0.0
2372,1075.925,0.46301049616114076,1864.9148731259215,88.94075612464897,22.055423626601993,2549.6148797730807,69.4941929773,50.37263734006068,0.0,24.466538268341296,1,1702,0.0
2373,1075.93,0.46342453087776986,1863.6689336029365,88.88305845939297,22.055423626601993,2549.6148797730807,69.49418310440299,50.355787777465295,0.0,24.466608288755427,1,1702,0.0
2374,1075.935,0.46383917081274356,1862.422353870267,88.82533009753493,22.055423626601993,2549.6148797730807,69.49417323150598,50.338923924191285,0.0,24.466678285816965,1,1702,0.0
2375,1075.94,0.46425441679122964,1861.1751344508532,88.76757106090045,22.055423626601993,2549.6148797730807,69.49416335860899,50.32204577297382,0.0,24.466748259506087,1,1702,0.0
2376,1075.9450000000002,0.4646702696392318,1859.927275869711,88.7097813714702,22.055423626601993,2549.6148797730807,69.49415348571199,50.30515331655426,0.0,24.466818209802955,1,1702,0.0
2377,1075.95,0.4650867301835876,1858.6787786539342,88.65196105124251,22.055423626601993,2549.6148797730807,69.49414361281498,50.288246547680174,0.0,24.466888136687732,1,1702,0.0
2378,1075.9550000000002,0.4655037992519705,1857.4296433326979,88.59411012236116,22.055423626601993,2549.6148797730807,69.49413373991797,50.27132545910535,0.0,24.46695804014056,1,1702,0.0
2379,1075.96,0.4659214776728888,1856.1798704372575,88.53622860704562,22.055423626601993,2549.6148797730807,69.49412386702097,50.25439004358983,0.0,24.467027920141582,1,1702,0.0
2380,1075.9650000000001,0.4663397662756842,1854.9294605009563,88.478316527588,22.055423626601993,2549.6148797730807,69.49411399412396,50.237440293899944,0.0,24.46709777667092,1,1702,0.0
2381,1075.97,0.46675866589053416,1853.6784140592238,88.42037390642435,22.055423626601993,2549.6148797730807,69.49410412122697,50.220476202808314,0.0,24.467167609708692,1,1702,0.0
2382,1075.9750000000001,0.46717817734844996,1852.4267316495814,88.36240076604334,22.055423626601993,2549.6148797730807,69.49409424832996,50.20349776309389,0.0,24.467237419234998,1,1702,0.0
2383,1075.98,0.4675983014812777,1851.174413811643,88.30439712904546,22.055423626601993,2549.6148797730807,69.49408437543295,50.18650496754198,0.0,24.467307205229943,1,1702,0.0
2384,1075.9850000000001,0.4680190391216968,1849.9214610871177,88.24636301810582,22.055423626601993,2549.6148797730807,69.49407450253595,50.16949780894425,0.0,24.467376967673612,1,1702,0.0
2385,1075.99,0.4684403911032214,1848.6678740198124,88.18829845602716,22.055423626601993,2549.6148797730807,69.49406462963896,50.152476280098774,0.0,24.467446706546077,1,1702,0.0
2386,1075.9950000000001,0.468862358260198,1847.4136531556362,88.13020346570697,22.055423626601993,2549.6148797730807,69.49405475674195,50.135440373810056,0.0,24.46751642182741,1,1702,0.0
2387,1076.0,0.46928494142780824,1846.158799042599,88.0720780700907,22.055423626601993,2549.6148797730807,69.49404488384494,50.11839008288903,0.0,24.46758611349766,1,1702,0.0
2388,1076.005,0.46970814144206674,1844.9033122308178,88.01392229226208,22.055423626601993,2549.6148797730807,69.49403501094794,50.101325400153115,0.0,24.467655781536884,1,1702,0.0
2389,1076.01,0.4701319591398204,1843.6471932725162,87.9557361553887,22.055423626601993,2549.6148797730807,69.49402513805093,50.08424631842623,0.0,24.46772542592511,1,1702,0.0
2390,1076.015,0.47055639535874993,1842.3904427220316,87.8975196827352,22.055423626601993,2549.6148797730807,69.49401526515393,50.067152830538795,0.0,24.467795046642365,1,1702,0.0
2391,1076.02,0.47098145093737004,1841.1330611358103,87.839272897646,22.055423626601993,2549.6148797730807,69.49400539225692,50.05004492932778,0.0,24.46786464366867,1,1702,0.0
2392,1076.025,0.47140712671502655,1839.8750490724167,87.78099582359286,22.055423626601993,2549.6148797730807,69.49399551935991,50.03292260763674,0.0,24.467934216984027,1,1702,0.0
2393,1076.03,0.4718334235318978,1838.616407092532,87.72268848410354,22.055423626601993,2549.6148797730807,69.49398564646292,50.015785858315816,0.0,24.468003766568433,1,1702,0.0
2394,1076.035,0.4722603422289957,1837.3571357589594,87.66435090283827,22.055423626601993,2549.6148797730807,69.49397577356592,49.998634674221755,0.0,24.468073292401876,1,1702,0.0
2395,1076.04,0.47268788364816344,1836.0972356366242,87.60598310354013,22.055423626601993,2549.6148797730807,69.49396590066891,49.98146904821796,0.0,24.46814279446433,1,1702,0.0
2396,1076.045,0.4731160486320761,1834.836707292577,87.5475851100227,22.055423626601993,2549.6148797730807,69.4939560277719,49.9642889731745,0.0,24.468212272735766,1,1702,0.0
2397,1076.05,0.4735448380242414,1833.5755512959965,87.48915694624456,22.055423626601993,2549.6148797730807,69.4939461548749,49.94709444196812,0.0,24.468281727196135,1,1702,0.0
2398,1076.055,0.47397425266899723,1832.313768218192,87.43069863622313,22.055423626601993,2549.6148797730807,69.4939362819779,49.929885447482306,0.0,24.46835115782539,1,1702,0.0
2399,1076.06,0.4744042934115139,1831.0513586326065,87.37221020407964,22.055423626601993,2549.6148797730807,69.4939264090809,49.912661982607254,0.0,24.468420564603463,1,1702,0.0
2400,1076.065,0.47483496109779244,1829.7883231148166,87.31369167405116,22.055423626601993,2549.6148797730807,69.4939165361839,49.895424040239966,0.0,24.46848994751028,1,1702,0.0
2401,1076.0700000000002,0.4752662565746651,1828.5246622425382,87.25514307043314,22.055423626601993,2549.6148797730807,69.4939066632869,49.8781716132842,0.0,24.468559306525762,1,1702,0.0
2402,1076.075,0.4756981806897943,1827.2603765956276,87.19656441765527,22.055423626601993,2549.6148797730807,69.49389679038988,49.86090469465054,0.0,24.468628641629813,1,1702,0.0
2403,1076.0800000000002,0.476130734291673,1825.9954667560828,87.13795574023446,22.055423626601993,2549.6148797730807,69.49388691749289,49.84362327725643,0.0,24.468697952802334,1,1702,0.0
2404,1076.085,0.4765639182296249,1824.7299333080482,87.07931706276077,22.055423626601993,2549.6148797730807,69.49387704459588,49.82632735402613,0.0,24.46876724002321,1,1702,0.0
2405,1076.0900000000001,0.4769977333538033,1823.4637768378145,87.02064840996285,22.055423626601993,2549.6148797730807,69.49386717169888,49.80901691789084,0.0,24.46883650327232,1,1702,0.0
2406,1076.095,0.4774321805151917,1822.196997933825,86.9619498066392,22.055423626601993,2549.6148797730807,69.49385729880187,49.791691961788636,0.0,24.468905742529532,1,1702,0.0
2407,1076.1000000000001,0.4778672605656024,1820.9295971866723,86.90322127768228,22.055423626601993,2549.6148797730807,69.49384742590486,49.774352478664575,0.0,24.4689749577747,1,1702,0.0
2408,1076.105,0.47830297435767716,1819.6615751891072,86.84446284807872,22.055423626601993,2549.6148797730807,69.49383755300786,49.75699846147063,0.0,24.46904414898768,1,1702,0.0
2409,1076.1100000000001,0.4787393227448873,1818.392932536036,86.78567454296697,22.055423626601993,2549.6148797730807,69.49382768011087,49.7396299031658,0.0,24.469113316148302,1,1702,0.0
2410,1076.115,0.47917630658153293,1817.1236698245255,86.72685638748737,22.055423626601993,2549.6148797730807,69.49381780721386,49.72224679671608,0.0,24.469182459236396,1,1702,0.0
2411,1076.1200000000001,0.47961392672274183,1815.8537876538055,86.66800840697465,22.055423626601993,2549.6148797730807,69.49380793431685,49.70484913509451,0.0,24.46925157823178,1,1702,0.0
2412,1076.125,0.48005218402447086,1814.5832866252692,86.60913062679013,22.055423626601993,2549.6148797730807,69.49379806141985,49.68743691128119,0.0,24.46932067311427,1,1702,0.0
2413,1076.13,0.48049107934350505,1813.3121673424785,86.55022307242918,22.055423626601993,2549.6148797730807,69.49378818852286,49.67001011826331,0.0,24.46938974386366,1,1702,0.0
2414,1076.135,0.4809306135374558,1812.0404304111642,86.49128576948787,22.055423626601993,2549.6148797730807,69.49377831562585,49.65256874903518,0.0,24.46945879045974,1,1702,0.0
2415,1076.14,0.48137078746476375,1810.7680764392287,86.43231874363993,22.055423626601993,2549.6148797730807,69.49376844272884,49.63511279659824,0.0,24.469527812882287,1,1702,0.0
2416,1076.145,0.4818116019846955,1809.49510603675,86.3733220206699,22.055423626601993,2549.6148797730807,69.49375856983184,49.61764225396111,0.0,24.469596811111074,1,1702,0.0
2417,1076.15,0.4822530579573455,1808.2215198159831,86.31429562646413,22.055423626601993,2549.6148797730807,69.49374869693483,49.60015711413958,0.0,24.46966578512586,1,1702,0.0
2418,1076.155,0.4826951562436341,1806.947318391361,86.25523958698942,22.055423626601993,2549.6148797730807,69.49373882403783,49.582657370156646,0.0,24.469734734906393,1,1702,0.0
2419,1076.16,0.48313789770530774,1805.672502379499,86.19615392833055,22.055423626601993,2549.6148797730807,69.49372895114084,49.56514301504258,0.0,24.46980366043242,1,1702,0.0
2420,1076.165,0.4835812832049404,1804.3970723991974,86.1370386766753,22.055423626601993,2549.6148797730807,69.49371907824383,49.5476140418349,0.0,24.46987256168367,1,1702,0.0
2421,1076.17,0.4840253136059301,1803.1210290714416,86.07789385828214,22.055423626601993,2549.6148797730807,69.49370920534682,49.530070443578396,0.0,24.469941438639857,1,1702,0.0
2422,1076.175,0.48446998977250105,1801.844373019407,86.01871949953333,22.055423626601993,2549.6148797730807,69.49369933244982,49.512512213325216,0.0,24.470010291280698,1,1702,0.0
2423,1076.18,0.4849153125697029,1800.5671048684605,85.95951562690627,22.055423626601993,2549.6148797730807,69.49368945955281,49.4949393441348,0.0,24.4700791195859,1,1702,0.0
2424,1076.185,0.4853612828634102,1799.2892252461613,85.90028226697237,22.055423626601993,2549.6148797730807,69.49367958665582,49.47735182907399,0.0,24.47014792353515,1,1702,0.0
2425,1076.19,0.48580790152032105,1798.0107347822661,85.84101944641299,22.055423626601993,2549.6148797730807,69.4936697137588,49.459749661217,0.0,24.470216703108132,1,1702,0.0
2426,1076.1950000000002,0.48625516940795865,1796.7316341087294,85.78172719199014,22.055423626601993,2549.6148797730807,69.4936598408618,49.44213283364549,0.0,24.470285458284515,1,1702,0.0
2427,1076.2,0.4867030873946705,1795.4519238597072,85.72240553057445,22.055423626601993,2549.6148797730807,69.4936499679648,49.42450133944851,0.0,24.470354189043967,1,1702,0.0
2428,1076.2050000000002,0.48715165634962654,1794.1716046715587,85.6630544891397,22.055423626601993,2549.6148797730807,69.4936400950678,49.406855171722626,0.0,24.470422895366138,1,1702,0.0
2429,1076.21,0.48760087714282063,1792.8906771828476,85.60367409477387,22.055423626601993,2549.6148797730807,69.4936302221708,49.38919432357187,0.0,24.47049157723067,1,1702,0.0
2430,1076.2150000000001,0.4880507506450692,1791.609142034346,85.54426437462986,22.055423626601993,2549.6148797730807,69.49362034927378,49.371518788107814,0.0,24.47056023461721,1,1702,0.0
2431,1076.22,0.48850127772801205,1790.3269998690375,85.48482535598585,22.055423626601993,2549.6148797730807,69.49361047637679,49.35382855844956,0.0,24.470628867505372,1,1702,0.0
2432,1076.2250000000001,0.4889524592641103,1789.0442513321175,85.42535706622604,22.055423626601993,2549.6148797730807,69.49360060347978,49.336123627723765,0.0,24.470697475874772,1,1702,0.0
2433,1076.23,0.489404296126648,1787.7608970709966,85.3658595328104,22.055423626601993,2549.6148797730807,69.49359073058278,49.31840398906472,0.0,24.470766059705017,1,1702,0.0
2434,1076.2350000000001,0.489856789189729,1786.4769377353023,85.30633278330653,22.055423626601993,2549.6148797730807,69.49358085768577,49.30066963561432,0.0,24.470834618975708,1,1702,0.0
2435,1076.24,0.4903099393282804,1785.1923739768831,85.24677684541146,22.055423626601993,2549.6148797730807,69.49357098478876,49.28292056052208,0.0,24.470903153666423,1,1702,0.0
2436,1076.2450000000001,0.49076374741804846,1783.9072064498084,85.18719174688557,22.055423626601993,2549.6148797730807,69.49356111189176,49.265156756945224,0.0,24.470971663756742,1,1702,0.0
2437,1076.25,0.4912182143356016,1782.6214358103728,85.1275775155903,22.055423626601993,2549.6148797730807,69.49355123899477,49.24737821804866,0.0,24.471040149226237,1,1702,0.0
2438,1076.255,0.4916733409583266,1781.3350627170978,85.06793417953314,22.055423626601993,2549.6148797730807,69.49354136609776,49.229584937005015,0.0,24.471108610054465,1,1702,0.0
2439,1076.26,0.49212912816443105,1780.0480878307335,85.00826176676719,22.055423626601993,2549.6148797730807,69.49353149320075,49.21177690699468,0.0,24.471177046220973,1,1702,0.0
2440,1076.265,0.4925855768329422,1778.7605118142617,84.94856030548216,22.055423626601993,2549.6148797730807,69.49352162030375,49.193954121205806,0.0,24.471245457705294,1,1702,0.0
2441,1076.27,0.49304268784370525,1777.472335332898,84.8888298239581,22.055423626601993,2549.6148797730807,69.49351174740674,49.17611657283434,0.0,24.471313844486964,1,1702,0.0
2442,1076.275,0.49350046207738446,1776.1835590540938,84.82907035057953,22.055423626601993,2549.6148797730807,69.49350187450975,49.158264255084084,0.0,24.471382206545506,1,1702,0.0
2443,1076.28,0.49395890041546286,1774.8941836475394,84.76928191382083,22.055423626601993,2549.6148797730807,69.49349200161275,49.14039716116667,0.0,24.471450543860424,1,1702,0.0
2444,1076.285,0.49441800374024003,1773.6042097851669,84.70946454225529,22.055423626601993,2549.6148797730807,69.49348212871573,49.122515284301606,0.0,24.471518856411222,1,1702,0.0
2445,1076.29,0.4948777729348348,1772.313638141148,84.64961826460883,22.055423626601993,2549.6148797730807,69.49347225581873,49.10461861771632,0.0,24.47158714417739,1,1702,0.0
2446,1076.295,0.4953382088831813,1771.0224693919033,84.5897431096377,22.055423626601993,2549.6148797730807,69.49346238292173,49.086707154646156,0.0,24.471655407138414,1,1702,0.0
2447,1076.3,0.4957993124700316,1769.7307042161003,84.52983910624486,22.055423626601993,2549.6148797730807,69.49345251002472,49.06878088833442,0.0,24.471723645273762,1,1702,0.0
2448,1076.305,0.4962610845809528,1768.438343294655,84.46990628340681,22.055423626601993,2549.6148797730807,69.49344263712773,49.05083981203242,0.0,24.471791858562902,1,1702,0.0
2449,1076.31,0.4967235261023297,1767.145387310737,84.40994467023206,22.055423626601993,2549.6148797730807,69.49343276423072,49.03288391899943,0.0,24.471860046985288,1,1702,0.0
2450,1076.315,0.4971866379213597,1765.8518369497704,84.3499542959166,22.055423626601993,2549.6148797730807,69.49342289133371,49.0149132025028,0.0,24.471928210520364,1,1702,0.0
2451,1076.3200000000002,0.49765042092605766,1764.557692899435,84.28993518975776,22.055423626601993,2549.6148797730807,69.49341301843671,48.99692765581791,0.0,24.47199634914756,1,1702,0.0
2452,1076.325,0.4981148760052516,1763.2629558496715,84.22988738115401,22.055423626601993,2549.6148797730807,69.49340314553972,48.97892727222825,0.0,24.472064462846305,1,1702,0.0
2453,1076.3300000000002,0.4985800040485845,1761.9676264926807,84.16981089961398,22.055423626601993,2549.6148797730807,69.4933932726427,48.960912045025395,0.0,24.47213255159602,1,1702,0.0
2454,1076.335,0.4990458059465128,1760.6717055229267,84.1097057747504,22.055423626601993,2549.6148797730807,69.4933833997457,48.942881967509095,0.0,24.472200615376106,1,1702,0.0
2455,1076.3400000000001,0.4995122825903056,1759.375193637141,84.0495720362571,22.055423626601993,2549.6148797730807,69.4933735268487,48.92483703298724,0.0,24.472268654165966,1,1702,0.0
2456,1076.345,0.4999794348720449,1758.0780915343228,83.98940971395855,22.055423626601993,2549.6148797730807,69.4933636539517,48.90677723477591,0.0,24.472336667944983,1,1702,0.0
2457,1076.3500000000001,0.5004472636846263,1756.780399915741,83.92921883776374,22.055423626601993,2549.6148797730807,69.4933537810547,48.88870256619941,0.0,24.47240465669254,1,1702,0.0
2458,1076.355,0.5009157699217566,1755.4821194849376,83.86899943770206,22.055423626601993,2549.6148797730807,69.49334390815768,48.8706130205903,0.0,24.472472620388007,1,1702,0.0
2459,1076.3600000000001,0.5013849544779525,1754.18325094773,83.80875154388657,22.055423626601993,2549.6148797730807,69.49333403526069,48.85250859128938,0.0,24.47254055901075,1,1702,0.0
2460,1076.365,0.5018548182485436,1752.8837950122122,83.74847518655339,22.055423626601993,2549.6148797730807,69.49332416236368,48.83438927164576,0.0,24.472608472540106,1,1702,0.0
2461,1076.3700000000001,0.5023253621296703,1751.583752388758,83.68817039602489,22.055423626601993,2549.6148797730807,69.49331428946668,48.8162550550169,0.0,24.472676360955425,1,1702,0.0
2462,1076.375,0.5027965870182813,1750.2831237900234,83.62783720272873,22.055423626601993,2549.6148797730807,69.49330441656969,48.79810593476857,0.0,24.472744224236045,1,1702,0.0
2463,1076.38,0.503268493812136,1748.9819099309475,83.56747563719524,22.055423626601993,2549.6148797730807,69.49329454367266,48.77994190427493,0.0,24.472812062361278,1,1702,0.0
2464,1076.385,0.5037410834098028,1747.6801115287558,83.50708573009763,22.055423626601993,2549.6148797730807,69.49328467077567,48.76176295691854,0.0,24.472879875310447,1,1702,0.0
2465,1076.39,0.504214356710659,1746.3777293029625,83.44666751214727,22.055423626601993,2549.6148797730807,69.49327479787867,48.74356908609039,0.0,24.472947663062858,1,1702,0.0
2466,1076.395,0.5046883146148887,1745.074763975372,83.38622101421686,22.055423626601993,2549.6148797730807,69.49326492498166,48.72536028518993,0.0,24.4730154255978,1,1702,0.0
2467,1076.4,0.5051629580234855,1743.7712162700814,83.32574626722459,22.055423626601993,2549.6148797730807,69.49325505208466,48.70713654762507,0.0,24.473083162894568,1,1702,0.0
2468,1076.405,0.5056382878382483,1742.4670869134834,83.26524330226844,22.055423626601993,2549.6148797730807,69.49324517918765,48.688897866812255,0.0,24.473150874932433,1,1702,0.0
2469,1076.41,0.5061143049617841,1741.162376634267,83.20471215049099,22.055423626601993,2549.6148797730807,69.49323530629064,48.67064423617644,0.0,24.473218561690665,1,1702,0.0
2470,1076.415,0.5065910102975058,1739.857086163422,83.14415284315594,22.055423626601993,2549.6148797730807,69.49322543339365,48.65237564915116,0.0,24.473286223148524,1,1702,0.0
2471,1076.42,0.5070684047496304,1738.5512162342393,83.08356541163256,22.055423626601993,2549.6148797730807,69.49321556049665,48.634092099178524,0.0,24.47335385928526,1,1702,0.0
2472,1076.425,0.5075464892231828,1737.244767582313,83.02294988739635,22.055423626601993,2549.6148797730807,69.49320568759964,48.615793579709255,0.0,24.473421470080115,1,1702,0.0
2473,1076.43,0.5080252646239893,1735.9377409455435,82.9623063020268,22.055423626601993,2549.6148797730807,69.49319581470263,48.59748008420273,0.0,24.473489055512317,1,1702,0.0
2474,1076.435,0.5085047318586831,1734.6301370641406,82.90163468722656,22.055423626601993,2549.6148797730807,69.49318594180563,48.57915160612697,0.0,24.47355661556109,1,1702,0.0
2475,1076.44,0.5089848918346986,1733.3219566806222,82.84093507476707,22.055423626601993,2549.6148797730807,69.49317606890862,48.56080813895871,0.0,24.47362415020565,1,1702,0.0
2476,1076.4450000000002,0.5094657454602748,1732.013200539821,82.78020749654438,22.055423626601993,2549.6148797730807,69.49316619601163,48.54244967618339,0.0,24.473691659425203,1,1702,0.0
2477,1076.45,0.5099472936444527,1730.7038693888821,82.71945198456285,22.055423626601993,2549.6148797730807,69.49315632311462,48.52407621129521,0.0,24.47375914319894,1,1702,0.0
2478,1076.4550000000002,0.5104295372970751,1729.3939639772705,82.65866857091805,22.055423626601993,2549.6148797730807,69.49314645021761,48.50568773779713,0.0,24.47382660150605,1,1702,0.0
2479,1076.46,0.5109124773287861,1728.083485056767,82.59785728784877,22.055423626601993,2549.6148797730807,69.49313657732061,48.487284249200926,0.0,24.47389403432571,1,1702,0.0
2480,1076.4650000000001,0.5113961146510309,1726.7724333814763,82.53701816764178,22.055423626601993,2549.6148797730807,69.49312670442362,48.46886573902719,0.0,24.473961441637087,1,1702,0.0
2481,1076.47,0.5118804501760541,1725.4608097078249,82.47615124273169,22.055423626601993,2549.6148797730807,69.4931168315266,48.45043220080536,0.0,24.474028823419342,1,1702,0.0
2482,1076.4750000000001,0.512365484816901,1724.148614794565,82.41525654563814,22.055423626601993,2549.6148797730807,69.4931069586296,48.43198362807378,0.0,24.47409617965162,1,1702,0.0
2483,1076.48,0.5128512194874162,1722.835849402777,82.3543341090061,22.055423626601993,2549.6148797730807,69.4930970857326,48.413520014379685,0.0,24.474163510313073,1,1702,0.0
2484,1076.4850000000001,0.5133376551022419,1721.5225142958705,82.29338396557907,22.055423626601993,2549.6148797730807,69.49308721283559,48.39504135327925,0.0,24.474230815382825,1,1702,0.0
2485,1076.49,0.5138247925768187,1720.2086102395876,82.23240614820057,22.055423626601993,2549.6148797730807,69.4930773399386,48.376547638337584,0.0,24.474298094839998,1,1702,0.0
2486,1076.4950000000001,0.5143126328273847,1718.8941380020035,82.17140068980635,22.055423626601993,2549.6148797730807,69.4930674670416,48.35803886312884,0.0,24.47436534866371,1,1702,0.0
2487,1076.5,0.5148011767709746,1717.5790983535303,82.11036762345667,22.055423626601993,2549.6148797730807,69.49305759414457,48.33951502123614,0.0,24.474432576833063,1,1702,0.0
2488,1076.505,0.5152904253254194,1716.2634920669182,82.04930698234625,22.055423626601993,2549.6148797730807,69.49304772124758,48.320976106251656,0.0,24.474499779327157,1,1702,0.0
2489,1076.51,0.5157803794093464,1714.9473199172573,81.98821879971521,22.055423626601993,2549.6148797730807,69.49303784835058,48.30242211177665,0.0,24.474566956125077,1,1702,0.0
2490,1076.515,0.5162710399421765,1713.6305826819805,81.92710310895632,22.055423626601993,2549.6148797730807,69.49302797545357,48.283853031421465,0.0,24.474634107205905,1,1702,0.0
2491,1076.52,0.5167624078441271,1712.313281140866,81.86595994355943,22.055423626601993,2549.6148797730807,69.49301810255658,48.265268858805555,0.0,24.474701232548703,1,1702,0.0
2492,1076.525,0.5172544840362066,1710.9954160760374,81.80478933709732,22.055423626601993,2549.6148797730807,69.49300822965957,48.246669587557555,0.0,24.47476833213254,1,1702,0.0
2493,1076.53,0.5177472694402192,1709.6769882719677,81.74359132328397,22.055423626601993,2549.6148797730807,69.49299835676256,48.22805521131525,0.0,24.474835405936467,1,1702,0.0
2494,1076.535,0.5182407649787608,1708.3579985154809,81.68236593591398,22.055423626601993,2549.6148797730807,69.49298848386556,48.20942572372565,0.0,24.474902453939524,1,1702,0.0
2495,1076.54,0.5187349715752184,1707.0384475957537,81.62111320890462,22.055423626601993,2549.6148797730807,69.49297861096856,48.19078111844498,0.0,24.474969476120748,1,1702,0.0
2496,1076.545,0.5192298901537714,1705.7183363043173,81.55983317628746,22.055423626601993,2549.6148797730807,69.49296873807155,48.17212138913873,0.0,24.47503647245916,1,1702,0.0
2497,1076.55,0.5197255216393893,1704.397665435061,81.49852587217559,22.055423626601993,2549.6148797730807,69.49295886517454,48.15344652948169,0.0,24.475103442933776,1,1702,0.0
2498,1076.555,0.5202218669578327,1703.076435784232,81.43719133080607,22.055423626601993,2549.6148797730807,69.49294899227755,48.13475653315794,0.0,24.475170387523608,1,1702,0.0
2499,1076.56,0.52071892703565,1701.75464815044,81.37582958652872,22.055423626601993,2549.6148797730807,69.49293911938055,48.116051393860914,0.0,24.475237306207653,1,1702,0.0
2500,1076.565,0.5212167028001794,1700.4323033346568,81.31444067378919,22.055423626601993,2549.6148797730807,69.49292924648354,48.097331105293414,0.0,24.4753041989649,1,1702,0.0
2501,1076.5700000000002,0.5217151951795473,1699.10940214022,81.25302462712865,22.055423626601993,2549.6148797730807,69.49291937358653,48.07859566116763,0.0,24.47537106577433,1,1702,0.0
2502,1076.575,0.5222144051026671,1697.7859453728345,81.19158148122872,22.055423626601993,2549.6148797730807,69.49290950068954,48.05984505520519,0.0,24.47543790661492,1,1702,0.0
2503,1076.5800000000002,0.5227143334992393,1696.4619338405746,81.13011127087026,22.055423626601993,2549.6148797730807,69.49289962779253,48.041079281137144,0.0,24.47550472146563,1,1702,0.0
2504,1076.585,0.5232149812997505,1695.1373683538852,81.06861403092898,22.055423626601993,2549.6148797730807,69.49288975489553,48.02229833270405,0.0,24.47557151030541,1,1702,0.0
2505,1076.5900000000001,0.5237163494354722,1693.8122497255856,81.00708979637861,22.055423626601993,2549.6148797730807,69.49287988199853,48.00350220365595,0.0,24.47563827311322,1,1702,0.0
2506,1076.595,0.5242184388384615,1692.4865787708702,80.9455386023425,22.055423626601993,2549.6148797730807,69.49287000910151,47.98469088775243,0.0,24.47570500986798,1,1702,0.0
2507,1076.6000000000001,0.5247212504415592,1691.160356307311,80.88396048399595,22.055423626601993,2549.6148797730807,69.49286013620451,47.965864378762625,0.0,24.475771720548636,1,1702,0.0
2508,1076.605,0.525224785178389,1689.833583154859,80.8223554766968,22.055423626601993,2549.6148797730807,69.49285026330752,47.94702267046526,0.0,24.475838405134095,1,1702,0.0
2509,1076.6100000000001,0.525729043983359,1688.506260135847,80.76072361582457,22.055423626601993,2549.6148797730807,69.4928403904105,47.92816575664869,0.0,24.475905063603275,1,1702,0.0
2510,1076.615,0.5262340277916574,1687.178388074991,80.69906493692929,22.055423626601993,2549.6148797730807,69.49283051751351,47.90929363111088,0.0,24.475971695935076,1,1702,0.0
2511,1076.6200000000001,0.5267397375392545,1685.8499677993927,80.63737947565622,22.055423626601993,2549.6148797730807,69.4928206446165,47.890406287659495,0.0,24.476038302108392,1,1702,0.0
2512,1076.625,0.5272461741629013,1684.5210001385415,80.57566726775705,22.055423626601993,2549.6148797730807,69.49281077171949,47.871503720111875,0.0,24.476104882102113,1,1702,0.0
2513,1076.63,0.5277533386001289,1683.1914859243143,80.5139283490679,22.055423626601993,2549.6148797730807,69.4928008988225,47.8525859222951,0.0,24.47617143589511,1,1702,0.0
2514,1076.635,0.5282612317892471,1681.8614259909825,80.45216275559407,22.055423626601993,2549.6148797730807,69.4927910259255,47.833652888046,0.0,24.476237963466257,1,1702,0.0
2515,1076.64,0.5287698546693446,1680.5308211752083,80.39037052337571,22.055423626601993,2549.6148797730807,69.49278115302849,47.81470461121116,0.0,24.476304464794413,1,1702,0.0
2516,1076.645,0.529279208180287,1679.199672316051,80.32855168860829,22.055423626601993,2549.6148797730807,69.49277128013148,47.795741085647016,0.0,24.476370939858423,1,1702,0.0
2517,1076.65,0.5297892932627175,1677.8679802549652,80.26670628760506,22.055423626601993,2549.6148797730807,69.49276140723448,47.7767623052198,0.0,24.476437388637137,1,1702,0.0
2518,1076.655,0.5303001108580564,1676.5357458358062,80.20483435675197,22.055423626601993,2549.6148797730807,69.49275153433747,47.75776826380562,0.0,24.476503811109385,1,1702,0.0
2519,1076.66,0.5308116619084976,1675.2029699048305,80.14293593256289,22.055423626601993,2549.6148797730807,69.49274166144048,47.73875895529049,0.0,24.476570207253992,1,1702,0.0
2520,1076.665,0.5313239473570115,1673.8696533106965,80.08101105168012,22.055423626601993,2549.6148797730807,69.49273178854347,47.71973437357032,0.0,24.476636577049778,1,1702,0.0
2521,1076.67,0.5318369681473416,1672.5357969044687,80.01905975081932,22.055423626601993,2549.6148797730807,69.49272191564646,47.70069451255097,0.0,24.47670292047555,1,1702,0.0
2522,1076.675,0.5323507252240053,1671.201401539619,79.95708206682946,22.055423626601993,2549.6148797730807,69.49271204274946,47.681639366148275,0.0,24.476769237510105,1,1702,0.0
2523,1076.68,0.5328652195322912,1669.8664680720258,79.89507803666544,22.055423626601993,2549.6148797730807,69.49270216985246,47.66256892828808,0.0,24.476835528132238,1,1702,0.0
2524,1076.685,0.533380452018261,1668.5309973599813,79.8330476973928,22.055423626601993,2549.6148797730807,69.49269229695545,47.643483192906245,0.0,24.47690179232073,1,1702,0.0
2525,1076.69,0.5338964236287476,1667.1949902641888,79.77099108617209,22.055423626601993,2549.6148797730807,69.49268242405844,47.6243821539487,0.0,24.47696803005436,1,1702,0.0
2526,1076.6950000000002,0.5344131353113516,1665.858447647766,79.70890824029776,22.055423626601993,2549.6148797730807,69.49267255116145,47.605265805371445,0.0,24.477034241311888,1,1702,0.0
2527,1076.7,0.5349305880144464,1664.521370376248,79.64679919717884,22.055423626601993,2549.6148797730807,69.49266267826444,47.58613414114061,0.0,24.47710042607207,1,1702,0.0
2528,1076.7050000000002,0.5354487826871721,1663.1837593175874,79.58466399428848,22.055423626601993,2549.6148797730807,69.49265280536744,47.566987155232454,0.0,24.477166584313665,1,1702,0.0
2529,1076.71,0.5359677202794356,1661.8456153421582,79.5225026692528,22.055423626601993,2549.6148797730807,69.49264293247043,47.54782484163339,0.0,24.477232716015404,1,1702,0.0
2530,1076.7150000000001,0.5364874017419137,1660.506939322755,79.46031525981252,22.055423626601993,2549.6148797730807,69.49263305957342,47.52864719434006,0.0,24.477298821156026,1,1702,0.0
2531,1076.72,0.5370078280260465,1659.167732134598,79.39810180378622,22.055423626601993,2549.6148797730807,69.49262318667643,47.50945420735932,0.0,24.47736489971425,1,1702,0.0
2532,1076.7250000000001,0.5375290000840416,1657.8279946553328,79.33586233913726,22.055423626601993,2549.6148797730807,69.49261331377943,47.49024587470825,0.0,24.477430951668794,1,1702,0.0
2533,1076.73,0.5380509188688699,1656.4877277650323,79.27359690390145,22.055423626601993,2549.6148797730807,69.49260344088242,47.471022190414246,0.0,24.477496976998367,1,1702,0.0
2534,1076.7350000000001,0.5385735853342668,1655.1469323461993,79.2113055362599,22.055423626601993,2549.6148797730807,69.49259356798542,47.451783148515,0.0,24.477562975681668,1,1702,0.0
2535,1076.74,0.5390970004347296,1653.805609283768,79.14898827450844,22.055423626601993,2549.6148797730807,69.49258369508841,47.432528743058526,0.0,24.47762894769739,1,1702,0.0
2536,1076.7450000000001,0.5396211651255198,1652.463759465107,79.086645157014,22.055423626601993,2549.6148797730807,69.4925738221914,47.41325896810322,0.0,24.47769489302421,1,1702,0.0
2537,1076.75,0.540146080362657,1651.1213837800171,79.02427622227522,22.055423626601993,2549.6148797730807,69.49256394929441,47.39397381771787,0.0,24.477760811640803,1,1702,0.0
2538,1076.755,0.5406717471029245,1649.77848312074,78.96188150894301,22.055423626601993,2549.6148797730807,69.49255407639741,47.374673285981665,0.0,24.477826703525835,1,1702,0.0
2539,1076.76,0.5411981663038636,1648.435058381954,78.8994610557085,22.055423626601993,2549.6148797730807,69.4925442035004,47.35535736698427,0.0,24.477892568657968,1,1702,0.0
2540,1076.765,0.5417253389237732,1647.0911104607774,78.83701490140471,22.055423626601993,2549.6148797730807,69.49253433060339,47.33602605482581,0.0,24.477958407015844,1,1702,0.0
2541,1076.77,0.5422532659217129,1645.7466402567725,78.7745430850044,22.055423626601993,2549.6148797730807,69.4925244577064,47.316679343616904,0.0,24.47802421857811,1,1702,0.0
2542,1076.775,0.5427819482574968,1644.4016486719447,78.71204564556515,22.055423626601993,2549.6148797730807,69.4925145848094,47.29731722747874,0.0,24.478090003323395,1,1702,0.0
2543,1076.78,0.5433113868916962,1643.0561366107465,78.64952262224259,22.055423626601993,2549.6148797730807,69.49250471191239,47.27793970054303,0.0,24.47815576123033,1,1702,0.0
2544,1076.785,0.5438415827856378,1641.7101049800776,78.58697405431896,22.055423626601993,2549.6148797730807,69.49249483901538,47.25854675695209,0.0,24.478221492277523,1,1702,0.0
2545,1076.79,0.5443725369014014,1640.3635546892867,78.52439998121709,22.055423626601993,2549.6148797730807,69.49248496611838,47.23913839085886,0.0,24.47828719644359,1,1702,0.0
2546,1076.795,0.544904250201823,1639.0164866501748,78.46180044242358,22.055423626601993,2549.6148797730807,69.49247509322137,47.21971459642692,0.0,24.478352873707124,1,1702,0.0
2547,1076.8,0.545436723650488,1637.6689017769968,78.39917547755566,22.055423626601993,2549.6148797730807,69.49246522032438,47.20027536783052,0.0,24.478418524046724,1,1702,0.0
2548,1076.805,0.5459699582117356,1636.3208009864602,78.33652512636681,22.055423626601993,2549.6148797730807,69.49245534742737,47.1808206992546,0.0,24.47848414744097,1,1702,0.0
2549,1076.81,0.5465039548506556,1634.9721851977306,78.2738494286689,22.055423626601993,2549.6148797730807,69.49244547453036,47.16135058489488,0.0,24.478549743868438,1,1702,0.0
2550,1076.815,0.5470387145330865,1633.623055332433,78.2111484244483,22.055423626601993,2549.6148797730807,69.49243560163336,47.14186501895778,0.0,24.478615313307696,1,1702,0.0
2551,1076.8200000000002,0.547574238225618,1632.2734123146504,78.14842215376179,22.055423626601993,2549.6148797730807,69.49242572873636,47.122363995660535,0.0,24.478680855737306,1,1702,0.0
2552,1076.825,0.5481105268955858,1630.9232570709294,78.08567065681208,22.055423626601993,2549.6148797730807,69.49241585583935,47.102847509231204,0.0,24.47874637113582,1,1702,0.0
2553,1076.8300000000002,0.5486475815110735,1629.5725905302797,78.02289397386093,22.055423626601993,2549.6148797730807,69.49240598294236,47.083315553908676,0.0,24.478811859481773,1,1702,0.0
2554,1076.835,0.5491854030409112,1628.2214136241762,77.96009214533125,22.055423626601993,2549.6148797730807,69.49239611004535,47.06376812394271,0.0,24.47887732075371,1,1702,0.0
2555,1076.8400000000001,0.5497239924546736,1626.8697272865606,77.89726521175068,22.055423626601993,2549.6148797730807,69.49238623714834,47.044205213593976,0.0,24.478942754930152,1,1702,0.0
2556,1076.845,0.5502633507226813,1625.5175324538452,77.83441321374123,22.055423626601993,2549.6148797730807,69.49237636425134,47.02462681713408,0.0,24.479008161989626,1,1702,0.0
2557,1076.8500000000001,0.5508034788159961,1624.1648300649103,77.77153619206605,22.055423626601993,2549.6148797730807,69.49236649135435,47.005032928845566,0.0,24.479073541910633,1,1702,0.0
2558,1076.855,0.5513443777064242,1622.8116210611106,77.70863418757492,22.055423626601993,2549.6148797730807,69.49235661845734,46.985423543021966,0.0,24.479138894671685,1,1702,0.0
2559,1076.8600000000001,0.5518860483665129,1621.457906386273,77.6457072412411,22.055423626601993,2549.6148797730807,69.49234674556033,46.96579865396785,0.0,24.479204220251276,1,1702,0.0
2560,1076.865,0.5524284917695484,1620.1036869867012,77.58275539414505,22.055423626601993,2549.6148797730807,69.49233687266333,46.94615825599882,0.0,24.47926951862789,1,1702,0.0
2561,1076.8700000000001,0.552971708889559,1618.748963811175,77.51977868750191,22.055423626601993,2549.6148797730807,69.49232699976632,46.92650234344152,0.0,24.479334789780008,1,1702,0.0
2562,1076.875,0.5535157007013103,1617.393737810954,77.4567771626124,22.055423626601993,2549.6148797730807,69.49231712686932,46.90683091063375,0.0,24.479400033686105,1,1702,0.0
2563,1076.88,0.5540604681803053,1616.038009939779,77.39375086090955,22.055423626601993,2549.6148797730807,69.49230725397231,46.8871439519244,0.0,24.47946525032464,1,1702,0.0
2564,1076.885,0.5546060123027843,1614.6817811538717,77.33069982393103,22.055423626601993,2549.6148797730807,69.4922973810753,46.86744146167352,0.0,24.479530439674072,1,1702,0.0
2565,1076.89,0.5551523340457233,1613.3250524119383,77.26762409335069,22.055423626601993,2549.6148797730807,69.49228750817831,46.84772343425237,0.0,24.479595601712845,1,1702,0.0
2566,1076.895,0.5556994343868322,1611.9678246751707,77.20452371090423,22.055423626601993,2549.6148797730807,69.49227763528131,46.8279898640434,0.0,24.479660736419405,1,1702,0.0
2567,1076.9,0.5562473143045554,1610.6100989072477,77.14139871849676,22.055423626601993,2549.6148797730807,69.4922677623843,46.8082407454403,0.0,24.47972584377218,1,1702,0.0
2568,1076.905,0.55679597477807,1609.2518760743365,77.07824915811483,22.055423626601993,2549.6148797730807,69.49225788948729,46.78847607284807,0.0,24.479790923749597,1,1702,0.0
2569,1076.91,0.5573454167872839,1607.8931571450962,77.01507507187317,22.055423626601993,2549.6148797730807,69.4922480165903,46.76869584068297,0.0,24.47985597633007,1,1702,0.0
2570,1076.915,0.557895641312837,1606.533943090676,76.95187650199567,22.055423626601993,2549.6148797730807,69.49223814369329,46.748900043372615,0.0,24.479921001492016,1,1702,0.0
2571,1076.92,0.5584466493360967,1605.1742348847208,76.88865349082435,22.055423626601993,2549.6148797730807,69.49222827079629,46.72908867535596,0.0,24.479985999213827,1,1702,0.0
2572,1076.925,0.5589984418391615,1603.8140335033693,76.8254060808154,22.055423626601993,2549.6148797730807,69.49221839789928,46.70926173108336,0.0,24.4800509694739,1,1702,0.0
2573,1076.93,0.5595510198048561,1602.4533399252568,76.76213431451676,22.055423626601993,2549.6148797730807,69.49220852500227,46.689419205016584,0.0,24.480115912250618,1,1702,0.0
2574,1076.935,0.5601043842167321,1601.0921551315193,76.69883823463962,22.055423626601993,2549.6148797730807,69.49219865210527,46.66956109162884,0.0,24.480180827522364,1,1702,0.0
2575,1076.94,0.5606585360590662,1599.7304801057894,76.63551788395657,22.055423626601993,2549.6148797730807,69.49218877920828,46.649687385404825,0.0,24.480245715267504,1,1702,0.0
2576,1076.9450000000002,0.5612134763168598,1598.3683158342042,76.57217330539726,22.055423626601993,2549.6148797730807,69.49217890631127,46.629798080840715,0.0,24.480310575464397,1,1702,0.0
2577,1076.95,0.5617692059758379,1597.005663305403,76.50880454198496,22.055423626601993,2549.6148797730807,69.49216903341426,46.60989317244423,0.0,24.480375408091405,1,1702,0.0
2578,1076.9550000000002,0.5623257260224475,1595.6425235105287,76.44541163684569,22.055423626601993,2549.6148797730807,69.49215916051726,46.58997265473465,0.0,24.480440213126872,1,1702,0.0
2579,1076.96,0.5628830374438569,1594.2788974432324,76.38199463326018,22.055423626601993,2549.6148797730807,69.49214928762025,46.57003652224285,0.0,24.480504990549136,1,1702,0.0
2580,1076.9650000000001,0.5634411412279547,1592.9147860996713,76.31855357457992,22.055423626601993,2549.6148797730807,69.49213941472325,46.550084769511315,0.0,24.48056974033653,1,1702,0.0
2581,1076.97,0.5640000383633488,1591.5501904785128,76.25508850429692,22.055423626601993,2549.6148797730807,69.49212954182626,46.530117391094166,0.0,24.480634462467382,1,1702,0.0
2582,1076.9750000000001,0.5645597298393645,1590.1851115809352,76.19159946601631,22.055423626601993,2549.6148797730807,69.49211966892925,46.51013438155722,0.0,24.480699156920004,1,1702,0.0
2583,1076.98,0.5651202166460447,1588.8195504106288,76.12808650345767,22.055423626601993,2549.6148797730807,69.49210979603224,46.49013573547799,0.0,24.480763823672707,1,1702,0.0
2584,1076.9850000000001,0.5656814997741477,1587.4535079737982,76.06454966044232,22.055423626601993,2549.6148797730807,69.49209992313524,46.47012144744572,0.0,24.48082846270379,1,1702,0.0
2585,1076.99,0.5662435802151461,1586.0869852791618,76.00098898092928,22.055423626601993,2549.6148797730807,69.49209005023825,46.45009151206142,0.0,24.48089307399155,1,1702,0.0
2586,1076.9950000000001,0.5668064589612282,1584.7199833379582,75.9374045089683,22.055423626601993,2549.6148797730807,69.49208017734124,46.43004592393789,0.0,24.48095765751427,1,1702,0.0
2587,1077.0,0.567370137005292,1583.3525031639413,75.87379628875682,22.055423626601993,2549.6148797730807,69.49207030444423,46.40998467769975,0.0,24.481022213250235,1,1702,0.0
2588,1077.005,0.5679346153409487,1581.9845457733854,75.81016436456576,22.055423626601993,2549.6148797730807,69.49206043154723,46.38990776798346,0.0,24.48108674117771,1,1702,0.0
2589,1077.01,0.56849989496252,1580.6161121850876,75.7465087808338,22.055423626601993,2549.6148797730807,69.49205055865022,46.369815189437375,0.0,24.48115124127496,1,1702,0.0
2590,1077.015,0.5690659768650348,1579.2472034203658,75.68282958206137,22.055423626601993,2549.6148797730807,69.49204068575322,46.34970693672176,0.0,24.481215713520243,1,1702,0.0
2591,1077.02,0.5696328620442321,1577.8778205030644,75.61912681290117,22.055423626601993,2549.6148797730807,69.49203081285621,46.3295830045088,0.0,24.481280157891806,1,1702,0.0
2592,1077.025,0.5702005514965566,1576.5079644595517,75.55540051811705,22.055423626601993,2549.6148797730807,69.4920209399592,46.30944338748265,0.0,24.481344574367895,1,1702,0.0
2593,1077.03,0.5707690462191591,1575.1376363187226,75.49165074257601,22.055423626601993,2549.6148797730807,69.49201106706221,46.28928808033947,0.0,24.48140896292674,1,1702,0.0
2594,1077.035,0.5713383472098952,1573.7668371120033,75.427877531262,22.055423626601993,2549.6148797730807,69.49200119416521,46.26911707778742,0.0,24.481473323546567,1,1702,0.0
2595,1077.04,0.5719084554673237,1572.3955678733478,75.36408092929933,22.055423626601993,2549.6148797730807,69.4919913212682,46.24893037454675,0.0,24.481537656205596,1,1702,0.0
2596,1077.045,0.5724793719907048,1571.0238296392422,75.30026098189,22.055423626601993,2549.6148797730807,69.49198144837119,46.22872796534977,0.0,24.48160196088204,1,1702,0.0
2597,1077.05,0.5730510977800011,1569.651623448705,75.2364177343907,22.055423626601993,2549.6148797730807,69.4919715754742,46.208509844940885,0.0,24.4816662375541,1,1702,0.0
2598,1077.055,0.5736236338358743,1568.2789503432894,75.17255123223188,22.055423626601993,2549.6148797730807,69.49196170257719,46.18827600807668,0.0,24.48173048619998,1,1702,0.0
2599,1077.06,0.5741969811596852,1566.9058113670844,75.10866152101943,22.055423626601993,2549.6148797730807,69.49195182968019,46.168026449525875,0.0,24.481794706797864,1,1702,0.0
2600,1077.065,0.5747711407534919,1565.5322075667157,75.04474864641512,22.055423626601993,2549.6148797730807,69.4919419567832,46.147761164069415,0.0,24.48185889932594,1,1702,0.0
2601,1077.0700000000002,0.5753461136200491,1564.1581399913473,74.98081265423185,22.055423626601993,2549.6148797730807,69.49193208388618,46.127480146500446,0.0,24.481923063762373,1,1702,0.0
2602,1077.075,0.5759219007628056,1562.783609692683,74.91685359039796,22.055423626601993,2549.6148797730807,69.49192221098917,46.107183391624396,0.0,24.481987200085346,1,1702,0.0
2603,1077.0800000000002,0.5764985031859055,1561.4086177249674,74.85287150094383,22.055423626601993,2549.6148797730807,69.49191233809218,46.086870894258965,0.0,24.482051308273004,1,1702,0.0
2604,1077.085,0.5770759218941856,1560.033165144989,74.78886643202702,22.055423626601993,2549.6148797730807,69.49190246519517,46.06654264923417,0.0,24.48211538830351,1,1702,0.0
2605,1077.0900000000001,0.5776541578931721,1558.6572530120784,74.72483842992595,22.055423626601993,2549.6148797730807,69.49189259229817,46.04619865139239,0.0,24.482179440155008,1,1702,0.0
2606,1077.095,0.5782332121890845,1557.280882388112,74.66078754101792,22.055423626601993,2549.6148797730807,69.49188271940116,46.02583889558835,0.0,24.482243463805638,1,1702,0.0
2607,1077.1000000000001,0.5788130857888291,1555.904054337514,74.59671381182893,22.055423626601993,2549.6148797730807,69.49187284650415,46.0054633766892,0.0,24.482307459233528,1,1702,0.0
2608,1077.105,0.5793937797000005,1554.5267699272536,74.53261728896301,22.055423626601993,2549.6148797730807,69.49186297360716,45.985072089574516,0.0,24.482371426416808,1,1702,0.0
2609,1077.1100000000001,0.5799752949308803,1553.1490302268521,74.4684980191605,22.055423626601993,2549.6148797730807,69.49185310071016,45.96466502913634,0.0,24.48243536533359,1,1702,0.0
2610,1077.115,0.5805576324904353,1551.7708363083789,74.40435604929476,22.055423626601993,2549.6148797730807,69.49184322781315,45.944242190279205,0.0,24.482499275961988,1,1702,0.0
2611,1077.1200000000001,0.581140793388316,1550.3921892464573,74.3401914263339,22.055423626601993,2549.6148797730807,69.49183335491614,45.92380356792016,0.0,24.482563158280108,1,1702,0.0
2612,1077.125,0.5817247786348555,1549.0130901182613,74.27600419737634,22.055423626601993,2549.6148797730807,69.49182348201914,45.9033491569888,0.0,24.48262701226604,1,1702,0.0
2613,1077.13,0.5823095892410699,1547.6335400035214,74.21179440962891,22.055423626601993,2549.6148797730807,69.49181360912213,45.882878952427326,0.0,24.482690837897877,1,1702,0.0
2614,1077.135,0.5828952262186532,1546.253539984522,74.14756211040086,22.055423626601993,2549.6148797730807,69.49180373622514,45.862392949190514,0.0,24.4827546351537,1,1702,0.0
2615,1077.14,0.58348169057998,1544.8730911461057,74.08330734717808,22.055423626601993,2549.6148797730807,69.49179386332813,45.84189114224581,0.0,24.482818404011585,1,1702,0.0
2616,1077.145,0.5840689833381025,1543.4921945756723,74.0190301674949,22.055423626601993,2549.6148797730807,69.49178399043112,45.821373526573296,0.0,24.482882144449597,1,1702,0.0
2617,1077.15,0.5846571055067491,1542.1108513631814,73.95473061904963,22.055423626601993,2549.6148797730807,69.49177411753412,45.80084009716578,0.0,24.4829458564458,1,1702,0.0
2618,1077.155,0.5852460581003228,1540.7290626011525,73.89040874963078,22.055423626601993,2549.6148797730807,69.49176424463712,45.7802908490288,0.0,24.483009539978244,1,1702,0.0
2619,1077.16,0.5858358421339008,1539.3468293846688,73.82606460714192,22.055423626601993,2549.6148797730807,69.49175437174011,45.75972577718061,0.0,24.483073195024982,1,1702,0.0
2620,1077.165,0.5864264586232325,1537.964152811374,73.7616982396505,22.055423626601993,2549.6148797730807,69.4917444988431,45.7391448766523,0.0,24.483136821564045,1,1702,0.0
2621,1077.17,0.5870179085847398,1536.581033981478,73.6973096952839,22.055423626601993,2549.6148797730807,69.49173462594611,45.718548142487734,0.0,24.48320041957348,1,1702,0.0
2622,1077.175,0.5876101930355121,1535.1974739977545,73.63289902233068,22.055423626601993,2549.6148797730807,69.49172475304911,45.69793556974365,0.0,24.483263989031297,1,1702,0.0
2623,1077.18,0.588203312993309,1533.8134739655459,73.56846626916582,22.055423626601993,2549.6148797730807,69.4917148801521,45.67730715348965,0.0,24.483327529915528,1,1702,0.0
2624,1077.185,0.5887972694765576,1532.4290349927612,73.5040114843067,22.055423626601993,2549.6148797730807,69.4917050072551,45.65666288880824,0.0,24.483391042204172,1,1702,0.0
2625,1077.19,0.5893920635043494,1531.0441581898785,73.43953471638807,22.055423626601993,2549.6148797730807,69.4916951343581,45.63600277079486,0.0,24.48345452587525,1,1702,0.0
2626,1077.1950000000002,0.5899876960964406,1529.6588446699463,73.37503601413654,22.055423626601993,2549.6148797730807,69.49168526146109,45.615326794557916,0.0,24.48351798090675,1,1702,0.0
2627,1077.2,0.5905841682732524,1528.2730955485843,73.31051542642992,22.055423626601993,2549.6148797730807,69.49167538856409,45.59463495521881,0.0,24.483581407276667,1,1702,0.0
2628,1077.2050000000002,0.5911814810558658,1526.8869119439844,73.24597300223822,22.055423626601993,2549.6148797730807,69.4916655156671,45.573927247911946,0.0,24.48364480496299,1,1702,0.0
2629,1077.21,0.5917796354660225,1525.5002949769137,73.18140879066223,22.055423626601993,2549.6148797730807,69.49165564277008,45.553203667784814,0.0,24.483708173943686,1,1702,0.0
2630,1077.2150000000001,0.5923786325261247,1524.1132457707122,73.11682284093887,22.055423626601993,2549.6148797730807,69.49164576987307,45.532464209997954,0.0,24.483771514196736,1,1702,0.0
2631,1077.22,0.5929784732592299,1522.7257654512969,73.05221520238102,22.055423626601993,2549.6148797730807,69.49163589697608,45.51170886972504,0.0,24.4838348257001,1,1702,0.0
2632,1077.2250000000001,0.593579158689054,1521.337855147162,72.98758592446607,22.055423626601993,2549.6148797730807,69.49162602407907,45.49093764215288,0.0,24.483898108431738,1,1702,0.0
2633,1077.23,0.5941806898399663,1519.9495159893793,72.92293505676075,22.055423626601993,2549.6148797730807,69.49161615118207,45.47015052248145,0.0,24.4839613623696,1,1702,0.0
2634,1077.2350000000001,0.5947830677369914,1518.5607491115998,72.8582626489635,22.055423626601993,2549.6148797730807,69.49160627828506,45.44934750592391,0.0,24.48402458749163,1,1702,0.0
2635,1077.24,0.5953862934058044,1517.1715556500546,72.79356875087902,22.055423626601993,2549.6148797730807,69.49159640538805,45.428528587706694,0.0,24.484087783775767,1,1702,0.0
2636,1077.2450000000001,0.5959903678727307,1515.781936743558,72.72885341244603,22.055423626601993,2549.6148797730807,69.49158653249106,45.40769376306945,0.0,24.484150951199936,1,1702,0.0
2637,1077.25,0.596595292164747,1514.3918935335048,72.66411668371843,22.055423626601993,2549.6148797730807,69.49157665959406,45.38684302726516,0.0,24.484214089742075,1,1702,0.0
2638,1077.255,0.5972010673094766,1513.0014271638745,72.59935861485653,22.055423626601993,2549.6148797730807,69.49156678669705,45.36597637556007,0.0,24.484277199380088,1,1702,0.0
2639,1077.26,0.5978076943351888,1511.6105387812302,72.53457925616226,22.055423626601993,2549.6148797730807,69.49155691380004,45.34509380323381,0.0,24.484340280091892,1,1702,0.0
2640,1077.265,0.5984151742707993,1510.219229534722,72.46977865804251,22.055423626601993,2549.6148797730807,69.49154704090304,45.32419530557941,0.0,24.48440333185539,1,1702,0.0
2641,1077.27,0.5990235081458656,1508.827500576086,72.4049568710343,22.055423626601993,2549.6148797730807,69.49153716800603,45.30328087790325,0.0,24.484466354648482,1,1702,0.0
2642,1077.275,0.5996326969905887,1507.4353530596456,72.34011394576,22.055423626601993,2549.6148797730807,69.49152729510904,45.2823505155252,0.0,24.48452934844906,1,1702,0.0
2643,1077.28,0.60024274183581,1506.042788142314,72.27524993301043,22.055423626601993,2549.6148797730807,69.49151742221204,45.261404213778576,0.0,24.484592313235,1,1702,0.0
2644,1077.285,0.6008536437130093,1504.6498069835939,72.2103648836615,22.055423626601993,2549.6148797730807,69.49150754931502,45.24044196801019,0.0,24.484655248984193,1,1702,0.0
2645,1077.29,0.6014654036543055,1503.2564107455778,72.14545884872358,22.055423626601993,2549.6148797730807,69.49149767641802,45.21946377358039,0.0,24.484718155674503,1,1702,0.0
2646,1077.295,0.602078022692452,1501.8626005929511,72.08053187932708,22.055423626601993,2549.6148797730807,69.49148780352103,45.19846962586307,0.0,24.484781033283795,1,1702,0.0
2647,1077.3,0.602691501860839,1500.468377692992,72.01558402671478,22.055423626601993,2549.6148797730807,69.49147793062401,45.177459520245726,0.0,24.484843881789928,1,1702,0.0
2648,1077.305,0.6033058421934883,1499.073743215571,71.95061534224556,22.055423626601993,2549.6148797730807,69.49146805772702,45.15643345212946,0.0,24.484906701170758,1,1702,0.0
2649,1077.31,0.6039210447250543,1497.6786983331558,71.88562587742142,22.055423626601993,2549.6148797730807,69.49145818483001,45.13539141692903,0.0,24.48496949140413,1,1702,0.0
2650,1077.315,0.6045371104908217,1496.283244220807,71.82061568383321,22.055423626601993,2549.6148797730807,69.491448311933,45.11433341007286,0.0,24.485032252467878,1,1702,0.0
2651,1077.3200000000002,0.6051540405267041,1494.8873820561837,71.75558481321914,22.055423626601993,2549.6148797730807,69.491438439036,45.09325942700309,0.0,24.485094984339845,1,1702,0.0
2652,1077.325,0.6057718358692418,1493.491113019541,71.69053331741036,22.055423626601993,2549.6148797730807,69.491428566139,45.072169463175584,0.0,24.485157686997848,1,1702,0.0
2653,1077.3300000000002,0.6063904975556013,1492.0944382937341,71.62546124838387,22.055423626601993,2549.6148797730807,69.491418693242,45.05106351405999,0.0,24.485220360419714,1,1702,0.0
2654,1077.335,0.607010026623574,1490.6973590642174,71.56036865821422,22.055423626601993,2549.6148797730807,69.49140882034499,45.02994157513973,0.0,24.485283004583255,1,1702,0.0
2655,1077.3400000000001,0.6076304241115725,1489.2998765190437,71.49525559912294,22.055423626601993,2549.6148797730807,69.49139894744799,45.00880364191208,0.0,24.485345619466276,1,1702,0.0
2656,1077.345,0.6082516910586323,1487.901991848869,71.43012212342198,22.055423626601993,2549.6148797730807,69.49138907455098,44.987649709888146,0.0,24.48540820504658,1,1702,0.0
2657,1077.3500000000001,0.6088738285044076,1486.5037062469507,71.36496828355365,22.055423626601993,2549.6148797730807,69.49137920165398,44.96647977459293,0.0,24.485470761301958,1,1702,0.0
2658,1077.355,0.60949683748917,1485.1050209091484,71.29979413211294,22.055423626601993,2549.6148797730807,69.49136932875697,44.94529383156536,0.0,24.48553328821021,1,1702,0.0
2659,1077.3600000000001,0.6101207190538096,1483.7059370339268,71.23459972175414,22.055423626601993,2549.6148797730807,69.49135945585996,44.92409187635829,0.0,24.485595785749105,1,1702,0.0
2660,1077.365,0.6107454742398295,1482.306455822355,71.16938510531233,22.055423626601993,2549.6148797730807,69.49134958296297,44.902873904538566,0.0,24.485658253896432,1,1702,0.0
2661,1077.3700000000001,0.6113711040893478,1480.906578478107,71.10415033569426,22.055423626601993,2549.6148797730807,69.49133971006597,44.88163991168703,0.0,24.48572069262995,1,1702,0.0
2662,1077.375,0.6119976096450933,1479.5063062074632,71.0388954659522,22.055423626601993,2549.6148797730807,69.49132983716896,44.86038989339857,0.0,24.485783101927435,1,1702,0.0
2663,1077.38,0.6126249919504054,1478.1056402193121,70.97362054926077,22.055423626601993,2549.6148797730807,69.49131996427195,44.839123845282124,0.0,24.485845481766635,1,1702,0.0
2664,1077.385,0.6132532520492328,1476.7045817251499,70.90832563892123,22.055423626601993,2549.6148797730807,69.49131009137496,44.81784176296075,0.0,24.485907832125307,1,1702,0.0
2665,1077.39,0.6138823909861303,1475.3031319390807,70.84301078833009,22.055423626601993,2549.6148797730807,69.49130021847796,44.796543642071605,0.0,24.48597015298119,1,1702,0.0
2666,1077.395,0.6145124098062591,1473.901292077819,70.7776760510093,22.055423626601993,2549.6148797730807,69.49129034558095,44.775229478266006,0.0,24.486032444312027,1,1702,0.0
2667,1077.4,0.6151433095553834,1472.4990633606903,70.7123214806205,22.055423626601993,2549.6148797730807,69.49128047268395,44.753899267209476,0.0,24.486094706095557,1,1702,0.0
2668,1077.405,0.6157750912798703,1471.09644700963,70.64694713095217,22.055423626601993,2549.6148797730807,69.49127059978694,44.732553004581725,0.0,24.4861569383095,1,1702,0.0
2669,1077.41,0.6164077560266871,1469.693444249187,70.58155305587637,22.055423626601993,2549.6148797730807,69.49126072688993,44.71119068607674,0.0,24.486219140931574,1,1702,0.0
2670,1077.415,0.6170413048434013,1468.2900563065214,70.51613930941247,22.055423626601993,2549.6148797730807,69.49125085399294,44.68981230740276,0.0,24.486281313939504,1,1702,0.0
2671,1077.42,0.617675738778175,1466.886284411408,70.45070594569283,22.055423626601993,2549.6148797730807,69.49124098109594,44.66841786428234,0.0,24.486343457310994,1,1702,0.0
2672,1077.425,0.6183110588797696,1465.482129796235,70.38525301899753,22.055423626601993,2549.6148797730807,69.49123110819893,44.647007352452356,0.0,24.486405571023745,1,1702,0.0
2673,1077.43,0.6189472661975383,1464.0775936960063,70.31978058368209,22.055423626601993,2549.6148797730807,69.49122123530192,44.625580767664076,0.0,24.48646765505546,1,1702,0.0
2674,1077.435,0.6195843617814271,1462.6726773483417,70.25428869423965,22.055423626601993,2549.6148797730807,69.49121136240493,44.60413810568314,0.0,24.486529709383824,1,1702,0.0
2675,1077.44,0.6202223466819728,1461.2673819934762,70.18877740531377,22.055423626601993,2549.6148797730807,69.49120148950792,44.58267936228963,0.0,24.486591733986526,1,1702,0.0
2676,1077.4450000000002,0.6208612219503022,1459.8617088742626,70.12324677162212,22.055423626601993,2549.6148797730807,69.49119161661092,44.56120453327807,0.0,24.486653728841247,1,1702,0.0
2677,1077.45,0.6215009886381281,1458.455659236172,70.05769684805568,22.055423626601993,2549.6148797730807,69.49118174371391,44.5397136144575,0.0,24.486715693925657,1,1702,0.0
2678,1077.4550000000002,0.6221416477977506,1457.049234327294,69.99212768956602,22.055423626601993,2549.6148797730807,69.4911718708169,44.51820660165142,0.0,24.486777629217425,1,1702,0.0
2679,1077.46,0.6227832004820522,1455.642435398337,69.92653935128422,22.055423626601993,2549.6148797730807,69.4911619979199,44.49668349069793,0.0,24.486839534694212,1,1702,0.0
2680,1077.4650000000001,0.6234256477444994,1454.235263702628,69.86093188842308,22.055423626601993,2549.6148797730807,69.49115212502291,44.47514427744968,0.0,24.486901410333676,1,1702,0.0
2681,1077.47,0.624068990639138,1452.8277204961164,69.79530535633472,22.055423626601993,2549.6148797730807,69.4911422521259,44.45358895777393,0.0,24.48696325611347,1,1702,0.0
2682,1077.4750000000001,0.6247132302205941,1451.4198070373723,69.72965981049164,22.055423626601993,2549.6148797730807,69.49113237922889,44.43201752755259,0.0,24.487025072011228,1,1702,0.0
2683,1077.48,0.6253583675440701,1450.011524587587,69.66399530648427,22.055423626601993,2549.6148797730807,69.49112250633189,44.41042998268222,0.0,24.487086858004595,1,1702,0.0
2684,1077.4850000000001,0.6260044036653445,1448.602874410575,69.59831190001388,22.055423626601993,2549.6148797730807,69.49111263343488,44.38882631907408,0.0,24.487148614071206,1,1702,0.0
2685,1077.49,0.6266513396407684,1447.1938577727724,69.53260964693216,22.055423626601993,2549.6148797730807,69.49110276053788,44.36720653265416,0.0,24.487210340188682,1,1702,0.0
2686,1077.4950000000001,0.6272991765272667,1445.7844759432405,69.46688860319217,22.055423626601993,2549.6148797730807,69.49109288764089,44.34557061936321,0.0,24.487272036334648,1,1702,0.0
2687,1077.5,0.6279479153823339,1444.3747301936637,69.40114882486131,22.055423626601993,2549.6148797730807,69.49108301474386,44.32391857515677,0.0,24.487333702486723,1,1702,0.0
2688,1077.505,0.628597557264033,1442.9646217983525,69.33539036815304,22.055423626601993,2549.6148797730807,69.49107314184687,44.30225039600518,0.0,24.487395338622512,1,1702,0.0
2689,1077.51,0.6292481032309938,1441.5541520342406,69.26961328937081,22.055423626601993,2549.6148797730807,69.49106326894987,44.280566077893646,0.0,24.487456944719618,1,1702,0.0
2690,1077.515,0.6298995543424111,1440.1433221808898,69.20381764497586,22.055423626601993,2549.6148797730807,69.49105339605286,44.25886561682225,0.0,24.48751852075565,1,1702,0.0
2691,1077.52,0.6305519116580437,1438.732133520487,69.13800349152645,22.055423626601993,2549.6148797730807,69.49104352315587,44.237149008805964,0.0,24.48758006670819,1,1702,0.0
2692,1077.525,0.6312051762382112,1437.320587337846,69.07217088570115,22.055423626601993,2549.6148797730807,69.49103365025886,44.21541624987472,0.0,24.48764158255483,1,1702,0.0
2693,1077.53,0.6318593491437932,1435.9086849204098,69.00631988432764,22.055423626601993,2549.6148797730807,69.49102377736185,44.1936673360734,0.0,24.487703068273152,1,1702,0.0
2694,1077.535,0.6325144314362274,1434.496427558247,68.94045054431845,22.055423626601993,2549.6148797730807,69.49101390446485,44.17190226346192,0.0,24.48776452384073,1,1702,0.0
2695,1077.54,0.633170424177508,1433.0838165440575,68.87456292273366,22.055423626601993,2549.6148797730807,69.49100403156785,44.15012102811516,0.0,24.487825949235138,1,1702,0.0
2696,1077.545,0.6338273284301824,1431.6708531731672,68.80865707675058,22.055423626601993,2549.6148797730807,69.49099415867084,44.12832362612313,0.0,24.48788734443394,1,1702,0.0
2697,1077.55,0.6344851452573516,1430.2575387435336,68.74273306367233,22.055423626601993,2549.6148797730807,69.49098428577383,44.106510053590874,0.0,24.487948709414695,1,1702,0.0
2698,1077.555,0.6351438757226672,1428.8438745557448,68.67679094090397,22.055423626601993,2549.6148797730807,69.49097441287684,44.08468030663859,0.0,24.48801004415496,1,1702,0.0
2699,1077.56,0.6358035208903294,1427.4298619130172,68.61083076599256,22.055423626601993,2549.6148797730807,69.49096453997983,44.062834381401615,0.0,24.488071348632282,1,1702,0.0
2700,1077.565,0.6364640818250865,1426.0155021211995,68.54485259660957,22.055423626601993,2549.6148797730807,69.49095466708283,44.040972274030445,0.0,24.48813262282421,1,1702,0.0
2701,1077.5700000000002,0.637125559592231,1424.6007964887715,68.47885649053936,22.055423626601993,2549.6148797730807,69.49094479418582,44.019093980690826,0.0,24.488193866708276,1,1702,0.0
2702,1077.575,0.6377879552575987,1423.1857463268445,68.41284250567486,22.055423626601993,2549.6148797730807,69.49093492128881,43.99719949756372,0.0,24.488255080262014,1,1702,0.0
2703,1077.5800000000002,0.6384512698875676,1421.770352949163,68.34681070005668,22.055423626601993,2549.6148797730807,69.49092504839182,43.97528882084535,0.0,24.488316263462952,1,1702,0.0
2704,1077.585,0.639115504549056,1420.3546176721031,68.28076113184645,22.055423626601993,2549.6148797730807,69.49091517549482,43.95336194674726,0.0,24.48837741628861,1,1702,0.0
2705,1077.5900000000001,0.6397806603095186,1418.9385418146744,68.21469385930806,22.055423626601993,2549.6148797730807,69.49090530259781,43.93141887149631,0.0,24.48843853871651,1,1702,0.0
2706,1077.595,0.6404467382369469,1417.5221266985197,68.14860894083829,22.055423626601993,2549.6148797730807,69.4908954297008,43.90945959133473,0.0,24.48849963072416,1,1702,0.0
2707,1077.6000000000001,0.6411137393998669,1416.1053736479164,68.0825064349664,22.055423626601993,2549.6148797730807,69.4908855568038,43.887484102520155,0.0,24.488560692289067,1,1702,0.0
2708,1077.605,0.6417816648673358,1414.6882839897746,68.01638640033214,22.055423626601993,2549.6148797730807,69.49087568390681,43.8654924013256,0.0,24.488621723388732,1,1702,0.0
2709,1077.6100000000001,0.6424505157089426,1413.2708590536404,67.9502488956913,22.055423626601993,2549.6148797730807,69.4908658110098,43.84348448403957,0.0,24.488682724000647,1,1702,0.0
2710,1077.615,0.6431202929948036,1411.853100171694,67.88409397994315,22.055423626601993,2549.6148797730807,69.49085593811279,43.821460346966035,0.0,24.48874369410231,1,1702,0.0
2711,1077.6200000000001,0.6437909977955619,1410.4350086787515,67.8179217120967,22.055423626601993,2549.6148797730807,69.49084606521579,43.79941998642449,0.0,24.4888046336712,1,1702,0.0
2712,1077.625,0.6444626311823851,1409.0165859122633,67.75173215128711,22.055423626601993,2549.6148797730807,69.49083619231878,43.777363398749955,0.0,24.488865542684803,1,1702,0.0
2713,1077.63,0.6451351942269643,1407.5978332123173,67.68552535675408,22.055423626601993,2549.6148797730807,69.49082631942179,43.755290580293035,0.0,24.48892642112059,1,1702,0.0
2714,1077.635,0.64580868800151,1406.178751921636,67.61930138789464,22.055423626601993,2549.6148797730807,69.49081644652479,43.73320152741993,0.0,24.488987268956027,1,1702,0.0
2715,1077.64,0.6464831135787537,1404.7593433855786,67.55306030420644,22.055423626601993,2549.6148797730807,69.49080657362778,43.71109623651248,0.0,24.489048086168587,1,1702,0.0
2716,1077.645,0.6471584720319414,1403.339608952143,67.48680216529944,22.055423626601993,2549.6148797730807,69.49079670073077,43.6889747039682,0.0,24.489108872735727,1,1702,0.0
2717,1077.65,0.647834764434836,1401.9195499719615,67.42052703093648,22.055423626601993,2549.6148797730807,69.49078682783377,43.66683692620026,0.0,24.4891696286349,1,1702,0.0
2718,1077.655,0.6485119918617124,1400.4991677983048,67.35423496097816,22.055423626601993,2549.6148797730807,69.49077695493676,43.64468289963761,0.0,24.48923035384356,1,1702,0.0
2719,1077.66,0.6491901553873567,1399.0784637870815,67.2879260154226,22.055423626601993,2549.6148797730807,69.49076708203977,43.6225126207249,0.0,24.48929104833915,1,1702,0.0
2720,1077.665,0.6498692560870647,1397.657439296837,67.22160025437405,22.055423626601993,2549.6148797730807,69.49075720914276,43.600326085922596,0.0,24.489351712099104,1,1702,0.0
2721,1077.67,0.6505492950366382,1396.2360956887555,67.15525773807526,22.055423626601993,2549.6148797730807,69.49074733624575,43.57812329170697,0.0,24.489412345100863,1,1702,0.0
2722,1077.675,0.6512302733123853,1394.814434326659,67.08889852689359,22.055423626601993,2549.6148797730807,69.49073746334875,43.55590423457014,0.0,24.48947294732185,1,1702,0.0
2723,1077.68,0.6519121919911175,1393.3924565770078,67.02252268130437,22.055423626601993,2549.6148797730807,69.49072759045175,43.533668911020115,0.0,24.489533518739503,1,1702,0.0
2724,1077.685,0.6525950521501458,1391.9701638089007,66.95613026191789,22.055423626601993,2549.6148797730807,69.49071771755474,43.51141731758078,0.0,24.489594059331225,1,1702,0.0
2725,1077.69,0.6532788548672818,1390.547557394076,66.88972132946034,22.055423626601993,2549.6148797730807,69.49070784465773,43.48914945079196,0.0,24.489654569074446,1,1702,0.0
2726,1077.6950000000002,0.6539636012208339,1389.124638706909,66.8232959447905,22.055423626601993,2549.6148797730807,69.49069797176074,43.46686530720948,0.0,24.489715047946568,1,1702,0.0
2727,1077.7,0.6546492922896053,1387.7014091244173,66.75685416888406,22.055423626601993,2549.6148797730807,69.49068809886373,43.444564883405135,0.0,24.489775495924995,1,1702,0.0
2728,1077.7050000000002,0.6553359291528931,1386.2778700262545,66.69039606283356,22.055423626601993,2549.6148797730807,69.49067822596673,43.42224817596674,0.0,24.489835912987132,1,1702,0.0
2729,1077.71,0.656023512890485,1384.8540227947158,66.6239216878574,22.055423626601993,2549.6148797730807,69.49066835306972,43.399915181498194,0.0,24.489896299110374,1,1702,0.0
2730,1077.7150000000001,0.6567120445826573,1383.4298688147344,66.557431105303,22.055423626601993,2549.6148797730807,69.49065848017271,43.37756589661945,0.0,24.48995665427211,1,1702,0.0
2731,1077.72,0.6574015253101743,1382.005409473884,66.49092437664227,22.055423626601993,2549.6148797730807,69.49064860727572,43.35520031796661,0.0,24.49001697844973,1,1702,0.0
2732,1077.7250000000001,0.6580919561542847,1380.580646162378,66.42440156347314,22.055423626601993,2549.6148797730807,69.49063873437872,43.33281844219191,0.0,24.490077271620613,1,1702,0.0
2733,1077.73,0.6587833381967206,1379.1555802730675,66.35786272748963,22.055423626601993,2549.6148797730807,69.49062886148171,43.31042026596376,0.0,24.490137533762134,1,1702,0.0
2734,1077.7350000000001,0.6594756725196942,1377.730213201447,66.29130793054496,22.055423626601993,2549.6148797730807,69.49061898858471,43.288005785966774,0.0,24.49019776485167,1,1702,0.0
2735,1077.74,0.6601689602058968,1376.3045463456485,66.2247372345911,22.055423626601993,2549.6148797730807,69.4906091156877,43.26557499890183,0.0,24.49025796486658,1,1702,0.0
2736,1077.7450000000001,0.6608632023384965,1374.878581106444,66.15815070172238,22.055423626601993,2549.6148797730807,69.4905992427907,43.243127901486055,0.0,24.490318133784235,1,1702,0.0
2737,1077.75,0.6615584000011364,1373.4523188872467,66.09154839413218,22.055423626601993,2549.6148797730807,69.4905893698937,43.220664490452876,0.0,24.49037827158199,1,1702,0.0
2738,1077.755,0.6622545542779308,1372.025761094109,66.02493037416656,22.055423626601993,2549.6148797730807,69.4905794969967,43.19818476255206,0.0,24.490438378237197,1,1702,0.0
2739,1077.76,0.6629516662534666,1370.5989091357228,65.95829670425374,22.055423626601993,2549.6148797730807,69.49056962409969,43.175688714549715,0.0,24.490498453727206,1,1702,0.0
2740,1077.765,0.6636497370127968,1369.1717644234216,65.89164744698878,22.055423626601993,2549.6148797730807,69.49055975120268,43.153176343228374,0.0,24.490558498029365,1,1702,0.0
2741,1077.77,0.664348767641442,1367.7443283711787,65.82498266506754,22.055423626601993,2549.6148797730807,69.49054987830569,43.13064764538695,0.0,24.49061851112101,1,1702,0.0
2742,1077.775,0.6650487592253863,1366.316602395605,65.75830242132368,22.055423626601993,2549.6148797730807,69.49054000540868,43.108102617840835,0.0,24.49067849297948,1,1702,0.0
2743,1077.78,0.6657497128510761,1364.8885879159545,65.69160677868109,22.055423626601993,2549.6148797730807,69.49053013251168,43.08554125742188,0.0,24.4907384435821,1,1702,0.0
2744,1077.785,0.6664516296054174,1363.4602863541195,65.62489580022331,22.055423626601993,2549.6148797730807,69.49052025961467,43.06296356097848,0.0,24.490798362906204,1,1702,0.0
2745,1077.79,0.6671545105757731,1362.0316991346333,65.55816954914648,22.055423626601993,2549.6148797730807,69.49051038671766,43.04036952537554,0.0,24.490858250929108,1,1702,0.0
2746,1077.795,0.6678583568499636,1360.602827684667,65.49142808876306,22.055423626601993,2549.6148797730807,69.49050051382066,43.017759147494544,0.0,24.490918107628133,1,1702,0.0
2747,1077.8,0.6685631695162612,1359.1736734340338,65.42467148250121,22.055423626601993,2549.6148797730807,69.49049064092367,42.995132424233596,0.0,24.490977932980588,1,1702,0.0
2748,1077.805,0.6692689496633892,1357.7442378151857,65.35789979394735,22.055423626601993,2549.6148797730807,69.49048076802666,42.9724893525074,0.0,24.491037726963786,1,1702,0.0
2749,1077.81,0.6699756983805214,1356.314522263213,65.29111308677324,22.055423626601993,2549.6148797730807,69.49047089512965,42.94982992924737,0.0,24.491097489555035,1,1702,0.0
2750,1077.815,0.6706834167572765,1354.884528215848,65.22431142478644,22.055423626601993,2549.6148797730807,69.49046102223265,42.927154151401574,0.0,24.491157220731626,1,1702,0.0
2751,1077.8200000000002,0.6713921058837191,1353.4542571134596,65.1574948719354,22.055423626601993,2549.6148797730807,69.49045114933566,42.904462015934804,0.0,24.491216920470862,1,1702,0.0
2752,1077.825,0.6721017668503566,1352.023710399058,65.09066349226265,22.055423626601993,2549.6148797730807,69.49044127643864,42.88175351982862,0.0,24.491276588750033,1,1702,0.0
2753,1077.8300000000002,0.6728124007481361,1350.5928895182913,65.02381734995164,22.055423626601993,2549.6148797730807,69.49043140354163,42.85902866008137,0.0,24.491336225546423,1,1702,0.0
2754,1077.835,0.6735240086684423,1349.1617959194468,64.9569565093039,22.055423626601993,2549.6148797730807,69.49042153064464,42.83628743370821,0.0,24.49139583083732,1,1702,0.0
2755,1077.8400000000001,0.6742365917030966,1347.7304310534503,64.89008103476259,22.055423626601993,2549.6148797730807,69.49041165774763,42.81352983774112,0.0,24.4914554046,1,1702,0.0
2756,1077.845,0.6749501509443538,1346.298796373867,64.82319099084845,22.055423626601993,2549.6148797730807,69.49040178485063,42.790755869228995,0.0,24.49151494681174,1,1702,0.0
2757,1077.8500000000001,0.6756646874849,1344.8668933368995,64.75628644226715,22.055423626601993,2549.6148797730807,69.49039191195364,42.7679655252376,0.0,24.491574457449808,1,1702,0.0
2758,1077.855,0.6763802024178509,1343.4347234013885,64.68936745379825,22.055423626601993,2549.6148797730807,69.49038203905661,42.74515880284965,0.0,24.49163393649147,1,1702,0.0
2759,1077.8600000000001,0.677096696836748,1342.0022880288125,64.62243409036638,22.055423626601993,2549.6148797730807,69.49037216615962,42.72233569916483,0.0,24.491693383913997,1,1702,0.0
2760,1077.865,0.6778141718355586,1340.5695886832887,64.55548641702407,22.055423626601993,2549.6148797730807,69.49036229326262,42.6994962112998,0.0,24.491752799694638,1,1702,0.0
2761,1077.8700000000001,0.6785326285086724,1339.1366268315708,64.48852449893293,22.055423626601993,2549.6148797730807,69.49035242036561,42.676640336388274,0.0,24.491812183810648,1,1702,0.0
2762,1077.875,0.6792520679508988,1337.7034039430496,64.42154840137745,22.055423626601993,2549.6148797730807,69.49034254746861,42.653768071581,0.0,24.49187153623928,1,1702,0.0
2763,1077.88,0.6799724912574648,1336.269921489753,64.35455818978502,22.055423626601993,2549.6148797730807,69.4903326745716,42.630879414045815,0.0,24.49193085695778,1,1702,0.0
2764,1077.885,0.6806938995240137,1334.836180946346,64.28755392968245,22.055423626601993,2549.6148797730807,69.4903228016746,42.607974360967695,0.0,24.49199014594339,1,1702,0.0
2765,1077.89,0.6814162938466017,1333.402183790129,64.22053568674698,22.055423626601993,2549.6148797730807,69.4903129287776,42.58505290954872,0.0,24.492049403173347,1,1702,0.0
2766,1077.895,0.6821396753216964,1331.967931501039,64.15350352675127,22.055423626601993,2549.6148797730807,69.4903030558806,42.5621150570082,0.0,24.492108628624884,1,1702,0.0
2767,1077.9,0.682864045046174,1330.5334255616476,64.08645751561595,22.055423626601993,2549.6148797730807,69.49029318298359,42.5391608005826,0.0,24.492167822275235,1,1702,0.0
2768,1077.905,0.6835894041173166,1329.0986674571636,64.01939771936482,22.055423626601993,2549.6148797730807,69.49028331008658,42.51619013752566,0.0,24.492226984101624,1,1702,0.0
2769,1077.91,0.6843157536328113,1327.6636586754294,63.95232420415502,22.055423626601993,2549.6148797730807,69.49027343718959,42.49320306510836,0.0,24.492286114081278,1,1702,0.0
2770,1077.915,0.6850430946907463,1326.2284007069218,63.885237036274255,22.055423626601993,2549.6148797730807,69.49026356429258,42.47019958061901,0.0,24.49234521219141,1,1702,0.0
2771,1077.92,0.6857714283896098,1324.7928950447529,63.818136282117834,22.055423626601993,2549.6148797730807,69.49025369139558,42.44717968136321,0.0,24.492404278409236,1,1702,0.0
2772,1077.925,0.686500755828286,1323.3571431846678,63.751022008218264,22.055423626601993,2549.6148797730807,69.49024381849857,42.42414336466394,0.0,24.49246331271197,1,1702,0.0
2773,1077.93,0.6872310781060554,1321.9211466250456,63.683894281219516,22.055423626601993,2549.6148797730807,69.49023394560156,42.401090627861585,0.0,24.492522315076815,1,1702,0.0
2774,1077.935,0.6879623963225899,1320.4849068668982,63.61675316790269,22.055423626601993,2549.6148797730807,69.49022407270456,42.378021468313904,0.0,24.492581285480977,1,1702,0.0
2775,1077.94,0.6886947115779517,1319.0484254138703,63.54959873516082,22.055423626601993,2549.6148797730807,69.49021419980757,42.354935883396145,0.0,24.492640223901656,1,1702,0.0
2776,1077.9450000000002,0.6894280249725905,1317.6117037722381,63.48243105002064,22.055423626601993,2549.6148797730807,69.49020432691056,42.331833870501,0.0,24.49269913031605,1,1702,0.0
2777,1077.95,0.690162337607342,1316.1747434509107,63.41525017961898,22.055423626601993,2549.6148797730807,69.49019445401355,42.30871542703871,0.0,24.49275800470135,1,1702,0.0
2778,1077.9550000000002,0.6908976505834242,1314.7375459614282,63.34805619123816,22.055423626601993,2549.6148797730807,69.49018458111655,42.285580550437025,0.0,24.492816847034742,1,1702,0.0
2779,1077.96,0.691633965002436,1313.3001128179603,63.28084915225534,22.055423626601993,2549.6148797730807,69.49017470821954,42.262429238141266,0.0,24.492875657293418,1,1702,0.0
2780,1077.9650000000001,0.692371281966354,1311.8624455373083,63.213629130188465,22.055423626601993,2549.6148797730807,69.49016483532255,42.239261487614364,0.0,24.492934435454554,1,1702,0.0
2781,1077.97,0.6931096025775312,1310.424545638903,63.146396192684065,22.055423626601993,2549.6148797730807,69.49015496242555,42.21607729633687,0.0,24.492993181495326,1,1702,0.0
2782,1077.9750000000001,0.6938489279386931,1308.9864146448037,63.07915040749376,22.055423626601993,2549.6148797730807,69.49014508952854,42.19287666180701,0.0,24.493051895392913,1,1702,0.0
2783,1077.98,0.6945892591529369,1307.5480540797003,63.01189184251449,22.055423626601993,2549.6148797730807,69.49013521663153,42.16965958154068,0.0,24.493110577124487,1,1702,0.0
2784,1077.9850000000001,0.6953305973237277,1306.1094654709098,62.944620565745026,22.055423626601993,2549.6148797730807,69.49012534373453,42.14642605307151,0.0,24.493169226667213,1,1702,0.0
2785,1077.99,0.6960729435548976,1304.6706503483765,62.87733664533414,22.055423626601993,2549.6148797730807,69.49011547083752,42.123176073950866,0.0,24.493227843998252,1,1702,0.0
2786,1077.9950000000001,0.6968162989506408,1303.2316102446725,62.81004014952234,22.055423626601993,2549.6148797730807,69.49010559794053,42.099909641747914,0.0,24.493286429094766,1,1702,0.0
2787,1078.0,0.6975606646155144,1301.7923466949965,62.7427311466946,22.055423626601993,2549.6148797730807,69.49009572504352,42.076626754049606,0.0,24.493344981933916,1,1702,0.0
2788,1078.005,0.6983060416544324,1300.3528612371726,62.675409705354895,22.055423626601993,2549.6148797730807,69.4900858521465,42.053327408460746,0.0,24.493403502492853,1,1702,0.0
2789,1078.01,0.6990524311726667,1298.9131554116511,62.60807589413004,22.055423626601993,2549.6148797730807,69.49007597924951,42.03001160260402,0.0,24.493461990748724,1,1702,0.0
2790,1078.015,0.699799834275842,1297.4732307615056,62.540729781774736,22.055423626601993,2549.6148797730807,69.49006610635251,42.006679334119994,0.0,24.493520446678684,1,1702,0.0
2791,1078.02,0.7005482520699354,1296.033088832436,62.473371437155535,22.055423626601993,2549.6148797730807,69.4900562334555,41.983330600667166,0.0,24.493578870259864,1,1702,0.0
2792,1078.025,0.701297685661271,1294.592731172764,62.4060009292682,22.055423626601993,2549.6148797730807,69.4900463605585,41.95996539992201,0.0,24.493637261469416,1,1702,0.0
2793,1078.03,0.7020481361565206,1293.152159333434,62.33861832724451,22.055423626601993,2549.6148797730807,69.4900364876615,41.93658372957897,0.0,24.49369562028447,1,1702,0.0
2794,1078.035,0.7027996046627,1291.7113748680135,62.271223700326104,22.055423626601993,2549.6148797730807,69.4900266147645,41.91318558735053,0.0,24.493753946682165,1,1702,0.0
2795,1078.04,0.7035520922871653,1290.2703793326916,62.20381711786243,22.055423626601993,2549.6148797730807,69.49001674186749,41.88977097096722,0.0,24.493812240639624,1,1702,0.0
2796,1078.045,0.7043056001376123,1288.8291742862775,62.1363986493681,22.055423626601993,2549.6148797730807,69.49000686897048,41.86633987817763,0.0,24.493870502133984,1,1702,0.0
2797,1078.05,0.7050601293220726,1287.3877612902,62.06896836444201,22.055423626601993,2549.6148797730807,69.48999699607349,41.842892306748475,0.0,24.493928731142358,1,1702,0.0
2798,1078.055,0.7058156809489116,1285.9461419085087,62.001526332830544,22.055423626601993,2549.6148797730807,69.48998712317648,41.81942825446462,0.0,24.493986927641874,1,1702,0.0
2799,1078.06,0.7065722561268263,1284.5043177078705,61.934072624389486,22.055423626601993,2549.6148797730807,69.48997725027948,41.79594771912909,0.0,24.49404509160965,1,1702,0.0
2800,1078.065,0.7073298559648419,1283.062290257571,61.86660730911031,22.055423626601993,2549.6148797730807,69.48996737738248,41.7724506985631,0.0,24.494103223022794,1,1702,0.0
2801,1078.0700000000002,0.7080884815723104,1281.620061129513,61.79913045709046,22.055423626601993,2549.6148797730807,69.48995750448546,41.74893719060612,0.0,24.49416132185842,1,1702,0.0
2802,1078.075,0.7088481340589061,1280.1776318982143,61.731642138563245,22.055423626601993,2549.6148797730807,69.48994763158846,41.72540719311585,0.0,24.494219388093644,1,1702,0.0
2803,1078.0800000000002,0.7096088145346263,1278.7350041408097,61.664142423893644,22.055423626601993,2549.6148797730807,69.48993775869147,41.70186070396831,0.0,24.49427742170556,1,1702,0.0
2804,1078.085,0.7103705241097849,1277.2921794370486,61.59663138354105,22.055423626601993,2549.6148797730807,69.48992788579446,41.67829772105781,0.0,24.49433542267128,1,1702,0.0
2805,1078.0900000000001,0.711133263895012,1275.8491593692936,61.52910908811862,22.055423626601993,2549.6148797730807,69.48991801289746,41.654718242297044,0.0,24.494393390967897,1,1702,0.0
2806,1078.095,0.7118970350012518,1274.4059455225206,61.461575608357066,22.055423626601993,2549.6148797730807,69.48990814000045,41.63112226561705,0.0,24.494451326572513,1,1702,0.0
2807,1078.1000000000001,0.712661838539759,1272.9625394843179,61.394031015075626,22.055423626601993,2549.6148797730807,69.48989826710344,41.6075097889673,0.0,24.494509229462217,1,1702,0.0
2808,1078.105,0.7134276756220954,1271.5189428448857,61.32647537927823,22.055423626601993,2549.6148797730807,69.48988839420645,41.5838808103157,0.0,24.494567099614102,1,1702,0.0
2809,1078.1100000000001,0.7141945473601289,1270.075157197034,61.258908772039455,22.055423626601993,2549.6148797730807,69.48987852130945,41.56023532764861,0.0,24.494624937005252,1,1702,0.0
2810,1078.115,0.7149624548660308,1268.6311841361828,61.191331264577876,22.055423626601993,2549.6148797730807,69.48986864841244,41.536573338970925,0.0,24.494682741612753,1,1702,0.0
2811,1078.1200000000001,0.7157313992522716,1267.1870252603605,61.123742928225894,22.055423626601993,2549.6148797730807,69.48985877551543,41.51289484230603,0.0,24.49474051341369,1,1702,0.0
2812,1078.125,0.7165013816316196,1265.7426821702043,61.05614383446601,22.055423626601993,2549.6148797730807,69.48984890261843,41.489199835695885,0.0,24.494798252385138,1,1702,0.0
2813,1078.13,0.7172724031171389,1264.2981564689567,60.98853405487364,22.055423626601993,2549.6148797730807,69.48983902972142,41.46548831720104,0.0,24.494855958504175,1,1702,0.0
2814,1078.135,0.7180444648221849,1262.8534497624682,60.9209136611525,22.055423626601993,2549.6148797730807,69.48982915682443,41.441760284900674,0.0,24.494913631747878,1,1702,0.0
2815,1078.14,0.718817567860403,1261.4085636591926,60.85328272514378,22.055423626601993,2549.6148797730807,69.48981928392742,41.418015736892585,0.0,24.49497127209331,1,1702,0.0
2816,1078.145,0.7195917133457258,1259.963499770189,60.78564131878967,22.055423626601993,2549.6148797730807,69.48980941103041,41.394254671293275,0.0,24.495028879517548,1,1702,0.0
2817,1078.15,0.7203669023923693,1258.5182597091186,60.71798951418871,22.055423626601993,2549.6148797730807,69.48979953813341,41.37047708623795,0.0,24.495086453997654,1,1702,0.0
2818,1078.155,0.7211431361148325,1257.0728450922454,60.6503273835303,22.055423626601993,2549.6148797730807,69.48978966523642,41.34668297988053,0.0,24.495143995510695,1,1702,0.0
2819,1078.16,0.7219204156278924,1255.6272575384342,60.58265499913415,22.055423626601993,2549.6148797730807,69.4897797923394,41.322872350393745,0.0,24.495201504033723,1,1702,0.0
2820,1078.165,0.7226987420466019,1254.18149866915,60.51497243344812,22.055423626601993,2549.6148797730807,69.4897699194424,41.299045195969086,0.0,24.4952589795438,1,1702,0.0
2821,1078.17,0.723478116486289,1252.7355701084568,60.44727975904673,22.055423626601993,2549.6148797730807,69.4897600465454,41.27520151481688,0.0,24.49531642201798,1,1702,0.0
2822,1078.175,0.7242585400625509,1251.2894734830165,60.379577048628306,22.055423626601993,2549.6148797730807,69.48975017364839,41.25134130516632,0.0,24.495373831433316,1,1702,0.0
2823,1078.18,0.7250400138912535,1249.843210422089,60.31186437498966,22.055423626601993,2549.6148797730807,69.4897403007514,41.22746456526548,0.0,24.495431207766856,1,1702,0.0
2824,1078.185,0.7258225390885287,1248.3967825575276,60.244141811089115,22.055423626601993,2549.6148797730807,69.4897304278544,41.20357129338134,0.0,24.495488550995653,1,1702,0.0
2825,1078.19,0.7266061167707698,1246.950191523783,60.17640942997276,22.055423626601993,2549.6148797730807,69.48972055495737,41.17966148779984,0.0,24.495545861096744,1,1702,0.0
2826,1078.1950000000002,0.7273907480546313,1245.5034389578987,60.10866730483613,22.055423626601993,2549.6148797730807,69.48971068206038,41.15573514682589,0.0,24.495603138047176,1,1702,0.0
2827,1078.2,0.7281764340570237,1244.0565264995098,60.040915508976035,22.055423626601993,2549.6148797730807,69.48970080916338,41.13179226878341,0.0,24.495660381823992,1,1702,0.0
2828,1078.2050000000002,0.7289631758951133,1242.6094557908445,59.97315411582416,22.055423626601993,2549.6148797730807,69.48969093626637,41.107832852015335,0.0,24.495717592404226,1,1702,0.0
2829,1078.21,0.7297509746863167,1241.1622284767195,59.90538319894628,22.055423626601993,2549.6148797730807,69.48968106336937,41.08385689488368,0.0,24.49577476976491,1,1702,0.0
2830,1078.2150000000001,0.7305398315483002,1239.7148462045423,59.8376028319898,22.055423626601993,2549.6148797730807,69.48967119047236,41.05986439576956,0.0,24.495831913883087,1,1702,0.0
2831,1078.22,0.731329747598976,1238.2673106243074,59.76981308877408,22.055423626601993,2549.6148797730807,69.48966131757535,41.035855353073195,0.0,24.495889024735778,1,1702,0.0
2832,1078.2250000000001,0.7321207239564996,1236.8196233885963,59.70201404321104,22.055423626601993,2549.6148797730807,69.48965144467836,41.011829765213974,0.0,24.495946102300014,1,1702,0.0
2833,1078.23,0.7329127617392677,1235.3717861525752,59.63420576934064,22.055423626601993,2549.6148797730807,69.48964157178136,40.98778763063046,0.0,24.496003146552823,1,1702,0.0
2834,1078.2350000000001,0.7337058620659137,1233.9238005739967,59.566388341329244,22.055423626601993,2549.6148797730807,69.48963169888435,40.96372894778042,0.0,24.49606015747123,1,1702,0.0
2835,1078.24,0.7345000260553066,1232.4756683131952,59.498561833459505,22.055423626601993,2549.6148797730807,69.48962182598734,40.93965371514088,0.0,24.496117135032254,1,1702,0.0
2836,1078.2450000000001,0.7352952548265469,1231.027391033087,59.430726320148885,22.055423626601993,2549.6148797730807,69.48961195309035,40.91556193120813,0.0,24.496174079212917,1,1702,0.0
2837,1078.25,0.7360915494989647,1229.5789703991693,59.362881875924124,22.055423626601993,2549.6148797730807,69.48960208019335,40.89145359449776,0.0,24.49623098999023,1,1702,0.0
2838,1078.255,0.7368889111921179,1228.130408079518,59.29502857543831,22.055423626601993,2549.6148797730807,69.48959220729634,40.86732870354469,0.0,24.496287867341216,1,1702,0.0
2839,1078.26,0.7376873410257857,1226.681705744789,59.22716649347745,22.055423626601993,2549.6148797730807,69.48958233439933,40.84318725690319,0.0,24.496344711242887,1,1702,0.0
2840,1078.265,0.7384868401199696,1225.2328650682125,59.15929570492878,22.055423626601993,2549.6148797730807,69.48957246150233,40.819029253146944,0.0,24.49640152167225,1,1702,0.0
2841,1078.27,0.7392874095948889,1223.7838877255952,59.09141628481244,22.055423626601993,2549.6148797730807,69.48956258860532,40.794854690869016,0.0,24.496458298606317,1,1702,0.0
2842,1078.275,0.7400890505709778,1222.3347753953185,59.023528308276695,22.055423626601993,2549.6148797730807,69.48955271570833,40.77066356868195,0.0,24.496515042022093,1,1702,0.0
2843,1078.28,0.7408917641688824,1220.8855297583361,58.955631850594656,22.055423626601993,2549.6148797730807,69.48954284281132,40.74645588521775,0.0,24.49657175189659,1,1702,0.0
2844,1078.285,0.7416955515094588,1219.4361524981737,58.887726987131124,22.055423626601993,2549.6148797730807,69.48953296991431,40.72223163912794,0.0,24.496628428206797,1,1702,0.0
2845,1078.29,0.7425004137137691,1217.9866453009256,58.81981379341867,22.055423626601993,2549.6148797730807,69.48952309701731,40.697990829083565,0.0,24.496685070929725,1,1702,0.0
2846,1078.295,0.7433063519030789,1216.5370098552564,58.751892345072456,22.055423626601993,2549.6148797730807,69.48951322412032,40.67373345377524,0.0,24.496741680042373,1,1702,0.0
2847,1078.3,0.7441133671988552,1215.0872478523968,58.683962717853504,22.055423626601993,2549.6148797730807,69.4895033512233,40.64945951191319,0.0,24.496798255521735,1,1702,0.0
2848,1078.305,0.7449214607227619,1213.6373609861444,58.61602498763875,22.055423626601993,2549.6148797730807,69.48949347832631,40.625169002227246,0.0,24.496854797344813,1,1702,0.0
2849,1078.31,0.7457306335966585,1212.1873509528605,58.548079230418885,22.055423626601993,2549.6148797730807,69.4894836054293,40.60086192346688,0.0,24.49691130548859,1,1702,0.0
2850,1078.315,0.7465408869425957,1210.7372194514696,58.480125522311766,22.055423626601993,2549.6148797730807,69.48947373253229,40.57653827440128,0.0,24.496967779930067,1,1702,0.0
2851,1078.3200000000002,0.7473522218828141,1209.2869681834584,58.412163939564685,22.055423626601993,2549.6148797730807,69.4894638596353,40.55219805381932,0.0,24.49702422064623,1,1702,0.0
2852,1078.325,0.7481646395397391,1207.8365988528724,58.34419455853721,22.055423626601993,2549.6148797730807,69.4894539867383,40.52784126052961,0.0,24.497080627614068,1,1702,0.0
2853,1078.3300000000002,0.7489781410359806,1206.3861131663164,58.276217455715404,22.055423626601993,2549.6148797730807,69.48944411384129,40.50346789336057,0.0,24.497137000810568,1,1702,0.0
2854,1078.335,0.7497927274943277,1204.935512832952,58.20823270769999,22.055423626601993,2549.6148797730807,69.48943424094428,40.47907795116037,0.0,24.497193340212714,1,1702,0.0
2855,1078.3400000000001,0.7506084000377476,1203.4847995644977,58.14024039122072,22.055423626601993,2549.6148797730807,69.48942436804728,40.45467143279705,0.0,24.49724964579749,1,1702,0.0
2856,1078.345,0.7514251597893813,1202.0339750752241,58.072240583125485,22.055423626601993,2549.6148797730807,69.48941449515027,40.43024833715846,0.0,24.497305917541873,1,1702,0.0
2857,1078.3500000000001,0.7522430078725411,1200.5830410819553,58.004233360395986,22.055423626601993,2549.6148797730807,69.48940462225328,40.405808663152385,0.0,24.497362155422852,1,1702,0.0
2858,1078.355,0.7530619454107068,1199.1319993040663,57.93621880010171,22.055423626601993,2549.6148797730807,69.48939474935626,40.381352409706494,0.0,24.497418359417395,1,1702,0.0
2859,1078.3600000000001,0.7538819735275258,1197.680851463481,57.868196979469886,22.055423626601993,2549.6148797730807,69.48938487645925,40.356879575768424,0.0,24.49747452950249,1,1702,0.0
2860,1078.365,0.754703093346805,1196.229599284672,57.800167975838484,22.055423626601993,2549.6148797730807,69.48937500356226,40.332390160305756,0.0,24.497530665655102,1,1702,0.0
2861,1078.3700000000001,0.7555253059925128,1194.7782444946567,57.73213186664969,22.055423626601993,2549.6148797730807,69.48936513066526,40.3078841623061,0.0,24.49758676785221,1,1702,0.0
2862,1078.375,0.756348612588773,1193.3267888229989,57.66408872949185,22.055423626601993,2549.6148797730807,69.48935525776825,40.28336158077709,0.0,24.497642836070785,1,1702,0.0
2863,1078.38,0.757173014259863,1191.875234001803,57.59603864206673,22.055423626601993,2549.6148797730807,69.48934538487124,40.25882241474642,0.0,24.497698870287795,1,1702,0.0
2864,1078.385,0.7579985121302101,1190.4235817657172,57.527981682185164,22.055423626601993,2549.6148797730807,69.48933551197425,40.23426666326188,0.0,24.497754870480218,1,1702,0.0
2865,1078.39,0.7588251073243892,1188.9718338519274,57.459917927785135,22.055423626601993,2549.6148797730807,69.48932563907724,40.20969432539136,0.0,24.497810836625014,1,1702,0.0
2866,1078.395,0.7596528009671186,1187.519992000158,57.39184745693911,22.055423626601993,2549.6148797730807,69.48931576618024,40.18510540022292,0.0,24.49786676869915,1,1702,0.0
2867,1078.4,0.7604815941832597,1186.0680579526702,57.32377034782048,22.055423626601993,2549.6148797730807,69.48930589328324,40.160499886864784,0.0,24.497922666679596,1,1702,0.0
2868,1078.405,0.7613114880978094,1184.6160334542583,57.25568667873156,22.055423626601993,2549.6148797730807,69.48929602038622,40.13587778444539,0.0,24.49797853054331,1,1702,0.0
2869,1078.41,0.7621424838359019,1183.163920252251,57.18759652810381,22.055423626601993,2549.6148797730807,69.48928614748922,40.1112390921134,0.0,24.498034360267262,1,1702,0.0
2870,1078.415,0.7629745825228019,1181.7117200965076,57.11949997448358,22.055423626601993,2549.6148797730807,69.48927627459223,40.08658380903776,0.0,24.49809015582841,1,1702,0.0
2871,1078.42,0.7638077852839035,1180.2594347394165,57.0513970965319,22.055423626601993,2549.6148797730807,69.48926640169522,40.06191193440768,0.0,24.498145917203715,1,1702,0.0
2872,1078.425,0.7646420932447269,1178.8070659358937,56.98328797302796,22.055423626601993,2549.6148797730807,69.48925652879822,40.037223467432725,0.0,24.49820164437013,1,1702,0.0
2873,1078.43,0.7654775075309144,1177.35461544338,56.915172682891324,22.055423626601993,2549.6148797730807,69.48924665590121,40.01251840734276,0.0,24.498257337304622,1,1702,0.0
2874,1078.435,0.7663140292682281,1175.9020850218426,56.84705130513948,22.055423626601993,2549.6148797730807,69.4892367830042,39.98779675338809,0.0,24.498312995984143,1,1702,0.0
2875,1078.44,0.7671516595825468,1174.4494764337685,56.77892391893295,22.055423626601993,2549.6148797730807,69.4892269101072,39.96305850483939,0.0,24.498368620385648,1,1702,0.0
2876,1078.4450000000002,0.7679903995998626,1172.9967914441668,56.71079060353353,22.055423626601993,2549.6148797730807,69.48921703721021,39.93830366098777,0.0,24.49842421048609,1,1702,0.0
2877,1078.45,0.7688302504462778,1171.5440318205638,56.64265143832897,22.055423626601993,2549.6148797730807,69.4892071643132,39.91353222114483,0.0,24.498479766262427,1,1702,0.0
2878,1078.4550000000002,0.7696712132480017,1170.0911993330026,56.57450650282966,22.055423626601993,2549.6148797730807,69.48919729141619,39.888744184642626,0.0,24.49853528769161,1,1702,0.0
2879,1078.46,0.7705132891313483,1168.6382957540418,56.50635587666244,22.055423626601993,2549.6148797730807,69.4891874185192,39.86393955083377,0.0,24.49859077475059,1,1702,0.0
2880,1078.4650000000001,0.771356479222731,1167.1853228587527,56.43819963957917,22.055423626601993,2549.6148797730807,69.4891775456222,39.83911831909141,0.0,24.49864622741632,1,1702,0.0
2881,1078.47,0.7722007846486622,1165.7322824247165,56.37003787145861,22.055423626601993,2549.6148797730807,69.48916767272519,39.81428048880929,0.0,24.498701645665744,1,1702,0.0
2882,1078.4750000000001,0.7730462065357478,1164.2791762320246,56.3018706522801,22.055423626601993,2549.6148797730807,69.48915779982818,39.78942605940174,0.0,24.49875702947581,1,1702,0.0
2883,1078.48,0.7738927460106858,1162.826006063276,56.23369806215438,22.055423626601993,2549.6148797730807,69.48914792693118,39.76455503030374,0.0,24.498812378823477,1,1702,0.0
2884,1078.4850000000001,0.7747404042002628,1161.3727737035738,56.16552018131709,22.055423626601993,2549.6148797730807,69.48913805403417,39.73966740097092,0.0,24.498867693685682,1,1702,0.0
2885,1078.49,0.7755891822313485,1159.9194809405244,56.09733709010841,22.055423626601993,2549.6148797730807,69.48912818113718,39.71476317087964,0.0,24.498922974039374,1,1702,0.0
2886,1078.4950000000001,0.7764390812308964,1158.466129564236,56.02914886901267,22.055423626601993,2549.6148797730807,69.48911830824017,39.68984233952694,0.0,24.498978219861495,1,1702,0.0
2887,1078.5,0.777290102325938,1157.0127213673154,55.96095559860131,22.055423626601993,2549.6148797730807,69.48910843534316,39.664904906430635,0.0,24.499033431128996,1,1702,0.0
2888,1078.505,0.7781422466435787,1155.5592581448673,55.89275735959322,22.055423626601993,2549.6148797730807,69.48909856244616,39.639950871129315,0.0,24.499088607818816,1,1702,0.0
2889,1078.51,0.7789955153109991,1154.1057416944911,55.82455423281892,22.055423626601993,2549.6148797730807,69.48908868954916,39.61498023318238,0.0,24.499143749907898,1,1702,0.0
2890,1078.515,0.7798499094554457,1152.65217381628,55.75634629922976,22.055423626601993,2549.6148797730807,69.48907881665215,39.58999299217005,0.0,24.499198857373184,1,1702,0.0
2891,1078.52,0.7807054302042324,1151.1985563128178,55.688133639875836,22.055423626601993,2549.6148797730807,69.48906894375514,39.56498914769344,0.0,24.499253930191617,1,1702,0.0
2892,1078.525,0.7815620786847353,1149.7448909891773,55.619916335964945,22.055423626601993,2549.6148797730807,69.48905907085815,39.53996869937453,0.0,24.49930896834014,1,1702,0.0
2893,1078.53,0.782419856024389,1148.2911796529186,55.55169446878634,22.055423626601993,2549.6148797730807,69.48904919796114,39.51493164685625,0.0,24.49936397179569,1,1702,0.0
2894,1078.535,0.7832787633506851,1146.8374241140866,55.48346811977602,22.055423626601993,2549.6148797730807,69.48903932506414,39.48987798980244,0.0,24.499418940535207,1,1702,0.0
2895,1078.54,0.7841388017911674,1145.3836261852089,55.415237370479254,22.055423626601993,2549.6148797730807,69.48902945216714,39.46480772789795,0.0,24.499473874535635,1,1702,0.0
2896,1078.545,0.7849999724734291,1143.9297876812939,55.34700230255303,22.055423626601993,2549.6148797730807,69.48901957927013,39.43972086084863,0.0,24.499528773773907,1,1702,0.0
2897,1078.55,0.78586227652511,1142.4759104198279,55.278762997781115,22.055423626601993,2549.6148797730807,69.48900970637312,39.41461738838136,0.0,24.49958363822697,1,1702,0.0
2898,1078.555,0.786725715073892,1141.021996220774,55.21051953807021,22.055423626601993,2549.6148797730807,69.48899983347613,39.38949731024408,0.0,24.499638467871748,1,1702,0.0
2899,1078.56,0.7875902892474974,1139.5680469065703,55.142272005437896,22.055423626601993,2549.6148797730807,69.48898996057912,39.36436062620584,0.0,24.49969326268519,1,1702,0.0
2900,1078.565,0.7884560001736841,1138.1140643021251,55.074020482027706,22.055423626601993,2549.6148797730807,69.48898008768212,39.33920733605677,0.0,24.499748022644233,1,1702,0.0
2901,1078.5700000000002,0.7893228489802437,1136.6600502348174,55.00576505008425,22.055423626601993,2549.6148797730807,69.48897021478511,39.31403743960818,0.0,24.499802747725806,1,1702,0.0
2902,1078.575,0.790190836794997,1135.206006534494,54.937505791996536,22.055423626601993,2549.6148797730807,69.4889603418881,39.288850936692555,0.0,24.499857437906847,1,1702,0.0
2903,1078.5800000000002,0.7910599647457911,1133.7519350334655,54.86924279025337,22.055423626601993,2549.6148797730807,69.4889504689911,39.26364782716357,0.0,24.4999120931643,1,1702,0.0
2904,1078.585,0.7919302339604958,1132.2978375665077,54.80097612747594,22.055423626601993,2549.6148797730807,69.48894059609411,39.23842811089612,0.0,24.499966713475093,1,1702,0.0
2905,1078.5900000000001,0.7928016455670022,1130.8437159708558,54.732705886393084,22.055423626601993,2549.6148797730807,69.4889307231971,39.21319178778641,0.0,24.500021298816165,1,1702,0.0
2906,1078.595,0.7936742006932154,1129.3895720862035,54.66443214984978,22.055423626601993,2549.6148797730807,69.48892085030009,39.18793885775187,0.0,24.50007584916445,1,1702,0.0
2907,1078.6000000000001,0.7945479004670555,1127.9354077547011,54.596155000817674,22.055423626601993,2549.6148797730807,69.4889109774031,39.162669320731275,0.0,24.500130364496886,1,1702,0.0
2908,1078.605,0.7954227460164511,1126.481224820953,54.52787452238181,22.055423626601993,2549.6148797730807,69.48890110450608,39.13738317668476,0.0,24.500184844790404,1,1702,0.0
2909,1078.6100000000001,0.796298738469337,1125.0270251320142,54.459590797753215,22.055423626601993,2549.6148797730807,69.48889123160909,39.1120804255938,0.0,24.50023929002194,1,1702,0.0
2910,1078.615,0.797175878953652,1123.5728105373894,54.39130391024813,22.055423626601993,2549.6148797730807,69.48888135871208,39.086761067461275,0.0,24.50029370016843,1,1702,0.0
2911,1078.6200000000001,0.798054168597333,1122.1185828890298,54.32301394330889,22.055423626601993,2549.6148797730807,69.48887148581507,39.06142510231152,0.0,24.50034807520681,1,1702,0.0
2912,1078.625,0.7989336085283135,1120.6643440413316,54.2547209804945,22.055423626601993,2549.6148797730807,69.48886161291807,39.036072530190275,0.0,24.50040241511401,1,1702,0.0
2913,1078.63,0.7998141998745206,1119.2100958511328,54.18642510548047,22.055423626601993,2549.6148797730807,69.48885174002108,39.010703351164814,0.0,24.500456719866968,1,1702,0.0
2914,1078.635,0.8006959437638693,1117.7558401777105,54.118126402062394,22.055423626601993,2549.6148797730807,69.48884186712407,38.98531756532389,0.0,24.50051098944262,1,1702,0.0
2915,1078.64,0.8015788413242618,1116.3015788827797,54.049824954144334,22.055423626601993,2549.6148797730807,69.48883199422707,38.9599151727778,0.0,24.500565223817897,1,1702,0.0
2916,1078.645,0.8024628936835816,1114.8473138304903,53.981520845763775,22.055423626601993,2549.6148797730807,69.48882212133006,38.9344961736584,0.0,24.500619422969738,1,1702,0.0
2917,1078.65,0.8033481019696922,1113.3930468874232,53.91321416106547,22.055423626601993,2549.6148797730807,69.48881224843305,38.90906056811917,0.0,24.500673586875074,1,1702,0.0
2918,1078.655,0.804234467310432,1111.9387799225908,53.84490498430805,22.055423626601993,2549.6148797730807,69.48880237553605,38.88360835633517,0.0,24.500727715510845,1,1702,0.0
2919,1078.66,0.8051219908336125,1110.4845148074314,53.77659339987139,22.055423626601993,2549.6148797730807,69.48879250263906,38.858139538503146,0.0,24.50078180885398,1,1702,0.0
2920,1078.665,0.8060106736670121,1109.030253415809,53.70827949226408,22.055423626601993,2549.6148797730807,69.48878262974205,38.83265411484149,0.0,24.500835866881413,1,1702,0.0
2921,1078.67,0.8069005169383766,1107.57599762401,53.639963346089544,22.055423626601993,2549.6148797730807,69.48877275684504,38.80715208559031,0.0,24.50088988957009,1,1702,0.0
2922,1078.675,0.8077915217754128,1106.1217493107395,53.57164504607747,22.055423626601993,2549.6148797730807,69.48876288394804,38.78163345101145,0.0,24.50094387689694,1,1702,0.0
2923,1078.68,0.8086836893057849,1104.6675103571208,53.503324677088244,22.055423626601993,2549.6148797730807,69.48875301105105,38.756098211388505,0.0,24.500997828838898,1,1702,0.0
2924,1078.685,0.8095770206571133,1103.2132826466918,53.43500232407797,22.055423626601993,2549.6148797730807,69.48874313815404,38.73054636702685,0.0,24.501051745372905,1,1702,0.0
2925,1078.69,0.8104715169569695,1101.7590680654016,53.36667807213089,22.055423626601993,2549.6148797730807,69.48873326525703,38.7049779182537,0.0,24.501105626475894,1,1702,0.0
2926,1078.6950000000002,0.8113671793328718,1100.3048685016097,53.29835200644215,22.055423626601993,2549.6148797730807,69.48872339236003,38.67939286541807,0.0,24.5011594721248,1,1702,0.0
2927,1078.7,0.8122640089122842,1098.8506858460823,53.23002421232884,22.055423626601993,2549.6148797730807,69.48871351946302,38.653791208890894,0.0,24.50121328229657,1,1702,0.0
2928,1078.7050000000002,0.8131620068226104,1097.3965219919892,53.16169477522798,22.055423626601993,2549.6148797730807,69.48870364656602,38.628172949064954,0.0,24.501267056968135,1,1702,0.0
2929,1078.71,0.814061174191193,1095.942378834902,53.09336378067231,22.055423626601993,2549.6148797730807,69.48869377366901,38.60253808635499,0.0,24.501320796116435,1,1702,0.0
2930,1078.7150000000001,0.8149615121453062,1094.4882582727919,53.025031314337696,22.055423626601993,2549.6148797730807,69.488683900772,38.576886621197666,0.0,24.50137449971841,1,1702,0.0
2931,1078.72,0.8158630218121566,1093.0341622060253,52.95669746199947,22.055423626601993,2549.6148797730807,69.488674027875,38.551218554051644,0.0,24.501428167750998,1,1702,0.0
2932,1078.7250000000001,0.8167657043188762,1091.5800925373626,52.88836230955666,22.055423626601993,2549.6148797730807,69.48866415497801,38.525533885397586,0.0,24.501481800191137,1,1702,0.0
2933,1078.73,0.8176695607925204,1090.1260511719554,52.820025943012155,22.055423626601993,2549.6148797730807,69.488654282081,38.49983261573817,0.0,24.501535397015772,1,1702,0.0
2934,1078.7350000000001,0.818574592360065,1088.6720400173422,52.751688448507124,22.055423626601993,2549.6148797730807,69.48864440918399,38.47411474559815,0.0,24.50158895820184,1,1702,0.0
2935,1078.74,0.8194808001484006,1087.2180609834475,52.68334991226588,22.055423626601993,2549.6148797730807,69.488634536287,38.448380275524364,0.0,24.50164248372629,1,1702,0.0
2936,1078.7450000000001,0.8203881852843312,1085.7641159825794,52.61501042065782,22.055423626601993,2549.6148797730807,69.48862466338998,38.422629206085766,0.0,24.501695973566058,1,1702,0.0
2937,1078.75,0.8212967488945702,1084.3102069294239,52.54667006015561,22.055423626601993,2549.6148797730807,69.48861479049299,38.396861537873434,0.0,24.501749427698094,1,1702,0.0
2938,1078.755,0.8222064921057344,1082.8563357410449,52.47832891735053,22.055423626601993,2549.6148797730807,69.48860491759599,38.371077271500624,0.0,24.501802846099334,1,1702,0.0
2939,1078.76,0.8231174160443442,1081.4025043368808,52.40998707894069,22.055423626601993,2549.6148797730807,69.48859504469897,38.34527640760279,0.0,24.501856228746732,1,1702,0.0
2940,1078.765,0.824029521836818,1079.9487146387403,52.341644631745254,22.055423626601993,2549.6148797730807,69.48858517180197,38.31945894683761,0.0,24.501909575617226,1,1702,0.0
2941,1078.77,0.8249428106094674,1078.4949685708023,52.273301662707894,22.055423626601993,2549.6148797730807,69.48857529890498,38.29362488988499,0.0,24.501962886687767,1,1702,0.0
2942,1078.775,0.8258572834884961,1077.0412680596098,52.20495825887031,22.055423626601993,2549.6148797730807,69.48856542600797,38.26777423744713,0.0,24.5020161619353,1,1702,0.0
2943,1078.78,0.8267729415999945,1075.587615034069,52.13661450739853,22.055423626601993,2549.6148797730807,69.48855555311097,38.24190699024852,0.0,24.502069401336772,1,1702,0.0
2944,1078.785,0.8276897860699373,1074.134011425446,52.068270495567496,22.055423626601993,2549.6148797730807,69.48854568021396,38.216023149036,0.0,24.502122604869136,1,1702,0.0
2945,1078.79,0.8286078180241786,1072.680459167365,51.999926310780374,22.055423626601993,2549.6148797730807,69.48853580731695,38.19012271457874,0.0,24.50217577250934,1,1702,0.0
2946,1078.795,0.8295270385884489,1071.2269601958021,51.9315820405364,22.055423626601993,2549.6148797730807,69.48852593441995,38.1642056876683,0.0,24.502228904234336,1,1702,0.0
2947,1078.8,0.8304474488883519,1069.7735164490864,51.86323777246491,22.055423626601993,2549.6148797730807,69.48851606152296,38.138272069118656,0.0,24.502282000021076,1,1702,0.0
2948,1078.805,0.8313690500493601,1068.320129867894,51.794893594295836,22.055423626601993,2549.6148797730807,69.48850618862595,38.112321859766205,0.0,24.502335059846516,1,1702,0.0
2949,1078.81,0.8322918431968115,1066.8668023952466,51.72654959388251,22.055423626601993,2549.6148797730807,69.48849631572894,38.08635506046982,0.0,24.502388083687606,1,1702,0.0
2950,1078.815,0.8332158294559054,1065.413535976509,51.65820585919364,22.055423626601993,2549.6148797730807,69.48848644283194,38.060371672110854,0.0,24.5024410715213,1,1702,0.0
2951,1078.8200000000002,0.8341410099516994,1063.9603325593832,51.58986247830224,22.055423626601993,2549.6148797730807,69.48847656993493,38.034371695593194,0.0,24.50249402332456,1,1702,0.0
2952,1078.825,0.8350673858091057,1062.5071940939097,51.52151953940317,22.055423626601993,2549.6148797730807,69.48846669703794,38.00835513184323,0.0,24.502546939074342,1,1702,0.0
2953,1078.8300000000002,0.8359949581528874,1061.05412253246,51.453177130807006,22.055423626601993,2549.6148797730807,69.48845682414093,37.98232198180995,0.0,24.5025998187476,1,1702,0.0
2954,1078.835,0.8369237281076533,1059.601119829737,51.38483534092375,22.055423626601993,2549.6148797730807,69.48844695124392,37.95627224646494,0.0,24.502652662321307,1,1702,0.0
2955,1078.8400000000001,0.8378536967978568,1058.1481879427704,51.31649425829467,22.055423626601993,2549.6148797730807,69.48843707834692,37.93020592680239,0.0,24.502705469772412,1,1702,0.0
2956,1078.845,0.83878486534779,1056.6953288309132,51.24815397156528,22.055423626601993,2549.6148797730807,69.48842720544992,37.90412302383914,0.0,24.50275824107788,1,1702,0.0
2957,1078.8500000000001,0.8397172348815812,1055.2425444558405,51.1798145694962,22.055423626601993,2549.6148797730807,69.48841733255291,37.87802353861471,0.0,24.502810976214683,1,1702,0.0
2958,1078.855,0.8406508065231906,1053.7898367815442,51.111476140963276,22.055423626601993,2549.6148797730807,69.4884074596559,37.85190747219132,0.0,24.502863675159777,1,1702,0.0
2959,1078.8600000000001,0.8415855813964065,1052.3372077743306,51.04313877495077,22.055423626601993,2549.6148797730807,69.48839758675891,37.825774825653916,0.0,24.502916337890134,1,1702,0.0
2960,1078.865,0.8425215606248424,1050.8846594028182,50.974802560548504,22.055423626601993,2549.6148797730807,69.4883877138619,37.79962560011018,0.0,24.502968964382724,1,1702,0.0
2961,1078.8700000000001,0.8434587453319321,1049.4321936379324,50.90646758697892,22.055423626601993,2549.6148797730807,69.4883778409649,37.7734597966906,0.0,24.503021554614516,1,1702,0.0
2962,1078.875,0.8443971366409265,1047.979812452906,50.8381339435665,22.055423626601993,2549.6148797730807,69.4883679680679,37.74727741654845,0.0,24.503074108562476,1,1702,0.0
2963,1078.88,0.8453367356748895,1046.5275178232707,50.7698017197485,22.055423626601993,2549.6148797730807,69.4883580951709,37.72107846085983,0.0,24.50312662620358,1,1702,0.0
2964,1078.885,0.8462775435566959,1045.0753117268596,50.701471005070374,22.055423626601993,2549.6148797730807,69.48834822227388,37.694862930823724,0.0,24.503179107514804,1,1702,0.0
2965,1078.89,0.8472195614090239,1043.6231961437995,50.63314188919178,22.055423626601993,2549.6148797730807,69.48833834937689,37.668630827661964,0.0,24.503231552473117,1,1702,0.0
2966,1078.895,0.8481627903543558,1042.1711730565098,50.564814461898415,22.055423626601993,2549.6148797730807,69.4883284764799,37.64238215261932,0.0,24.50328396105551,1,1702,0.0
2967,1078.9,0.8491072315149709,1040.719244449699,50.49648881306298,22.055423626601993,2549.6148797730807,69.48831860358288,37.61611690696348,0.0,24.50333633323895,1,1702,0.0
2968,1078.905,0.8500528860129426,1039.2674123103616,50.42816503269164,22.055423626601993,2549.6148797730807,69.48830873068587,37.589835091985094,0.0,24.503388669000422,1,1702,0.0
2969,1078.91,0.8509997549701355,1037.8156786277734,50.3598432108981,22.055423626601993,2549.6148797730807,69.48829885778888,37.56353670899781,0.0,24.503440968316912,1,1702,0.0
2970,1078.915,0.8519478395082006,1036.3640453934897,50.29152343788571,22.055423626601993,2549.6148797730807,69.48828898489187,37.53722175933827,0.0,24.5034932311654,1,1702,0.0
2971,1078.92,0.8528971407485718,1034.9125146013419,50.22320580401025,22.055423626601993,2549.6148797730807,69.48827911199487,37.51089024436618,0.0,24.503545457522872,1,1702,0.0
2972,1078.925,0.8538476598124618,1033.4610882474333,50.154890399701706,22.055423626601993,2549.6148797730807,69.48826923909786,37.48454216546428,0.0,24.50359764736632,1,1702,0.0
2973,1078.93,0.8547993978208589,1032.0097683301358,50.08657731552305,22.055423626601993,2549.6148797730807,69.48825936620085,37.45817752403842,0.0,24.50364980067273,1,1702,0.0
2974,1078.935,0.8557523558945217,1030.5585568500876,50.018266642136886,22.055423626601993,2549.6148797730807,69.48824949330385,37.43179632151755,0.0,24.503701917419097,1,1702,0.0
2975,1078.94,0.8567065351539779,1029.107455810189,49.94995847032528,22.055423626601993,2549.6148797730807,69.48823962040686,37.405398559353785,0.0,24.50375399758241,1,1702,0.0
2976,1078.9450000000002,0.8576619367195173,1027.656467215598,49.88165289097003,22.055423626601993,2549.6148797730807,69.48822974750985,37.37898423902238,0.0,24.503806041139665,1,1702,0.0
2977,1078.95,0.8586185617111903,1026.205593073729,49.813349995076756,22.055423626601993,2549.6148797730807,69.48821987461284,37.352553362021794,0.0,24.503858048067865,1,1702,0.0
2978,1078.9550000000002,0.8595764112488024,1024.7548353942486,49.745049873755434,22.055423626601993,2549.6148797730807,69.48821000171584,37.3261059298737,0.0,24.50391001834401,1,1702,0.0
2979,1078.96,0.860535486451912,1023.3041961890701,49.67675261822816,22.055423626601993,2549.6148797730807,69.48820012881883,37.29964194412302,0.0,24.50396195194509,1,1702,0.0
2980,1078.9650000000001,0.8614957884398246,1021.8536774723535,49.60845831982134,22.055423626601993,2549.6148797730807,69.48819025592184,37.27316140633794,0.0,24.504013848848118,1,1702,0.0
2981,1078.97,0.8624573183315906,1020.4032812604994,49.54016706998124,22.055423626601993,2549.6148797730807,69.48818038302484,37.24666431810994,0.0,24.504065709030098,1,1702,0.0
2982,1078.9750000000001,0.8634200772459999,1018.9530095721467,49.47187896025785,22.055423626601993,2549.6148797730807,69.48817051012782,37.22015068105382,0.0,24.504117532468037,1,1702,0.0
2983,1078.98,0.8643840663015799,1017.5028644281679,49.40359408231117,22.055423626601993,2549.6148797730807,69.48816063723082,37.193620496807725,0.0,24.504169319138946,1,1702,0.0
2984,1078.9850000000001,0.8653492866165886,1016.0528478516671,49.33531252791414,22.055423626601993,2549.6148797730807,69.48815076433382,37.167073767033166,0.0,24.504221069019838,1,1702,0.0
2985,1078.99,0.8663157393090143,1014.6029618679754,49.26703438895365,22.055423626601993,2549.6148797730807,69.48814089143681,37.14051049341505,0.0,24.504272782087725,1,1702,0.0
2986,1078.9950000000001,0.8672834254965691,1013.1532085046479,49.198759757407885,22.055423626601993,2549.6148797730807,69.48813101853982,37.11393067766171,0.0,24.504324458319626,1,1702,0.0
2987,1079.0,0.8682523462966846,1011.7035897914591,49.130488725386044,22.055423626601993,2549.6148797730807,69.48812114564281,37.08733432150491,0.0,24.504376097692557,1,1702,0.0
2988,1079.005,0.869222502826511,1010.2541077604003,49.06222138509799,22.055423626601993,2549.6148797730807,69.4881112727458,37.0607214266999,0.0,24.50442770018354,1,1702,0.0
2989,1079.01,0.8701938962029104,1008.8047644456759,48.9939578288581,22.055423626601993,2549.6148797730807,69.4881013998488,37.03409199502541,0.0,24.504479265769604,1,1702,0.0
2990,1079.015,0.8711665275424527,1007.355561883699,48.925698149095325,22.055423626601993,2549.6148797730807,69.4880915269518,37.00744602828372,0.0,24.50453079442777,1,1702,0.0
2991,1079.02,0.8721403979614135,1005.9065021130889,48.85744243835213,22.055423626601993,2549.6148797730807,69.4880816540548,36.9807835283006,0.0,24.504582286135065,1,1702,0.0
2992,1079.025,0.8731155085757694,1004.4575871746656,48.789190789263834,22.055423626601993,2549.6148797730807,69.48807178115779,36.95410449692544,0.0,24.504633740868524,1,1702,0.0
2993,1079.03,0.8740918605011927,1003.0088191114486,48.72094329458795,22.055423626601993,2549.6148797730807,69.48806190826079,36.92740893603121,0.0,24.504685158605174,1,1702,0.0
2994,1079.035,0.8750694548530494,1001.5601999686507,48.652700047190045,22.055423626601993,2549.6148797730807,69.48805203536378,36.90069684751449,0.0,24.50473653932206,1,1702,0.0
2995,1079.04,0.8760482927463938,1000.111731793676,48.58446114003912,22.055423626601993,2549.6148797730807,69.48804216246678,36.87396823329552,0.0,24.50478788299621,1,1702,0.0
2996,1079.045,0.8770283752959651,998.663416636115,48.51622666621237,22.055423626601993,2549.6148797730807,69.48803228956977,36.84722309531819,0.0,24.504839189604677,1,1702,0.0
2997,1079.05,0.878009703616183,997.2152565477423,48.44799671889788,22.055423626601993,2549.6148797730807,69.48802241667276,36.8204614355501,0.0,24.504890459124496,1,1702,0.0
2998,1079.055,0.8789922788211445,995.7672535825106,48.37977139139186,22.055423626601993,2549.6148797730807,69.48801254377577,36.793683255982565,0.0,24.504941691532714,1,1702,0.0
2999,1079.06,0.879976102024619,994.3194097965493,48.31155077709358,22.055423626601993,2549.6148797730807,69.48800267087877,36.76688855863063,0.0,24.504992886806384,1,1702,0.0
3000,1079.065,0.8809611743400438,992.8717272481587,48.24333496951574,22.055423626601993,2549.6148797730807,69.48799279798176,36.74007734553313,0.0,24.505044044922556,1,1702,0.0
3001,1079.0700000000002,0.881947496880522,991.4242079978078,48.17512406227435,22.055423626601993,2549.6148797730807,69.48798292508475,36.71324961875267,0.0,24.505095165858283,1,1702,0.0
3002,1079.075,0.8829350707588164,989.9768541081296,48.10691814909111,22.055423626601993,2549.6148797730807,69.48797305218775,36.68640538037569,0.0,24.50514624959062,1,1702,0.0
3003,1079.0800000000002,0.8839238970873471,988.5296676439161,48.03871732380403,22.055423626601993,2549.6148797730807,69.48796317929074,36.65954463251246,0.0,24.505197296096636,1,1702,0.0
3004,1079.085,0.8849139769781852,987.0826506721174,47.97052168034902,22.055423626601993,2549.6148797730807,69.48795330639375,36.63266737729711,0.0,24.505248305353383,1,1702,0.0
3005,1079.0900000000001,0.8859053115430516,985.6358052618351,47.90233131276813,22.055423626601993,2549.6148797730807,69.48794343349675,36.60577361688768,0.0,24.505299277337933,1,1702,0.0
3006,1079.095,0.8868979018933109,984.1891334843193,47.834146315222924,22.055423626601993,2549.6148797730807,69.48793356059973,36.5788633534661,0.0,24.505350212027352,1,1702,0.0
3007,1079.1000000000001,0.8878917491399676,982.7426374129642,47.765966781963506,22.055423626601993,2549.6148797730807,69.48792368770273,36.55193658923825,0.0,24.505401109398715,1,1702,0.0
3008,1079.105,0.8888868543936631,981.2963191233056,47.69779280736088,22.055423626601993,2549.6148797730807,69.48791381480574,36.524993326433965,0.0,24.505451969429096,1,1702,0.0
3009,1079.1100000000001,0.88988321876467,979.8501806930151,47.629624485877166,22.055423626601993,2549.6148797730807,69.48790394190874,36.49803356730708,0.0,24.50550279209557,1,1702,0.0
3010,1079.115,0.8908808433628888,978.4042242018978,47.56146191209842,22.055423626601993,2549.6148797730807,69.48789406901173,36.471057314135436,0.0,24.50555357737522,1,1702,0.0
3011,1079.1200000000001,0.8918797292978442,976.9584517318866,47.49330518071042,22.055423626601993,2549.6148797730807,69.48788419611472,36.44406456922089,0.0,24.505604325245127,1,1702,0.0
3012,1079.125,0.8928798776786802,975.5128653670398,47.425154386496324,22.055423626601993,2549.6148797730807,69.48787432321772,36.417055334889376,0.0,24.50565503568238,1,1702,0.0
3013,1079.13,0.8938812896141566,974.0674671935353,47.35700962434808,22.055423626601993,2549.6148797730807,69.48786445032071,36.39002961349092,0.0,24.50570570866407,1,1702,0.0
3014,1079.135,0.8948839662126443,972.6222592996688,47.28887098927448,22.055423626601993,2549.6148797730807,69.48785457742372,36.36298740739961,0.0,24.50575634416729,1,1702,0.0
3015,1079.14,0.8958879085821213,971.1772437758473,47.22073857637146,22.055423626601993,2549.6148797730807,69.48784470452671,36.33592871901372,0.0,24.505806942169134,1,1702,0.0
3016,1079.145,0.8968931178301692,969.7324227145871,47.152612480859695,22.055423626601993,2549.6148797730807,69.4878348316297,36.308853550755636,0.0,24.505857502646702,1,1702,0.0
3017,1079.15,0.8978995950639681,968.2877982105082,47.08449279804686,22.055423626601993,2549.6148797730807,69.4878249587327,36.281761905071946,0.0,24.505908025577096,1,1702,0.0
3018,1079.155,0.8989073413902927,966.8433723603306,47.01637962335809,22.055423626601993,2549.6148797730807,69.4878150858357,36.254653784433415,0.0,24.50595851093743,1,1702,0.0
3019,1079.16,0.8999163579155088,965.3991472628711,46.94827305231434,22.055423626601993,2549.6148797730807,69.4878052129387,36.227529191335066,0.0,24.5060089587048,1,1702,0.0
3020,1079.165,0.9009266457455685,963.9551250190376,46.880173180547956,22.055423626601993,2549.6148797730807,69.48779534004169,36.20038812829613,0.0,24.50605936885633,1,1702,0.0
3021,1079.17,0.9019382059860059,962.5113077318259,46.812080103793996,22.055423626601993,2549.6148797730807,69.48778546714469,36.173230597860154,0.0,24.506109741369134,1,1702,0.0
3022,1079.175,0.902951039741933,961.0676975063155,46.743993917886996,22.055423626601993,2549.6148797730807,69.48777559424768,36.14605660259494,0.0,24.50616007622033,1,1702,0.0
3023,1079.18,0.9039651481180356,959.624296449665,46.6759147187713,22.055423626601993,2549.6148797730807,69.48776572135068,36.11886614509263,0.0,24.506210373387045,1,1702,0.0
3024,1079.185,0.90498053221857,958.1811066711083,46.60784260248585,22.055423626601993,2549.6148797730807,69.48775584845367,36.09165922796971,0.0,24.5062606328464,1,1702,0.0
3025,1079.19,0.9059971931473564,956.7381302819495,46.53977766519277,22.055423626601993,2549.6148797730807,69.48774597555666,36.06443585386701,0.0,24.506310854575528,1,1702,0.0
3026,1079.1950000000002,0.9070151320077783,955.29536939556,46.471720003135296,22.055423626601993,2549.6148797730807,69.48773610265967,36.03719602544978,0.0,24.506361038551564,1,1702,0.0
3027,1079.2,0.9080343499027733,953.8528261273731,46.403669712670826,22.055423626601993,2549.6148797730807,69.48772622976267,36.00993974540766,0.0,24.506411184751645,1,1702,0.0
3028,1079.2050000000002,0.9090548479348347,952.4105025948799,46.335626890263896,22.055423626601993,2549.6148797730807,69.48771635686566,35.98266701645473,0.0,24.506461293152913,1,1702,0.0
3029,1079.21,0.9100766272060021,950.9684009176259,46.26759163246729,22.055423626601993,2549.6148797730807,69.48770648396867,35.95537784132953,0.0,24.50651136373251,1,1702,0.0
3030,1079.2150000000001,0.9110996888178604,949.5265232172056,46.199564035956385,22.055423626601993,2549.6148797730807,69.48769661107166,35.92807222279508,0.0,24.506561396467593,1,1702,0.0
3031,1079.22,0.9121240338715343,948.0848716172578,46.131544197491216,22.055423626601993,2549.6148797730807,69.48768673817465,35.900750163638904,0.0,24.50661139133531,1,1702,0.0
3032,1079.2250000000001,0.9131496634676841,946.6434482434629,46.06353221394557,22.055423626601993,2549.6148797730807,69.48767686527765,35.87341166667305,0.0,24.506661348312807,1,1702,0.0
3033,1079.23,0.914176578706502,945.2022552235373,45.99552818229123,22.055423626601993,2549.6148797730807,69.48766699238065,35.846056734734134,0.0,24.506711267377256,1,1702,0.0
3034,1079.2350000000001,0.9152047806877066,943.7612946872293,45.92753219960553,22.055423626601993,2549.6148797730807,69.48765711948364,35.81868537068331,0.0,24.506761148505817,1,1702,0.0
3035,1079.24,0.91623427051054,942.3205687663146,45.85954436306317,22.055423626601993,2549.6148797730807,69.48764724658663,35.79129757740637,0.0,24.50681099167566,1,1702,0.0
3036,1079.2450000000001,0.9172650492737635,940.8800795945917,45.79156476993876,22.055423626601993,2549.6148797730807,69.48763737368964,35.763893357813686,0.0,24.506860796863954,1,1702,0.0
3037,1079.25,0.918297118075651,939.4398293078784,45.72359351761831,22.055423626601993,2549.6148797730807,69.48762750079263,35.736472714840296,0.0,24.506910564047875,1,1702,0.0
3038,1079.255,0.9193304780139877,937.9998200440054,45.65563070358103,22.055423626601993,2549.6148797730807,69.48761762789563,35.709035651445895,0.0,24.506960293204603,1,1702,0.0
3039,1079.26,0.9203651301860646,936.5600539428146,45.58767642540797,22.055423626601993,2549.6148797730807,69.48760775499862,35.68158217061486,0.0,24.50700998431132,1,1702,0.0
3040,1079.265,0.9214010756886734,935.120533146152,45.519730780786034,22.055423626601993,2549.6148797730807,69.48759788210161,35.65411227535629,0.0,24.50705963734522,1,1702,0.0
3041,1079.27,0.9224383156181039,933.6812597978649,45.45179386749585,22.055423626601993,2549.6148797730807,69.48758800920461,35.626625968704,0.0,24.507109252283485,1,1702,0.0
3042,1079.275,0.9234768510701372,932.242236043796,45.38386578342806,22.055423626601993,2549.6148797730807,69.48757813630762,35.59912325371656,0.0,24.507158829103318,1,1702,0.0
3043,1079.28,0.9245166831400442,930.8034640317798,45.31594662656376,22.055423626601993,2549.6148797730807,69.48756826341061,35.57160413347734,0.0,24.507208367781917,1,1702,0.0
3044,1079.285,0.9255578129225792,929.3649459116383,45.24803649499293,22.055423626601993,2549.6148797730807,69.4875583905136,35.54406861109447,0.0,24.507257868296488,1,1702,0.0
3045,1079.29,0.9266002415119765,927.9266838351753,45.180135486900326,22.055423626601993,2549.6148797730807,69.4875485176166,35.51651668970093,0.0,24.50730733062424,1,1702,0.0
3046,1079.295,0.9276439700019459,926.4886799561726,45.11224370056933,22.055423626601993,2549.6148797730807,69.48753864471959,35.488948372454544,0.0,24.50735675474238,1,1702,0.0
3047,1079.3,0.9286889994856667,925.0509364303856,45.04436123439598,22.055423626601993,2549.6148797730807,69.4875287718226,35.461363662537984,0.0,24.507406140628127,1,1702,0.0
3048,1079.305,0.9297353310557879,923.6134554155375,44.97648818685935,22.055423626601993,2549.6148797730807,69.4875188989256,35.43376256315881,0.0,24.50745548825871,1,1702,0.0
3049,1079.31,0.9307829658044184,922.1762390713166,44.90862465654304,22.055423626601993,2549.6148797730807,69.48750902602858,35.40614507754952,0.0,24.507504797611347,1,1702,0.0
3050,1079.315,0.9318319048231251,920.7392895593687,44.8407707421338,22.055423626601993,2549.6148797730807,69.48749915313158,35.378511208967495,0.0,24.507554068663268,1,1702,0.0
3051,1079.3200000000002,0.9328821492029302,919.3026090432958,44.77292654241572,22.055423626601993,2549.6148797730807,69.48748928023458,35.35086096069512,0.0,24.50760330139171,1,1702,0.0
3052,1079.325,0.9339337000343025,917.8661996886489,44.70509215627535,22.055423626601993,2549.6148797730807,69.48747940733759,35.32319433603973,0.0,24.507652495773915,1,1702,0.0
3053,1079.3300000000002,0.9349865584071578,916.4300636629243,44.637267682689696,22.055423626601993,2549.6148797730807,69.48746953444058,35.29551133833364,0.0,24.50770165178712,1,1702,0.0
3054,1079.335,0.9360407254108508,914.9942031355592,44.56945322073748,22.055423626601993,2549.6148797730807,69.48745966154357,35.26781197093423,0.0,24.507750769408577,1,1702,0.0
3055,1079.3400000000001,0.9370962021341723,913.5586202779258,44.50164886960249,22.055423626601993,2549.6148797730807,69.48744978864657,35.240096237223874,0.0,24.507799848615544,1,1702,0.0
3056,1079.345,0.9381529896653461,912.1233172633271,44.43385472855351,22.055423626601993,2549.6148797730807,69.48743991574956,35.212364140610035,0.0,24.50784888938527,1,1702,0.0
3057,1079.3500000000001,0.9392110890920203,910.6882962669928,44.36607089697504,22.055423626601993,2549.6148797730807,69.48743004285257,35.184615684525255,0.0,24.507897891695016,1,1702,0.0
3058,1079.355,0.9402705015012683,909.2535594660737,44.29829747432832,22.055423626601993,2549.6148797730807,69.48742016995556,35.156850872427185,0.0,24.507946855522057,1,1702,0.0
3059,1079.3600000000001,0.9413312279795801,907.819109039637,44.23053456019227,22.055423626601993,2549.6148797730807,69.48741029705855,35.129069707798585,0.0,24.50799578084366,1,1702,0.0
3060,1079.365,0.9423932696128599,906.384947168661,44.16278225422495,22.055423626601993,2549.6148797730807,69.48740042416155,35.101272194147384,0.0,24.5080446676371,1,1702,0.0
3061,1079.3700000000001,0.9434566274864213,904.951076036032,44.09504065620368,22.055423626601993,2549.6148797730807,69.48739055126455,35.07345833500667,0.0,24.50809351587966,1,1702,0.0
3062,1079.375,0.944521302684983,903.5174978265369,44.02730986597803,22.055423626601993,2549.6148797730807,69.48738067836754,35.04562813393473,0.0,24.508142325548626,1,1702,0.0
3063,1079.38,0.9455872962926629,902.0842147268604,43.95958998351306,22.055423626601993,2549.6148797730807,69.48737080547053,35.01778159451505,0.0,24.50819109662128,1,1702,0.0
3064,1079.385,0.9466546093929764,900.6512289255795,43.89188110885833,22.055423626601993,2549.6148797730807,69.48736093257354,34.989918720356364,0.0,24.50823982907493,1,1702,0.0
3065,1079.39,0.9477232430688294,899.2185426131573,43.824183342165405,22.055423626601993,2549.6148797730807,69.48735105967653,34.96203951509265,0.0,24.508288522886875,1,1702,0.0
3066,1079.395,0.9487931984025147,897.7861579819404,43.75649678368611,22.055423626601993,2549.6148797730807,69.48734118677953,34.93414398238317,0.0,24.50833717803441,1,1702,0.0
3067,1079.4,0.9498644764757082,896.3540772261517,43.68882153376563,22.055423626601993,2549.6148797730807,69.48733131388252,34.90623212591247,0.0,24.508385794494856,1,1702,0.0
3068,1079.405,0.9509370783694633,894.9223025418871,43.62115769283567,22.055423626601993,2549.6148797730807,69.48732144098551,34.87830394939042,0.0,24.50843437224552,1,1702,0.0
3069,1079.41,0.9520110051642069,893.4908361271091,43.55350536143534,22.055423626601993,2549.6148797730807,69.48731156808851,34.85035945655224,0.0,24.50848291126373,1,1702,0.0
3070,1079.415,0.9530862579397347,892.0596801816432,43.4858646401945,22.055423626601993,2549.6148797730807,69.48730169519152,34.82239865115851,0.0,24.50853141152681,1,1702,0.0
3071,1079.42,0.9541628377752073,890.6288369071722,43.418235629839664,22.055423626601993,2549.6148797730807,69.48729182229451,34.79442153699516,0.0,24.508579873012085,1,1702,0.0
3072,1079.425,0.9552407457491445,889.1983085072303,43.35061843118975,22.055423626601993,2549.6148797730807,69.4872819493975,34.76642811787355,0.0,24.508628295696898,1,1702,0.0
3073,1079.43,0.9563199829394228,887.7680971871998,43.28301314516188,22.055423626601993,2549.6148797730807,69.4872720765005,34.73841839763045,0.0,24.508676679558587,1,1702,0.0
3074,1079.435,0.9574005504232679,886.3382051543048,43.21541987276695,22.055423626601993,2549.6148797730807,69.48726220360349,34.71039238012808,0.0,24.508725024574492,1,1702,0.0
3075,1079.44,0.9584824492772529,884.9086346176056,43.1478387151044,22.055423626601993,2549.6148797730807,69.4872523307065,34.682350069254106,0.0,24.508773330721976,1,1702,0.0
3076,1079.4450000000002,0.9595656805772927,883.4793877879956,43.08026977338303,22.055423626601993,2549.6148797730807,69.4872424578095,34.6542914689217,0.0,24.50882159797839,1,1702,0.0
3077,1079.45,0.9606502453986391,882.0504668781941,43.012713148881815,22.055423626601993,2549.6148797730807,69.48723258491249,34.62621658306952,0.0,24.508869826321096,1,1702,0.0
3078,1079.4550000000002,0.9617361448158762,880.621874102743,42.945168942999466,22.055423626601993,2549.6148797730807,69.48722271201548,34.598125415661755,0.0,24.508918015727463,1,1702,0.0
3079,1079.46,0.962823379902917,879.1936116779992,42.87763725721154,22.055423626601993,2549.6148797730807,69.48721283911848,34.57001797068814,0.0,24.50896616617486,1,1702,0.0
3080,1079.4650000000001,0.9639119517329973,877.7656818221323,42.8101181930877,22.055423626601993,2549.6148797730807,69.48720296622147,34.54189425216397,0.0,24.509014277640677,1,1702,0.0
3081,1079.47,0.9650018613786724,876.3380867551165,42.74261185230113,22.055423626601993,2549.6148797730807,69.48719309332448,34.51375426413013,0.0,24.509062350102283,1,1702,0.0
3082,1079.4750000000001,0.9660931099118117,874.9108286987286,42.67511833660873,22.055423626601993,2549.6148797730807,69.48718322042747,34.48559801065309,0.0,24.509110383537077,1,1702,0.0
3083,1079.48,0.967185698403595,873.4839098765394,42.60763774786242,22.055423626601993,2549.6148797730807,69.48717334753046,34.45742549582499,0.0,24.50915837792245,1,1702,0.0
3084,1079.4850000000001,0.9682796279245065,872.0573325139112,42.540170188008545,22.055423626601993,2549.6148797730807,69.48716347463346,34.429236723763566,0.0,24.509206333235806,1,1702,0.0
3085,1079.49,0.9693748995443308,870.6310988379906,42.47271575908426,22.055423626601993,2549.6148797730807,69.48715360173647,34.40103169861223,0.0,24.50925424945455,1,1702,0.0
3086,1079.4950000000001,0.9704715143321492,869.2052110777045,42.40527456322207,22.055423626601993,2549.6148797730807,69.48714372883946,34.372810424540106,0.0,24.50930212655609,1,1702,0.0
3087,1079.5,0.9715694733563345,867.7796714637541,42.337846702638245,22.055423626601993,2549.6148797730807,69.48713385594245,34.344572905742,0.0,24.50934996451785,1,1702,0.0
3088,1079.505,0.9726687776845455,866.3544822286101,42.27043227964862,22.055423626601993,2549.6148797730807,69.48712398304545,34.31631914643843,0.0,24.509397763317246,1,1702,0.0
3089,1079.51,0.9737694283837239,864.9296456065066,42.20303139666134,22.055423626601993,2549.6148797730807,69.48711411014844,34.288049150875686,0.0,24.509445522931717,1,1702,0.0
3090,1079.515,0.9748714265200882,863.5051638334363,42.13564415616335,22.055423626601993,2549.6148797730807,69.48710423725144,34.2597629233258,0.0,24.50949324333869,1,1702,0.0
3091,1079.52,0.9759747731591301,862.0810391471459,42.06827066075217,22.055423626601993,2549.6148797730807,69.48709436435443,34.23146046808661,0.0,24.50954092451561,1,1702,0.0
3092,1079.525,0.9770794693656099,860.6572737871287,42.00091101309781,22.055423626601993,2549.6148797730807,69.48708449145742,34.20314178948173,0.0,24.50958856643992,1,1702,0.0
3093,1079.53,0.9781855162035507,859.2338699946209,41.933565315977035,22.055423626601993,2549.6148797730807,69.48707461856043,34.174806891860605,0.0,24.509636169089074,1,1702,0.0
3094,1079.535,0.9792929147362344,857.8108300125957,41.8662336722401,22.055423626601993,2549.6148797730807,69.48706474566343,34.14645577959854,0.0,24.509683732440532,1,1702,0.0
3095,1079.54,0.9804016660261986,856.3881560857577,41.79891618484231,22.055423626601993,2549.6148797730807,69.48705487276644,34.11808845709666,0.0,24.50973125647176,1,1702,0.0
3096,1079.545,0.9815117711352294,854.9658504605371,41.731612956817614,22.055423626601993,2549.6148797730807,69.48704499986943,34.089704928782005,0.0,24.509778741160222,1,1702,0.0
3097,1079.55,0.982623231124358,853.5439153850854,41.664324091302184,22.055423626601993,2549.6148797730807,69.48703512697242,34.0613051991075,0.0,24.5098261864834,1,1702,0.0
3098,1079.555,0.9837360470538555,852.122353109269,41.59704969151219,22.055423626601993,2549.6148797730807,69.48702525407542,34.03288927255199,0.0,24.509873592418774,1,1702,0.0
3099,1079.56,0.9848502199832294,850.7011658846632,41.52978986075465,22.055423626601993,2549.6148797730807,69.48701538117841,34.00445715362026,0.0,24.50992095894384,1,1702,0.0
3100,1079.565,0.9859657509712173,849.2803559645487,41.46254470242791,22.055423626601993,2549.6148797730807,69.48700550828141,33.976008846843044,0.0,24.50996828603608,1,1702,0.0
3101,1079.5700000000002,0.9870826410757835,847.8599256039034,41.395314320016354,22.055423626601993,2549.6148797730807,69.4869956353844,33.94754435677705,0.0,24.51001557367301,1,1702,0.0
3102,1079.575,0.9882008913541134,846.439877059399,41.32809881709421,22.055423626601993,2549.6148797730807,69.4869857624874,33.91906368800499,0.0,24.51006282183213,1,1702,0.0
3103,1079.5800000000002,0.9893205028626093,845.020212589394,41.26089829732342,22.055423626601993,2549.6148797730807,69.4869758895904,33.89056684513558,0.0,24.51011003049095,1,1702,0.0
3104,1079.585,0.9904414766568853,843.6009344539294,41.19371286446151,22.055423626601993,2549.6148797730807,69.4869660166934,33.86205383280357,0.0,24.510157199626995,1,1702,0.0
3105,1079.5900000000001,0.991563813791764,842.1820449147222,41.126542622343514,22.055423626601993,2549.6148797730807,69.48695614379639,33.833524655669756,0.0,24.51020432921779,1,1702,0.0
3106,1079.595,0.9926875153212689,840.7635462351592,41.059387674899014,22.055423626601993,2549.6148797730807,69.48694627089938,33.80497931842101,0.0,24.51025141924087,1,1702,0.0
3107,1079.6000000000001,0.9938125822986223,839.3454406802932,40.99224812613864,22.055423626601993,2549.6148797730807,69.48693639800238,33.776417825770274,0.0,24.510298469673767,1,1702,0.0
3108,1079.605,0.9949390157762401,837.9277305168353,40.92512408016746,22.055423626601993,2549.6148797730807,69.48692652510537,33.74784018245662,0.0,24.510345480494035,1,1702,0.0
3109,1079.6100000000001,0.9960668168057261,836.5104180131514,40.85801564117088,22.055423626601993,2549.6148797730807,69.48691665220838,33.71924639324523,0.0,24.510392451679223,1,1702,0.0
3110,1079.615,0.9971959864378673,835.093505439254,40.790922913432254,22.055423626601993,2549.6148797730807,69.48690677931137,33.69063646292741,0.0,24.510439383206894,1,1702,0.0
3111,1079.6200000000001,0.9983265257226305,833.6769950667987,40.723846001306796,22.055423626601993,2549.6148797730807,69.48689690641436,33.662010396320646,0.0,24.510486275054603,1,1702,0.0
3112,1079.625,0.9994584357091563,832.2608891690772,40.65678500924763,22.055423626601993,2549.6148797730807,69.48688703351736,33.63336819826862,0.0,24.51053312719993,1,1702,0.0
3113,1079.63,1.0005917174457546,830.8451900210123,40.58974004178633,22.055423626601993,2549.6148797730807,69.48687716062037,33.60470987364117,0.0,24.510579939620452,1,1702,0.0
3114,1079.635,1.0017263719798999,829.4298998991509,40.52271120355055,22.055423626601993,2549.6148797730807,69.48686728772336,33.576035427334375,0.0,24.510626712293753,1,1702,0.0
3115,1079.64,1.0028624003582265,828.0150210816599,40.45569859924249,22.055423626601993,2549.6148797730807,69.48685741482635,33.547344864270535,0.0,24.510673445197423,1,1702,0.0
3116,1079.645,1.003999803626525,826.6005558483198,40.388702333651686,22.055423626601993,2549.6148797730807,69.48684754192935,33.51863818939822,0.0,24.510720138309065,1,1702,0.0
3117,1079.65,1.005138582829734,825.1865064805183,40.32172251166461,22.055423626601993,2549.6148797730807,69.48683766903234,33.489915407692216,0.0,24.510766791606283,1,1702,0.0
3118,1079.655,1.006278739011939,823.7728752612439,40.254759238235,22.055423626601993,2549.6148797730807,69.48682779613534,33.461176524153665,0.0,24.510813405066685,1,1702,0.0
3119,1079.66,1.0074202732163666,822.3596644750833,40.187812618413034,22.055423626601993,2549.6148797730807,69.48681792323835,33.432421543809966,0.0,24.510859978667895,1,1702,0.0
3120,1079.665,1.0085631864853786,820.946876408211,40.120882757333334,22.055423626601993,2549.6148797730807,69.48680805034132,33.40365047171484,0.0,24.51090651238754,1,1702,0.0
3121,1079.67,1.009707479860468,819.5345133483868,40.05396976020889,22.055423626601993,2549.6148797730807,69.48679817744433,33.37486331294837,0.0,24.510953006203245,1,1702,0.0
3122,1079.675,1.0108531543822539,818.1225775849491,39.987073732340384,22.055423626601993,2549.6148797730807,69.48678830454733,33.346060072616964,0.0,24.510999460092656,1,1702,0.0
3123,1079.68,1.0120002110904776,816.7110714088077,39.920194779112656,22.055423626601993,2549.6148797730807,69.48677843165032,33.31724075585344,0.0,24.511045874033417,1,1702,0.0
3124,1079.685,1.0131486510239958,815.2999971124392,39.85333300599494,22.055423626601993,2549.6148797730807,69.48676855875333,33.28840536781698,0.0,24.51109224800319,1,1702,0.0
3125,1079.69,1.0142984752207784,813.8893569898813,39.786488518533474,22.055423626601993,2549.6148797730807,69.48675868585632,33.25955391369317,0.0,24.511138581979626,1,1702,0.0
3126,1079.6950000000002,1.0154496847179022,812.4791533367257,39.71966142236535,22.055423626601993,2549.6148797730807,69.4867488129593,33.23068639869405,0.0,24.511184875940398,1,1702,0.0
3127,1079.7,1.0166022805515444,811.0693884501128,39.6528518232116,22.055423626601993,2549.6148797730807,69.48673894006231,33.20180282805806,0.0,24.51123112986318,1,1702,0.0
3128,1079.7050000000002,1.017756263756981,809.6600646287255,39.58605982686501,22.055423626601993,2549.6148797730807,69.48672906716531,33.17290320705015,0.0,24.511277343725656,1,1702,0.0
3129,1079.71,1.018911635368581,808.2511841727832,39.51928553921134,22.055423626601993,2549.6148797730807,69.4867191942683,33.14398754096169,0.0,24.51132351750551,1,1702,0.0
3130,1079.7150000000001,1.0200683964197996,806.8427493840361,39.45252906621779,22.055423626601993,2549.6148797730807,69.4867093213713,33.115055835110596,0.0,24.51136965118044,1,1702,0.0
3131,1079.72,1.0212265479431752,805.4347625657584,39.38579051392058,22.055423626601993,2549.6148797730807,69.4866994484743,33.08610809484125,0.0,24.51141574472816,1,1702,0.0
3132,1079.7250000000001,1.0223860909703246,804.0272260227433,39.31906998845475,22.055423626601993,2549.6148797730807,69.48668957557729,33.05714432552459,0.0,24.511461798126373,1,1702,0.0
3133,1079.73,1.0235470265319369,802.6201420612958,39.25236759602996,22.055423626601993,2549.6148797730807,69.48667970268029,33.02816453255808,0.0,24.511507811352796,1,1702,0.0
3134,1079.7350000000001,1.0247093556577693,801.213512989228,39.185683442931314,22.055423626601993,2549.6148797730807,69.48666982978328,32.99916872136576,0.0,24.511553784385164,1,1702,0.0
3135,1079.74,1.0258730793766435,799.8073411158514,39.11901763553535,22.055423626601993,2549.6148797730807,69.48665995688627,32.97015689739824,0.0,24.5115997172012,1,1702,0.0
3136,1079.7450000000001,1.0270381987164374,798.4016287519712,39.05237028029287,22.055423626601993,2549.6148797730807,69.48665008398928,32.941129066132696,0.0,24.511645609778657,1,1702,0.0
3137,1079.75,1.028204714704085,796.9963782098812,38.98574148372997,22.055423626601993,2549.6148797730807,69.48664021109228,32.912085233072965,0.0,24.51169146209527,1,1702,0.0
3138,1079.755,1.0293726283655664,795.591591803357,38.91913135246843,22.055423626601993,2549.6148797730807,69.48663033819528,32.88302540374946,0.0,24.511737274128805,1,1702,0.0
3139,1079.76,1.0305419407259073,794.1872718476486,38.852539993193865,22.055423626601993,2549.6148797730807,69.48662046529826,32.85394958371926,0.0,24.511783045857026,1,1702,0.0
3140,1079.765,1.0317126528091707,792.7834206594765,38.78596751268407,22.055423626601993,2549.6148797730807,69.48661059240126,32.824857778566106,0.0,24.511828777257698,1,1702,0.0
3141,1079.77,1.032884765638454,791.3800405570244,38.71941401778375,22.055423626601993,2549.6148797730807,69.48660071950427,32.7957499939004,0.0,24.511874468308605,1,1702,0.0
3142,1079.775,1.034058280235885,789.9771338599312,38.65287961542671,22.055423626601993,2549.6148797730807,69.48659084660726,32.76662623535925,0.0,24.511920118987533,1,1702,0.0
3143,1079.78,1.0352331976226126,788.5747028892883,38.586364412623126,22.055423626601993,2549.6148797730807,69.48658097371026,32.73748650860644,0.0,24.51196572927228,1,1702,0.0
3144,1079.785,1.0364095188188072,787.1727499676311,38.519868516459006,22.055423626601993,2549.6148797730807,69.48657110081325,32.70833081933251,0.0,24.51201129914064,1,1702,0.0
3145,1079.79,1.0375872448436523,785.771277418932,38.45339203410394,22.055423626601993,2549.6148797730807,69.48656122791624,32.67915917325471,0.0,24.51205682857043,1,1702,0.0
3146,1079.795,1.038766376715341,784.3702875685966,38.38693507279831,22.055423626601993,2549.6148797730807,69.48655135501924,32.649971576117075,0.0,24.512102317539462,1,1702,0.0
3147,1079.8,1.0399469154510703,782.969782743455,38.320497739867974,22.055423626601993,2549.6148797730807,69.48654148212225,32.62076803369037,0.0,24.512147766025567,1,1702,0.0
3148,1079.805,1.0411288620670378,781.5697652717569,38.2540801427125,22.055423626601993,2549.6148797730807,69.48653160922524,32.59154855177217,0.0,24.51219317400658,1,1702,0.0
3149,1079.81,1.042312217578433,780.1702374831648,38.18768238881014,22.055423626601993,2549.6148797730807,69.48652173632823,32.56231313618685,0.0,24.512238541460338,1,1702,0.0
3150,1079.815,1.0434969829994376,778.7712017087473,38.12130458571519,22.055423626601993,2549.6148797730807,69.48651186343123,32.533061792785595,0.0,24.51228386836469,1,1702,0.0
3151,1079.8200000000002,1.0446831593432158,777.3726602809737,38.05494684105877,22.055423626601993,2549.6148797730807,69.48650199053422,32.50379452744641,0.0,24.5123291546975,1,1702,0.0
3152,1079.825,1.045870747621913,775.9746155337064,37.98860926254711,22.055423626601993,2549.6148797730807,69.48649211763723,32.47451134607416,0.0,24.51237440043663,1,1702,0.0
3153,1079.8300000000002,1.0470597488466473,774.5770698021952,37.92229195797014,22.055423626601993,2549.6148797730807,69.48648224474022,32.44521225460058,0.0,24.512419605559955,1,1702,0.0
3154,1079.835,1.0482501640275077,773.1800254230712,37.8559950351844,22.055423626601993,2549.6148797730807,69.4864723718432,32.415897258984245,0.0,24.512464770045355,1,1702,0.0
3155,1079.8400000000001,1.0494419941735469,771.7834847343391,37.789718602124395,22.055423626601993,2549.6148797730807,69.48646249894621,32.38656636521066,0.0,24.51250989387072,1,1702,0.0
3156,1079.845,1.0506352402927788,770.3874500753725,37.72346276680615,22.055423626601993,2549.6148797730807,69.48645262604921,32.35721957929223,0.0,24.512554977013956,1,1702,0.0
3157,1079.8500000000001,1.05182990339217,768.9919237869052,37.65722763731393,22.055423626601993,2549.6148797730807,69.4864427531522,32.32785690726825,0.0,24.51260001945296,1,1702,0.0
3158,1079.855,1.0530259844776382,767.5969082110272,37.59101332181443,22.055423626601993,2549.6148797730807,69.4864328802552,32.298478355204985,0.0,24.512645021165657,1,1702,0.0
3159,1079.8600000000001,1.0542234845540446,766.2024056911763,37.52481992853966,22.055423626601993,2549.6148797730807,69.4864230073582,32.26908392919564,0.0,24.51268998212996,1,1702,0.0
3160,1079.865,1.0554224046251908,764.8084185721323,37.458647565805826,22.055423626601993,2549.6148797730807,69.48641313446119,32.23967363536038,0.0,24.512734902323807,1,1702,0.0
3161,1079.8700000000001,1.0566227456938126,763.4149492000106,37.39249634199535,22.055423626601993,2549.6148797730807,69.48640326156419,32.210247479846366,0.0,24.512779781725133,1,1702,0.0
3162,1079.875,1.0578245087615754,762.0219999222552,37.32636636556784,22.055423626601993,2549.6148797730807,69.4863933886672,32.18080546882773,0.0,24.512824620311896,1,1702,0.0
3163,1079.88,1.05902769482907,760.6295730876319,37.26025774505783,22.055423626601993,2549.6148797730807,69.48638351577017,32.151347608505624,0.0,24.512869418062046,1,1702,0.0
3164,1079.885,1.060232304895806,759.2376710462233,37.1941705890744,22.055423626601993,2549.6148797730807,69.48637364287318,32.12187390510823,0.0,24.512914174953547,1,1702,0.0
3165,1079.89,1.0614383399602076,757.8462961494208,37.128105006298306,22.055423626601993,2549.6148797730807,69.48636376997618,32.09238436489076,0.0,24.51295889096438,1,1702,0.0
3166,1079.895,1.0626458010196085,756.455450749917,37.06206110547623,22.055423626601993,2549.6148797730807,69.48635389707917,32.062878994135474,0.0,24.51300356607252,1,1702,0.0
3167,1079.9,1.0638546890702476,755.0651372017013,36.996038995439456,22.055423626601993,2549.6148797730807,69.48634402418217,32.03335779915171,0.0,24.513048200255962,1,1702,0.0
3168,1079.905,1.0650650051072623,753.6753578600521,36.930038785084605,22.055423626601993,2549.6148797730807,69.48633415128516,32.00382078627587,0.0,24.51309279349271,1,1702,0.0
3169,1079.91,1.066276750124685,752.2861150815306,36.86406058337999,22.055423626601993,2549.6148797730807,69.48632427838815,31.974267961871462,0.0,24.513137345760768,1,1702,0.0
3170,1079.915,1.0674899251154377,750.8974112239731,36.798104499369956,22.055423626601993,2549.6148797730807,69.48631440549116,31.944699332329094,0.0,24.513181857038155,1,1702,0.0
3171,1079.92,1.0687045310713257,749.5092486464849,36.73217064216606,22.055423626601993,2549.6148797730807,69.48630453259416,31.9151149040665,0.0,24.513226327302895,1,1702,0.0
3172,1079.925,1.0699205689830353,748.1216297094345,36.666259120956866,22.055423626601993,2549.6148797730807,69.48629465969715,31.885514683528555,0.0,24.513270756533025,1,1702,0.0
3173,1079.93,1.0711380398401242,746.7345567744451,36.60037004499535,22.055423626601993,2549.6148797730807,69.48628478680014,31.85589867718727,0.0,24.513315144706592,1,1702,0.0
3174,1079.935,1.0723569446310224,745.3480322043898,36.534503523606936,22.055423626601993,2549.6148797730807,69.48627491390315,31.826266891541827,0.0,24.51335949180164,1,1702,0.0
3175,1079.94,1.0735772843430214,743.9620583633827,36.468659666189204,22.055423626601993,2549.6148797730807,69.48626504100613,31.796619333118574,0.0,24.51340379779624,1,1702,0.0
3176,1079.9450000000002,1.0747990599622737,742.5766376167733,36.402838582209164,22.055423626601993,2549.6148797730807,69.48625516810914,31.76695600847106,0.0,24.51344806266846,1,1702,0.0
3177,1079.95,1.0760222724737847,741.1917723311403,36.33704038120597,22.055423626601993,2549.6148797730807,69.48624529521213,31.737276924180026,0.0,24.513492286396378,1,1702,0.0
3178,1079.9550000000002,1.0772469228614086,739.8074648742836,36.27126517278547,22.055423626601993,2549.6148797730807,69.48623542231512,31.707582086853435,0.0,24.513536468958083,1,1702,0.0
3179,1079.96,1.078473012107844,738.4237176152178,36.205513066623304,22.055423626601993,2549.6148797730807,69.48622554941812,31.677871503126475,0.0,24.51358061033168,1,1702,0.0
3180,1079.9650000000001,1.0797005411946274,737.0405329241656,36.13978417246195,22.055423626601993,2549.6148797730807,69.48621567652113,31.648145179661586,0.0,24.513624710495264,1,1702,0.0
3181,1079.97,1.0809295111021293,735.6579131725514,36.07407860011939,22.055423626601993,2549.6148797730807,69.48620580362413,31.61840312314845,0.0,24.513668769426957,1,1702,0.0
3182,1079.9750000000001,1.0821599228095482,734.2758607329928,36.008396459475335,22.055423626601993,2549.6148797730807,69.4861959307271,31.588645340304016,0.0,24.51371278710489,1,1702,0.0
3183,1079.98,1.0833917772949069,732.8943779792954,35.94273786047983,22.055423626601993,2549.6148797730807,69.48618605783011,31.558871837872527,0.0,24.51375676350719,1,1702,0.0
3184,1079.9850000000001,1.0846250755350455,731.5134672864457,35.87710291315547,22.055423626601993,2549.6148797730807,69.48617618493311,31.52908262262551,0.0,24.513800698612002,1,1702,0.0
3185,1079.99,1.0858598185056185,730.1331310306023,35.81149172758182,22.055423626601993,2549.6148797730807,69.4861663120361,31.499277701361795,0.0,24.51384459239748,1,1702,0.0
3186,1079.9950000000001,1.0870960071810867,728.7533715890913,35.74590441391887,22.055423626601993,2549.6148797730807,69.48615643913911,31.46945708090753,0.0,24.51388844484179,1,1702,0.0
3187,1080.0,1.0883336425347154,727.3741913403984,35.680341082384224,22.055423626601993,2549.6148797730807,69.4861465662421,31.439620768116207,0.0,24.513932255923095,1,1702,0.0
3188,1080.005,1.0895727255385674,725.9955926641614,35.61480184326433,22.055423626601993,2549.6148797730807,69.48613669334509,31.40976876986865,0.0,24.513976025619588,1,1702,0.0
3189,1080.01,1.0908132571634972,724.6175779411645,35.54928680691691,22.055423626601993,2549.6148797730807,69.48612682044809,31.379901093073038,0.0,24.514019753909448,1,1702,0.0
3190,1080.015,1.0920552383791478,723.2401495533298,35.48379608375726,22.055423626601993,2549.6148797730807,69.4861169475511,31.350017744664928,0.0,24.514063440770883,1,1702,0.0
3191,1080.02,1.0932986701539447,721.8633098837113,35.418329784276736,22.055423626601993,2549.6148797730807,69.48610707465409,31.320118731607245,0.0,24.514107086182104,1,1702,0.0
3192,1080.025,1.09454355345509,720.4870613164874,35.35288801902191,22.055423626601993,2549.6148797730807,69.48609720175708,31.29020406089031,0.0,24.514150690121326,1,1702,0.0
3193,1080.03,1.095789889248559,719.111406236954,35.287470898612355,22.055423626601993,2549.6148797730807,69.48608732886008,31.26027373953185,0.0,24.51419425256678,1,1702,0.0
3194,1080.035,1.0970376784990927,717.7363470315171,35.222078533732066,22.055423626601993,2549.6148797730807,69.48607745596307,31.23032777457701,0.0,24.51423777349671,1,1702,0.0
3195,1080.04,1.0982869221701947,716.3618860876869,35.156711035125454,22.055423626601993,2549.6148797730807,69.48606758306607,31.200366173098363,0.0,24.51428125288935,1,1702,0.0
3196,1080.045,1.0995376212241257,714.9880257940691,35.09136851360727,22.055423626601993,2549.6148797730807,69.48605771016906,31.17038894219591,0.0,24.51432469072297,1,1702,0.0
3197,1080.05,1.100789776621897,713.6147685403585,35.02605108004768,22.055423626601993,2549.6148797730807,69.48604783727205,31.140396088997115,0.0,24.514368086975836,1,1702,0.0
3198,1080.055,1.1020433893232673,712.2421167173319,34.96075884539185,22.055423626601993,2549.6148797730807,69.48603796437506,31.1103876206569,0.0,24.514411441626223,1,1702,0.0
3199,1080.06,1.1032984602867353,710.8700727168412,34.895491920643074,22.055423626601993,2549.6148797730807,69.48602809147806,31.08036354435767,0.0,24.514454754652423,1,1702,0.0
3200,1080.065,1.1045549904695375,709.4986389318055,34.83025041686525,22.055423626601993,2549.6148797730807,69.48601821858105,31.050323867309302,0.0,24.51449802603273,1,1702,0.0
3201,1080.0700000000002,1.1058129808276396,708.1278177562049,34.76503444518801,22.055423626601993,2549.6148797730807,69.48600834568404,31.020268596749183,0.0,24.51454125574545,1,1702,0.0
3202,1080.075,1.107072432315734,706.7576115850724,34.69984411680651,22.055423626601993,2549.6148797730807,69.48599847278705,30.990197739942193,0.0,24.5145844437689,1,1702,0.0
3203,1080.0800000000002,1.1083333458872333,705.3880228144867,34.63467954297378,22.055423626601993,2549.6148797730807,69.48598859989004,30.960111304180746,0.0,24.51462759008141,1,1702,0.0
3204,1080.085,1.1095957224942652,704.019053841566,34.56954083500655,22.055423626601993,2549.6148797730807,69.48597872699304,30.930009296784778,0.0,24.51467069466132,1,1702,0.0
3205,1080.0900000000001,1.1108595630876685,702.6507070644599,34.50442810428657,22.055423626601993,2549.6148797730807,69.48596885409603,30.899891725101767,0.0,24.514713757486973,1,1702,0.0
3206,1080.095,1.112124868616986,701.2829848823417,34.43934146225221,22.055423626601993,2549.6148797730807,69.48595898119902,30.869758596506742,0.0,24.51475677853673,1,1702,0.0
3207,1080.1000000000001,1.1133916400304613,699.9158896954026,34.374281020406144,22.055423626601993,2549.6148797730807,69.48594910830202,30.83960991840231,0.0,24.51479975778895,1,1702,0.0
3208,1080.105,1.1146598782750317,698.5494239048429,34.30924689031217,22.055423626601993,2549.6148797730807,69.48593923540503,30.809445698218628,0.0,24.514842695222022,1,1702,0.0
3209,1080.1100000000001,1.1159295842963242,697.1835899128656,34.244239183590835,22.055423626601993,2549.6148797730807,69.48592936250802,30.77926594341345,0.0,24.514885590814327,1,1702,0.0
3210,1080.115,1.1172007590386501,695.8183901226686,34.17925801192693,22.055423626601993,2549.6148797730807,69.48591948961102,30.749070661472125,0.0,24.514928444544267,1,1702,0.0
3211,1080.1200000000001,1.118473403445,694.453826938438,34.11430348706918,22.055423626601993,2549.6148797730807,69.48590961671401,30.71885985990761,0.0,24.514971256390247,1,1702,0.0
3212,1080.125,1.1197475184570373,693.0899027653401,34.04937572081631,22.055423626601993,2549.6148797730807,69.485899743817,30.688633546260473,0.0,24.515014026330686,1,1702,0.0
3213,1080.13,1.121023105015096,691.7266200095139,33.98447482503354,22.055423626601993,2549.6148797730807,69.48588987092,30.658391728098902,0.0,24.51505675434402,1,1702,0.0
3214,1080.135,1.1223001640581713,690.3639810780643,33.91960091164043,22.055423626601993,2549.6148797730807,69.48587999802301,30.62813441301873,0.0,24.515099440408683,1,1702,0.0
3215,1080.14,1.1235786965239174,689.0019883790549,33.854754092622805,22.055423626601993,2549.6148797730807,69.485870125126,30.597861608643438,0.0,24.515142084503122,1,1702,0.0
3216,1080.145,1.1248587033486417,687.6406443214995,33.78993448001963,22.055423626601993,2549.6148797730807,69.48586025222899,30.567573322624156,0.0,24.515184686605803,1,1702,0.0
3217,1080.15,1.126140185467299,686.2799513153557,33.72514218592649,22.055423626601993,2549.6148797730807,69.48585037933199,30.537269562639683,0.0,24.5152272466952,1,1702,0.0
3218,1080.155,1.1274231438134874,684.9199117715168,33.66037732250214,22.055423626601993,2549.6148797730807,69.48584050643498,30.506950336396493,0.0,24.51526976474979,1,1702,0.0
3219,1080.16,1.128707579319441,683.5605281018051,33.595640001958095,22.055423626601993,2549.6148797730807,69.48583063353799,30.47661565162875,0.0,24.515312240748067,1,1702,0.0
3220,1080.165,1.1299934929160267,682.2018027189633,33.530930336569206,22.055423626601993,2549.6148797730807,69.48582076064098,30.44626551609831,0.0,24.51535467466853,1,1702,0.0
3221,1080.17,1.1312808855327379,680.8437380366483,33.46624843865905,22.055423626601993,2549.6148797730807,69.48581088774397,30.415899937594737,0.0,24.515397066489697,1,1702,0.0
3222,1080.175,1.1325697580976897,679.4863364694224,33.401594420617734,22.055423626601993,2549.6148797730807,69.48580101484697,30.3855189239353,0.0,24.515439416190095,1,1702,0.0
3223,1080.18,1.1338601115376135,678.1296004327472,33.33696839488238,22.055423626601993,2549.6148797730807,69.48579114194997,30.355122482965005,0.0,24.515481723748252,1,1702,0.0
3224,1080.185,1.1351519467778517,676.7735323429745,33.27237047395511,22.055423626601993,2549.6148797730807,69.48578126905296,30.32471062255658,0.0,24.51552398914272,1,1702,0.0
3225,1080.19,1.1364452647423533,675.41813461734,33.207800770381446,22.055423626601993,2549.6148797730807,69.48577139615595,30.294283350610502,0.0,24.515566212352052,1,1702,0.0
3226,1080.1950000000002,1.1377400663536663,674.063409673955,33.143259396779015,22.055423626601993,2549.6148797730807,69.48576152325896,30.263840675055,0.0,24.515608393354817,1,1702,0.0
3227,1080.2,1.139036352532936,672.7093599317996,33.07874646580696,22.055423626601993,2549.6148797730807,69.48575165036196,30.233382603846056,0.0,24.515650532129598,1,1702,0.0
3228,1080.2050000000002,1.140334124199895,671.355987810714,33.01426209018776,22.055423626601993,2549.6148797730807,69.48574177746495,30.20290914496743,0.0,24.51569262865498,1,1702,0.0
3229,1080.21,1.141633382272864,670.0032957313916,32.94980638268939,22.055423626601993,2549.6148797730807,69.48573190456796,30.172420306430652,0.0,24.51573468290956,1,1702,0.0
3230,1080.2150000000001,1.1429341276687406,668.6512861153717,32.88537945614437,22.055423626601993,2549.6148797730807,69.48572203167095,30.14191609627505,0.0,24.515776694871956,1,1702,0.0
3231,1080.22,1.1442363613029987,667.2999613850312,32.82098142343483,22.055423626601993,2549.6148797730807,69.48571215877394,30.111396522567738,0.0,24.515818664520793,1,1702,0.0
3232,1080.2250000000001,1.1455400840896792,665.949323963577,32.7566123974935,22.055423626601993,2549.6148797730807,69.48570228587694,30.080861593403636,0.0,24.515860591834695,1,1702,0.0
3233,1080.23,1.1468452969413887,664.5993762750384,32.69227249131104,22.055423626601993,2549.6148797730807,69.48569241297994,30.05031131690548,0.0,24.515902476792313,1,1702,0.0
3234,1080.2350000000001,1.148152000769291,663.2501207442599,32.62796181792712,22.055423626601993,2549.6148797730807,69.48568254008293,30.019745701223826,0.0,24.515944319372306,1,1702,0.0
3235,1080.24,1.149460196483103,661.901559796893,32.56368049043689,22.055423626601993,2549.6148797730807,69.48567266718592,29.98916475453706,0.0,24.515986119553332,1,1702,0.0
3236,1080.2450000000001,1.1507698849910906,660.5536958593884,32.49942862199213,22.055423626601993,2549.6148797730807,69.48566279428893,29.9585684850514,0.0,24.51602787731408,1,1702,0.0
3237,1080.25,1.1520810672000619,659.2065313589887,32.43520632578374,22.055423626601993,2549.6148797730807,69.48565292139192,29.927956901000922,0.0,24.516069592633233,1,1702,0.0
3238,1080.255,1.1533937440153614,657.8600687237204,32.37101371506866,22.055423626601993,2549.6148797730807,69.48564304849492,29.89733001064754,0.0,24.516111265489496,1,1702,0.0
3239,1080.26,1.1547079163408671,656.514310382386,32.306850903145985,22.055423626601993,2549.6148797730807,69.48563317559791,29.866687822281044,0.0,24.516152895861577,1,1702,0.0
3240,1080.265,1.1560235850789833,655.1692587645565,32.24271800336927,22.055423626601993,2549.6148797730807,69.4856233027009,29.836030344219086,0.0,24.516194483728206,1,1702,0.0
3241,1080.27,1.1573407511306348,653.8249163005637,32.17861512914235,22.055423626601993,2549.6148797730807,69.4856134298039,29.805357584807194,0.0,24.516236029068114,1,1702,0.0
3242,1080.275,1.1586594153952643,652.4812854214916,32.11454239392122,22.055423626601993,2549.6148797730807,69.48560355690691,29.774669552418786,0.0,24.51627753186005,1,1702,0.0
3243,1080.28,1.159979578770824,651.1383685591703,32.05049991120884,22.055423626601993,2549.6148797730807,69.4855936840099,29.743966255455174,0.0,24.516318992082773,1,1702,0.0
3244,1080.285,1.1613012421537725,649.796168146166,31.98648779456043,22.055423626601993,2549.6148797730807,69.48558381111289,29.71324770234556,0.0,24.516360409715052,1,1702,0.0
3245,1080.29,1.162624406439069,648.4546866157746,31.92250615757894,22.055423626601993,2549.6148797730807,69.4855739382159,29.68251390154706,0.0,24.516401784735667,1,1702,0.0
3246,1080.295,1.1639490725201664,647.1139264020135,31.85855511392174,22.055423626601993,2549.6148797730807,69.48556406531888,29.651764861544713,0.0,24.516443117123416,1,1702,0.0
3247,1080.3,1.1652752412890082,645.7738899396139,31.79463477728672,22.055423626601993,2549.6148797730807,69.48555419242189,29.621000590851466,0.0,24.516484406857103,1,1702,0.0
3248,1080.305,1.1666029136360228,644.4345796640124,31.730745261424428,22.055423626601993,2549.6148797730807,69.48554431952488,29.590221098008197,0.0,24.516525653915537,1,1702,0.0
3249,1080.31,1.1679320904501163,643.0959980113431,31.666886680135793,22.055423626601993,2549.6148797730807,69.48553444662787,29.55942639158373,0.0,24.51656685827756,1,1702,0.0
3250,1080.315,1.1692627726186704,641.7581474184306,31.603059147265267,22.055423626601993,2549.6148797730807,69.48552457373087,29.528616480174826,0.0,24.516608019922,1,1702,0.0
3251,1080.3200000000002,1.170594961027533,640.4210303227812,31.539262776710267,22.055423626601993,2549.6148797730807,69.48551470083387,29.497791372406187,0.0,24.516649138827717,1,1702,0.0
3252,1080.325,1.1719286565610172,639.0846491625753,31.475497682410218,22.055423626601993,2549.6148797730807,69.48550482793686,29.46695107693049,0.0,24.516690214973572,1,1702,0.0
3253,1080.3300000000002,1.1732638601018928,637.749006376659,31.411763978354138,22.055423626601993,2549.6148797730807,69.48549495503985,29.43609560242836,0.0,24.51673124833844,1,1702,0.0
3254,1080.335,1.1746005725313824,636.414104404537,31.348061778576664,22.055423626601993,2549.6148797730807,69.48548508214286,29.405224957608393,0.0,24.516772238901215,1,1702,0.0
3255,1080.3400000000001,1.1759387947291562,635.0799456863634,31.284391197160375,22.055423626601993,2549.6148797730807,69.48547520924585,29.374339151207174,0.0,24.516813186640785,1,1702,0.0
3256,1080.345,1.1772785275733255,633.7465326629354,31.220752348230214,22.055423626601993,2549.6148797730807,69.48546533634885,29.343438191989254,0.0,24.51685409153608,1,1702,0.0
3257,1080.3500000000001,1.1786197719404392,632.4138677756829,31.157145345960863,22.055423626601993,2549.6148797730807,69.48545546345186,29.312522088747183,0.0,24.516894953566002,1,1702,0.0
3258,1080.355,1.179962528705476,631.081953466663,31.093570304570637,22.055423626601993,2549.6148797730807,69.48544559055485,29.281590850301498,0.0,24.516935772709502,1,1702,0.0
3259,1080.3600000000001,1.1813067987418415,629.7507921785501,31.03002733832199,22.055423626601993,2549.6148797730807,69.48543571765784,29.250644485500747,0.0,24.51697654894553,1,1702,0.0
3260,1080.365,1.1826525829213617,628.420386354629,30.966516561524248,22.055423626601993,2549.6148797730807,69.48542584476084,29.219683003221473,0.0,24.517017282253036,1,1702,0.0
3261,1080.3700000000001,1.1839998821142776,627.0907384387859,30.903038088527094,22.055423626601993,2549.6148797730807,69.48541597186383,29.188706412368244,0.0,24.517057972611,1,1702,0.0
3262,1080.375,1.1853486971892404,625.7618508755014,30.839592033726394,22.055423626601993,2549.6148797730807,69.48540609896683,29.157714721873642,0.0,24.517098619998404,1,1702,0.0
3263,1080.38,1.1866990290133057,624.4337261098411,30.77617851156431,22.055423626601993,2549.6148797730807,69.48539622606982,29.126707940698264,0.0,24.51713922439425,1,1702,0.0
3264,1080.385,1.1880508784519284,623.1063665874484,30.7127976365218,22.055423626601993,2549.6148797730807,69.48538635317281,29.095686077830752,0.0,24.517179785777536,1,1702,0.0
3265,1080.39,1.1894042463689567,621.7797747545364,30.649449523124677,22.055423626601993,2549.6148797730807,69.48537648027582,29.06464914228777,0.0,24.5172203041273,1,1702,0.0
3266,1080.395,1.1907591336266283,620.4539530578792,30.586134285944816,22.055423626601993,2549.6148797730807,69.48536660737882,29.033597143114033,0.0,24.517260779422564,1,1702,0.0
3267,1080.4,1.1921155410855633,619.1289039448039,30.522852039588187,22.055423626601993,2549.6148797730807,69.48535673448181,29.002530089382297,0.0,24.517301211642383,1,1702,0.0
3268,1080.405,1.19347346960476,617.8046298631832,30.459602898708848,22.055423626601993,2549.6148797730807,69.4853468615848,28.971447990193365,0.0,24.517341600765814,1,1702,0.0
3269,1080.41,1.1948329200415893,616.4811332614257,30.396386978003807,22.055423626601993,2549.6148797730807,69.4853369886878,28.940350854676105,0.0,24.517381946771927,1,1702,0.0
3270,1080.415,1.1961938932517888,615.1584165884695,30.333204392207772,22.055423626601993,2549.6148797730807,69.48532711579081,28.909238691987444,0.0,24.517422249639804,1,1702,0.0
3271,1080.42,1.1975563900894586,613.8364822937722,30.270055256094807,22.055423626601993,2549.6148797730807,69.4853172428938,28.878111511312365,0.0,24.51746250934855,1,1702,0.0
3272,1080.425,1.1989204114070546,612.5153328273042,30.206939684484986,22.055423626601993,2549.6148797730807,69.48530736999679,28.846969321863934,0.0,24.517502725877268,1,1702,0.0
3273,1080.43,1.2002859580553844,611.1949706395394,30.143857792234407,22.055423626601993,2549.6148797730807,69.4852974970998,28.815812132883295,0.0,24.517542899205086,1,1702,0.0
3274,1080.435,1.2016530308836006,609.875398181448,30.080809694240045,22.055423626601993,2549.6148797730807,69.48528762420278,28.784639953639658,0.0,24.517583029311137,1,1702,0.0
3275,1080.44,1.2030216307391968,608.5566179044869,30.01779550544205,22.055423626601993,2549.6148797730807,69.48527775130579,28.753452793430327,0.0,24.517623116174565,1,1702,0.0
3276,1080.4450000000002,1.2043917584680013,607.2386322605925,29.954815340812846,22.055423626601993,2549.6148797730807,69.48526787840879,28.722250661580695,0.0,24.51766315977454,1,1702,0.0
3277,1080.45,1.2057634149141723,605.9214437021717,29.89186931537198,22.055423626601993,2549.6148797730807,69.48525800551178,28.69103356744425,0.0,24.517703160090228,1,1702,0.0
3278,1080.4550000000002,1.2071366009201916,604.6050546820945,29.828957544168873,22.055423626601993,2549.6148797730807,69.48524813261477,28.65980152040257,0.0,24.517743117100817,1,1702,0.0
3279,1080.46,1.2085113173268618,603.2894676536846,29.7660801422975,22.055423626601993,2549.6148797730807,69.48523825971778,28.628554529865344,0.0,24.517783030785512,1,1702,0.0
3280,1080.4650000000001,1.2098875649732972,601.9746850707119,29.703237224888426,22.055423626601993,2549.6148797730807,69.48522838682076,28.597292605270358,0.0,24.51782290112352,1,1702,0.0
3281,1080.47,1.211265344696921,600.6607093873836,29.640428907107964,22.055423626601993,2549.6148797730807,69.48521851392377,28.566015756083512,0.0,24.517862728094062,1,1702,0.0
3282,1080.4750000000001,1.2126446573334597,599.3475430583363,29.577655304161414,22.055423626601993,2549.6148797730807,69.48520864102676,28.534723991798828,0.0,24.51790251167639,1,1702,0.0
3283,1080.48,1.2140255037169363,598.0351885386273,29.514916531291412,22.055423626601993,2549.6148797730807,69.48519876812975,28.503417321938432,0.0,24.517942251849743,1,1702,0.0
3284,1080.4850000000001,1.2154078846796665,596.7236482837263,29.452212703774396,22.055423626601993,2549.6148797730807,69.48518889523275,28.47209575605257,0.0,24.51798194859339,1,1702,0.0
3285,1080.49,1.2167918010522538,595.4129247495072,29.389543936924863,22.055423626601993,2549.6148797730807,69.48517902233576,28.44075930371963,0.0,24.518021601886613,1,1702,0.0
3286,1080.4950000000001,1.2181772536635809,594.1030203922393,29.326910346093623,22.055423626601993,2549.6148797730807,69.48516914943875,28.40940797454611,0.0,24.518061211708698,1,1702,0.0
3287,1080.5,1.2195642433408085,592.7939376685791,29.26431204666612,22.055423626601993,2549.6148797730807,69.48515927654174,28.37804177816665,0.0,24.518100778038953,1,1702,0.0
3288,1080.505,1.2209527709093668,591.4856790355625,29.20174915406463,22.055423626601993,2549.6148797730807,69.48514940364474,28.346660724244014,0.0,24.518140300856693,1,1702,0.0
3289,1080.51,1.2223428371929517,590.1782469505947,29.13922178374169,22.055423626601993,2549.6148797730807,69.48513953074773,28.315264822469118,0.0,24.51817978014125,1,1702,0.0
3290,1080.515,1.223734443013519,588.8716438714437,29.076730051189276,22.055423626601993,2549.6148797730807,69.48512965785073,28.283854082561,0.0,24.51821921587197,1,1702,0.0
3291,1080.52,1.22512758919128,587.5658722562299,29.014274071930043,22.055423626601993,2549.6148797730807,69.48511978495372,28.25242851426686,0.0,24.51825860802821,1,1702,0.0
3292,1080.525,1.2265222765446928,586.2609345634196,28.951853961525853,22.055423626601993,2549.6148797730807,69.48510991205671,28.22098812736203,0.0,24.51829795658934,1,1702,0.0
3293,1080.53,1.2279185058904616,584.9568332518149,28.88946983556347,22.055423626601993,2549.6148797730807,69.48510003915972,28.189532931650003,0.0,24.518337261534743,1,1702,0.0
3294,1080.535,1.2293162780435278,583.6535707805459,28.82712180966837,22.055423626601993,2549.6148797730807,69.48509016626272,28.15806293696241,0.0,24.518376522843823,1,1702,0.0
3295,1080.54,1.230715593817067,582.3511496090622,28.764809999498908,22.055423626601993,2549.6148797730807,69.48508029336571,28.12657815315905,0.0,24.51841574049599,1,1702,0.0
3296,1080.545,1.2321164540224807,581.049572197124,28.70253452074258,22.055423626601993,2549.6148797730807,69.4850704204687,28.095078590127866,0.0,24.518454914470663,1,1702,0.0
3297,1080.55,1.2335188594693942,579.7488410047938,28.64029548912217,22.055423626601993,2549.6148797730807,69.4850605475717,28.06356425778497,0.0,24.51849404474729,1,1702,0.0
3298,1080.555,1.2349228109656494,578.4489584924281,28.57809302039243,22.055423626601993,2549.6148797730807,69.4850506746747,28.032035166074635,0.0,24.518533131305315,1,1702,0.0
3299,1080.56,1.2363283093172988,577.1499271206682,28.51592723033413,22.055423626601993,2549.6148797730807,69.4850408017777,28.00049132496929,0.0,24.518572174124213,1,1702,0.0
3300,1080.565,1.2377353553286023,575.8517493504322,28.453798234765575,22.055423626601993,2549.6148797730807,69.4850309288807,27.96893274446953,0.0,24.518611173183462,1,1702,0.0
3301,1080.5700000000002,1.2391439498020205,574.5544276429059,28.391706149530016,22.055423626601993,2549.6148797730807,69.48502105598368,27.937359434604126,0.0,24.518650128462554,1,1702,0.0
3302,1080.575,1.2405540935382082,573.2579644595347,28.329651090504242,22.055423626601993,2549.6148797730807,69.48501118308668,27.90577140543001,0.0,24.518689039940995,1,1702,0.0
3303,1080.5800000000002,1.2419657873360117,571.9623622620144,28.267633173597467,22.055423626601993,2549.6148797730807,69.48500131018969,27.87416866703228,0.0,24.51872790759831,1,1702,0.0
3304,1080.585,1.2433790319924605,570.6676235122832,28.20565251474064,22.055423626601993,2549.6148797730807,69.48499143729268,27.842551229524222,0.0,24.518766731414033,1,1702,0.0
3305,1080.5900000000001,1.2447938283027653,569.3737506725123,28.143709229903298,22.055423626601993,2549.6148797730807,69.48498156439568,27.81091910304728,0.0,24.518805511367713,1,1702,0.0
3306,1080.595,1.2462101770603082,568.080746205098,28.081803435073887,22.055423626601993,2549.6148797730807,69.48497169149867,27.77927229777108,0.0,24.518844247438913,1,1702,0.0
3307,1080.6000000000001,1.2476280790566419,566.7886125726525,28.01993524628002,22.055423626601993,2549.6148797730807,69.48496181860166,27.747610823893424,0.0,24.518882939607213,1,1702,0.0
3308,1080.605,1.2490475350814818,565.4973522379955,27.958104779567183,22.055423626601993,2549.6148797730807,69.48495194570467,27.715934691640296,0.0,24.518921587852205,1,1702,0.0
3309,1080.6100000000001,1.2504685459226996,564.2069676641454,27.896312151015753,22.055423626601993,2549.6148797730807,69.48494207280767,27.68424391126585,0.0,24.51896019215349,1,1702,0.0
3310,1080.615,1.251891112366321,562.9174613143107,27.834557476730794,22.055423626601993,2549.6148797730807,69.48493219991066,27.652538493052422,0.0,24.518998752490695,1,1702,0.0
3311,1080.6200000000001,1.253315235196518,561.6288356518806,27.772840872843947,22.055423626601993,2549.6148797730807,69.48492232701365,27.620818447310537,0.0,24.519037268843448,1,1702,0.0
3312,1080.625,1.2547409151956048,560.3410931404177,27.71116245551453,22.055423626601993,2549.6148797730807,69.48491245411665,27.589083784378886,0.0,24.5190757411914,1,1702,0.0
3313,1080.63,1.2561681531440305,559.0542362436476,27.64952234093015,22.055423626601993,2549.6148797730807,69.48490258121966,27.55733451462436,0.0,24.519114169514214,1,1702,0.0
3314,1080.635,1.2575969498203763,557.7682674254511,27.587920645298496,22.055423626601993,2549.6148797730807,69.48489270832265,27.525570648442017,0.0,24.519152553791564,1,1702,0.0
3315,1080.64,1.2590273060013477,556.4831891498558,27.526357484859904,22.055423626601993,2549.6148797730807,69.48488283542564,27.493792196255104,0.0,24.519190894003145,1,1702,0.0
3316,1080.645,1.2604592224617719,555.1990038810258,27.464832975874515,22.055423626601993,2549.6148797730807,69.48487296252864,27.461999168515057,0.0,24.51922919012866,1,1702,0.0
3317,1080.65,1.2618926999745892,553.9157140832548,27.403347234630072,22.055423626601993,2549.6148797730807,69.48486308963163,27.43019157570149,0.0,24.51926744214783,1,1702,0.0
3318,1080.655,1.26332773931085,552.633322220956,27.34190037743763,22.055423626601993,2549.6148797730807,69.48485321673463,27.39836942832219,0.0,24.519305650040383,1,1702,0.0
3319,1080.66,1.2647643412397078,551.351830758653,27.280492520635338,22.055423626601993,2549.6148797730807,69.48484334383764,27.366532736913154,0.0,24.51934381378608,1,1702,0.0
3320,1080.665,1.2662025065284157,550.071242160973,27.219123780579412,22.055423626601993,2549.6148797730807,69.48483347094061,27.33468151203854,0.0,24.519381933364677,1,1702,0.0
3321,1080.67,1.2676422359423198,548.7915588926354,27.157794273655607,22.055423626601993,2549.6148797730807,69.48482359804362,27.3028157642907,0.0,24.51942000875595,1,1702,0.0
3322,1080.675,1.2690835302448533,547.5127834184447,27.09650411626945,22.055423626601993,2549.6148797730807,69.48481372514662,27.27093550429016,0.0,24.519458039939696,1,1702,0.0
3323,1080.68,1.2705263901975319,546.2349182032806,27.03525342484828,22.055423626601993,2549.6148797730807,69.48480385224961,27.239040742685646,0.0,24.519496026895723,1,1702,0.0
3324,1080.685,1.2719708165599488,544.9579657120901,26.974042315844244,22.055423626601993,2549.6148797730807,69.48479397935262,27.207131490154048,0.0,24.519533969603852,1,1702,0.0
3325,1080.69,1.2734168100897683,543.6819284098777,26.91287090573175,22.055423626601993,2549.6148797730807,69.4847841064556,27.175207757400447,0.0,24.519571868043915,1,1702,0.0
3326,1080.6950000000002,1.2748643715427217,542.406808761697,26.851739311006057,22.055423626601993,2549.6148797730807,69.4847742335586,27.143269555158113,0.0,24.51960972219577,1,1702,0.0
3327,1080.7,1.2763135016725997,541.1326092326419,26.790647648180745,22.055423626601993,2549.6148797730807,69.4847643606616,27.11131689418848,0.0,24.519647532039283,1,1702,0.0
3328,1080.7050000000002,1.277764201231251,539.8593322878372,26.72959603379236,22.055423626601993,2549.6148797730807,69.4847544877646,27.079349785281167,0.0,24.51968529755433,1,1702,0.0
3329,1080.71,1.2792164709685716,538.5869803924298,26.668584584402225,22.055423626601993,2549.6148797730807,69.4847446148676,27.047368239253977,0.0,24.51972301872081,1,1702,0.0
3330,1080.7150000000001,1.2806703116325036,537.3155560115805,26.607613416585398,22.055423626601993,2549.6148797730807,69.48473474197058,27.015372266952888,0.0,24.51976069551863,1,1702,0.0
3331,1080.72,1.282125723969029,536.0450616104537,26.54668264693744,22.055423626601993,2549.6148797730807,69.48472486907359,26.983361879252055,0.0,24.519798327927724,1,1702,0.0
3332,1080.7250000000001,1.2835827087221625,534.7754996542096,26.4857923920797,22.055423626601993,2549.6148797730807,69.48471499617658,26.951337087053798,0.0,24.51983591592803,1,1702,0.0
3333,1080.73,1.2850412666339481,533.5068726079945,26.42494276864481,22.055423626601993,2549.6148797730807,69.48470512327958,26.91929790128863,0.0,24.5198734594995,1,1702,0.0
3334,1080.7350000000001,1.2865013984444527,532.2391829369327,26.364133893289896,22.055423626601993,2549.6148797730807,69.48469525038257,26.887244332915213,0.0,24.51991095862211,1,1702,0.0
3335,1080.74,1.2879631048917624,530.9724331061159,26.30336588268619,22.055423626601993,2549.6148797730807,69.48468537748556,26.8551763929204,0.0,24.51994841327584,1,1702,0.0
3336,1080.7450000000001,1.2894263867119728,529.706625580596,26.242638853521385,22.055423626601993,2549.6148797730807,69.48467550458857,26.82309409231919,0.0,24.5199858234407,1,1702,0.0
3337,1080.75,1.2908912446391907,528.441762825375,26.18195292251154,22.055423626601993,2549.6148797730807,69.48466563169157,26.79099744215478,0.0,24.520023189096694,1,1702,0.0
3338,1080.755,1.2923576794055203,527.1778473053963,26.12130820637705,22.055423626601993,2549.6148797730807,69.48465575879456,26.758886453498498,0.0,24.520060510223868,1,1702,0.0
3339,1080.76,1.2938256917410655,525.9148814855354,26.06070482186037,22.055423626601993,2549.6148797730807,69.48464588589755,26.726761137449856,0.0,24.52009778680226,1,1702,0.0
3340,1080.765,1.2952952823739192,524.652867830591,26.000142885723594,22.055423626601993,2549.6148797730807,69.48463601300055,26.694621505136524,0.0,24.520135018811935,1,1702,0.0
3341,1080.77,1.296766452030161,523.3918088052766,25.93962251473739,22.055423626601993,2549.6148797730807,69.48462614010354,26.662467567714316,0.0,24.52017220623297,1,1702,0.0
3342,1080.775,1.2982392014338506,522.1317068742101,25.879143825697074,22.055423626601993,2549.6148797730807,69.48461626720655,26.63029933636722,0.0,24.52020934904546,1,1702,0.0
3343,1080.78,1.2997135313070216,520.8725645019053,25.818706935405846,22.055423626601993,2549.6148797730807,69.48460639430955,26.598116822307365,0.0,24.52024644722951,1,1702,0.0
3344,1080.785,1.3011894423696786,519.6143841527638,25.758311960685422,22.055423626601993,2549.6148797730807,69.48459652141253,26.565920036775037,0.0,24.520283500765252,1,1702,0.0
3345,1080.79,1.3026669353397897,518.3571682910642,25.697959018373023,22.055423626601993,2549.6148797730807,69.48458664851553,26.533708991038665,0.0,24.520320509632818,1,1702,0.0
3346,1080.795,1.304146010933281,517.1009193809538,25.637648225319097,22.055423626601993,2549.6148797730807,69.48457677561854,26.50148369639483,0.0,24.520357473812364,1,1702,0.0
3347,1080.8,1.305626669864033,515.8456398864399,25.577379698383638,22.055423626601993,2549.6148797730807,69.48456690272153,26.469244164168245,0.0,24.52039439328406,1,1702,0.0
3348,1080.805,1.3071089128438742,514.5913322713801,25.5171535544466,22.055423626601993,2549.6148797730807,69.48455702982453,26.436990405711768,0.0,24.520431268028098,1,1702,0.0
3349,1080.81,1.3085927405825757,513.3379989994729,25.456969910398165,22.055423626601993,2549.6148797730807,69.48454715692752,26.404722432406395,0.0,24.520468098024676,1,1702,0.0
3350,1080.815,1.3100781537878452,512.0856425342494,25.39682888314309,22.055423626601993,2549.6148797730807,69.48453728403051,26.372440255661246,0.0,24.52050488325401,1,1702,0.0
3351,1080.8200000000002,1.3115651531653236,510.83426533906334,25.336730589593532,22.055423626601993,2549.6148797730807,69.48452741113351,26.340143886913584,0.0,24.520541623696335,1,1702,0.0
3352,1080.825,1.3130537394185777,509.58386987708235,25.276675146680425,22.055423626601993,2549.6148797730807,69.48451753823652,26.307833337628782,0.0,24.520578319331896,1,1702,0.0
3353,1080.8300000000002,1.3145439132490955,508.3344586112787,25.216662671341318,22.055423626601993,2549.6148797730807,69.4845076653395,26.27550861930035,0.0,24.520614970140972,1,1702,0.0
3354,1080.835,1.3160356753562812,507.0860340044197,25.15669328052612,22.055423626601993,2549.6148797730807,69.4844977924425,26.243169743449904,0.0,24.52065157610383,1,1702,0.0
3355,1080.8400000000001,1.3175290264374495,505.8385985190594,25.096767091197783,22.055423626601993,2549.6148797730807,69.4844879195455,26.210816721627182,0.0,24.52068813720077,1,1702,0.0
3356,1080.845,1.3190239671878201,504.5921546175282,25.03688422032649,22.055423626601993,2549.6148797730807,69.4844780466485,26.17844956541003,0.0,24.520724653412106,1,1702,0.0
3357,1080.8500000000001,1.320520498300513,503.3467047619244,24.977044784893735,22.055423626601993,2549.6148797730807,69.4844681737515,26.1460682864044,0.0,24.52076112471817,1,1702,0.0
3358,1080.855,1.3220186204665427,502.10225141410507,24.917248901892734,22.055423626601993,2549.6148797730807,69.48445830085448,26.11367289624435,0.0,24.520797551099303,1,1702,0.0
3359,1080.8600000000001,1.323518334374812,500.8587970356761,24.85749668832444,22.055423626601993,2549.6148797730807,69.48444842795749,26.08126340659203,0.0,24.520833932535865,1,1702,0.0
3360,1080.865,1.325019640712108,499.6163440879837,24.797788261197272,22.055423626601993,2549.6148797730807,69.48443855506048,26.048839829137687,0.0,24.520870269008235,1,1702,0.0
3361,1080.8700000000001,1.3265225401630978,498.37489503210435,24.738123737530813,22.055423626601993,2549.6148797730807,69.48442868216348,26.016402175599662,0.0,24.520906560496805,1,1702,0.0
3362,1080.875,1.3280270334103188,497.1344523288364,24.678503234352426,22.055423626601993,2549.6148797730807,69.48441880926649,25.98395045772438,0.0,24.520942806981985,1,1702,0.0
3363,1080.88,1.3295331211341788,495.8950184386901,24.618926868693382,22.055423626601993,2549.6148797730807,69.48440893636946,25.951484687286335,0.0,24.5209790084442,1,1702,0.0
3364,1080.885,1.331040804012946,494.6565958218785,24.559394757599527,22.055423626601993,2549.6148797730807,69.48439906347247,25.919004876088106,0.0,24.521015164863893,1,1702,0.0
3365,1080.89,1.3325500827227474,493.4191869383084,24.499907018118577,22.055423626601993,2549.6148797730807,69.48438919057547,25.886511035960346,0.0,24.52105127622152,1,1702,0.0
3366,1080.895,1.3340609579375604,492.18279424757054,24.44046376730439,22.055423626601993,2549.6148797730807,69.48437931767846,25.854003178761765,0.0,24.52108734249756,1,1702,0.0
3367,1080.9,1.3355734303292104,490.9474202089306,24.38106512222317,22.055423626601993,2549.6148797730807,69.48436944478146,25.821481316379135,0.0,24.521123363672498,1,1702,0.0
3368,1080.905,1.3370875005673626,489.7130672813199,24.32171119994125,22.055423626601993,2549.6148797730807,69.48435957188445,25.788945460727287,0.0,24.521159339726843,1,1702,0.0
3369,1080.91,1.3386031693195186,488.47973792332596,24.262402117528982,22.055423626601993,2549.6148797730807,69.48434969898744,25.756395623749093,0.0,24.52119527064112,1,1702,0.0
3370,1080.915,1.3401204372510107,487.247434593183,24.20313799206889,22.055423626601993,2549.6148797730807,69.48433982609045,25.723831817415483,0.0,24.521231156395867,1,1702,0.0
3371,1080.92,1.341639305024995,486.0161597487629,24.14391894064231,22.055423626601993,2549.6148797730807,69.48432995319345,25.691254053725412,0.0,24.52126699697164,1,1702,0.0
3372,1080.925,1.34315977330245,484.78591584756566,24.0847450803391,22.055423626601993,2549.6148797730807,69.48432008029644,25.658662344705878,0.0,24.52130279234902,1,1702,0.0
3373,1080.93,1.3446818427421663,483.55670534670963,24.025616528248612,22.055423626601993,2549.6148797730807,69.48431020739943,25.626056702411898,0.0,24.521338542508584,1,1702,0.0
3374,1080.935,1.346205514000745,482.32853070292333,23.96653340146985,22.055423626601993,2549.6148797730807,69.48430033450244,25.593437138926518,0.0,24.52137424743095,1,1702,0.0
3375,1080.94,1.3477307877325904,481.10139437253406,23.907495817099097,22.055423626601993,2549.6148797730807,69.48429046160543,25.56080366636079,0.0,24.521409907096736,1,1702,0.0
3376,1080.9450000000002,1.3492576645899057,479.8752988114608,23.84850389223797,22.055423626601993,2549.6148797730807,69.48428058870843,25.528156296853783,0.0,24.52144552148658,1,1702,0.0
3377,1080.95,1.350786145222688,478.6502464752028,23.789557743992503,22.055423626601993,2549.6148797730807,69.48427071581142,25.495495042572568,0.0,24.521481090581144,1,1702,0.0
3378,1080.9550000000002,1.352316230278721,477.4262398188314,23.730657489467173,22.055423626601993,2549.6148797730807,69.48426084291441,25.462819915712206,0.0,24.521516614361094,1,1702,0.0
3379,1080.96,1.3538479204035727,476.2032812969801,23.67180324577152,22.055423626601993,2549.6148797730807,69.48425097001741,25.430130928495757,0.0,24.521552092807127,1,1702,0.0
3380,1080.9650000000001,1.355381216240587,474.9813733638353,23.612995130012447,22.055423626601993,2549.6148797730807,69.48424109712042,25.397428093174252,0.0,24.521587525899946,1,1702,0.0
3381,1080.97,1.3569161184308804,473.76051847312647,23.554233259302244,22.055423626601993,2549.6148797730807,69.48423122422341,25.364711422026712,0.0,24.52162291362028,1,1702,0.0
3382,1080.9750000000001,1.3584526276133366,472.54071907811726,23.49551775075166,22.055423626601993,2549.6148797730807,69.4842213513264,25.33198092736012,0.0,24.521658255948864,1,1702,0.0
3383,1080.98,1.3599907444245998,471.3219776315957,23.43684872147114,22.055423626601993,2549.6148797730807,69.4842114784294,25.29923662150943,0.0,24.52169355286646,1,1702,0.0
3384,1080.9850000000001,1.3615304694990715,470.1042965858645,23.37822628857233,22.055423626601993,2549.6148797730807,69.48420160553239,25.266478516837537,0.0,24.52172880435384,1,1702,0.0
3385,1080.99,1.3630718034689036,468.8876783927324,23.319650569163198,22.055423626601993,2549.6148797730807,69.4841917326354,25.233706625735294,0.0,24.521764010391802,1,1702,0.0
3386,1080.9950000000001,1.364614746963993,467.6721255035033,23.26112168035555,22.055423626601993,2549.6148797730807,69.48418185973838,25.200920960621502,0.0,24.521799170961145,1,1702,0.0
3387,1081.0,1.366159300611978,466.4576403689683,23.202639739255822,22.055423626601993,2549.6148797730807,69.48417198684137,25.168121533942884,0.0,24.521834286042704,1,1702,0.0
3388,1081.005,1.3677054650382314,465.24422543939477,23.144204862969808,22.055423626601993,2549.6148797730807,69.48416211394438,25.135308358174093,0.0,24.52186935561732,1,1702,0.0
3389,1081.01,1.3692532408658555,464.03188316451826,23.085817168602897,22.055423626601993,2549.6148797730807,69.48415224104738,25.102481445817705,0.0,24.521904379665855,1,1702,0.0
3390,1081.015,1.370802628715678,462.82061599353153,23.027476773255028,22.055423626601993,2549.6148797730807,69.48414236815037,25.069640809404202,0.0,24.52193935816919,1,1702,0.0
3391,1081.02,1.3723536292062446,461.610426375076,22.96918379402438,22.055423626601993,2549.6148797730807,69.48413249525338,25.03678646149197,0.0,24.52197429110821,1,1702,0.0
3392,1081.025,1.3739062429538156,460.40131675723205,22.910938348007647,22.055423626601993,2549.6148797730807,69.48412262235637,25.003918414667304,0.0,24.52200917846384,1,1702,0.0
3393,1081.03,1.3754604705723603,459.19328958750884,22.852740552294843,22.055423626601993,2549.6148797730807,69.48411274945936,24.971036681544362,0.0,24.522044020217,1,1702,0.0
3394,1081.035,1.3770163126735508,457.9863473128358,22.794590523973707,22.055423626601993,2549.6148797730807,69.48410287656236,24.9381412747652,0.0,24.52207881634864,1,1702,0.0
3395,1081.04,1.3785737698667577,456.78049237955224,22.736488380128094,22.055423626601993,2549.6148797730807,69.48409300366536,24.905232206999745,0.0,24.52211356683973,1,1702,0.0
3396,1081.045,1.380132842759044,455.57572723339797,22.67843423783509,22.055423626601993,2549.6148797730807,69.48408313076835,24.87230949094577,0.0,24.522148271671245,1,1702,0.0
3397,1081.05,1.3816935319551615,454.3720543195037,22.620428214167593,22.055423626601993,2549.6148797730807,69.48407325787134,24.83937313932892,0.0,24.522182930824197,1,1702,0.0
3398,1081.055,1.383255838057543,453.16947608238166,22.562470426191794,22.055423626601993,2549.6148797730807,69.48406338497435,24.80642316490267,0.0,24.522217544279588,1,1702,0.0
3399,1081.06,1.3848197616662998,451.96799496591586,22.50456099097018,22.055423626601993,2549.6148797730807,69.48405351207735,24.77345958044835,0.0,24.522252112018464,1,1702,0.0
3400,1081.065,1.3863853033792142,450.76761341335236,22.446700025556282,22.055423626601993,2549.6148797730807,69.48404363918034,24.740482398775104,0.0,24.522286634021874,1,1702,0.0
3401,1081.0700000000002,1.3879524637917349,449.5683338672901,22.388887646998597,22.055423626601993,2549.6148797730807,69.48403376628333,24.707491632719897,0.0,24.522321110270887,1,1702,0.0
3402,1081.075,1.389521243496973,448.3701587696704,22.331123972337085,22.055423626601993,2549.6148797730807,69.48402389338634,24.674487295147504,0.0,24.5223555407466,1,1702,0.0
3403,1081.0800000000002,1.3910916430856954,447.17309056176833,22.273409118606157,22.055423626601993,2549.6148797730807,69.48401402048933,24.641469398950505,0.0,24.522389925430108,1,1702,0.0
3404,1081.085,1.3926636631463198,445.9771316841824,22.215743202828467,22.055423626601993,2549.6148797730807,69.48400414759233,24.608437957049265,0.0,24.52242426430254,1,1702,0.0
3405,1081.0900000000001,1.39423730426491,444.7822845768251,22.15812634202258,22.055423626601993,2549.6148797730807,69.48399427469532,24.575392982391936,0.0,24.52245855734504,1,1702,0.0
3406,1081.095,1.3958125670251695,443.58855167891375,22.10055865319534,22.055423626601993,2549.6148797730807,69.48398440179831,24.54233448795444,0.0,24.522492804538764,1,1702,0.0
3407,1081.1000000000001,1.3973894520084384,442.3959354289597,22.043040253345296,22.055423626601993,2549.6148797730807,69.48397452890131,24.509262486740464,0.0,24.52252700586489,1,1702,0.0
3408,1081.105,1.3989679597936855,441.20443826476,21.98557125946216,22.055423626601993,2549.6148797730807,69.48396465600432,24.47617699178144,0.0,24.522561161304615,1,1702,0.0
3409,1081.1100000000001,1.4005480909575059,440.0140626233864,21.928151788523696,22.055423626601993,2549.6148797730807,69.48395478310731,24.44307801613655,0.0,24.52259527083915,1,1702,0.0
3410,1081.115,1.402129846074113,438.8248109411768,21.870781957501645,22.055423626601993,2549.6148797730807,69.48394491021031,24.409965572892705,0.0,24.522629334449732,1,1702,0.0
3411,1081.1200000000001,1.4037132257153357,437.63668565372467,21.813461883350442,22.055423626601993,2549.6148797730807,69.4839350373133,24.37683967516455,0.0,24.522663352117604,1,1702,0.0
3412,1081.125,1.4052982304506116,436.4496891958705,21.756191683019363,22.055423626601993,2549.6148797730807,69.48392516441629,24.343700336094425,0.0,24.522697323824037,1,1702,0.0
3413,1081.13,1.4068848608469824,435.26382400169086,21.698971473443596,22.055423626601993,2549.6148797730807,69.4839152915193,24.310547568852385,0.0,24.522731249550315,1,1702,0.0
3414,1081.135,1.4084731174690888,434.0790925044894,21.641801371544855,22.055423626601993,2549.6148797730807,69.4839054186223,24.277381386636172,0.0,24.522765129277747,1,1702,0.0
3415,1081.14,1.4100630008791653,432.8954971367864,21.584681494236058,22.055423626601993,2549.6148797730807,69.48389554572529,24.24420180267121,0.0,24.522798962987647,1,1702,0.0
3416,1081.145,1.411654511637035,431.71304033031043,21.527611958415672,22.055423626601993,2549.6148797730807,69.48388567282828,24.21100883021059,0.0,24.52283275066136,1,1702,0.0
3417,1081.15,1.4132476503001035,430.53172451598726,21.470592880967956,22.055423626601993,2549.6148797730807,69.48387579993128,24.17780248253507,0.0,24.52286649228025,1,1702,0.0
3418,1081.155,1.4148424174233556,429.35155212393096,21.41362437876498,22.055423626601993,2549.6148797730807,69.48386592703427,24.144582772953054,0.0,24.522900187825687,1,1702,0.0
3419,1081.16,1.4164388135593489,428.1725255834336,21.35670656866583,22.055423626601993,2549.6148797730807,69.48385605413728,24.11134971480058,0.0,24.522933837279073,1,1702,0.0
3420,1081.165,1.4180368392582077,426.99464732295576,21.29983956751259,22.055423626601993,2549.6148797730807,69.48384618124027,24.078103321441308,0.0,24.522967440621816,1,1702,0.0
3421,1081.17,1.4196364950676201,425.81791977011693,21.243023492135826,22.055423626601993,2549.6148797730807,69.48383630834326,24.044843606266532,0.0,24.523000997835354,1,1702,0.0
3422,1081.175,1.421237781532832,424.6423453516855,21.18625845934736,22.055423626601993,2549.6148797730807,69.48382643544626,24.01157058269513,0.0,24.523034508901134,1,1702,0.0
3423,1081.18,1.42284069919664,423.4679264935691,21.12954458594867,22.055423626601993,2549.6148797730807,69.48381656254926,23.97828426417358,0.0,24.52306797380062,1,1702,0.0
3424,1081.185,1.4244452485993893,422.2946656208047,21.072881988718645,22.055423626601993,2549.6148797730807,69.48380668965225,23.944984664175948,0.0,24.523101392515315,1,1702,0.0
3425,1081.19,1.4260514302789669,421.12256515754905,21.016270784426613,22.055423626601993,2549.6148797730807,69.48379681675524,23.91167179620385,0.0,24.523134765026718,1,1702,0.0
3426,1081.1950000000002,1.4276592447707959,419.95162752706875,20.959711089820864,22.055423626601993,2549.6148797730807,69.48378694385825,23.87834567378648,0.0,24.52316809131635,1,1702,0.0
3427,1081.2,1.4292686926078322,418.78185515173044,20.903203021635147,22.055423626601993,2549.6148797730807,69.48377707096124,23.845006310480564,0.0,24.52320137136576,1,1702,0.0
3428,1081.2050000000002,1.4308797743205575,417.6132504529913,20.846746696582247,22.055423626601993,2549.6148797730807,69.48376719806424,23.811653719870364,0.0,24.52323460515651,1,1702,0.0
3429,1081.21,1.432492490436975,416.4458158513885,20.79034223136284,22.055423626601993,2549.6148797730807,69.48375732516723,23.778287915567667,0.0,24.523267792670183,1,1702,0.0
3430,1081.2150000000001,1.4341068414826053,415.27955376653046,20.73398974265407,22.055423626601993,2549.6148797730807,69.48374745227022,23.744908911211763,0.0,24.52330093388838,1,1702,0.0
3431,1081.22,1.4357228279804788,414.11446661708607,20.677689347116495,22.055423626601993,2549.6148797730807,69.48373757937323,23.711516720469437,0.0,24.523334028792714,1,1702,0.0
3432,1081.2250000000001,1.4373404504511327,412.9505568207753,20.62144116139115,22.055423626601993,2549.6148797730807,69.48372770647623,23.678111357034968,0.0,24.52336707736483,1,1702,0.0
3433,1081.23,1.4389597094126059,411.78782679435955,20.565245302100774,22.055423626601993,2549.6148797730807,69.48371783357922,23.64469283463009,0.0,24.523400079586384,1,1702,0.0
3434,1081.2350000000001,1.440580605380432,410.6262789536314,20.509101885849354,22.055423626601993,2549.6148797730807,69.48370796068221,23.611261167004002,0.0,24.52343303543905,1,1702,0.0
3435,1081.24,1.4422031388676357,409.4659157134051,20.453011029214966,22.055423626601993,2549.6148797730807,69.48369808778521,23.57781636793336,0.0,24.523465944904526,1,1702,0.0
3436,1081.2450000000001,1.4438273103847281,408.3067394875063,20.396972848761674,22.055423626601993,2549.6148797730807,69.4836882148882,23.544358451222223,0.0,24.523498807964522,1,1702,0.0
3437,1081.25,1.4454531204397005,407.14875268876307,20.34098746102887,22.055423626601993,2549.6148797730807,69.48367834199121,23.510887430702102,0.0,24.523531624600775,1,1702,0.0
3438,1081.255,1.4470805695380193,405.99195772899486,20.285054982536494,22.055423626601993,2549.6148797730807,69.48366846909421,23.477403320231893,0.0,24.523564394795034,1,1702,0.0
3439,1081.26,1.448709658182622,404.8363570190037,20.229175529780594,22.055423626601993,2549.6148797730807,69.4836585961972,23.443906133697887,0.0,24.52359711852907,1,1702,0.0
3440,1081.265,1.450340386873911,403.68195296856356,20.173349219237675,22.055423626601993,2549.6148797730807,69.48364872330019,23.410395885013756,0.0,24.52362979578468,1,1702,0.0
3441,1081.27,1.4519727561097497,402.5287479864112,20.117576167358315,22.055423626601993,2549.6148797730807,69.4836388504032,23.37687258812054,0.0,24.523662426543666,1,1702,0.0
3442,1081.275,1.4536067663854557,401.3767444802355,20.061856490572776,22.055423626601993,2549.6148797730807,69.4836289775062,23.34333625698663,0.0,24.523695010787865,1,1702,0.0
3443,1081.28,1.4552424181937975,400.22594485666855,20.006190305286832,22.055423626601993,2549.6148797730807,69.48361910460919,23.30978690560774,0.0,24.52372754849912,1,1702,0.0
3444,1081.285,1.4568797120249888,399.0763515212745,19.950577727883196,22.055423626601993,2549.6148797730807,69.48360923171218,23.27622454800693,0.0,24.523760039659297,1,1702,0.0
3445,1081.29,1.4585186483666825,397.9279668785406,19.895018874718712,22.055423626601993,2549.6148797730807,69.48359935881518,23.242649198234556,0.0,24.52379248425029,1,1702,0.0
3446,1081.295,1.460159227703968,396.7807933318675,19.8395138621281,22.055423626601993,2549.6148797730807,69.48358948591817,23.20906087036827,0.0,24.523824882254,1,1702,0.0
3447,1081.3,1.461801450519363,395.63483328355863,19.784062806418536,22.055423626601993,2549.6148797730807,69.48357961302118,23.175459578513006,0.0,24.523857233652354,1,1702,0.0
3448,1081.305,1.463445317292812,394.49008913481055,19.728665823874355,22.055423626601993,2549.6148797730807,69.48356974012417,23.141845336800966,0.0,24.523889538427298,1,1702,0.0
3449,1081.31,1.465090828501677,393.34656328570287,19.67332303075255,22.055423626601993,2549.6148797730807,69.48355986722716,23.1082181593916,0.0,24.5239217965608,1,1702,0.0
3450,1081.315,1.4667379846207373,392.20425813518904,19.618034543283677,22.055423626601993,2549.6148797730807,69.48354999433016,23.074578060471595,0.0,24.52395400803484,1,1702,0.0
3451,1081.3200000000002,1.468386786122181,391.06317608108554,19.562800477673076,22.055423626601993,2549.6148797730807,69.48354012143317,23.04092505425487,0.0,24.52398617283142,1,1702,0.0
3452,1081.325,1.4700372334756011,389.92331952006276,19.507620950097493,22.055423626601993,2549.6148797730807,69.48353024853616,23.00725915498254,0.0,24.524018290932574,1,1702,0.0
3453,1081.3300000000002,1.47168932714799,388.7846908476343,19.45249607670769,22.055423626601993,2549.6148797730807,69.48352037563915,22.973580376922914,0.0,24.52405036232034,1,1702,0.0
3454,1081.335,1.4733430676037362,387.6472924581475,19.39742597362614,22.055423626601993,2549.6148797730807,69.48351050274215,22.939888734371483,0.0,24.524082386976783,1,1702,0.0
3455,1081.3400000000001,1.474998455304617,386.51112674477355,19.342410756946986,22.055423626601993,2549.6148797730807,69.48350062984514,22.906184241650895,0.0,24.524114364883985,1,1702,0.0
3456,1081.345,1.4766554907097948,385.3761960994973,19.287450542735826,22.055423626601993,2549.6148797730807,69.48349075694814,22.872466913110948,0.0,24.524146296024043,1,1702,0.0
3457,1081.3500000000001,1.4783141742758121,384.2425029131075,19.232545447029597,22.055423626601993,2549.6148797730807,69.48348088405115,22.838736763128566,0.0,24.52417818037909,1,1702,0.0
3458,1081.355,1.4799745064565861,383.1100495751866,19.177695585835906,22.055423626601993,2549.6148797730807,69.48347101115414,22.8049938061078,0.0,24.524210017931257,1,1702,0.0
3459,1081.3600000000001,1.4816364877034043,381.9788384741015,19.12290107513237,22.055423626601993,2549.6148797730807,69.48346113825713,22.771238056479785,0.0,24.52424180866272,1,1702,0.0
3460,1081.365,1.4833001184649188,380.84887199699233,19.068162030866585,22.055423626601993,2549.6148797730807,69.48345126536013,22.737469528702746,0.0,24.524273552555655,1,1702,0.0
3461,1081.3700000000001,1.4849653991871412,379.72015252976377,19.013478568955623,22.055423626601993,2549.6148797730807,69.48344139246312,22.703688237261982,0.0,24.52430524959226,1,1702,0.0
3462,1081.375,1.4866323303134399,378.59268245707455,18.95885080528471,22.055423626601993,2549.6148797730807,69.48343151956612,22.669894196669834,0.0,24.524336899754765,1,1702,0.0
3463,1081.38,1.4883009122845314,377.46646416232727,18.90427885570999,22.055423626601993,2549.6148797730807,69.48342164666911,22.63608742146568,0.0,24.524368503025407,1,1702,0.0
3464,1081.385,1.4899711455384785,376.34150002765864,18.849762836053483,22.055423626601993,2549.6148797730807,69.4834117737721,22.602267926215927,0.0,24.524400059386448,1,1702,0.0
3465,1081.39,1.491643030510684,375.2177924339294,18.79530286210545,22.055423626601993,2549.6148797730807,69.48340190087511,22.568435725513964,0.0,24.524431568820177,1,1702,0.0
3466,1081.395,1.493316567633886,374.09534376071485,18.740899049626424,22.055423626601993,2549.6148797730807,69.48339202797811,22.53459083398019,0.0,24.52446303130889,1,1702,0.0
3467,1081.4,1.4949917573381528,372.9741563862943,18.68655151433884,22.055423626601993,2549.6148797730807,69.4833821550811,22.500733266261957,0.0,24.524494446834918,1,1702,0.0
3468,1081.405,1.4966686000508787,371.8542326876412,18.632260371937516,22.055423626601993,2549.6148797730807,69.48337228218409,22.466863037033576,0.0,24.5245258153806,1,1702,0.0
3469,1081.41,1.498347096196777,370.73557504041315,18.578025738078924,22.055423626601993,2549.6148797730807,69.4833624092871,22.432980160996287,0.0,24.524557136928294,1,1702,0.0
3470,1081.415,1.5000272461978794,369.6181858189421,18.523847728387967,22.055423626601993,2549.6148797730807,69.48335253639009,22.399084652878255,0.0,24.524588411460396,1,1702,0.0
3471,1081.42,1.5017090504735255,368.50206739622394,18.46972645845387,22.055423626601993,2549.6148797730807,69.48334266349309,22.365176527434542,0.0,24.5246196389593,1,1702,0.0
3472,1081.425,1.5033925094403622,367.3872221439092,18.41566204383249,22.055423626601993,2549.6148797730807,69.48333279059608,22.331255799447096,0.0,24.524650819407434,1,1702,0.0
3473,1081.43,1.505077623512337,366.2736524322923,18.361654600042495,22.055423626601993,2549.6148797730807,69.48332291769907,22.297322483724727,0.0,24.524681952787244,1,1702,0.0
3474,1081.435,1.5067643931006942,365.161360630302,18.307704242567148,22.055423626601993,2549.6148797730807,69.48331304480207,22.2633765951031,0.0,24.5247130390812,1,1702,0.0
3475,1081.44,1.5084528186139678,364.0503491054912,18.253811086854494,22.055423626601993,2549.6148797730807,69.48330317190508,22.22941814844471,0.0,24.52474407827178,1,1702,0.0
3476,1081.4450000000002,1.51014290045798,362.9406202240272,18.199975248316107,22.055423626601993,2549.6148797730807,69.48329329900807,22.195447158638864,0.0,24.524775070341494,1,1702,0.0
3477,1081.45,1.5118346390358328,361.83217635068127,18.14619684232579,22.055423626601993,2549.6148797730807,69.48328342611106,22.16146364060166,0.0,24.52480601527287,1,1702,0.0
3478,1081.4550000000002,1.5135280347479056,360.72501984881876,18.092475984220428,22.055423626601993,2549.6148797730807,69.48327355321406,22.127467609275982,0.0,24.524836913048457,1,1702,0.0
3479,1081.46,1.51522308799185,359.6191530803894,18.03881278929955,22.055423626601993,2549.6148797730807,69.48326368031705,22.09345907963146,0.0,24.524867763650825,1,1702,0.0
3480,1081.4650000000001,1.5169197991625833,358.514578405917,17.98520737282408,22.055423626601993,2549.6148797730807,69.48325380742006,22.05943806666448,0.0,24.524898567062557,1,1702,0.0
3481,1081.47,1.5186181686522864,357.4112981844894,17.93165985001672,22.055423626601993,2549.6148797730807,69.48324393452306,22.025404585398146,0.0,24.52492932326627,1,1702,0.0
3482,1081.4750000000001,1.5203181968503965,356.30931477374855,17.87817033606046,22.055423626601993,2549.6148797730807,69.48323406162605,21.991358650882262,0.0,24.524960032244593,1,1702,0.0
3483,1081.48,1.522019884143603,355.20863052988045,17.82473894610125,22.055423626601993,2549.6148797730807,69.48322418872904,21.957300278193312,0.0,24.524990693980172,1,1702,0.0
3484,1081.4850000000001,1.523723230915844,354.10924780760513,17.771365795242467,22.055423626601993,2549.6148797730807,69.48321431583204,21.92322948243446,0.0,24.52502130845569,1,1702,0.0
3485,1081.49,1.5254282375482997,353.01116896016646,17.718050998550382,22.055423626601993,2549.6148797730807,69.48320444293505,21.889146278735517,0.0,24.525051875653826,1,1702,0.0
3486,1081.4950000000001,1.5271349044193887,351.9143963393225,17.664794671047673,22.055423626601993,2549.6148797730807,69.48319457003804,21.855050682252912,0.0,24.52508239555731,1,1702,0.0
3487,1081.5,1.528843231904763,350.81893229533523,17.611596927718686,22.055423626601993,2549.6148797730807,69.48318469714103,21.820942708169685,0.0,24.525112868148863,1,1702,0.0
3488,1081.505,1.5305532203773018,349.72477917696006,17.55845788350576,22.055423626601993,2549.6148797730807,69.48317482424403,21.78682237169548,0.0,24.525143293411254,1,1702,0.0
3489,1081.51,1.5322648702071093,348.63193933143685,17.505377653307626,22.055423626601993,2549.6148797730807,69.48316495134702,21.752689688066493,0.0,24.52517367132725,1,1702,0.0
3490,1081.515,1.5339781817615092,347.54041510447877,17.452356351985348,22.055423626601993,2549.6148797730807,69.48315507845003,21.718544672545484,0.0,24.525204001879654,1,1702,0.0
3491,1081.52,1.5356931554050377,346.45020884026286,17.399394094351926,22.055423626601993,2549.6148797730807,69.48314520555301,21.684387340421743,0.0,24.525234285051287,1,1702,0.0
3492,1081.525,1.5374097914994413,345.36132288142005,17.34649099518302,22.055423626601993,2549.6148797730807,69.483135332656,21.65021770701107,0.0,24.525264520824983,1,1702,0.0
3493,1081.53,1.539128090403671,344.2737595690247,17.293647169206704,22.055423626601993,2549.6148797730807,69.48312545975901,21.616035787655758,0.0,24.525294709183612,1,1702,0.0
3494,1081.535,1.540848052473878,343.1875212425846,17.24086273111104,22.055423626601993,2549.6148797730807,69.48311558686201,21.581841597724576,0.0,24.525324850110053,1,1702,0.0
3495,1081.54,1.542569678063408,342.1026102400316,17.188137795536807,22.055423626601993,2549.6148797730807,69.483105713965,21.54763515261274,0.0,24.52535494358721,1,1702,0.0
3496,1081.545,1.5442929675227979,341.01902889771065,17.13547247708259,22.055423626601993,2549.6148797730807,69.48309584106799,21.513416467741898,0.0,24.52538498959801,1,1702,0.0
3497,1081.55,1.5460179211997702,339.93677955037015,17.082866890299123,22.055423626601993,2549.6148797730807,69.483085968171,21.479185558560115,0.0,24.525414988125398,1,1702,0.0
3498,1081.555,1.5477445394392282,338.8558645311519,17.030321149698345,22.055423626601993,2549.6148797730807,69.48307609527399,21.444942440541844,0.0,24.525444939152347,1,1702,0.0
3499,1081.56,1.5494728225832515,337.77628617158115,16.977835369738933,22.055423626601993,2549.6148797730807,69.48306622237699,21.41068712918791,0.0,24.52547484266184,1,1702,0.0
3500,1081.565,1.5512027709710914,336.69804680155636,16.925409664838906,22.055423626601993,2549.6148797730807,69.48305634948,21.376419640025485,0.0,24.52550469863689,1,1702,0.0
3501,1081.5700000000002,1.5529343849391664,335.621148749339,16.87304414936639,22.055423626601993,2549.6148797730807,69.48304647658297,21.34213998860808,0.0,24.525534507060534,1,1702,0.0
3502,1081.575,1.5546676648210573,334.5455943415439,16.82073893764606,22.055423626601993,2549.6148797730807,69.48303660368597,21.307848190515497,0.0,24.525564267915822,1,1702,0.0
3503,1081.5800000000002,1.5564026109475018,333.4713859031289,16.768494143953237,22.055423626601993,2549.6148797730807,69.48302673078898,21.273544261353837,0.0,24.525593981185825,1,1702,0.0
3504,1081.585,1.5581392236463918,332.39852575738485,16.716309882515578,22.055423626601993,2549.6148797730807,69.48301685789197,21.23922821675547,0.0,24.52562364685365,1,1702,0.0
3505,1081.5900000000001,1.559877503242766,331.3270162259254,16.664186267513482,22.055423626601993,2549.6148797730807,69.48300698499497,21.204900072379004,0.0,24.525653264902406,1,1702,0.0
3506,1081.595,1.561617450058808,330.25685962867726,16.612123413079747,22.055423626601993,2549.6148797730807,69.48299711209796,21.170559843909274,0.0,24.525682835315244,1,1702,0.0
3507,1081.6000000000001,1.5633590644138398,329.18805828387013,16.560121433296363,22.055423626601993,2549.6148797730807,69.48298723920095,21.136207547057317,0.0,24.52571235807532,1,1702,0.0
3508,1081.605,1.5651023466243172,328.12061450802594,16.508180442198494,22.055423626601993,2549.6148797730807,69.48297736630396,21.101843197560346,0.0,24.525741833165814,1,1702,0.0
3509,1081.6100000000001,1.566847297003827,327.0545306159498,16.4563005537693,22.055423626601993,2549.6148797730807,69.48296749340696,21.067466811181735,0.0,24.52577126056994,1,1702,0.0
3510,1081.615,1.5685939158630804,325.989808920719,16.404481881945156,22.055423626601993,2549.6148797730807,69.48295762050995,21.033078403710995,0.0,24.525800640270923,1,1702,0.0
3511,1081.6200000000001,1.5703422035099093,324.9264517336738,16.352724540608428,22.055423626601993,2549.6148797730807,69.48294774761294,20.99867799096375,0.0,24.52582997225201,1,1702,0.0
3512,1081.625,1.5720921602492612,323.86446136440657,16.301028643593494,22.055423626601993,2549.6148797730807,69.48293787471594,20.96426558878172,0.0,24.525859256496467,1,1702,0.0
3513,1081.63,1.5738437863831958,322.80384012075245,16.249394304683516,22.055423626601993,2549.6148797730807,69.48292800181893,20.929841213032695,0.0,24.525888492987598,1,1702,0.0
3514,1081.635,1.575597082210878,321.74459030877864,16.197821637608552,22.055423626601993,2549.6148797730807,69.48291812892194,20.895404879610506,0.0,24.525917681708716,1,1702,0.0
3515,1081.64,1.5773520480285765,320.68671423277465,16.146310756048212,22.055423626601993,2549.6148797730807,69.48290825602493,20.860956604435014,0.0,24.525946822643153,1,1702,0.0
3516,1081.645,1.5791086841296564,319.6302141952423,16.09486177362904,22.055423626601993,2549.6148797730807,69.48289838312792,20.826496403452087,0.0,24.52597591577427,1,1702,0.0
3517,1081.65,1.5808669908045772,318.57509249688553,16.043474803924735,22.055423626601993,2549.6148797730807,69.48288851023092,20.792024292633563,0.0,24.52600496108545,1,1702,0.0
3518,1081.655,1.582626968340885,317.5213514366001,15.992149960457846,22.055423626601993,2549.6148797730807,69.48287863733393,20.757540287977246,0.0,24.52603395856009,1,1702,0.0
3519,1081.66,1.5843886170232115,316.4689933114643,15.940887356694807,22.055423626601993,2549.6148797730807,69.48286876443692,20.72304440550687,0.0,24.526062908181625,1,1702,0.0
3520,1081.665,1.5861519371332675,315.41802041672764,15.889687106050046,22.055423626601993,2549.6148797730807,69.4828588915399,20.688536661272074,0.0,24.52609180993349,1,1702,0.0
3521,1081.67,1.5879169289498378,314.36843504580196,15.83854932188329,22.055423626601993,2549.6148797730807,69.48284901864291,20.654017071348395,0.0,24.526120663799166,1,1702,0.0
3522,1081.675,1.589683592748779,313.3202394902509,15.787474117498773,22.055423626601993,2549.6148797730807,69.4828391457459,20.619485651837234,0.0,24.526149469762142,1,1702,0.0
3523,1081.68,1.5914519288030127,312.27343603977954,15.736461606148254,22.055423626601993,2549.6148797730807,69.4828292728489,20.58494241886582,0.0,24.526178227805932,1,1702,0.0
3524,1081.685,1.5932219373825218,311.22802698222483,15.685511901025016,22.055423626601993,2549.6148797730807,69.48281939995191,20.55038738858721,0.0,24.52620693791407,1,1702,0.0
3525,1081.69,1.5949936187543463,310.18401460354517,15.63462511526868,22.055423626601993,2549.6148797730807,69.4828095270549,20.515820577180257,0.0,24.526235600070112,1,1702,0.0
3526,1081.6950000000002,1.5967669731825789,309.1414011878106,15.583801361961427,22.055423626601993,2549.6148797730807,69.48279965415789,20.481242000849573,0.0,24.526264214257647,1,1702,0.0
3527,1081.7,1.5985420009283597,308.10018901719263,15.533040754130537,22.055423626601993,2549.6148797730807,69.48278978126089,20.446651675825525,0.0,24.526292780460277,1,1702,0.0
3528,1081.7050000000002,1.6003187022498737,307.06038037195384,15.482343404744471,22.055423626601993,2549.6148797730807,69.4827799083639,20.412049618364193,0.0,24.526321298661625,1,1702,0.0
3529,1081.71,1.6020970774023426,306.02197753043856,15.431709426715763,22.055423626601993,2549.6148797730807,69.48277003546688,20.377435844747367,0.0,24.52634976884534,1,1702,0.0
3530,1081.7150000000001,1.6038771266380243,304.98498276906224,15.381138932898992,22.055423626601993,2549.6148797730807,69.48276016256987,20.342810371282496,0.0,24.526378190995093,1,1702,0.0
3531,1081.72,1.605658850206207,303.9493983623015,15.330632036089806,22.055423626601993,2549.6148797730807,69.48275028967288,20.30817321430269,0.0,24.52640656509458,1,1702,0.0
3532,1081.7250000000001,1.6074422483532038,302.915226582684,15.28018884902639,22.055423626601993,2549.6148797730807,69.48274041677587,20.27352439016667,0.0,24.526434891127515,1,1702,0.0
3533,1081.73,1.6092273213223498,301.8824697007785,15.229809484388463,22.055423626601993,2549.6148797730807,69.48273054387887,20.238863915258765,0.0,24.526463169077637,1,1702,0.0
3534,1081.7350000000001,1.6110140693539965,300.8511299851849,15.179494054794915,22.055423626601993,2549.6148797730807,69.48272067098186,20.204191805988874,0.0,24.526491398928705,1,1702,0.0
3535,1081.74,1.6128024926855082,299.8212097025241,15.129242672805226,22.055423626601993,2549.6148797730807,69.48271079808485,20.169508078792454,0.0,24.526519580664512,1,1702,0.0
3536,1081.7450000000001,1.6145925915512571,298.79271111742753,15.079055450921256,22.055423626601993,2549.6148797730807,69.48270092518786,20.134812750130475,0.0,24.526547714268858,1,1702,0.0
3537,1081.75,1.6163843661826198,297.76563649252796,15.028932501582311,22.055423626601993,2549.6148797730807,69.48269105229086,20.100105836489412,0.0,24.52657579972557,1,1702,0.0
3538,1081.755,1.6181778168079717,296.7399880884488,14.97887393716718,22.055423626601993,2549.6148797730807,69.48268117939385,20.065387354381215,0.0,24.52660383701851,1,1702,0.0
3539,1081.76,1.619972943652683,295.71576816379405,14.928879869993802,22.055423626601993,2549.6148797730807,69.48267130649684,20.03065732034328,0.0,24.52663182613155,1,1702,0.0
3540,1081.765,1.6217697469391155,294.6929789751384,14.878950412318252,22.055423626601993,2549.6148797730807,69.48266143359984,19.995915750938426,0.0,24.52665976704858,1,1702,0.0
3541,1081.77,1.6235682268866163,293.6716227770174,14.829085676335385,22.055423626601993,2549.6148797730807,69.48265156070283,19.961162662754873,0.0,24.526687659753534,1,1702,0.0
3542,1081.775,1.6253683837115152,292.65170182191713,14.779285774178184,22.055423626601993,2549.6148797730807,69.48264168780584,19.926398072406204,0.0,24.52671550423035,1,1702,0.0
3543,1081.78,1.6271702176271194,291.63321836026404,14.729550817914726,22.055423626601993,2549.6148797730807,69.48263181490884,19.89162199653136,0.0,24.52674330046299,1,1702,0.0
3544,1081.785,1.6289737288437094,290.61617464041535,14.679880919552852,22.055423626601993,2549.6148797730807,69.48262194201182,19.85683445179459,0.0,24.52677104843545,1,1702,0.0
3545,1081.79,1.6307789175685354,289.60057290864876,14.630276191034865,22.055423626601993,2549.6148797730807,69.48261206911482,19.822035454885444,0.0,24.526798748131743,1,1702,0.0
3546,1081.795,1.6325857840058111,288.5864154091521,14.580736744240616,22.055423626601993,2549.6148797730807,69.48260219621783,19.787225022518733,0.0,24.526826399535906,1,1702,0.0
3547,1081.8,1.6343943283567122,287.57370438401375,14.531262690984851,22.055423626601993,2549.6148797730807,69.48259232332082,19.752403171434512,0.0,24.526854002632,1,1702,0.0
3548,1081.805,1.6362045508193694,286.5624420732127,14.481854143018715,22.055423626601993,2549.6148797730807,69.48258245042382,19.717569918398052,0.0,24.526881557404103,1,1702,0.0
3549,1081.81,1.6380164515888664,285.5526307146079,14.432511212027352,22.055423626601993,2549.6148797730807,69.48257257752681,19.68272528019981,0.0,24.52690906383632,1,1702,0.0
3550,1081.815,1.6398300308572333,284.5442725439288,14.383234009631867,22.055423626601993,2549.6148797730807,69.4825627046298,19.647869273655402,0.0,24.526936521912788,1,1702,0.0
3551,1081.8200000000002,1.641645288813445,283.53736979476514,14.334022647386112,22.055423626601993,2549.6148797730807,69.4825528317328,19.613001915605572,0.0,24.526963931617647,1,1702,0.0
3552,1081.825,1.6434622256434153,282.5319246985568,14.284877236778998,22.055423626601993,2549.6148797730807,69.48254295883581,19.578123222916187,0.0,24.526991292935087,1,1702,0.0
3553,1081.8300000000002,1.645280841529992,281.527939484584,14.235797889233258,22.055423626601993,2549.6148797730807,69.4825330859388,19.54323321247818,0.0,24.527018605849292,1,1702,0.0
3554,1081.835,1.647101136652955,280.5254163799571,14.186784716104045,22.055423626601993,2549.6148797730807,69.48252321304179,19.50833190120754,0.0,24.527045870344498,1,1702,0.0
3555,1081.8400000000001,1.6489231111890106,279.5243576096067,14.137837828679892,22.055423626601993,2549.6148797730807,69.48251334014479,19.473419306045283,0.0,24.527073086404943,1,1702,0.0
3556,1081.845,1.6507467653117867,278.52476539627344,14.088957338180464,22.055423626601993,2549.6148797730807,69.48250346724778,19.438495443957418,0.0,24.527100254014893,1,1702,0.0
3557,1081.8500000000001,1.6525720991918293,277.5266419604984,14.04014335575979,22.055423626601993,2549.6148797730807,69.48249359435079,19.403560331934933,0.0,24.527127373158653,1,1702,0.0
3558,1081.855,1.6543991129966005,276.5299895206126,13.991395992502094,22.055423626601993,2549.6148797730807,69.48248372145378,19.368613986993747,0.0,24.52715444382053,1,1702,0.0
3559,1081.8600000000001,1.65622780689047,275.53481029272734,13.942715359422792,22.055423626601993,2549.6148797730807,69.48247384855677,19.3336564261747,0.0,24.52718146598486,1,1702,0.0
3560,1081.865,1.6580581810347141,274.5411064907241,13.894101567468878,22.055423626601993,2549.6148797730807,69.48246397565977,19.298687666543515,0.0,24.527208439636016,1,1702,0.0
3561,1081.8700000000001,1.6598902355875107,273.54888032624416,13.845554727518346,22.055423626601993,2549.6148797730807,69.48245410276277,19.263707725190777,0.0,24.52723536475838,1,1702,0.0
3562,1081.875,1.6617239707039353,272.5581340086795,13.797074950377999,22.055423626601993,2549.6148797730807,69.48244422986576,19.2287166192319,0.0,24.52726224133636,1,1702,0.0
3563,1081.88,1.6635593865359566,271.568869745162,13.748662346785581,22.055423626601993,2549.6148797730807,69.48243435696875,19.193714365807093,0.0,24.527289069354396,1,1702,0.0
3564,1081.885,1.6653964832324324,270.58108974055364,13.700317027408582,22.055423626601993,2549.6148797730807,69.48242448407176,19.15870098208135,0.0,24.527315848796942,1,1702,0.0
3565,1081.89,1.667235260939106,269.5947961974369,13.652039102842789,22.055423626601993,2549.6148797730807,69.48241461117476,19.123676485244395,0.0,24.52734257964848,1,1702,0.0
3566,1081.895,1.6690757197986015,268.60999131610413,13.603828683612548,22.055423626601993,2549.6148797730807,69.48240473827775,19.088640892510682,0.0,24.52736926189352,1,1702,0.0
3567,1081.9,1.6709178599504197,267.6266772945481,13.555685880172154,22.055423626601993,2549.6148797730807,69.48239486538074,19.053594221119344,0.0,24.527395895516584,1,1702,0.0
3568,1081.905,1.6727616815309354,266.64485632845197,13.507610802901766,22.055423626601993,2549.6148797730807,69.48238499248374,19.018536488334174,0.0,24.52742248050223,1,1702,0.0
3569,1081.91,1.6746071846733905,265.66453061117886,13.459603562110813,22.055423626601993,2549.6148797730807,69.48237511958673,18.983467711443588,0.0,24.527449016835032,1,1702,0.0
3570,1081.915,1.6764543695078937,264.68570233376255,13.411664268036388,22.055423626601993,2549.6148797730807,69.48236524668974,18.948387907760615,0.0,24.527475504499595,1,1702,0.0
3571,1081.92,1.678303236161413,263.7083736848971,13.363793030840467,22.055423626601993,2549.6148797730807,69.48235537379274,18.913297094622838,0.0,24.527501943480544,1,1702,0.0
3572,1081.925,1.6801537847577737,262.73254685092684,13.315989960613342,22.055423626601993,2549.6148797730807,69.48234550089573,18.878195289392394,0.0,24.527528333762525,1,1702,0.0
3573,1081.93,1.6820060154176542,261.7582240158368,13.268255167371075,22.055423626601993,2549.6148797730807,69.48233562799872,18.843082509455922,0.0,24.52755467533021,1,1702,0.0
3574,1081.935,1.6838599282585809,260.78540736124216,13.220588761054504,22.055423626601993,2549.6148797730807,69.48232575510173,18.807958772224552,0.0,24.527580968168298,1,1702,0.0
3575,1081.94,1.6857155233949255,259.8140990663791,13.172990851531845,22.055423626601993,2549.6148797730807,69.48231588220472,18.772824095133856,0.0,24.527607212261515,1,1702,0.0
3576,1081.9450000000002,1.6875728009379003,258.84430130809415,13.125461548595188,22.055423626601993,2549.6148797730807,69.48230600930772,18.737678495643834,0.0,24.527633407594596,1,1702,0.0
3577,1081.95,1.6894317609955543,257.87601626083455,13.078000961961463,22.055423626601993,2549.6148797730807,69.48229613641071,18.70252199123888,0.0,24.52765955415232,1,1702,0.0
3578,1081.9550000000002,1.69129240367277,256.90924609663847,13.030609201272823,22.055423626601993,2549.6148797730807,69.4822862635137,18.667354599427732,0.0,24.527685651919473,1,1702,0.0
3579,1081.96,1.6931547290712579,255.94399298512465,12.983286376094522,22.055423626601993,2549.6148797730807,69.4822763906167,18.632176337743488,0.0,24.52771170088088,1,1702,0.0
3580,1081.9650000000001,1.6950187372895542,254.98025909348297,12.936032595915382,22.055423626601993,2549.6148797730807,69.48226651771971,18.596987223743522,0.0,24.527737701021373,1,1702,0.0
3581,1081.97,1.6968844284230158,254.01804658646418,12.888847970148477,22.055423626601993,2549.6148797730807,69.4822566448227,18.561787275009493,0.0,24.52776365232583,1,1702,0.0
3582,1081.9750000000001,1.6987518025638166,253.0573576263701,12.841732608129869,22.055423626601993,2549.6148797730807,69.48224677192569,18.526576509147294,0.0,24.527789554779137,1,1702,0.0
3583,1081.98,1.7006208598009445,252.09819437304373,12.794686619116563,22.055423626601993,2549.6148797730807,69.48223689902869,18.491354943787023,0.0,24.527815408366205,1,1702,0.0
3584,1081.9850000000001,1.702491600220196,251.14055898385934,12.747710112290244,22.055423626601993,2549.6148797730807,69.48222702613168,18.45612259658296,0.0,24.52784121307198,1,1702,0.0
3585,1081.99,1.7043640239041733,250.1844536137127,12.700803196752592,22.055423626601993,2549.6148797730807,69.48221715323469,18.42087948521354,0.0,24.527866968881423,1,1702,0.0
3586,1081.9950000000001,1.7062381309322803,249.22988041501083,12.6539659815276,22.055423626601993,2549.6148797730807,69.48220728033768,18.385625627381298,0.0,24.527892675779523,1,1702,0.0
3587,1082.0,1.708113921380719,248.2768415376625,12.60719857556078,22.055423626601993,2549.6148797730807,69.48219740744067,18.350361040812864,0.0,24.52791833375129,1,1702,0.0
3588,1082.005,1.7099913953224846,247.32533912906808,12.560501087717139,22.055423626601993,2549.6148797730807,69.48218753454367,18.315085743258912,0.0,24.52794394278177,1,1702,0.0
3589,1082.01,1.711870552827363,246.3753753341098,12.51387362678456,22.055423626601993,2549.6148797730807,69.48217766164667,18.279799752494153,0.0,24.527969502856017,1,1702,0.0
3590,1082.015,1.7137513939619262,245.4269522951418,12.467316301468815,22.055423626601993,2549.6148797730807,69.48216778874966,18.244503086317266,0.0,24.527995013959124,1,1702,0.0
3591,1082.02,1.7156339187895293,244.48007215198047,12.420829220396758,22.055423626601993,2549.6148797730807,69.48215791585267,18.20919576255091,0.0,24.528020476076193,1,1702,0.0
3592,1082.025,1.7175181273703048,243.5347370418942,12.37441249211416,22.055423626601993,2549.6148797730807,69.48214804295566,18.173877799041655,0.0,24.528045889192367,1,1702,0.0
3593,1082.03,1.719404019761161,242.5909490995939,12.328066225085708,22.055423626601993,2549.6148797730807,69.48213817005865,18.13854921365997,0.0,24.528071253292808,1,1702,0.0
3594,1082.035,1.7212915960157773,241.64871045722296,12.281790527695794,22.055423626601993,2549.6148797730807,69.48212829716165,18.10321002430019,0.0,24.52809656836269,1,1702,0.0
3595,1082.04,1.7231808561846007,240.70802324434757,12.235585508246183,22.055423626601993,2549.6148797730807,69.48211842426466,18.06786024888047,0.0,24.52812183438724,1,1702,0.0
3596,1082.045,1.7250718003148406,239.76888958794652,12.18945127495721,22.055423626601993,2549.6148797730807,69.48210855136765,18.032499905342775,0.0,24.528147051351677,1,1702,0.0
3597,1082.05,1.7269644284504684,238.83131161240186,12.14338793596781,22.055423626601993,2549.6148797730807,69.48209867847063,17.99712901165282,0.0,24.528172219241274,1,1702,0.0
3598,1082.055,1.7288587406322096,237.89529143948852,12.097395599332309,22.055423626601993,2549.6148797730807,69.48208880557364,17.96174758580007,0.0,24.52819733804131,1,1702,0.0
3599,1082.06,1.730754736897543,236.96083118836518,12.051474373023002,22.055423626601993,2549.6148797730807,69.48207893267663,17.92635564579767,0.0,24.52822240773709,1,1702,0.0
3600,1082.065,1.7326524172806972,236.02793297556374,12.005624364930338,22.055423626601993,2549.6148797730807,69.48206905977963,17.890953209682447,0.0,24.528247428313954,1,1702,0.0
3601,1082.0700000000002,1.7345517818126441,235.0965989149801,11.959845682858631,22.055423626601993,2549.6148797730807,69.48205918688262,17.855540295514857,0.0,24.528272399757263,1,1702,0.0
3602,1082.075,1.7364528305210984,234.16683111786398,11.914138434530308,22.055423626601993,2549.6148797730807,69.48204931398561,17.82011692137895,0.0,24.5282973220524,1,1702,0.0
3603,1082.0800000000002,1.7383555634305121,233.2386316928091,11.868502727581808,22.055423626601993,2549.6148797730807,69.48203944108862,17.784683105382353,0.0,24.52832219518477,1,1702,0.0
3604,1082.085,1.7402599805620709,232.31200274574385,11.822938669566563,22.055423626601993,2549.6148797730807,69.48202956819162,17.74923886565622,0.0,24.528347019139815,1,1702,0.0
3605,1082.0900000000001,1.742166081933692,231.38694637992094,11.777446367951663,22.055423626601993,2549.6148797730807,69.48201969529461,17.71378422035521,0.0,24.52837179390299,1,1702,0.0
3606,1082.095,1.7440738675600183,230.46346469590804,11.732025930119383,22.055423626601993,2549.6148797730807,69.4820098223976,17.678319187657443,0.0,24.528396519459783,1,1702,0.0
3607,1082.1000000000001,1.7459833374524167,229.54155979157775,11.686677463367134,22.055423626601993,2549.6148797730807,69.4819999495006,17.642843785764484,0.0,24.5284211957957,1,1702,0.0
3608,1082.105,1.7478944916189736,228.62123376209817,11.641401074904811,22.055423626601993,2549.6148797730807,69.48199007660361,17.60735803290128,0.0,24.528445822896277,1,1702,0.0
3609,1082.1100000000001,1.7498073300644916,227.70248869992264,11.596196871856531,22.055423626601993,2549.6148797730807,69.4819802037066,17.57186194731616,0.0,24.528470400747075,1,1702,0.0
3610,1082.115,1.7517218527904854,226.78532669478042,11.551064961260995,22.055423626601993,2549.6148797730807,69.48197033080959,17.536355547280774,0.0,24.528494929333682,1,1702,0.0
3611,1082.1200000000001,1.753638059795179,225.86974983366693,11.506005450068587,22.055423626601993,2549.6148797730807,69.48196045791259,17.500838851090073,0.0,24.528519408641706,1,1702,0.0
3612,1082.125,1.7555559510735017,224.9557602008336,11.461018445142319,22.055423626601993,2549.6148797730807,69.48195058501558,17.465311877062273,0.0,24.528543838656788,1,1702,0.0
3613,1082.13,1.7574755266170847,224.04335987777876,11.416104053258186,22.055423626601993,2549.6148797730807,69.48194071211859,17.429774643538806,0.0,24.528568219364583,1,1702,0.0
3614,1082.135,1.7593967864142575,223.13255094323716,11.371262381104877,22.055423626601993,2549.6148797730807,69.48193083922159,17.394227168884317,0.0,24.528592550750783,1,1702,0.0
3615,1082.14,1.7613197304500445,222.22333547317126,11.32649353528042,22.055423626601993,2549.6148797730807,69.48192096632457,17.358669471486596,0.0,24.5286168328011,1,1702,0.0
3616,1082.145,1.7632443587061608,221.3157155407606,11.281797622297027,22.055423626601993,2549.6148797730807,69.48191109342757,17.323101569756563,0.0,24.52864106550127,1,1702,0.0
3617,1082.15,1.7651706711610105,220.40969321639258,11.237174748575857,22.055423626601993,2549.6148797730807,69.48190122053057,17.28752348212822,0.0,24.52866524883705,1,1702,0.0
3618,1082.155,1.767098667789682,219.50527056765256,11.192625020450095,22.055423626601993,2549.6148797730807,69.48189134763356,17.251935227058635,0.0,24.528689382794244,1,1702,0.0
3619,1082.16,1.7690283485639435,218.60244965931443,11.148148544163067,22.055423626601993,2549.6148797730807,69.48188147473657,17.216336823027884,0.0,24.528713467358656,1,1702,0.0
3620,1082.165,1.7709597134522415,217.7012325533307,11.103745425867773,22.055423626601993,2549.6148797730807,69.48187160183956,17.18072828853904,0.0,24.528737502516133,1,1702,0.0
3621,1082.17,1.7728927624196964,216.80162130882292,11.05941577162726,22.055423626601993,2549.6148797730807,69.48186172894255,17.145109642118108,0.0,24.528761488252535,1,1702,0.0
3622,1082.175,1.7748274954280994,215.9036179820721,11.015159687414059,22.055423626601993,2549.6148797730807,69.48185185604555,17.109480902314022,0.0,24.528785424553753,1,1702,0.0
3623,1082.18,1.7767639124359085,215.00722462650904,10.970977279110079,22.055423626601993,2549.6148797730807,69.48184198314856,17.07384208769858,0.0,24.528809311405706,1,1702,0.0
3624,1082.185,1.7787020133982465,214.11244329270426,10.926868652505627,22.055423626601993,2549.6148797730807,69.48183211025155,17.03819321686643,0.0,24.528833148794334,1,1702,0.0
3625,1082.19,1.7806417982668963,213.21927602835927,10.882833913300177,22.055423626601993,2549.6148797730807,69.48182223735454,17.002534308435017,0.0,24.528856936705612,1,1702,0.0
3626,1082.1950000000002,1.7825832669902966,212.32772487829604,10.838873167100079,22.055423626601993,2549.6148797730807,69.48181236445754,16.966865381044567,0.0,24.52888067512553,1,1702,0.0
3627,1082.2,1.7845264195135417,211.43779188444796,10.794986519421318,22.055423626601993,2549.6148797730807,69.48180249156053,16.931186453358034,0.0,24.52890436404011,1,1702,0.0
3628,1082.2050000000002,1.7864712557783757,210.54947908584995,10.751174075685888,22.055423626601993,2549.6148797730807,69.48179261866353,16.89549754406107,0.0,24.528928003435396,1,1702,0.0
3629,1082.21,1.7884177757231896,209.66278851862887,10.707435941224565,22.055423626601993,2549.6148797730807,69.48178274576652,16.85979867186198,0.0,24.52895159329746,1,1702,0.0
3630,1082.2150000000001,1.7903659792830184,208.77772221599423,10.663772221273524,22.055423626601993,2549.6148797730807,69.48177287286951,16.824089855491707,0.0,24.528975133612402,1,1702,0.0
3631,1082.22,1.7923158663895375,207.89428220822813,10.620183020977077,22.055423626601993,2549.6148797730807,69.48176299997252,16.788371113703768,0.0,24.52899862436634,1,1702,0.0
3632,1082.2250000000001,1.7942674369710596,207.01247052267607,10.576668445384605,22.055423626601993,2549.6148797730807,69.48175312707552,16.75264246527424,0.0,24.52902206554543,1,1702,0.0
3633,1082.23,1.7962206909525316,206.13228918373713,10.533228599452668,22.055423626601993,2549.6148797730807,69.48174325417851,16.716903929001713,0.0,24.529045457135844,1,1702,0.0
3634,1082.2350000000001,1.7981756282555306,205.2537402128549,10.489863588042633,22.055423626601993,2549.6148797730807,69.4817333812815,16.681155523707254,0.0,24.529068799123788,1,1702,0.0
3635,1082.24,1.8001322487982616,204.37682562850702,10.446573515921639,22.055423626601993,2549.6148797730807,69.4817235083845,16.64539726823437,0.0,24.529092091495485,1,1702,0.0
3636,1082.2450000000001,1.8020905524955537,203.5015474461966,10.40335848776257,22.055423626601993,2549.6148797730807,69.4817136354875,16.609629181448962,0.0,24.52911533423719,1,1702,0.0
3637,1082.25,1.8040505392588568,202.6279076784422,10.360218608141926,22.055423626601993,2549.6148797730807,69.4817037625905,16.573851282239314,0.0,24.52913852733518,1,1702,0.0
3638,1082.255,1.8060122089962392,201.7559083347683,10.317153981542168,22.055423626601993,2549.6148797730807,69.4816938896935,16.53806358951602,0.0,24.52916167077577,1,1702,0.0
3639,1082.26,1.8079755616123836,200.88555142169582,10.274164712348911,22.055423626601993,2549.6148797730807,69.48168401679649,16.502266122211985,0.0,24.52918476454529,1,1702,0.0
3640,1082.265,1.8099405970085838,200.01683894273296,10.231250904852262,22.055423626601993,2549.6148797730807,69.48167414389948,16.46645889928234,0.0,24.529207808630087,1,1702,0.0
3641,1082.27,1.811907315082742,199.14977289836503,10.18841266324574,22.055423626601993,2549.6148797730807,69.48166427100249,16.430641939704454,0.0,24.529230803016556,1,1702,0.0
3642,1082.275,1.8138757157293666,198.28435528604575,10.14565009162624,22.055423626601993,2549.6148797730807,69.48165439810548,16.39481526247786,0.0,24.529253747691108,1,1702,0.0
3643,1082.28,1.8158457988395673,197.42058810018725,10.102963293994263,22.055423626601993,2549.6148797730807,69.48164452520848,16.358978886624236,0.0,24.52927664264018,1,1702,0.0
3644,1082.285,1.8178175643010521,196.55847333215053,10.060352374252266,22.055423626601993,2549.6148797730807,69.48163465231147,16.323132831187362,0.0,24.52929948785023,1,1702,0.0
3645,1082.29,1.8197910119981255,195.69801297023653,10.017817436205783,22.055423626601993,2549.6148797730807,69.48162477941446,16.28727711523307,0.0,24.529322283307756,1,1702,0.0
3646,1082.295,1.8217661418116855,194.83920899967626,9.975358583562306,22.055423626601993,2549.6148797730807,69.48161490651746,16.251411757849233,0.0,24.529345028999266,1,1702,0.0
3647,1082.3,1.8237429536192185,193.98206340262143,9.932975919931677,22.055423626601993,2549.6148797730807,69.48160503362047,16.21553677814569,0.0,24.529367724911314,1,1702,0.0
3648,1082.305,1.8257214472947982,193.12657815813515,9.890669548824869,22.055423626601993,2549.6148797730807,69.48159516072346,16.179652195254246,0.0,24.52939037103046,1,1702,0.0
3649,1082.31,1.8277016227090823,192.27275524218246,9.848439573654376,22.055423626601993,2549.6148797730807,69.48158528782645,16.143758028328595,0.0,24.5294129673433,1,1702,0.0
3650,1082.315,1.829683479729308,191.4205966276208,9.806286097733919,22.055423626601993,2549.6148797730807,69.48157541492945,16.107854296544318,0.0,24.52943551383646,1,1702,0.0
3651,1082.3200000000002,1.8316670182192905,190.57010428419093,9.76420922427768,22.055423626601993,2549.6148797730807,69.48156554203246,16.071941019098812,0.0,24.52945801049659,1,1702,0.0
3652,1082.325,1.8336522380394205,189.72128017850704,9.722209056401221,22.055423626601993,2549.6148797730807,69.48155566913545,16.036018215211275,0.0,24.529480457310363,1,1702,0.0
3653,1082.3300000000002,1.8356391390466589,188.87412627404808,9.68028569711948,22.055423626601993,2549.6148797730807,69.48154579623844,16.000085904122653,0.0,24.529502854264486,1,1702,0.0
3654,1082.335,1.8376277210945358,188.02864453114765,9.638439249347623,22.055423626601993,2549.6148797730807,69.48153592334144,15.964144105095599,0.0,24.529525201345677,1,1702,0.0
3655,1082.3400000000001,1.8396179840331475,187.18483690698525,9.596669815900393,22.055423626601993,2549.6148797730807,69.48152605044443,15.928192837414452,0.0,24.529547498540705,1,1702,0.0
3656,1082.345,1.8416099277091516,186.3427053555764,9.554977499492614,22.055423626601993,2549.6148797730807,69.48151617754743,15.892232120385168,0.0,24.52956974583634,1,1702,0.0
3657,1082.3500000000001,1.8436035519657672,185.50225182776396,9.513362402737714,22.055423626601993,2549.6148797730807,69.48150630465044,15.85626197333531,0.0,24.529591943219398,1,1702,0.0
3658,1082.355,1.845598856642769,184.66347827120805,9.471824628147811,22.055423626601993,2549.6148797730807,69.48149643175341,15.820282415613987,0.0,24.52961409067671,1,1702,0.0
3659,1082.3600000000001,1.8475958415764864,183.82638663037747,9.430364278134379,22.055423626601993,2549.6148797730807,69.48148655885642,15.784293466591821,0.0,24.529636188195145,1,1702,0.0
3660,1082.365,1.8495945065997998,182.99097884653983,9.388981455006682,22.055423626601993,2549.6148797730807,69.48147668595942,15.748295145660913,0.0,24.529658235761584,1,1702,0.0
3661,1082.3700000000001,1.8515948515421374,182.15725685775254,9.347676260972728,22.055423626601993,2549.6148797730807,69.48146681306241,15.712287472234795,0.0,24.529680233362953,1,1702,0.0
3662,1082.375,1.8535968762294737,181.32522259885363,9.306448798137202,22.055423626601993,2549.6148797730807,69.48145694016542,15.676270465748393,0.0,24.52970218098619,1,1702,0.0
3663,1082.38,1.855600580484324,180.49487800145232,9.265299168503422,22.055423626601993,2549.6148797730807,69.4814470672684,15.640244145657983,0.0,24.529724078618266,1,1702,0.0
3664,1082.385,1.8576059641257463,179.66622499391957,9.224227473972139,22.055423626601993,2549.6148797730807,69.4814371943714,15.60420853144115,0.0,24.529745926246175,1,1702,0.0
3665,1082.39,1.8596130269693323,178.83926550137926,9.18323381634051,22.055423626601993,2549.6148797730807,69.4814273214744,15.568163642596764,0.0,24.529767723856942,1,1702,0.0
3666,1082.395,1.8616217688272099,178.01400144569877,9.142318297302566,22.055423626601993,2549.6148797730807,69.4814174485774,15.532109498644909,0.0,24.52978947143762,1,1702,0.0
3667,1082.4,1.863632189508038,177.1904347454796,9.1014810184495,22.055423626601993,2549.6148797730807,69.4814075756804,15.496046119126863,0.0,24.52981116897529,1,1702,0.0
3668,1082.405,1.8656442888170042,176.3685673160483,9.06072208126817,22.055423626601993,2549.6148797730807,69.48139770278338,15.459973523605061,0.0,24.529832816457045,1,1702,0.0
3669,1082.41,1.867658066555821,175.54840106944755,9.020041587142064,22.055423626601993,2549.6148797730807,69.48138782988639,15.423891731663035,0.0,24.529854413870027,1,1702,0.0
3670,1082.415,1.8696735225227252,174.7299379144264,8.979439637350104,22.055423626601993,2549.6148797730807,69.48137795698938,15.38780076290539,0.0,24.529875961201395,1,1702,0.0
3671,1082.42,1.8716906565124738,173.91317975643148,8.938916333067256,22.055423626601993,2549.6148797730807,69.48136808409238,15.351700636957752,0.0,24.529897458438334,1,1702,0.0
3672,1082.425,1.8737094683163413,173.09812849759783,8.89847177536268,22.055423626601993,2549.6148797730807,69.48135821119537,15.31559137346673,0.0,24.529918905568056,1,1702,0.0
3673,1082.43,1.8757299577221178,172.28478603673966,8.858106065202541,22.055423626601993,2549.6148797730807,69.48134833829836,15.279472992099876,0.0,24.529940302577806,1,1702,0.0
3674,1082.435,1.877752124514105,171.47315426934114,8.81781930344598,22.055423626601993,2549.6148797730807,69.48133846540136,15.243345512545641,0.0,24.52996164945485,1,1702,0.0
3675,1082.44,1.8797759684731141,170.66323508754738,8.777611590848093,22.055423626601993,2549.6148797730807,69.48132859250437,15.207208954513334,0.0,24.52998294618648,1,1702,0.0
3676,1082.4450000000002,1.8818014893764652,169.85503038015543,8.737483028057415,22.055423626601993,2549.6148797730807,69.48131871960736,15.171063337733079,0.0,24.530004192760018,1,1702,0.0
3677,1082.45,1.8838286869979812,169.04854203260484,8.69743371561755,22.055423626601993,2549.6148797730807,69.48130884671035,15.134908681955773,0.0,24.53002538916282,1,1702,0.0
3678,1082.4550000000002,1.8858575611079875,168.243771926969,8.657463753965242,22.055423626601993,2549.6148797730807,69.48129897381335,15.098745006953045,0.0,24.530046535382258,1,1702,0.0
3679,1082.46,1.8878881114733093,167.4407219419456,8.617573243431195,22.055423626601993,2549.6148797730807,69.48128910091634,15.062572332517218,0.0,24.530067631405743,1,1702,0.0
3680,1082.4650000000001,1.8899203378572673,166.63939395284802,8.577762284240194,22.055423626601993,2549.6148797730807,69.48127922801935,15.026390678461254,0.0,24.5300886772207,1,1702,0.0
3681,1082.47,1.8919542400196774,165.83978983159588,8.538030976508917,22.055423626601993,2549.6148797730807,69.48126935512235,14.990200064618723,0.0,24.530109672814593,1,1702,0.0
3682,1082.4750000000001,1.8939898177168473,165.04191144670637,8.498379420248586,22.055423626601993,2549.6148797730807,69.48125948222533,14.954000510843752,0.0,24.530130618174905,1,1702,0.0
3683,1082.48,1.8960270707015727,164.2457606632848,8.458807715362097,22.055423626601993,2549.6148797730807,69.48124960932833,14.917792037010994,0.0,24.53015151328916,1,1702,0.0
3684,1082.4850000000001,1.898065998723137,163.45133934301603,8.419315961645335,22.055423626601993,2549.6148797730807,69.48123973643133,14.881574663015572,0.0,24.53017235814489,1,1702,0.0
3685,1082.49,1.9001066015273076,162.65864934415515,8.379904258786793,22.055423626601993,2549.6148797730807,69.48122986353432,14.845348408773043,0.0,24.530193152729666,1,1702,0.0
3686,1082.4950000000001,1.9021488788563332,161.86769252151868,8.340572706366814,22.055423626601993,2549.6148797730807,69.48121999063733,14.809113294219355,0.0,24.530213897031086,1,1702,0.0
3687,1082.5,1.9041928304489415,161.07847072647536,8.301321403857735,22.055423626601993,2549.6148797730807,69.48121011774032,14.772869339310795,0.0,24.530234591036777,1,1702,0.0
3688,1082.505,1.9062384560403376,160.29098580693747,8.262150450623592,22.055423626601993,2549.6148797730807,69.48120024484331,14.73661656402396,0.0,24.530255234734394,1,1702,0.0
3689,1082.51,1.9082857553622004,159.50523960735177,8.223059945920138,22.055423626601993,2549.6148797730807,69.48119037194631,14.700354988355702,0.0,24.53027582811161,1,1702,0.0
3690,1082.515,1.9103347281426812,158.72123396869048,8.184049988894126,22.055423626601993,2549.6148797730807,69.48118049904932,14.664084632323089,0.0,24.530296371156137,1,1702,0.0
3691,1082.52,1.9123853741064003,157.9389707284424,8.145120678583888,22.055423626601993,2549.6148797730807,69.4811706261523,14.627805515963363,0.0,24.53031686385571,1,1702,0.0
3692,1082.525,1.9144376929744453,157.15845172060412,8.106272113918223,22.055423626601993,2549.6148797730807,69.4811607532553,14.59151765933389,0.0,24.530337306198092,1,1702,0.0
3693,1082.53,1.9164916844643698,156.3796787756709,8.067504393716971,22.055423626601993,2549.6148797730807,69.4811508803583,14.555221082512123,0.0,24.530357698171077,1,1702,0.0
3694,1082.535,1.9185473482901874,155.602653720628,8.028817616690395,22.055423626601993,2549.6148797730807,69.4811410074613,14.518915805595547,0.0,24.530378039762482,1,1702,0.0
3695,1082.54,1.9206046841623736,154.82737837894172,7.990211881438862,22.055423626601993,2549.6148797730807,69.4811311345643,14.482601848701654,0.0,24.53039833096015,1,1702,0.0
3696,1082.545,1.9226636917878621,154.05385457055064,7.951687286453107,22.055423626601993,2549.6148797730807,69.48112126166728,14.446279231967877,0.0,24.530418571751962,1,1702,0.0
3697,1082.55,1.9247243708700397,153.28208411185642,7.913243930113969,22.055423626601993,2549.6148797730807,69.48111138877029,14.409947975551557,0.0,24.53043876212582,1,1702,0.0
3698,1082.555,1.9267867211087497,152.51206881571545,7.874881910691814,22.055423626601993,2549.6148797730807,69.48110151587328,14.373608099629902,0.0,24.53045890206965,1,1702,0.0
3699,1082.56,1.9288507422002839,151.74381049142985,7.836601326346371,22.055423626601993,2549.6148797730807,69.48109164297628,14.337259624399929,0.0,24.53047899157141,1,1702,0.0
3700,1082.565,1.930916433837384,150.97731094473855,7.798402275127205,22.055423626601993,2549.6148797730807,69.48108177007927,14.300902570078433,0.0,24.53049903061909,1,1702,0.0
3701,1082.5700000000002,1.932983795709237,150.2125719778086,7.760284854973085,22.055423626601993,2549.6148797730807,69.48107189718226,14.264536956901937,0.0,24.530519019200707,1,1702,0.0
3702,1082.575,1.9350528275014767,149.44959538922652,7.722249163711447,22.055423626601993,2549.6148797730807,69.48106202428527,14.22816280512664,0.0,24.530538957304298,1,1702,0.0
3703,1082.5800000000002,1.9371235288961757,148.6883829739893,7.684295299058896,22.055423626601993,2549.6148797730807,69.48105215138827,14.191780135028383,0.0,24.530558844917937,1,1702,0.0
3704,1082.585,1.9391958995718495,147.92893652349574,7.64642335862085,22.055423626601993,2549.6148797730807,69.48104227849126,14.155388966902596,0.0,24.53057868202972,1,1702,0.0
3705,1082.5900000000001,1.9412699392034494,147.1712578255379,7.608633439890676,22.055423626601993,2549.6148797730807,69.48103240559426,14.118989321064255,0.0,24.530598468627776,1,1702,0.0
3706,1082.595,1.9433456474623627,146.4153486642922,7.5709256402507865,22.055423626601993,2549.6148797730807,69.48102253269725,14.08258121784784,0.0,24.530618204700257,1,1702,0.0
3707,1082.6000000000001,1.9454230240164112,145.6612108203107,7.533300056971373,22.055423626601993,2549.6148797730807,69.48101265980024,14.04616467760728,0.0,24.530637890235344,1,1702,0.0
3708,1082.605,1.9475020685298472,144.90884607051262,7.495756787210913,22.055423626601993,2549.6148797730807,69.48100278690325,14.009739720715919,0.0,24.530657525221258,1,1702,0.0
3709,1082.6100000000001,1.9495827806633528,144.1582561881753,7.458295928015515,22.055423626601993,2549.6148797730807,69.48099291400625,13.97330636756646,0.0,24.53067710964623,1,1702,0.0
3710,1082.615,1.951665160074036,143.40944294292606,7.42091757631937,22.055423626601993,2549.6148797730807,69.48098304110924,13.936864638570924,0.0,24.53069664349853,1,1702,0.0
3711,1082.6200000000001,1.9537492064154323,142.66240810073307,7.383621828943729,22.055423626601993,2549.6148797730807,69.48097316821223,13.900414554160603,0.0,24.530716126766457,1,1702,0.0
3712,1082.625,1.955834919337498,141.917153423897,7.346408782597691,22.055423626601993,2549.6148797730807,69.48096329531523,13.863956134786017,0.0,24.530735559438334,1,1702,0.0
3713,1082.63,1.957922298486612,141.17368067104226,7.30927853387764,22.055423626601993,2549.6148797730807,69.48095342241822,13.827489400916859,0.0,24.53075494150251,1,1702,0.0
3714,1082.635,1.960011343505572,140.4319915971087,7.272231179266698,22.055423626601993,2549.6148797730807,69.48094354952123,13.791014373041955,0.0,24.530774272947372,1,1702,0.0
3715,1082.64,1.9621020540335918,139.6920879533425,7.235266815135517,22.055423626601993,2549.6148797730807,69.48093367662422,13.754531071669222,0.0,24.530793553761324,1,1702,0.0
3716,1082.645,1.964194429706303,138.95397148728816,7.19838553774136,22.055423626601993,2549.6148797730807,69.48092380372721,13.718039517325607,0.0,24.530812783932806,1,1702,0.0
3717,1082.65,1.9662884701557464,138.21764394277966,7.161587443227925,22.055423626601993,2549.6148797730807,69.48091393083021,13.681539730557056,0.0,24.530831963450286,1,1702,0.0
3718,1082.655,1.9683841750103779,137.48310705993183,7.124872627625994,22.055423626601993,2549.6148797730807,69.48090405793322,13.645031731928452,0.0,24.530851092302253,1,1702,0.0
3719,1082.66,1.97048154389506,136.7503625751322,7.088241186852486,22.055423626601993,2549.6148797730807,69.4808941850362,13.608515542023582,0.0,24.53087017047724,1,1702,0.0
3720,1082.665,1.9725805764310649,136.019412221032,7.05169321671079,22.055423626601993,2549.6148797730807,69.4808843121392,13.57199118144508,0.0,24.530889197963788,1,1702,0.0
3721,1082.67,1.9746812722360683,135.2902577265382,7.015228812890233,22.055423626601993,2549.6148797730807,69.4808744392422,13.535458670814387,0.0,24.530908174750486,1,1702,0.0
3722,1082.675,1.9767836309241515,134.56290081680453,6.978848070967015,22.055423626601993,2549.6148797730807,69.48086456634519,13.498918030771694,0.0,24.53092710082594,1,1702,0.0
3723,1082.68,1.978887652105795,133.83734321322353,6.942551086402259,22.055423626601993,2549.6148797730807,69.4808546934482,13.462369281975905,0.0,24.53094597617879,1,1702,0.0
3724,1082.685,1.980993335387883,133.11358663341767,6.906337954543885,22.055423626601993,2549.6148797730807,69.4808448205512,13.425812445104578,0.0,24.530964800797694,1,1702,0.0
3725,1082.69,1.9831006803736944,132.39163279123107,6.870208770624687,22.055423626601993,2549.6148797730807,69.48083494765417,13.38924754085389,0.0,24.530983574671353,1,1702,0.0
3726,1082.6950000000002,1.9852096866629065,131.67148339672133,6.834163629763939,22.055423626601993,2549.6148797730807,69.48082507475718,13.352674589938582,0.0,24.531002297788493,1,1702,0.0
3727,1082.7,1.9873203538515916,130.95314015615068,6.798202626965727,22.055423626601993,2549.6148797730807,69.48081520186018,13.316093613091907,0.0,24.53102097013786,1,1702,0.0
3728,1082.7050000000002,1.9894326815322134,130.23660477197805,6.762325857120497,22.055423626601993,2549.6148797730807,69.48080532896317,13.279504631065588,0.0,24.53103959170824,1,1702,0.0
3729,1082.71,1.991546669293627,129.52187894285035,6.7265334150029465,22.055423626601993,2549.6148797730807,69.48079545606618,13.242907664629776,0.0,24.531058162488435,1,1702,0.0
3730,1082.7150000000001,1.9936623167210776,128.8089643635945,6.690825395273615,22.055423626601993,2549.6148797730807,69.48078558316917,13.206302734572981,0.0,24.531076682467294,1,1702,0.0
3731,1082.72,1.9957796233961984,128.09786272520873,6.655201892478493,22.055423626601993,2549.6148797730807,69.48077571027216,13.169689861702043,0.0,24.531095151633675,1,1702,0.0
3732,1082.7250000000001,1.9978985888970082,127.38857571485444,6.619663001047907,22.055423626601993,2549.6148797730807,69.48076583737516,13.13306906684208,0.0,24.53111356997648,1,1702,0.0
3733,1082.73,2.00001921279791,126.6811050158479,6.584208815297931,22.055423626601993,2549.6148797730807,69.48075596447816,13.096440370836426,0.0,24.53113193748463,1,1702,0.0
3734,1082.7350000000001,2.002141494669689,125.97545230765198,6.5488394294290115,22.055423626601993,2549.6148797730807,69.48074609158115,13.059803794546603,0.0,24.531150254147086,1,1702,0.0
3735,1082.74,2.004265434079513,125.27161926586794,6.513554937526397,22.055423626601993,2549.6148797730807,69.48073621868414,13.023159358852254,0.0,24.53116851995283,1,1702,0.0
3736,1082.7450000000001,2.0063910305909283,124.56960756222703,6.478355433560728,22.055423626601993,2549.6148797730807,69.48072634578715,12.986507084651105,0.0,24.531186734890863,1,1702,0.0
3737,1082.75,2.008518283763859,123.86941886458236,6.443241011386725,22.055423626601993,2549.6148797730807,69.48071647289015,12.949846992858907,0.0,24.531204898950232,1,1702,0.0
3738,1082.755,2.0106471931546066,123.17105483690067,6.4082117647438555,22.055423626601993,2549.6148797730807,69.48070659999314,12.913179104409398,0.0,24.53122301212001,1,1702,0.0
3739,1082.76,2.0127777583158455,122.47451713925423,6.373267787256475,22.055423626601993,2549.6148797730807,69.48069672709613,12.87650344025424,0.0,24.53124107438929,1,1702,0.0
3740,1082.765,2.0149099787966254,121.77980742781247,6.338409172432958,22.055423626601993,2549.6148797730807,69.48068685419913,12.839820021362982,0.0,24.531259085747198,1,1702,0.0
3741,1082.77,2.017043854142366,121.086927354834,6.3036360136667025,22.055423626601993,2549.6148797730807,69.48067698130212,12.803128868723002,0.0,24.5312770461829,1,1702,0.0
3742,1082.775,2.0191793838948593,120.39587856865835,6.268948404235021,22.055423626601993,2549.6148797730807,69.48066710840513,12.766430003339464,0.0,24.531294955685578,1,1702,0.0
3743,1082.78,2.0213165675922626,119.7066627136979,6.234346437299889,22.055423626601993,2549.6148797730807,69.48065723550812,12.729723446235255,0.0,24.53131281424444,1,1702,0.0
3744,1082.785,2.023455404769105,119.01928143042974,6.199830205907341,22.055423626601993,2549.6148797730807,69.48064736261111,12.693009218450952,0.0,24.531330621848742,1,1702,0.0
3745,1082.79,2.0255958949562776,118.33373635538763,6.165399802988108,22.055423626601993,2549.6148797730807,69.48063748971411,12.656287341044763,0.0,24.53134837848775,1,1702,0.0
3746,1082.795,2.0277380376810377,117.65002912115389,6.131055321356764,22.055423626601993,2549.6148797730807,69.48062761681712,12.619557835092474,0.0,24.53136608415077,1,1702,0.0
3747,1082.8,2.029881832467005,116.96816135635136,6.096796853712172,22.055423626601993,2549.6148797730807,69.4806177439201,12.582820721687405,0.0,24.531383738827124,1,1702,0.0
3748,1082.805,2.0320272788341622,116.28813468563523,6.062624492637671,22.055423626601993,2549.6148797730807,69.4806078710231,12.546076021940358,0.0,24.531401342506186,1,1702,0.0
3749,1082.81,2.03417437629885,115.6099507296853,6.0285383306004725,22.055423626601993,2549.6148797730807,69.4805979981261,12.509323756979558,0.0,24.53141889517734,1,1702,0.0
3750,1082.815,2.0363231243737707,114.93361110519771,5.994538459952156,22.055423626601993,2549.6148797730807,69.48058812522909,12.472563947950619,0.0,24.531436396830006,1,1702,0.0
3751,1082.8200000000002,2.0384735225679806,114.2591174248772,5.960624972928191,22.055423626601993,2549.6148797730807,69.4805782523321,12.435796616016477,0.0,24.531453847453633,1,1702,0.0
3752,1082.825,2.0406255703868967,113.58647129742874,5.9267979616483855,22.055423626601993,2549.6148797730807,69.4805683794351,12.399021782357348,0.0,24.531471247037697,1,1702,0.0
3753,1082.8300000000002,2.0427792673322864,112.91567432755018,5.893057518116742,22.055423626601993,2549.6148797730807,69.48055850653809,12.362239468170673,0.0,24.531488595571705,1,1702,0.0
3754,1082.835,2.0449346129022747,112.24672811592369,5.859403734221217,22.055423626601993,2549.6148797730807,69.48054863364108,12.325449694671068,0.0,24.531505893045203,1,1702,0.0
3755,1082.8400000000001,2.0470916065913367,111.5796342592083,5.825836701733989,22.055423626601993,2549.6148797730807,69.48053876074408,12.288652483090274,0.0,24.531523139447746,1,1702,0.0
3756,1082.845,2.0492502478903,110.91439435003177,5.792356512311181,22.055423626601993,2549.6148797730807,69.48052888784707,12.251847854677104,0.0,24.531540334768934,1,1702,0.0
3757,1082.8500000000001,2.0514105362863413,110.25100997698286,5.758963257493476,22.055423626601993,2549.6148797730807,69.48051901495008,12.215035830697392,0.0,24.53155747899839,1,1702,0.0
3758,1082.855,2.053572471262987,109.58948272460336,5.725657028705356,22.055423626601993,2549.6148797730807,69.48050914205307,12.17821643243394,0.0,24.531574572125773,1,1702,0.0
3759,1082.8600000000001,2.0557360523001096,108.92981417338028,5.692437917255842,22.055423626601993,2549.6148797730807,69.48049926915606,12.14138968118647,0.0,24.531591614140766,1,1702,0.0
3760,1082.865,2.0579012788739304,108.2720058997381,5.659306014337827,22.055423626601993,2549.6148797730807,69.48048939625906,12.104555598271563,0.0,24.53160860503308,1,1702,0.0
3761,1082.8700000000001,2.0600681504570137,107.61605947603081,5.626261411028717,22.055423626601993,2549.6148797730807,69.48047952336206,12.067714205022623,0.0,24.531625544792462,1,1702,0.0
3762,1082.875,2.06223666651827,106.96197647053432,5.593304198290081,22.055423626601993,2549.6148797730807,69.48046965046505,12.030865522789805,0.0,24.53164243340868,1,1702,0.0
3763,1082.88,2.064406826522952,106.30975844743855,5.560434466967959,22.055423626601993,2549.6148797730807,69.48045977756804,11.994009572939978,0.0,24.531659270871536,1,1702,0.0
3764,1082.885,2.0665786299326547,105.65940696683973,5.527652307792915,22.055423626601993,2549.6148797730807,69.48044990467105,11.95714637685667,0.0,24.531676057170866,1,1702,0.0
3765,1082.89,2.068752076205314,105.0109235847327,5.49495781137928,22.055423626601993,2549.6148797730807,69.48044003177404,11.920275955940008,0.0,24.531692792296532,1,1702,0.0
3766,1082.895,2.0709271647952057,104.36430985300316,5.4623510682266545,22.055423626601993,2549.6148797730807,69.48043015887704,11.88339833160667,0.0,24.531709476238422,1,1702,0.0
3767,1082.9,2.073103895152945,103.71956731942008,5.429832168718849,22.055423626601993,2549.6148797730807,69.48042028598003,11.846513525289836,0.0,24.531726108986454,1,1702,0.0
3768,1082.905,2.0752822667254835,103.07669752762779,5.397401203124325,22.055423626601993,2549.6148797730807,69.48041041308302,11.809621558439131,0.0,24.53174269053059,1,1702,0.0
3769,1082.91,2.077462278956113,102.4357020171386,5.365058261596376,22.055423626601993,2549.6148797730807,69.48040054018603,11.77272245252057,0.0,24.531759220860796,1,1702,0.0
3770,1082.915,2.0796439312844583,101.79658232332505,5.332803434172914,22.055423626601993,2549.6148797730807,69.48039066728903,11.735816229016509,0.0,24.531775699967096,1,1702,0.0
3771,1082.92,2.081827223146481,101.15933997741232,5.300636810776865,22.055423626601993,2549.6148797730807,69.48038079439202,11.698902909425591,0.0,24.53179212783952,1,1702,0.0
3772,1082.925,2.084012153974476,100.52397650647049,5.268558481215881,22.055423626601993,2549.6148797730807,69.48037092149502,11.66198251526269,0.0,24.53180850446814,1,1702,0.0
3773,1082.93,2.0861987231970716,99.89049343340734,5.236568535182882,22.055423626601993,2549.6148797730807,69.48036104859801,11.625055068058863,0.0,24.53182482984306,1,1702,0.0
3774,1082.935,2.088386930239229,99.25889227696032,5.204667062255883,22.055423626601993,2549.6148797730807,69.480351175701,11.588120589361287,0.0,24.531841103954406,1,1702,0.0
3775,1082.94,2.090576774522241,98.62917455168943,5.172854151898248,22.055423626601993,2549.6148797730807,69.480341302804,11.551179100733217,0.0,24.531857326792334,1,1702,0.0
3776,1082.9450000000002,2.0927682554637306,98.00134176796938,5.141129893458345,22.055423626601993,2549.6148797730807,69.48033142990701,11.51423062375392,0.0,24.53187349834704,1,1702,0.0
3777,1082.95,2.0949613724776515,97.37539543198228,5.109494376170461,22.055423626601993,2549.6148797730807,69.48032155701,11.47727518001863,0.0,24.531889618608737,1,1702,0.0
3778,1082.9550000000002,2.0971561249742856,96.75133704571024,5.077947689154403,22.055423626601993,2549.6148797730807,69.48031168411299,11.440312791138496,0.0,24.531905687567676,1,1702,0.0
3779,1082.96,2.099352512360243,96.12916810692768,5.0464899214157235,22.055423626601993,2549.6148797730807,69.480301811216,11.403343478740515,0.0,24.531921705214135,1,1702,0.0
3780,1082.9650000000001,2.1015505340384624,95.50889010919406,5.015121161845318,22.055423626601993,2549.6148797730807,69.480291938319,11.366367264467492,0.0,24.531937671538426,1,1702,0.0
3781,1082.97,2.10375018940821,94.8905045418464,4.98384149922102,22.055423626601993,2549.6148797730807,69.48028206542199,11.329384169977974,0.0,24.531953586530886,1,1702,0.0
3782,1082.9750000000001,2.1059514778650756,94.274012889992,4.952651022206126,22.055423626601993,2549.6148797730807,69.48027219252498,11.292394216946203,0.0,24.531969450181883,1,1702,0.0
3783,1082.98,2.1081543988009765,93.65941663450081,4.921549819350647,22.055423626601993,2549.6148797730807,69.48026231962798,11.25539742706206,0.0,24.531985262481818,1,1702,0.0
3784,1082.9850000000001,2.110358951604154,93.04671725199843,4.890537979090911,22.055423626601993,2549.6148797730807,69.48025244673097,11.218393822031006,0.0,24.53200102342112,1,1702,0.0
3785,1082.99,2.1125651356591755,92.43591621485842,4.859615589749699,22.055423626601993,2549.6148797730807,69.48024257383398,11.181383423574033,0.0,24.532016732990247,1,1702,0.0
3786,1082.9950000000001,2.1147729503469286,91.82701499119527,4.82878273953701,22.055423626601993,2549.6148797730807,69.48023270093697,11.144366253427604,0.0,24.532032391179687,1,1702,0.0
3787,1083.0,2.116982395044626,91.22001504485695,4.7980395165496175,22.055423626601993,2549.6148797730807,69.48022282803996,11.107342333343599,0.0,24.532047997979962,1,1702,0.0
3788,1083.005,2.1191934691258023,90.61491783541761,4.7673860087716635,22.055423626601993,2549.6148797730807,69.48021295514296,11.070311685089266,0.0,24.532063553381626,1,1702,0.0
3789,1083.01,2.1214061719603134,90.01172481817052,4.736822304074352,22.055423626601993,2549.6148797730807,69.48020308224596,11.033274330447153,0.0,24.53207905737525,1,1702,0.0
3790,1083.015,2.1236205029143376,89.41043744412066,4.706348490216707,22.055423626601993,2549.6148797730807,69.48019320934895,10.996230291215063,0.0,24.532094509951445,1,1702,0.0
3791,1083.02,2.1258364613503726,88.81105715997758,4.675964654845703,22.055423626601993,2549.6148797730807,69.48018333645194,10.959179589205998,0.0,24.532109911100857,1,1702,0.0
3792,1083.025,2.1280540466272373,88.21358540814818,4.6456708854959485,22.055423626601993,2549.6148797730807,69.48017346355495,10.922122246248096,0.0,24.53212526081416,1,1702,0.0
3793,1083.03,2.13027325810007,87.61802362672951,4.615467269590499,22.055423626601993,2549.6148797730807,69.48016359065794,10.885058284184577,0.0,24.53214055908204,1,1702,0.0
3794,1083.035,2.1324940951203275,87.02437324950178,4.585353894440751,22.055423626601993,2549.6148797730807,69.48015371776094,10.847987724873697,0.0,24.532155805895236,1,1702,0.0
3795,1083.04,2.1347165570357864,86.4326357059211,4.555330847247012,22.055423626601993,2549.6148797730807,69.48014384486395,10.810910590188676,0.0,24.532171001244514,1,1702,0.0
3796,1083.045,2.136940643190542,85.84281242111237,4.525398215098328,22.055423626601993,2549.6148797730807,69.48013397196692,10.773826902017655,0.0,24.532186145120658,1,1702,0.0
3797,1083.05,2.1391663529250065,85.25490481586218,4.495556084973101,22.055423626601993,2549.6148797730807,69.48012409906993,10.736736682263631,0.0,24.532201237514492,1,1702,0.0
3798,1083.055,2.1413936855759106,84.66891430661191,4.465804543739004,22.055423626601993,2549.6148797730807,69.48011422617293,10.699639952844407,0.0,24.532216278416872,1,1702,0.0
3799,1083.06,2.1436226404763015,84.08484230545047,4.4361436781536066,22.055423626601993,2549.6148797730807,69.48010435327592,10.662536735692527,0.0,24.532231267818677,1,1702,0.0
3800,1083.065,2.145853216955545,83.50269022010748,4.4065735748642085,22.055423626601993,2549.6148797730807,69.48009448037892,10.62542705275523,0.0,24.532246205710823,1,1702,0.0
3801,1083.0700000000002,2.148085414339321,82.92245945394608,4.377094320408745,22.055423626601993,2549.6148797730807,69.48008460748191,10.588310925994382,0.0,24.532261092084248,1,1702,0.0
3802,1083.075,2.1503192319496285,82.34415140595615,4.34770600121533,22.055423626601993,2549.6148797730807,69.4800747345849,10.551188377386431,0.0,24.532275926929934,1,1702,0.0
3803,1083.0800000000002,2.1525546691047808,81.76776747074719,4.318408703603421,22.055423626601993,2549.6148797730807,69.48006486168791,10.514059428922339,0.0,24.53229071023888,1,1702,0.0
3804,1083.085,2.154791725119408,81.19330903854147,4.289202513783194,22.055423626601993,2549.6148797730807,69.48005498879091,10.476924102607526,0.0,24.53230544200212,1,1702,0.0
3805,1083.0900000000001,2.1570303993044564,80.62077749516713,4.26008751785661,22.055423626601993,2549.6148797730807,69.4800451158939,10.439782420461825,0.0,24.53232012221072,1,1702,0.0
3806,1083.095,2.1592706909671846,80.05017422205121,4.231063801817108,22.055423626601993,2549.6148797730807,69.48003524299689,10.402634404519402,0.0,24.53233475085578,1,1702,0.0
3807,1083.1000000000001,2.1615125994111715,79.48150059621288,4.202131451550677,22.055423626601993,2549.6148797730807,69.4800253700999,10.365480076828721,0.0,24.532349327928426,1,1702,0.0
3808,1083.105,2.163756123936307,78.91475799025655,4.173290552835536,22.055423626601993,2549.6148797730807,69.48001549720288,10.328319459452475,0.0,24.532363853419813,1,1702,0.0
3809,1083.1100000000001,2.1660012638387967,78.34994777236498,4.144541191342885,22.055423626601993,2549.6148797730807,69.48000562430589,10.291152574467528,0.0,24.53237832732113,1,1702,0.0
3810,1083.115,2.168248018411164,77.78707130629267,4.115883452636928,22.055423626601993,2549.6148797730807,69.47999575140888,10.253979443964855,0.0,24.53239274962359,1,1702,0.0
3811,1083.1200000000001,2.1704963869422436,77.22612995135887,4.0873174221756665,22.055423626601993,2549.6148797730807,69.47998587851187,10.216800090049496,0.0,24.532407120318453,1,1702,0.0
3812,1083.125,2.1727463687171866,76.66712506244093,4.058843185310929,22.055423626601993,2549.6148797730807,69.47997600561487,10.17961453484048,0.0,24.53242143939699,1,1702,0.0
3813,1083.13,2.1749979630174594,76.11005798996752,4.030460827288842,22.055423626601993,2549.6148797730807,69.47996613271788,10.142422800470783,0.0,24.532435706850517,1,1702,0.0
3814,1083.135,2.1772511691208414,75.55493007991198,4.0021704332503445,22.055423626601993,2549.6148797730807,69.47995625982087,10.105224909087255,0.0,24.53244992267037,1,1702,0.0
3815,1083.14,2.179505986301428,75.00174267378564,3.9739720882314162,22.055423626601993,2549.6148797730807,69.47994638692386,10.068020882850577,0.0,24.53246408684792,1,1702,0.0
3816,1083.145,2.181762413829629,74.45049710863101,3.945865877163784,22.055423626601993,2549.6148797730807,69.47993651402686,10.030810743935183,0.0,24.532478199374573,1,1702,0.0
3817,1083.15,2.184020450972169,73.90119471701531,3.9178518848748665,22.055423626601993,2549.6148797730807,69.47992664112985,9.99359451452922,0.0,24.53249226024176,1,1702,0.0
3818,1083.155,2.186280096992087,73.35383682702377,3.8899301960885895,22.055423626601993,2549.6148797730807,69.47991676823285,9.956372216834477,0.0,24.532506269440947,1,1702,0.0
3819,1083.16,2.188541351148738,72.80842476225297,3.8621008954260727,22.055423626601993,2549.6148797730807,69.47990689533586,9.91914387306633,0.0,24.53252022696363,1,1702,0.0
3820,1083.165,2.190804212697792,72.26495984180438,3.834364067405139,22.055423626601993,2549.6148797730807,69.47989702243885,9.881909505453683,0.0,24.53253413280133,1,1702,0.0
3821,1083.17,2.193068680891232,71.72344338027783,3.8067197964419854,22.055423626601993,2549.6148797730807,69.47988714954184,9.844669136238902,0.0,24.53254798694561,1,1702,0.0
3822,1083.175,2.195334754977359,71.1838766877648,3.7791681668508517,22.055423626601993,2549.6148797730807,69.47987727664484,9.807422787677769,0.0,24.532561789388044,1,1702,0.0
3823,1083.18,2.19760243420079,70.64626106984205,3.7517092628445043,22.055423626601993,2549.6148797730807,69.47986740374785,9.77017048203941,0.0,24.532575540120266,1,1702,0.0
3824,1083.185,2.1998717178024543,70.11059782756514,3.7243431685352935,22.055423626601993,2549.6148797730807,69.47985753085084,9.732912241606236,0.0,24.532589239133916,1,1702,0.0
3825,1083.19,2.202142605019601,69.57688825746189,3.6970699679352226,22.055423626601993,2549.6148797730807,69.47984765795383,9.695648088673893,0.0,24.532602886420676,1,1702,0.0
3826,1083.1950000000002,2.204415095085793,69.04513365152607,3.6698897449565995,22.055423626601993,2549.6148797730807,69.47983778505683,9.658378045551189,0.0,24.53261648197226,1,1702,0.0
3827,1083.2,2.206689187230911,68.51533529721085,3.642802583412417,22.055423626601993,2549.6148797730807,69.47982791215982,9.621102134560044,0.0,24.532630025780403,1,1702,0.0
3828,1083.2050000000002,2.208964880681152,67.98749447742249,3.615808567017339,22.055423626601993,2549.6148797730807,69.47981803926282,9.58382037803542,0.0,24.53264351783688,1,1702,0.0
3829,1083.21,2.2112421746590316,67.4616124705139,3.5889077793875974,22.055423626601993,2549.6148797730807,69.47980816636581,9.546532798325272,0.0,24.5326569581335,1,1702,0.0
3830,1083.2150000000001,2.2135210683833813,66.93769055027843,3.562100304042367,22.055423626601993,2549.6148797730807,69.4797982934688,9.509239417790479,0.0,24.532670346662094,1,1702,0.0
3831,1083.22,2.2158015610693504,66.41572998594344,3.5353862244034753,22.055423626601993,2549.6148797730807,69.47978842057181,9.471940258804782,0.0,24.53268368341453,1,1702,0.0
3832,1083.2250000000001,2.218083651928408,65.89573204216407,3.5087656237966285,22.055423626601993,2549.6148797730807,69.47977854767481,9.434635343754733,0.0,24.532696968382695,1,1702,0.0
3833,1083.23,2.220367340168342,65.37769797901683,3.482238585451856,22.055423626601993,2549.6148797730807,69.4797686747778,9.39732469503962,0.0,24.53271020155853,1,1702,0.0
3834,1083.2350000000001,2.222652624993257,64.86162905199359,3.4558051925040774,22.055423626601993,2549.6148797730807,69.47975880188079,9.360008335071418,0.0,24.53272338293398,1,1702,0.0
3835,1083.24,2.224939505603581,64.34752651199513,3.429465527993643,22.055423626601993,2549.6148797730807,69.4797489289838,9.32268628627472,0.0,24.53273651250105,1,1702,0.0
3836,1083.2450000000001,2.2272279811960587,63.83539160532508,3.4032196748672234,22.055423626601993,2549.6148797730807,69.47973905608679,9.285358571086677,0.0,24.532749590251747,1,1702,0.0
3837,1083.25,2.229518050963758,63.32522557368363,3.3770677159783347,22.055423626601993,2549.6148797730807,69.47972918318979,9.248025211956943,0.0,24.532762616178136,1,1702,0.0
3838,1083.255,2.231809714096067,62.81702965416152,3.351009734087977,22.055423626601993,2549.6148797730807,69.4797193102928,9.210686231347601,0.0,24.53277559027229,1,1702,0.0
3839,1083.26,2.234102969778697,62.31080507923385,3.3250458118653787,22.055423626601993,2549.6148797730807,69.47970943739577,9.173341651733114,0.0,24.53278851252633,1,1702,0.0
3840,1083.265,2.2363978171936787,61.806553076753886,3.299176031888592,22.055423626601993,2549.6148797730807,69.47969956449877,9.13599149560025,0.0,24.532801382932398,1,1702,0.0
3841,1083.27,2.2386942555193694,61.3042748699471,3.27340047664554,22.055423626601993,2549.6148797730807,69.47968969160178,9.098635785448028,0.0,24.532814201482676,1,1702,0.0
3842,1083.275,2.240992283930448,60.80397167740508,3.24771922853441,22.055423626601993,2549.6148797730807,69.47967981870477,9.061274543787661,0.0,24.532826968169363,1,1702,0.0
3843,1083.28,2.243291901597918,60.305644713079516,3.2221323698643727,22.055423626601993,2549.6148797730807,69.47966994580777,9.02390779314248,0.0,24.532839682984704,1,1702,0.0
3844,1083.285,2.2455931076891087,59.809295186276145,3.1966399828566368,22.055423626601993,2549.6148797730807,69.47966007291076,8.986535556047874,0.0,24.532852345920972,1,1702,0.0
3845,1083.29,2.247895901367675,59.314924301648766,3.1712421496451024,22.055423626601993,2549.6148797730807,69.47965020001375,8.949157855051242,0.0,24.532864956970464,1,1702,0.0
3846,1083.295,2.250200281793598,58.822533259193406,3.1459389522769143,22.055423626601993,2549.6148797730807,69.47964032711675,8.91177471271191,0.0,24.532877516125513,1,1702,0.0
3847,1083.3,2.252506248123187,58.332123254242255,3.12073047271367,22.055423626601993,2549.6148797730807,69.47963045421976,8.874386151601081,0.0,24.532890023378485,1,1702,0.0
3848,1083.305,2.254813799509077,57.84369547745776,3.095616792831991,22.055423626601993,2549.6148797730807,69.47962058132275,8.83699219430177,0.0,24.532902478721773,1,1702,0.0
3849,1083.31,2.257122935100236,57.35725111482687,3.0705979944244226,22.055423626601993,2549.6148797730807,69.47961070842574,8.79959286340873,0.0,24.532914882147807,1,1702,0.0
3850,1083.315,2.259433654041958,56.872791347655074,3.04567415920035,22.055423626601993,2549.6148797730807,69.47960083552874,8.762188181528407,0.0,24.532927233649044,1,1702,0.0
3851,1083.3200000000002,2.26174595547587,56.39031735256056,3.0208453687867354,22.055423626601993,2549.6148797730807,69.47959096263173,8.724778171278858,0.0,24.532939533217974,1,1702,0.0
3852,1083.325,2.2640598385399295,55.90983030146848,2.9961117047292,22.055423626601993,2549.6148797730807,69.47958108973474,8.687362855289702,0.0,24.532951780847117,1,1702,0.0
3853,1083.3300000000002,2.2663753023684268,55.43133136160511,2.971473248492763,22.055423626601993,2549.6148797730807,69.47957121683773,8.649942256202044,0.0,24.53296397652903,1,1702,0.0
3854,1083.335,2.268692346091985,54.95482169549215,2.946930081462766,22.055423626601993,2549.6148797730807,69.47956134394072,8.612516396668418,0.0,24.532976120256286,1,1702,0.0
3855,1083.3400000000001,2.271010968837564,54.48030246094093,2.9224822849461383,22.055423626601993,2549.6148797730807,69.47955147104372,8.575085299352722,0.0,24.532988212021515,1,1702,0.0
3856,1083.345,2.2733311697284564,54.00777481104674,2.898129940171899,22.055423626601993,2549.6148797730807,69.47954159814672,8.53764898693015,0.0,24.533000251817352,1,1702,0.0
3857,1083.3500000000001,2.2756529478842924,53.53723989418314,2.873873128292424,22.055423626601993,2549.6148797730807,69.47953172524971,8.500207482087134,0.0,24.53301223963648,1,1702,0.0
3858,1083.355,2.2779763024210395,53.068698853996345,2.849711930384515,22.055423626601993,2549.6148797730807,69.4795218523527,8.462760807521272,0.0,24.53302417547161,1,1702,0.0
3859,1083.3600000000001,2.2803012324510044,52.60215282939953,2.825646427450059,22.055423626601993,2549.6148797730807,69.47951197945571,8.425308985941264,0.0,24.533036059315474,1,1702,0.0
3860,1083.365,2.282627737082833,52.13760295456728,2.8016767004175698,22.055423626601993,2549.6148797730807,69.4795021065587,8.387852040066852,0.0,24.53304789116086,1,1702,0.0
3861,1083.3700000000001,2.2849558154215126,51.67505035892998,2.7778028301427975,22.055423626601993,2549.6148797730807,69.4794922336617,8.350389992628752,0.0,24.533059671000558,1,1702,0.0
3862,1083.375,2.2872854665683713,51.21449616716831,2.754024897410171,22.055423626601993,2549.6148797730807,69.4794823607647,8.312922866368588,0.0,24.533071398827406,1,1702,0.0
3863,1083.38,2.289616689621082,50.755941499207665,2.730342982933526,22.055423626601993,2549.6148797730807,69.47947248786768,8.275450684038825,0.0,24.53308307463428,1,1702,0.0
3864,1083.385,2.2919494836736614,50.29938747021264,2.706757167357771,22.055423626601993,2549.6148797730807,69.47946261497069,8.237973468402707,0.0,24.53309469841407,1,1702,0.0
3865,1083.39,2.294283847816471,49.84483519058172,2.683267531259411,22.055423626601993,2549.6148797730807,69.47945274207369,8.200491242234191,0.0,24.53310627015971,1,1702,0.0
3866,1083.395,2.2966197811362203,49.392285765941566,2.6598741551482,22.055423626601993,2549.6148797730807,69.4794428691767,8.163004028317873,0.0,24.533117789864164,1,1702,0.0
3867,1083.4,2.2989572827159677,48.941740297141834,2.6365771194680736,22.055423626601993,2549.6148797730807,69.47943299627968,8.125511849448934,0.0,24.533129257520418,1,1702,0.0
3868,1083.405,2.301296351635119,48.49319988024966,2.6133765045985315,22.055423626601993,2549.6148797730807,69.47942312338267,8.08801472843306,0.0,24.5331406731215,1,1702,0.0
3869,1083.41,2.3036369869694333,48.04666560654428,2.5902723908557097,22.055423626601993,2549.6148797730807,69.47941325048568,8.050512688086394,0.0,24.53315203666047,1,1702,0.0
3870,1083.415,2.3059791877910207,47.60213856251178,2.567264858493863,22.055423626601993,2549.6148797730807,69.47940337758867,8.01300575123545,0.0,24.533163348130415,1,1702,0.0
3871,1083.42,2.308322953168345,47.1596198298397,2.5443539877064074,22.055423626601993,2549.6148797730807,69.47939350469167,7.975493940717055,0.0,24.533174607524455,1,1702,0.0
3872,1083.425,2.3106682821662257,46.7191104854118,2.521539858627439,22.055423626601993,2549.6148797730807,69.47938363179466,7.937977279378282,0.0,24.533185814835743,1,1702,0.0
3873,1083.43,2.3130151738458395,46.28061160130273,2.498822551332918,22.055423626601993,2549.6148797730807,69.47937375889765,7.900455790076385,0.0,24.53319697005746,1,1702,0.0
3874,1083.435,2.31536362726472,45.84412424477287,2.4762021458421883,22.055423626601993,2549.6148797730807,69.47936388600066,7.862929495678722,0.0,24.53320807318282,1,1702,0.0
3875,1083.44,2.3177136414767605,45.40964947826304,2.4536787221192187,22.055423626601993,2549.6148797730807,69.47935401310366,7.8253984190627,0.0,24.533219124205072,1,1702,0.0
3876,1083.4450000000002,2.320065215532217,44.97718835938943,2.4312523600741742,22.055423626601993,2549.6148797730807,69.47934414020665,7.787862583115697,0.0,24.533230123117495,1,1702,0.0
3877,1083.45,2.322418348477707,44.546741940938325,2.4089231395646222,22.055423626601993,2549.6148797730807,69.47933426730964,7.750322010735,0.0,24.533241069913398,1,1702,0.0
3878,1083.4550000000002,2.3247730393562134,44.11831127086108,2.386691140397428,22.055423626601993,2549.6148797730807,69.47932439441264,7.712776724827735,0.0,24.533251964586125,1,1702,0.0
3879,1083.46,2.327129287207083,43.69189739226893,2.3645564423297185,22.055423626601993,2549.6148797730807,69.47931452151563,7.675226748310797,0.0,24.53326280712905,1,1702,0.0
3880,1083.4650000000001,2.3294870910660337,43.267501343427995,2.3425191250709183,22.055423626601993,2549.6148797730807,69.47930464861864,7.637672104110784,0.0,24.533273597535576,1,1702,0.0
3881,1083.47,2.3318464499651497,42.84512415775416,2.320579268283917,22.055423626601993,2549.6148797730807,69.47929477572163,7.6001128151639294,0.0,24.53328433579914,1,1702,0.0
3882,1083.4750000000001,2.334207362932889,42.42476686380813,2.298736951586942,22.055423626601993,2549.6148797730807,69.47928490282462,7.562548904416025,0.0,24.53329502191322,1,1702,0.0
3883,1083.48,2.336569828994081,42.00643048529041,2.276992254555004,22.055423626601993,2549.6148797730807,69.47927502992762,7.524980394822365,0.0,24.533305655871306,1,1702,0.0
3884,1083.4850000000001,2.3389338471699292,41.590116041036275,2.2553452567217054,22.055423626601993,2549.6148797730807,69.47926515703062,7.487407309347666,0.0,24.533316237666938,1,1702,0.0
3885,1083.49,2.341299416478016,41.17582454501097,2.233796037580686,22.055423626601993,2549.6148797730807,69.47925528413361,7.4498296709659995,0.0,24.533326767293676,1,1702,0.0
3886,1083.4950000000001,2.3436665359322997,40.763557006304666,2.2123446765877035,22.055423626601993,2549.6148797730807,69.47924541123662,7.412247502660726,0.0,24.533337244745123,1,1702,0.0
3887,1083.5,2.3460352045431203,40.35331442912765,2.190991253161977,22.055423626601993,2549.6148797730807,69.47923553833961,7.3746608274244245,0.0,24.5333476700149,1,1702,0.0
3888,1083.505,2.3484054213172008,39.94509781280549,2.16973584668839,22.055423626601993,2549.6148797730807,69.4792256654426,7.337069668258818,0.0,24.533358043096673,1,1702,0.0
3889,1083.51,2.3507771852576447,39.53890815177412,2.1485785365189267,22.055423626601993,2549.6148797730807,69.4792157925456,7.299474048174706,0.0,24.533368363984135,1,1702,0.0
3890,1083.515,2.3531504953639466,39.13474643557515,2.127519401974744,22.055423626601993,2549.6148797730807,69.4792059196486,7.261873990191897,0.0,24.533378632671006,1,1702,0.0
3891,1083.52,2.3555253506319853,38.73261364885104,2.10655852234808,22.055423626601993,2549.6148797730807,69.4791960467516,7.224269517339133,0.0,24.533388849151045,1,1702,0.0
3892,1083.525,2.357901750054032,38.33251077134034,2.0856959769041388,22.055423626601993,2549.6148797730807,69.47918617385459,7.186660652654018,0.0,24.53339901341804,1,1702,0.0
3893,1083.53,2.360279692618749,37.934438777873,2.0649318448830636,22.055423626601993,2549.6148797730807,69.47917630095759,7.1490474191829545,0.0,24.533409125465816,1,1702,0.0
3894,1083.535,2.3626591773111922,37.53839863836571,2.0442662055018266,22.055423626601993,2549.6148797730807,69.47916642806058,7.111429839981064,0.0,24.53341918528822,1,1702,0.0
3895,1083.54,2.365040203112817,37.14439131781722,2.023699137956605,22.055423626601993,2549.6148797730807,69.47915655516358,7.073807938112116,0.0,24.533429192879137,1,1702,0.0
3896,1083.545,2.3674227690014744,36.75241777630367,2.003230721424409,22.055423626601993,2549.6148797730807,69.47914668226657,7.036181736648466,0.0,24.533439148232482,1,1702,0.0
3897,1083.55,2.369806873951417,36.36247896897406,1.9828610350656044,22.055423626601993,2549.6148797730807,69.47913680936956,6.998551258670967,0.0,24.533449051342203,1,1702,0.0
3898,1083.555,2.3721925169333016,35.97457584604565,1.9625901580259917,22.055423626601993,2549.6148797730807,69.47912693647257,6.960916527268915,0.0,24.53345890220228,1,1702,0.0
3899,1083.56,2.374579696914189,35.58870935279941,1.9424181694388343,22.055423626601993,2549.6148797730807,69.47911706357557,6.923277565539963,0.0,24.533468700806733,1,1702,0.0
3900,1083.565,2.3769684128575475,35.2048804295755,1.922345148427379,22.055423626601993,2549.6148797730807,69.47910719067856,6.885634396590054,0.0,24.533478447149598,1,1702,0.0
3901,1083.5700000000002,2.379358663723257,34.82309001176881,1.9023711741069806,22.055423626601993,2549.6148797730807,69.47909731778155,6.847987043533347,0.0,24.533488141224954,1,1702,0.0
3902,1083.575,2.381750448467608,34.443339029824465,1.8824963255875247,22.055423626601993,2549.6148797730807,69.47908744488456,6.810335529492148,0.0,24.533497783026906,1,1702,0.0
3903,1083.5800000000002,2.384143766043307,34.06562840923344,1.8627206819758715,22.055423626601993,2549.6148797730807,69.47907757198755,6.772679877596829,0.0,24.5335073725496,1,1702,0.0
3904,1083.585,2.3865386153994756,33.68995907052813,1.843044322378197,22.055423626601993,2549.6148797730807,69.47906769909055,6.735020110985759,0.0,24.533516909787206,1,1702,0.0
3905,1083.5900000000001,2.3889349954816574,33.31633192927799,1.8234673259025236,22.055423626601993,2549.6148797730807,69.47905782619355,6.69735625280523,0.0,24.53352639473393,1,1702,0.0
3906,1083.595,2.3913329052318177,32.944747896085204,1.8039897716613675,22.055423626601993,2549.6148797730807,69.47904795329653,6.659688326209384,0.0,24.533535827384007,1,1702,0.0
3907,1083.6000000000001,2.3937323435883444,32.57520787658034,1.7846117387742741,22.055423626601993,2549.6148797730807,69.47903808039953,6.6220163543601345,0.0,24.533545207731706,1,1702,0.0
3908,1083.605,2.3961333094860557,32.20771277141812,1.765333306370362,22.055423626601993,2549.6148797730807,69.47902820750254,6.584340360427095,0.0,24.533554535771334,1,1702,0.0
3909,1083.6100000000001,2.398535801856197,31.84226347627315,1.7461545535912384,22.055423626601993,2549.6148797730807,69.47901833460554,6.546660367587504,0.0,24.533563811497217,1,1702,0.0
3910,1083.615,2.400939819626447,31.478860881835637,1.7270755595935887,22.055423626601993,2549.6148797730807,69.47900846170853,6.5089763990261496,0.0,24.53357303490373,1,1702,0.0
3911,1083.6200000000001,2.4033453617209206,31.11750587380728,1.7080964035521269,22.055423626601993,2549.6148797730807,69.47899858881152,6.471288477935292,0.0,24.533582205985255,1,1702,0.0
3912,1083.625,2.405752427060169,30.758199332897053,1.6892171646623624,22.055423626601993,2549.6148797730807,69.47898871591453,6.433596627514593,0.0,24.533591324736236,1,1702,0.0
3913,1083.63,2.408161014561186,30.40094213481711,1.6704379221436298,22.055423626601993,2549.6148797730807,69.47897884301752,6.395900870971035,0.0,24.533600391151126,1,1702,0.0
3914,1083.635,2.4105711231374056,30.045735150278652,1.651758755242013,22.055423626601993,2549.6148797730807,69.47896897012052,6.358201231518845,0.0,24.533609405224425,1,1702,0.0
3915,1083.64,2.4129827516987126,29.692579244987833,1.63317974323355,22.055423626601993,2549.6148797730807,69.47895909722351,6.320497732379423,0.0,24.53361836695066,1,1702,0.0
3916,1083.645,2.415395899151436,29.34147527964178,1.6147009654270756,22.055423626601993,2549.6148797730807,69.4789492243265,6.282790396781259,0.0,24.533627276324385,1,1702,0.0
3917,1083.65,2.4178105643983603,28.992424109924514,1.5963225011677897,22.055423626601993,2549.6148797730807,69.4789393514295,6.24507924795986,0.0,24.533636133340195,1,1702,0.0
3918,1083.655,2.420226746338724,28.645426586503007,1.5780444298402307,22.055423626601993,2549.6148797730807,69.4789294785325,6.207364309157672,0.0,24.53364493799271,1,1702,0.0
3919,1083.66,2.422644443868223,28.300483555023195,1.5598668308717285,22.055423626601993,2549.6148797730807,69.4789196056355,6.169645603624001,0.0,24.533653690276587,1,1702,0.0
3920,1083.665,2.425063655879015,27.957595856106085,1.5417897837357368,22.055423626601993,2549.6148797730807,69.47890973273849,6.131923154614936,0.0,24.533662390186514,1,1702,0.0
3921,1083.67,2.42748438125972,27.61676432534386,1.523813367955388,22.055423626601993,2549.6148797730807,69.47889985984149,6.094196985393272,0.0,24.533671037717212,1,1702,0.0
3922,1083.675,2.429906618895428,27.27798979329599,1.5059376631070454,22.055423626601993,2549.6148797730807,69.47888998694448,6.056467119228428,0.0,24.53367963286343,1,1702,0.0
3923,1083.68,2.432330367667696,26.941273085485435,1.488162748823815,22.055423626601993,2549.6148797730807,69.47888011404748,6.018733579396371,0.0,24.533688175619957,1,1702,0.0
3924,1083.685,2.4347556264545576,26.606615022394802,1.4704887047993407,22.055423626601993,2549.6148797730807,69.47887024115047,5.980996389179537,0.0,24.533696665981605,1,1702,0.0
3925,1083.69,2.4371823941305206,26.2740164194626,1.4529156107916368,22.055423626601993,2549.6148797730807,69.47886036825346,5.943255571866748,0.0,24.533705103943227,1,1702,0.0
3926,1083.6950000000002,2.4396106695665742,25.943478087079523,1.4354435466267947,22.055423626601993,2549.6148797730807,69.47885049535647,5.905511150753139,0.0,24.533713489499704,1,1702,0.0
3927,1083.7,2.44204045163019,25.6150008305847,1.4180725922030872,22.055423626601993,2549.6148797730807,69.47884062245947,5.8677631491400675,0.0,24.533721822645948,1,1702,0.0
3928,1083.7050000000002,2.4444717391853263,25.28858545026203,1.400802827494965,22.055423626601993,2549.6148797730807,69.47883074956246,5.830011590335043,0.0,24.533730103376907,1,1702,0.0
3929,1083.71,2.446904531092432,24.964232741336545,1.3836343325570857,22.055423626601993,2549.6148797730807,69.47882087666545,5.792256497651643,0.0,24.53373833168756,1,1702,0.0
3930,1083.7150000000001,2.4493388262084483,24.641943493970818,1.36656718752875,22.055423626601993,2549.6148797730807,69.47881100376846,5.754497894409425,0.0,24.533746507572914,1,1702,0.0
3931,1083.72,2.451774623386815,24.321718493261308,1.3496014726379741,22.055423626601993,2549.6148797730807,69.47880113087145,5.716735803933857,0.0,24.533754631028017,1,1702,0.0
3932,1083.7250000000001,2.45421192147747,24.00355851923489,1.3327372682061234,22.055423626601993,2549.6148797730807,69.47879125797445,5.678970249556227,0.0,24.53376270204794,1,1702,0.0
3933,1083.73,2.4566507193268565,23.687464346845275,1.3159746546522233,22.055423626601993,2549.6148797730807,69.47878138507745,5.64120125461356,0.0,24.533770720627796,1,1702,0.0
3934,1083.7350000000001,2.4590910157779264,23.373436745969567,1.2993137124977112,22.055423626601993,2549.6148797730807,69.47877151218044,5.603428842448541,0.0,24.533778686762727,1,1702,0.0
3935,1083.74,2.4615328096701408,23.061476481404775,1.2827545223711334,22.055423626601993,2549.6148797730807,69.47876163928343,5.565653036409431,0.0,24.533786600447897,1,1702,0.0
3936,1083.7450000000001,2.463976099839476,22.751584312864388,1.266297165012931,22.055423626601993,2549.6148797730807,69.47875176638644,5.527873859849977,0.0,24.533794461678514,1,1702,0.0
3937,1083.75,2.4664208851184286,22.443760994975015,1.249941721280415,22.055423626601993,2549.6148797730807,69.47874189348943,5.490091336129334,0.0,24.533802270449822,1,1702,0.0
3938,1083.755,2.4688671643360167,22.138007277272987,1.2336882721527969,22.055423626601993,2549.6148797730807,69.47873202059243,5.45230548861198,0.0,24.533810026757088,1,1702,0.0
3939,1083.76,2.4713149363177838,21.83432390420105,1.2175368987363742,22.055423626601993,2549.6148797730807,69.47872214769542,5.414516340667633,0.0,24.53381773059561,1,1702,0.0
3940,1083.765,2.4737641998858044,21.532711615105068,1.2014876822698648,22.055423626601993,2549.6148797730807,69.47871227479841,5.376723915671159,0.0,24.533825381960728,1,1702,0.0
3941,1083.77,2.476214953858688,21.233171144230734,1.1855407041297497,22.055423626601993,2549.6148797730807,69.47870240190142,5.338928237002493,0.0,24.533832980847805,1,1702,0.0
3942,1083.775,2.478667197051582,20.935703220720406,1.1696960458358217,22.055423626601993,2549.6148797730807,69.47869252900442,5.301129328046551,0.0,24.533840527252245,1,1702,0.0
3943,1083.78,2.481120928276175,20.640308568609818,1.1539537890569789,22.055423626601993,2549.6148797730807,69.47868265610741,5.263327212193144,0.0,24.53384802116948,1,1702,0.0
3944,1083.785,2.4835761463407016,20.346987906824996,1.1383140156168963,22.055423626601993,2549.6148797730807,69.4786727832104,5.2255219128368875,0.0,24.533855462594975,1,1702,0.0
3945,1083.79,2.48603285004995,20.055741949179065,1.122776807500076,22.055423626601993,2549.6148797730807,69.4786629103134,5.187713453377121,0.0,24.533862851524226,1,1702,0.0
3946,1083.795,2.4884910382052583,19.76657140436921,1.1073422468579035,22.055423626601993,2549.6148797730807,69.4786530374164,5.149901857217813,0.0,24.533870187952758,1,1702,0.0
3947,1083.8,2.4909507096045282,19.479476975973544,1.0920104160148965,22.055423626601993,2549.6148797730807,69.4786431645194,5.112087147767478,0.0,24.53387747187614,1,1702,0.0
3948,1083.805,2.4934118630422213,19.194459362448125,1.0767813974751341,22.055423626601993,2549.6148797730807,69.47863329162239,5.074269348439083,0.0,24.533884703289964,1,1702,0.0
3949,1083.81,2.495874497309369,18.911519257123945,1.061655273928819,22.055423626601993,2549.6148797730807,69.47862341872538,5.0364484826499645,0.0,24.53389188218986,1,1702,0.0
3950,1083.815,2.4983386111935726,18.630657348203965,1.0466321282589512,22.055423626601993,2549.6148797730807,69.47861354582838,4.998624573821731,0.0,24.533899008571485,1,1702,0.0
3951,1083.8200000000002,2.500804203479012,18.35187431876016,1.0317120435482812,22.055423626601993,2549.6148797730807,69.47860367293138,4.960797645380178,0.0,24.533906082430534,1,1702,0.0
3952,1083.825,2.503271272946446,18.075170846730657,1.0168951030863311,22.055423626601993,2549.6148797730807,69.47859380003439,4.922967720755195,0.0,24.533913103762725,1,1702,0.0
3953,1083.8300000000002,2.505739818373222,17.80054760491686,1.0021813903766896,22.055423626601993,2549.6148797730807,69.47858392713738,4.8851348233806755,0.0,24.53392007256382,1,1702,0.0
3954,1083.835,2.508209838533274,17.528005260980603,0.9875709891443787,22.055423626601993,2549.6148797730807,69.47857405424037,4.847298976694421,0.0,24.53392698882961,1,1702,0.0
3955,1083.8400000000001,2.5106813321971333,17.257544477441375,0.9730639833435263,22.055423626601993,2549.6148797730807,69.47856418134337,4.8094602041380545,0.0,24.53393385255592,1,1702,0.0
3956,1083.845,2.5131542981319313,16.989165911673556,0.9586604571651575,22.055423626601993,2549.6148797730807,69.47855430844636,4.771618529156921,0.0,24.533940663738594,1,1702,0.0
3957,1083.8500000000001,2.515628735101403,16.72287021590368,0.9443604950452198,22.055423626601993,2549.6148797730807,69.47854443554937,4.733773975199998,0.0,24.53394742237353,1,1702,0.0
3958,1083.855,2.518104641865892,16.458658037207755,0.930164181672849,22.055423626601993,2549.6148797730807,69.47853456265236,4.6959265657198,0.0,24.533954128456642,1,1702,0.0
3959,1083.8600000000001,2.5205820171823587,16.1965300175086,0.9160716019987515,22.055423626601993,2549.6148797730807,69.47852468975535,4.658076324172282,0.0,24.533960781983886,1,1702,0.0
3960,1083.865,2.5230608598043807,15.93648679357323,0.9020828412439404,22.055423626601993,2549.6148797730807,69.47851481685835,4.6202232740167455,0.0,24.533967382951246,1,1702,0.0
3961,1083.8700000000001,2.525541168482163,15.678528997010265,0.8881979849086079,22.055423626601993,2549.6148797730807,69.47850494396135,4.582367438715742,0.0,24.533973931354737,1,1702,0.0
3962,1083.875,2.528022941962536,15.422657254267381,0.8744171187813198,22.055423626601993,2549.6148797730807,69.47849507106434,4.544508841734972,0.0,24.533980427190418,1,1702,0.0
3963,1083.88,2.53050617898897,15.168872186628786,0.8607403289483354,22.055423626601993,2549.6148797730807,69.47848519816733,4.506647506543194,0.0,24.53398687045436,1,1702,0.0
3964,1083.885,2.5329908783015718,14.91717441021275,0.8471677018033041,22.055423626601993,2549.6148797730807,69.47847532527034,4.468783456612121,0.0,24.533993261142687,1,1702,0.0
3965,1083.89,2.535477038637095,14.667564535969168,0.8336993240572217,22.055423626601993,2549.6148797730807,69.47846545237333,4.430916715416323,0.0,24.533999599251548,1,1702,0.0
3966,1083.895,2.537964658728946,14.420043169677133,0.8203352827485579,22.055423626601993,2549.6148797730807,69.47845557947633,4.393047306433128,0.0,24.534005884777116,1,1702,0.0
3967,1083.9,2.540453737307186,14.174610911942567,0.8070756652537979,22.055423626601993,2549.6148797730807,69.47844570657932,4.355175253142518,0.0,24.534012117715612,1,1702,0.0
3968,1083.905,2.542944273098538,13.93126835819591,0.7939205592981415,22.055423626601993,2549.6148797730807,69.47843583368231,4.3173005790270285,0.0,24.534018298063277,1,1702,0.0
3969,1083.91,2.545436264826394,13.690016098689792,0.7808700529666861,22.055423626601993,2549.6148797730807,69.47842596078532,4.279423307571652,0.0,24.53402442581639,1,1702,0.0
3970,1083.915,2.54792971121082,13.450854718496789,0.7679242347157761,22.055423626601993,2549.6148797730807,69.47841608788832,4.241543462263726,0.0,24.53403050097126,1,1702,0.0
3971,1083.92,2.55042461096856,13.21378479750719,0.7550831933847251,22.055423626601993,2549.6148797730807,69.47840621499131,4.203661066592834,0.0,24.534036523524236,1,1702,0.0
3972,1083.925,2.552920962813045,12.978806910426805,0.7423470182079198,22.055423626601993,2549.6148797730807,69.4783963420943,4.165776144050699,0.0,24.534042493471688,1,1702,0.0
3973,1083.93,2.5554187654543963,12.745921626774823,0.7297157988272384,22.055423626601993,2549.6148797730807,69.4783864691973,4.127888718131078,0.0,24.534048410810033,1,1702,0.0
3974,1083.935,2.557918017599433,12.515129510881698,0.717189625304846,22.055423626601993,2549.6148797730807,69.4783765963003,4.089998812329659,0.0,24.53405427553571,1,1702,0.0
3975,1083.94,2.560418717951678,12.286431121887077,0.7047685881363915,22.055423626601993,2549.6148797730807,69.4783667234033,4.052106450143945,0.0,24.534060087645187,1,1702,0.0
3976,1083.9450000000002,2.5629208652113635,12.059827013737753,0.6924527782645711,22.055423626601993,2549.6148797730807,69.4783568505063,4.014211655073154,0.0,24.534065847134972,1,1702,0.0
3977,1083.95,2.565424458075438,11.835317735185665,0.6802422870931332,22.055423626601993,2549.6148797730807,69.47834697760928,3.9763144506181045,0.0,24.534071554001613,1,1702,0.0
3978,1083.9550000000002,2.5679294952375753,11.612903829785951,0.6681372065012997,22.055423626601993,2549.6148797730807,69.47833710471228,3.938414860281105,0.0,24.534077208241673,1,1702,0.0
3979,1083.96,2.570435975388174,11.392585835895016,0.656137628858613,22.055423626601993,2549.6148797730807,69.47832723181529,3.9005129075658433,0.0,24.53408280985176,1,1702,0.0
3980,1083.9650000000001,2.5729438972143717,11.174364286668649,0.6442436470403251,22.055423626601993,2549.6148797730807,69.47831735891828,3.8626086159772752,0.0,24.534088358828512,1,1702,0.0
3981,1083.97,2.575453259400048,10.958239710060191,0.6320094041690737,22.055423626601993,2549.6148797730807,69.47830748602128,3.824702022914063,0.0,24.5340938551686,1,1702,0.0
3982,1083.9750000000001,2.5779640597054017,10.744212706871622,0.6196655348670436,22.055423626601993,2549.6148797730807,69.47829761312427,3.7867931141382356,0.0,24.534099298868732,1,1702,0.0
3983,1083.98,2.5804762993084287,10.532283582362608,0.6074426593641422,22.055423626601993,2549.6148797730807,69.47828774022726,3.7488819551164947,0.0,24.534104689925602,1,1702,0.0
3984,1083.9850000000001,2.5829899741029547,10.322453083917468,0.5953408207652781,22.055423626601993,2549.6148797730807,69.47827786733026,3.7109686012694216,0.0,24.534110028336077,1,1702,0.0
3985,1083.99,2.585505080640546,10.114721889595947,0.5833600581771092,22.055423626601993,2549.6148797730807,69.47826799443327,3.673053074970547,0.0,24.53411531409688,1,1702,0.0
3986,1083.9950000000001,2.588021617659228,9.909090486825832,0.5715003997117191,22.055423626601993,2549.6148797730807,69.47825812153626,3.6351353986010424,0.0,24.534120547204832,1,1702,0.0
3987,1084.0,2.590539583893497,9.705559358112165,0.5597618731972741,22.055423626601993,2549.6148797730807,69.47824824863925,3.59721559455093,0.0,24.53412572765687,1,1702,0.0
3988,1084.005,2.593058978074233,9.504128981040783,0.5481445061782297,22.055423626601993,2549.6148797730807,69.47823837574225,3.5592936852153962,0.0,24.534130855449963,1,1702,0.0
3989,1084.01,2.5955797989289473,9.30479982825589,0.5366483259140352,22.055423626601993,2549.6148797730807,69.47822850284524,3.5213696929947416,0.0,24.534135930581108,1,1702,0.0
3990,1084.015,2.5981020451817836,9.107572367457658,0.5252733593789962,22.055423626601993,2549.6148797730807,69.47821862994824,3.4834436402943276,0.0,24.53414095304733,1,1702,0.0
3991,1084.02,2.6006257155535195,8.912447061399844,0.5140196332621371,22.055423626601993,2549.6148797730807,69.47820875705123,3.4455155495245244,0.0,24.534145922845696,1,1702,0.0
3992,1084.025,2.603150808761569,8.719424367887429,0.5028871739670647,22.055423626601993,2549.6148797730807,69.47819888415422,3.407585443100657,0.0,24.534150839973293,1,1702,0.0
3993,1084.03,2.605677323519984,8.528504739774277,0.4918760076118334,22.055423626601993,2549.6148797730807,69.47818901125723,3.3696533434429536,0.0,24.534155704427246,1,1702,0.0
3994,1084.035,2.608205258539459,8.339688624960845,0.48098616002881306,22.055423626601993,2549.6148797730807,69.47817913836023,3.331719272976492,0.0,24.534160516204707,1,1702,0.0
3995,1084.04,2.6107346125273296,8.152976466391873,0.47021765676455585,22.055423626601993,2549.6148797730807,69.47816926546324,3.2937832541311476,0.0,24.53416527530286,1,1702,0.0
3996,1084.045,2.6132653841875793,7.968368702054157,0.4595705230796672,22.055423626601993,2549.6148797730807,69.47815939256621,3.2558453093415407,0.0,24.534169981718925,1,1702,0.0
3997,1084.05,2.6157975722208375,7.785865764974281,0.44904478394867636,22.055423626601993,2549.6148797730807,69.47814951966922,3.2179054610469824,0.0,24.534174635450146,1,1702,0.0
3998,1084.055,2.6183311753243856,7.605468083216431,0.4386404640599089,22.055423626601993,2549.6148797730807,69.47813964677222,3.1799637316914224,0.0,24.534179236493806,1,1702,0.0
3999,1084.06,2.620866192192155,7.427176079880195,0.42835758781536054,22.055423626601993,2549.6148797730807,69.47812977387521,3.142020143723397,0.0,24.534183784847205,1,1702,0.0
4000,1084.065,2.623402621514735,7.250990173098413,0.41819617933057285,22.055423626601993,2549.6148797730807,69.47811990097821,3.1040747195959746,0.0,24.534188280507692,1,1702,0.0
4001,1084.0700000000002,2.62594046197937,7.076910776035027,0.4081562624345099,22.055423626601993,2549.6148797730807,69.4781100280812,3.0661274817667046,0.0,24.53419272347264,1,1702,0.0
4002,1084.075,2.6284797122699652,6.90493829688299,0.3982378606694365,22.055423626601993,2549.6148797730807,69.4781001551842,3.0281784526975617,0.0,24.534197113739445,1,1702,0.0
4003,1084.0800000000002,2.6310203710670876,6.735073138862162,0.38844099729079823,22.055423626601993,2549.6148797730807,69.4780902822872,2.990227654854896,0.0,24.534201451305545,1,1702,0.0
4004,1084.085,2.633562437047969,6.567315700217256,0.3787656952671017,22.055423626601993,2549.6148797730807,69.4780804093902,2.952275110709378,0.0,24.53420573616841,1,1702,0.0
4005,1084.0900000000001,2.6361059088865075,6.401666374215804,0.36921197727979804,22.055423626601993,2549.6148797730807,69.47807053649319,2.9143208427359464,0.0,24.534209968325527,1,1702,0.0
4006,1084.095,2.638650785253272,6.238125549146137,0.35977986572316645,22.055423626601993,2549.6148797730807,69.47806066359618,2.8763648734137544,0.0,24.534214147774428,1,1702,0.0
4007,1084.1000000000001,2.641197064815502,6.076693608315408,0.3504693827041994,22.055423626601993,2549.6148797730807,69.47805079069919,2.838407225226117,0.0,24.53421827451267,1,1702,0.0
4008,1084.105,2.6437447462371115,5.917370930047628,0.3412805500424901,22.055423626601993,2549.6148797730807,69.47804091780218,2.8004479206604582,0.0,24.53422234853785,1,1702,0.0
4009,1084.1100000000001,2.646293828178693,5.760157887681719,0.33221338927011995,22.055423626601993,2549.6148797730807,69.47803104490518,2.762486982208258,0.0,24.53422636984758,1,1702,0.0
4010,1084.115,2.6488443092975174,5.6050548495696155,0.3232679216315493,22.055423626601993,2549.6148797730807,69.47802117200817,2.7245244323649978,0.0,24.53423033843952,1,1702,0.0
4011,1084.1200000000001,2.6513961882475385,5.452062179074375,0.3144441680835079,22.055423626601993,2549.6148797730807,69.47801129911116,2.686560293630109,0.0,24.534234254311354,1,1702,0.0
4012,1084.125,2.653949463679393,5.301180234568306,0.3057421492948873,22.055423626601993,2549.6148797730807,69.47800142621416,2.6485945885069193,0.0,24.53423811746079,1,1702,0.0
4013,1084.13,2.6565041342404063,5.152409369431142,0.2971618856466357,22.055423626601993,2549.6148797730807,69.47799155331717,2.610627339502599,0.0,24.53424192788558,1,1702,0.0
4014,1084.135,2.659060198574593,5.005749932048228,0.288703397231653,22.055423626601993,2549.6148797730807,69.47798168042016,2.572658569128107,0.0,24.534245685583503,1,1702,0.0
4015,1084.14,2.6616176553226616,4.8612022658087275,0.2803667038546878,22.055423626601993,2549.6148797730807,69.47797180752315,2.53468829989814,0.0,24.53424939055236,1,1702,0.0
4016,1084.145,2.664176503122014,4.718766709103866,0.2721518250322354,22.055423626601993,2549.6148797730807,69.47796193462615,2.496716554331079,0.0,24.53425304279,1,1702,0.0
4017,1084.15,2.6667367406067513,4.578443595325197,0.2640587799924387,22.055423626601993,2549.6148797730807,69.47795206172914,2.4587433549489317,0.0,24.534256642294288,1,1702,0.0
4018,1084.155,2.669298366407672,4.440233252862878,0.2560875876749881,22.055423626601993,2549.6148797730807,69.47794218883215,2.4207687242772855,0.0,24.534260189063133,1,1702,0.0
4019,1084.16,2.6718613791522827,4.304136005104,0.2482382667310254,22.055423626601993,2549.6148797730807,69.47793231593515,2.3827926848452483,0.0,24.534263683094462,1,1702,0.0
4020,1084.165,2.6744257774647906,4.170152170430912,0.24051083552304714,22.055423626601993,2549.6148797730807,69.47792244303812,2.344815259185401,0.0,24.534267124386243,1,1702,0.0
4021,1084.17,2.676991559966115,4.038282062219595,0.2329053121248108,22.055423626601993,2549.6148797730807,69.47791257014113,2.306836469833738,0.0,24.534270512936473,1,1702,0.0
4022,1084.175,2.679558725273886,3.908525988838046,0.22542171432124156,22.055423626601993,2549.6148797730807,69.47790269724413,2.268856339329619,0.0,24.534273848743183,1,1702,0.0
4023,1084.18,2.6821272720024454,3.7808842536446896,0.21806005960834088,22.055423626601993,2549.6148797730807,69.47789282434712,2.2308748902157136,0.0,24.534277131804426,1,1702,0.0
4024,1084.185,2.6846971987628554,3.655357154986824,0.21082036519309663,22.055423626601993,2549.6148797730807,69.47788295145013,2.1928921450379457,0.0,24.534280362118295,1,1702,0.0
4025,1084.19,2.687268504162894,3.5319449861990764,0.20370264799339424,22.055423626601993,2549.6148797730807,69.47787307855312,2.154908126345445,0.0,24.53428353968291,1,1702,0.0
4026,1084.1950000000002,2.6898411868070644,3.410648035601902,0.1967069246379298,22.055423626601993,2549.6148797730807,69.4778632056561,2.116922856690489,0.0,24.534286664496427,1,1702,0.0
4027,1084.2,2.692415245296594,3.291466586500093,0.18983321146612447,22.055423626601993,2549.6148797730807,69.47785333275911,2.0789363586284515,0.0,24.534289736557028,1,1702,0.0
4028,1084.2050000000002,2.694990678229438,3.1744009171813174,0.18308152452803986,22.055423626601993,2549.6148797730807,69.47784345986211,2.04094865471775,0.0,24.534292755862932,1,1702,0.0
4029,1084.21,2.697567484200283,3.0594513009146884,0.17645187958429587,22.055423626601993,2549.6148797730807,69.4778335869651,2.0029597675197897,0.0,24.534295722412384,1,1702,0.0
4030,1084.2150000000001,2.700145661800549,2.946618005949353,0.16994429210598877,22.055423626601993,2549.6148797730807,69.4778237140681,1.9649697195989126,0.0,24.534298636203655,1,1702,0.0
4031,1084.22,2.7027252096183925,2.8359012955131058,0.16355877727461188,22.055423626601993,2549.6148797730807,69.4778138411711,1.9269785335223422,0.0,24.534301497235063,1,1702,0.0
4032,1084.2250000000001,2.7053061262387095,2.7273014278110312,0.1572953499819768,22.055423626601993,2549.6148797730807,69.47780396827409,1.8889862318601305,0.0,24.534304305504946,1,1702,0.0
4033,1084.23,2.7078884102431395,2.620818656024172,0.15115402483013685,22.055423626601993,2549.6148797730807,69.47779409537709,1.8509928371851048,0.0,24.53430706101168,1,1702,0.0
4034,1084.2350000000001,2.710472060210066,2.516453228308217,0.14513481613131118,22.055423626601993,2549.6148797730807,69.47778422248008,1.8129983720728144,0.0,24.534309763753665,1,1702,0.0
4035,1084.24,2.713057074714622,2.4142053877922227,0.13923773790781122,22.055423626601993,2549.6148797730807,69.47777434958307,1.7750028591014757,0.0,24.534312413729335,1,1702,0.0
4036,1084.2450000000001,2.715643452328691,2.3140753725773466,0.13346280389196769,22.055423626601993,2549.6148797730807,69.47776447668608,1.73700632085192,0.0,24.53431501093716,1,1702,0.0
4037,1084.25,2.718231191620911,2.2160634157356256,0.12781002752605983,22.055423626601993,2549.6148797730807,69.47775460378908,1.6990087799075388,0.0,24.534317555375633,1,1702,0.0
4038,1084.255,2.7208202911566772,2.1201697453087625,0.12227942196224578,22.055423626601993,2549.6148797730807,69.47774473089208,1.6610102588542313,0.0,24.534320047043288,1,1702,0.0
4039,1084.26,2.7234107494981457,2.0263945843069444,0.11687100006249407,22.055423626601993,2549.6148797730807,69.47773485799506,1.6230107802803495,0.0,24.53432248593868,1,1702,0.0
4040,1084.265,2.7260025652042352,1.9347381507076873,0.11158477439851738,22.055423626601993,2549.6148797730807,69.47772498509806,1.585010366776646,0.0,24.53432487206041,1,1702,0.0
4041,1084.27,2.728595736830631,1.8452006574547042,0.10642075725170691,22.055423626601993,2549.6148797730807,69.47771511220107,1.5470090409362192,0.0,24.534327205407088,1,1702,0.0
4042,1084.275,2.7311902629297884,1.7577823124568028,0.10137896061306899,22.055423626601993,2549.6148797730807,69.47770523930406,1.5090068253544595,0.0,24.534329485977377,1,1702,0.0
4043,1084.28,2.733786142050934,1.6724833185867982,0.0964593961831623,22.055423626601993,2549.6148797730807,69.47769536640706,1.471003742628997,0.0,24.53433171376996,1,1702,0.0
4044,1084.285,2.7363833727400713,1.5893038736804657,0.09166207537203752,22.055423626601993,2549.6148797730807,69.47768549351005,1.4329998153596466,0.0,24.534333888783554,1,1702,0.0
4045,1084.29,2.738981953539982,1.5082441705355067,0.08698700929917771,22.055423626601993,2549.6148797730807,69.47767562061304,1.3949950661483543,0.0,24.53433601101691,1,1702,0.0
4046,1084.295,2.7415818829902294,1.4293043969105441,0.08243420879344028,22.055423626601993,2549.6148797730807,69.47766574771605,1.3569895175991442,0.0,24.534338080468803,1,1702,0.0
4047,1084.3,2.7441831596271626,1.3524847355241472,0.07800368439300077,22.055423626601993,2549.6148797730807,69.47765587481905,1.3189831923180644,0.0,24.534340097138045,1,1702,0.0
4048,1084.305,2.7467857819839185,1.2777853640538746,0.07369544634529777,22.055423626601993,2549.6148797730807,69.47764600192204,1.280976112913133,0.0,24.534342061023487,1,1702,0.0
4049,1084.31,2.749389748590425,1.2052064551353496,0.06950950460697942,22.055423626601993,2549.6148797730807,69.47763612902503,1.2429683019942845,0.0,24.534343972123995,1,1702,0.0
4050,1084.315,2.7519950579734047,1.134748176361356,0.06544586884385141,22.055423626601993,2549.6148797730807,69.47762625612803,1.2049597821733171,0.0,24.534345830438475,1,1702,0.0
4051,1084.3200000000002,2.7546017086563785,1.0664106902809622,0.061504548430826346,22.055423626601993,2549.6148797730807,69.47761638323102,1.1669505760638363,0.0,24.53434763596587,1,1702,0.0
4052,1084.325,2.7572096991596675,1.0001941543986683,0.05768555245187466,22.055423626601993,2549.6148797730807,69.47760651033403,1.1289407062812045,0.0,24.53434938870514,1,1702,0.0
4053,1084.3300000000002,2.759819028000398,0.9360987211735825,0.05398888969997701,22.055423626601993,2549.6148797730807,69.47759663743702,1.0909301954424844,0.0,24.534351088655292,1,1702,0.0
4054,1084.335,2.7624296936925035,0.8741245380186188,0.05041456867707811,22.055423626601993,2549.6148797730807,69.47758676454,1.0529190661663868,0.0,24.534352735815354,1,1702,0.0
4055,1084.3400000000001,2.765041694746727,0.8142717472997218,0.046962597594041956,22.055423626601993,2549.6148797730807,69.47757689164301,1.0149073410732163,0.0,24.53435433018439,1,1702,0.0
4056,1084.345,2.7676550296706264,0.7565404863351196,0.043632984370608724,22.055423626601993,2549.6148797730807,69.47756701874602,0.9768950427848171,0.0,24.53435587176149,1,1702,0.0
4057,1084.3500000000001,2.770269696968579,0.7009308873945975,0.04042573663535294,22.055423626601993,2549.6148797730807,69.477557145849,0.93888219392452,0.0,24.534357360545783,1,1702,0.0
4058,1084.355,2.7728856951417793,0.6474430776988014,0.037340861725643264,22.055423626601993,2549.6148797730807,69.477547272952,0.9008688171170883,0.0,24.534358796536424,1,1702,0.0
4059,1084.3600000000001,2.7755030226882487,0.5960771794185626,0.03437836668760357,22.055423626601993,2549.6148797730807,69.477537400055,0.8628549349886633,0.0,24.5343601797326,1,1702,0.0
4060,1084.365,2.778121678102834,0.5468333096742533,0.03153825827607572,22.055423626601993,2549.6148797730807,69.47752752715799,0.8248405701667115,0.0,24.534361510133536,1,1702,0.0
4061,1084.3700000000001,2.7807416598772146,0.4997115805351621,0.028820542954583642,22.055423626601993,2549.6148797730807,69.47751765426099,0.7868257452799697,0.0,24.534362787738473,1,1702,0.0
4062,1084.375,2.783362966499902,0.4547120990189,0.02622522689529898,22.055423626601993,2549.6148797730807,69.47750778136398,0.7488104829583921,0.0,24.534364012546703,1,1702,0.0
4063,1084.38,2.7859855964562463,0.4118349670908275,0.023752315979008117,22.055423626601993,2549.6148797730807,69.47749790846697,0.7107948058330957,0.0,24.534365184557533,1,1702,0.0
4064,1084.385,2.788609548228439,0.37108028166351087,0.021401815795080773,22.055423626601993,2549.6148797730807,69.47748803556998,0.6727787365363069,0.0,24.534366303770316,1,1702,0.0
4065,1084.39,2.791234820295516,0.3324481345962025,0.019173731641440057,22.055423626601993,2549.6148797730807,69.47747816267298,0.6347622977013074,0.0,24.534367370184427,1,1702,0.0
4066,1084.395,2.7938614111333613,0.29593861269434557,0.01706806852453388,22.055423626601993,2549.6148797730807,69.47746828977597,0.5967455119623803,0.0,24.53436838379927,1,1702,0.0
4067,1084.4,2.7964893192147087,0.26155179770910697,0.015084831159308053,22.055423626601993,2549.6148797730807,69.47745841687897,0.5587284019547566,0.0,24.534369344614284,1,1702,0.0
4068,1084.405,2.799118543009148,0.22928776633693337,0.013224023969180638,22.055423626601993,2549.6148797730807,69.47744854398196,0.5207109903145604,0.0,24.534370252628946,1,1702,0.0
4069,1084.41,2.8017490809831265,0.19914659021913417,0.011485651086017934,22.055423626601993,2549.6148797730807,69.47743867108495,0.4826932996787562,0.0,24.53437110784275,1,1702,0.0
4070,1084.415,2.8043809315999555,0.17112833594148974,0.00986971635011185,22.055423626601993,2549.6148797730807,69.47742879818796,0.44467535268509395,0.0,24.534371910255242,1,1702,0.0
4071,1084.42,2.807014093319809,0.14523306503388492,0.008376223310158797,22.055423626601993,2549.6148797730807,69.47741892529096,0.40665717197205575,0.0,24.534372659865976,1,1702,0.0
4072,1084.425,2.8096485645997316,0.12146083396996873,0.007005175223240036,22.055423626601993,2549.6148797730807,69.47740905239395,0.36863878017880175,0.0,24.534373356674553,1,1702,0.0
4073,1084.43,2.8122843438936393,0.09981169416683892,0.005756575054803504,22.055423626601993,2549.6148797730807,69.47739917949694,0.3306201999451163,0.0,24.5343740006806,1,1702,0.0
4074,1084.435,2.8149214296523266,0.08028569198475274,0.0046304254786471225,22.055423626601993,2549.6148797730807,69.47738930659995,0.2926014539113538,0.0,24.53437459188378,1,1702,0.0
4075,1084.44,2.8175598203234635,0.062882868726863,0.0036267288769035754,22.055423626601993,2549.6148797730807,69.47737943370294,0.25458256471838514,0.0,24.53437513028378,1,1702,0.0
4076,1084.4450000000002,2.820199514351607,0.04760326063897964,0.002745487340026566,22.055423626601993,2549.6148797730807,69.47736956080594,0.21656355500754354,0.0,24.53437561588033,1,1702,0.0
4077,1084.45,2.8228405101781995,0.03444689890935716,0.0019867026667785455,22.055423626601993,2549.6148797730807,69.47735968790893,0.17854444742057057,0.0,24.53437604867317,1,1702,0.0
4078,1084.4550000000002,2.825482806241574,0.023413809668507517,0.0013503763642199293,22.055423626601993,2549.6148797730807,69.47734981501192,0.14052526459956247,0.0,24.534376428662103,1,1702,0.0
4079,1084.46,2.828126400976958,0.014504013989038486,0.0008365096476997741,22.055423626601993,2549.6148797730807,69.47733994211492,0.10250602918691593,0.0,24.53437675584693,1,1702,0.0
4080,1084.4650000000001,2.8307712928164763,0.007717527885517902,0.0004451034408479452,22.055423626601993,2549.6148797730807,69.47733006921793,0.06448676382527438,0.0,24.534377030227507,1,1702,0.0
4081,1084.47,2.8334174801891563,0.0030543623143632573,0.00017615837556875203,22.055423626601993,2549.6148797730807,69.47732019632092,0.0264674911574739,0.0,24.534377251803715,1,1702,0.0
4082,1084.4750000000001,2.83606496152093,0.0005145231737570563,2.967479203606432e-05,22.055423626601993,2549.6148797730807,69.47731032342391,-0.011551766173510595,0.0,24.534377420575463,1,1702,0.0
4083,1084.48,2.838713735234638,9.801130358770013e-05,5.652738689903719e-06,22.055423626601993,2549.6148797730807,69.47730045052691,-0.04957098552461945,0.0,24.534377536542696,1,1702,0.0
