,Time [s],Thrust [lb],Lift [lb],Drag [lb],Weight [lb],Percent [%],Velocity [knots],Altitude [ft],Range [nmi],RPM [rev/min],Ground Roll [ft],AOA [deg]
0,219.88,62.27452503604279,1349.154389070974,386.77093075371795,2549.9961515942964,76.06575363472686,81.1074074504059,0,5.352507602867327,250,32522.454332382844,0.0
1,219.885,62.27452503604279,2592.5068404455155,386.77093075371795,2549.9961515942964,76.06575363472686,81.09591411652814,0,5.352620252044342,250,32523.138801791738,0.0
2,219.89,62.283350904967456,2591.7721495837854,386.66324847395754,2549.9961515942964,76.06564792568051,81.08441083824026,0,5.35273287727691,250,32523.823125711417,0.0
3,219.89499999999998,62.29218691562295,2591.0369272953735,386.55548779772744,2549.9961515942964,76.06554221663413,81.07292081723416,0,5.352845534429652,250,32524.507643581746,0.0
4,219.9,62.30101524608102,2590.3026564517395,386.44786606797095,2549.9961515942964,76.06543650758778,81.06142417451461,0,5.3529581756397615,250,32525.19206458281,0.0
5,219.905,62.30985116921763,2589.568066593682,386.3401970745447,2549.9961515942964,76.0653307985414,81.04992088840345,0,5.353070800852387,250,32525.876388381304,0.0
6,219.91,62.318694707097585,2588.833156516355,386.2324806401226,2549.9961515942964,76.06522508949503,81.03841097814926,0,5.353183410111235,250,32526.560615242808,0.0
7,219.915,62.32754585033421,2588.097927629932,386.1247169705462,2549.9961515942964,76.06511938044866,81.02689444104796,0,5.353296003407148,250,32527.244745111675,0.0
8,219.92,62.33640460641971,2587.362379942001,386.01690606615415,2549.9961515942964,76.0650136714023,81.01537127435799,0,5.353408580730873,250,32527.928777931687,0.0
9,219.92499999999998,62.34527098288426,2586.6265134579576,385.90904792693135,2549.9961515942964,76.06490796235595,81.00384147536242,0,5.3535211420732125,250,32528.61271364695,0.0
10,219.93,62.354144987248304,2585.890328184974,385.8011425529535,2549.9961515942964,76.06480225330957,80.99230504134474,0,5.3536336874249635,250,32529.296552201555,0.0
11,219.935,62.363026627041215,2585.1538241304534,385.69318994473286,2549.9961515942964,76.06469654426321,80.98076196958877,0,5.353746216776921,250,32529.98029353956,0.0
12,219.94,62.3719159098013,2584.4170013020207,385.58519010243754,2549.9961515942964,76.06459083521683,80.96921225737876,0,5.353858730119875,250,32530.663937605015,0.0
13,219.945,62.38081284307584,2583.6798597075313,385.4771430264064,2549.9961515942964,76.06448512617048,80.95765590199925,0,5.353971227444611,250,32531.34748434193,0.0
14,219.95,62.389717434421094,2582.942399355065,385.369048717047,2549.9961515942964,76.0643794171241,80.94609290073524,0,5.354083708741913,250,32532.030933694306,0.0
15,219.95499999999998,62.3986296914023,2582.204620252931,385.2609071747758,2549.9961515942964,76.06427370807775,80.93452325087206,0,5.354196174002561,250,32532.714285606115,0.0
16,219.96,62.40754962159368,2581.4665224096657,385.15271839994455,2549.9961515942964,76.06416799903137,80.9229469496955,0,5.354308623217328,250,32533.3975400213,0.0
17,219.965,62.41647723257848,2580.728105834035,385.04448239305515,2549.9961515942964,76.06406228998502,80.91136399449168,0,5.354421056376986,250,32534.08069688379,0.0
18,219.97,62.42541253194897,2579.9893705350314,384.93619915469264,2549.9961515942964,76.06395658093864,80.89977438254711,0,5.354533473472304,250,32534.763756137494,0.0
19,219.975,62.434355527306465,2579.2503165218786,384.82786868526824,2549.9961515942964,76.06385087189228,80.88817811114876,0,5.354645874494045,250,32535.44671772629,0.0
20,219.98,62.44330622626127,2578.5109438040276,384.7194909853833,2549.9961515942964,76.0637451628459,80.87657517758392,0,5.354758259432971,250,32536.129581594036,0.0
21,219.98499999999999,62.45226463643284,2577.771252391159,384.61106605573724,2549.9961515942964,76.06363945379955,80.86496557914032,0,5.354870628279834,250,32536.81234768456,0.0
22,219.99,62.46123076544964,2577.0312422931843,384.50259389680065,2549.9961515942964,76.06353374475317,80.85334931310612,0,5.354982981025391,250,32537.495015941684,0.0
23,219.995,62.47020462094926,2576.2909135202444,384.39407450933373,2549.9961515942964,76.06342803570682,80.84172637676981,0,5.35509531766039,250,32538.177586309193,0.0
24,220.0,62.47918621057836,2575.5502660827096,384.285507894056,2549.9961515942964,76.06332232666044,80.83009676742037,0,5.355207638175574,250,32538.86005873085,0.0
25,220.005,62.48817554199275,2574.809299991182,384.1768940515275,2549.9961515942964,76.06321661761409,80.81846048234715,0,5.355319942561686,250,32539.542433150407,0.0
26,220.01,62.49717262285736,2574.068015256494,384.0682329827647,2549.9961515942964,76.06311090856771,80.8068175188399,0,5.3554322308094635,250,32540.224709511574,0.0
27,220.015,62.50617746084623,2573.3264118897077,383.9595246883863,2549.9961515942964,76.06300519952136,80.79516787418882,0,5.35554450290964,250,32540.906887758054,0.0
28,220.01999999999998,62.51519006364261,2572.5844899021204,383.85076916924095,2549.9961515942964,76.06289949047498,80.7835115456845,0,5.355656758852946,250,32541.58896783352,0.0
29,220.025,62.524210438938866,2571.8422493052562,383.7419664262571,2549.9961515942964,76.06279378142861,80.77184853061799,0,5.355768998630107,250,32542.270949681624,0.0
30,220.03,62.533238594436575,2571.099690110876,383.6331164603528,2549.9961515942964,76.06268807238224,80.7601788262807,0,5.355881222231846,250,32542.952833246,0.0
31,220.035,62.5422745378465,2570.356812330969,383.52421927231063,2549.9961515942964,76.06258236333588,80.74850242996455,0,5.3559934296488825,250,32543.63461847025,0.0
32,220.04,62.55131827688861,2569.613615977761,383.4152748631768,2549.9961515942964,76.06247665428951,80.7368193389618,0,5.35610562087193,250,32544.31630529795,0.0
33,220.045,62.56036981929213,2568.8701010637055,383.3062832339479,2549.9961515942964,76.06237094524315,80.7251295505652,0,5.356217795891701,250,32544.997893672677,0.0
34,220.04999999999998,62.56942917279544,2568.1262676014935,383.19724438572257,2549.9961515942964,76.06226523619678,80.71343306206793,0,5.356329954698902,250,32545.679383537954,0.0
35,220.055,62.57849634514627,2567.382115604048,383.0881583194821,2549.9961515942964,76.06215952715041,80.7017298707636,0,5.356442097284238,250,32546.360774837303,0.0
36,220.06,62.58757134410152,2566.6376450845255,382.97902503638335,2549.9961515942964,76.06205381810405,80.69001997394624,0,5.3565542236384065,250,32547.04206751421,0.0
37,220.065,62.59665417742745,2565.892856056316,382.86984453746413,2549.9961515942964,76.06194810905768,80.67830336891035,0,5.3566663337521065,250,32547.723261512143,0.0
38,220.07,62.60574485289953,2565.1477485330456,382.7606168238962,2549.9961515942964,76.06184240001132,80.66658005295083,0,5.356778427616029,250,32548.40435677456,0.0
39,220.075,62.6148433783026,2564.402322528572,382.6513418969033,2549.9961515942964,76.06173669096495,80.6548500233631,0,5.356890505220862,250,32549.085353244875,0.0
40,220.07999999999998,62.623949761430794,2563.656578056991,382.5420197578379,2549.9961515942964,76.06163098191858,80.64311327744295,0,5.357002566557292,250,32549.76625086649,0.0
41,220.085,62.63306401008755,2562.9105151326307,382.4326504078099,2549.9961515942964,76.06152527287222,80.6313698124867,0,5.357114611615999,250,32550.44704958278,0.0
42,220.09,62.64218613208567,2562.164133770057,382.3232338481578,2549.9961515942964,76.06141956382585,80.61961962579106,0,5.357226640387661,250,32551.127749337105,0.0
43,220.095,62.651316135247335,2561.4174339840715,382.21377008015,2549.9961515942964,76.06131385477948,80.60786271465321,0,5.357338652862952,250,32551.80835007279,0.0
44,220.1,62.66045402740407,2560.6704157897093,382.1042591053474,2549.9961515942964,76.06120814573313,80.59609907637082,0,5.35745064903254,250,32552.488851733153,0.0
45,220.105,62.66959981639679,2559.9230792022427,381.99470092485905,2549.9961515942964,76.06110243668675,80.584328708242,0,5.357562628887093,250,32553.169254261473,0.0
46,220.10999999999999,62.67875351007581,2559.175424237182,381.8850955404838,2549.9961515942964,76.0609967276404,80.57255160756532,0,5.357674592417273,250,32553.849557601017,0.0
47,220.115,62.687915116300864,2558.4274509102743,381.77544295335406,2549.9961515942964,76.06089101859402,80.56076777163985,0,5.3577865396137385,250,32554.529761695027,0.0
48,220.12,62.697084642941114,2557.679159237502,381.66574316518165,2549.9961515942964,76.06078530954767,80.5489771977651,0,5.357898470467144,250,32555.209866486715,0.0
49,220.125,62.70626209787513,2556.930549235087,381.55599617734185,2549.9961515942964,76.06067960050129,80.53717988324105,0,5.358010384968141,250,32555.889871919284,0.0
50,220.13,62.715447488991,2556.1816209194876,381.44620199151274,2549.9961515942964,76.06057389145494,80.52537582536816,0,5.358122283107377,250,32556.569777935903,0.0
51,220.135,62.72464082418622,2555.4323743074006,381.33636060929797,2549.9961515942964,76.06046818240856,80.51356502144739,0,5.358234164875496,250,32557.249584479723,0.0
52,220.14,62.7338421113678,2554.6828094157595,381.2264720323396,2549.9961515942964,76.0603624733622,80.50174746878017,0,5.358346030263137,250,32557.929291493867,0.0
53,220.14499999999998,62.743051358452234,2553.9329262617407,381.11653626226416,2549.9961515942964,76.06025676431582,80.4899231646684,0,5.358457879260936,250,32558.608898921437,0.0
54,220.15,62.75226857336552,2553.182724862755,381.00655330075807,2549.9961515942964,76.06015105526947,80.47809210641446,0,5.358569711859525,250,32559.28840670552,0.0
55,220.155,62.761493764043195,2552.432205236454,380.8965231495797,2549.9961515942964,76.06004534622309,80.46625429132128,0,5.358681528049535,250,32559.967814789172,0.0
56,220.16,62.77072693843033,2551.68136740073,380.7864458105591,2549.9961515942964,76.05993963717673,80.45440971669218,0,5.358793327821588,250,32560.64712311543,0.0
57,220.165,62.77996810448156,2550.9302113737126,380.67632128551026,2549.9961515942964,76.05983392813036,80.44255837983107,0,5.358905111166306,250,32561.3263316273,0.0
58,220.17,62.789217270161025,2550.1787371737732,380.56614957620815,2549.9961515942964,76.059728219084,80.4307002780423,0,5.359016878074308,250,32562.00544026778,0.0
59,220.17499999999998,62.798474443442544,2549.426944819524,380.45593068447846,2549.9961515942964,76.05962251003763,80.41883540863073,0,5.359128628536205,250,32562.684448979835,0.0
60,220.18,62.807739632309435,2548.6748343298154,380.34566461246277,2549.9961515942964,76.05951680099126,80.40696376890175,0,5.35924036254261,250,32563.36335770641,0.0
61,220.185,62.81701284475469,2547.9224057237407,380.23535136187326,2549.9961515942964,76.0594110919449,80.39508535616122,0,5.3593520800841254,250,32564.042166390427,0.0
62,220.19,62.826294088780884,2547.1696590206348,380.1249909348521,2549.9961515942964,76.05930538289853,80.3832001677155,0,5.359463781151357,250,32564.720874974784,0.0
63,220.195,62.835583372400265,2546.416594240072,380.01458333329185,2549.9961515942964,76.05919967385216,80.37130820087152,0,5.359575465734902,250,32565.399483402358,0.0
64,220.2,62.84488070363468,2545.66321140187,379.904128559292,2549.9961515942964,76.0590939648058,80.35940945293666,0,5.359687133825355,250,32566.077991616006,0.0
65,220.20499999999998,62.854186090515675,2544.9095105260885,379.79362661499755,2549.9961515942964,76.05898825575943,80.34750392121886,0,5.3597987854133065,250,32566.756399558548,0.0
66,220.21,62.863499541084494,2544.1554916330297,379.68307750240615,2549.9961515942964,76.05888254671306,80.33559160302651,0,5.359910420489346,250,32567.4347071728,0.0
67,220.215,62.87282106339204,2543.4011547432356,379.57248122376444,2549.9961515942964,76.0587768376667,80.32367249566862,0,5.360022039044056,250,32568.112914401547,0.0
68,220.22,62.882150665498926,2542.646499877495,379.4618377812119,2549.9961515942964,76.05867112862033,80.31174659645463,0,5.360133641068016,250,32568.791021187557,0.0
69,220.225,62.89148835547551,2541.891527056839,379.3511471771004,2549.9961515942964,76.05856541957397,80.29981390269458,0,5.360245226551803,250,32569.46902747356,0.0
70,220.23,62.900834141401845,2541.13623630254,379.24040941353815,2549.9961515942964,76.0584597105276,80.28787441169898,0,5.360356795485989,250,32570.146933202275,0.0
71,220.23499999999999,62.9101880313678,2540.380627636117,379.12962449284,2549.9961515942964,76.05835400148123,80.27592812077891,0,5.3604683478611435,250,32570.8247383164,0.0
72,220.24,62.91955003347294,2539.6247010793318,379.0187924174511,2549.9961515942964,76.05824829243487,80.26397502724598,0,5.360579883667831,250,32571.50244275861,0.0
73,220.245,62.92892015582664,2538.86845665419,378.9079131895907,2549.9961515942964,76.0581425833885,80.25201512841231,0,5.360691402896612,250,32572.180046471545,0.0
74,220.25,62.938298406548085,2538.111894382943,378.7969868117387,2549.9961515942964,76.05803687434214,80.24004842159059,0,5.360802905538046,250,32572.857549397842,0.0
75,220.255,62.94768479376625,2537.3550142880863,378.68601328632366,2549.9961515942964,76.05793116529577,80.22807490409403,0,5.360914391582685,250,32573.534951480095,0.0
76,220.26,62.95707932561994,2536.5978163923605,378.5749926158283,2549.9961515942964,76.0578254562494,80.2160945732364,0,5.361025861021079,250,32574.21225266089,0.0
77,220.265,62.966482010257764,2535.840300718754,378.46392480274267,2549.9961515942964,76.05771974720304,80.20410742633203,0,5.361137313843775,250,32574.889452882788,0.0
78,220.26999999999998,62.97589285583823,2535.082467290497,378.3528098496446,2549.9961515942964,76.05761403815667,80.19211346069578,0,5.361248750041317,250,32575.56655208832,0.0
79,220.275,62.98531187052969,2534.3243161310697,378.2416477589936,2549.9961515942964,76.0575083291103,80.18011267364305,0,5.36136016960424,250,32576.243550219995,0.0
80,220.28,62.99473906251038,2533.5658472641985,378.13043853352065,2549.9961515942964,76.05740262006394,80.16810506248983,0,5.361471572523084,250,32576.920447220316,0.0
81,220.285,63.00417443996844,2532.8070607138507,378.0191821758441,2549.9961515942964,76.05729691101757,80.15609062455262,0,5.361582958788376,250,32577.597243031738,0.0
82,220.29,63.013618011101904,2532.047956504249,377.90787868862924,2549.9961515942964,76.05719120197121,80.14406935714855,0,5.361694328390647,250,32578.273937596718,0.0
83,220.295,63.02306978411874,2531.2885346598587,377.79652807460707,2549.9961515942964,76.05708549292484,80.13204125759528,0,5.361805681320419,250,32578.950530857666,0.0
84,220.29999999999998,63.03252976723686,2530.5287952053914,377.6851303365515,2549.9961515942964,76.05697978387848,80.120006323211,0,5.361917017568213,250,32579.62702275699,0.0
85,220.305,63.041997968684115,2529.76873816581,377.5736854771727,2549.9961515942964,76.05687407483211,80.10796455131452,0,5.362028337124545,250,32580.303413237067,0.0
86,220.31,63.05147439669833,2529.0083635663245,377.4621934994137,2549.9961515942964,76.05676836578574,80.09591593922524,0,5.362139639979929,250,32580.979702240253,0.0
87,220.315,63.06095905952734,2528.247671432392,377.35065440603034,2549.9961515942964,76.05666265673938,80.08386048426304,0,5.362250926124872,250,32581.655889708873,0.0
88,220.32,63.070451965428944,2527.486661789719,377.2390681999408,2549.9961515942964,76.05655694769301,80.07179818374848,0,5.362362195549881,250,32582.33197558524,0.0
89,220.325,63.07995312267098,2526.725334664262,377.1274348841819,2549.9961515942964,76.05645123864664,80.05972903500266,0,5.362473448245457,250,32583.00795981164,0.0
90,220.32999999999998,63.08946253953129,2525.963690082226,377.01575446159876,2549.9961515942964,76.05634552960028,80.04765303534724,0,5.362584684202097,250,32583.68384233033,0.0
91,220.335,63.09898022429779,2525.201728070065,376.90402693523794,2549.9961515942964,76.05623982055391,80.0355701821045,0,5.362695903410296,250,32584.35962308356,0.0
92,220.34,63.10850618526842,2524.4394486544843,376.7922523081419,2549.9961515942964,76.05613411150755,80.0234804725973,0,5.362807105860544,250,32585.035302013548,0.0
93,220.345,63.11804043075121,2523.6768518624385,376.6804305833301,2549.9961515942964,76.05602840246118,80.0113839041491,0,5.36291829154333,250,32585.710879062495,0.0
94,220.35,63.12758296906427,2522.9139377211322,376.5685617640277,2549.9961515942964,76.05592269341481,79.99928047408393,0,5.363029460449134,250,32586.386354172566,0.0
95,220.355,63.13713380853585,2522.1507062580226,376.4566458532567,2549.9961515942964,76.05581698436845,79.98717017972643,0,5.363140612568437,250,32587.061727285913,0.0
96,220.35999999999999,63.146692957504264,2521.387157500816,376.34468285439124,2549.9961515942964,76.05571127532208,79.97505301840184,0,5.363251747891713,250,32587.736998344662,0.0
97,220.365,63.15626042431799,2520.62329147747,376.23267277038883,2549.9961515942964,76.05560556627572,79.96292898743603,0,5.363362866409435,250,32588.412167290928,0.0
98,220.37,63.165836217335666,2519.859108216196,376.120615604685,2549.9961515942964,76.05549985722935,79.95079808415541,0,5.363473968112072,250,32589.087234066792,0.0
99,220.375,63.17542034492605,2519.0946077454555,376.00851136055525,2549.9961515942964,76.05539414818298,79.93866030588707,0,5.363585052990087,250,32589.76219861431,0.0
100,220.38,63.18501281546811,2518.3297900939624,375.8963600413089,2549.9961515942964,76.05528843913662,79.92651564995866,0,5.36369612103394,250,32590.43706087552,0.0
101,220.385,63.194613637351004,2517.5646552906846,375.78416165026624,2549.9961515942964,76.05518273009025,79.91436411369848,0,5.36380717223409,250,32591.111820792437,0.0
102,220.39,63.20422281897409,2516.7992033648407,375.67191619086555,2549.9961515942964,76.05507702104389,79.90220569443542,0,5.363918206580988,250,32591.786478307058,0.0
103,220.39499999999998,63.21384036874697,2516.033434345903,375.5596236665866,2549.9961515942964,76.05497131199752,79.89004038949899,0,5.364029224065085,250,32592.46103336135,0.0
104,220.4,63.223466295089466,2515.2673482635987,375.4472840808017,2549.9961515942964,76.05486560295115,79.87786819621935,0,5.364140224676827,250,32593.13548589726,0.0
105,220.405,63.233100606431655,2514.5009451479064,375.3348974371019,2549.9961515942964,76.05475989390479,79.86568911192725,0,5.364251208406656,250,32593.80983585672,0.0
106,220.41,63.2427433112139,2513.7342250290603,375.22246373904,2549.9961515942964,76.05465418485842,79.85350313395409,0,5.36436217524501,250,32594.484083181625,0.0
107,220.415,63.25239441788682,2512.9671879375483,375.1099829901757,2549.9961515942964,76.05454847581206,79.8413102596319,0,5.364473125182323,250,32595.15822781386,0.0
108,220.42,63.262053934911364,2512.1998339041124,374.99745519407793,2549.9961515942964,76.05444276676569,79.82911048629333,0,5.3645840582090285,250,32595.832269695282,0.0
109,220.42499999999998,63.271721870758796,2511.4321629597503,374.88488035441424,2549.9961515942964,76.05433705771932,79.81690381127167,0,5.364694974315551,250,32596.50620876772,0.0
110,220.43,63.28139823391068,2510.6641751357147,374.772258474977,2549.9961515942964,76.05423134867296,79.80469023190086,0,5.364805873492316,250,32597.180044973,0.0
111,220.435,63.29108303285896,2509.8958704635133,374.65958955936065,2549.9961515942964,76.05412563962659,79.7924697455155,0,5.364916755729743,250,32597.853778252902,0.0
112,220.44,63.30077627610591,2509.1272489749094,374.54687361151053,2549.9961515942964,76.05401993058022,79.78024234945077,0,5.365027621018247,250,32598.527408549195,0.0
113,220.445,63.31047797216422,2508.3583107019244,374.43411063506795,2549.9961515942964,76.05391422153386,79.76800804104258,0,5.365138469348241,250,32599.20093580362,0.0
114,220.45,63.32018812955692,2507.5890556768322,374.32130063385904,2549.9961515942964,76.05380851248749,79.75576681762743,0,5.3652493007101345,250,32599.87435995791,0.0
115,220.45499999999998,63.32990675681752,2506.8194839321677,374.20844361195316,2549.9961515942964,76.05370280344113,79.74351867654246,0,5.365360115094332,250,32600.547680953758,0.0
116,220.46,63.3396338624899,2506.0495955007177,374.09553957307224,2549.9961515942964,76.05359709439476,79.73126361512557,0,5.365470912491236,250,32601.22089873284,0.0
117,220.465,63.3493694551284,2505.279390415531,373.98258852122245,2549.9961515942964,76.0534913853484,79.71900163071518,0,5.365581692891243,250,32601.89401323682,0.0
118,220.47,63.359113543297795,2504.50886870991,373.86959046044717,2549.9961515942964,76.05338567630203,79.70673272065048,0,5.365692456284747,250,32602.567024407323,0.0
119,220.475,63.36886613557337,2503.738030417419,373.75654539461334,2549.9961515942964,76.05327996725566,79.69445688227125,0,5.365803202662138,250,32603.239932185963,0.0
120,220.48,63.37862724054086,2502.966875571876,373.6434533279832,2549.9961515942964,76.0531742582093,79.682174112918,0,5.365913932013804,250,32603.91273651432,0.0
121,220.48499999999999,63.38839686679651,2502.195404207359,373.5303142645453,2549.9961515942964,76.05306854916293,79.6698844099319,0,5.366024644330126,250,32604.585437333968,0.0
122,220.49,63.398175022947086,2501.423616358207,373.4171282084844,2549.9961515942964,76.05296284011656,79.65758777065473,0,5.366135339601484,250,32605.258034586444,0.0
123,220.495,63.4079617176099,2500.651512059014,373.3038951639407,2549.9961515942964,76.0528571310702,79.64528419242902,0,5.366246017818253,250,32605.930528213274,0.0
124,220.5,63.4177569594128,2499.879091344637,373.1906151351331,2549.9961515942964,76.05275142202383,79.63297367259794,0,5.366356678970806,250,32606.602918155953,0.0
125,220.505,63.4275607569942,2499.106354250189,373.07728812625004,2549.9961515942964,76.05264571297747,79.62065620850537,0,5.366467323049512,250,32607.27520435596,0.0
126,220.51,63.437373119003105,2498.3333008110462,372.96391414169443,2549.9961515942964,76.0525400039311,79.60833179749582,0,5.366577950044732,250,32607.94738675474,0.0
127,220.515,63.44719405409911,2497.5599310628418,372.8504931857396,2549.9961515942964,76.05243429488473,79.59600043691455,0,5.366688559946829,250,32608.61946529373,0.0
128,220.51999999999998,63.45702357095242,2496.7862450414714,372.7370252626603,2549.9961515942964,76.05232858583837,79.5836621241075,0,5.366799152746161,250,32609.291439914337,0.0
129,220.525,63.466861678243866,2496.0122427830897,372.62351037701967,2549.9961515942964,76.052222876792,79.57131685642126,0,5.366909728433079,250,32609.963310557952,0.0
130,220.53,63.47670838466494,2495.2379243241153,372.50994853307543,2549.9961515942964,76.05211716774564,79.55896463120317,0,5.367020286997934,250,32610.635077165927,0.0
131,220.535,63.48656369891776,2494.463289701225,372.3963397354517,2549.9961515942964,76.05201145869927,79.54660544580123,0,5.367130828431071,250,32611.306739679607,0.0
132,220.54,63.496427629715186,2493.6883389513587,372.28268398854976,2549.9961515942964,76.0519057496529,79.53423929756416,0,5.367241352722834,250,32611.978298040318,0.0
133,220.545,63.50630018578071,2492.913072111718,372.1689812969054,2549.9961515942964,76.05180004060654,79.52186618384138,0,5.367351859863559,250,32612.649752189347,0.0
134,220.54999999999998,63.51618137584853,2492.1374892197678,372.05523166523426,2549.9961515942964,76.05169433156017,79.50948610198303,0,5.367462349843584,250,32613.321102067974,0.0
135,220.555,63.52607120866364,2491.361590313231,371.94143509810124,2549.9961515942964,76.0515886225138,79.49709904933994,0,5.367572822653238,250,32613.992347617448,0.0
136,220.56,63.535969692981695,2490.5853754300992,371.82759160011614,2549.9961515942964,76.05148291346744,79.48470502326366,0,5.36768327828285,250,32614.663488779,0.0
137,220.565,63.545876837569146,2489.808844608622,371.7137011759839,2549.9961515942964,76.05137720442107,79.47230402110647,0,5.367793716722742,250,32615.334525493832,0.0
138,220.57,63.555792651203205,2489.0319978873176,371.5997638304855,2549.9961515942964,76.0512714953747,79.45989604022137,0,5.367904137963237,250,32616.005457703133,0.0
139,220.575,63.56571714267189,2488.254835304963,371.4857795684171,2549.9961515942964,76.05116578632834,79.44748107796205,0,5.368014541994648,250,32616.67628534806,0.0
140,220.57999999999998,63.57565032077402,2487.4773569005997,371.37174839452797,2549.9961515942964,76.05106007728197,79.43505913168298,0,5.368124928807291,250,32617.347008369765,0.0
141,220.585,63.58559219431922,2486.6995627135375,371.2576703136703,2549.9961515942964,76.05095436823561,79.42263019873928,0,5.368235298391473,250,32618.01762670935,0.0
142,220.59,63.595542772127956,2485.921452783346,371.14354533076465,2549.9961515942964,76.05084865918924,79.41019427648689,0,5.368345650737501,250,32618.688140307917,0.0
143,220.595,63.60550206303158,2485.1430271498616,371.0293734507318,2549.9961515942964,76.05074295014288,79.39775136228242,0,5.368455985835676,250,32619.35854910654,0.0
144,220.6,63.61547007587228,2484.364285853186,370.91515467844175,2549.9961515942964,76.05063724109651,79.38530145348327,0,5.368566303676296,250,32620.028853046264,0.0
145,220.605,63.625446819503146,2483.585228933687,370.80088901908124,2549.9961515942964,76.05053153205013,79.37284454744753,0,5.368676604249656,250,32620.699052068125,0.0
146,220.60999999999999,63.63543230278817,2482.805856431996,370.6865764775964,2549.9961515942964,76.05042582300378,79.36038064153404,0,5.368786887546047,250,32621.369146113124,0.0
147,220.615,63.64542653460226,2482.0261683890117,370.5722170590253,2549.9961515942964,76.05032011395741,79.3479097331024,0,5.368897153555755,250,32622.039135122246,0.0
148,220.62,63.65542952383127,2481.246164845898,370.4578107685412,2549.9961515942964,76.05021440491105,79.33543181951299,0,5.369007402269065,250,32622.70901903645,0.0
149,220.625,63.665441279372004,2480.4658458440877,370.3433576112448,2549.9961515942964,76.05010869586468,79.32294689812687,0,5.369117633676255,250,32623.37879779667,0.0
150,220.63,63.67546181013225,2479.685211425277,370.22885759241586,2549.9961515942964,76.05000298681831,79.31045496630591,0,5.369227847767601,250,32624.04847134383,0.0
151,220.635,63.685491125030744,2478.9042616314327,370.11431071727964,2549.9961515942964,76.04989727777195,79.29795602141273,0,5.369338044533378,250,32624.718039618823,0.0
152,220.64,63.69552923299725,2478.122996504788,369.99971699098234,2549.9961515942964,76.04979156872558,79.2854500608107,0,5.369448223963853,250,32625.387502562524,0.0
153,220.64499999999998,63.705576142972575,2477.341416087841,369.8850764189711,2549.9961515942964,76.04968585967922,79.27293708186393,0,5.369558386049291,250,32626.056860115776,0.0
154,220.65,63.71563186390853,2476.559520423362,369.77038900654026,2549.9961515942964,76.04958015063285,79.26041708193736,0,5.369668530779954,250,32626.72611221941,0.0
155,220.655,63.725696404767966,2475.777309554387,369.65565475904936,2549.9961515942964,76.04947444158648,79.24789005839665,0,5.3697786581461004,250,32627.395258814235,0.0
156,220.66,63.735769774524854,2474.994783524223,369.5408736819799,2549.9961515942964,76.04936873254012,79.23535600860825,0,5.369888768137983,250,32628.064299841026,0.0
157,220.665,63.7458519821642,2474.2119423764416,369.4260457807432,2549.9961515942964,76.04926302349375,79.22281492993936,0,5.369998860745852,250,32628.73323524055,0.0
158,220.67,63.75594303668215,2473.428786154889,369.3111710608738,2549.9961515942964,76.04915731444738,79.210266819758,0,5.370108935959956,250,32629.40206495354,0.0
159,220.67499999999998,63.76604294708594,2472.645314903676,369.19624952794516,2549.9961515942964,76.04905160540102,79.19771167543296,0,5.3702189937705365,250,32630.07078892072,0.0
160,220.68,63.77615172239398,2471.8615286671875,369.08128118746475,2549.9961515942964,76.04894589635465,79.18514949433377,0,5.370329034167834,250,32630.739407082772,0.0
161,220.685,63.786269371635825,2471.077427490075,368.96626604500665,2549.9961515942964,76.04884018730829,79.17258027383082,0,5.370439057142084,250,32631.407919380385,0.0
162,220.69,63.79639590385215,2470.2930114172623,368.85120410639325,2549.9961515942964,76.04873447826192,79.16000401129521,0,5.370549062683519,250,32632.076325754195,0.0
163,220.695,63.80653132809489,2469.5082804939434,368.7360953771865,2549.9961515942964,76.04862876921555,79.14742070409893,0,5.3706590507823675,250,32632.744626144835,0.0
164,220.7,63.81667565342713,2468.723234765583,368.62093986320326,2549.9961515942964,76.04852306016919,79.1348303496147,0,5.370769021428853,250,32633.4128204929,0.0
165,220.70499999999998,63.826828888923224,2467.937874277918,368.50573757017884,2549.9961515942964,76.04841735112282,79.12223294521604,0,5.370878974613198,250,32634.08090873899,0.0
166,220.71,63.83699104366871,2467.1521990769556,368.39048850385484,2549.9961515942964,76.04831164207646,79.1096284882773,0,5.37098891032562,250,32634.748890823652,0.0
167,220.715,63.84716212676043,2466.3662092089758,368.2751926702983,2549.9961515942964,76.04820593303009,79.0970169761736,0,5.371098828556333,250,32635.41676668743,0.0
168,220.72,63.85734214730647,2465.57990472053,368.15985007515707,2549.9961515942964,76.04810022398371,79.08439840628093,0,5.371208729295547,250,32636.084536270846,0.0
169,220.725,63.867531114426214,2464.793285658443,368.0444607245119,2549.9961515942964,76.04799451493736,79.071772775976,0,5.371318612533469,250,32636.752199514387,0.0
170,220.73,63.877729037250376,2464.0063520698104,367.92902462434694,2549.9961515942964,76.04788880589098,79.05914008263643,0,5.371428478260301,250,32637.419756358522,0.0
171,220.73499999999999,63.887935924920946,2463.2191040020034,367.81354178055057,2549.9961515942964,76.04778309684463,79.0465003236406,0,5.371538326466243,250,32638.08720674371,0.0
172,220.74,63.898151786591306,2462.431541502665,367.6980121991781,2549.9961515942964,76.04767738779825,79.03385349636773,0,5.3716481571414905,250,32638.754550610374,0.0
173,220.745,63.90837663142616,2461.6436646197126,367.5824358864597,2549.9961515942964,76.0475716787519,79.02119959819784,0,5.371757970276237,250,32639.421787898922,0.0
174,220.75,63.918610468601614,2460.855473401335,367.46681284843953,2549.9961515942964,76.04746596970551,79.00853862651181,0,5.371867765860668,250,32640.088918549736,0.0
175,220.755,63.92885330730515,2460.0669678959994,367.351143091265,2549.9961515942964,76.04736026065916,78.99587057869135,0,5.371977543884972,250,32640.755942503176,0.0
176,220.76,63.93910515673565,2459.2781481524444,367.2354266211599,2549.9961515942964,76.04725455161278,78.98319545211896,0,5.372087304339327,250,32641.42285969959,0.0
177,220.765,63.94936602610345,2458.4890142196846,367.1196634443705,2549.9961515942964,76.04714884256643,78.97051324417805,0,5.372197047213912,250,32642.089670079284,0.0
178,220.76999999999998,63.959635924630334,2457.6995661470105,367.00385356725087,2549.9961515942964,76.04704313352005,78.95782395225278,0,5.3723067724988995,250,32642.756373582557,0.0
179,220.775,63.96991486154951,2456.9098039839855,366.8879969959398,2549.9961515942964,76.0469374244737,78.94512757372823,0,5.372416480184461,250,32643.422970149684,0.0
180,220.78,63.980202846105726,2456.11972778045,366.77209373697866,2549.9961515942964,76.04683171542732,78.93242410599025,0,5.372526170260763,250,32644.089459720915,0.0
181,220.785,63.99049988755517,2455.3293375865196,366.6561437967141,2549.9961515942964,76.04672600638096,78.91971354642561,0,5.372635842717969,250,32644.755842236482,0.0
182,220.79,64.00080599516558,2454.5386334525892,366.5401471816027,2549.9961515942964,76.0466202973346,78.9069958924219,0,5.372745497546237,250,32645.422117636586,0.0
183,220.795,64.01112117821619,2453.747615429327,366.42410389815444,2549.9961515942964,76.04651458828823,78.89427114136755,0,5.3728551347357225,250,32646.088285861413,0.0
184,220.79999999999998,64.02144544599786,2452.9562835676793,366.3080139528139,2549.9961515942964,76.04640887924187,78.88153929065189,0,5.372964754276579,250,32646.75434685113,0.0
185,220.805,64.03177880781291,2452.1646379188696,366.1918773522032,2549.9961515942964,76.0463031701955,78.86880033766506,0,5.373074356158953,250,32647.420300545873,0.0
186,220.81,64.04212127297536,2451.372678534398,366.07569410290694,2549.9961515942964,76.04619746114913,78.85605427979809,0,5.37318394037299,250,32648.08614688576,0.0
187,220.815,64.05247285081074,2450.5804054660425,365.9594642116215,2549.9961515942964,76.04609175210277,78.84330111444287,0,5.373293506908833,250,32648.751885810892,0.0
188,220.82,64.06283355065626,2449.7878187658603,365.843187684941,2549.9961515942964,76.0459860430564,78.83054083899218,0,5.373403055756619,250,32649.417517261343,0.0
189,220.825,64.07320338186075,2448.994918486187,365.7268645296266,2549.9961515942964,76.04588033401004,78.81777345083962,0,5.373512586906479,250,32650.083041177168,0.0
190,220.82999999999998,64.08358235378469,2448.201704679634,365.6104947524847,2549.9961515942964,76.04577462496367,78.80499894737973,0,5.373622100348547,250,32650.748457498394,0.0
191,220.835,64.09397047580025,2447.408177399095,365.49407836024784,2549.9961515942964,76.0456689159173,78.79221732600791,0,5.373731596072948,250,32651.413766165027,0.0
192,220.84,64.10436775729124,2446.6143366977417,365.3776153598512,2549.9961515942964,76.04556320687094,78.77942858412041,0,5.373841074069804,250,32652.078967117057,0.0
193,220.845,64.11477420765327,2445.820182629024,365.2611057580808,2549.9961515942964,76.04545749782457,78.7666327191144,0,5.373950534329237,250,32652.744060294444,0.0
194,220.85,64.1251898362936,2445.025715246674,365.144549561865,2549.9961515942964,76.0453517887782,78.75382972838793,0,5.374059976841361,250,32653.40904563714,0.0
195,220.855,64.13561465263129,2444.2309346047014,365.0279467782881,2549.9961515942964,76.04524607973183,78.74101960933992,0,5.374169401596288,250,32654.07392308506,0.0
196,220.85999999999999,64.14604866609713,2443.4358407573986,364.91129741423015,2549.9961515942964,76.04514037068547,78.72820235937021,0,5.374278808584127,250,32654.7386925781,0.0
197,220.865,64.15649188613368,2442.6404337593376,364.7946014767869,2549.9961515942964,76.0450346616391,78.71537797587955,0,5.374388197794985,250,32655.40335405614,0.0
198,220.87,64.16694432219536,2441.8447136653704,364.6778589730564,2549.9961515942964,76.04492895259274,78.70254645626953,0,5.374497569218959,250,32656.067907459033,0.0
199,220.875,64.17740598374836,2441.0486805306314,364.56106991021255,2549.9961515942964,76.04482324354636,78.68970779794273,0,5.374606922846151,250,32656.732352726613,0.0
200,220.88,64.18787688027071,2440.252334410537,364.4442342953046,2549.9961515942964,76.04471753450001,78.67686199830257,0,5.374716258666652,250,32657.39668979869,0.0
201,220.885,64.1983570212523,2439.455675360785,364.3273521356103,2549.9961515942964,76.04461182545363,78.66400905475341,0,5.374825576670554,250,32658.06091861505,0.0
202,220.89,64.2088464161949,2438.6587034373542,364.21042343826394,2549.9961515942964,76.04450611640728,78.6511489647005,0,5.374934876847945,250,32658.72503911547,0.0
203,220.89499999999998,64.21934507461216,2437.861418696508,364.0934482107974,2549.9961515942964,76.0444004073609,78.63828172555002,0,5.375044159188907,250,32659.389051239687,0.0
204,220.9,64.22985300602967,2437.0638211947894,363.97642646038474,2549.9961515942964,76.04429469831454,78.62540733470908,0,5.3751534236835194,250,32660.052954927425,0.0
205,220.905,64.24037021998488,2436.2659109890287,363.85935819431353,2549.9961515942964,76.04418898926816,78.61252578958572,0,5.37526267032186,250,32660.716750118387,0.0
206,220.91,64.25089672602725,2435.4676881363366,363.74224342022177,2549.9961515942964,76.04408328022181,78.59963708758886,0,5.375371899093998,250,32661.380436752246,0.0
207,220.915,64.26143253371819,2434.6691526941067,363.62508214537445,2549.9961515942964,76.04397757117543,78.58674122612841,0,5.375481109990005,250,32662.04401476867,0.0
208,220.92,64.27197765263107,2433.8703047200206,363.5078743773107,2549.9961515942964,76.04387186212908,78.57383820261516,0,5.375590302999946,250,32662.707484107286,0.0
209,220.92499999999998,64.28253209235127,2433.0711442720394,363.39062012359926,2549.9961515942964,76.0437661530827,78.56092801446087,0,5.375699478113882,250,32663.37084470771,0.0
210,220.93,64.29309586247622,2432.2716714084104,363.273319391834,2549.9961515942964,76.04366044403635,78.54801065907822,0,5.375808635321872,250,32664.03409650954,0.0
211,220.935,64.30366897261534,2431.471886187667,363.15597218954764,2549.9961515942964,76.04355473498997,78.53508613388081,0,5.37591777461397,250,32664.697239452336,0.0
212,220.94,64.31425143239011,2430.671788668627,363.03857852444196,2549.9961515942964,76.04344902594362,78.52215443628326,0,5.3760268959802255,250,32665.360273475653,0.0
213,220.945,64.32484325143416,2429.8713789103927,362.9211384041933,2549.9961515942964,76.04334331689724,78.50921556370106,0,5.376135999410689,250,32666.02319851902,0.0
214,220.95,64.3354444393931,2429.0706569723525,362.8036518366636,2549.9961515942964,76.04323760785088,78.49626951355069,0,5.376245084895401,250,32666.68601452193,0.0
215,220.95499999999998,64.34605500592474,2428.2696229141807,362.68611882947073,2549.9961515942964,76.0431318988045,78.48331628324958,0,5.376354152424404,250,32667.348721423874,0.0
216,220.96,64.35667496069898,2427.4682767958398,362.5685393904528,2549.9961515942964,76.04302618975815,78.47035587021608,0,5.3764632019877325,250,32668.011319164314,0.0
217,220.965,64.36730431339787,2426.6666186775747,362.4509135275926,2549.9961515942964,76.04292048071179,78.45738827186958,0,5.376572233575422,250,32668.673807682684,0.0
218,220.97,64.37794307371566,2425.864648619922,362.33324124871774,2549.9961515942964,76.0428147716654,78.44441348563035,0,5.376681247177499,250,32669.33618691841,0.0
219,220.975,64.38859125135873,2425.0623666837014,362.2155225617006,2549.9961515942964,76.04270906261905,78.43143150891969,0,5.376790242783992,250,32669.998456810874,0.0
220,220.98,64.39924885604573,2424.259772930023,362.0977574746938,2549.9961515942964,76.04260335357267,78.41844233915984,0,5.376899220384921,250,32670.660617299458,0.0
221,220.98499999999999,64.40991589750749,2423.4568674202824,361.9799459956195,2549.9961515942964,76.04249764452632,78.40544597377402,0,5.377008179970305,250,32671.32266832351,0.0
222,220.99,64.4205923854871,2422.6536502161657,361.86208813254257,2549.9961515942964,76.04239193547994,78.39244241018642,0,5.37711712153016,250,32671.98460982237,0.0
223,220.995,64.43127832973988,2421.8501213796444,361.744183893651,2549.9961515942964,76.04228622643359,78.37943164582221,0,5.377226045054497,250,32672.646441735335,0.0
224,221.0,64.4419737400335,2421.046280972982,361.6262332869644,2549.9961515942964,76.04218051738721,78.36641367810758,0,5.377334950533323,250,32673.308164001694,0.0
225,221.005,64.45267862614787,2420.2421290587267,361.50823632081983,2549.9961515942964,76.04207480834086,78.35338850446962,0,5.377443837956644,250,32673.969776560712,0.0
226,221.01,64.46339299787525,2419.437665699719,361.3901930034219,2549.9961515942964,76.04196909929448,78.3403561223365,0,5.37755270731446,250,32674.631279351644,0.0
227,221.015,64.47411686502022,2418.632890959089,361.2721033429448,2549.9961515942964,76.04186339024812,78.32731652913735,0,5.377661558596767,250,32675.29267231369,0.0
228,221.01999999999998,64.48485023739971,2417.8278049002556,361.15396734784747,2549.9961515942964,76.04175768120174,78.31426972230229,0,5.37777039179356,250,32675.95395538607,0.0
229,221.025,64.49559312484308,2417.022407586927,361.0357850263932,2549.9961515942964,76.04165197215539,78.30121569926241,0,5.3778792068948285,250,32676.61512850795,0.0
230,221.03,64.50634553719202,2416.2166990831033,360.91755638705513,2549.9961515942964,76.04154626310901,78.28815445744989,0,5.377988003890558,250,32677.27619161849,0.0
231,221.035,64.51710748430065,2415.4106794530753,360.7992814381591,2549.9961515942964,76.04144055406266,78.27508599429783,0,5.378096782770734,250,32677.937144656822,0.0
232,221.04,64.52787897603555,2414.6043487614234,360.6809601884324,2549.9961515942964,76.04133484501628,78.26201030724037,0,5.378205543525333,250,32678.597987562065,0.0
233,221.045,64.53866002227575,2413.797707073021,360.5625926461059,2549.9961515942964,76.04122913596993,78.24892739371268,0,5.378314286144331,250,32679.2587202733,0.0
234,221.04999999999998,64.5494506329127,2412.9907544530315,360.4441788199971,2549.9961515942964,76.04112342692355,78.23583725115088,0,5.378423010617701,250,32679.919342729605,0.0
235,221.055,64.56025081785042,2412.1834909669105,360.32571871856425,2549.9961515942964,76.0410177178772,78.22273987699222,0,5.378531716935412,250,32680.57985487003,0.0
236,221.06,64.57106058700538,2411.3759166804066,360.2072123505145,2549.9961515942964,76.04091200883082,78.20963526867487,0,5.378640405087429,250,32681.240256633595,0.0
237,221.065,64.5818799503066,2410.568031659561,360.08865972458204,2549.9961515942964,76.04080629978446,78.19652342363808,0,5.378749075063713,250,32681.900547959307,0.0
238,221.07,64.59270891769567,2409.7598359707067,359.9700608494844,2549.9961515942964,76.04070059073808,78.18340433932211,0,5.37885772685422,250,32682.560728786146,0.0
239,221.075,64.60354749912672,2408.9513296804694,359.85141573393815,2549.9961515942964,76.04059488169173,78.17027801316824,0,5.378966360448908,250,32683.22079905308,0.0
240,221.07999999999998,64.61439570456648,2408.1425128557694,359.73272438686894,2549.9961515942964,76.04048917264535,78.15714444261882,0,5.379074975837725,250,32683.880758699044,0.0
241,221.085,64.6252535439943,2407.3333855638193,359.6139868171174,2549.9961515942964,76.040383463599,78.14400362511718,0,5.37918357301062,250,32684.540607662955,0.0
242,221.09,64.63612102740214,2406.523947872127,359.4952030334787,2549.9961515942964,76.04027775455262,78.13085555810777,0,5.379292151957536,250,32685.200345883717,0.0
243,221.095,64.64699816479461,2405.7141998484935,359.37637304507876,2549.9961515942964,76.04017204550627,78.11770023903601,0,5.379400712668411,250,32685.859973300194,0.0
244,221.1,64.657884966189,2404.904141561015,359.257496860794,2549.9961515942964,76.04006633645989,78.10453766534845,0,5.379509255133185,250,32686.519489851245,0.0
245,221.105,64.66878144161527,2404.0937730780815,359.1385744897496,2549.9961515942964,76.03996062741352,78.09136783449259,0,5.379617779341789,250,32687.178895475703,0.0
246,221.10999999999999,64.67968760111609,2403.2830944683797,359.01960594094675,2549.9961515942964,76.03985491836715,78.07819074391706,0,5.3797262852841525,250,32687.838190112376,0.0
247,221.115,64.69060345474688,2402.4721058008913,358.9005912235183,2549.9961515942964,76.03974920932079,78.06500639107153,0,5.379834772950202,250,32688.49737370005,0.0
248,221.12,64.70152901257575,2401.6608071448927,358.78153034663825,2549.9961515942964,76.03964350027442,78.05181477340673,0,5.379943242329861,250,32689.156446177505,0.0
249,221.125,64.71246428468365,2400.8491985699557,358.6624233195375,2549.9961515942964,76.03953779122806,78.03861588837444,0,5.380051693413045,250,32689.815407483467,0.0
250,221.13,64.72340928116425,2400.037280145951,358.5432701513918,2549.9961515942964,76.03943208218169,78.02540973342752,0,5.380160126189673,250,32690.47425755668,0.0
251,221.135,64.73436401212406,2399.225051943044,358.4240708516193,2549.9961515942964,76.03932637313532,78.01219630601992,0,5.380268540649656,250,32691.132996335837,0.0
252,221.14,64.74532848768243,2398.412514031697,358.3048254294712,2549.9961515942964,76.03922066408897,77.99897560360661,0,5.3803769367829,250,32691.79162375962,0.0
253,221.14499999999998,64.75630271797152,2397.59966648267,358.1855338943546,2549.9961515942964,76.03911495504259,77.98574762364372,0,5.380485314579311,250,32692.450139766683,0.0
254,221.15,64.76728671313637,2396.78650936702,358.06619625564764,2549.9961515942964,76.03900924599624,77.97251236358836,0,5.380593674028789,250,32693.10854429567,0.0
255,221.155,64.7782804833349,2395.973042756102,357.9468125228635,2549.9961515942964,76.03890353694986,77.95926982089884,0,5.380702015121234,250,32693.766837285195,0.0
256,221.16,64.78928403873795,2395.1592667215696,357.82738270542495,2549.9961515942964,76.03879782790351,77.94601999303445,0,5.3808103378465395,250,32694.425018673857,0.0
257,221.165,64.80029738952925,2394.3451813353727,357.70790681297143,2549.9961515942964,76.03869211885713,77.93276287745564,0,5.380918642194594,250,32695.083088400228,0.0
258,221.17,64.81132054590555,2393.5307866697626,357.5883848550845,2549.9961515942964,76.03858640981078,77.91949847162392,0,5.381026928155286,250,32695.741046402858,0.0
259,221.17499999999998,64.82235351807648,2392.7160827972875,357.4688168413989,2549.9961515942964,76.0384807007644,77.9062267730019,0,5.381135195718499,250,32696.39889262028,0.0
260,221.18,64.83339631626471,2391.9010697907956,357.34920278157216,2549.9961515942964,76.03837499171804,77.89294777905334,0,5.381243444874112,250,32697.056626990998,0.0
261,221.185,64.84444895070591,2391.085747723435,357.22954268525524,2549.9961515942964,76.03826928267166,77.87966148724304,0,5.381351675612003,250,32697.71424945351,0.0
262,221.19,64.85551143164875,2390.270116668652,357.1098365623697,2549.9961515942964,76.03816357362531,77.86636789503693,0,5.381459887922043,250,32698.371759946276,0.0
263,221.195,64.86658376935497,2389.4541767001942,356.9900844226512,2549.9961515942964,76.03805786457893,77.85306699990205,0,5.381568081794104,250,32699.029158407746,0.0
264,221.2,64.87766597409939,2388.6379278921104,356.87028627588984,2549.9961515942964,76.03795215553258,77.83975879930658,0,5.381676257218049,250,32699.686444776336,0.0
265,221.20499999999998,64.88875805616988,2387.8213703187475,356.7504421321244,2549.9961515942964,76.0378464464862,77.82644329071978,0,5.381784414183741,250,32700.343618990453,0.0
266,221.21,64.89986002586747,2387.0045040547566,356.63055200111904,2549.9961515942964,76.03774073743985,77.81312047161207,0,5.38189255268104,250,32701.000680988476,0.0
267,221.215,64.91097189350624,2386.1873291750876,356.51061589294994,2549.9961515942964,76.03763502839347,77.79979033945494,0,5.3820006726998,250,32701.657630708767,0.0
268,221.22,64.92209366941351,2385.3698457549935,356.3906338176572,2549.9961515942964,76.0375293193471,77.78645289172105,0,5.382108774229875,250,32702.314468089666,0.0
269,221.225,64.93322536392972,2384.5520538700266,356.27060578529034,2549.9961515942964,76.03742361030073,77.7731081258842,0,5.382216857261111,250,32702.971193069483,0.0
270,221.23,64.94436698740849,2383.733953596045,356.150531805934,2549.9961515942964,76.03731790125437,77.7597560394193,0,5.382324921783352,250,32703.627805586515,0.0
271,221.23499999999999,64.95551855021671,2382.915545009206,356.030411889827,2549.9961515942964,76.037212192208,77.74639662980239,0,5.382432967786442,250,32704.28430557904,0.0
272,221.24,64.96668006273443,2382.0968281859723,355.91024604702164,2549.9961515942964,76.03710648316164,77.73302989451068,0,5.382540995260216,250,32704.940692985307,0.0
273,221.245,64.97785153535499,2381.2778032031074,355.79003428787945,2549.9961515942964,76.03700077411527,77.7196558310225,0,5.38264900419451,250,32705.59696774355,0.0
274,221.25,64.98903297848501,2380.45847013768,355.6697766226942,2549.9961515942964,76.0368950650689,77.70627443681737,0,5.382756994579155,250,32706.25312979198,0.0
275,221.255,65.00022440254438,2379.6388290670607,355.54947306174347,2549.9961515942964,76.03678935602254,77.69288570937589,0,5.382864966403977,250,32706.909179068785,0.0
276,221.26,65.01142581796633,2378.818880068926,355.42912361548355,2549.9961515942964,76.03668364697617,77.67948964617986,0,5.382972919658799,250,32707.565115512134,0.0
277,221.265,65.0226372351974,2377.9986232212523,355.30872829420076,2549.9961515942964,76.0365779379298,77.66608624471226,0,5.3830808543334445,250,32708.22093906017,0.0
278,221.26999999999998,65.03385866469752,2377.178058602326,355.1882871084585,2549.9961515942964,76.03647222888344,77.65267550245721,0,5.383188770417727,250,32708.87664965102,0.0
279,221.275,65.04509011693997,2376.3571862907365,355.0678000687247,2549.9961515942964,76.03636651983707,77.63925741689997,0,5.383296667901461,250,32709.53224722279,0.0
280,221.28,65.05633160241145,2375.5360063653757,354.947267185541,2549.9961515942964,76.03626081079071,77.62583198552697,0,5.383404546774456,250,32710.18773171356,0.0
281,221.285,65.06758313161204,2374.714518905443,354.8266884695341,2549.9961515942964,76.03615510174434,77.61239920582587,0,5.383512407026517,250,32710.843103061387,0.0
282,221.29,65.07884471505533,2373.8927239904438,354.70606393133454,2549.9961515942964,76.03604939269798,77.59895907528546,0,5.383620248647449,250,32711.498361204318,0.0
283,221.295,65.09011636326831,2373.0706217001893,354.5853935816467,2549.9961515942964,76.03594368365161,77.58551159139571,0,5.38372807162705,250,32712.15350608037,0.0
284,221.29999999999998,65.10139808679146,2372.248212114795,354.4646774311853,2549.9961515942964,76.03583797460524,77.57205675164778,0,5.383835875955114,250,32712.808537627538,0.0
285,221.305,65.11268989617881,2371.4254953146856,354.34391549065055,2549.9961515942964,76.03573226555888,77.55859455353401,0,5.383943661621437,250,32713.463455783804,0.0
286,221.31,65.12399180199787,2370.6024713805905,354.22310777090763,2549.9961515942964,76.03562655651251,77.54512499454793,0,5.384051428615806,250,32714.118260487117,0.0
287,221.315,65.13530381482973,2369.779140393547,354.102254282888,2549.9961515942964,76.03552084746616,77.53164807218427,0,5.384159176928006,250,32714.77295167542,0.0
288,221.32,65.14662594526901,2368.955502434901,353.9813550374039,2549.9961515942964,76.03541513841978,77.51816378393895,0,5.384266906547818,250,32715.427529286615,0.0
289,221.325,65.15795820392397,2368.1315575863046,353.8604100455168,2549.9961515942964,76.03530942937343,77.50467212730909,0,5.3843746174650216,250,32716.0819932586,0.0
290,221.32999999999998,65.1693006014164,2367.3073059297185,353.7394193180336,2549.9961515942964,76.03520372032705,77.49117309979304,0,5.384482309669392,250,32716.736343529246,0.0
291,221.335,65.18065314838182,2366.4827475474103,353.6183828661405,2549.9961515942964,76.0350980112807,77.4776666988903,0,5.384589983150698,250,32717.390580036397,0.0
292,221.34,65.19201585546934,2365.6578825219594,353.4973007008227,2549.9961515942964,76.03499230223431,77.46415292210162,0,5.38469763789871,250,32718.04470271789,0.0
293,221.345,65.20338873334178,2364.83271093625,353.3761728332896,2549.9961515942964,76.03488659318796,77.45063176692896,0,5.384805273903193,250,32718.69871151153,0.0
294,221.35,65.21477179267563,2364.0072328734786,353.25499927470463,2549.9961515942964,76.03478088414158,77.43710323087548,0,5.384912891153905,250,32719.352606355096,0.0
295,221.355,65.22616504416112,2363.18144841715,353.13378003624604,2549.9961515942964,76.03467517509522,77.42356731144557,0,5.385020489640605,250,32720.00638718636,0.0
296,221.35999999999999,65.2375684985022,2362.355357651079,353.012515129156,2549.9961515942964,76.03456946604885,77.41002400614484,0,5.385128069353048,250,32720.660053943062,0.0
297,221.365,65.24898216641661,2361.5289606593888,352.8912045648088,2549.9961515942964,76.03446375700248,77.39647331248015,0,5.385235630280983,250,32721.31360656293,0.0
298,221.37,65.26040605863584,2360.7022575265164,352.76984835456807,2549.9961515942964,76.03435804795612,77.38291522795956,0,5.3853431724141565,250,32721.96704498366,0.0
299,221.375,65.2718401859052,2359.875248337206,352.648446509705,2549.9961515942964,76.03425233890975,77.36934975009238,0,5.385450695742315,250,32722.62036914294,0.0
300,221.38,65.28328455898384,2359.0479331765137,352.5269990417564,2549.9961515942964,76.03414662986339,77.35577687638913,0,5.385558200255195,250,32723.27357897842,0.0
301,221.385,65.29473918864475,2358.2203121298076,352.40550596219566,2549.9961515942964,76.03404092081702,77.34219660436163,0,5.385665685942536,250,32723.92667442775,0.0
302,221.39,65.3062040856748,2357.392385282768,352.2839672825318,2549.9961515942964,76.03393521177065,77.32860893152288,0,5.385773152794069,250,32724.579655428537,0.0
303,221.39499999999998,65.31767926087474,2356.564152721384,352.16238301440484,2549.9961515942964,76.03382950272429,77.31501385538718,0,5.385880600799527,250,32725.232521918388,0.0
304,221.4,65.32916472505923,2355.7356145319595,352.0407531693246,2549.9961515942964,76.03372379367792,77.30141137347005,0,5.385988029948632,250,32725.88527383487,0.0
305,221.405,65.34066048905687,2354.9067708011107,351.9190777590144,2549.9961515942964,76.03361808463156,77.28780148328826,0,5.386095440231109,250,32726.537911115538,0.0
306,221.41,65.35216656371023,2354.0776216157637,351.79735679522753,2549.9961515942964,76.03351237558519,77.27418418235987,0,5.386202831636679,250,32727.19043369793,0.0
307,221.415,65.36368295987587,2353.2481670631605,351.6755902896329,2549.9961515942964,76.03340666653882,77.26055946820416,0,5.386310204155055,250,32727.84284151956,0.0
308,221.42,65.37520968842433,2352.418407230855,351.55377825406777,2549.9961515942964,76.03330095749246,77.24692733834175,0,5.3864175577759505,250,32728.495134517914,0.0
309,221.42499999999998,65.38674676024019,2351.5883422067154,351.43192070043284,2549.9961515942964,76.03319524844609,77.23328779029441,0,5.386524892489075,250,32729.147312630474,0.0
310,221.43,65.39829418622206,2350.757972078923,351.31001764054747,2549.9961515942964,76.03308953939973,77.2196408215853,0,5.386632208284134,250,32729.79937579467,0.0
311,221.435,65.40985197728263,2349.927296935974,351.1880690863435,2549.9961515942964,76.03298383035336,77.20598642973879,0,5.386739505150828,250,32730.45132394795,0.0
312,221.44,65.4214201443487,2349.096316866677,351.06607504990177,2549.9961515942964,76.032878121307,77.19232461228054,0,5.386846783078859,250,32731.103157027715,0.0
313,221.445,65.43299869836117,2348.2650319601585,350.9440355431466,2549.9961515942964,76.03277241226063,77.1786553667375,0,5.386954042057919,250,32731.754874971346,0.0
314,221.45,65.44458765027508,2347.4334423058554,350.8219505781077,2549.9961515942964,76.03266670321426,77.16497869063792,0,5.387061282077702,250,32732.40647771622,0.0
315,221.45499999999998,65.45618701105961,2346.6015479935254,350.6998201669976,2549.9961515942964,76.0325609941679,77.15129458151131,0,5.387168503127895,250,32733.057965199678,0.0
316,221.46,65.46779679169816,2345.7693491132372,350.57764432205215,2549.9961515942964,76.03245528512153,77.13760303688849,0,5.387275705198182,250,32733.70933735904,0.0
317,221.465,65.4794170031883,2344.9368457553787,350.4554230553459,2549.9961515942964,76.03234957607516,77.12390405430159,0,5.387382888278248,250,32734.360594131616,0.0
318,221.47,65.49104765654184,2344.104038010652,350.3331563791372,2549.9961515942964,76.0322438670288,77.11019763128402,0,5.3874900523577685,250,32735.01173545469,0.0
319,221.475,65.50268876278483,2343.2709259700755,350.21084430582835,2549.9961515942964,76.03213815798243,77.09648376537052,0,5.387597197426419,250,32735.66276126551,0.0
320,221.48,65.51434033295762,2342.4375097249854,350.0884868476181,2549.9961515942964,76.03203244893606,77.0827624540971,0,5.387704323473869,250,32736.313671501335,0.0
321,221.48499999999999,65.52600237811482,2341.6037893670336,349.9660840170666,2549.9961515942964,76.0319267398897,77.06903369500108,0,5.387811430489789,250,32736.964466099376,0.0
322,221.49,65.5376749093254,2340.7697649881907,349.8436358265362,2549.9961515942964,76.03182103084333,77.05529748562115,0,5.387918518463841,250,32737.61514499683,0.0
323,221.495,65.54935793767262,2339.935436680744,349.72114228841224,2549.9961515942964,76.03171532179697,77.04155382349728,0,5.3880255873856875,250,32738.265708130883,0.0
324,221.5,65.56105147425413,2339.100804537299,349.59860341544305,2549.9961515942964,76.0316096127506,77.02780270617075,0,5.3881326372449845,250,32738.916155438692,0.0
325,221.505,65.572755530182,2338.265868650779,349.47601921994874,2549.9961515942964,76.03150390370423,77.0140441311842,0,5.388239668031388,250,32739.566486857388,0.0
326,221.51,65.58447011658262,2337.430629114427,349.35338971474476,2549.9961515942964,76.03139819465787,77.00027809608159,0,5.388346679734547,250,32740.21670232409,0.0
327,221.515,65.5961952445969,2336.5950860218027,349.2307149124732,2549.9961515942964,76.0312924856115,76.98650459840817,0,5.38845367234411,250,32740.866801775897,0.0
328,221.51999999999998,65.60793092538017,2335.7592394667863,349.1079948257541,2549.9961515942964,76.03118677656514,76.9727236357106,0,5.3885606458497195,250,32741.516785149877,0.0
329,221.525,65.61967717010222,2334.9230895435776,348.9852294674282,2549.9961515942964,76.03108106751877,76.95893520553679,0,5.388667600241018,250,32742.16665238309,0.0
330,221.53,65.63143398994738,2334.0866363466944,348.862418850279,2549.9961515942964,76.0309753584724,76.9451393054361,0,5.388774535507641,250,32742.81640341257,0.0
331,221.535,65.64320139611448,2333.249879970976,348.7395629871393,2549.9961515942964,76.03086964942604,76.93133593295914,0,5.388881451639222,250,32743.466038175327,0.0
332,221.54,65.6549793998169,2332.4128205115803,348.6166618909674,2549.9961515942964,76.03076394037967,76.91752508565793,0,5.388988348625392,250,32744.115556608354,0.0
333,221.545,65.66676801228259,2331.5754580639878,348.4937155746009,2549.9961515942964,76.0306582313333,76.90370676108584,0,5.389095226455777,250,32744.764958648622,0.0
334,221.54999999999998,65.67856724475409,2330.737792723998,348.37072405109654,2549.9961515942964,76.03055252228694,76.88988095679755,0,5.389202085120001,250,32745.414244233078,0.0
335,221.555,65.69037710848858,2329.899824587732,348.2476873335395,2549.9961515942964,76.03044681324057,76.87604767034917,0,5.3893089246076835,250,32746.063413298656,0.0
336,221.56,65.70219761475786,2329.061553751633,348.1246054349393,2549.9961515942964,76.0303411041942,76.86220689929812,0,5.389415744908441,250,32746.712465782264,0.0
337,221.565,65.71402877484837,2328.222980312464,348.0014783685092,2549.9961515942964,76.03023539514784,76.8483586412032,0,5.389522546011888,250,32747.361401620787,0.0
338,221.57,65.72587060006131,2327.3841043673124,347.8783061472992,2549.9961515942964,76.03012968610147,76.83450289362465,0,5.389629327907632,250,32748.0102207511,0.0
339,221.575,65.73772310171252,2326.544926013586,347.7550887845928,2549.9961515942964,76.03002397705511,76.82063965412395,0,5.389736090585282,250,32748.658923110048,0.0
340,221.57999999999998,65.7495862911326,2325.705445349015,347.6318262937379,2549.9961515942964,76.02991826800874,76.80676892026409,0,5.3898428340344395,250,32749.307508634458,0.0
341,221.585,65.76146017966691,2324.865662471654,347.50851868797207,2549.9961515942964,76.02981255896238,76.79289068960938,0,5.389949558244704,250,32749.955977261132,0.0
342,221.59,65.77334477867561,2324.0255774798784,347.3851659806634,2549.9961515942964,76.02970684991601,76.77900495972553,0,5.390056263205673,250,32750.60432892686,0.0
343,221.595,65.78524009953362,2323.18519047239,347.26176818522555,2549.9961515942964,76.02960114086964,76.76511172817962,0,5.390162948906937,250,32751.252563568403,0.0
344,221.6,65.79714615363072,2322.3445015482107,347.13832531511497,2549.9961515942964,76.02949543182328,76.75121099254017,0,5.390269615338089,250,32751.90068112251,0.0
345,221.605,65.80906295237153,2321.5035108066895,347.0148373838246,2549.9961515942964,76.02938972277691,76.73730275037704,0,5.390376262488712,250,32752.548681525906,0.0
346,221.60999999999999,65.82099050717558,2320.6622183474965,346.8913044049454,2549.9961515942964,76.02928401373055,76.72338699926154,0,5.39048289034839,250,32753.196564715287,0.0
347,221.615,65.83292882947725,2319.820624270629,346.76772639207036,2549.9961515942964,76.02917830468418,76.70946373676637,0,5.390589498906702,250,32753.84433062734,0.0
348,221.62,65.8448779307259,2318.9787286764094,346.644103358763,2549.9961515942964,76.02907259563781,76.69553296046563,0,5.390696088153224,250,32754.49197919873,0.0
349,221.625,65.85683782238576,2318.136531665482,346.5204353188072,2549.9961515942964,76.02896688659145,76.68159466793485,0,5.39080265807753,250,32755.139510366094,0.0
350,221.63,65.8688085159361,2317.294033338819,346.39672228595754,2549.9961515942964,76.02886117754508,76.66764885675092,0,5.3909092086691865,250,32755.78692406606,0.0
351,221.635,65.88079002287117,2316.451233797718,346.27296427388825,2549.9961515942964,76.02875546849872,76.65369552449225,0,5.391015739917761,250,32756.434220235216,0.0
352,221.64,65.89278235470022,2315.608133143802,346.14916129649424,2549.9961515942964,76.02864975945235,76.63973466873858,0,5.391122251812817,250,32757.08139881016,0.0
353,221.64499999999998,65.90478552294758,2314.7647314790206,346.0253133676861,2549.9961515942964,76.02854405040598,76.62576628707113,0,5.391228744343911,250,32757.72845972744,0.0
354,221.65,65.9167995391526,2313.9210289056496,345.9014205013957,2549.9961515942964,76.02843834135962,76.61179037707252,0,5.3913352175006,250,32758.3754029236,0.0
355,221.655,65.92882441486978,2313.0770255262914,345.7774827115089,2549.9961515942964,76.02833263231325,76.59780693632685,0,5.391441671272438,250,32759.022228335158,0.0
356,221.66,65.9408601616687,2312.2327214438774,345.65350001213665,2549.9961515942964,76.02822692326689,76.58381596241959,0,5.391548105648972,250,32759.66893589861,0.0
357,221.665,65.95290679113408,2311.3881167616632,345.52947241727156,2549.9961515942964,76.02812121422052,76.56981745293773,0,5.391654520619747,250,32760.31552555044,0.0
358,221.67,65.96496431486581,2310.543211583235,345.4053999411341,2549.9961515942964,76.02801550517415,76.55581140546963,0,5.391760916174308,250,32760.961997227092,0.0
359,221.67499999999998,65.97703274447896,2309.6980060125056,345.2812825977553,2549.9961515942964,76.02790979612779,76.54179781760514,0,5.391867292302191,250,32761.608350865023,0.0
360,221.68,65.98911209160387,2308.852500153715,345.1571204014314,2549.9961515942964,76.02780408708142,76.52777668693555,0,5.391973648992933,250,32762.254586400635,0.0
361,221.685,66.00120236788605,2308.0066941114333,345.0329133664149,2549.9961515942964,76.02769837803505,76.51374801105364,0,5.392079986236068,250,32762.900703770334,0.0
362,221.69,66.01330358498632,2307.1605879905596,344.9086615070442,2549.9961515942964,76.02759266898869,76.4997117875536,0,5.392186304021123,250,32763.5467029105,0.0
363,221.695,66.02541575458073,2306.3141818963204,344.7843648375516,2549.9961515942964,76.02748695994232,76.4856680140311,0,5.392292602337622,250,32764.19258375747,0.0
364,221.7,66.0375388883607,2305.4674759342747,344.66002337246647,2549.9961515942964,76.02738125089596,76.47161668808332,0,5.392398881175089,250,32764.838346247594,0.0
365,221.70499999999998,66.04967299803299,2304.620470210307,344.53563712615875,2549.9961515942964,76.02727554184959,76.45755780730883,0,5.392505140523044,250,32765.48399031719,0.0
366,221.71,66.0618180953197,2303.7731648306353,344.4112061131537,2549.9961515942964,76.02716983280322,76.44349136930776,0,5.392611380371001,250,32766.129515902543,0.0
367,221.715,66.07397419195827,2302.925559901806,344.2867303480429,2549.9961515942964,76.02706412375686,76.42941737168167,0,5.392717600708473,250,32766.774922939938,0.0
368,221.72,66.08614129970165,2302.077655530696,344.1622098453165,2549.9961515942964,76.02695841471049,76.41533581203359,0,5.392823801524968,250,32767.420211365625,0.0
369,221.725,66.09831943031814,2301.2294518245144,344.0376446197708,2549.9961515942964,76.02685270566413,76.40124668796808,0,5.392929982809991,250,32768.06538111583,0.0
370,221.73,66.11050859559157,2300.3809488908005,343.9130346858987,2549.9961515942964,76.02674699661776,76.38714999709116,0,5.393036144553046,250,32768.71043212678,0.0
371,221.73499999999999,66.12270880732122,2299.5321468374236,343.78838005853055,2549.9961515942964,76.0266412875714,76.37304573701036,0,5.393142286743632,250,32769.35536433467,0.0
372,221.74,66.13492007732185,2298.6830457725873,343.6636807524971,2549.9961515942964,76.02653557852503,76.35893390533468,0,5.3932484093712425,250,32770.00017767566,0.0
373,221.745,66.14714241742384,2297.833645804825,343.5389367825556,2549.9961515942964,76.02642986947866,76.34481449967465,0,5.393354512425371,250,32770.64487208592,0.0
374,221.75,66.15937583947303,2296.983947043004,343.41414816363726,2549.9961515942964,76.0263241604323,76.33068751764232,0,5.3934605958955055,250,32771.289447501564,0.0
375,221.755,66.17162035533094,2296.1339495963234,343.28931491061513,2549.9961515942964,76.02621845138593,76.31655295685118,0,5.393566659771133,250,32771.93390385872,0.0
376,221.76,66.18387597687465,2295.283653574315,343.164437038499,2549.9961515942964,76.02611274233956,76.30241081491633,0,5.393672704041734,250,32772.57824109348,0.0
377,221.765,66.1961427159969,2294.4330590868435,343.0395145623289,2549.9961515942964,76.0260070332932,76.28826108945427,0,5.393778728696788,250,32773.22245914191,0.0
378,221.76999999999998,66.20842058460606,2293.5821662441062,342.9145474971196,2549.9961515942964,76.02590132424683,76.27410377808313,0,5.393884733725772,250,32773.86655794006,0.0
379,221.775,66.22070959462623,2292.7309751566368,342.78953585802503,2549.9961515942964,76.02579561520047,76.2599388784225,0,5.393990719118157,250,32774.51053742397,0.0
380,221.78,66.23300975799718,2291.879485935301,342.6644796602399,2549.9961515942964,76.0256899061541,76.2457663880935,0,5.394096684863411,250,32775.15439752965,0.0
381,221.785,66.24532108667447,2291.027698691298,342.53937891900705,2549.9961515942964,76.02558419710773,76.23158630471883,0,5.394202630951002,250,32775.798138193095,0.0
382,221.79,66.25764359262936,2290.175613536163,342.4142336495063,2549.9961515942964,76.02547848806137,76.21739862592266,0,5.39430855737039,250,32776.44175935027,0.0
383,221.795,66.26997728784896,2289.3232305817655,342.28904386704033,2549.9961515942964,76.025372779015,76.20320334933074,0,5.394414464111037,250,32777.08526093714,0.0
384,221.79999999999998,66.28232218433618,2288.4705499403103,342.1638095870948,2549.9961515942964,76.02526706996862,76.18900047257033,0,5.394520351162395,250,32777.728642889626,0.0
385,221.805,66.29467829410974,2287.6175717243354,342.0385308249392,2549.9961515942964,76.02516136092227,76.1747899932703,0,5.3946262185139195,250,32778.371905143635,0.0
386,221.81,66.30704562920427,2286.7642960467197,341.9132075961513,2549.9961515942964,76.02505565187589,76.16057190906099,0,5.3947320661550595,250,32779.015047635075,0.0
387,221.815,66.31942420167024,2285.910723020671,341.7878399162009,2549.9961515942964,76.02494994282954,76.14634621757435,0,5.394837894075258,250,32779.6580702998,0.0
388,221.82,66.3318140235741,2285.0568527597397,341.6624278006374,2549.9961515942964,76.02484423378316,76.13211291644387,0,5.394943702263961,250,32780.30097307368,0.0
389,221.825,66.34421510699818,2284.2026853778093,341.53697126500305,2549.9961515942964,76.0247385247368,76.11787200330458,0,5.395049490710607,250,32780.943755892535,0.0
390,221.82999999999998,66.35662746404083,2283.3482209891004,341.41147032506626,2549.9961515942964,76.02463281569044,76.10362347579311,0,5.395155259404629,250,32781.586418692175,0.0
391,221.835,66.3690511068164,2282.49345970817,341.28592499647755,2549.9961515942964,76.02452710664407,76.08936733154766,0,5.3952610083354635,250,32782.22896140839,0.0
392,221.84,66.38148604745521,2281.6384016499146,341.1603352949302,2549.9961515942964,76.0244213975977,76.07510356820796,0,5.395366737492537,250,32782.87138397697,0.0
393,221.845,66.39393229810369,2280.783046929567,341.0347012363138,2549.9961515942964,76.02431568855134,76.06083218341536,0,5.395472446865279,250,32783.51368633365,0.0
394,221.85,66.40638987092429,2279.927395662698,340.9090228364646,2549.9961515942964,76.02420997950497,76.04655317481279,0,5.395578136443109,250,32784.15586841417,0.0
395,221.855,66.41885877809557,2279.0714479652165,340.78330011119033,2549.9961515942964,76.02410427045861,76.03226654004472,0,5.395683806215447,250,32784.79793015423,0.0
396,221.85999999999999,66.43133903181226,2278.21520395337,340.6575330765912,2549.9961515942964,76.02399856141224,76.01797227675723,0,5.395789456171712,250,32785.439871489536,0.0
397,221.865,66.44383064428521,2277.358663743744,340.5317217484948,2549.9961515942964,76.02389285236588,76.00367038259805,0,5.395895086301314,250,32786.08169235576,0.0
398,221.87,66.45633362774143,2276.5018274532654,340.4058661430748,2549.9961515942964,76.02378714331951,75.9893608552164,0,5.3960006965936635,250,32786.72339268854,0.0
399,221.875,66.46884772420863,2275.6446951991966,340.27996627639857,2549.9961515942964,76.02368143427314,75.97504369225899,0,5.396106287038168,250,32787.36497242352,0.0
400,221.88,66.48137225782355,2274.7872670988913,340.15402216454754,2549.9961515942964,76.02357572522678,75.96071889137681,0,5.39621185762423,250,32788.00643149631,0.0
401,221.885,66.4939072028988,2273.9295432702056,340.0280338236683,2549.9961515942964,76.02347001618041,75.94638645023686,0,5.39631740834125,250,32788.64776984251,0.0
402,221.89,66.50645256744458,2273.0715238321964,339.9020012702012,2549.9961515942964,76.02336430713405,75.93204636646021,0,5.396422939178625,250,32789.28898739768,0.0
403,221.89499999999998,66.51900835951703,2272.2132089014167,339.7759245200954,2549.9961515942964,76.02325859808768,75.91769863766704,0,5.3965284501257464,250,32789.93008409739,0.0
404,221.9,66.53157458717864,2271.354598594609,339.6498035893389,2549.9961515942964,76.02315288904131,75.90334326147897,0,5.396633941172006,250,32790.571059877155,0.0
405,221.905,66.54415125849637,2270.4956930288495,339.52363849403025,2549.9961515942964,76.02304717999495,75.88898023551904,0,5.39673941230679,250,32791.211914672494,0.0
406,221.91,66.55673838154159,2269.636492321548,339.397429250202,2549.9961515942964,76.02294147094858,75.87460955741182,0,5.396844863519482,250,32791.852648418906,0.0
407,221.915,66.56933596439,2268.776996590445,339.2711758741955,2549.9961515942964,76.0228357619022,75.86023122478319,0,5.3969502947994625,250,32792.49326105186,0.0
408,221.92,66.5819440151218,2267.9172059536145,339.14487838200097,2549.9961515942964,76.02273005285585,75.84584523526065,0,5.397055706136109,250,32793.1337525068,0.0
409,221.92499999999998,66.59456254182155,2267.057120529465,339.0185367899854,2549.9961515942964,76.02262434380947,75.83145158647304,0,5.397161097518794,250,32793.77412271918,0.0
410,221.93,66.60719155257816,2266.196740436735,338.89215111442905,2549.9961515942964,76.02251863476312,75.81705027605071,0,5.3972664689368886,250,32794.41437162441,0.0
411,221.935,66.61983105548501,2265.3360657945004,338.76572137173616,2549.9961515942964,76.02241292571674,75.80264130162544,0,5.397371820379759,250,32795.054499157864,0.0
412,221.94,66.63248105863985,2264.475096722168,338.639247578208,2549.9961515942964,76.02230721667038,75.78822466083052,0,5.397477151836771,250,32795.69450525493,0.0
413,221.945,66.64514157014483,2263.6138333394797,338.51272975041815,2549.9961515942964,76.022201507624,75.77380035130068,0,5.397582463297284,250,32796.334389850956,0.0
414,221.95,66.6578125981065,2262.7522757665115,338.38616790470655,2549.9961515942964,76.02209579857765,75.7593683706721,0,5.397687754750654,250,32796.974152881274,0.0
415,221.95499999999998,66.6704941506358,2261.890424123674,338.2595620577754,2549.9961515942964,76.02199008953127,75.74492871658252,0,5.397793026186236,250,32797.613794281206,0.0
416,221.96,66.68318623584807,2261.0282785317136,338.132912226073,2549.9961515942964,76.02188438048492,75.73048138667107,0,5.397898277593382,250,32798.25331398604,0.0
417,221.965,66.695888861863,2260.1658391117103,338.0062184263734,2549.9961515942964,76.02177867143854,75.7160263785784,0,5.398003508961437,250,32798.89271193104,0.0
418,221.97,66.70860203680472,2259.3031059850796,337.87948067524815,2549.9961515942964,76.02167296239219,75.70156368994665,0,5.398108720279745,250,32799.53198805147,0.0
419,221.975,66.72132576880175,2258.440079273574,337.7526989895163,2549.9961515942964,76.02156725334581,75.68709331841946,0,5.398213911537649,250,32800.17114228257,0.0
420,221.98,66.73406006598695,2257.5767590992796,337.62587338593227,2549.9961515942964,76.02146154429946,75.67261526164192,0,5.398319082724484,250,32800.810174559534,0.0
421,221.98499999999999,66.74680493649761,2256.7131455846215,337.4990038813521,2549.9961515942964,76.02135583525308,75.65812951726069,0,5.398424233829586,250,32801.44908481757,0.0
422,221.99,66.7595603884753,2255.8492388523587,337.3720904926457,2549.9961515942964,76.02125012620672,75.64363608292383,0,5.398529364842285,250,32802.08787299184,0.0
423,221.995,66.77232643006614,2254.9850390255874,337.245133236781,2549.9961515942964,76.02114441716034,75.629134956281,0,5.39863447575191,250,32802.726539017516,0.0
424,222.0,66.78510306942054,2254.120546227742,337.1181321306516,2549.9961515942964,76.02103870811399,75.61462613498334,0,5.398739566547784,250,32803.36508282971,0.0
425,222.005,66.79789031469322,2253.255760582593,336.99108719132505,2549.9961515942964,76.02093299906763,75.60010961668347,0,5.398844637219228,250,32804.00350436356,0.0
426,222.01,66.81068817404336,2252.390682214248,336.8639984359321,2549.9961515942964,76.02082729002126,75.58558539903551,0,5.398949687755561,250,32804.641803554136,0.0
427,222.015,66.82349665563453,2251.5253112471523,336.73686588161127,2549.9961515942964,76.0207215809749,75.57105347969515,0,5.399054718146097,250,32805.27998033653,0.0
428,222.01999999999998,66.83631576763463,2250.6596478060897,336.60968954546206,2549.9961515942964,76.02061587192853,75.5565138563196,0,5.399159728380147,250,32805.91803464578,0.0
429,222.025,66.84914551821593,2249.7936920161824,336.48246944472544,2549.9961515942964,76.02051016288216,75.54196652656755,0,5.399264718447021,250,32806.55596641694,0.0
430,222.03,66.86198591555505,2248.9274440028908,336.35520559669766,2549.9961515942964,76.0204044538358,75.52741148809925,0,5.399369688336021,250,32807.193775585016,0.0
431,222.035,66.87483696783306,2248.060903892013,336.2278980187187,2549.9961515942964,76.02029874478943,75.51284873857647,0,5.399474638036451,250,32807.831462085,0.0
432,222.04,66.8876986832353,2247.194071809687,336.1005467282243,2549.9961515942964,76.02019303574306,75.4982782756625,0,5.399579567537607,250,32808.46902585187,0.0
433,222.045,66.90057106995151,2246.326947882391,335.9731517424697,2549.9961515942964,76.0200873266967,75.48370009702221,0,5.399684476828786,250,32809.10646682058,0.0
434,222.04999999999998,66.91345413617582,2245.4595322369405,335.8457130790214,2549.9961515942964,76.01998161765032,75.46911420032194,0,5.39978936589928,250,32809.743784926075,0.0
435,222.055,66.92634789010668,2244.5918250004906,335.7182307554154,2549.9961515942964,76.01987590860396,75.45452058322965,0,5.399894234738375,250,32810.380980103255,0.0
436,222.06,66.93925233994692,2243.72382630054,335.59070478916846,2549.9961515942964,76.01977019955758,75.4399192434148,0,5.399999083335359,250,32811.01805228703,0.0
437,222.065,66.95216749390369,2242.8555362649245,335.46313519797764,2549.9961515942964,76.01966449051123,75.42531017854843,0,5.400103911679515,250,32811.65500141228,0.0
438,222.07,66.96509336018855,2241.986955021819,335.33552199945353,2549.9961515942964,76.01955878146485,75.4106933863031,0,5.400208719760117,250,32812.291827413836,0.0
439,222.075,66.97802994701742,2241.1180826997434,335.2078652112991,2549.9961515942964,76.0194530724185,75.39606886435296,0,5.400313507566445,250,32812.92853022656,0.0
440,222.07999999999998,66.99097726261049,2240.2489194275554,335.0801648512885,2549.9961515942964,76.01934736337212,75.3814366103737,0,5.4004182750877705,250,32813.565109785275,0.0
441,222.085,67.00393531519236,2239.379465334455,334.95242093728336,2549.9961515942964,76.01924165432577,75.36679662204259,0,5.400523022313362,250,32814.201566024756,0.0
442,222.09,67.01690411299198,2238.509720549984,334.824633487165,2549.9961515942964,76.01913594527939,75.35214889703845,0,5.400627749232485,250,32814.8378988798,0.0
443,222.095,67.02988366424262,2237.6396852040248,334.69680251878424,2549.9961515942964,76.01903023623304,75.33749343304169,0,5.400732455834403,250,32815.474108285154,0.0
444,222.1,67.04287397718191,2236.769359426803,334.56892805009727,2549.9961515942964,76.01892452718666,75.32283022773429,0,5.400837142108375,250,32816.11019417556,0.0
445,222.105,67.0558750600518,2235.898743348886,334.44101009916045,2549.9961515942964,76.0188188181403,75.3081592787998,0,5.400941808043658,250,32816.746156485744,0.0
446,222.10999999999999,67.06888692109862,2235.0278371011836,334.3130486840875,2549.9961515942964,76.01871310909392,75.29348058392335,0,5.401046453629504,250,32817.381995150405,0.0
447,222.115,67.08190956857301,2234.1566408149492,334.1850438228282,2549.9961515942964,76.01860740004757,75.2787941407917,0,5.401151078855163,250,32818.017710104206,0.0
448,222.12,67.09494301072996,2233.2851546217776,334.05699553378196,2549.9961515942964,76.01850169100119,75.26409994709311,0,5.4012556837098815,250,32818.65330128183,0.0
449,222.125,67.10798725582873,2232.413378653608,333.9289038349299,2549.9961515942964,76.01839598195484,75.24939800051753,0,5.401360268182904,250,32819.28876861791,0.0
450,222.13,67.12104231213304,2231.541313042724,333.80076874468983,2549.9961515942964,76.01829027290846,75.23468829875641,0,5.4014648322634695,250,32819.92411204707,0.0
451,222.135,67.13410818791084,2230.6689579217505,333.67259028128115,2549.9961515942964,76.0181845638621,75.21997083950289,0,5.401569375940816,250,32820.55933150391,0.0
452,222.14,67.14718489143442,2229.7963134236584,333.5443684631316,2549.9961515942964,76.01807885481573,75.20524562045165,0,5.401673899204176,250,32821.194426923015,0.0
453,222.14499999999998,67.16027243098046,2228.923379681763,333.4161033086027,2549.9961515942964,76.01797314576937,75.19051263929899,0,5.40177840204278,250,32821.829398238944,0.0
454,222.15,67.17337081482984,2228.0501568297227,333.2877948362369,2549.9961515942964,76.017867436723,75.17577189374285,0,5.401882884445856,250,32822.46424538624,0.0
455,222.155,67.18648005126792,2227.176645001542,333.1594430644128,2549.9961515942964,76.01776172767664,75.16102338148272,0,5.401987346402628,250,32823.09896829943,0.0
456,222.16,67.19960014858427,2226.30284433157,333.0310480118602,2549.9961515942964,76.01765601863026,75.14626710021976,0,5.402091787902316,250,32823.73356691303,0.0
457,222.165,67.2127311150728,2225.4287549544997,332.9026096970051,2549.9961515942964,76.0175503095839,75.13150304765674,0,5.40219620893414,250,32824.368041161506,0.0
458,222.17,67.22587295903178,2224.554377005372,332.77412813870046,2549.9961515942964,76.01744460053753,75.11673122149803,0,5.402300609487312,250,32825.00239097934,0.0
459,222.17499999999998,67.23902568876375,2223.6797106195722,332.6456033554445,2549.9961515942964,76.01733889149116,75.10195161944966,0,5.402404989551044,250,32825.636616300966,0.0
460,222.18,67.25218931257555,2222.8047559328334,332.51703536626655,2549.9961515942964,76.01723318244481,75.08716423921925,0,5.4025093491145455,250,32826.27071706082,0.0
461,222.185,67.26536383877837,2221.9295130812307,332.3884241897394,2549.9961515942964,76.01712747339843,75.0723690785161,0,5.402613688167019,250,32826.90469319331,0.0
462,222.19,67.27854927568771,2221.053982201192,332.25976984479905,2549.9961515942964,76.01702176435208,75.05756613505112,0,5.402718006697669,250,32827.53854463282,0.0
463,222.195,67.29174563162336,2220.1781634294857,332.1310723504686,2549.9961515942964,76.0169160553057,75.04275540653684,0,5.402822304695691,250,32828.17227131372,0.0
464,222.2,67.30495291490938,2219.3020569032324,332.002331725554,2549.9961515942964,76.01681034625935,75.02793689068749,0,5.402926582150284,250,32828.805873170364,0.0
465,222.20499999999998,67.31817113387422,2218.4256627598975,331.8735479891292,2549.9961515942964,76.01670463721297,75.01311058521887,0,5.403030839050638,250,32829.43935013708,0.0
466,222.21,67.33140029685053,2217.5489811372927,331.7447211603273,2549.9961515942964,76.01659892816662,74.9982764878485,0,5.403135075385942,250,32830.07270214818,0.0
467,222.215,67.34464041217535,2216.6720121735802,331.61585125815606,2549.9961515942964,76.01649321912024,74.98343459629552,0,5.403239291145381,250,32830.70592913795,0.0
468,222.22,67.35789148818996,2215.7947560072685,331.48693830179417,2549.9961515942964,76.01638751007388,74.96858490828076,0,5.40334348631814,250,32831.33903104067,0.0
469,222.225,67.37115353323993,2214.917212777215,331.3579823105716,2549.9961515942964,76.0162818010275,74.95372742152665,0,5.403447660893398,250,32831.972007790595,0.0
470,222.23,67.38442655567519,2214.0393826226255,331.22898330358765,2549.9961515942964,76.01617609198115,74.93886213375735,0,5.403551814860329,250,32832.60485932195,0.0
471,222.23499999999999,67.39771056384986,2213.1612656830557,331.09994130022955,2549.9961515942964,76.01607038293477,74.92398904269864,0,5.403655948208108,250,32833.23758556895,0.0
472,222.24,67.4110055661224,2212.282862098409,330.97085631993906,2549.9961515942964,76.01596467388842,74.909108146078,0,5.403760060925905,250,32833.87018646581,0.0
473,222.245,67.42431157085556,2211.4041720089367,330.8417283820147,2549.9961515942964,76.01585896484204,74.89421944162457,0,5.403864153002887,250,32834.50266194668,0.0
474,222.25,67.43762858641642,2210.525195555244,330.7125575059858,2549.9961515942964,76.01575325579569,74.87932292706918,0,5.403968224428218,250,32835.135011945735,0.0
475,222.255,67.45095662117622,2209.645932878281,330.583343711395,2549.9961515942964,76.0156475467493,74.86441860014436,0,5.404072275191058,250,32835.76723639711,0.0
476,222.26,67.46429568351057,2208.766384119352,330.45408701780985,2549.9961515942964,76.01554183770295,74.84950645858426,0,5.404176305280562,250,32836.39933523492,0.0
477,222.265,67.47764578179932,2207.886549420108,330.32478744476765,2549.9961515942964,76.01543612865657,74.83458650012479,0,5.404280314685889,250,32837.03130839326,0.0
478,222.26999999999998,67.49100692442667,2207.006428922553,330.1954450119931,2549.9961515942964,76.01533041961022,74.81965872250349,0,5.404384303396185,250,32837.66315580622,0.0
479,222.275,67.50437911978096,2206.1260227690395,330.0660597391966,2549.9961515942964,76.01522471056384,74.80472312345967,0,5.404488271400601,250,32838.294877407854,0.0
480,222.28,67.51776237625494,2205.245331102274,329.9366316461798,2549.9961515942964,76.01511900151749,74.78977970073427,0,5.404592218688282,250,32838.92647313221,0.0
481,222.285,67.53115670224551,2204.364354065312,329.8071607527481,2549.9961515942964,76.01501329247111,74.77482845206997,0,5.4046961452483675,250,32839.557942913314,0.0
482,222.29,67.54456210615389,2203.4830918015614,329.677647078771,2549.9961515942964,76.01490758342476,74.75986937521115,0,5.404800051069999,250,32840.18928668516,0.0
483,222.295,67.5579785963856,2202.601544454781,329.5480906441598,2549.9961515942964,76.01480187437838,74.74490246790391,0,5.4049039361423095,250,32840.82050438175,0.0
484,222.29999999999998,67.57140618135034,2201.7197121690833,329.4184914689059,2549.9961515942964,76.01469616533201,74.72992772789604,0,5.405007800454431,250,32841.45159593703,0.0
485,222.305,67.58484486946213,2200.8375950889317,329.2888495730537,2549.9961515942964,76.01459045628565,74.71494515293706,0,5.405111643995494,250,32842.08256128496,0.0
486,222.31,67.59829466913922,2199.9551933591415,329.15916497671697,2549.9961515942964,76.01448474723928,74.69995474077821,0,5.4052154667546235,250,32842.71340035946,0.0
487,222.315,67.61175558880414,2199.072507124882,329.0294376998986,2549.9961515942964,76.01437903819291,74.68495648917244,0,5.405319268720943,250,32843.34411309445,0.0
488,222.32,67.62522763688368,2198.1895365316745,328.89966776290913,2549.9961515942964,76.01427332914655,74.66995039587445,0,5.405423049883571,250,32843.9746994238,0.0
489,222.325,67.6387108218088,2197.3062817253954,328.76985518590385,2549.9961515942964,76.01416762010018,74.65493645864068,0,5.405526810231626,250,32844.605159281404,0.0
490,222.32999999999998,67.65220515201477,2196.4227428522718,328.63999998921724,2549.9961515942964,76.01406191105382,74.63991467522926,0,5.405630549754219,250,32845.2354926011,0.0
491,222.335,67.66571063594114,2195.538920058887,328.5101021931244,2549.9961515942964,76.01395620200745,74.6248850434001,0,5.405734268440463,250,32845.865699316724,0.0
492,222.34,67.67922728203163,2194.654813492177,328.3801618180443,2549.9961515942964,76.01385049296108,74.60984756091483,0,5.405837966279463,250,32846.49577936209,0.0
493,222.345,67.69275509873427,2193.770423299431,328.2501788844269,2549.9961515942964,76.01374478391472,74.59480222553684,0,5.405941643260324,250,32847.125732671,0.0
494,222.35,67.70629409450125,2192.885749628296,328.12015341272513,2549.9961515942964,76.01363907486835,74.57974903503124,0,5.406045299372147,250,32847.755559177225,0.0
495,222.355,67.71984427778904,2192.000792626768,327.99008542352874,2549.9961515942964,76.013533365822,74.56468798716493,0,5.40614893460403,250,32848.38525881452,0.0
496,222.35999999999999,67.73340565705836,2191.1155524432047,327.85997493741496,2549.9961515942964,76.01342765677562,74.54961907970656,0,5.4062525489450675,250,32849.01483151662,0.0
497,222.365,67.74697824077414,2190.2300292263144,327.7298219750113,2549.9961515942964,76.01332194772927,74.5345423104265,0,5.406356142384351,250,32849.64427721726,0.0
498,222.37,67.7605620374055,2189.344223125162,327.59962655699775,2549.9961515942964,76.01321623868289,74.51945767709694,0,5.406459714910969,250,32850.27359585012,0.0
499,222.375,67.7741570554259,2188.458134289169,327.4693887041212,2549.9961515942964,76.01311052963653,74.50436517749176,0,5.4065632665140075,250,32850.902787348896,0.0
500,222.38,67.7877633033129,2187.571762868109,327.3391084371786,2549.9961515942964,76.01300482059015,74.48926480938671,0,5.406666797182549,250,32851.53185164725,0.0
501,222.385,67.80138078954833,2186.685109012118,327.2087857770875,2549.9961515942964,76.0128991115438,74.47415657055923,0,5.4067703069056705,250,32852.16078867882,0.0
502,222.39,67.81500952261828,2185.7981728716836,327.0784207447279,2549.9961515942964,76.01279340249742,74.45904045878858,0,5.4068737956724515,250,32852.78959837723,0.0
503,222.39499999999998,67.82864951101298,2184.910954597652,326.9480133609523,2549.9961515942964,76.01268769345107,74.44391647185579,0,5.406977263471963,250,32853.4182806761,0.0
504,222.4,67.84230076322692,2184.023454341224,326.8175636468008,2549.9961515942964,76.01258198440469,74.42878460754365,0,5.407080710293275,250,32854.04683550901,0.0
505,222.405,67.85596328775883,2183.1356722539604,326.68707162349733,2549.9961515942964,76.01247627535834,74.41364486363676,0,5.407184136125456,250,32854.675262809535,0.0
506,222.41,67.86963709311156,2182.247608487777,326.5565373119269,2549.9961515942964,76.01237056631196,74.39849723792155,0,5.407287540957568,250,32855.30356251121,0.0
507,222.415,67.88332218779225,2181.35926319495,326.4259607333092,2549.9961515942964,76.01226485726559,74.38334172818617,0,5.407390924778673,250,32855.93173454758,0.0
508,222.42,67.89701858031219,2180.4706365281095,326.2953419089398,2549.9961515942964,76.01215914821923,74.36817833222061,0,5.407494287577828,250,32856.55977885216,0.0
509,222.42499999999998,67.91072627918696,2179.5817286402475,326.1646808599768,2549.9961515942964,76.01205343917286,74.35300704781667,0,5.407597629344087,250,32857.187695358436,0.0
510,222.43,67.9244452929362,2178.6925396847114,326.03397760783554,2549.9961515942964,76.0119477301265,74.33782787276795,0,5.407700950066504,250,32857.81548399989,0.0
511,222.435,67.93817563008385,2177.8030698152097,325.90323217383974,2549.9961515942964,76.01184202108013,74.32264080486982,0,5.4078042497341245,250,32858.44314470997,0.0
512,222.44,67.951917299158,2176.9133191858073,325.77244457939145,2549.9961515942964,76.01173631203376,74.30744584191952,0,5.407907528335994,250,32859.070677422125,0.0
513,222.445,67.96567030869096,2176.023287950929,325.6416148458821,2549.9961515942964,76.0116306029874,74.29224298171606,0,5.408010785861157,250,32859.698082069764,0.0
514,222.45,67.97943466721922,2175.132976265358,325.5107429950724,2549.9961515942964,76.01152489394103,74.27703222206028,0,5.408114022298651,250,32860.3253585863,0.0
515,222.45499999999998,67.99321038328345,2174.242384284239,325.37982904831034,2549.9961515942964,76.01141918489466,74.2618135607549,0,5.408217237637514,250,32860.9525069051,0.0
516,222.46,68.00699746542853,2173.3515121630753,325.2488730273672,2549.9961515942964,76.0113134758483,74.24658699560437,0,5.408320431866776,250,32861.57952695955,0.0
517,222.465,68.02079592220343,2172.4603600577298,325.1178749537965,2549.9961515942964,76.01120776680193,74.23135252441507,0,5.40842360497547,250,32862.206418682974,0.0
518,222.47,68.03460576216143,2171.5689281244267,324.9868348494591,2549.9961515942964,76.01110205775556,74.21611014499511,0,5.408526756952622,250,32862.83318200871,0.0
519,222.475,68.04842699385989,2170.677216519748,324.8557527359743,2549.9961515942964,76.0109963487092,74.20085985515455,0,5.408629887787255,250,32863.45981687007,0.0
520,222.48,68.06225962586036,2169.7852254006402,324.72462863540704,2549.9961515942964,76.01089063966283,74.18560165270517,0,5.408732997468391,250,32864.08632320033,0.0
521,222.48499999999999,68.07610366672861,2168.8929549244062,324.5934625694516,2549.9961515942964,76.01078493061647,74.17033553546071,0,5.408836085985048,250,32864.71270093278,0.0
522,222.49,68.08995912503453,2168.0004052487157,324.4622545601346,2549.9961515942964,76.0106792215701,74.15506150123667,0,5.408939153326242,250,32865.33895000066,0.0
523,222.495,68.10382600935219,2167.107576531593,324.3310046294316,2549.9961515942964,76.01057351252373,74.13977954785048,0,5.4090421994809805,250,32865.965070337195,0.0
524,222.5,68.1177043282598,2166.214468931431,324.19971279944656,2549.9961515942964,76.01046780347737,74.12448967312135,0,5.4091452244382765,250,32866.591061875624,0.0
525,222.505,68.13159409033977,2165.3210826069785,324.0683790921883,2549.9961515942964,76.010362094431,74.10919187487039,0,5.409248228187134,250,32867.216924549124,0.0
526,222.51,68.14549530417865,2164.4274177173506,323.93700352982023,2549.9961515942964,76.01025638538464,74.09388615092058,0,5.409351210716556,250,32867.84265829089,0.0
527,222.515,68.1594079783671,2163.5334744220218,323.8055861346221,2549.9961515942964,76.01015067633827,74.07857249909675,0,5.4094541720155425,250,32868.46826303407,0.0
528,222.51999999999998,68.17333212150002,2162.6392528808306,323.67412692878764,2549.9961515942964,76.0100449672919,74.06325091722559,0,5.409557112073089,250,32869.09373871182,0.0
529,222.525,68.18726774217645,2161.7447532539777,323.54262593462937,2549.9961515942964,76.00993925824554,74.04792140313569,0,5.40966003087819,250,32869.719085257246,0.0
530,222.53,68.20121484899941,2160.8499757020277,323.4110831745102,2549.9961515942964,76.00983354919919,74.0325839546575,0,5.409762928419835,250,32870.344302603466,0.0
531,222.535,68.21517345057629,2159.954920385908,323.2794986709135,2549.9961515942964,76.0097278401528,74.01723856962336,0,5.409865804687014,250,32870.96939068357,0.0
532,222.54,68.22914355551852,2159.059587466908,323.14787244617895,2549.9961515942964,76.00962213110645,74.00188524586747,0,5.409968659668709,250,32871.59434943061,0.0
533,222.545,68.24312517244161,2158.163977106683,323.0162045229327,2549.9961515942964,76.00951642206007,73.98652398122597,0,5.410071493353903,250,32872.219178777654,0.0
534,222.54999999999998,68.25711830996535,2157.268089467252,322.88449492373815,2549.9961515942964,76.00941071301371,73.97115477353684,0,5.410174305731573,250,32872.843878657724,0.0
535,222.555,68.27112297671351,2156.371924710996,322.7527436711548,2549.9961515942964,76.00930500396734,73.95577762063996,0,5.410277096790696,250,32873.46844900384,0.0
536,222.56,68.28513918131407,2155.475483000663,322.6209507879213,2549.9961515942964,76.00919929492098,73.94039252037717,0,5.410379866520244,250,32874.092889748994,0.0
537,222.565,68.29916693239915,2154.5787644993657,322.48911629671454,2549.9961515942964,76.00909358587461,73.92499947059214,0,5.410482614909187,250,32874.71720082616,0.0
538,222.57,68.31320623860492,2153.681769370578,322.3572402203985,2549.9961515942964,76.00898787682824,73.90959846913047,0,5.41058534194649,250,32875.34138216831,0.0
539,222.575,68.32725710857176,2152.784497778143,322.2253225817933,2549.9961515942964,76.00888216778188,73.89418951383968,0,5.410688047621119,250,32875.96543370838,0.0
540,222.57999999999998,68.34131955094408,2151.886949886267,322.09336340374557,2549.9961515942964,76.00877645873551,73.87877260256919,0,5.410790731922031,250,32876.58935537928,0.0
541,222.585,68.35539357437051,2150.989125859522,321.96136270920965,2549.9961515942964,76.00867074968914,73.86334773317034,0,5.410893394838187,250,32877.213147113915,0.0
542,222.59,68.3694791875037,2150.091025862848,321.82932052120225,2549.9961515942964,76.00856504064278,73.84791490349639,0,5.410996036358538,250,32877.83680884519,0.0
543,222.595,68.38357639900042,2149.1926500615455,321.6972368627451,2549.9961515942964,76.00845933159641,73.83247411140255,0,5.411098656472039,250,32878.46034050597,0.0
544,222.6,68.39768521752163,2148.2939986212887,321.5651117569635,2549.9961515942964,76.00835362255005,73.81702535474591,0,5.411201255167637,250,32879.083742029085,0.0
545,222.605,68.4118056517323,2147.395071708112,321.432945227043,2549.9961515942964,76.00824791350368,73.80156863138554,0,5.411303832434278,250,32879.70701334739,0.0
546,222.60999999999999,68.4259377103015,2146.4958694884203,321.3007372961573,2549.9961515942964,76.00814220445731,73.78610393918241,0,5.411406388260903,250,32880.330154393676,0.0
547,222.615,68.44008140190246,2145.5963921289845,321.1684879875413,2549.9961515942964,76.00803649541095,73.77063127599946,0,5.411508922636453,250,32880.953165100764,0.0
548,222.62,68.45423673521252,2144.696639796942,321.03619732458014,2549.9961515942964,76.00793078636458,73.75515063970153,0,5.411611435549864,250,32881.57604540141,0.0
549,222.625,68.468403718913,2143.7966126597958,320.9038653306339,2549.9961515942964,76.00782507731822,73.73966202815545,0,5.411713926990071,250,32882.19879522839,0.0
550,222.63,68.4825823616894,2142.896310885421,320.7714920290431,2549.9961515942964,76.00771936827185,73.72416543922996,0,5.411816396946003,250,32882.82141451443,0.0
551,222.635,68.49677267223129,2141.9957346420574,320.6390774433338,2549.9961515942964,76.00761365922548,73.70866087079581,0,5.411918845406589,250,32883.443903192274,0.0
552,222.64,68.51097465923228,2141.0948840983133,320.50662159703364,2549.9961515942964,76.00750795017912,73.69314832072563,0,5.412021272360753,250,32884.0662611946,0.0
553,222.64499999999998,68.52518833139015,2140.193759423166,320.3741245137973,2549.9961515942964,76.00740224113275,73.67762778689409,0,5.412123677797416,250,32884.68848845412,0.0
554,222.65,68.53941369740669,2139.292360785961,320.2415862171446,2549.9961515942964,76.00729653208639,73.66209926717777,0,5.412226061705499,250,32885.31058490349,0.0
555,222.655,68.55365076598771,2138.3906883564123,320.10900673087906,2549.9961515942964,76.00719082304002,73.64656275945522,0,5.412328424073915,250,32885.932550475365,0.0
556,222.66,68.56789954584323,2137.4887423046025,319.9763860786858,2549.9961515942964,76.00708511399365,73.63101826160701,0,5.41243076489158,250,32886.55438510238,0.0
557,222.665,68.5821600456872,2136.5865228009843,319.84372428427304,2549.9961515942964,76.00697940494729,73.61546577151563,0,5.412533084147402,250,32887.176088717155,0.0
558,222.67,68.59643227423778,2135.684030016381,319.71102137168043,2549.9961515942964,76.00687369590092,73.59990528706558,0,5.412635381830288,250,32887.797661252276,0.0
559,222.67499999999998,68.61071624021704,2134.7812641219807,319.5782773646489,2549.9961515942964,76.00676798685456,73.58433680614333,0,5.412737657929144,250,32888.41910264034,0.0
560,222.68,68.6250119523512,2133.878225289347,319.4454922872301,2549.9961515942964,76.00666227780819,73.56876032663733,0,5.412839912432869,250,32889.04041281389,0.0
561,222.685,68.63931941937052,2132.974913690411,319.3126661634265,2549.9961515942964,76.00655656876182,73.55317584643807,0,5.412942145330361,250,32889.66159170548,0.0
562,222.69,68.65363865000928,2132.071329497475,319.1797990172915,2549.9961515942964,76.00645085971546,73.53758336343795,0,5.413044356610517,250,32890.282639247635,0.0
563,222.695,68.66796965300587,2131.1674728832095,319.04689087286977,2549.9961515942964,76.00634515066909,73.52198287553144,0,5.413146546262229,250,32890.90355537286,0.0
564,222.7,68.68231243710267,2130.263344020659,318.9139417544938,2549.9961515942964,76.00623944162272,73.50637438061497,0,5.413248714274386,250,32891.52434001366,0.0
565,222.70499999999998,68.6966670110461,2129.3589430832376,318.78095168629255,2549.9961515942964,76.00613373257636,73.490757876587,0,5.413350860635874,250,32892.14499310249,0.0
566,222.71,68.71103338358667,2128.4542702447293,318.64792069250126,2549.9961515942964,76.00602802352999,73.47513336134799,0,5.413452985335576,250,32892.76551457181,0.0
567,222.715,68.72541156347891,2127.549325679292,318.51484879755174,2549.9961515942964,76.00592231448363,73.45950083280039,0,5.413555088362374,250,32893.38590435406,0.0
568,222.72,68.73980155948135,2126.6441095614528,318.3817360258353,2549.9961515942964,76.00581660543726,73.4438602888487,0,5.413657169705146,250,32894.00616238166,0.0
569,222.725,68.75420338035656,2125.7386220661133,318.2485824017017,2549.9961515942964,76.0057108963909,73.42821172739941,0,5.413759229352764,250,32894.62628858701,0.0
570,222.73,68.76861703487117,2124.8328633685446,318.1153879496975,2549.9961515942964,76.00560518734453,73.41255514636107,0,5.413861267294103,250,32895.246282902495,0.0
571,222.73499999999999,68.78304253179583,2123.9268336443924,317.9821526943781,2549.9961515942964,76.00549947829816,73.39689054364422,0,5.413963283518031,250,32895.86614526049,0.0
572,222.74,68.79747987990515,2123.020533069673,317.84887666040953,2549.9961515942964,76.0053937692518,73.38121791716145,0,5.414065278013414,250,32896.485875593324,0.0
573,222.745,68.8119290879778,2122.1139618207767,317.71555987236167,2549.9961515942964,76.00528806020543,73.36553726482738,0,5.414167250769115,250,32897.10547383334,0.0
574,222.75,68.8263901647965,2121.2071200744667,317.5822023549689,2549.9961515942964,76.00518235115906,73.34984858455867,0,5.414269201773994,250,32897.724939912856,0.0
575,222.755,68.84086311914793,2120.300008007879,317.44880413303514,2549.9961515942964,76.0050766421127,73.33415187427403,0,5.4143711310169085,250,32898.34427376416,0.0
576,222.76,68.85534795982277,2119.392625798523,317.31536523133735,2549.9961515942964,76.00497093306633,73.31844713189419,0,5.4144730384867135,250,32898.963475319535,0.0
577,222.765,68.86984469561574,2118.4849736242827,317.1818856747317,2549.9961515942964,76.00486522401997,73.30273435534194,0,5.414574924172259,250,32899.582544511235,0.0
578,222.76999999999998,68.88435333532559,2117.577051663414,317.0483654882651,2549.9961515942964,76.0047595149736,73.28701354254213,0,5.414676788062395,250,32900.20148127151,0.0
579,222.775,68.89887388775495,2116.6688600945477,316.9148046967935,2549.9961515942964,76.00465380592723,73.27128469142168,0,5.4147786301459675,250,32900.82028553259,0.0
580,222.78,68.91340636171054,2115.7603990966913,316.78120332550856,2549.9961515942964,76.00454809688087,73.25554779990955,0,5.414880450411818,250,32901.43895722667,0.0
581,222.785,68.92795076600306,2114.851668849223,316.64756139936503,2549.9961515942964,76.0044423878345,73.23980286593675,0,5.414982248848787,250,32902.05749628594,0.0
582,222.79,68.9425071094472,2113.9426695318994,316.5138789435346,2549.9961515942964,76.00433667878814,73.22404988743641,0,5.415084025445712,250,32902.675902642586,0.0
583,222.795,68.9570754008616,2113.033401324848,316.38015598321283,2549.9961515942964,76.00423096974177,73.20828886234365,0,5.415185780191427,250,32903.29417622876,0.0
584,222.79999999999998,68.9716556490689,2112.123864408575,316.24639254379224,2549.9961515942964,76.0041252606954,73.19251978859575,0,5.415287513074764,250,32903.91231697659,0.0
585,222.805,68.98624786289574,2111.2140589639603,316.1125886503507,2549.9961515942964,76.00401955164904,73.17674266413201,0,5.41538922408455,250,32904.5303248182,0.0
586,222.81,69.00085205117267,2110.303985172259,315.9787443284718,2549.9961515942964,76.00391384260267,73.16095748689385,0,5.415490913209613,250,32905.14819968571,0.0
587,222.815,69.01546822273426,2109.3936432151045,315.84485960349326,2549.9961515942964,76.0038081335563,73.14516425482475,0,5.415592580438773,250,32905.765941511185,0.0
588,222.82,69.03009638641906,2108.483033274503,315.7109345008604,2549.9961515942964,76.00370242450994,73.12936296587031,0,5.415694225760851,250,32906.383550226696,0.0
589,222.825,69.04473655106959,2107.57215553284,315.5769690461461,2549.9961515942964,76.00359671546357,73.11355361797818,0,5.415795849164665,250,32907.00102576431,0.0
590,222.82999999999998,69.05938872553224,2106.6610101728747,315.4429632648831,2549.9961515942964,76.0034910064172,73.09773620909813,0,5.415897450639028,250,32907.618368056035,0.0
591,222.835,69.07405291865749,2105.7495973777436,315.30891718283806,2549.9961515942964,76.00338529737084,73.08191073718206,0,5.415999030172751,250,32908.23557703391,0.0
592,222.84,69.0887291392996,2104.8379173309627,315.1748308255574,2549.9961515942964,76.00327958832447,73.06607720018393,0,5.416100587754644,250,32908.852652629925,0.0
593,222.845,69.10341739631698,2103.9259702164213,315.0407042188637,2549.9961515942964,76.00317387927811,73.0502355960598,0,5.416202123373512,250,32909.46959477606,0.0
594,222.85,69.11811769857185,2103.013756218389,314.90653738855247,2549.9961515942964,76.00306817023174,73.03438592276791,0,5.4163036370181565,250,32910.08640340429,0.0
595,222.855,69.13283005493042,2102.1012755215106,314.7723303605026,2549.9961515942964,76.00296246118538,73.01852817826857,0,5.416405128677379,250,32910.703078446546,0.0
596,222.85999999999999,69.1475544742628,2101.1885283108113,314.63808316058,2549.9961515942964,76.002856752139,73.0026623605242,0,5.416506598339976,250,32911.319619834765,0.0
597,222.865,69.16229096544313,2100.275514771692,314.5037958148619,2549.9961515942964,76.00275104309264,72.98678846749934,0,5.4166080459947406,250,32911.93602750086,0.0
598,222.87,69.17703953734939,2099.3622350899323,314.36946834922753,2549.9961515942964,76.00264533404628,72.97090649716071,0,5.416709471630466,250,32912.55230137672,0.0
599,222.875,69.19180019886349,2098.448689451691,314.2351007898401,2549.9961515942964,76.00253962499991,72.95501644747712,0,5.4168108752359405,250,32913.168441394235,0.0
600,222.88,69.2065729588713,2097.5348780435047,314.10069316281897,2549.9961515942964,76.00243391595355,72.93911831641952,0,5.416912256799949,250,32913.78444748526,0.0
601,222.885,69.22135782626263,2096.620801052289,313.9662454943176,2549.9961515942964,76.00232820690718,72.923212101961,0,5.417013616311276,250,32914.40031958164,0.0
602,222.89,69.23615480993118,2095.7064586653396,313.8317578106649,2549.9961515942964,76.00222249786081,72.90729780207677,0,5.4171149537586984,250,32915.01605761519,0.0
603,222.89499999999998,69.25096391877453,2094.7918510703284,313.69723013808823,2549.9961515942964,76.00211678881445,72.89137541474423,0,5.417216269130997,250,32915.63166151774,0.0
604,222.9,69.26578516169424,2093.876978455311,313.562662503008,2549.9961515942964,76.00201107976808,72.87544493794292,0,5.417317562416945,250,32916.24713122107,0.0
605,222.905,69.28061854759574,2092.9618410087187,313.4280549317866,2549.9961515942964,76.00190537072172,72.8595063696545,0,5.417418833605313,250,32916.86246665696,0.0
606,222.91,69.29546408538839,2092.0464389193653,313.29340745087467,2549.9961515942964,76.00179966167535,72.8435597078628,0,5.417520082684871,250,32917.47766775716,0.0
607,222.915,69.31032178398537,2091.130772376443,313.1587200867917,2549.9961515942964,76.00169395262898,72.82760495055385,0,5.4176213096443835,250,32918.092734453414,0.0
608,222.92,69.32519165230384,2090.214841569526,313.02399286615116,2549.9961515942964,76.00158824358262,72.8116420957158,0,5.417722514472616,250,32918.70766667745,0.0
609,222.92499999999998,69.34007369926486,2089.2986466885664,312.8892258156382,2549.9961515942964,76.00148253453625,72.79567114133899,0,5.417823697158328,250,32919.32246436097,0.0
610,222.93,69.3549679337933,2088.3821879239003,312.75441896179797,2549.9961515942964,76.00137682548988,72.77969208541592,0,5.417924857690277,250,32919.937127435674,0.0
611,222.935,69.36987436481796,2087.465465466243,312.6195723314828,2549.9961515942964,76.00127111644352,72.76370492594125,0,5.418025996057218,250,32920.55165583323,0.0
612,222.94,69.38479300127159,2086.548479506689,312.4846859514724,2549.9961515942964,76.00116540739715,72.74770966091188,0,5.418127112247902,250,32921.166049485284,0.0
613,222.945,69.39972385209066,2085.6312302367182,312.3497598485604,2549.9961515942964,76.00105969835079,72.73170628832685,0,5.41822820625108,250,32921.78030832349,0.0
614,222.95,69.41466692621563,2084.7137178481894,312.21479404970205,2549.9961515942964,76.00095398930442,72.71569480618737,0,5.418329278055497,250,32922.39443227946,0.0
615,222.95499999999998,69.42962223259083,2083.7959425333424,312.07978858189017,2549.9961515942964,76.00084828025805,72.69967521249689,0,5.418430327649896,250,32923.00842128481,0.0
616,222.96,69.4445897801644,2082.877904484801,311.94474347209217,2549.9961515942964,76.00074257121169,72.683647505261,0,5.418531355023021,250,32923.62227527112,0.0
617,222.965,69.45956957788839,2081.9596038955706,311.8096587474638,2549.9961515942964,76.00063686216532,72.66761168248756,0,5.418632360163608,250,32924.235994169954,0.0
618,222.97,69.47456163471867,2081.041040959037,311.67453443500426,2549.9961515942964,76.00053115311896,72.65156774218654,0,5.418733343060391,250,32924.84957791288,0.0
619,222.975,69.48956595961502,2080.1222158689725,311.5393705619587,2549.9961515942964,76.00042544407259,72.63551568237021,0,5.418834303702106,250,32925.46302643143,0.0
620,222.98,69.50458256154099,2079.2031288195285,311.40416715563583,2549.9961515942964,76.00031973502622,72.619455501053,0,5.41893524207748,250,32926.076339657135,0.0
621,222.98499999999999,69.51961144946407,2078.283780005241,311.2689242432965,2549.9961515942964,76.00021402597986,72.60338719625155,0,5.419036158175241,250,32926.68951752148,0.0
622,222.99,69.5346526323555,2077.364169621028,311.1336418522257,2549.9961515942964,76.00010831693349,72.58731076598472,0,5.419137051984113,250,32927.30255995597,0.0
623,222.995,69.54970611919046,2076.444297862193,310.9983200098892,2549.9961515942964,76.00000260788711,72.57122620827361,0,5.419237923492819,250,32927.91546689207,0.0
624,223.0,69.5647719189479,2075.5241649244213,310.8629587437343,2549.9961515942964,75.99989689884076,72.55513352114156,0,5.419338772690076,250,32928.52823826123,0.0
625,223.005,69.57985004061057,2074.6037710037817,310.72755808138703,2549.9961515942964,75.99979118979438,72.53903270261408,0,5.4194395995646,250,32929.14087399488,0.0
626,223.01,69.59494049316514,2073.6831162967296,310.5921180502612,2549.9961515942964,75.99968548074803,72.52292375071896,0,5.419540404105105,250,32929.75337402446,0.0
627,223.015,69.61004328560203,2072.762201000101,310.4566386780448,2549.9961515942964,75.99957977170165,72.5068066634862,0,5.419641186300302,250,32930.36573828137,0.0
628,223.01999999999998,69.62515842691558,2071.841025311118,310.32111999253755,2549.9961515942964,75.9994740626553,72.49068143894809,0,5.419741946138898,250,32930.977966696984,0.0
629,223.025,69.64028592610376,2070.919589427388,310.1855620213397,2549.9961515942964,75.99936835360892,72.47454807513911,0,5.419842683609597,250,32931.590059202674,0.0
630,223.03,69.65542579216853,2069.9978935469035,310.049964792275,2549.9961515942964,75.99926264456256,72.45840657009599,0,5.419943398701103,250,32932.2020157298,0.0
631,223.035,69.67057803411561,2069.0759378680386,309.9143283332467,2549.9961515942964,75.99915693551618,72.44225692185775,0,5.420044091402115,250,32932.8138362097,0.0
632,223.04,69.68574266095446,2068.1537225895563,309.7786526721692,2549.9961515942964,75.99905122646983,72.42609912846562,0,5.42014476170133,250,32933.4255205737,0.0
633,223.045,69.70091968169844,2067.231247910603,309.6429378369974,2549.9961515942964,75.99894551742346,72.40993318796315,0,5.420245409587442,250,32934.03706875309,0.0
634,223.04999999999998,69.71610910536462,2066.308514030712,309.5071838557459,2549.9961515942964,75.9988398083771,72.39375909839609,0,5.420346035049141,250,32934.64848067916,0.0
635,223.055,69.73131094097393,2065.3855211498008,309.3713907564614,2549.9961515942964,75.99873409933073,72.3775768578125,0,5.420446638075117,250,32935.2597562832,0.0
636,223.06,69.74652519755102,2064.462269468175,309.2355585673984,2549.9961515942964,75.99862839028437,72.36138646426267,0,5.4205472186540575,250,32935.87089549644,0.0
637,223.065,69.76175188412441,2063.5387591865233,309.0996873166159,2549.9961515942964,75.998522681238,72.34518791579922,0,5.420647776774643,250,32936.48189825013,0.0
638,223.07,69.77699100972632,2062.6149905059247,308.96377703246907,2549.9961515942964,75.99841697219163,72.328981210477,0,5.420748312425554,250,32937.092764475485,0.0
639,223.075,69.79224258339276,2061.690963627841,308.82782774316087,2549.9961515942964,75.99831126314527,72.31276634635316,0,5.420848825595471,250,32937.70349410372,0.0
640,223.07999999999998,69.80750661416361,2060.7666787541234,308.691839477126,2549.9961515942964,75.9982055540989,72.29654332148714,0,5.4209493162730675,250,32938.31408706601,0.0
641,223.085,69.82278311108236,2059.842136087009,308.5558122627996,2549.9961515942964,75.99809984505254,72.28031213394067,0,5.421049784447014,250,32938.92454329354,0.0
642,223.09,69.83807208319637,2058.917335829121,308.41974612860673,2549.9961515942964,75.99799413600617,72.26407278177776,0,5.421150230105983,250,32939.53486271746,0.0
643,223.095,69.85337353955674,2057.992278183472,308.28364110307,2549.9961515942964,75.9978884269598,72.24782526306473,0,5.42125065323864,250,32940.1450452689,0.0
644,223.1,69.86868748921833,2057.0669633534612,308.1474972148626,2549.9961515942964,75.99778271791344,72.23156957587021,0,5.42135105383365,250,32940.75509087901,0.0
645,223.105,69.8840139412397,2056.1413915428757,308.0113144925371,2549.9961515942964,75.99767700886707,72.21530571826511,0,5.4214514318796745,250,32941.364999478865,0.0
646,223.10999999999999,69.89935290468324,2055.2155629558906,307.87509296481545,2549.9961515942964,75.99757129982069,72.19903368832267,0,5.421551787365372,250,32941.97477099957,0.0
647,223.115,69.91470438861504,2054.289477797069,307.738832660487,2549.9961515942964,75.99746559077434,72.18275348411845,0,5.421652120279398,250,32942.5844053722,0.0
648,223.12,69.93006840210491,2053.363136271362,307.6025336083068,2549.9961515942964,75.99735988172796,72.16646510373027,0,5.421752430610408,250,32943.19390252781,0.0
649,223.125,69.94544495422647,2052.436538584109,307.46619583721525,2549.9961515942964,75.99725417268161,72.15016854523837,0,5.421852718347052,250,32943.80326239745,0.0
650,223.13,69.96083405405696,2051.5096849410397,307.32981937615915,2549.9961515942964,75.99714846363523,72.1338638067252,0,5.421952983477978,250,32944.41248491213,0.0
651,223.135,69.97623571067743,2050.5825755482706,307.19340425399486,2549.9961515942964,75.99704275458888,72.11755088627564,0,5.422053225991832,250,32945.02157000287,0.0
652,223.14,69.99164993317264,2049.6552106123095,307.05695049985746,2549.9961515942964,75.9969370455425,72.10122978197683,0,5.422153445877257,250,32945.63051760066,0.0
653,223.14499999999998,70.00707673063104,2048.7275903400514,306.92045814282307,2549.9961515942964,75.99683133649614,72.08490049191829,0,5.422253643122891,250,32946.23932763647,0.0
654,223.15,70.02251611214481,2047.7997149387822,306.7839272120799,2549.9961515942964,75.99672562744976,72.06856301419185,0,5.422353817717374,250,32946.84800004127,0.0
655,223.155,70.03796808680987,2046.8715846161765,306.64735773681195,2549.9961515942964,75.99661991840341,72.05221734689171,0,5.42245396964934,250,32947.456534745994,0.0
656,223.16,70.05343266372579,2045.9431995803006,306.51074974621736,2549.9961515942964,75.99651420935703,72.03586348811439,0,5.422554098907422,250,32948.06493168158,0.0
657,223.165,70.06890985199588,2045.0145600396079,306.37410326971326,2549.9961515942964,75.99640850031068,72.01950143595879,0,5.422654205480248,250,32948.673190778936,0.0
658,223.17,70.08439966072712,2044.0856662029446,306.2374183366723,2549.9961515942964,75.9963027912643,72.00313118852614,0,5.422754289356446,250,32949.28131196896,0.0
659,223.17499999999998,70.09990209903019,2043.1565182795466,306.1006949764848,2549.9961515942964,75.99619708221795,71.98675274392005,0,5.42285435052464,250,32949.889295182526,0.0
660,223.18,70.11541717601952,2042.2271164790395,305.9639332186948,2549.9961515942964,75.99609137317157,71.97036610024647,0,5.4229543889734515,250,32950.497140350504,0.0
661,223.185,70.13094490081313,2041.2974610114404,305.8271330928698,2549.9961515942964,75.99598566412521,71.95397125561372,0,5.4230544046915,250,32951.10484740374,0.0
662,223.19,70.14648528253275,2040.3675520871586,305.6902946285158,2549.9961515942964,75.99587995507883,71.93756820813252,0,5.423154397667401,250,32951.712416273054,0.0
663,223.195,70.16203833030383,2039.437389916992,305.55341785538604,2549.9961515942964,75.99577424603248,71.92115695591593,0,5.4232543678897684,250,32952.31984688928,0.0
664,223.2,70.17760405325545,2038.5069747121322,305.4165028031711,2549.9961515942964,75.9956685369861,71.90473749707941,0,5.423354315347213,250,32952.9271391832,0.0
665,223.20499999999998,70.19318246052032,2037.5763066841614,305.2795495016468,2549.9961515942964,75.99556282793975,71.88830982974079,0,5.423454240028344,250,32953.53429308561,0.0
666,223.21,70.20877356123493,2036.6453860450536,305.1425579806997,2549.9961515942964,75.99545711889337,71.87187395202028,0,5.423554141921769,250,32954.14130852729,0.0
667,223.215,70.22437736453931,2035.7142130071745,305.005528270133,2549.9961515942964,75.99535140984702,71.85542986204051,0,5.423654021016088,250,32954.74818543896,0.0
668,223.22,70.23999387957717,2034.7827877832826,304.8684603999899,2549.9961515942964,75.99524570080065,71.83897755792647,0,5.4237538772999025,250,32955.35492375138,0.0
669,223.225,70.25562311549591,2033.8511105865277,304.73135440019024,2549.9961515942964,75.99513999175429,71.82251703780555,0,5.423853710761811,250,32955.96152339526,0.0
670,223.23,70.27126508144656,2032.9191816304526,304.5942103009185,2549.9961515942964,75.99503428270792,71.80604829980756,0,5.423953521390409,250,32956.56798430131,0.0
671,223.23499999999999,70.28691978658377,2031.9870011289936,304.45702813217036,2549.9961515942964,75.99492857366155,71.78957134206472,0,5.42405330917429,250,32957.174306400215,0.0
672,223.24,70.30258724006582,2031.0545692964795,304.31980792422064,2549.9961515942964,75.99482286461519,71.77308616271164,0,5.424153074102042,250,32957.78048962265,0.0
673,223.245,70.31826745105468,2030.1218863476308,304.18254970720733,2549.9961515942964,75.99471715556881,71.75659275988532,0,5.424252816162254,250,32958.38653389927,0.0
674,223.25,70.33396042871587,2029.1889524975625,304.04525351156735,2549.9961515942964,75.99461144652246,71.74009113172524,0,5.424352535343512,250,32958.99243916071,0.0
675,223.255,70.34966618221858,2028.2557679617814,303.907919367494,2549.9961515942964,75.99450573747608,71.72358127637324,0,5.424452231634396,250,32959.59820533761,0.0
676,223.26,70.3653847207356,2027.3223329561918,303.7705473055096,2549.9961515942964,75.99440002842972,71.70706319197363,0,5.424551905023487,250,32960.20383236057,0.0
677,223.265,70.38111605344336,2026.3886476970868,303.6331373560262,2549.9961515942964,75.99429431938334,71.69053687667312,0,5.424651555499363,250,32960.80932016017,0.0
678,223.26999999999998,70.39686018952185,2025.454712401157,303.4956895495796,2549.9961515942964,75.99418861033699,71.67400232862086,0,5.4247511830505974,250,32961.41466866702,0.0
679,223.275,70.41261713815467,2024.5205272854862,303.35820391677845,2549.9961515942964,75.99408290129061,71.65745954596844,0,5.424850787665764,250,32962.01987781166,0.0
680,223.28,70.4283869085291,2023.5860925675508,303.2206804882751,2549.9961515942964,75.99397719224426,71.64090852686988,0,5.42495036933343,250,32962.624947524644,0.0
681,223.285,70.4441695098359,2022.6514084652247,303.0831192946445,2549.9961515942964,75.99387148319788,71.62434926948167,0,5.425049928042163,250,32963.22987773651,0.0
682,223.29,70.45996495126951,2021.7164751967744,302.9455203667525,2549.9961515942964,75.99376577415153,71.6077817719627,0,5.425149463780528,250,32963.83466837775,0.0
683,223.295,70.47577324202786,2020.7812929808617,302.80788373537195,2549.9961515942964,75.99366006510515,71.59120603247439,0,5.425248976537087,250,32964.439319378886,0.0
684,223.29999999999998,70.49159439131262,2019.845862036544,302.67020943136276,2549.9961515942964,75.9935543560588,71.5746220491805,0,5.425348466300398,250,32965.0438306704,0.0
685,223.305,70.50742840832883,2018.9101825832724,302.53249748570386,2549.9961515942964,75.99344864701241,71.55802982024736,0,5.425447933059019,250,32965.648202182754,0.0
686,223.31,70.5232753022853,2017.974254840896,302.3947479293474,2549.9961515942964,75.99334293796606,71.5414293438437,0,5.425547376801502,250,32966.2524338464,0.0
687,223.315,70.53913508239425,2017.0380790296558,302.25696079331993,2549.9961515942964,75.99323722891968,71.52482061814075,0,5.425646797516402,250,32966.856525591786,0.0
688,223.32,70.55500775787156,2016.1016553701925,302.1191361087541,2549.9961515942964,75.99313151987333,71.50820364131219,0,5.425746195192264,250,32967.46047734933,0.0
689,223.325,70.57089333793664,2015.1649840835396,301.98127390669714,2549.9961515942964,75.99302581082695,71.49157841153418,0,5.425845569817637,250,32968.06428904943,0.0
690,223.32999999999998,70.58679183181239,2014.2280653911298,301.8433742185471,2549.9961515942964,75.9929201017806,71.47494492698537,0,5.425944921381066,250,32968.667960622486,0.0
691,223.335,70.60270324872542,2013.2908995147884,301.70543707547597,2549.9961515942964,75.99281439273422,71.45830318584686,0,5.426044249871088,250,32969.27149199887,0.0
692,223.34,70.6186275979057,2012.3534866767397,301.5674625087942,2549.9961515942964,75.99270868368787,71.44165318630229,0,5.426143555276246,250,32969.874883108954,0.0
693,223.345,70.63456488858681,2011.4158270996031,301.4294505498732,2549.9961515942964,75.99260297464149,71.42499492653775,0,5.426242837585074,250,32970.478133883065,0.0
694,223.35,70.65051513000594,2010.477921006398,301.2914012302475,2549.9961515942964,75.99249726559513,71.40832840474182,0,5.426342096786107,250,32971.08124425155,0.0
695,223.355,70.66647833140368,2009.5397686205356,301.1533145813561,2549.9961515942964,75.99239155654875,71.39165361910563,0,5.426441332867877,250,32971.68421414471,0.0
696,223.35999999999999,70.68245450202424,2008.601370165828,301.0151906348357,2549.9961515942964,75.99228584750239,71.37497056782273,0,5.42654054581891,250,32972.287043492855,0.0
697,223.365,70.69844365111531,2007.6627258664846,300.87702942219477,2549.9961515942964,75.99218013845602,71.35827924908926,0,5.4266397356277345,250,32972.889732226264,0.0
698,223.37,70.71444578792808,2006.7238359471112,300.73883097516784,2549.9961515942964,75.99207442940966,71.34157966110382,0,5.426738902282873,250,32973.492280275204,0.0
699,223.375,70.73046092171728,2005.7847006327104,300.60059532550275,2549.9961515942964,75.99196872036329,71.32487180206753,0,5.426838045772847,250,32974.09468756993,0.0
700,223.38,70.74648906174114,2004.8453201486846,300.4623225049298,2549.9961515942964,75.99186301131692,71.30815567018405,0,5.4269371660861765,250,32974.69695404068,0.0
701,223.385,70.76253021726137,2003.9056947208326,300.32401254540775,2549.9961515942964,75.99175730227056,71.29143126365953,0,5.427036263211376,250,32975.29907961768,0.0
702,223.39,70.77858439754321,2002.9658245753517,300.18566547880744,2549.9961515942964,75.99165159322419,71.27469858070266,0,5.42713533713696,250,32975.90106423114,0.0
703,223.39499999999998,70.79465161185536,2002.0257099388398,300.0472813370128,2549.9961515942964,75.99154588417784,71.25795761952469,0,5.427234387851438,250,32976.50290781124,0.0
704,223.4,70.81073186947,2001.08535103829,299.9088601521376,2549.9961515942964,75.99144017513146,71.24120837833935,0,5.4273334153433215,250,32977.10461028817,0.0
705,223.405,70.82682517966282,2000.1447481010953,299.7704019562601,2549.9961515942964,75.9913344660851,71.22445085536293,0,5.427432419601115,250,32977.706171592086,0.0
706,223.41,70.84293155171298,1999.2039013550489,299.63190678150215,2549.9961515942964,75.99122875703873,71.20768504881426,0,5.427531400613323,250,32978.30759165313,0.0
707,223.415,70.85905099490309,1998.2628110283404,299.4933746600098,2549.9961515942964,75.99112304799237,71.19091095691473,0,5.427630358368445,250,32978.90887040145,0.0
708,223.42,70.87518351851922,1997.3214773495608,299.3548056241695,2549.9961515942964,75.991017338946,71.17412857788828,0,5.427729292854981,250,32979.51000776715,0.0
709,223.42499999999998,70.891329131851,1996.3799005477006,299.2161997061562,2549.9961515942964,75.99091162989964,71.15733790996137,0,5.427828204061429,250,32980.11100368034,0.0
710,223.43,70.90748784419131,1995.438080852148,299.07755693847605,2549.9961515942964,75.99080592085326,71.14053895136304,0,5.42792709197628,250,32980.7118580711,0.0
711,223.435,70.9236596648367,1994.4960184926915,298.9388773534847,2549.9961515942964,75.99070021180691,71.12373170032492,0,5.4280259565880264,250,32981.31257086951,0.0
712,223.44,70.93984460308701,1993.5537136995215,298.8001609836808,2549.9961515942964,75.99059450276053,71.10691615508114,0,5.4281247978851574,250,32981.91314200562,0.0
713,223.445,70.95604266824564,1992.6111667032253,298.66140786162924,2549.9961515942964,75.99048879371418,71.09009231386844,0,5.428223615856159,250,32982.51357140947,0.0
714,223.45,70.97225386961932,1991.668377734793,298.5226180199577,2549.9961515942964,75.9903830846678,71.07326017492613,0,5.428322410489516,250,32983.1138590111,0.0
715,223.45499999999998,70.98847821651827,1990.7253470256132,298.38379149127167,2549.9961515942964,75.99027737562145,71.0564197364961,0,5.428421181773708,250,32983.71400474051,0.0
716,223.46,71.00471571825614,1989.782074807476,298.244928308381,2549.9961515942964,75.99017166657507,71.0395709968228,0,5.428519929697215,250,32984.3140085277,0.0
717,223.465,71.02096638414996,1988.8385613125715,298.10602850400016,2549.9961515942964,75.99006595752871,71.02271395415329,0,5.428618654248514,250,32984.913870302655,0.0
718,223.47,71.03723022352018,1987.8948067734927,297.9670921110074,2549.9961515942964,75.98996024848233,71.0058486067372,0,5.428717355416079,250,32985.51358999534,0.0
719,223.475,71.05350724569074,1986.9508114232306,297.82811916229457,2549.9961515942964,75.98985453943598,70.98897495282675,0,5.428816033188381,250,32986.1131675357,0.0
720,223.48,71.06979745998889,1986.0065754951788,297.68910969077956,2549.9961515942964,75.9897488303896,70.97209299067679,0,5.428914687553891,250,32986.712602853695,0.0
721,223.48499999999999,71.08610087574532,1985.062099223133,297.5500637295883,2549.9961515942964,75.98964312134325,70.9552027185447,0,5.429013318501074,250,32987.31189587923,0.0
722,223.49,71.1024175022941,1984.1173828412889,297.41098131163704,2549.9961515942964,75.98953741229687,70.93830413469055,0,5.429111926018395,250,32987.91104654222,0.0
723,223.495,71.11874734897269,1983.1724265842456,297.27186247021467,2549.9961515942964,75.9894317032505,70.92139723737698,0,5.429210510094317,250,32988.51005477256,0.0
724,223.5,71.13509042512194,1982.2272306870022,297.1327072384764,2549.9961515942964,75.98932599420414,70.90448202486922,0,5.429309070717298,250,32989.10892050012,0.0
725,223.505,71.15144674008614,1981.2817953849612,296.99351564959125,2549.9961515942964,75.98922028515777,70.88755849543513,0,5.429407607875796,250,32989.70764365477,0.0
726,223.51,71.16781630321283,1980.3361209139266,296.8542877369746,2549.9961515942964,75.9891145761114,70.8706266473452,0,5.429506121558266,250,32990.30622416637,0.0
727,223.515,71.18419912385303,1979.3902075101041,296.71502353391344,2549.9961515942964,75.98900886706504,70.85368647887256,0,5.42960461175316,250,32990.90466196474,0.0
728,223.51999999999998,71.20059521136105,1978.4440554101027,296.575723073918,2549.9961515942964,75.98890315801867,70.83673798829292,0,5.429703078448927,250,32991.502956979704,0.0
729,223.525,71.2170045750946,1977.4976648509348,296.4363863903954,2549.9961515942964,75.9887974489723,70.81978117388468,0,5.429801521634015,250,32992.10110914107,0.0
730,223.53,71.23342722441473,1976.5510360700146,296.29701351691483,2549.9961515942964,75.98869173992594,70.8028160339288,0,5.429899941296871,250,32992.69911837863,0.0
731,223.535,71.24986316868582,1975.6041693051584,296.1576044871519,2549.9961515942964,75.98858603087957,70.78584256670898,0,5.4299983374259355,250,32993.29698462216,0.0
732,223.54,71.26631241727564,1974.6570647945869,296.018159334669,2549.9961515942964,75.98848032183321,70.76886077051145,0,5.43009671000965,250,32993.89470780142,0.0
733,223.545,71.28277497955526,1973.7097227769239,295.87867809326815,2549.9961515942964,75.98837461278684,70.7518706436252,0,5.430195059036452,250,32994.49228784616,0.0
734,223.54999999999998,71.29925086489907,1972.7621434911955,295.7391607966621,2549.9961515942964,75.98826890374048,70.73487218434177,0,5.430293384494776,250,32995.089724686106,0.0
735,223.555,71.31574008268484,1971.8143271768333,295.5996074787418,2549.9961515942964,75.98816319469411,70.71786539095544,0,5.430391686373056,250,32995.68701825099,0.0
736,223.56,71.33224264229358,1970.866274073671,295.46001817336946,2549.9961515942964,75.98805748564774,70.7008502617631,0,5.430489964659725,250,32996.284168470505,0.0
737,223.565,71.34875855310972,1969.917984421947,295.32039291453344,2549.9961515942964,75.98795177660138,70.68382679506429,0,5.430588219343208,250,32996.88117527435,0.0
738,223.57,71.36528782452093,1968.9694584623028,295.18073173630523,2549.9961515942964,75.98784606755503,70.66679498916127,0,5.430686450411931,250,32997.478038592184,0.0
739,223.575,71.38183046591818,1968.020696435785,295.04103467262365,2549.9961515942964,75.98774035850865,70.64975484235896,0,5.430784657854321,250,32998.07475835369,0.0
740,223.57999999999998,71.39838648669577,1967.0716985838446,294.9013017577519,2549.9961515942964,75.9876346494623,70.6327063529649,0,5.430882841658797,250,32998.67133448849,0.0
741,223.585,71.4149558962513,1966.122465148337,294.7615330258027,2549.9961515942964,75.98752894041591,70.61564951928938,0,5.4309810018137785,250,32999.26776692624,0.0
742,223.59,71.43153870398561,1965.1729963715206,294.6217285110429,2549.9961515942964,75.98742323136956,70.59858433964533,0,5.431079138307681,250,32999.86405559655,0.0
743,223.595,71.44813491930287,1964.2232924960613,294.4818882478131,2549.9961515942964,75.98731752232318,70.58151081234837,0,5.43117725112892,250,33000.46020042901,0.0
744,223.6,71.46474455161052,1963.2733537650272,294.3420122704559,2549.9961515942964,75.98721181327683,70.56442893571682,0,5.431275340265907,250,33001.05620135322,0.0
745,223.605,71.48136761031927,1962.3231804218938,294.202100613486,2549.9961515942964,75.98710610423045,70.5473387080717,0,5.431373405707053,250,33001.65205829876,0.0
746,223.60999999999999,71.49800410484309,1961.372772710541,294.06215331128345,2549.9961515942964,75.98700039518408,70.53024012773676,0,5.431471447440762,250,33002.24777119519,0.0
747,223.615,71.51465404459924,1960.4221308752547,293.9221703984215,2549.9961515942964,75.98689468613772,70.51313319303837,0,5.431569465455442,250,33002.843339972045,0.0
748,223.62,71.53131743900816,1959.4712551607233,293.7821519095612,2549.9961515942964,75.98678897709135,70.49601790230567,0,5.431667459739493,250,33003.438764558865,0.0
749,223.625,71.54799429749363,1958.5201458120462,293.6420978792873,2549.9961515942964,75.98668326804498,70.47889425387048,0,5.431765430281317,250,33004.03404488517,0.0
750,223.63,71.56468462948263,1957.568803074723,293.5020083424473,2549.9961515942964,75.98657755899862,70.4617622460674,0,5.431863377069312,250,33004.62918088047,0.0
751,223.635,71.58138844440536,1956.6172271946637,293.3618833337483,2549.9961515942964,75.98647184995225,70.44462187723363,0,5.431961300091872,250,33005.224172474234,0.0
752,223.64,71.59810575169536,1955.6654184181823,293.22172288801767,2549.9961515942964,75.98636614090589,70.42747314570921,0,5.432059199337391,250,33005.81901959596,0.0
753,223.64499999999998,71.61483656078921,1954.7133769919983,293.08152704020057,2549.9961515942964,75.98626043185952,70.41031604983684,0,5.432157074794261,250,33006.4137221751,0.0
754,223.65,71.63158088112692,1953.7611031632398,292.94129582528825,2549.9961515942964,75.98615472281315,70.39315058796198,0,5.432254926450868,250,33007.008280141104,0.0
755,223.655,71.64833872215156,1952.8085971794408,292.80102927817245,2549.9961515942964,75.98604901376679,70.37597675843281,0,5.432352754295602,250,33007.60269342341,0.0
756,223.66,71.66511009330947,1951.8558592885415,292.6607274341252,2549.9961515942964,75.98594330472042,70.35879455960026,0,5.432450558316844,250,33008.196961951435,0.0
757,223.665,71.68189500405025,1950.9028897388885,292.5203903281796,2549.9961515942964,75.98583759567406,70.34160398981798,0,5.4325483385029765,250,33008.79108565457,0.0
758,223.67,71.69869346382659,1949.9496887792359,292.3800179954556,2549.9961515942964,75.98573188662769,70.3244050474424,0,5.432646094842379,250,33009.38506446223,0.0
759,223.67499999999998,71.71550548209446,1948.996256658746,292.23961047139744,2549.9961515942964,75.98562617758132,70.30719773083266,0,5.43274382732343,250,33009.97889830378,0.0
760,223.68,71.73233106831294,1948.0425936269862,292.0991677912408,2549.9961515942964,75.98552046853496,70.2899820383507,0,5.432841535934501,250,33010.57258710859,0.0
761,223.685,71.74917023194443,1947.0886999339339,291.9586899903522,2549.9961515942964,75.98541475948859,70.27275796836119,0,5.432939220663968,250,33011.16613080601,0.0
762,223.69,71.76602298245434,1946.134575829972,291.8181771041758,2549.9961515942964,75.98530905044223,70.25552551923157,0,5.433036881500199,250,33011.75952932536,0.0
763,223.695,71.78288932931143,1945.1802215658918,291.6776291682375,2549.9961515942964,75.98520334139586,70.23828468933205,0,5.4331345184315625,250,33012.35278259598,0.0
764,223.7,71.7997692819874,1944.2256373928928,291.53704621809555,2549.9961515942964,75.9850976323495,70.2210354770356,0,5.433232131446426,250,33012.945890547184,0.0
765,223.70499999999998,71.81666284995731,1943.2708235625826,291.3964282892997,2549.9961515942964,75.98499192330313,70.20377788071796,0,5.433329720533149,250,33013.53885310825,0.0
766,223.71,71.83357004269928,1942.3157803269753,291.25577541766523,2549.9961515942964,75.98488621425676,70.18651189875769,0,5.433427285680097,250,33014.131670208466,0.0
767,223.715,71.85049086969464,1941.360507938496,291.11508763878214,2549.9961515942964,75.9847805052104,70.16923752953609,0,5.433524826875627,250,33014.7243417771,0.0
768,223.72,71.8674253404278,1940.4050066499763,290.97436498854694,2549.9961515942964,75.98467479616403,70.15195477143725,0,5.433622344108095,250,33015.316867743415,0.0
769,223.725,71.88437346438631,1939.4492767146558,290.83360750278257,2549.9961515942964,75.98456908711766,70.13466362284807,0,5.433719837365856,250,33015.90924803663,0.0
770,223.73,71.90133525106091,1938.493318386185,290.6928152174072,2549.9961515942964,75.9844633780713,70.11736408215822,0,5.433817306637263,250,33016.50148258599,0.0
771,223.73499999999999,71.91831070994539,1937.5371319186206,290.55198816838765,2549.9961515942964,75.98435766902493,70.10005614776018,0,5.433914751910664,250,33017.09357132071,0.0
772,223.74,71.93529985053675,1936.5807175664308,290.4111263917671,2549.9961515942964,75.98425195997856,70.08273981804928,0,5.434012173174408,250,33017.68551416996,0.0
773,223.745,71.952302682335,1935.6240755844922,290.2702299236466,2549.9961515942964,75.9841462509322,70.06541509142356,0,5.434109570416841,250,33018.277311062964,0.0
774,223.75,71.96931921484331,1934.667206228089,290.1292988001911,2549.9961515942964,75.98404054188583,70.04808196628395,0,5.434206943626305,250,33018.86896192886,0.0
775,223.755,71.98634945756798,1933.710109752916,289.988333057627,2549.9961515942964,75.98393483283947,70.03074044103414,0,5.434304292791141,250,33019.46046669683,0.0
776,223.76,72.00339342001836,1932.752786415078,289.8473327321878,2549.9961515942964,75.9838291237931,70.0133905140807,0,5.434401617899688,250,33020.05182529601,0.0
777,223.765,72.0204511117069,1931.7952364710889,289.7062978602566,2549.9961515942964,75.98372341474673,69.99603218383298,0,5.434498918940283,250,33020.64303765552,0.0
778,223.76999999999998,72.03752254214916,1930.8374601778726,289.5652284782427,2549.9961515942964,75.98361770570037,69.97866544870315,0,5.434596195901259,250,33021.234103704504,0.0
779,223.775,72.05460772086371,1929.8794577927624,289.42412462253554,2549.9961515942964,75.983511996654,69.96129030710624,0,5.4346934487709495,250,33021.82502337205,0.0
780,223.78,72.07170665737229,1928.9212295735017,289.2829863296822,2549.9961515942964,75.98340628760764,69.94390675746008,0,5.434790677537684,250,33022.415796587244,0.0
781,223.785,72.08881936119967,1927.9627757782441,289.14181363628,2549.9961515942964,75.98330057856127,69.9265147981854,0,5.43488788218979,250,33023.00642327917,0.0
782,223.79,72.10594584187362,1927.0040966655547,289.0006065789253,2549.9961515942964,75.9831948695149,69.90911442770567,0,5.434985062715593,250,33023.5969033769,0.0
783,223.795,72.12308610892502,1926.045192494407,288.8593651943253,2549.9961515942964,75.98308916046854,69.89170564444731,0,5.435082219103416,250,33024.18723680947,0.0
784,223.79999999999998,72.14024017188783,1925.0860635241866,288.71808951929586,2549.9961515942964,75.98298345142217,69.87428844683953,0,5.4351793513415805,250,33024.77742350593,0.0
785,223.805,72.15740804029895,1924.1267100146883,288.57677959057247,2549.9961515942964,75.9828777423758,69.85686283331442,0,5.435276459418404,250,33025.36746339529,0.0
786,223.81,72.17458972369843,1923.1671322261197,288.43543544503274,2549.9961515942964,75.98277203332944,69.83942880230693,0,5.435373543322205,250,33025.95735640658,0.0
787,223.815,72.19178523162927,1922.207330419098,288.2940571196673,2549.9961515942964,75.98266632428307,69.82198635225485,0,5.435470603041297,250,33026.54710246878,0.0
788,223.82,72.20899457363751,1921.2473048546522,288.15264465144804,2549.9961515942964,75.98256061523671,69.80453548159885,0,5.435567638563993,250,33027.13670151088,0.0
789,223.825,72.22621775927223,1920.287055794222,288.0111980774511,2549.9961515942964,75.98245490619034,69.78707618878249,0,5.435664649878602,250,33027.726153461845,0.0
790,223.82999999999998,72.24345479808552,1919.3265834996578,287.8697174347591,2549.9961515942964,75.98234919714398,69.76960847225216,0,5.4357616369734325,250,33028.31545825065,0.0
791,223.835,72.26070569963244,1918.3658882332231,287.72820276051715,2549.9961515942964,75.98224348809761,69.75213233045717,0,5.4358585998367905,250,33028.90461580622,0.0
792,223.84,72.2779704734711,1917.4049702575924,287.58665409206986,2549.9961515942964,75.98213777905124,69.73464776184969,0,5.435955538456979,250,33029.493626057505,0.0
793,223.845,72.29524912916256,1916.44382983585,287.44507146664444,2549.9961515942964,75.98203207000488,69.71715476488478,0,5.4360524528223015,250,33030.08248893341,0.0
794,223.85,72.31254167627094,1915.4824672314944,287.3034549215734,2549.9961515942964,75.98192636095851,69.69965333802041,0,5.436149342921056,250,33030.67120436285,0.0
795,223.855,72.32984812436318,1914.5208827084366,287.1618044943056,2549.9961515942964,75.98182065191214,69.68214347971742,0,5.436246208741539,250,33031.25977227471,0.0
796,223.85999999999999,72.3471684830094,1913.5590765309962,287.02012022237165,2549.9961515942964,75.98171494286578,69.66462518843956,0,5.436343050272047,250,33031.84819259787,0.0
797,223.865,72.36450276178252,1912.5970489639092,286.87840214320886,2549.9961515942964,75.98160923381941,69.64709846265346,0,5.436439867500871,250,33032.436465261206,0.0
798,223.87,72.38185097025854,1911.6348002723207,286.7366502944979,2549.9961515942964,75.98150352477305,69.6295633008287,0,5.436536660416303,250,33033.02459019355,0.0
799,223.875,72.3992131180163,1910.6723307217899,286.5948647138713,2549.9961515942964,75.98139781572668,69.61201970143775,0,5.436633429006631,250,33033.612567323755,0.0
800,223.88,72.41658921463777,1909.7096405782877,286.4530454389853,2549.9961515942964,75.98129210668031,69.59446766295596,0,5.436730173260141,250,33034.20039658065,0.0
801,223.885,72.43397926970763,1908.7467301081979,286.31119250775413,2549.9961515942964,75.98118639763395,69.57690718386169,0,5.43682689316512,250,33034.788077893056,0.0
802,223.89,72.45138329281367,1907.7835995783187,286.16930595790876,2549.9961515942964,75.98108068858758,69.55933826263612,0,5.436923588709847,250,33035.37561118975,0.0
803,223.89499999999998,72.46880129354658,1906.8202492558587,286.0273858273523,2549.9961515942964,75.98097497954122,69.5417608977634,0,5.437020259882604,250,33035.962996399554,0.0
804,223.9,72.4862332814999,1905.8566794084409,285.88543215412767,2549.9961515942964,75.98086927049485,69.52417508773061,0,5.437116906671669,250,33036.55023345122,0.0
805,223.905,72.50367926627017,1904.8928903041015,285.74344497617756,2549.9961515942964,75.98076356144848,69.5065808310278,0,5.437213529065316,250,33037.13732227351,0.0
806,223.91,72.52113925745681,1903.9288822112899,285.60142433161855,2549.9961515942964,75.98065785240212,69.48897812614791,0,5.437310127051821,250,33037.724262795185,0.0
807,223.915,72.53861326466213,1902.9646553988687,285.4593702585736,2549.9961515942964,75.98055214335575,69.47136697158683,0,5.437406700619453,250,33038.31105494498,0.0
808,223.92,72.55610129749137,1902.0002101361144,285.317282795282,2549.9961515942964,75.98044643430939,69.45374736584341,0,5.437503249756485,250,33038.89769865161,0.0
809,223.92499999999998,72.57360336555263,1901.0355466927165,285.1751619799934,2549.9961515942964,75.98034072526302,69.43611930741945,0,5.437599774451182,250,33039.4841938438,0.0
810,223.93,72.59111947845696,1900.0706653387788,285.03300785098736,2549.9961515942964,75.98023501621665,69.4184827948197,0,5.4376962746918105,250,33040.070540450244,0.0
811,223.935,72.60864964581819,1899.1055663448185,284.8908204466808,2549.9961515942964,75.98012930717029,69.40083782655186,0,5.437792750466633,250,33040.65673839962,0.0
812,223.94,72.62619387725312,1898.1402499817673,284.7485998055672,2549.9961515942964,75.98002359812392,69.38318440112661,0,5.4378892017639116,250,33041.24278762062,0.0
813,223.945,72.64375218238135,1897.1747165209697,284.6063459660679,2549.9961515942964,75.97991788907756,69.3655225170576,0,5.437985628571904,250,33041.82868804189,0.0
814,223.95,72.66132457082536,1896.208966234187,284.46405896679113,2549.9961515942964,75.97981218003119,69.34785217286142,0,5.438082030878869,250,33042.41443959208,0.0
815,223.95499999999998,72.67891105221048,1895.2429993935928,284.3217388463849,2549.9961515942964,75.97970647098482,69.3301733670577,0,5.438178408673061,250,33043.00004219984,0.0
816,223.96,72.69651163616493,1894.2768162717757,284.1793856434907,2549.9961515942964,75.97960076193846,69.31248609816896,0,5.438274761942733,250,33043.58549579377,0.0
817,223.965,72.71412633231971,1893.3104171417385,284.0369993968862,2549.9961515942964,75.97949505289209,69.29479036472078,0,5.438371090676135,250,33044.170800302505,0.0
818,223.97,72.7317551503087,1892.3438022768999,283.8945801453855,2549.9961515942964,75.97938934384572,69.2770861652417,0,5.438467394861516,250,33044.755955654626,0.0
819,223.975,72.74939809976856,1891.3769719510913,283.75212792785345,2549.9961515942964,75.97928363479936,69.2593734982632,0,5.438563674487124,250,33045.340961778726,0.0
820,223.98,72.76705519033882,1890.40992643856,283.60964278318136,2549.9961515942964,75.97917792575299,69.24165236231985,0,5.438659929541203,250,33045.92581860337,0.0
821,223.98499999999999,72.78472643166178,1889.4426660139695,283.4671247503814,2549.9961515942964,75.97907221670663,69.22392275594918,0,5.4387561600119945,250,33046.510526057136,0.0
822,223.99,72.80241183338262,1888.4751909523968,283.32457386858715,2549.9961515942964,75.97896650766026,69.20618467769168,0,5.43885236588774,250,33047.095084068555,0.0
823,223.995,72.82011140514922,1887.5075015293348,283.1819901767542,2549.9961515942964,75.9788607986139,69.18843812609093,0,5.438948547156679,250,33047.679492566174,0.0
824,224.0,72.83782515661233,1886.5395980206918,283.0393737142306,2549.9961515942964,75.97875508956753,69.17068309969342,0,5.439044703807046,250,33048.26375147852,0.0
825,224.005,72.8555530974255,1885.5714807027903,282.8967245200924,2549.9961515942964,75.97864938052116,69.15291959704875,0,5.439140835827078,250,33048.84786073409,0.0
826,224.01,72.87329523724497,1884.6031498523703,282.75404263376174,2549.9961515942964,75.9785436714748,69.13514761670949,0,5.439236943205006,250,33049.431820261394,0.0
827,224.015,72.89105158572981,1883.6346057465857,282.61132809452016,2549.9961515942964,75.97843796242843,69.11736715723124,0,5.439333025929059,250,33050.015629988906,0.0
828,224.01999999999998,72.90882215254192,1882.6658486630072,282.4685809417811,2549.9961515942964,75.97833225338206,69.09957821717263,0,5.439429083987468,250,33050.599289845115,0.0
829,224.025,72.92660694734589,1881.696878879621,282.3258012151226,2549.9961515942964,75.9782265443357,69.08178079509534,0,5.439525117368458,250,33051.18279975848,0.0
830,224.03,72.94440597980902,1880.727696674829,282.1829889539207,2549.9961515942964,75.97812083528933,69.06397488956407,0,5.439621126060254,250,33051.76615965745,0.0
831,224.035,72.96221925960145,1879.7583023274508,282.04014419791866,2549.9961515942964,75.97801512624297,69.04616049914654,0,5.4397171100510775,250,33052.34936947046,0.0
832,224.04,72.98004679639602,1878.7886961167192,281.89726698672723,2549.9961515942964,75.9779094171966,69.02833762241355,0,5.43981306932915,250,33052.93242912595,0.0
833,224.045,72.99788859986835,1877.8188783222856,281.7543573600198,2549.9961515942964,75.97780370815023,69.01050625793891,0,5.439909003882691,250,33053.51533855231,0.0
834,224.04999999999998,73.01574467969667,1876.8488492242175,281.6114153576335,2549.9961515942964,75.97769799910387,68.99266640429953,0,5.440004913699914,250,33054.09809767796,0.0
835,224.055,73.03361504556207,1875.8786091029976,281.4684410194329,2549.9961515942964,75.97759229005749,68.97481806007534,0,5.440100798769035,250,33054.68070643128,0.0
836,224.06,73.05149970714827,1874.9081582395256,281.3254343852778,2549.9961515942964,75.97748658101114,68.95696122384932,0,5.440196659078267,250,33055.26316474065,0.0
837,224.065,73.06939867414172,1873.93749691512,281.18239549517233,2549.9961515942964,75.97738087196475,68.93909589420755,0,5.44029249461582,250,33055.84547253444,0.0
838,224.07,73.08731195623159,1872.966625411512,281.0393243890903,2549.9961515942964,75.9772751629184,68.92122206973917,0,5.440388305369901,250,33056.427629741,0.0
839,224.075,73.10523956310968,1871.9955440108536,280.896221107159,2549.9961515942964,75.97716945387202,68.90333974903636,0,5.440484091328719,250,33057.009636288676,0.0
840,224.07999999999998,73.12318150447057,1871.024252995711,280.7530856895198,2549.9961515942964,75.97706374482567,68.88544893069441,0,5.440579852480478,250,33057.59149210579,0.0
841,224.085,73.14113779001146,1870.0527526490696,280.6099181763646,2549.9961515942964,75.9769580357793,68.8675496133117,0,5.44067558881338,250,33058.173197120675,0.0
842,224.09,73.15910842943218,1869.081043254331,280.46671860802724,2549.9961515942964,75.97685232673294,68.84964179548965,0,5.4407713003156255,250,33058.754751261615,0.0
843,224.095,73.17709343243534,1868.1091250953136,280.3234870247822,2549.9961515942964,75.97674661768657,68.8317254758328,0,5.440866986975414,250,33059.33615445691,0.0
844,224.1,73.19509280872612,1867.1369984562534,280.18022346697705,2549.9961515942964,75.9766409086402,68.81380065294876,0,5.440962648780942,250,33059.91740663486,0.0
845,224.105,73.21310656801242,1866.1646636218038,280.0369279751803,2549.9961515942964,75.97653519959384,68.79586732544827,0,5.441058285720404,250,33060.498507723714,0.0
846,224.10999999999999,73.23113472000469,1865.1921208770364,279.893600589826,2549.9961515942964,75.97642949054747,68.77792549194515,0,5.441153897781992,250,33061.07945765174,0.0
847,224.115,73.2491772744161,1864.2193705074396,279.75024135156133,2549.9961515942964,75.97632378150111,68.75997515105632,0,5.441249484953898,250,33061.66025634718,0.0
848,224.12,73.26723424096244,1863.24641279892,279.60685030092355,2549.9961515942964,75.97621807245474,68.74201630140183,0,5.441345047224311,250,33062.24090373827,0.0
849,224.125,73.2853056293621,1862.2732480378024,279.4634274787357,2549.9961515942964,75.97611236340838,68.7240489416048,0,5.441440584581418,250,33062.82139975324,0.0
850,224.13,73.30339144933605,1861.2998765108282,279.31997292565404,2549.9961515942964,75.97600665436201,68.70607307029154,0,5.441536097013404,250,33063.40174432029,0.0
851,224.135,73.32149171060799,1860.3262985051583,279.1764866825737,2549.9961515942964,75.97590094531564,68.68808868609138,0,5.441631584508452,250,33063.98193736764,0.0
852,224.14,73.33960642290413,1859.3525143083714,279.03296879034235,2549.9961515942964,75.97579523626928,68.67009578763688,0,5.441727047054744,250,33064.561978823454,0.0
853,224.14499999999998,73.35773559595324,1858.3785242084632,278.8894192898952,2549.9961515942964,75.97568952722291,68.65209437356364,0,5.4418224846404595,250,33065.141868615916,0.0
854,224.15,73.37587923948679,1857.4043284938482,278.7458382222252,2549.9961515942964,75.97558381817655,68.63408444251046,0,5.4419178972537745,250,33065.7216066732,0.0
855,224.155,73.39403736323877,1856.4299274533607,278.60222562848213,2549.9961515942964,75.97547810913018,68.61606599311924,0,5.442013284882867,250,33066.301192923456,0.0
856,224.16,73.41220997694575,1855.4553213762513,278.4585815496955,2549.9961515942964,75.97537240008381,68.59803902403503,0,5.442108647515908,250,33066.88062729483,0.0
857,224.165,73.43039709034684,1854.4805105521914,278.314906027123,2549.9961515942964,75.97526669103745,68.58000353390602,0,5.442203985141071,250,33067.459909715435,0.0
858,224.17,73.44859871318378,1853.5054952712687,278.1711991020055,2549.9961515942964,75.97516098199108,68.56195952138357,0,5.442299297746525,250,33068.03904011341,0.0
859,224.17499999999998,73.46681485520082,1852.5302758239907,278.02746081563265,2549.9961515942964,75.97505527294472,68.54390698512216,0,5.442394585320439,250,33068.61801841685,0.0
860,224.18,73.48504552614473,1851.554852501284,277.8836912093863,2549.9961515942964,75.97494956389835,68.52584592377946,0,5.442489847850979,250,33069.19684455385,0.0
861,224.185,73.50329073576488,1850.5792255944941,277.73989032470286,2549.9961515942964,75.97484385485198,68.50777633601628,0,5.442585085326308,250,33069.77551845251,0.0
862,224.19,73.5215504938131,1849.6033953953852,277.5960582030869,2549.9961515942964,75.9747381458056,68.48969822049659,0,5.442680297734591,250,33070.35404004089,0.0
863,224.195,73.5398248100438,1848.6273621961395,277.4521948861103,2549.9961515942964,75.97463243675925,68.47161157588756,0,5.442775485063986,250,33070.932409247056,0.0
864,224.2,73.55811369421392,1847.6511262893605,277.308300415378,2549.9961515942964,75.97452672771287,68.45351640085953,0,5.442870647302653,250,33071.510625999064,0.0
865,224.20499999999998,73.57641715608283,1846.6746879680688,277.16437483257647,2549.9961515942964,75.97442101866652,68.43541269408597,0,5.442965784438748,250,33072.08869022494,0.0
866,224.21,73.59473520541249,1845.6980475257064,277.0204181794374,2549.9961515942964,75.97431530962014,68.41730045424357,0,5.443060896460426,250,33072.666601852725,0.0
867,224.215,73.61306785196733,1844.721205256133,276.8764304977354,2549.9961515942964,75.97420960057379,68.39917968001222,0,5.44315598335584,250,33073.24436081042,0.0
868,224.22,73.63141510551422,1843.7441614536283,276.73241182941734,2549.9961515942964,75.9741038915274,68.38105037007496,0,5.443251045113143,250,33073.82196702606,0.0
869,224.225,73.6497769758226,1842.7669164128913,276.5883622163508,2549.9961515942964,75.97399818248105,68.36291252311806,0,5.443346081720483,250,33074.39942042761,0.0
870,224.23,73.66815347266429,1841.789470429041,276.44428170052174,2549.9961515942964,75.97389247343467,68.34476613783096,0,5.443441093166007,250,33074.97672094307,0.0
871,224.23499999999999,73.68654460581361,1840.8118237976166,276.30017032404515,2549.9961515942964,75.97378676438832,68.32661121290633,0,5.443536079437863,250,33075.55386850041,0.0
872,224.24,73.70495038504737,1839.8339768145763,276.15602812894736,2549.9961515942964,75.97368105534194,68.30844774704002,0,5.443631040524194,250,33076.13086302758,0.0
873,224.245,73.72337082014484,1838.8559297762988,276.01185515748244,2549.9961515942964,75.97357534629559,68.29027573893107,0,5.44372597641314,250,33076.70770445255,0.0
874,224.25,73.7418059208876,1837.8776829795806,275.86765145181903,2549.9961515942964,75.97346963724921,68.27209518728182,0,5.443820887092844,250,33077.28439270324,0.0
875,224.255,73.7602556970599,1836.8992367216417,275.7234170543232,2549.9961515942964,75.97336392820286,68.25390609079776,0,5.443915772551443,250,33077.86092770759,0.0
876,224.26,73.77872015844821,1835.9205913001206,275.57915200727416,2549.9961515942964,75.97325821915649,68.23570844818758,0,5.444010632777074,250,33078.437309393514,0.0
877,224.265,73.79719931484152,1834.9417470130743,275.434856353141,2549.9961515942964,75.97315251011013,68.21750225816328,0,5.444105467757872,250,33079.01353768891,0.0
878,224.26999999999998,73.81569317603116,1833.9627041589827,275.29053013439136,2549.9961515942964,75.97304680106376,68.19928751943999,0,5.44420027748197,250,33079.58961252169,0.0
879,224.275,73.83420175181104,1832.9834630367438,275.14617339360393,2549.9961515942964,75.9729410920174,68.18106423073617,0,5.4442950619375,250,33080.165533819716,0.0
880,224.28,73.85272505197726,1832.0040239456778,275.00178617330937,2549.9961515942964,75.97283538297103,68.16283239077345,0,5.44438982111259,250,33080.74130151088,0.0
881,224.285,73.8712630863284,1831.0243871855248,274.8573685162637,2549.9961515942964,75.97272967392466,68.14459199827674,0,5.444484554995369,250,33081.31691552304,0.0
882,224.29,73.88981586466551,1830.044553056445,274.71292046516936,2549.9961515942964,75.9726239648783,68.12634305197417,0,5.444579263573962,250,33081.89237578405,0.0
883,224.295,73.90838339679183,1829.0645218590191,274.5684420627655,2549.9961515942964,75.97251825583193,68.10808555059718,0,5.4446739468364935,250,33082.467682221744,0.0
884,224.29999999999998,73.92696569251315,1828.0842938942496,274.4239333519334,2549.9961515942964,75.97241254678556,68.08981949288038,0,5.444768604771086,250,33083.04283476395,0.0
885,224.305,73.94556276163752,1827.1038694635586,274.2793943756479,2549.9961515942964,75.97230683773918,68.07154487756168,0,5.444863237365861,250,33083.6178333385,0.0
886,224.31,73.96417461397536,1826.1232488687892,274.1348251767952,2549.9961515942964,75.97220112869283,68.05326170338228,0,5.444957844608935,250,33084.192677873194,0.0
887,224.315,73.98280125933941,1825.142432412206,273.99022579842676,2549.9961515942964,75.97209541964645,68.03496996908657,0,5.445052426488427,250,33084.76736829583,0.0
888,224.32,74.00144270754487,1824.161420396494,273.84559628368754,2549.9961515942964,75.9719897106001,68.01666967342233,0,5.445146982992453,250,33085.3419045342,0.0
889,224.325,74.02009896840914,1823.1802131247591,273.7009366757493,2549.9961515942964,75.97188400155372,67.99836081514049,0,5.445241514109124,250,33085.91628651607,0.0
890,224.32999999999998,74.03877005175198,1822.1988109005288,273.55624701779396,2549.9961515942964,75.97177829250737,67.98004339299533,0,5.445336019826554,250,33086.49051416922,0.0
891,224.335,74.0574559673955,1821.2172140277517,273.4115273530912,2549.9961515942964,75.97167258346099,67.96171740574441,0,5.445430500132852,250,33087.064587421395,0.0
892,224.34,74.07615672516408,1820.2354228107963,273.26677772503524,2549.9961515942964,75.97156687441463,67.94338285214855,0,5.4455249550161255,250,33087.63850620035,0.0
893,224.345,74.09487233488443,1819.2534375544546,273.121998177014,2549.9961515942964,75.97146116536825,67.92503973097187,0,5.445619384464482,250,33088.2122704338,0.0
894,224.35,74.11360280638552,1818.2712585639385,272.97718875248376,2549.9961515942964,75.9713554563219,67.90668804098185,0,5.445713788466028,250,33088.785880049494,0.0
895,224.355,74.13234814949861,1817.2888861448826,272.8323494949538,2549.9961515942964,75.97124974727552,67.88832778094915,0,5.445808167008865,250,33089.359334975125,0.0
896,224.35999999999999,74.15110837405727,1816.3063206033405,272.68748044813435,2549.9961515942964,75.97114403822917,67.86995894964784,0,5.445902520081094,250,33089.93263513841,0.0
897,224.365,74.16988348989736,1815.3235622457903,272.54258165553443,2549.9961515942964,75.97103832918279,67.85158154585523,0,5.445996847670816,250,33090.505780467036,0.0
898,224.37,74.18867350685689,1814.3406113791293,272.39765316099846,2549.9961515942964,75.97093262013644,67.83319556835195,0,5.446091149766128,250,33091.078770888686,0.0
899,224.375,74.2074784347762,1813.3574683106776,272.2526950081815,2549.9961515942964,75.97082691109006,67.81480101592201,0,5.446185426355128,250,33091.65160633103,0.0
900,224.38,74.22629828349794,1812.374133348178,272.10770724105254,2549.9961515942964,75.9707212020437,67.79639788735267,0,5.446279677425907,250,33092.22428672172,0.0
901,224.385,74.2451330628669,1811.3906067997925,271.96268990341184,2549.9961515942964,75.97061549299733,67.77798618143454,0,5.446373902966561,250,33092.79681198843,0.0
902,224.39,74.26398278273011,1810.406888974107,271.81764303929754,2549.9961515942964,75.97050978395097,67.75956589696153,0,5.446468102965182,250,33093.369182058785,0.0
903,224.39499999999998,74.28284745293685,1809.422980180129,271.6725666926826,2549.9961515942964,75.9704040749046,67.74113703273095,0,5.446562277409856,250,33093.94139686041,0.0
904,224.4,74.3017270833386,1808.4388807272871,271.52746090772087,2549.9961515942964,75.97029836585824,67.72269958754337,0,5.446656426288674,250,33094.51345632094,0.0
905,224.405,74.3206216837891,1807.4545909254325,271.38232572854065,2549.9961515942964,75.97019265681186,67.70425356020274,0,5.446750549589721,250,33095.08536036799,0.0
906,224.41,74.33953126414424,1806.4701110848387,271.2371611992887,2549.9961515942964,75.97008694776551,67.68579894951637,0,5.446844647301081,250,33095.65710892914,0.0
907,224.415,74.35845583426207,1805.485441516201,271.09196736433756,2549.9961515942964,75.96998123871913,67.66733575429488,0,5.446938719410837,250,33096.22870193199,0.0
908,224.42,74.37739540400288,1804.500582530637,270.9467442679608,2549.9961515942964,75.96987552967278,67.64886397335226,0,5.447032765907071,250,33096.80013930413,0.0
909,224.42499999999998,74.39634998322911,1803.515534439687,270.80149195457204,2549.9961515942964,75.9697698206264,67.63038360550586,0,5.447126786777863,250,33097.371420973104,0.0
910,224.43,74.4153195818054,1802.5302975553116,270.656210468634,2549.9961515942964,75.96966411158004,67.61189464957639,0,5.447220782011289,250,33097.9425468665,0.0
911,224.435,74.43430420959847,1801.544872189897,270.51089985468803,2549.9961515942964,75.96955840253368,67.59339710438792,0,5.447314751595427,250,33098.51351691185,0.0
912,224.44,74.45330387647728,1800.5592586562486,270.36556015735715,2549.9961515942964,75.9694526934873,67.57489096876789,0,5.44740869551835,250,33099.0843310367,0.0
913,224.445,74.47231859231293,1799.5734572675965,270.2201914211891,2549.9961515942964,75.96934698444095,67.5563762415471,0,5.4475026137681315,250,33099.65498916857,0.0
914,224.45,74.49134836697858,1798.5874683375919,270.07479369096416,2549.9961515942964,75.96924127539457,67.53785292155978,0,5.447596506332843,250,33100.225491234996,0.0
915,224.45499999999998,74.51039321034956,1797.6012921803092,269.9293670114544,2549.9961515942964,75.96913556634821,67.51932100764347,0,5.447690373200555,250,33100.79583716348,0.0
916,224.46,74.52945313230335,1796.6149291102454,269.7839114274294,2549.9961515942964,75.96902985730183,67.50078049863913,0,5.447784214359333,250,33101.366026881515,0.0
917,224.465,74.54852814271946,1795.6283794423205,269.6384269838814,2549.9961515942964,75.96892414825548,67.48223139339112,0,5.447878029797246,250,33101.936060316606,0.0
918,224.47,74.56761825147963,1794.6416434918754,269.49291372571133,2549.9961515942964,75.9688184392091,67.46367369074717,0,5.447971819502357,250,33102.505937396214,0.0
919,224.475,74.58672346846757,1793.654721574676,269.3473716979328,2549.9961515942964,75.96871273016275,67.44510738955843,0,5.448065583462731,250,33103.075658047834,0.0
920,224.48,74.60584380356914,1792.6676140069098,269.20180094568116,2549.9961515942964,75.96860702111637,67.42653248867943,0,5.448159321666429,250,33103.64522219891,0.0
921,224.48499999999999,74.62497926667226,1791.6803211051877,269.0562015140289,2549.9961515942964,75.96850131207002,67.40794898696812,0,5.44825303410151,250,33104.21462977689,0.0
922,224.49,74.64412986766692,1790.6928431865426,268.91057344827925,2549.9961515942964,75.96839560302364,67.38935688328586,0,5.4483467207560325,250,33104.783880709234,0.0
923,224.495,74.66329561644523,1789.7051805684312,268.7649167935744,2549.9961515942964,75.96828989397729,67.37075617649741,0,5.448440381618053,250,33105.35297492335,0.0
924,224.5,74.68247652290123,1788.7173335687335,268.6192315953563,2549.9961515942964,75.9681841849309,67.35214686547096,0,5.448534016675628,250,33105.92191234667,0.0
925,224.505,74.70167259693112,1787.72930250575,268.47351789895004,2549.9961515942964,75.96807847588455,67.3335289490781,0,5.448627625916812,250,33106.49069290661,0.0
926,224.51,74.7208838484331,1786.741087698208,268.32777574986045,2549.9961515942964,75.96797276683817,67.3149024261939,0,5.448721209329654,250,33107.05931653058,0.0
927,224.515,74.74011028730739,1785.752689465255,268.18200519362574,2549.9961515942964,75.96786705779182,67.29626729569681,0,5.448814766902206,250,33107.62778314596,0.0
928,224.51999999999998,74.75935192345624,1784.7641081264626,268.03620627574844,2549.9961515942964,75.96776134874544,67.27762355646873,0,5.448908298622517,250,33108.196092680126,0.0
929,224.525,74.7786087667839,1783.7753440018262,267.8903790418721,2549.9961515942964,75.96765563969909,67.25897120739498,0,5.449001804478634,250,33108.76424506047,0.0
930,224.53,74.79788082719666,1782.786397411763,267.7445235378267,2549.9961515942964,75.96754993065271,67.24031024736435,0,5.449095284458604,250,33109.33224021435,0.0
931,224.535,74.81716811460281,1781.7972686771145,267.5986398092432,2549.9961515942964,75.96744422160636,67.22164067526907,0,5.449188738550469,250,33109.90007806913,0.0
932,224.54,74.83647063891254,1780.8079581191457,267.4527279019706,2549.9961515942964,75.96733851255998,67.20296249000482,0,5.4492821667422735,250,33110.467758552135,0.0
933,224.545,74.8557884100381,1779.818466059544,267.3067878619622,2549.9961515942964,75.96723280351362,67.18427569047073,0,5.449375569022058,250,33111.03528159072,0.0
934,224.54999999999998,74.87512143789371,1778.8287928204206,267.16081973512587,2549.9961515942964,75.96712709446724,67.16558027556938,0,5.449468945377861,250,33111.6026471122,0.0
935,224.555,74.89446973239554,1777.838938724311,267.0148235675147,2549.9961515942964,75.96702138542088,67.14687624420684,0,5.4495622957977226,250,33112.1698550439,0.0
936,224.56,74.91383330346171,1776.8489040941724,266.86879940516627,2549.9961515942964,75.96691567637451,67.1281635952926,0,5.449655620269678,250,33112.73690531314,0.0
937,224.565,74.93321216101228,1775.8586892533867,266.7227472942325,2549.9961515942964,75.96680996732815,67.10944232773969,0,5.449748918781762,250,33113.30379784719,0.0
938,224.57,74.95260631496926,1774.8682945257583,266.576667280927,2549.9961515942964,75.96670425828178,67.09071244046453,0,5.449842191322008,250,33113.87053257336,0.0
939,224.575,74.9720157752566,1773.8777202355172,266.4305594114725,2549.9961515942964,75.96659854923541,67.0719739323871,0,5.44993543787845,250,33114.437109418934,0.0
940,224.57999999999998,74.99144055180012,1772.8869667073143,266.2844237323026,2549.9961515942964,75.96649284018905,67.05322680243081,0,5.450028658439115,250,33115.003528311165,0.0
941,224.585,75.01088065452763,1771.8960342662263,266.13826028972426,2549.9961515942964,75.96638713114268,67.03447104952258,0,5.4501218529920346,250,33115.56978917732,0.0
942,224.59,75.03033609336879,1770.9049232377524,265.9920691301747,2549.9961515942964,75.96628142209632,67.01570667259281,0,5.450215021525235,250,33116.13589194467,0.0
943,224.595,75.04980687825515,1769.913633947815,265.84585030022185,2549.9961515942964,75.96617571304995,66.99693367057542,0,5.450308164026743,250,33116.70183654045,0.0
944,224.6,75.06929301912021,1768.9221667227612,265.69960384640626,2549.9961515942964,75.96607000400358,66.97815204240777,0,5.4504012804845825,250,33117.26762289189,0.0
945,224.605,75.08879452589927,1767.930521889362,265.55332981537913,2549.9961515942964,75.96596429495722,66.9593617870308,0,5.4504943708867755,250,33117.83325092621,0.0
946,224.60999999999999,75.10831140852959,1766.9386997748109,265.4070282538618,2549.9961515942964,75.96585858591087,66.9405629033889,0,5.450587435221345,250,33118.39872057064,0.0
947,224.615,75.12784367695019,1765.9467007067267,265.26069920857435,2549.9961515942964,75.96575287686449,66.92175539043001,0,5.45068047347631,250,33118.96403175239,0.0
948,224.62,75.147391341102,1764.9545250131512,265.1143427264107,2549.9961515942964,75.96564716781813,66.90293924710556,0,5.45077348563969,250,33119.52918439865,0.0
949,224.625,75.16695441092777,1763.96217302255,264.96795885418345,2549.9961515942964,75.96554145877175,66.88411447237051,0,5.4508664716995,250,33120.0941784366,0.0
950,224.63,75.18653289637214,1762.9696450638119,264.82154763887934,2549.9961515942964,75.9654357497254,66.86528106518334,0,5.450959431643758,250,33120.65901379344,0.0
951,224.635,75.20612680738154,1761.9769414662512,264.675109127495,2549.9961515942964,75.96533004067902,66.84643902450607,0,5.451052365460477,250,33121.22369039634,0.0
952,224.64,75.22573615390418,1760.9840625596053,264.52864336715743,2549.9961515942964,75.96522433163267,66.82758834930422,0,5.45114527313767,250,33121.78820817246,0.0
953,224.64499999999998,75.24536094589013,1759.9910086740351,264.3821504049627,2549.9961515942964,75.96511862258629,66.80872903854689,0,5.451238154663348,250,33122.352567048954,0.0
954,224.65,75.2650011932913,1758.9977801401255,264.23563028810685,2549.9961515942964,75.96501291353994,66.78986109120667,0,5.45133101002552,250,33122.91676695296,0.0
955,224.655,75.28465690606126,1758.0043772888869,264.08908306387343,2549.9961515942964,75.96490720449356,66.77098450625977,0,5.451423839212194,250,33123.48080781163,0.0
956,224.66,75.30432809415548,1757.010800451751,263.94250877955625,2549.9961515942964,75.9648014954472,66.75209928268585,0,5.45151664221138,250,33124.04468955209,0.0
957,224.665,75.32401476753122,1756.0170499605765,263.79590748260324,2549.9961515942964,75.96469578640082,66.7332054194682,0,5.4516094190110795,250,33124.60841210144,0.0
958,224.67,75.3437169361474,1755.0231261476438,263.64927922040044,2549.9961515942964,75.96459007735447,66.71430291559365,0,5.4517021695993,250,33125.171975386824,0.0
959,224.67499999999998,75.36343460996478,1754.0290293456583,263.5026240404827,2549.9961515942964,75.96448436830809,66.69539177005255,0,5.451794893964042,250,33125.735379335325,0.0
960,224.68,75.38316779894585,1753.0347598877493,263.35594199044914,2549.9961515942964,75.96437865926174,66.67647198183886,0,5.451887592093307,250,33126.298623874034,0.0
961,224.685,75.4029165130548,1752.0403181074707,263.20923311793484,2549.9961515942964,75.96427295021536,66.65754354995009,0,5.451980263975095,250,33126.86170893004,0.0
962,224.69,75.42268076225763,1751.0457043387999,263.0624974705502,2549.9961515942964,75.964167241169,66.63860647338734,0,5.452072909597404,250,33127.42463443043,0.0
963,224.695,75.44246055652201,1750.0509189161392,262.9157350962389,2549.9961515942964,75.96406153212263,66.61966075115524,0,5.452165528948232,250,33127.98740030225,0.0
964,224.7,75.4622559058173,1749.055962174313,262.7689460426476,2549.9961515942964,75.96395582307626,66.60070638226208,0,5.452258122015573,250,33128.55000647258,0.0
965,224.70499999999998,75.48206682011462,1748.060834448573,262.62213035775943,2549.9961515942964,75.9638501140299,66.58174336571965,0,5.452350688787423,250,33129.11245286847,0.0
966,224.71,75.50189330938679,1747.0655360745932,262.47528808948573,2549.9961515942964,75.96374440498353,66.56277170054338,0,5.452443229251773,250,33129.67473941694,0.0
967,224.715,75.52173538360825,1746.070067388471,262.3284192858396,2549.9961515942964,75.96363869593716,66.5437913857523,0,5.4525357433966155,250,33130.23686604506,0.0
968,224.72,75.54159305275516,1745.07442872673,262.1815239949468,2549.9961515942964,75.9635329868908,66.52480242036897,0,5.452628231209942,250,33130.79883267983,0.0
969,224.725,75.56146632680537,1744.0786204263154,262.0346022648757,2549.9961515942964,75.96342727784443,66.50580480341966,0,5.452720692679739,250,33131.36063924828,0.0
970,224.73,75.58135521573837,1743.082642824601,261.8876541438747,2549.9961515942964,75.96332156879807,66.48679853393413,0,5.452813127793994,250,33131.92228567742,0.0
971,224.73499999999999,75.6012597295353,1742.0864962593796,261.7406796801575,2549.9961515942964,75.9632158597517,66.46778361094584,0,5.452905536540693,250,33132.48377189424,0.0
972,224.74,75.62117987817894,1741.0901810688717,261.59367892212424,2549.9961515942964,75.96311015070533,66.44876003349181,0,5.452997918907822,250,33133.04509782574,0.0
973,224.745,75.6411156716537,1740.0936975917202,261.44665191811765,2549.9961515942964,75.96300444165897,66.42972780061271,0,5.453090274883364,250,33133.60626339891,0.0
974,224.75,75.6610671199456,1739.0970461669958,261.2995987165881,2549.9961515942964,75.9628987326126,66.41068691135278,0,5.453182604455298,250,33134.167268540725,0.0
975,224.755,75.68103423304233,1738.1002271341868,261.15251936601703,2549.9961515942964,75.96279302356623,66.39163736475997,0,5.4532749076116085,250,33134.72811317815,0.0
976,224.76,75.70101702093312,1737.1032408332126,261.0054139150455,2549.9961515942964,75.96268731451987,66.37257915988579,0,5.453367184340272,250,33135.28879723814,0.0
977,224.765,75.7210154936089,1736.1060876044132,260.85828241224596,2549.9961515942964,75.9625816054735,66.35351229578539,0,5.453459434629268,250,33135.849320647656,0.0
978,224.76999999999998,75.74102966106204,1735.1087677885532,260.71112490638103,2549.9961515942964,75.96247589642714,66.33443677151759,0,5.453551658466573,250,33136.40968333364,0.0
979,224.775,75.76105953328663,1734.1112817268222,260.56394144615564,2549.9961515942964,75.96237018738077,66.31535258614484,0,5.453643855840161,250,33136.96988522303,0.0
980,224.78,75.7811051202782,1733.1136297608346,260.4167320804142,2549.9961515942964,75.9622644783344,66.29625973873323,0,5.4537360267380075,250,33137.52992624275,0.0
981,224.785,75.80116643203397,1732.1158122326276,260.2694968580254,2549.9961515942964,75.96215876928805,66.27715822835248,0,5.453828171148083,250,33138.089806319724,0.0
982,224.79,75.82124347855262,1731.1178294846634,260.1222358280057,2549.9961515942964,75.96205306024167,66.258048054076,0,5.453920289058361,250,33138.64952538086,0.0
983,224.795,75.84133626983441,1730.119681859829,259.97494903935024,2549.9961515942964,75.96194735119532,66.23892921498086,0,5.4540123804568115,250,33139.20908335307,0.0
984,224.79999999999998,75.86144481588109,1729.121369701435,259.8276365410614,2549.9961515942964,75.96184164214894,66.21980171014773,0,5.454104445331402,250,33139.76848016324,0.0
985,224.805,75.88156912669608,1728.122893353216,259.68029838234986,2549.9961515942964,75.96173593310257,66.20066553866104,0,5.454196483670101,250,33140.327715738276,0.0
986,224.81,75.90170921228412,1727.1242531593327,259.53293461240827,2549.9961515942964,75.96163022405621,66.18152069960882,0,5.454288495460873,250,33140.886790005046,0.0
987,224.815,75.92186508265152,1726.1254494643674,259.38554528046456,2549.9961515942964,75.96152451500984,66.16236719208281,0,5.454380480691684,250,33141.44570289042,0.0
988,224.82,75.9420367478062,1725.1264826133292,259.2381304358365,2549.9961515942964,75.96141880596348,66.14320501517838,0,5.454472439350499,250,33142.00445432128,0.0
989,224.825,75.96222421775742,1724.1273529516493,259.09069012797784,2549.9961515942964,75.96131309691711,66.12403416799465,0,5.4545643714252785,250,33142.563044224466,0.0
990,224.82999999999998,75.98242750251597,1723.1280608251848,258.94322440625336,2549.9961515942964,75.96120738787074,66.1048546496344,0,5.454656276903983,250,33143.12147252683,0.0
991,224.835,76.00264661209418,1722.1286065802171,258.79573332025325,2549.9961515942964,75.96110167882438,66.08566645920406,0,5.454748155774575,250,33143.67973915523,0.0
992,224.84,76.02288155650571,1721.1289905634503,258.64821691951556,2549.9961515942964,75.96099596977801,66.06646959581383,0,5.454840008025012,250,33144.23784403649,0.0
993,224.845,76.04313234576576,1720.1292131220139,258.50067525369093,2549.9961515942964,75.96089026073165,66.04726405857754,0,5.45493183364325,250,33144.79578709744,0.0
994,224.85,76.06339898989093,1719.1292746034626,258.35310837245333,2549.9961515942964,75.96078455168528,66.02804984661276,0,5.455023632617245,250,33145.353568264894,0.0
995,224.855,76.08368149889927,1718.1291753557728,258.2055163256254,2549.9961515942964,75.96067884263891,66.00882695904076,0,5.455115404934954,250,33145.91118746567,0.0
996,224.85999999999999,76.10397988281024,1717.128915727348,258.0578991629322,2549.9961515942964,75.96057313359255,65.98959539498652,0,5.455207150584329,250,33146.46864462657,0.0
997,224.865,76.12429415164478,1716.1284960670134,257.910256934386,2549.9961515942964,75.96046742454618,65.97035515357874,0,5.455298869553323,250,33147.02593967439,0.0
998,224.87,76.14462431542512,1715.12791672402,257.7625896898534,2549.9961515942964,75.96036171549981,65.95110623394982,0,5.455390561829885,250,33147.58307253592,0.0
999,224.875,76.16497038417499,1714.1271780480427,257.6148974793516,2549.9961515942964,75.96025600645345,65.9318486352359,0,5.455482227401967,250,33148.140043137944,0.0
1000,224.88,76.18533236791937,1713.1262803891802,257.46718035298926,2549.9961515942964,75.96015029740708,65.91258235657685,0,5.455573866257519,250,33148.69685140724,0.0
1001,224.885,76.20571027668483,1712.125224097956,257.319438360906,2549.9961515942964,75.96004458836072,65.89330739711626,0,5.455665478384487,250,33149.253497270576,0.0
1002,224.89,76.22610412049906,1711.1240095253172,257.17167155324194,2549.9961515942964,75.95993887931435,65.87402375600146,0,5.455757063770817,250,33149.80998065471,0.0
1003,224.89499999999998,76.24651390939133,1710.1226370226357,257.0238799803187,2549.9961515942964,75.95983317026798,65.85473143238353,0,5.455848622404456,250,33150.36630148639,0.0
1004,224.9,76.26693965339206,1709.121106941706,256.87606369245503,2549.9961515942964,75.95972746122162,65.83543042541727,0,5.455940154273344,250,33150.92245969237,0.0
1005,224.905,76.28738136253311,1708.1194196347494,256.72822274007154,2549.9961515942964,75.95962175217525,65.81612073426125,0,5.4560316593654274,250,33151.47845519939,0.0
1006,224.91,76.30783904684768,1707.1175754544083,256.58035717351066,2549.9961515942964,75.95951604312889,65.79680235807776,0,5.456123137668646,250,33152.03428793416,0.0
1007,224.915,76.32831271637029,1706.115574753751,256.43246704343466,2549.9961515942964,75.95941033408252,65.77747529603289,0,5.456214589170941,250,33152.58995782344,0.0
1008,224.92,76.34880238113672,1705.1134178862699,256.28455240029194,2549.9961515942964,75.95930462503615,65.75813954729647,0,5.456306013860251,250,33153.14546479392,0.0
1009,224.92499999999998,76.36930805118405,1704.1111052058816,256.1366132947735,2549.9961515942964,75.95919891598979,65.73879511104208,0,5.456397411724515,250,33153.700808772315,0.0
1010,224.93,76.38982973655071,1703.108637066925,255.98864977761085,2549.9961515942964,75.95909320694342,65.71944198644708,0,5.456488782751668,250,33154.255989685334,0.0
1011,224.935,76.41036744727636,1702.106013824165,255.8406618995377,2549.9961515942964,75.95898749789706,65.7000801726926,0,5.456580126929648,250,33154.81100745968,0.0
1012,224.94,76.43092119340193,1701.103235832789,255.69264971135505,2549.9961515942964,75.95888178885069,65.68070966896356,0,5.456671444246388,250,33155.36586202202,0.0
1013,224.945,76.45149098496964,1700.1003034484102,255.54461326401764,2549.9961515942964,75.95877607980432,65.6613304744486,0,5.456762734689822,250,33155.92055329905,0.0
1014,224.95,76.47207683202294,1699.097217027064,255.39655260841414,2549.9961515942964,75.95867037075796,65.64194258834026,0,5.456853998247883,250,33156.47508121745,0.0
1015,224.95499999999998,76.4926787446065,1698.09397692521,255.24846779556884,2549.9961515942964,75.95856466171159,65.62254600983475,0,5.456945234908501,250,33157.02944570388,0.0
1016,224.96,76.51329673276629,1697.0905834997325,255.10035887658717,2549.9961515942964,75.95845895266523,65.60314073813213,0,5.4570364446596065,250,33157.583646685016,0.0
1017,224.965,76.53393080654942,1696.0870371079393,254.95222590258257,2549.9961515942964,75.95835324361886,65.58372677243625,0,5.457127627489128,250,33158.13768408749,0.0
1018,224.97,76.55458097600429,1695.083338107562,254.80406892480633,2549.9961515942964,75.9582475345725,65.56430411195475,0,5.457218783384993,250,33158.691557837956,0.0
1019,224.975,76.57524725118044,1694.079486856756,254.65588799447883,2549.9961515942964,75.95814182552613,65.5448727558991,0,5.4573099123351305,250,33159.245267863065,0.0
1020,224.98,76.59592964212867,1693.0754837141008,254.50768316293647,2549.9961515942964,75.95803611647976,65.52543270348454,0,5.457401014327463,250,33159.798814089445,0.0
1021,224.98499999999999,76.61662815890084,1692.0713290385988,254.35945448155505,2549.9961515942964,75.9579304074334,65.50598395393014,0,5.457492089349917,250,33160.352196443724,0.0
1022,224.99,76.63734281155013,1691.0670231896768,254.21120200180076,2549.9961515942964,75.95782469838703,65.4865265064588,0,5.457583137390415,250,33160.905414852525,0.0
1023,224.995,76.65807361013077,1690.0625665271857,254.06292577521856,2549.9961515942964,75.95771898934066,65.46706036029722,0,5.4576741584368795,250,33161.45846924246,0.0
1024,225.0,76.67882056469826,1689.0579594113992,253.9146258533103,2549.9961515942964,75.9576132802943,65.44758551467592,0,5.457765152477232,250,33162.011359540134,0.0
1025,225.005,76.69958368530908,1688.0532022030152,253.76630228779464,2549.9961515942964,75.95750757124793,65.42810196882928,0,5.45785611949939,250,33162.56408567215,0.0
1026,225.01,76.72036298202103,1687.048295263155,253.61795513037725,2549.9961515942964,75.95740186220156,65.40860972199549,0,5.457947059491277,250,33163.11664756511,0.0
1027,225.015,76.74115846489289,1686.043238953364,253.46958443274377,2549.9961515942964,75.9572961531552,65.38910877341657,0,5.458037972440807,250,33163.66904514559,0.0
1028,225.01999999999998,76.7619701439846,1685.0380336356104,253.3211902467624,2549.9961515942964,75.95719044410883,65.36959912233839,0,5.4581288583359,250,33164.22127834018,0.0
1029,225.025,76.78279802935725,1684.0326796722854,253.172772624337,2549.9961515942964,75.95708473506247,65.35008076801067,0,5.45821971716447,250,33164.773347075454,0.0
1030,225.03,76.80364213107298,1683.027177426206,253.02433161745444,2549.9961515942964,75.9569790260161,65.33055370968697,0,5.458310548914432,250,33165.32525127798,0.0
1031,225.035,76.82450245919497,1682.02152726061,252.875867278043,2549.9961515942964,75.95687331696973,65.31101794662472,0,5.4584013535736995,250,33165.87699087432,0.0
1032,225.04,76.84537902378757,1681.0157295391602,252.727379658262,2549.9961515942964,75.95676760792337,65.29147347808517,0,5.4584921311301855,250,33166.42856579103,0.0
1033,225.045,76.86627183491612,1680.0097846259423,252.57886881018442,2549.9961515942964,75.956661898877,65.27192030333346,0,5.458582881571802,250,33166.97997595465,0.0
1034,225.04999999999998,76.88718090264705,1679.003692885466,252.4303347860679,2549.9961515942964,75.95655618983064,65.25235842163859,0,5.458673604886459,250,33167.53122129174,0.0
1035,225.055,76.90810623704783,1677.9974546826622,252.28177763812707,2549.9961515942964,75.95645048078427,65.23278783227343,0,5.458764301062067,250,33168.082301728835,0.0
1036,225.06,76.92904784818698,1676.991070382887,252.13319741874537,2549.9961515942964,75.9563447717379,65.21320853451472,0,5.458854970086534,250,33168.63321719246,0.0
1037,225.065,76.950005746134,1675.98454035192,251.98459418028082,2549.9961515942964,75.95623906269154,65.19362052764308,0,5.458945611947767,250,33169.18396760914,0.0
1038,225.07,76.97097994095944,1674.9778649559626,251.83596797521193,2549.9961515942964,75.95613335364517,65.17402381094298,0,5.459036226633673,250,33169.73455290539,0.0
1039,225.075,76.99197044273484,1673.97104456164,251.6873188560201,2549.9961515942964,75.9560276445988,65.15441838370283,0,5.459126814132158,250,33170.284973007736,0.0
1040,225.07999999999998,77.01297726153273,1672.9640795359996,251.53864687530924,2549.9961515942964,75.95592193555244,65.13480424521491,0,5.459217374431126,250,33170.83522784267,0.0
1041,225.085,77.03400040742663,1671.9569702465135,251.38995208572365,2549.9961515942964,75.95581622650607,65.11518139477535,0,5.459307907518479,250,33171.385317336695,0.0
1042,225.09,77.05503989049106,1670.949717061075,251.24123453992212,2549.9961515942964,75.9557105174597,65.09554983168421,0,5.4593984133821225,250,33171.935241416315,0.0
1043,225.095,77.07609572080145,1669.9423203480019,251.09249429078903,2549.9961515942964,75.95560480841334,65.07590955524549,0,5.459488892009956,250,33172.485000008004,0.0
1044,225.1,77.09716790843424,1668.9347804760343,250.943731390974,2549.9961515942964,75.95549909936697,65.05626056476703,0,5.459579343389881,250,33173.034593038254,0.0
1045,225.105,77.11825646346676,1667.927097814335,250.79494589349287,2549.9961515942964,75.95539339032061,65.0366028595606,0,5.459669767509796,250,33173.58402043354,0.0
1046,225.10999999999999,77.13936139597736,1666.9192727324887,250.6461378512899,2549.9961515942964,75.95528768127424,65.01693643894193,0,5.459760164357601,250,33174.13328212033,0.0
1047,225.115,77.16048271604515,1665.9113056005046,250.49730731732035,2549.9961515942964,75.95518197222788,64.99726130223056,0,5.459850533921193,250,33174.6823780251,0.0
1048,225.12,77.18162043375033,1664.9031967888143,250.34845434472973,2549.9961515942964,75.95507626318151,64.97757744875007,0,5.459940876188468,250,33175.23130807429,0.0
1049,225.125,77.20277455917389,1663.8949466682704,250.19957898666337,2549.9961515942964,75.95497055413514,64.95788487782788,0,5.460031191147323,250,33175.780072194364,0.0
1050,225.13,77.22394510239776,1662.8865556101496,250.05068129622217,2549.9961515942964,75.95486484508878,64.9381835887954,0,5.460121478785651,250,33176.32867031177,0.0
1051,225.135,77.24513207350478,1661.8780239861517,249.9017613267986,2549.9961515942964,75.95475913604241,64.91847358098792,0,5.460211739091348,250,33176.87710235294,0.0
1052,225.14,77.26633548257854,1660.8693521683977,249.75281913166913,2549.9961515942964,75.95465342699605,64.89875485374472,0,5.460301972052306,250,33177.42536824433,0.0
1053,225.14499999999998,77.28755533970364,1659.860540529431,249.60385476423974,2549.9961515942964,75.95454771794968,64.87902740640897,0,5.460392177656416,250,33177.97346791235,0.0
1054,225.15,77.30879165496546,1658.8515894422178,249.4548682778754,2549.9961515942964,75.95444200890331,64.8592912383278,0,5.46048235589157,250,33178.52140128343,0.0
1055,225.155,77.3300444384502,1657.8424992801467,249.30585972621608,2549.9961515942964,75.95433629985695,64.83954634885231,0,5.460572506745659,250,33179.06916828399,0.0
1056,225.16,77.35131370024494,1656.8332704170286,249.15682916276677,2549.9961515942964,75.95423059081058,64.81979273733755,0,5.460662630206571,250,33179.61676884045,0.0
1057,225.165,77.37259945043756,1655.8239032270965,249.007776641197,2549.9961515942964,75.95412488176422,64.80003040314251,0,5.460752726262194,250,33180.16420287921,0.0
1058,225.17,77.39390169911671,1654.8143980850057,248.85870221520707,2549.9961515942964,75.95401917271785,64.78025934563013,0,5.460842794900417,250,33180.711470326685,0.0
1059,225.17499999999998,77.41522045637187,1653.8047553658332,248.7096059385654,2549.9961515942964,75.95391346367148,64.76047956416737,0,5.460932836109125,250,33181.258571109254,0.0
1060,225.18,77.4365557322934,1652.7949754450788,248.5604878650822,2549.9961515942964,75.95380775462512,64.7406910581251,0,5.461022849876204,250,33181.805505153316,0.0
1061,225.185,77.45790753697224,1651.7850586986633,248.4113480486852,2549.9961515942964,75.95370204557875,64.72089382687818,0,5.461112836189539,250,33182.35227238526,0.0
1062,225.19,77.47927588050027,1650.7750055029296,248.26218654325328,2549.9961515942964,75.95359633653239,64.70108786980548,0,5.461202795037013,250,33182.898872731465,0.0
1063,225.195,77.50066077297008,1649.7648162346436,248.11300340285155,2549.9961515942964,75.95349062748602,64.6812731862898,0,5.461292726406511,250,33183.4453061183,0.0
1064,225.2,77.52206222447492,1648.7544912709916,247.96379868158166,2549.9961515942964,75.95338491843965,64.66144977571797,0,5.461382630285914,250,33183.99157247215,0.0
1065,225.20499999999998,77.54348024510895,1647.7440309895821,247.81457243360535,2549.9961515942964,75.95327920939329,64.64161763748078,0,5.461472506663101,250,33184.53767171937,0.0
1066,225.21,77.56491484496685,1646.7334357684456,247.66532471300872,2549.9961515942964,75.95317350034692,64.62177677097303,0,5.461562355525955,250,33185.08360378632,0.0
1067,225.215,77.5863660341442,1645.7227059860334,247.5160555741607,2549.9961515942964,75.95306779130055,64.6019271755935,0,5.461652176862355,250,33185.62936859935,0.0
1068,225.22,77.60783382273716,1644.71184202122,247.36676507131668,2549.9961515942964,75.95296208225419,64.58206885074499,0,5.461741970660179,250,33186.17496608482,0.0
1069,225.225,77.62931822084265,1643.700844253299,247.21745325892726,2549.9961515942964,75.95285637320782,64.5622017958343,0,5.461831736907306,250,33186.72039616907,0.0
1070,225.23,77.65081923855826,1642.6897130619864,247.06812019144107,2549.9961515942964,75.95275066416146,64.54232601027223,0,5.461921475591613,250,33187.26565877844,0.0
1071,225.23499999999999,77.67233688598219,1641.6784488274204,246.91876592333978,2549.9961515942964,75.95264495511509,64.52244149347361,0,5.462011186700974,250,33187.81075383925,0.0
1072,225.24,77.69387117321342,1640.6670519301597,246.76939050922743,2549.9961515942964,75.95253924606872,64.50254824485727,0,5.462100870223267,250,33188.355681277855,0.0
1073,225.245,77.7154221103515,1639.6555227511842,246.61999400370956,2549.9961515942964,75.95243353702236,64.48264626384606,0,5.462190526146364,250,33188.90044102057,0.0
1074,225.25,77.73698970749662,1638.6438616718947,246.47057646151399,2549.9961515942964,75.95232782797598,64.46273554986686,0,5.462280154458141,250,33189.445032993695,0.0
1075,225.255,77.75857397474964,1637.6320690741127,246.3211379374334,2549.9961515942964,75.95222211892963,64.4428161023506,0,5.46236975514647,250,33189.98945712356,0.0
1076,225.26,77.78017492221201,1636.6201453400815,246.1716784862283,2549.9961515942964,75.95211640988325,64.42288792073224,0,5.4624593281992215,250,33190.53371333648,0.0
1077,225.265,77.80179255998583,1635.6080908524661,246.022198162834,2549.9961515942964,75.9520107008369,64.40295100445071,0,5.46254887360427,250,33191.07780155876,0.0
1078,225.26999999999998,77.8234268981737,1634.5959059943493,245.87269702218606,2549.9961515942964,75.95190499179051,64.3830053529491,0,5.462638391349484,250,33191.62172171668,0.0
1079,225.275,77.84507794687889,1633.5835911492381,245.72317511928594,2549.9961515942964,75.95179928274416,64.36305096567442,0,5.462727881422732,250,33192.16547373655,0.0
1080,225.28,77.86674571620529,1632.5711467010576,245.57363250923007,2549.9961515942964,75.95169357369778,64.34308784207784,0,5.462817343811885,250,33192.709057544664,0.0
1081,225.285,77.88843021625719,1631.5585730341554,245.42406924713825,2549.9961515942964,75.95158786465143,64.32311598161449,0,5.46290677850481,250,33193.25247306729,0.0
1082,225.29,77.91013145713966,1630.545870533298,245.2744853882463,2549.9961515942964,75.95148215560505,64.30313538374362,0,5.462996185489376,250,33193.79572023072,0.0
1083,225.295,77.93184944895813,1629.5330395836727,245.1248809877471,2549.9961515942964,75.9513764465587,64.28314604792853,0,5.463085564753447,250,33194.33879896124,0.0
1084,225.29999999999998,77.9535842018186,1628.520080570888,244.9752561010709,2549.9961515942964,75.95127073751233,64.26314797363655,0,5.463174916284891,250,33194.8817091851,0.0
1085,225.305,77.97533572582766,1627.5069938809715,244.8256107835098,2549.9961515942964,75.95116502846597,64.24314116033914,0,5.463264240071572,250,33195.424450828585,0.0
1086,225.31,77.99710403109236,1626.493779900373,244.6759450905522,2549.9961515942964,75.9510593194196,64.22312560751178,0,5.463353536101355,250,33195.967023817946,0.0
1087,225.315,78.01888912772026,1625.4804390159597,244.52625907770903,2549.9961515942964,75.95095361037323,64.20310131463401,0,5.463442804362104,250,33196.50942807945,0.0
1088,225.32,78.04069102581943,1624.46697161502,244.3765528005451,2549.9961515942964,75.95084790132687,64.18306828118953,0,5.4635320448416795,250,33197.05166353934,0.0
1089,225.325,78.06250973549838,1623.4533780852619,244.22682631472512,2549.9961515942964,75.9507421922805,64.16302650666607,0,5.463621257527946,250,33197.593730123874,0.0
1090,225.32999999999998,78.08434526686611,1622.439658814815,244.0770796759021,2549.9961515942964,75.95063648323413,64.14297599055547,0,5.463710442408765,250,33198.13562775929,0.0
1091,225.335,78.10619763003204,1621.4258141922267,243.9273129398714,2549.9961515942964,75.95053077418777,64.12291673235363,0,5.4637995994719954,250,33198.67735637184,0.0
1092,225.34,78.12806683510614,1620.411844606464,243.77752616242162,2549.9961515942964,75.9504250651414,64.1028487315606,0,5.4638887287054985,250,33199.218915887745,0.0
1093,225.345,78.1499528921987,1619.3977504469153,243.6277193994643,2549.9961515942964,75.95031935609504,64.08277198768046,0,5.463977830097133,250,33199.76030623324,0.0
1094,225.35,78.17185581142049,1618.3835321033862,243.4778927069466,2549.9961515942964,75.95021364704867,64.06268650022147,0,5.464066903634758,250,33200.30152733455,0.0
1095,225.355,78.19377560288267,1617.3691899661035,243.3280461408846,2549.9961515942964,75.9501079380023,64.04259226869597,0,5.46415594930623,250,33200.84257911791,0.0
1096,225.35999999999999,78.21571227669683,1616.3547244257124,243.1781797573184,2549.9961515942964,75.95000222895594,64.02248929262036,0,5.4642449670994075,250,33201.383461509526,0.0
1097,225.365,78.23766584297493,1615.3401358732779,243.02829361241385,2549.9961515942964,75.94989651990957,64.00237757151525,0,5.464333957002147,250,33201.92417443562,0.0
1098,225.37,78.25963631182933,1614.3254247002826,242.87838776233008,2549.9961515942964,75.9497908108632,63.98225710490531,0,5.4644229190023035,250,33202.464717822404,0.0
1099,225.375,78.2816236933727,1613.310591298631,242.72846226333692,2549.9961515942964,75.94968510181684,63.96212789231934,0,5.464511853087734,250,33203.005091596075,0.0
1100,225.38,78.30362799771815,1612.295636060643,242.57851717178687,2549.9961515942964,75.94957939277047,63.94198993329029,0,5.46460075924629,250,33203.54529568284,0.0
1101,225.385,78.32564923497907,1611.280559379061,242.42855254407655,2549.9961515942964,75.9494736837241,63.92184322735523,0,5.464689637465827,250,33204.0853300089,0.0
1102,225.39,78.34768741526925,1610.265361647043,242.27856843655232,2549.9961515942964,75.94936797467774,63.90168777405536,0,5.464778487734198,250,33204.62519450045,0.0
1103,225.39499999999998,78.3697425487027,1609.250043258168,242.1285649057973,2549.9961515942964,75.94926226563136,63.88152357293603,0,5.4648673100392555,250,33205.16488908367,0.0
1104,225.4,78.39181464539391,1608.2346046064313,241.9785420083608,2549.9961515942964,75.94915655658501,63.861350623546734,0,5.464956104368852,250,33205.70441368476,0.0
1105,225.405,78.41390371545747,1607.2190460862485,241.82849980090654,2549.9961515942964,75.94905084753863,63.84116892544112,0,5.465044870710837,250,33206.2437682299,0.0
1106,225.41,78.43600976900842,1606.2033680924533,241.6784383400687,2549.9961515942964,75.94894513849228,63.820978478176976,0,5.465133609053064,250,33206.782952645255,0.0
1107,225.415,78.45813281616198,1605.1875710202976,241.52835768262588,2549.9961515942964,75.9488394294459,63.80077928131624,0,5.465222319383379,250,33207.32196685702,0.0
1108,225.42,78.4802728670337,1604.1716552654498,241.37825788543228,2549.9961515942964,75.94873372039955,63.78057133442503,0,5.465311001689634,250,33207.860810791346,0.0
1109,225.42499999999998,78.50242993173941,1603.1556212239984,241.2281390052695,2549.9961515942964,75.94862801135316,63.760354637073625,0,5.465399655959676,250,33208.399484374415,0.0
1110,225.43,78.52460402039506,1602.1394692924491,241.07800109918858,2549.9961515942964,75.94852230230681,63.740129188836455,0,5.465488282181354,250,33208.93798753238,0.0
1111,225.435,78.54679514311698,1601.1231998677258,240.92784422414917,2549.9961515942964,75.94841659326043,63.71989498929214,0,5.465576880342517,250,33209.47632019141,0.0
1112,225.44,78.5690033100216,1600.106813347169,240.77766843717137,2549.9961515942964,75.94831088421408,63.69965203802348,0,5.465665450431009,250,33210.01448227766,0.0
1113,225.445,78.59122853122568,1599.0903101285385,240.62747379544075,2549.9961515942964,75.9482051751677,63.67940033461742,0,5.465753992434679,250,33210.552473717275,0.0
1114,225.45,78.61347081684607,1598.0736906100103,240.47726035615366,2549.9961515942964,75.94809946612135,63.65913987866514,0,5.46584250634137,250,33211.09029443641,0.0
1115,225.45499999999998,78.6357301769999,1597.0569551901785,240.32702817647527,2549.9961515942964,75.94799375707497,63.638870669761964,0,5.46593099213893,250,33211.627944361215,0.0
1116,225.46,78.65800662180439,1596.0401042680542,240.1767773137867,2549.9961515942964,75.94788804802862,63.61859270750743,0,5.466019449815201,250,33212.16542341783,0.0
1117,225.465,78.68030016137702,1595.0231382430657,240.02650782545416,2549.9961515942964,75.94778233898224,63.59830599150528,0,5.466107879358029,250,33212.70273153238,0.0
1118,225.47,78.70261080583536,1594.006057515059,239.87621976893234,2549.9961515942964,75.94767662993588,63.57801052136343,0,5.466196280755256,250,33213.23986863102,0.0
1119,225.475,78.7249385652971,1592.9888624842965,239.7259132016896,2549.9961515942964,75.94757092088952,63.55770629669401,0,5.466284653994726,250,33213.77683463987,0.0
1120,225.48,78.74728344988019,1591.9715535514567,239.57558818128928,2549.9961515942964,75.94746521184315,63.53739331711336,0,5.46637299906428,250,33214.31362948506,0.0
1121,225.48499999999999,78.76964546970254,1590.9541311176365,239.4252447653485,2549.9961515942964,75.94735950279679,63.51707158224204,0,5.4664613159517605,250,33214.85025309272,0.0
1122,225.49,78.79202463488224,1589.9365955843477,239.27488301154924,2549.9961515942964,75.94725379375042,63.496741091704806,0,5.466549604645008,250,33215.38670538896,0.0
1123,225.495,78.8144209555375,1588.9189473535212,239.12450297763107,2549.9961515942964,75.94714808470405,63.47640184513066,0,5.466637865131864,250,33215.92298629991,0.0
1124,225.5,78.8368344417866,1587.901186827502,238.9741047214681,2549.9961515942964,75.94704237565767,63.45605384215279,0,5.466726097400168,250,33216.459095751685,0.0
1125,225.505,78.85926510374789,1586.8833144090513,238.82368830085662,2549.9961515942964,75.94693666661132,63.435697082408645,0,5.46681430143776,250,33216.995033670384,0.0
1126,225.51,78.88171295153977,1585.8653305013472,238.6732537737138,2549.9961515942964,75.94683095756494,63.415331565539894,0,5.4669024772324795,250,33217.53079998213,0.0
1127,225.515,78.90417799528068,1584.8472355079857,238.52280119806372,2549.9961515942964,75.94672524851859,63.39495729119243,0,5.466990624772165,250,33218.06639461302,0.0
1128,225.51999999999998,78.92666024508918,1583.8290298329755,238.37233063201788,2549.9961515942964,75.94661953947221,63.3745742590164,0,5.467078744044653,250,33218.601817489165,0.0
1129,225.525,78.94915971108377,1582.8107138807427,238.2218421336046,2549.9961515942964,75.94651383042586,63.35418246866619,0,5.467166835037783,250,33219.137068536664,0.0
1130,225.53,78.97167640338297,1581.7922880561289,238.0713357610539,2549.9961515942964,75.94640812137948,63.33378191980042,0,5.467254897739392,250,33219.67214768161,0.0
1131,225.535,78.99421033210537,1580.7737527643924,237.92081157255515,2549.9961515942964,75.94630241233313,63.313372612081984,0,5.467342932137314,250,33220.20705485009,0.0
1132,225.54,79.01676150736951,1579.7551084112051,237.77026962645064,2549.9961515942964,75.94619670328674,63.29295454517801,0,5.4674309382193895,250,33220.74178996821,0.0
1133,225.545,79.03932993929388,1578.736355402655,237.61970998110223,2549.9961515942964,75.9460909942404,63.272527718759896,0,5.46751891597345,250,33221.27635296204,0.0
1134,225.54999999999998,79.06191563799702,1577.7174941452452,237.46913269496375,2549.9961515942964,75.94598528519401,63.2520921325033,0,5.467606865387333,250,33221.810743757684,0.0
1135,225.555,79.08451861359735,1576.6985250458952,237.31853782641122,2549.9961515942964,75.94587957614766,63.23164778608814,0,5.467694786448873,250,33222.34496228121,0.0
1136,225.56,79.1071388762133,1575.679448511937,237.16792543410216,2549.9961515942964,75.94577386710128,63.211194679198606,0,5.467782679145903,250,33222.8790084587,0.0
1137,225.565,79.12977643596322,1574.6602649511194,237.01729557659033,2549.9961515942964,75.94566815805493,63.19073281152317,0,5.467870543466257,250,33223.41288221624,0.0
1138,225.57,79.15243130296531,1573.640974771605,236.8666483126106,2549.9961515942964,75.94556244900855,63.17026218275458,0,5.4679583793977695,250,33223.94658347989,0.0
1139,225.575,79.17510348733775,1572.6215783819712,236.71598370081537,2549.9961515942964,75.9454567399622,63.149782792589846,0,5.468046186928273,250,33224.480112175734,0.0
1140,225.57999999999998,79.19779299919865,1571.6020761912096,236.56530180005836,2549.9961515942964,75.94535103091582,63.12929464073029,0,5.468133966045601,250,33225.01346822983,0.0
1141,225.585,79.2204998486659,1570.5824686087271,236.41460266913853,2549.9961515942964,75.94524532186946,63.108797726881534,0,5.468221716737582,250,33225.54665156825,0.0
1142,225.59,79.24322404585742,1569.5627560443443,236.26388636703444,2549.9961515942964,75.94513961282308,63.08829205075343,0,5.468309438992051,250,33226.07966211706,0.0
1143,225.595,79.26596560089084,1568.5429389082938,236.11315295269762,2549.9961515942964,75.94503390377673,63.067777612060205,0,5.468397132796839,250,33226.612499802315,0.0
1144,225.6,79.28872452388372,1567.5230176112254,235.9624024851873,2549.9961515942964,75.94492819473035,63.04725441052035,0,5.468484798139775,250,33227.14516455008,0.0
1145,225.605,79.31150082495346,1566.5029925642016,235.81163502354593,2549.9961515942964,75.944822485684,63.02672244585666,0,5.4685724350086895,250,33227.6776562864,0.0
1146,225.60999999999999,79.33429451421723,1565.4828641786978,235.66085062698775,2549.9961515942964,75.94471677663762,63.00618171779624,0,5.468660043391414,250,33228.20997493734,0.0
1147,225.615,79.35710560179214,1564.4626328666022,235.51004935475387,2549.9961515942964,75.94461106759127,62.9856322260705,0,5.468747623275776,250,33228.742120428935,0.0
1148,225.62,79.37993409779496,1563.4422990402181,235.35923126610555,2549.9961515942964,75.94450535854489,62.965073970415204,0,5.468835174649608,250,33229.27409268725,0.0
1149,225.625,79.40278001234233,1562.421863112262,235.2083964203768,2549.9961515942964,75.94439964949854,62.94450695057039,0,5.4689226975007355,250,33229.80589163833,0.0
1150,225.63,79.42564335555069,1561.4013254958627,235.0575448770037,2549.9961515942964,75.94429394045216,62.923931166280454,0,5.469010191816988,250,33230.33751720821,0.0
1151,225.635,79.44852413753618,1560.3806866045609,234.90667669544112,2549.9961515942964,75.94418823140579,62.9033466172941,0,5.469097657586194,250,33230.86896932294,0.0
1152,225.64,79.47142236841478,1559.3599468523128,234.7557919352189,2549.9961515942964,75.94408252235942,62.882753303364375,0,5.469185094796181,250,33231.400247908554,0.0
1153,225.64499999999998,79.4943380583021,1558.3391066534853,234.6048906559581,2549.9961515942964,75.94397681331306,62.862151224248656,0,5.469272503434776,250,33231.93135289109,0.0
1154,225.65,79.51727121731362,1557.3181664228578,234.45397291730805,2549.9961515942964,75.9438711042667,62.84154037970866,0,5.4693598834898065,250,33232.4622841966,0.0
1155,225.655,79.54022185556444,1556.297126575623,234.30303877895219,2549.9961515942964,75.94376539522032,62.82092076951046,0,5.469447234949099,250,33232.99304175109,0.0
1156,225.66,79.56318998316941,1555.2759875273853,234.15208830068502,2549.9961515942964,75.94365968617397,62.80029239342446,0,5.46953455780048,250,33233.52362548061,0.0
1157,225.665,79.58617561024303,1554.2547496941625,234.0011215423372,2549.9961515942964,75.94355397712759,62.779655251225435,0,5.469621852031775,250,33234.05403531118,0.0
1158,225.67,79.60917874689956,1553.2334134923822,233.85013856383128,2549.9961515942964,75.94344826808124,62.7590093426925,0,5.469709117630809,250,33234.58427116883,0.0
1159,225.67499999999998,79.6321994032529,1552.2119793388845,233.69913942510402,2549.9961515942964,75.94334255903486,62.73835466760912,0,5.46979635458541,250,33235.11433297959,0.0
1160,225.68,79.65523758941654,1551.1904476509217,233.54812418623146,2549.9961515942964,75.94323684998851,62.717691225763154,0,5.469883562883399,250,33235.64422066948,0.0
1161,225.685,79.6782933155038,1550.1688188461583,233.397092907264,2549.9961515942964,75.94313114094213,62.69701901694681,0,5.469970742512604,250,33236.173934164515,0.0
1162,225.69,79.70136659162735,1549.1470933426685,233.24604564832305,2549.9961515942964,75.94302543189578,62.67633804095666,0,5.470057893460848,250,33236.70347339072,0.0
1163,225.695,79.7244574278998,1548.1252715589387,233.09498246962,2549.9961515942964,75.9429197228494,62.65564829759365,0,5.470145015715954,250,33237.23283827411,0.0
1164,225.7,79.74756583443315,1547.1033539138657,232.94390343146924,2549.9961515942964,75.94281401380304,62.63494978666312,0,5.470232109265749,250,33237.76202874071,0.0
1165,225.70499999999998,79.77069182133907,1546.0813408267575,232.79280859414635,2549.9961515942964,75.94270830475666,62.6142425079748,0,5.470319174098053,250,33238.29104471652,0.0
1166,225.71,79.79383539872885,1545.0592327173338,232.64169801807466,2549.9961515942964,75.94260259571031,62.593526461342776,0,5.470406210200692,250,33238.81988612757,0.0
1167,225.715,79.8169965767133,1544.0370300057234,232.4905717636937,2549.9961515942964,75.94249688666393,62.57280164658555,0,5.470493217561487,250,33239.34855289986,0.0
1168,225.72,79.84017536540281,1543.0147331124672,232.3394298915172,2549.9961515942964,75.94239117761758,62.552068063526015,0,5.470580196168262,250,33239.87704495939,0.0
1169,225.725,79.86337177490732,1541.9923424585138,232.18827246214065,2549.9961515942964,75.9422854685712,62.531325711991435,0,5.4706671460088385,250,33240.40536223218,0.0
1170,225.73,79.88658581533632,1540.9698584652247,232.03709953613188,2549.9961515942964,75.94217975952485,62.5105745918135,0,5.47075406707104,250,33240.93350464424,0.0
1171,225.73499999999999,79.90981749679884,1539.9472815543695,231.88591117426594,2549.9961515942964,75.94207405047847,62.489814702828305,0,5.470840959342686,250,33241.46147212158,0.0
1172,225.74,79.93306682940337,1538.9246121481285,231.7347074372603,2549.9961515942964,75.94196834143212,62.46904604487636,0,5.470927822811601,250,33241.98926459018,0.0
1173,225.745,79.95633382325794,1537.9018506690913,231.58348838593338,2549.9961515942964,75.94186263238574,62.448268617802555,0,5.471014657465605,250,33242.51688197605,0.0
1174,225.75,79.9796184884701,1536.8789975402572,231.4322540811563,2549.9961515942964,75.94175692333937,62.42748242145624,0,5.471101463292519,250,33243.044324205206,0.0
1175,225.755,80.00292083514675,1535.8560531850342,231.2810045839033,2549.9961515942964,75.941651214293,62.40668745569116,0,5.471188240280164,250,33243.571591203625,0.0
1176,225.76,80.02624087339441,1534.8330180272408,231.12973995513676,2549.9961515942964,75.94154550524664,62.38588372036549,0,5.471274988416361,250,33244.09868289732,0.0
1177,225.765,80.049578613319,1533.8098924911028,230.9784602559412,2549.9961515942964,75.94143979620027,62.365071215341835,0,5.471361707688931,250,33244.625599212275,0.0
1178,225.76999999999998,80.0729340650258,1532.7866770012565,230.8271655474426,2549.9961515942964,75.9413340871539,62.34424994048724,0,5.471448398085694,250,33245.15234007449,0.0
1179,225.775,80.0963072386196,1531.763371982746,230.67585589079013,2549.9961515942964,75.94122837810754,62.323419895673176,0,5.47153505959447,250,33245.67890540997,0.0
1180,225.78,80.11969814420458,1530.7399778610234,230.52453134727583,2549.9961515942964,75.94112266906117,62.302581080775546,0,5.47162169220308,250,33246.2052951447,0.0
1181,225.785,80.14310679188434,1529.7164950619501,230.3731919781833,2549.9961515942964,75.9410169600148,62.28173349567472,0,5.471708295899342,250,33246.73150920466,0.0
1182,225.79,80.16653319176181,1528.6929240117956,230.22183784484545,2549.9961515942964,75.94091125096844,62.260877140255495,0,5.471794870671077,250,33247.25754751586,0.0
1183,225.795,80.18997735393938,1527.6692651372364,230.07046900874644,2549.9961515942964,75.94080554192207,62.24001201440713,0,5.471881416506103,250,33247.783410004275,0.0
1184,225.79999999999998,80.21343928851876,1526.6455188653576,229.91908553131816,2549.9961515942964,75.94069983287571,62.219138118023324,0,5.47196793339224,250,33248.3090965959,0.0
1185,225.805,80.23691900560097,1525.621685623652,229.76768747416787,2549.9961515942964,75.94059412382934,62.19825545100227,0,5.472054421317308,250,33248.83460721672,0.0
1186,225.81,80.26041651528645,1524.59776584002,229.616274898877,2549.9961515942964,75.94048841478298,62.17736401324658,0,5.472140880269125,250,33249.35994179271,0.0
1187,225.815,80.28393182767492,1523.5737599427687,229.46484786706705,2549.9961515942964,75.94038270573661,62.15646380466337,0,5.472227310235509,250,33249.88510024988,0.0
1188,225.82,80.30746495286542,1522.5496683606123,229.31340644057502,2549.9961515942964,75.94027699669024,62.13555482516419,0,5.47231371120428,250,33250.4100825142,0.0
1189,225.825,80.33101590095632,1521.5254915226724,229.16195068110193,2549.9961515942964,75.94017128764389,62.114637074665104,0,5.472400083163257,250,33250.934888511656,0.0
1190,225.82999999999998,80.35458468204523,1520.5012298584775,229.01048065054016,2549.9961515942964,75.94006557859751,62.09371055308662,0,5.472486426100256,250,33251.45951816823,0.0
1191,225.835,80.37817130622904,1519.4768837979625,228.85899641077285,2549.9961515942964,75.93995986955116,62.07277526035375,0,5.472572740003098,250,33251.98397140991,0.0
1192,225.84,80.40177578360392,1518.4524537714688,228.70749802380178,2549.9961515942964,75.93985416050478,62.05183119639598,0,5.472659024859599,250,33252.50824816266,0.0
1193,225.845,80.42539812426533,1517.4279402097434,228.55598555166762,2549.9961515942964,75.93974845145843,62.03087836114729,0,5.472745280657578,250,33253.03234835248,0.0
1194,225.85,80.4490383383079,1516.40334354394,228.40445905643065,2549.9961515942964,75.93964274241205,62.00991675454615,0,5.472831507384853,250,33253.55627190534,0.0
1195,225.855,80.47269643582551,1515.3786642056186,228.25291860028352,2549.9961515942964,75.9395370333657,61.98894637653552,0,5.472917705029241,250,33254.08001874723,0.0
1196,225.85999999999999,80.49637242691128,1514.3539026267442,228.10136424540016,2549.9961515942964,75.93943132431932,61.967967227062886,0,5.473003873578559,250,33254.603588804115,0.0
1197,225.865,80.5200663216575,1513.329059239687,227.9497960540793,2549.9961515942964,75.93932561527296,61.94697930608021,0,5.473090013020628,250,33255.12698200198,0.0
1198,225.87,80.54377813015562,1512.304134477223,227.79821408867366,2549.9961515942964,75.93921990622658,61.92598261354398,0,5.473176123343261,250,33255.650198266805,0.0
1199,225.875,80.56750786249634,1511.2791287725342,227.64661841152565,2549.9961515942964,75.93911419718023,61.90497714941518,0,5.473262204534279,250,33256.17323752456,0.0
1200,225.88,80.59125552876945,1510.2540425592063,227.495009085146,2549.9961515942964,75.93900848813385,61.88396291365933,0,5.473348256581498,250,33256.69609970123,0.0
1201,225.885,80.61502113906396,1509.2288762712296,227.34338617206583,2549.9961515942964,75.93890277908748,61.86293990624647,0,5.473434279472736,250,33257.21878472279,0.0
1202,225.89,80.6388047034679,1508.203630343001,227.19174973479244,2549.9961515942964,75.93879707004112,61.84190812715113,0,5.473520273195808,250,33257.74129251522,0.0
1203,225.89499999999998,80.66260623206855,1507.178305209319,227.04009983601483,2549.9961515942964,75.93869136099475,61.8208675763524,0,5.473606237738534,250,33258.26362300448,0.0
1204,225.9,80.68642573495222,1506.1529013053882,226.88843653841883,2549.9961515942964,75.93858565194839,61.799818253833884,0,5.47369217308873,250,33258.785776116565,0.0
1205,225.905,80.71026322220438,1505.1274190668173,226.7367599047864,2549.9961515942964,75.93847994290202,61.77876015958374,0,5.473778079234213,250,33259.30775177744,0.0
1206,225.91,80.73411870390949,1504.101858929617,226.585069997871,2549.9961515942964,75.93837423385565,61.75769329359464,0,5.4738639561628,250,33259.82954991308,0.0
1207,225.915,80.75799219015116,1503.0762213302044,226.43336688064025,2549.9961515942964,75.93826852480929,61.73661765586382,0,5.4739498038623084,250,33260.35117044947,0.0
1208,225.92,80.781883691012,1502.0505067053975,226.28165061596727,2549.9961515942964,75.93816281576292,61.71553324639304,0,5.474035622320556,250,33260.87261331257,0.0
1209,225.92499999999998,80.80579321657379,1501.0247154924189,226.1299212668543,2549.9961515942964,75.93805710671656,61.69444006518864,0,5.474121411525358,250,33261.39387842836,0.0
1210,225.93,80.82972077691716,1499.9988481288938,225.97817889643397,2549.9961515942964,75.93795139767019,61.67333811226147,0,5.474207171464532,250,33261.91496572282,0.0
1211,225.935,80.85366638212194,1498.9729050528508,225.82642356773658,2549.9961515942964,75.93784568862382,61.65222738762698,0,5.474292902125897,250,33262.435875121926,0.0
1212,225.94,80.87763004226677,1497.9468867027208,225.6746553440181,2549.9961515942964,75.93773997957746,61.63110789130515,0,5.474378603497267,250,33262.95660655164,0.0
1213,225.945,80.9016117674295,1496.9207935173363,225.52287428843758,2549.9961515942964,75.93763427053109,61.60997962332055,0,5.474464275566461,250,33263.47715993795,0.0
1214,225.95,80.92561156768674,1495.8946259359334,225.3710804644018,2549.9961515942964,75.93752856148473,61.58884258370229,0,5.474549918321296,250,33263.99753520683,0.0
1215,225.95499999999998,80.94962945311427,1494.8683843981494,225.21927393515475,2549.9961515942964,75.93742285243836,61.567696772484084,0,5.474635531749588,250,33264.51773228424,0.0
1216,225.96,80.97366543378672,1493.8420693440248,225.06745476420278,2549.9961515942964,75.937317143392,61.54654218970419,0,5.474721115839155,250,33265.037751096184,0.0
1217,225.965,80.99771951977765,1492.8156812139994,224.91562301497927,2549.9961515942964,75.93721143434563,61.525378835405476,0,5.474806670577814,250,33265.55759156861,0.0
1218,225.97,81.02179172115959,1491.7892204489167,224.7637787510187,2549.9961515942964,75.93710572529926,61.50420670963536,0,5.474892195953382,250,33266.07725362751,0.0
1219,225.975,81.04588204800392,1490.7626874900202,224.61192203598537,2549.9961515942964,75.9370000162529,61.48302581244588,0,5.474977691953677,250,33266.59673719885,0.0
1220,225.98,81.06999051038103,1489.7360827789548,224.46005293349504,2549.9961515942964,75.93689430720653,61.46183614389365,0,5.475063158566515,250,33267.11604220862,0.0
1221,225.98499999999999,81.0941171183601,1488.7094067577668,224.30817150729646,2549.9961515942964,75.93678859816016,61.440637704039865,0,5.475148595779714,250,33267.63516858278,0.0
1222,225.99,81.11826188200924,1487.6826598689017,224.15627782109675,2549.9961515942964,75.9366828891138,61.41943049295035,0,5.475234003581093,250,33268.15411624733,0.0
1223,225.995,81.14242481139541,1486.6558425552066,224.00437193882246,2549.9961515942964,75.93657718006743,61.39821451069548,0,5.475319381958467,250,33268.672885128224,0.0
1224,226.0,81.1666059165844,1485.6289552599285,223.8524539243256,2549.9961515942964,75.93647147102106,61.3769897573503,0,5.475404730899655,250,33269.19147515145,0.0
1225,226.005,81.19080520764088,1484.6019984267148,223.70052384158146,2549.9961515942964,75.9363657619747,61.35575623299442,0,5.475490050392473,250,33269.70988624298,0.0
1226,226.01,81.21502269462825,1483.5749724996117,223.54858175458483,2549.9961515942964,75.93626005292833,61.33451393771208,0,5.47557534042474,250,33270.22811832881,0.0
1227,226.015,81.23925838760883,1482.547877923066,223.3966277274626,2549.9961515942964,75.93615434388197,61.31326287159214,0,5.475660600984275,250,33270.746171334904,0.0
1228,226.01999999999998,81.26351229664367,1481.5207151419236,223.2446618243294,2549.9961515942964,75.9360486348356,61.292003034728054,0,5.4757458320588945,250,33271.26404518725,0.0
1229,226.025,81.28778443179263,1480.4934846014291,223.09268410937864,2549.9961515942964,75.93594292578923,61.27073442721793,0,5.4758310336364175,250,33271.78173981183,0.0
1230,226.03,81.31207480311434,1479.4661867472264,222.94069464687567,2549.9961515942964,75.93583721674287,61.2494570491645,0,5.475916205704662,250,33272.299255134625,0.0
1231,226.035,81.33638342066614,1478.4388220253581,222.78869350113823,2549.9961515942964,75.9357315076965,61.22817090067511,0,5.476001348251446,250,33272.816591081624,0.0
1232,226.04,81.3607102945042,1477.4113908822656,222.63668073653264,2549.9961515942964,75.93562579865014,61.20687598186174,0,5.476086461264587,250,33273.33374757879,0.0
1233,226.045,81.38505543468332,1476.3838937647877,222.48465641749397,2549.9961515942964,75.93552008960377,61.185572292841044,0,5.476171544731906,250,33273.85072455213,0.0
1234,226.04999999999998,81.4094188512571,1475.3563311201622,222.33262060857675,2549.9961515942964,75.9354143805574,61.16425983373427,0,5.4762565986412195,250,33274.36752192763,0.0
1235,226.055,81.43380055427777,1474.3287033960241,222.18057337424258,2549.9961515942964,75.93530867151104,61.142938604667364,0,5.476341622980348,250,33274.88413963125,0.0
1236,226.06,81.45820055379632,1473.301011040407,222.02851477919603,2549.9961515942964,75.93520296246467,61.121608605770874,0,5.4764266177371095,250,33275.400577589004,0.0
1237,226.065,81.48261885986238,1472.2732545017404,221.87644488805932,2549.9961515942964,75.9350972534183,61.10026983718003,0,5.476511582899323,250,33275.916835726865,0.0
1238,226.07,81.50705548252425,1471.2454342288524,221.7243637655594,2549.9961515942964,75.93499154437194,61.07892229903471,0,5.476596518454809,250,33276.43291397082,0.0
1239,226.075,81.53151043182886,1470.2175506709677,221.57227147654984,2549.9961515942964,75.93488583532557,61.05756599147944,0,5.476681424391387,250,33276.94881224688,0.0
1240,226.07999999999998,81.55598371782177,1469.1896042777064,221.42016808581178,2549.9961515942964,75.93478012627921,61.03620091466345,0,5.476766300696876,250,33277.46453048102,0.0
1241,226.085,81.58047535054722,1468.1615954990878,221.26805365833692,2549.9961515942964,75.93467441723284,61.01482706874061,0,5.476851147359096,250,33277.98006859924,0.0
1242,226.09,81.604985340048,1467.1335247855245,221.11592825899857,2549.9961515942964,75.93456870818648,60.993444453869444,0,5.476935964365869,250,33278.49542652753,0.0
1243,226.095,81.62951369636555,1466.1053925878275,220.9637919529356,2549.9961515942964,75.93446299914011,60.97205307021319,0,5.477020751705013,250,33279.010604191884,0.0
1244,226.1,81.65406042953981,1465.0771993572025,220.8116448051514,2549.9961515942964,75.93435729009374,60.95065291793974,0,5.477105509364351,250,33279.5256015183,0.0
1245,226.105,81.67862554960935,1464.048945545251,220.6594868808567,2549.9961515942964,75.93425158104738,60.92924399722168,0,5.4771902373317,250,33280.04041843278,0.0
1246,226.10999999999999,81.70320906661128,1463.0206316039696,220.5073182452246,2549.9961515942964,75.93414587200101,60.90782630823628,0,5.477274935594885,250,33280.55505486131,0.0
1247,226.115,81.72781099058128,1461.992257985751,220.3551389635286,2549.9961515942964,75.93404016295464,60.8863998511655,0,5.477359604141725,250,33281.06951072991,0.0
1248,226.12,81.75243133155347,1460.9638251433812,220.202949101124,2549.9961515942964,75.93393445390828,60.864964626195984,0,5.477444242960042,250,33281.58378596456,0.0
1249,226.125,81.7770700995606,1459.9353335300427,220.05074872336334,2549.9961515942964,75.93382874486191,60.84352063351909,0,5.477528852037658,250,33282.09788049129,0.0
1250,226.13,81.80172730463383,1458.906783599311,219.8985378956971,2549.9961515942964,75.93372303581555,60.82206787333087,0,5.4776134313623945,250,33282.61179423608,0.0
1251,226.135,81.82640295680285,1457.8781758051564,219.7463166836843,2549.9961515942964,75.93361732676918,60.80060634583207,0,5.477697980922074,250,33283.12552712495,0.0
1252,226.14,81.8510970660958,1456.8495106019434,219.5940851527913,2549.9961515942964,75.93351161772281,60.77913605122817,0,5.47778250070452,250,33283.6390790839,0.0
1253,226.14499999999998,81.8758096425393,1455.8207884444294,219.44184336874815,2549.9961515942964,75.93340590867645,60.75765698972934,0,5.477866990697553,250,33284.15245003894,0.0
1254,226.15,81.9005406961584,1454.792009787766,219.28959139713925,2549.9961515942964,75.93330019963008,60.736169161550464,0,5.477951450888998,250,33284.66563991609,0.0
1255,226.155,81.92529023697658,1453.7631750874982,219.1373293037534,2549.9961515942964,75.93319449058372,60.71467256691117,0,5.478035881266678,250,33285.17864864136,0.0
1256,226.16,81.95005827501578,1452.7342847995637,218.98505715438804,2549.9961515942964,75.93308878153735,60.693167206035774,0,5.4781202818184145,250,33285.69147614076,0.0
1257,226.165,81.97484482029624,1451.7053393802926,218.83277501489852,2549.9961515942964,75.93298307249098,60.67165307915335,0,5.4782046525320345,250,33286.204122340314,0.0
1258,226.17,81.99964988283675,1450.6763392864077,218.6804829512086,2549.9961515942964,75.93287736344462,60.65013018649769,0,5.47828899339536,250,33286.71658716603,0.0
1259,226.17499999999998,82.0244734726543,1449.647284975025,218.52818102927702,2549.9961515942964,75.93277165439825,60.62859852830731,0,5.478373304396217,250,33287.22887054394,0.0
1260,226.18,82.04931559976437,1448.6181769036514,218.37586931515838,2549.9961515942964,75.93266594535189,60.60705810482547,0,5.478457585522429,250,33287.74097240007,0.0
1261,226.185,82.07417627418076,1447.5890155301859,218.22354787496243,2549.9961515942964,75.93256023630552,60.58550891630018,0,5.478541836761823,250,33288.25289266043,0.0
1262,226.19,82.09905550591557,1446.5598013129193,218.07121677477363,2549.9961515942964,75.93245452725915,60.56395096298419,0,5.478626058102224,250,33288.76463125105,0.0
1263,226.195,82.12395330497927,1445.530534710533,217.9188760808747,2549.9961515942964,75.93234881821279,60.54238424513498,0,5.4787102495314555,250,33289.27618809795,0.0
1264,226.2,82.14886968138056,1444.5012161821007,217.7665258594803,2549.9961515942964,75.93224310916642,60.52080876301482,0,5.478794411037346,250,33289.78756312719,0.0
1265,226.20499999999998,82.17380464512654,1443.4718461870857,217.61416617697694,2549.9961515942964,75.93213740012006,60.49922451689069,0,5.478878542607722,250,33290.29875626477,0.0
1266,226.21,82.19875820622252,1442.4424251853425,217.46179709974936,2549.9961515942964,75.93203169107369,60.477631507034374,0,5.478962644230409,250,33290.80976743674,0.0
1267,226.215,82.22373037467207,1441.412953637116,217.30941869413428,2549.9961515942964,75.93192598202732,60.456029733722374,0,5.479046715893235,250,33291.32059656913,0.0
1268,226.22,82.24872116047705,1440.3834320030403,217.15703102676486,2549.9961515942964,75.93182027298096,60.434419197236,0,5.479130757584027,250,33291.83124358799,0.0
1269,226.225,82.27373057363754,1439.35386074414,217.00463416417705,2549.9961515942964,75.93171456393459,60.41279989786129,0,5.479214769290614,250,33292.34170841935,0.0
1270,226.23,82.29875862415186,1438.3242403218296,216.85222817294016,2549.9961515942964,75.93160885488822,60.39117183588909,0,5.479298751000822,250,33292.85199098926,0.0
1271,226.23499999999999,82.32380532201651,1437.2945711979119,216.6998131197805,2549.9961515942964,75.93150314584186,60.369535011615014,0,5.479382702702484,250,33293.36209122376,0.0
1272,226.24,82.3488706772262,1436.2648538345793,216.54738907138113,2549.9961515942964,75.93139743679549,60.347889425339446,0,5.479466624383425,250,33293.8720090489,0.0
1273,226.245,82.3739546997738,1435.235088694413,216.39495609460465,2549.9961515942964,75.93129172774913,60.32623507736756,0,5.479550516031477,250,33294.38174439074,0.0
1274,226.25,82.39905739965043,1434.2052762403825,216.24251425627875,2549.9961515942964,75.93118601870276,60.30457196800933,0,5.4796343776344685,250,33294.891297175316,0.0
1275,226.255,82.42417878684526,1433.1754169358453,216.09006362331812,2549.9961515942964,75.9310803096564,60.28290009757949,0,5.4797182091802314,250,33295.40066732871,0.0
1276,226.26,82.44931887134562,1432.1455112445478,215.93760426269256,2549.9961515942964,75.93097460061003,60.2612194663976,0,5.479802010656594,250,33295.909854776946,0.0
1277,226.265,82.47447766313707,1431.1155596306235,215.78513624141254,2549.9961515942964,75.93086889156366,60.239530074788,0,5.47988578205139,250,33296.418859446116,0.0
1278,226.26999999999998,82.49965517220315,1430.0855625585928,215.63265962660824,2549.9961515942964,75.9307631825173,60.217831923079835,0,5.479969523352449,250,33296.92768126226,0.0
1279,226.275,82.52485140852554,1429.055520493364,215.48017448535995,2549.9961515942964,75.93065747347093,60.196125011607066,0,5.480053234547605,250,33297.436320151464,0.0
1280,226.28,82.55006638208405,1428.025433900233,215.32768088494794,2549.9961515942964,75.93055176442456,60.17440934070845,0,5.48013691562469,250,33297.94477603978,0.0
1281,226.285,82.5753001028565,1426.995303244881,215.17517889255123,2549.9961515942964,75.9304460553782,60.152684910727565,0,5.480220566571535,250,33298.45304885329,0.0
1282,226.29,82.6005525808188,1425.9651289933763,215.02266857556037,2549.9961515942964,75.93034034633183,60.130951722012796,0,5.4803041873759755,250,33298.96113851807,0.0
1283,226.295,82.62582382594488,1424.9349116121732,214.8701500013347,2549.9961515942964,75.93023463728547,60.10920977491737,0,5.480387778025846,250,33299.4690449602,0.0
1284,226.29999999999998,82.6511138482067,1423.9046515681118,214.71762323729698,2549.9961515942964,75.9301289282391,60.087459069799294,0,5.480471338508979,250,33299.97676810574,0.0
1285,226.305,82.67642265757428,1422.874349328419,214.5650883509468,2549.9961515942964,75.93002321919273,60.06569960702144,0,5.4805548688132095,250,33300.48430788079,0.0
1286,226.31,82.70175026401556,1421.8440053607044,214.41254540982982,2549.9961515942964,75.92991751014637,60.0439313869515,0,5.480638368926374,250,33300.99166421143,0.0
1287,226.315,82.72709667749648,1420.8136201329653,214.25999448153829,2549.9961515942964,75.9298118011,60.02215440996199,0,5.480721838836308,250,33301.49883702376,0.0
1288,226.32,82.75246190798103,1419.783194113582,214.10743563379884,2549.9961515942964,75.92970609205364,60.000368676430284,0,5.4808052785308465,250,33302.00582624386,0.0
1289,226.325,82.77784596543108,1418.7527277713202,213.95486893427807,2549.9961515942964,75.92960038300727,59.978574186738584,0,5.480888687997829,250,33302.512631797836,0.0
1290,226.32999999999998,82.80324885980642,1417.7222215753302,213.8022944508049,2549.9961515942964,75.92949467396089,59.956770941273916,0,5.48097206722509,250,33303.01925361177,0.0
1291,226.335,82.82867060106483,1416.691675995145,213.64971225118168,2549.9961515942964,75.92938896491454,59.93495894042819,0,5.481055416200469,250,33303.52569161178,0.0
1292,226.34,82.85411119916198,1415.6610915006825,213.49712240332,2549.9961515942964,75.92928325586817,59.91313818459814,0,5.481138734911805,250,33304.03194572396,0.0
1293,226.345,82.87957066405146,1414.6304685622429,213.34452497518086,2549.9961515942964,75.9291775468218,59.891308674185375,0,5.481222023346934,250,33304.53801587442,0.0
1294,226.35,82.90504900568469,1413.59980765051,213.19192003474458,2549.9961515942964,75.92907183777544,59.86947040959634,0,5.481305281493699,250,33305.04390198928,0.0
1295,226.355,82.93054623401102,1412.5691092365514,213.03930765012908,2549.9961515942964,75.92896612872907,59.84762339124236,0,5.481388509339938,250,33305.549603994645,0.0
1296,226.35999999999999,82.9560623589776,1411.5383737918155,212.88668788944415,2549.9961515942964,75.9288604196827,59.825767619539626,0,5.481471706873493,250,33306.05512181663,0.0
1297,226.365,82.98159739052944,1410.507601788135,212.73406082088746,2549.9961515942964,75.92875471063634,59.80390309490919,0,5.481554874082203,250,33306.56045538137,0.0
1298,226.37,83.00715133860945,1409.4767936977223,212.581426512682,2549.9961515942964,75.92864900158997,59.78202981777697,0,5.481638010953912,250,33307.06560461498,0.0
1299,226.375,83.03272421315818,1408.4459499931731,212.42878503313145,2549.9961515942964,75.92854329254361,59.76014778857378,0,5.481721117476461,250,33307.57056944359,0.0
1300,226.38,83.05831602411419,1407.4150711474647,212.27613645059836,2549.9961515942964,75.92843758349724,59.738257007735285,0,5.481804193637693,250,33308.07534979333,0.0
1301,226.385,83.08392678141365,1406.3841576339546,212.12348083350165,2549.9961515942964,75.92833187445088,59.716357475702054,0,5.4818872394254505,250,33308.57994559034,0.0
1302,226.39,83.1095564949906,1405.3532099263812,211.9708182503146,2549.9961515942964,75.92822616540451,59.69444919291954,0,5.48197025482758,250,33309.08435676076,0.0
1303,226.39499999999998,83.13520517477677,1404.3222284988644,211.818148769581,2549.9961515942964,75.92812045635814,59.672532159838084,0,5.482053239831924,250,33309.588583230725,0.0
1304,226.4,83.16087283070169,1403.2912138259032,211.66547245985515,2549.9961515942964,75.92801474731178,59.65060637691291,0,5.482136194426328,250,33310.09262492638,0.0
1305,226.405,83.18655947269258,1402.260166382378,211.51278938980735,2549.9961515942964,75.92790903826541,59.628671844604156,0,5.482219118598639,250,33310.596481773886,0.0
1306,226.41,83.21226511067437,1401.229086643547,211.36009962813944,2549.9961515942964,75.92780332921905,59.606728563376834,0,5.482302012336702,250,33311.100153699386,0.0
1307,226.415,83.2379897545697,1400.1979750850498,211.20740324359673,2549.9961515942964,75.92769762017268,59.58477653370089,0,5.482384875628366,250,33311.60364062905,0.0
1308,226.42,83.26373341429885,1399.1668321829038,211.05470030499802,2549.9961515942964,75.92759191112631,59.562815756051165,0,5.482467708461477,250,33312.10694248903,0.0
1309,226.42499999999998,83.28949609977988,1398.1356584135058,210.90199088118564,2549.9961515942964,75.92748620207995,59.540846230907405,0,5.482550510823884,250,33312.61005920549,0.0
1310,226.43,83.31527782092837,1397.1044542536304,210.74927504115976,2549.9961515942964,75.92738049303358,59.518867958754264,0,5.4826332827034365,250,33313.11299070461,0.0
1311,226.435,83.34107858765759,1396.073220180432,210.59655285388217,2549.9961515942964,75.92727478398722,59.49688094008133,0,5.482716024087984,250,33313.61573691256,0.0
1312,226.44,83.36689840987843,1395.0419566714406,210.44382438837243,2549.9961515942964,75.92716907494085,59.47488517538311,0,5.482798734965376,250,33314.11829775551,0.0
1313,226.445,83.39273729749944,1394.0106642045662,210.29108971374444,2549.9961515942964,75.92706336589447,59.45288066515903,0,5.482881415323464,250,33314.62067315964,0.0
1314,226.45,83.41859526042668,1392.979343258095,210.13834889914853,2549.9961515942964,75.92695765684812,59.430867409913425,0,5.482964065150102,250,33315.12286305115,0.0
1315,226.45499999999998,83.44447230856382,1391.94799431069,209.98560201381824,2549.9961515942964,75.92685194780174,59.4088454101556,0,5.483046684433139,250,33315.624867356215,0.0
1316,226.46,83.4703684518121,1390.916617841391,209.83284912699006,2549.9961515942964,75.92674623875538,59.386814666399765,0,5.48312927316043,250,33316.126686001044,0.0
1317,226.465,83.49628370007035,1389.8852143296153,209.6800903080327,2549.9961515942964,75.926640529709,59.364775179165086,0,5.483211831319828,250,33316.62831891182,0.0
1318,226.47,83.52221806323486,1388.8537842551546,209.52732562630317,2549.9961515942964,75.92653482066265,59.342726948975645,0,5.483294358899187,250,33317.12976601475,0.0
1319,226.475,83.54817155119953,1387.822328098178,209.37455515127394,2549.9961515942964,75.92642911161627,59.3206699763605,0,5.483376855886363,250,33317.63102723604,0.0
1320,226.48,83.57414417385561,1386.7908463392291,209.221778952416,2549.9961515942964,75.92632340256992,59.29860426185364,0,5.483459322269212,250,33318.13210250191,0.0
1321,226.48499999999999,83.60013594109203,1385.7593394592275,209.0689970992867,2549.9961515942964,75.92621769352354,59.276529805993995,0,5.483541758035591,250,33318.63299173857,0.0
1322,226.49,83.62614686279511,1384.7278079394664,208.91620966150057,2549.9961515942964,75.92611198447719,59.25444660932547,0,5.483624163173357,250,33319.13369487224,0.0
1323,226.495,83.65217694884859,1383.696252261615,208.76341670872412,2549.9961515942964,75.92600627543081,59.23235467239693,0,5.483706537670368,250,33319.63421182914,0.0
1324,226.5,83.6782262091337,1382.6646729077163,208.61061831068082,2549.9961515942964,75.92590056638446,59.21025399576218,0,5.483788881514482,250,33320.13454253551,0.0
1325,226.505,83.70429465352913,1381.633070360187,208.45781453717626,2549.9961515942964,75.92579485733808,59.188144579980005,0,5.4838711946935605,250,33320.63468691757,0.0
1326,226.51,83.73038229191093,1380.601445101818,208.30500545799936,2549.9961515942964,75.92568914829172,59.16602642561417,0,5.483953477195462,250,33321.13464490157,0.0
1327,226.515,83.75648913415256,1379.5697976157728,208.15219114306836,2549.9961515942964,75.92558343924536,59.14389953323337,0,5.484035729008049,250,33321.63441641374,0.0
1328,226.51999999999998,83.78261519012493,1378.5381283855884,207.99937166231246,2549.9961515942964,75.92547773019899,59.12176390341134,0,5.484117950119182,250,33322.134001380335,0.0
1329,226.525,83.80876046969622,1377.5064378951747,207.84654708577423,2549.9961515942964,75.92537202115263,59.09961953672673,0,5.484200140516726,250,33322.633399727616,0.0
1330,226.53,83.83492498273209,1376.4747266288132,207.69371748352253,2549.9961515942964,75.92526631210626,59.07746643376321,0,5.484282300188542,250,33323.13261138183,0.0
1331,226.535,83.86110873909544,1375.442995071159,207.540882925625,2549.9961515942964,75.9251606030599,59.055304595109426,0,5.484364429122496,250,33323.63163626924,0.0
1332,226.54,83.88731174864651,1374.4112437072376,207.38804348227285,2549.9961515942964,75.92505489401353,59.03313402135901,0,5.484446527306452,250,33324.13047431611,0.0
1333,226.545,83.91353402124292,1373.379473022446,207.2351992237137,2549.9961515942964,75.92494918496716,59.010954713110586,0,5.484528594728276,250,33324.629125448715,0.0
1334,226.54999999999998,83.93977556673953,1372.347683502553,207.08235022020952,2549.9961515942964,75.9248434759208,58.98876667096778,0,5.484610631375835,250,33325.127589593336,0.0
1335,226.555,83.96603639498846,1371.3158756336984,206.9294965421483,2549.9961515942964,75.92473776687443,58.96656989553921,0,5.484692637236997,250,33325.625866676244,0.0
1336,226.56,83.99231651583915,1370.2840499023912,206.77663825988915,2549.9961515942964,75.92463205782806,58.9443643874385,0,5.4847746122996295,250,33326.123956623735,0.0
1337,226.565,84.0186159391383,1369.2522067955122,206.62377544388244,2549.9961515942964,75.9245263487817,58.92215014728428,0,5.484856556551601,250,33326.621859362094,0.0
1338,226.57,84.04493467472979,1368.2203468003104,206.47090816464132,2549.9961515942964,75.92442063973533,58.899927175700185,0,5.484938469980783,250,33327.119574817625,0.0
1339,226.575,84.07127273245477,1367.1884704044057,206.31803649273738,2549.9961515942964,75.92431493068896,58.87769547331487,0,5.485020352575046,250,33327.61710291662,0.0
1340,226.57999999999998,84.0976301221516,1366.1565780957867,206.16516049879914,2549.9961515942964,75.92420922164258,58.855455040761996,0,5.485102204322262,250,33328.1144435854,0.0
1341,226.585,84.12400685365577,1365.1246703628099,206.01228025349002,2549.9961515942964,75.92410351259623,58.833205878680246,0,5.485184025210303,250,33328.61159675026,0.0
1342,226.59,84.15040293679999,1364.0927476942024,205.85939582757806,2549.9961515942964,75.92399780354985,58.810947987713334,0,5.4852658152270415,250,33329.10856233754,0.0
1343,226.595,84.17681838141417,1363.0608105790577,205.70650729182586,2549.9961515942964,75.9238920945035,58.78868136851,0,5.485347574360354,250,33329.60534027354,0.0
1344,226.6,84.20325319732531,1362.0288595068378,205.55361471703372,2549.9961515942964,75.92378638545712,58.76640602172398,0,5.4854293025981145,250,33330.101930484605,0.0
1345,226.605,84.22970739435753,1360.9968949673728,205.4007181741811,2549.9961515942964,75.92368067641077,58.74412194801409,0,5.4855109999281995,250,33330.59833289707,0.0
1346,226.60999999999999,84.25618098233217,1359.9649174508581,205.24781773416814,2549.9961515942964,75.92357496736439,58.72182914804415,0,5.485592666338484,250,33331.09454743725,0.0
1347,226.615,84.28267397106751,1358.932927447859,205.0949134680168,2549.9961515942964,75.92346925831804,58.69952762248304,0,5.485674301816849,250,33331.590574031514,0.0
1348,226.62,84.30918637037905,1357.9009254493046,204.94200544679077,2549.9961515942964,75.92336354927166,58.677217372004655,0,5.485755906351172,250,33332.08641260621,0.0
1349,226.625,84.33571819007935,1356.8689119464916,204.7890937416449,2549.9961515942964,75.9232578402253,58.65489839728797,0,5.485837479929332,250,33332.58206308768,0.0
1350,226.63,84.36226943997791,1355.836887431082,204.63617842370712,2549.9961515942964,75.92315213117892,58.63257069901698,0,5.48591902253921,250,33333.07752540229,0.0
1351,226.635,84.38884012988139,1354.8048523951043,204.48325956427885,2549.9961515942964,75.92304642213257,58.61023427788074,0,5.486000534168689,250,33333.57279947642,0.0
1352,226.64,84.41543026959341,1353.7728073309506,204.33033723452402,2549.9961515942964,75.92294071308619,58.58788913457337,0,5.48608201480565,250,33334.06788523643,0.0
1353,226.64499999999998,84.44203986891466,1352.7407527313794,204.17741150590484,2549.9961515942964,75.92283500403984,58.56553526979403,0,5.486163464437976,250,33334.56278260871,0.0
1354,226.65,84.4686689376428,1351.7086890895125,204.02448244976404,2549.9961515942964,75.92272929499346,58.54317268424697,0,5.486244883053554,250,33335.05749151963,0.0
1355,226.655,84.49531748557244,1350.6766168988363,203.871550137585,2549.9961515942964,75.92262358594711,58.52080137864148,0,5.486326270640267,250,33335.55201189558,0.0
1356,226.66,84.52198552249514,1349.6445366532016,203.71861464084355,2549.9961515942964,75.92251787690073,58.49842135369193,0,5.486407627186002,250,33336.04634366298,0.0
1357,226.665,84.54867305819947,1348.6124488468226,203.56567603110867,2549.9961515942964,75.92241216785438,58.47603261011776,0,5.486488952678646,250,33336.54048674821,0.0
1358,226.67,84.5753801024709,1347.5803539742753,203.41273437998507,2549.9961515942964,75.922306458808,58.45363514864349,0,5.486570247106088,250,33337.034441077674,0.0
1359,226.67499999999998,84.60210666509185,1346.5482525305001,203.2597897591818,2549.9961515942964,75.92220074976164,58.4312289699987,0,5.486651510456217,250,33337.52820657781,0.0
1360,226.68,84.62885275584156,1345.5161450107987,203.1068422404285,2549.9961515942964,75.92209504071526,58.40881407491808,0,5.4867327427169235,250,33338.02178317501,0.0
1361,226.685,84.65561838449626,1344.4840319108355,202.95389189546694,2549.9961515942964,75.92198933166891,58.38639046414138,0,5.486813943876099,250,33338.51517079572,0.0
1362,226.69,84.68240356082897,1343.4519137266373,202.800938796145,2549.9961515942964,75.92188362262254,58.36395813841345,0,5.486895113921635,250,33339.00836936637,0.0
1363,226.695,84.70920829460962,1342.4197909545908,202.6479830143657,2549.9961515942964,75.92177791357616,58.34151709848423,0,5.486976252841425,250,33339.50137881339,0.0
1364,226.7,84.73603259560497,1341.3876640914439,202.49502462208045,2549.9961515942964,75.92167220452981,58.319067345108756,0,5.487057360623365,250,33339.99419906323,0.0
1365,226.70499999999998,84.76287647357854,1340.355533634307,202.34206369127077,2549.9961515942964,75.92156649548343,58.29660887904716,0,5.487138437255347,250,33340.48683004233,0.0
1366,226.71,84.78973993829078,1339.323400080649,202.18910029399512,2549.9961515942964,75.92146078643708,58.27414170106468,0,5.487219482725271,250,33340.97927167717,0.0
1367,226.715,84.81662299949885,1338.2912639282997,202.0361345024071,2549.9961515942964,75.9213550773907,58.251665811931645,0,5.487300497021032,250,33341.4715238942,0.0
1368,226.72,84.8435256669567,1337.2591256754479,201.88316638858646,2549.9961515942964,75.92124936834435,58.229181212423505,0,5.487381480130529,250,33341.96358661989,0.0
1369,226.725,84.87044795041503,1336.226985820642,201.7301960248381,2549.9961515942964,75.92114365929797,58.20668790332082,0,5.487462432041663,250,33342.455459780715,0.0
1370,226.73,84.89738985962136,1335.1948448627898,201.57722348340565,2549.9961515942964,75.92103795025162,58.184185885409256,0,5.487543352742334,250,33342.94714330316,0.0
1371,226.73499999999999,84.92435140431985,1334.1627033011569,201.42424883658606,2549.9961515942964,75.92093224120524,58.1616751594796,0,5.487624242220442,250,33343.438637113715,0.0
1372,226.74,84.95133259425144,1333.1305616353668,201.27127215677768,2549.9961515942964,75.92082653215888,58.139155726327765,0,5.487705100463892,250,33343.92994113888,0.0
1373,226.745,84.97833343915377,1332.0984203654025,201.1182935164353,2549.9961515942964,75.9207208231125,58.116627586754774,0,5.487785927460587,250,33344.421055305145,0.0
1374,226.75,85.00535394876108,1331.0662799916024,200.96531298805183,2549.9961515942964,75.92061511406615,58.094090741566795,0,5.487866723198432,250,33344.911979539036,0.0
1375,226.755,85.03239413280441,1330.0341410146636,200.81233064413715,2549.9961515942964,75.92050940501977,58.07154519157512,0,5.487947487665333,250,33345.40271376706,0.0
1376,226.76,85.05945400101137,1329.0020039356396,200.65934655733142,2549.9961515942964,75.92040369597342,58.04899093759615,0,5.4880282208491975,250,33345.89325791573,0.0
1377,226.765,85.08653356310623,1327.9698692559393,200.5063608002518,2549.9961515942964,75.92029798692704,58.02642798045147,0,5.488108922737934,250,33346.383611911595,0.0
1378,226.76999999999998,85.11363282880988,1326.9377374773287,200.35337344563575,2549.9961515942964,75.92019227788069,58.00385632096777,0,5.488189593319451,250,33346.873775681175,0.0
1379,226.775,85.14075180783983,1325.9056091019288,200.20038456620787,2549.9961515942964,75.92008656883431,57.98127595997689,0,5.488270232581659,250,33347.36374915103,0.0
1380,226.78,85.16789050991012,1324.8734846322168,200.04739423481124,2549.9961515942964,75.91998085978796,57.95868689831581,0,5.48835084051247,250,33347.85353224769,0.0
1381,226.785,85.1950489447315,1323.8413645710232,199.89440252430086,2549.9961515942964,75.91987515074157,57.93608913682669,0,5.488431417099798,250,33348.34312489773,0.0
1382,226.79,85.22222712201113,1322.8092494215357,199.74140950760884,2549.9961515942964,75.91976944169522,57.913482676356786,0,5.488511962331557,250,33348.8325270277,0.0
1383,226.795,85.24942505145282,1321.7771396872924,199.58841525771268,2549.9961515942964,75.91966373264884,57.89086751775857,0,5.4885924761956595,250,33349.321738564184,0.0
1384,226.79999999999998,85.27664274275685,1320.7450358721894,199.4354198476444,2549.9961515942964,75.91955802360249,57.86824366188964,0,5.4886729586800245,250,33349.81075943375,0.0
1385,226.805,85.30388020562005,1319.7129384804728,199.28242335046374,2549.9961515942964,75.91945231455611,57.845611109612754,0,5.488753409772569,250,33350.29958956299,0.0
1386,226.81,85.33113744973572,1318.680848016743,199.1294258393315,2549.9961515942964,75.91934660550976,57.82296986179585,0,5.4888338294612105,250,33350.78822887848,0.0
1387,226.815,85.35841448479363,1317.6487649859537,198.97642738740853,2549.9961515942964,75.91924089646338,57.80031991931202,0,5.4889142177338694,250,33351.27667730685,0.0
1388,226.82,85.3857113204801,1316.6166898934105,198.82342806797186,2549.9961515942964,75.91913518741703,57.77766128303953,0,5.488994574578468,250,33351.764934774685,0.0
1389,226.825,85.4130279664778,1315.5846232447702,198.6704279543159,2549.9961515942964,75.91902947837065,57.754993953861835,0,5.489074899982927,250,33352.253001208606,0.0
1390,226.82999999999998,85.44036443246588,1314.5525655460422,198.51742711975837,2549.9961515942964,75.91892376932428,57.73231793266756,0,5.48915519393517,250,33352.74087653523,0.0
1391,226.835,85.4677207281199,1313.520517303586,198.36442563775722,2549.9961515942964,75.91881806027791,57.7096332203505,0,5.489235456423124,250,33353.228560681186,0.0
1392,226.84,85.49509686311183,1312.488479024113,198.2114235817459,2549.9961515942964,75.91871235123155,57.68693981780965,0,5.489315687434711,250,33353.71605357312,0.0
1393,226.845,85.52249284711,1311.4564512146842,198.05842102522487,2549.9961515942964,75.91860664218518,57.66423772594918,0,5.489395886957861,250,33354.203355137666,0.0
1394,226.85,85.54990868977913,1310.4244343827108,197.90541804175052,2549.9961515942964,75.91850093313882,57.64152694567844,0,5.489476054980502,250,33354.69046530148,0.0
1395,226.855,85.57734440078035,1309.3924290359541,197.75241470494788,2549.9961515942964,75.91839522409245,57.618807477912014,0,5.489556191490562,250,33355.17738399121,0.0
1396,226.85999999999999,85.60479998977102,1308.360435682524,197.59941108850776,2549.9961515942964,75.91828951504608,57.59607932356964,0,5.4896362964759735,250,33355.66411113355,0.0
1397,226.865,85.6322754664049,1307.328454830879,197.4464072661182,2549.9961515942964,75.91818380599973,57.57334248357627,0,5.489716369924668,250,33356.150646655144,0.0
1398,226.87,85.65977084033202,1306.2964869898276,197.2934033116056,2549.9961515942964,75.91807809695335,57.550596958862066,0,5.48979641182458,250,33356.636990482686,0.0
1399,226.875,85.68728612119872,1305.2645326685247,197.14039929875764,2549.9961515942964,75.917972387907,57.52784275036239,0,5.4898764221636425,250,33357.12314254287,0.0
1400,226.88,85.71482131864761,1304.2325923764733,196.9873953014494,2549.9961515942964,75.91786667886062,57.50507985901781,0,5.489956400929792,250,33357.609102762384,0.0
1401,226.885,85.74237644231759,1303.2006666235247,196.8343913936557,2549.9961515942964,75.91776096981427,57.48230828577411,0,5.490036348110966,250,33358.094871067944,0.0
1402,226.89,85.76995150184372,1302.1687559198765,196.6813876493374,2549.9961515942964,75.91765526076789,57.45952803158228,0,5.490116263695103,250,33358.58044738626,0.0
1403,226.89499999999998,85.7975465068574,1301.1368607760714,196.52838414252884,2549.9961515942964,75.91754955172154,57.436739097398544,0,5.490196147670142,250,33359.06583164404,0.0
1404,226.9,85.82516146698613,1300.104981703001,196.37538094735646,2549.9961515942964,75.91744384267515,57.413941484184335,0,5.490276000024026,250,33359.551023768036,0.0
1405,226.905,85.8527963918537,1299.0731192118997,196.22237813791702,2549.9961515942964,75.9173381336288,57.39113519290631,0,5.490355820744695,250,33360.03602368497,0.0
1406,226.91,85.88045129107998,1298.04127381435,196.06937578848252,2549.9961515942964,75.91723242458242,57.36832022453637,0,5.4904356098200955,250,33360.520831321584,0.0
1407,226.915,85.90812617428114,1297.0094460222774,195.91637397321622,2549.9961515942964,75.91712671553607,57.34549658005162,0,5.490515367238171,250,33361.00544660464,0.0
1408,226.92,85.93582105106933,1295.9776363479534,195.763372766462,2549.9961515942964,75.91702100648969,57.322664260434415,0,5.490595092986868,250,33361.48986946089,0.0
1409,226.92499999999998,85.96353593105295,1294.9458453039915,195.6103722425867,2549.9961515942964,75.91691529744334,57.29982326667235,0,5.490674787054135,250,33361.97409981712,0.0
1410,226.93,85.99127082383647,1293.9140734033513,195.45737247598268,2549.9961515942964,75.91680958839696,57.276973599758236,0,5.49075444942792,250,33362.45813760009,0.0
1411,226.935,86.01902573902049,1292.8823211593344,195.30437354111007,2549.9961515942964,75.9167038793506,57.254115260690156,0,5.490834080096175,250,33362.94198273661,0.0
1412,226.94,86.04680068620169,1291.850589085585,195.15137551251647,2549.9961515942964,75.91659817030423,57.23124825047142,0,5.490913679046852,250,33363.42563515344,0.0
1413,226.945,86.07459567497276,1290.8188776960915,194.9983784647256,2549.9961515942964,75.91649246125786,57.20837257011059,0,5.490993246267902,250,33363.90909477741,0.0
1414,226.95,86.10241071492244,1289.7871875051828,194.84538247235275,2549.9961515942964,75.9163867522115,57.185488220621494,0,5.491072781747281,250,33364.39236153532,0.0
1415,226.95499999999998,86.13024581563559,1288.7555190275302,194.69238761009515,2549.9961515942964,75.91628104316513,57.162595203023194,0,5.491152285472945,250,33364.87543535399,0.0
1416,226.96,86.15810098669307,1287.7238727781466,194.53939395264274,2549.9961515942964,75.91617533411876,57.13969351834001,0,5.491231757432852,250,33365.35831616025,0.0
1417,226.965,86.1859762376717,1286.6922492723852,194.38640157477536,2549.9961515942964,75.9160696250724,57.11678316760155,0,5.4913111976149604,250,33365.84100388093,0.0
1418,226.97,86.21387157814422,1285.66064902594,194.2334105513455,2549.9961515942964,75.91596391602603,57.093864151842645,0,5.49139060600723,250,33366.323498442885,0.0
1419,226.975,86.24178701767947,1284.6290725548452,194.08042095720407,2549.9961515942964,75.91585820697966,57.07093647210342,0,5.491469982597624,250,33366.80579977297,0.0
1420,226.98,86.26972256584219,1283.5975203754745,193.92743286730976,2549.9961515942964,75.9157524979333,57.048000129429276,0,5.491549327374105,250,33367.28790779804,0.0
1421,226.98499999999999,86.29767823219305,1282.565993004541,193.7744463565879,2549.9961515942964,75.91564678888693,57.02505512487087,0,5.4916286403246355,250,33367.76982244497,0.0
1422,226.99,86.32565402628863,1281.534490959096,193.62146150012055,2549.9961515942964,75.91554107984057,57.00210145948412,0,5.491707921437183,250,33368.25154364063,0.0
1423,226.995,86.35364995768141,1280.5030147565305,193.4684783729695,2549.9961515942964,75.9154353707942,56.979139134330275,0,5.491787170699715,250,33368.73307131192,0.0
1424,227.0,86.3816660359198,1279.471564914574,193.31549705028502,2549.9961515942964,75.91532966174783,56.956168150475804,0,5.491866388100201,250,33369.21440538574,0.0
1425,227.005,86.40970227054805,1278.4401419512897,193.16251760721408,2549.9961515942964,75.91522395270147,56.9331885089925,0,5.49194557362661,250,33369.69554578898,0.0
1426,227.01,86.43775867110628,1277.4087463850828,193.00954011905145,2549.9961515942964,75.9151182436551,56.910200210957434,0,5.492024727266913,250,33370.176492448576,0.0
1427,227.015,86.46583524713043,1276.377378734693,192.8565646610504,2549.9961515942964,75.91501253460873,56.88720325745296,0,5.492103849009086,250,33370.65724529143,0.0
1428,227.01999999999998,86.49393200815227,1275.346039519196,192.70359130855752,2549.9961515942964,75.91490682556237,56.86419764956675,0,5.492182938841102,250,33371.1378042445,0.0
1429,227.025,86.52204896369936,1274.314729258005,192.55062013697398,2549.9961515942964,75.914801116516,56.84118338839173,0,5.492261996750938,250,33371.61816923471,0.0
1430,227.03,86.55018612329512,1273.2834484708667,192.39765122172597,2549.9961515942964,75.91469540746964,56.818160475026154,0,5.492341022726571,250,33372.09834018901,0.0
1431,227.035,86.57834349645861,1272.2521976778648,192.24468463832983,2549.9961515942964,75.91458969842327,56.79512891057359,0,5.492420016755981,250,33372.57831703437,0.0
1432,227.04,86.60652109270478,1271.2209773994168,192.09172046232118,2549.9961515942964,75.91448398937692,56.77208869614289,0,5.492498978827148,250,33373.058099697766,0.0
1433,227.045,86.63471892154423,1270.1897881562745,191.9387587692969,2549.9961515942964,75.91437828033054,56.74903983284821,0,5.492577908928055,250,33373.53768810617,0.0
1434,227.04999999999998,86.66293699248337,1269.1586304695231,191.78579963490827,2549.9961515942964,75.91427257128419,56.725982321809035,0,5.492656807046687,250,33374.01708218656,0.0
1435,227.055,86.69117531502422,1268.1275048605814,191.6328431348431,2549.9961515942964,75.9141668622378,56.70291616415015,0,5.492735673171026,250,33374.49628186595,0.0
1436,227.06,86.71943389866455,1267.0964118512022,191.47988934485565,2549.9961515942964,75.91406115319145,56.67984136100167,0,5.492814507289062,250,33374.97528707134,0.0
1437,227.065,86.74771275289777,1266.0653519634698,191.32693834076116,2549.9961515942964,75.91395544414507,56.65675791349903,0,5.492893309388782,250,33375.454097729744,0.0
1438,227.07,86.77601188721302,1265.0343257198006,191.17399019839212,2549.9961515942964,75.91384973509872,56.633665822782966,0,5.492972079458177,250,33375.93271376819,0.0
1439,227.075,86.80433131109496,1264.0033336429433,191.02104499366544,2549.9961515942964,75.91374402605234,56.61056508999957,0,5.493050817485237,250,33376.41113511372,0.0
1440,227.07999999999998,86.83267103402402,1262.9723762559777,190.86810280252772,2549.9961515942964,75.91363831700598,56.58745571630024,0,5.493129523457957,250,33376.889361693364,0.0
1441,227.085,86.86103106547607,1261.9414540823127,190.71516370096376,2549.9961515942964,75.91353260795961,56.56433770284171,0,5.493208197364329,250,33377.367393434186,0.0
1442,227.09,86.88941141492275,1260.910567645691,190.56222776505513,2549.9961515942964,75.91342689891324,56.54121105078605,0,5.493286839192353,250,33377.84523026325,0.0
1443,227.095,86.91781209183112,1259.8797174701817,190.40929507090956,2549.9961515942964,75.91332118986688,56.518075761300686,0,5.4933654489300245,250,33378.32287210764,0.0
1444,227.1,86.94623310566391,1258.8489040801865,190.25636569467224,2549.9961515942964,75.91321548082051,56.49493183555836,0,5.493444026565344,250,33378.80031889442,0.0
1445,227.105,86.97467446587933,1257.8181280004335,190.10343971251805,2549.9961515942964,75.91310977177415,56.47177927473716,0,5.493522572086313,250,33379.277570550694,0.0
1446,227.10999999999999,87.00313618193114,1256.7873897559814,189.95051720075034,2549.9961515942964,75.91300406272778,56.44861808002053,0,5.4936010854809325,250,33379.75462700357,0.0
1447,227.115,87.03161826326861,1255.7566898722155,189.79759823563856,2549.9961515942964,75.91289835368141,56.425448252597256,0,5.4936795667372085,250,33380.23148818016,0.0
1448,227.12,87.06012071933645,1254.7260288748505,189.6446828935683,2549.9961515942964,75.91279264463505,56.40226979366148,0,5.493758015843147,250,33380.708154007574,0.0
1449,227.125,87.08864355957493,1253.6954072899273,189.49177125092706,2549.9961515942964,75.91268693558868,56.3790827044127,0,5.493836432786754,250,33381.184624412956,0.0
1450,227.13,87.1171867934197,1252.664825643814,189.3388633841683,2549.9961515942964,75.91258122654231,56.35588698605577,0,5.493914817556041,250,33381.660899323455,0.0
1451,227.135,87.14575043030194,1251.6342844632052,189.18595936981342,2549.9961515942964,75.91247551749595,56.33268263980089,0,5.493993170139016,250,33382.13697866621,0.0
1452,227.14,87.17433447964818,1250.6037842751205,189.0330592843758,2549.9961515942964,75.91236980844958,56.30946966686365,0,5.494071490523695,250,33382.61286236839,0.0
1453,227.14499999999998,87.20293895088034,1249.573325606907,188.88016320455324,2549.9961515942964,75.91226409940322,56.286248068464985,0,5.49414977869809,250,33383.08855035716,0.0
1454,227.15,87.23156385341582,1248.542908986235,188.7272712068924,2549.9961515942964,75.91215839035685,56.263017845831214,0,5.494228034650218,250,33383.56404255973,0.0
1455,227.155,87.26020919666733,1247.512534941101,188.57438336820692,2549.9961515942964,75.91205268131048,56.239779000194005,0,5.4943062583680975,250,33384.039338903276,0.0
1456,227.16,87.28887499004296,1246.4822039998244,188.42149976515205,2549.9961515942964,75.91194697226412,56.216531532790434,0,5.494384449839746,250,33384.514439315,0.0
1457,227.165,87.31756124294614,1245.451916691049,188.26862047459616,2549.9961515942964,75.91184126321775,56.19327544486292,0,5.494462609053185,250,33384.98934372211,0.0
1458,227.17,87.34626796477563,1244.421673543741,188.11574557336635,2549.9961515942964,75.91173555417139,56.17001073765929,0,5.494540735996438,250,33385.46405205185,0.0
1459,227.17499999999998,87.37499516492547,1243.3914750871913,187.9628751383621,2549.9961515942964,75.91162984512502,56.146737412432735,0,5.4946188306575285,250,33385.93856423144,0.0
1460,227.18,87.40374285278502,1242.3613218510118,187.81000924656615,2549.9961515942964,75.91152413607865,56.12345547044185,0,5.494696893024483,250,33386.41288018814,0.0
1461,227.185,87.43251103773889,1241.3312143651362,187.6571479749742,2549.9961515942964,75.91141842703229,56.10016491295059,0,5.4947749230853296,250,33386.88699984919,0.0
1462,227.19,87.461299729167,1240.3011531598204,187.5042914005951,2549.9961515942964,75.91131271798592,56.07686574122834,0,5.494852920828099,250,33387.36092314186,0.0
1463,227.195,87.49010893644444,1239.2711387656407,187.351439600605,2549.9961515942964,75.91120700893956,56.053557956549845,0,5.49493088624082,250,33387.83464999344,0.0
1464,227.2,87.51893866894153,1238.2411717134944,187.1985926520847,2549.9961515942964,75.91110129989319,56.030241560195265,0,5.495008819311528,250,33388.30818033121,0.0
1465,227.20499999999998,87.54778893602389,1237.2112525345985,187.04575063226338,2549.9961515942964,75.91099559084682,56.006916553450154,0,5.495086720028258,250,33388.78151408247,0.0
1466,227.21,87.57665974705223,1236.18138176049,186.89291361838883,2549.9961515942964,75.91088988180046,55.98358293760547,0,5.495164588379046,250,33389.25465117452,0.0
1467,227.215,87.60555111138244,1235.1515599230254,186.74008168779267,2549.9961515942964,75.91078417275409,55.960240713957575,0,5.49524242435193,250,33389.72759153469,0.0
1468,227.22,87.63446303836564,1234.121787554379,186.58725491776653,2549.9961515942964,75.91067846370773,55.93688988380825,0,5.4953202279349505,250,33390.20033509032,0.0
1469,227.225,87.66339553734798,1233.0920651870438,186.4344333857074,2549.9961515942964,75.91057275466136,55.91353044846467,0,5.4953979991161495,250,33390.67288176873,0.0
1470,227.23,87.69234861767087,1232.0623933538304,186.28161716911887,2549.9961515942964,75.910467045615,55.89016240923943,0,5.495475737883572,250,33391.14523149729,0.0
1471,227.23499999999999,87.72132228867069,1231.0327725878676,186.12880634543419,2549.9961515942964,75.91036133656863,55.86678576745056,0,5.495553444225261,250,33391.61738420336,0.0
1472,227.24,87.75031655967898,1230.0032034226003,185.97600099220773,2549.9961515942964,75.91025562752226,55.84340052442146,0,5.495631118129267,250,33392.089339814316,0.0
1473,227.245,87.77933144002235,1228.9736863917897,185.8232011870578,2549.9961515942964,75.9101499184759,55.82000668148101,0,5.4957087595836365,250,33392.56109825753,0.0
1474,227.25,87.80836693902242,1227.9442220295123,185.67040700762428,2549.9961515942964,75.91004420942953,55.79660423996348,0,5.495786368576422,250,33393.03265946042,0.0
1475,227.255,87.8374230659959,1226.9148108701622,185.51761853155864,2549.9961515942964,75.90993850038316,55.77319320120858,0,5.495863945095676,250,33393.504023350375,0.0
1476,227.26,87.86649983025451,1225.885453448447,185.36483583661555,2549.9961515942964,75.9098327913368,55.74977356656144,0,5.4959414891294545,250,33393.97518985482,0.0
1477,227.265,87.89559724110495,1224.856150299388,185.2120590005561,2549.9961515942964,75.90972708229043,55.72634533737263,0,5.496019000665812,250,33394.44615890119,0.0
1478,227.26999999999998,87.92471530784896,1223.8269019583224,185.05928810125724,2549.9961515942964,75.90962137324406,55.70290851499816,0,5.496096479692809,250,33394.91693041693,0.0
1479,227.275,87.9538540397831,1222.7977089608996,184.90652321658496,2549.9961515942964,75.9095156641977,55.67946310079947,0,5.496173926198504,250,33395.3875043295,0.0
1480,227.28,87.98301344619911,1221.768571843083,184.75376442447853,2549.9961515942964,75.90940995515133,55.656009096143435,0,5.496251340170961,250,33395.85788056634,0.0
1481,227.285,88.01219353638348,1220.7394911411475,184.6010118028946,2549.9961515942964,75.90930424610497,55.63254650240239,0,5.496328721598243,250,33396.32805905494,0.0
1482,227.29,88.04139431961771,1219.7104673916813,184.44826542986982,2549.9961515942964,75.9091985370586,55.609075320954105,0,5.4964060704684155,250,33396.79803972279,0.0
1483,227.295,88.07061580517815,1218.6815011315834,184.29552538343444,2549.9961515942964,75.90909282801223,55.58559555318181,0,5.496483386769547,250,33397.267822497386,0.0
1484,227.29999999999998,88.09985800233608,1217.6525928980648,184.14279174179563,2549.9961515942964,75.90898711896587,55.56210720047417,0,5.496560670489708,250,33397.73740730623,0.0
1485,227.305,88.1291209203576,1216.6237432286466,183.99006458304063,2549.9961515942964,75.9088814099195,55.53861026422533,0,5.496637921616969,250,33398.20679407686,0.0
1486,227.31,88.1584045685037,1215.5949526611603,183.83734398544917,2549.9961515942964,75.90877570087314,55.51510474583486,0,5.496715140139404,250,33398.6759827368,0.0
1487,227.315,88.1877089560302,1214.5662217337467,183.68463002722842,2549.9961515942964,75.90866999182677,55.491590646707806,0,5.496792326045088,250,33399.144973213595,0.0
1488,227.32,88.21703409218769,1213.5375509848568,183.53192278674712,2549.9961515942964,75.9085642827804,55.46806796825469,0,5.4968694793221,250,33399.613765434806,0.0
1489,227.325,88.24637998622163,1212.5089409532497,183.37922234233693,2549.9961515942964,75.90845857373404,55.444536711891466,0,5.496946599958517,250,33400.082359328,0.0
1490,227.32999999999998,88.27574664737216,1211.4803921779928,183.2265287724234,2549.9961515942964,75.90835286468767,55.420996879039585,0,5.497023687942422,250,33400.55075482075,0.0
1491,227.335,88.30513408487428,1210.4519051984614,183.07384215544698,2549.9961515942964,75.9082471556413,55.39744847112596,0,5.497100743261898,250,33401.01895184067,0.0
1492,227.34,88.33454230795772,1209.4234805543385,182.9211625698711,2549.9961515942964,75.90814144659494,55.373891489582974,0,5.49717776590503,250,33401.486950315346,0.0
1493,227.345,88.36397132584689,1208.3951187856126,182.76849009432175,2549.9961515942964,75.90803573754857,55.35032593584849,0,5.497254755859906,250,33401.9547501724,0.0
1494,227.35,88.39342114776093,1207.3668204325807,182.6158248073864,2549.9961515942964,75.90793002850221,55.32675181136583,0,5.497331713114614,250,33402.42235133946,0.0
1495,227.355,88.42289178291371,1206.3385860358433,182.46316678762906,2549.9961515942964,75.90782431945584,55.303169117583835,0,5.497408637657247,250,33402.889753744166,0.0
1496,227.35999999999999,88.45238324051371,1205.310416136308,182.3105161138097,2549.9961515942964,75.90771861040947,55.27957785595679,0,5.497485529475896,250,33403.35695731418,0.0
1497,227.365,88.4818955297642,1204.2823112751867,182.15787286467264,2549.9961515942964,75.90761290136311,55.25597802794449,0,5.4975623885586575,250,33403.82396197715,0.0
1498,227.37,88.51142865986294,1203.254271993995,182.00523711897185,2549.9961515942964,75.90750719231674,55.232369635012205,0,5.497639214893629,250,33404.290767660765,0.0
1499,227.375,88.54098264000238,1202.226298834553,181.85260895555896,2549.9961515942964,75.90740148327038,55.20875267863072,0,5.497716008468908,250,33404.75737429271,0.0
1500,227.38,88.57055747936958,1201.198392338985,181.69998845329167,2549.9961515942964,75.90729577422401,55.18512716027628,0,5.497792769272597,250,33405.22378180069,0.0
1501,227.385,88.60015318714623,1200.1705530497163,181.547375691137,2549.9961515942964,75.90719006517764,55.161493081430656,0,5.4978694972927995,250,33405.68999011242,0.0
1502,227.39,88.6297697725085,1199.1427815094762,181.3947707480298,2549.9961515942964,75.90708435613128,55.13785044358111,0,5.497946192517619,250,33406.15599915562,0.0
1503,227.39499999999998,88.6594072446272,1198.115078261295,181.24217370300772,2549.9961515942964,75.90697864708491,55.11419924822037,0,5.498022854935166,250,33406.621808858035,0.0
1504,227.4,88.68906561266766,1197.087443848504,181.08958463513207,2549.9961515942964,75.90687293803855,55.090539496846745,0,5.498099484533547,250,33407.087419147414,0.0
1505,227.405,88.71874488578965,1196.059878814737,180.93700362350012,2549.9961515942964,75.90676722899218,55.066871190963965,0,5.498176081300875,250,33407.55282995152,0.0
1506,227.41,88.74844507314762,1195.0323837039264,180.78443074731442,2549.9961515942964,75.90666151994581,55.043194332081335,0,5.498252645225263,250,33408.01804119813,0.0
1507,227.415,88.77816618389032,1194.0049590603055,180.63186608571777,2549.9961515942964,75.90655581089945,55.019508921713644,0,5.498329176294828,250,33408.483052815034,0.0
1508,227.42,88.80790822716106,1192.9776054284066,180.47930971802913,2549.9961515942964,75.90645010185308,54.99581496138119,0,5.498405674497684,250,33408.94786473003,0.0
1509,227.42499999999998,88.83767121209763,1191.9503233530613,180.3267617235072,2549.9961515942964,75.90634439280672,54.972112452609814,0,5.498482139821955,250,33409.41247687094,0.0
1510,227.43,88.86745514783217,1190.9231133793987,180.17422218149795,2549.9961515942964,75.90623868376035,54.948401396930834,0,5.49855857225576,250,33409.87688916558,0.0
1511,227.435,88.8972600434913,1189.8959760528464,180.021691171422,2549.9961515942964,75.90613297471398,54.924681795881135,0,5.498634971787225,250,33410.3411015418,0.0
1512,227.44,88.92708590819605,1188.8689119191295,179.8691687726639,2549.9961515942964,75.90602726566762,54.90095365100309,0,5.498711338404475,250,33410.805113927454,0.0
1513,227.445,88.95693275106176,1187.841921524269,179.71665506475236,2549.9961515942964,75.90592155662125,54.87721696384464,0,5.498787672095638,250,33411.2689262504,0.0
1514,227.45,88.9868005811982,1186.815005414583,179.56415012719992,2549.9961515942964,75.90581584757489,54.853471735959204,0,5.498863972848845,250,33411.732538438526,0.0
1515,227.45499999999998,89.01668940770944,1185.7881641366853,179.41165403957717,2549.9961515942964,75.90571013852852,54.82971796890578,0,5.498940240652228,250,33412.195950419715,0.0
1516,227.46,89.04659923969392,1184.761398237485,179.25916688148845,2549.9961515942964,75.90560442948215,54.80595566424888,0,5.499016475493923,250,33412.65916212187,0.0
1517,227.465,89.07653008624438,1183.7347082641857,179.10668873264018,2549.9961515942964,75.90549872043579,54.78218482355854,0,5.499092677362064,250,33413.12217347291,0.0
1518,227.47,89.10648195644788,1182.7080947642849,178.9542196727044,2549.9961515942964,75.90539301138942,54.75840544841036,0,5.4991688462447925,250,33413.584984400775,0.0
1519,227.475,89.13645485938565,1181.6815582855745,178.80175978148486,2549.9961515942964,75.90528730234305,54.73461754038547,0,5.499244982130248,250,33414.047594833406,0.0
1520,227.48,89.16644880413334,1180.65509937614,178.64930913872396,2549.9961515942964,75.90518159329669,54.710821101070565,0,5.499321085006575,250,33414.51000469875,0.0
1521,227.48499999999999,89.1964637997607,1179.6287185843591,178.49686782431215,2549.9961515942964,75.90507588425032,54.68701613205784,0,5.49939715486192,250,33414.97221392479,0.0
1522,227.49,89.2264998553318,1178.6024164589012,178.34443591813496,2549.9961515942964,75.90497017520396,54.66320263494509,0,5.4994731916844275,250,33415.43422243951,0.0
1523,227.495,89.25655697990487,1177.5761935487278,178.19201350012918,2549.9961515942964,75.90486446615759,54.63938061133563,0,5.499549195462251,250,33415.896030170894,0.0
1524,227.5,89.28663518253231,1176.5500504030915,178.0396006502631,2549.9961515942964,75.90475875711122,54.61555006283835,0,5.499625166183539,250,33416.35763704697,0.0
1525,227.505,89.31673447226073,1175.523987571536,177.8871974485622,2549.9961515942964,75.90465304806486,54.591710991067686,0,5.499701103836449,250,33416.81904299575,0.0
1526,227.51,89.34685485813092,1174.4980056038949,177.73480397514427,2549.9961515942964,75.90454733901849,54.56786339764362,0,5.499777008409135,250,33417.28024794527,0.0
1527,227.515,89.37699634917776,1173.4721050502899,177.5824203101035,2549.9961515942964,75.90444162997213,54.544007284191736,0,5.499852879889757,250,33417.741251823594,0.0
1528,227.51999999999998,89.40715895443017,1172.4462864611342,177.4300465335654,2549.9961515942964,75.90433592092576,54.52014265234315,0,5.499928718266476,250,33418.20205455878,0.0
1529,227.525,89.43734268291138,1171.4205503871276,177.27768272580008,2549.9961515942964,75.90423021187938,54.496269503734524,0,5.500004523527456,250,33418.6626560789,0.0
1530,227.53,89.46754754363853,1170.394897379259,177.12532896703863,2549.9961515942964,75.90412450283303,54.47238784000815,0,5.50008029566086,250,33419.123056312055,0.0
1531,227.535,89.49777354562285,1169.369327988804,176.97298533755318,2549.9961515942964,75.90401879378665,54.448497662811846,0,5.500156034654858,250,33419.58325518634,0.0
1532,227.54,89.52802069786968,1168.3438427673254,176.82065191774097,2549.9961515942964,75.9039130847403,54.424598973799014,0,5.50023174049762,250,33420.0432526299,0.0
1533,227.545,89.55828900937837,1167.3184422666727,176.66832878792582,2549.9961515942964,75.90380737569392,54.40069177462865,0,5.5003074131773175,250,33420.50304857084,0.0
1534,227.54999999999998,89.58857848914221,1166.2931270389806,176.51601602857346,2549.9961515942964,75.90370166664756,54.3767760669653,0,5.500383052682125,250,33420.962642937324,0.0
1535,227.555,89.61888914614858,1165.2678976366703,176.36371372017763,2549.9961515942964,75.9035959576012,54.352851852479105,0,5.500458659000219,250,33421.4220356575,0.0
1536,227.56,89.64922098937876,1164.2427546124468,176.21142194321052,2549.9961515942964,75.90349024855483,54.3289191328458,0,5.50053423211978,250,33421.88122665956,0.0
1537,227.565,89.67957402780812,1163.2176985192991,176.05914077826282,2549.9961515942964,75.90338453950847,54.30497790974668,0,5.50060977202899,250,33422.340215871685,0.0
1538,227.57,89.70994827040576,1162.1927299105012,175.90687030594435,2549.9961515942964,75.9032788304621,54.28102818486867,0,5.5006852787160305,250,33422.79900322208,0.0
1539,227.575,89.74034372613491,1161.1678493396091,175.75461060692786,2549.9961515942964,75.90317312141573,54.257069959904236,0,5.500760752169088,250,33423.25758863895,0.0
1540,227.57999999999998,89.77076040395258,1160.1430573604614,175.60236176187584,2549.9961515942964,75.90306741236937,54.23310323655147,0,5.500836192376353,250,33423.715972050544,0.0
1541,227.585,89.80119831280969,1159.1183545271801,175.45012385153655,2549.9961515942964,75.902961703323,54.20912801651405,0,5.500911599326014,250,33424.1741533851,0.0
1542,227.59,89.83165746165108,1158.0937413941672,175.29789695669302,2549.9961515942964,75.90285599427663,54.18514430150125,0,5.500986973006266,250,33424.632132570885,0.0
1543,227.595,89.8621378594154,1157.0692185161072,175.14568115820433,2549.9961515942964,75.90275028523027,54.161152093227955,0,5.501062313405304,250,33425.08990953617,0.0
1544,227.6,89.89263951503516,1156.0447864479638,174.99347653692365,2549.9961515942964,75.9026445761839,54.137151393414634,0,5.501137620511325,250,33425.54748420924,0.0
1545,227.605,89.9231624374366,1155.0204457449818,174.84128317374785,2549.9961515942964,75.90253886713754,54.11314220378738,0,5.501212894312529,250,33426.00485651839,0.0
1546,227.60999999999999,89.95370663553989,1153.9961969626838,174.68910114965584,2549.9961515942964,75.90243315809117,54.089124526077875,0,5.501288134797121,250,33426.46202639196,0.0
1547,227.615,89.98427211825891,1152.9720406568729,174.5369305456433,2549.9961515942964,75.9023274490448,54.06509836202343,0,5.5013633419533035,250,33426.91899375826,0.0
1548,227.62,90.01485889450133,1151.9479773836297,174.38477144277485,2549.9961515942964,75.90222173999844,54.041063713366945,0,5.501438515769285,250,33427.37575854566,0.0
1549,227.625,90.0454669731685,1150.9240076993124,174.2326239221326,2549.9961515942964,75.90211603095207,54.01702058185696,0,5.501513656233276,250,33427.8323206825,0.0
1550,227.63,90.07609636315556,1149.9001321605574,174.0804880648072,2549.9961515942964,75.9020103219057,53.99296896924761,0,5.501588763333487,250,33428.288680097176,0.0
1551,227.635,90.10674707335136,1148.8763513242761,173.92836395201877,2549.9961515942964,75.90190461285934,53.96890887729867,0,5.501663837058133,250,33428.744836718055,0.0
1552,227.64,90.13741911263843,1147.8526657476577,173.77625166499504,2549.9961515942964,75.90179890381296,53.9448403077755,0,5.501738877395432,250,33429.20079047356,0.0
1553,227.64499999999998,90.16811248989295,1146.8290759881656,173.62415128497082,2549.9961515942964,75.90169319476661,53.92076326244912,0,5.501813884333603,250,33429.656541292105,0.0
1554,227.65,90.19882721398479,1145.8055826035388,173.4720628932665,2549.9961515942964,75.90158748572023,53.89667774309616,0,5.501888857860868,250,33430.11208910213,0.0
1555,227.655,90.22956329377742,1144.7821861517905,173.31998657125342,2549.9961515942964,75.90148177667388,53.87258375149889,0,5.501963797965451,250,33430.567433832075,0.0
1556,227.66,90.26032073812797,1143.758887191209,173.1679224002447,2549.9961515942964,75.9013760676275,53.84848128944519,0,5.502038704635578,250,33431.02257541041,0.0
1557,227.665,90.29109955588713,1142.735686280354,173.0158704617602,2549.9961515942964,75.90127035858114,53.82437035872858,0,5.502113577859481,250,33431.47751376561,0.0
1558,227.67,90.32189975589924,1141.712583978059,172.8638308372507,2549.9961515942964,75.90116464953476,53.80025096114822,0,5.502188417625389,250,33431.93224882618,0.0
1559,227.67499999999998,90.35272134700215,1140.6895808434292,172.71180360820117,2549.9961515942964,75.90105894048841,53.77612309850891,0,5.5022632239215366,250,33432.386780520625,0.0
1560,227.68,90.38356433802724,1139.666677435843,172.55978885621332,2549.9961515942964,75.90095323144203,53.75198677262108,0,5.502337996736162,250,33432.84110877747,0.0
1561,227.685,90.4144287377995,1138.6438743149477,172.40778666287073,2549.9961515942964,75.90084752239568,53.7278419853008,0,5.5024127360575035,250,33433.295233525256,0.0
1562,227.69,90.44531455513732,1137.6211720406618,172.25579710983118,2549.9961515942964,75.9007418133493,53.703688738369785,0,5.502487441873804,250,33433.74915469254,0.0
1563,227.695,90.47622179885272,1136.598571173175,172.10382027876526,2549.9961515942964,75.90063610430295,53.67952703365542,0,5.5025621141733065,250,33434.20287220789,0.0
1564,227.7,90.50715047775105,1135.5760722729449,171.9518562514457,2549.9961515942964,75.90053039525657,53.655356872990694,0,5.502636752944257,250,33434.656385999886,0.0
1565,227.70499999999998,90.53810060063125,1134.553675900699,171.79990510959144,2549.9961515942964,75.90042468621021,53.63117825821429,0,5.502711358174906,250,33435.10969599714,0.0
1566,227.71,90.56907217628563,1133.5313826174327,171.64796693507031,2549.9961515942964,75.90031897716383,53.606991191170515,0,5.502785929853506,250,33435.56280212826,0.0
1567,227.715,90.60006521349987,1132.5091929844082,171.4960418096819,2549.9961515942964,75.90021326811748,53.582795673709334,0,5.5028604679683095,250,33436.015704321886,0.0
1568,227.72,90.63107972105318,1131.487107563156,171.34412981538105,2549.9961515942964,75.9001075590711,53.55859170768638,0,5.502934972507575,250,33436.46840250666,0.0
1569,227.725,90.66211570771806,1130.4651269154729,171.19223103406136,2549.9961515942964,75.90000185002475,53.53437929496294,0,5.50300944345956,250,33436.92089661124,0.0
1570,227.73,90.69317318226045,1129.4432516034215,171.04034554773534,2549.9961515942964,75.89989614097838,53.51015843740595,0,5.503083880812528,250,33437.37318656431,0.0
1571,227.73499999999999,90.72425215343954,1128.4214821893295,170.8884734384397,2549.9961515942964,75.89979043193202,53.48592913688804,0,5.503158284554743,250,33437.825272294576,0.0
1572,227.74,90.75535263000792,1127.3998192357906,170.73661478821901,2549.9961515942964,75.89968472288565,53.461691395287474,0,5.503232654674474,250,33438.277153730734,0.0
1573,227.745,90.78647462071146,1126.3782633056614,170.58476967915897,2549.9961515942964,75.89957901383929,53.4374452144882,0,5.503306991159989,250,33438.72883080151,0.0
1574,227.75,90.8176181342894,1125.3568149620628,170.43293819343864,2549.9961515942964,75.89947330479292,53.413190596379835,0,5.50338129399956,250,33439.18030343565,0.0
1575,227.755,90.84878317947418,1124.335474768379,170.28112041325684,2549.9961515942964,75.89936759574655,53.388927542857665,0,5.503455563181463,250,33439.631571561906,0.0
1576,227.76,90.87996976499151,1123.3142432882564,170.12931642082054,2549.9961515942964,75.89926188670019,53.36465605582265,0,5.503529798693974,250,33440.08263510906,0.0
1577,227.765,90.91117789956033,1122.2931210856038,169.9775262984139,2549.9961515942964,75.89915617765382,53.34037613718143,0,5.503604000525376,250,33440.533494005904,0.0
1578,227.76999999999998,90.94240759189286,1121.272108724591,169.82575012833084,2549.9961515942964,75.89905046860746,53.31608778884632,0,5.50367816866395,250,33440.984148181225,0.0
1579,227.775,90.97365885069446,1120.2512067696487,169.67398799296652,2549.9961515942964,75.89894475956108,53.29179101273531,0,5.503752303097982,250,33441.43459756386,0.0
1580,227.78,91.00493168466373,1119.2304157854676,169.5222399746985,2549.9961515942964,75.89883905051472,53.26748581077209,0,5.50382640381576,250,33441.88484208263,0.0
1581,227.785,91.03622610249235,1118.2097363369987,169.37050615594086,2549.9961515942964,75.89873334146834,53.24317218488602,0,5.503900470805573,250,33442.334881666415,0.0
1582,227.79,91.06754211286525,1117.1891689894514,169.2187866191974,2549.9961515942964,75.89862763242199,53.21885013701216,0,5.5039745040557175,250,33442.78471624406,0.0
1583,227.795,91.09887972446045,1116.1687143082938,169.06708144699203,2549.9961515942964,75.89852192337561,53.194519669091235,0,5.504048503554488,250,33443.234345744466,0.0
1584,227.79999999999998,91.13023894594906,1115.1483728592525,168.91539072184946,2549.9961515942964,75.89841621432926,53.17018078306969,0,5.5041224692901825,250,33443.68377009652,0.0
1585,227.805,91.16161978599534,1114.1281452083097,168.76371452637972,2549.9961515942964,75.89831050528288,53.14583348089964,0,5.504196401251105,250,33444.132989229154,0.0
1586,227.81,91.19302225325657,1113.1080319217062,168.6120529432629,2549.9961515942964,75.89820479623653,53.12147776453891,0,5.504270299425556,250,33444.58200307129,0.0
1587,227.815,91.22444635638307,1112.088033565938,168.46040605511894,2549.9961515942964,75.89809908719015,53.09711363595103,0,5.504344163801845,250,33445.03081155189,0.0
1588,227.82,91.2558921040183,1111.068150707757,168.30877394471926,2549.9961515942964,75.8979933781438,53.0727410971052,0,5.504417994368281,250,33445.479414599926,0.0
1589,227.825,91.28735950479867,1110.0483839141696,168.1571566948064,2549.9961515942964,75.89788766909741,53.048360149976354,0,5.5044917911131765,250,33445.92781214437,0.0
1590,227.82999999999998,91.31884856735358,1109.0287337524371,168.00555438815533,2549.9961515942964,75.89778196005106,53.02397079654511,0,5.504565554024846,250,33446.37600411422,0.0
1591,227.835,91.35035930030544,1108.009200790074,167.85396710763646,2549.9961515942964,75.89767625100468,52.99957303879779,0,5.504639283091608,250,33446.82399043851,0.0
1592,227.84,91.38189171226963,1106.9897855948482,167.70239493611854,2549.9961515942964,75.89757054195833,52.975166878726434,0,5.5047129783017805,250,33447.27177104625,0.0
1593,227.845,91.41344581185452,1105.9704887347805,167.55083795652817,2549.9961515942964,75.89746483291195,52.950752318328796,0,5.504786639643689,250,33447.71934586651,0.0
1594,227.85,91.44502160766127,1104.9513107781434,167.39929625184683,2549.9961515942964,75.8973591238656,52.92632935960833,0,5.50486026710566,250,33448.16671482836,0.0
1595,227.855,91.47661910828411,1103.9322522934606,167.24776990505126,2549.9961515942964,75.89725341481922,52.90189800457421,0,5.5049338606760205,250,33448.613877860866,0.0
1596,227.85999999999999,91.50823832231009,1102.9133138495072,167.09625899914386,2549.9961515942964,75.89714770577287,52.87745825524132,0,5.505007420343103,250,33449.060834893135,0.0
1597,227.865,91.53987925831912,1101.8944960153074,166.9447636172796,2549.9961515942964,75.89704199672649,52.85301011363026,0,5.505080946095242,250,33449.50758585429,0.0
1598,227.87,91.571541924884,1100.8757993601362,166.79328384252673,2549.9961515942964,75.89693628768013,52.82855358176738,0,5.505154437920773,250,33449.95413067347,0.0
1599,227.875,91.60322633057037,1099.857224453517,166.6418197580592,2549.9961515942964,75.89683057863375,52.80408866168471,0,5.505227895808037,250,33450.400469279804,0.0
1600,227.88,91.63493248393662,1098.8387718652214,166.49037144708223,2549.9961515942964,75.8967248695874,52.77961535542002,0,5.505301319745376,250,33450.84660160248,0.0
1601,227.885,91.66666039353406,1097.820442165269,166.3389389928024,2549.9961515942964,75.89661916054102,52.755133665016814,0,5.505374709721137,250,33451.29252757069,0.0
1602,227.89,91.69841006790669,1096.8022359239274,166.18752247852956,2549.9961515942964,75.89651345149466,52.730643592524316,0,5.505448065723666,250,33451.738247113615,0.0
1603,227.89499999999998,91.73018151559131,1095.7841537117088,166.03612198757932,2549.9961515942964,75.89640774244829,52.706145139997474,0,5.505521387741316,250,33452.18376016049,0.0
1604,227.9,91.76197474511747,1094.766196099373,165.88473760329836,2549.9961515942964,75.89630203340192,52.68163830949699,0,5.50559467576244,250,33452.629066640555,0.0
1605,227.905,91.7937897650074,1093.748363657925,165.73336940903468,2549.9961515942964,75.89619632435557,52.65712310308928,0,5.505667929775396,250,33453.07416648306,0.0
1606,227.91,91.82562658377608,1092.730656958614,165.58201748829617,2549.9961515942964,75.89609061530919,52.6325995228465,0,5.505741149768542,250,33453.51905961726,0.0
1607,227.915,91.85748520993123,1091.7130765729335,165.43068192448706,2549.9961515942964,75.89598490626284,52.608067570846536,0,5.505814335730242,250,33453.96374597247,0.0
1608,227.92,91.88936565197315,1090.695623072621,165.2793628011778,2549.9961515942964,75.89587919721646,52.58352724917303,0,5.50588748764886,250,33454.408225477986,0.0
1609,227.92499999999998,91.92126791839482,1089.678297029656,165.12806020185383,2549.9961515942964,75.89577348817011,52.55897855991536,0,5.505960605512765,250,33454.85249806313,0.0
1610,227.93,91.95319201768187,1088.6610990162615,164.9767742101577,2549.9961515942964,75.89566777912373,52.53442150516864,0,5.506033689310327,250,33455.29656365725,0.0
1611,227.935,91.98513795831255,1087.6440296049007,164.82550490967418,2549.9961515942964,75.89556207007737,52.50985608703373,0,5.5061067390299225,250,33455.740422189694,0.0
1612,227.94,92.01710574875773,1086.6270893682795,164.67425238409544,2549.9961515942964,75.895456361031,52.485282307617254,0,5.506179754659927,250,33456.184073589844,0.0
1613,227.945,92.04909539748076,1085.610278879343,164.5230167170819,2549.9961515942964,75.89535065198464,52.46070016903156,0,5.506252736188719,250,33456.6275177871,0.0
1614,227.95,92.0811069129377,1084.593598711277,164.37179799241576,2549.9961515942964,75.89524494293826,52.43610967339477,0,5.506325683604682,250,33457.07075471087,0.0
1615,227.95499999999998,92.11314030357704,1083.5770494375063,164.22059629386214,2549.9961515942964,75.89513923389191,52.411510822830735,0,5.506398596896203,250,33457.51378429058,0.0
1616,227.96,92.14519557783981,1082.5606316316937,164.06941170522634,2549.9961515942964,75.89503352484553,52.386903619469095,0,5.506471476051669,250,33457.956606455686,0.0
1617,227.965,92.17727274415958,1081.5443458677407,163.91824431036355,2549.9961515942964,75.89492781579918,52.36228806544521,0,5.506544321059472,250,33458.39922113564,0.0
1618,227.97,92.2093718109624,1080.528192719786,163.76709419317157,2549.9961515942964,75.8948221067528,52.33766416290023,0,5.506617131908007,250,33458.841628259936,0.0
1619,227.975,92.24149278666675,1079.5121727622052,163.61596143755557,2549.9961515942964,75.89471639770645,52.31303191398104,0,5.5066899085856695,250,33459.283827758074,0.0
1620,227.98,92.27363567968364,1078.4962865696095,163.4648461275283,2549.9961515942964,75.89461068866007,52.2883913208403,0,5.506762651080862,250,33459.72581955958,0.0
1621,227.98499999999999,92.30580049841639,1077.4805347168463,163.3137483470566,2549.9961515942964,75.89450497961371,52.26374238563644,0,5.506835359381989,250,33460.167603593974,0.0
1622,227.99,92.33798725126083,1076.4649177789977,163.16266818019233,2549.9961515942964,75.89439927056733,52.23908511053363,0,5.506908033477454,250,33460.60917979083,0.0
1623,227.995,92.37019594660521,1075.449436331379,163.01160571102926,2549.9961515942964,75.89429356152098,52.21441949770184,0,5.506980673355667,250,33461.05054807971,0.0
1624,228.0,92.40242659283003,1074.4340909495409,162.86056102364833,2549.9961515942964,75.8941878524746,52.189745549316804,0,5.50705327900504,250,33461.49170839021,0.0
1625,228.005,92.43467919830822,1073.4188822092658,162.70953420223756,2549.9961515942964,75.89408214342825,52.165063267559994,0,5.50712585041399,250,33461.93266065194,0.0
1626,228.01,92.4669537714051,1072.403810686569,162.55852533095486,2549.9961515942964,75.89397643438187,52.1403726546187,0,5.507198387570933,250,33462.373404794525,0.0
1627,228.015,92.49925032047821,1071.388876957697,162.40753449406236,2549.9961515942964,75.89387072533552,52.11567371268596,0,5.507270890464293,250,33462.81394074761,0.0
1628,228.01999999999998,92.53156885387746,1070.3740815991287,162.25656177580288,2549.9961515942964,75.89376501628914,52.09096644396061,0,5.507343359082493,250,33463.25426844087,0.0
1629,228.025,92.56390937994502,1069.3594251875718,162.10560726046856,2549.9961515942964,75.89365930724277,52.06625085064724,0,5.507415793413959,250,33463.69438780398,0.0
1630,228.03,92.59627190701528,1068.3449082999655,161.9546710324212,2549.9961515942964,75.8935535981964,52.04152693495623,0,5.507488193447124,250,33464.13429876664,0.0
1631,228.035,92.62865644341494,1067.3305315134762,161.803753176027,2549.9961515942964,75.89344788915004,52.01679469910375,0,5.507560559170419,250,33464.57400125859,0.0
1632,228.04,92.66106299746295,1066.3162954055013,161.65285377570052,2549.9961515942964,75.89334218010367,51.99205414531175,0,5.507632890572284,250,33465.01349520955,0.0
1633,228.045,92.69349157747037,1065.302200553664,161.50197291587662,2549.9961515942964,75.8932364710573,51.967305275807966,0,5.507705187641155,250,33465.452780549276,0.0
1634,228.04999999999998,92.7259421917405,1064.2882475358165,161.35111068102165,2549.9961515942964,75.89313076201094,51.942548092825916,0,5.5077774503654755,250,33465.89185720755,0.0
1635,228.055,92.75841484856885,1063.2744369300362,161.20026715571245,2549.9961515942964,75.89302505296457,51.91778259860491,0,5.507849678733692,250,33466.33072511417,0.0
1636,228.06,92.79090955624297,1062.2607693146274,161.0494424244571,2549.9961515942964,75.89291934391821,51.89300879539005,0,5.507921872734254,250,33466.769384198946,0.0
1637,228.065,92.82342632304271,1061.2472452681195,160.898636571872,2549.9961515942964,75.89281363487184,51.86822668543224,0,5.507994032355612,250,33467.20783439171,0.0
1638,228.07,92.85596515723985,1060.233865369267,160.74784968257524,2549.9961515942964,75.89270792582548,51.843436270988164,0,5.508066157586222,250,33467.64607562232,0.0
1639,228.075,92.88852606709838,1059.2206301970482,160.59708184122715,2549.9961515942964,75.89260221677911,51.81863755432031,0,5.508138248414541,250,33468.08410782064,0.0
1640,228.07999999999998,92.92110906087436,1058.2075403306646,160.44633313254843,2549.9961515942964,75.89249650773276,51.79383053769697,0,5.508210304829032,250,33468.52193091656,0.0
1641,228.085,92.95371414681587,1057.194596349541,160.29560364124634,2549.9961515942964,75.89239079868638,51.76901522339222,0,5.508282326818159,250,33468.95954483999,0.0
1642,228.09,92.98634133316308,1056.1817988333246,160.14489345211874,2549.9961515942964,75.89228508964003,51.744191613685956,0,5.508354314370387,250,33469.396949520866,0.0
1643,228.095,93.01899062814809,1055.169148361883,159.99420264995268,2549.9961515942964,75.89217938059365,51.71935971086385,0,5.50842626747419,250,33469.834144889115,0.0
1644,228.1,93.05166203999512,1054.1566455153056,159.84353131962482,2549.9961515942964,75.8920736715473,51.69451951721741,0,5.508498186118042,250,33470.271130874724,0.0
1645,228.105,93.08435557692026,1053.144290873902,159.69287954597215,2549.9961515942964,75.89196796250091,51.66967103504393,0,5.508570070290418,250,33470.70790740766,0.0
1646,228.10999999999999,93.1170712471316,1052.1320850182012,159.54224741393506,2549.9961515942964,75.89186225345456,51.64481426664653,0,5.508641919979799,250,33471.14447441794,0.0
1647,228.115,93.14980905882928,1051.1200285289515,159.39163500844523,2549.9961515942964,75.89175654440818,51.61994921433412,0,5.508713735174668,250,33471.580831835585,0.0
1648,228.12,93.1825690202052,1050.1081219871182,159.24104241450266,2549.9961515942964,75.89165083536183,51.59507588042143,0,5.508785515863512,250,33472.01697959063,0.0
1649,228.125,93.21535113944323,1049.096365973886,159.0904697171262,2549.9961515942964,75.89154512631545,51.57019426722901,0,5.508857262034821,250,33472.452917613155,0.0
1650,228.13,93.24815542471924,1048.084761070655,158.93991700136155,2549.9961515942964,75.8914394172691,51.54530437708322,0,5.5089289736770874,250,33472.88864583322,0.0
1651,228.135,93.28098188420078,1047.073307859043,158.7893843522872,2549.9961515942964,75.89133370822272,51.52040621231623,0,5.509000650778807,250,33473.32416418094,0.0
1652,228.14,93.31383052604738,1046.0620069208826,158.63887185504382,2549.9961515942964,75.89122799917635,51.49549977526603,0,5.50907229332848,250,33473.75947258644,0.0
1653,228.14499999999998,93.3467013584104,1045.0508588382215,158.48837959479593,2549.9961515942964,75.89112229012999,51.47058506827645,0,5.509143901314609,250,33474.194570979846,0.0
1654,228.15,93.3795943894329,1044.0398641933218,158.33790765674559,2549.9961515942964,75.89101658108362,51.4456620936971,0,5.509215474725699,250,33474.629459291325,0.0
1655,228.155,93.41250962724988,1043.0290235686598,158.18745612606673,2549.9961515942964,75.89091087203725,51.42073085388347,0,5.50928701355026,250,33475.06413745106,0.0
1656,228.16,93.44544707998801,1042.0183375469242,158.0370250880821,2549.9961515942964,75.89080516299089,51.39579135119681,0,5.509358517776804,250,33475.49860538925,0.0
1657,228.165,93.47840675576579,1041.007806711016,157.88661462805825,2549.9961515942964,75.89069945394452,51.370843588004256,0,5.509429987393847,250,33475.932863036105,0.0
1658,228.17,93.51138866269342,1039.9974316440487,157.73622483132934,2549.9961515942964,75.89059374489815,51.345887566678726,0,5.509501422389906,250,33476.36691032188,0.0
1659,228.17499999999998,93.54439280887283,1038.9872129293453,157.58585578325332,2549.9961515942964,75.89048803585179,51.320923289599,0,5.509572822753507,250,33476.80074717682,0.0
1660,228.18,93.57741920239762,1037.9771511504418,157.43550756925993,2549.9961515942964,75.89038232680542,51.29595075914967,0,5.509644188473171,250,33477.23437353122,0.0
1661,228.185,93.61046785135309,1036.967246891081,157.28518027474104,2549.9961515942964,75.89027661775906,51.27096997772116,0,5.509715519537431,250,33477.66778931536,0.0
1662,228.19,93.64353876381627,1035.9575007352166,157.13487398518413,2549.9961515942964,75.89017090871269,51.24598094770975,0,5.509786815934815,250,33478.10099445957,0.0
1663,228.195,93.67663194785573,1034.9479132670108,156.98458878610273,2549.9961515942964,75.89006519966632,51.220983671517516,0,5.509858077653861,250,33478.533988894196,0.0
1664,228.2,93.7097474115317,1033.9384850708323,156.83432476300993,2549.9961515942964,75.88995949061996,51.19597815155242,0,5.509929304683106,250,33478.96677254959,0.0
1665,228.20499999999998,93.742885162896,1032.9292167312574,156.6840820014932,2549.9961515942964,75.88985378157359,51.17096439022822,0,5.510000497011094,250,33479.39934535613,0.0
1666,228.21,93.77604520999213,1031.920108833069,156.53386058712712,2549.9961515942964,75.88974807252723,51.145942389964546,0,5.510071654626369,250,33479.831707244215,0.0
1667,228.215,93.80922756085504,1030.9111619612556,156.38366060557752,2549.9961515942964,75.88964236348086,51.12091215318685,0,5.510142777517479,250,33480.263858144266,0.0
1668,228.22,93.8424322235113,1029.9023767010108,156.23348214247528,2549.9961515942964,75.8895366544345,51.09587368232643,0,5.510213865672976,250,33480.69579798672,0.0
1669,228.225,93.87565920597896,1028.8937536377325,156.08332528356644,2549.9961515942964,75.88943094538813,51.07082697982044,0,5.510284919081418,250,33481.127526702054,0.0
1670,228.23,93.90890851626764,1027.8852933570224,155.93319011455057,2549.9961515942964,75.88932523634176,51.04577204811187,0,5.510355937731361,250,33481.55904422073,0.0
1671,228.23499999999999,93.94218016237842,1026.876996444685,155.78307672121105,2549.9961515942964,75.8892195272954,51.02070888964956,0,5.510426921611367,250,33481.990350473265,0.0
1672,228.24,93.97547415230383,1025.868863486727,155.63298518934064,2549.9961515942964,75.88911381824903,50.99563750688821,0,5.510497870710003,250,33482.42144539018,0.0
1673,228.245,94.00879049402789,1024.8608950693579,155.48291560477261,2549.9961515942964,75.88900810920266,50.97055790228835,0,5.5105687850158365,250,33482.852328902,0.0
1674,228.25,94.04212919552602,1023.8530917789865,155.33286805338872,2549.9961515942964,75.8889024001563,50.94547007831637,0,5.5106396645174405,250,33483.28300093931,0.0
1675,228.255,94.07549026476512,1022.8454542022231,155.1828426210778,2549.9961515942964,75.88879669110995,50.92037403744454,0,5.510710509203391,250,33483.713461432686,0.0
1676,228.26,94.10887370970343,1021.8379829258778,155.03283939375612,2549.9961515942964,75.88869098206357,50.89526978215093,0,5.510781319062267,250,33484.14371031273,0.0
1677,228.265,94.14227953829058,1020.8306785369582,154.88285845739483,2549.9961515942964,75.88858527301721,50.87015731491954,0,5.51085209408265,250,33484.57374751007,0.0
1678,228.26999999999998,94.17570775846757,1019.8235416226719,154.73289989800975,2549.9961515942964,75.88847956397083,50.84503663824015,0,5.510922834253128,250,33485.00357295536,0.0
1679,228.275,94.20915837816673,1018.8165727704234,154.58296380161426,2549.9961515942964,75.88837385492447,50.819907754608465,0,5.510993539562287,250,33485.433186579256,0.0
1680,228.28,94.24263140531171,1017.8097725678134,154.43305025428907,2549.9961515942964,75.8882681458781,50.79477066652601,0,5.5110642099987235,250,33485.862588312455,0.0
1681,228.285,94.27612684781748,1016.8031416026403,154.28315934209337,2549.9961515942964,75.88816243683173,50.7696253765002,0,5.511134845551032,250,33486.291778085666,0.0
1682,228.29,94.30964471359029,1015.7966804628967,154.13329115115988,2549.9961515942964,75.88805672778537,50.74447188704429,0,5.511205446207811,250,33486.720755829614,0.0
1683,228.295,94.3431850105276,1014.7903897367709,153.9834457676659,2549.9961515942964,75.887951018739,50.719310200677405,0,5.511276011957665,250,33487.149521475054,0.0
1684,228.29999999999998,94.37674774651823,1013.7842700126449,153.83362327778528,2549.9961515942964,75.88784530969264,50.69414031992456,0,5.511346542789201,250,33487.57807495276,0.0
1685,228.305,94.41033292944212,1012.7783218790945,153.68382376775455,2549.9961515942964,75.88773960064627,50.66896224731661,0,5.511417038691029,250,33488.00641619352,0.0
1686,228.31,94.44394056717043,1011.772545924888,153.53404732378243,2549.9961515942964,75.8876338915999,50.643775985390285,0,5.5114874996517615,250,33488.43454512816,0.0
1687,228.315,94.47757066756559,1010.7669427389861,153.3842940322143,2549.9961515942964,75.88752818255354,50.6185815366882,0,5.511557925660018,250,33488.86246168752,0.0
1688,228.32,94.51122323848112,1009.7615129105403,153.23456397931741,2549.9961515942964,75.88742247350717,50.59337890375883,0,5.511628316704416,250,33489.29016580243,0.0
1689,228.325,94.54489828776168,1008.7562570288937,153.08485725145448,2549.9961515942964,75.8873167644608,50.568168089156536,0,5.511698672773583,250,33489.717657403795,0.0
1690,228.32999999999998,94.5785958232431,1007.7511756835793,152.93517393498706,2549.9961515942964,75.88721105541444,50.542949095441536,0,5.511768993856144,250,33490.144936422505,0.0
1691,228.335,94.61231585275236,1006.746269464319,152.78551411634203,2549.9961515942964,75.88710534636807,50.51772192517994,0,5.511839279940732,250,33490.572002789486,0.0
1692,228.34,94.64605838410743,1005.7415389610229,152.63587788197384,2549.9961515942964,75.88699963732171,50.492486580943726,0,5.51190953101598,250,33490.99885643568,0.0
1693,228.345,94.67982342511745,1004.7369847637901,152.48626531832616,2549.9961515942964,75.88689392827534,50.467243065310754,0,5.511979747070528,250,33491.42549729205,0.0
1694,228.35,94.71361098358256,1003.7326074629068,152.336676511907,2549.9961515942964,75.88678821922898,50.44199138086478,0,5.512049928093018,250,33491.8519252896,0.0
1695,228.355,94.74742106729391,1002.728407648845,152.18711154924787,2549.9961515942964,75.88668251018261,50.416731530195406,0,5.512120074072094,250,33492.27814035931,0.0
1696,228.35999999999999,94.78125368403379,1001.7243859122632,152.03757051691488,2549.9961515942964,75.88657680113624,50.39146351589814,0,5.512190184996406,250,33492.70414243223,0.0
1697,228.365,94.81510884157535,1000.7205428440045,151.88805350149394,2549.9961515942964,75.88647109208988,50.36618734057439,0,5.512260260854607,250,33493.12993143941,0.0
1698,228.37,94.84898654768276,999.7168790350968,151.73856058962582,2549.9961515942964,75.88636538304351,50.340903006831425,0,5.512330301635353,250,33493.555507311925,0.0
1699,228.375,94.88288681011117,998.7133950767522,151.5890918679396,2549.9961515942964,75.88625967399715,50.315610517282394,0,5.512400307327303,250,33493.98086998086,0.0
1700,228.38,94.9168096366067,997.710091560365,151.43964742317286,2549.9961515942964,75.88615396495078,50.29030987454637,0,5.512470277919121,250,33494.40601937734,0.0
1701,228.385,94.95075503490631,996.7069690775122,151.29022734197392,2549.9961515942964,75.88604825590441,50.26500108124828,0,5.5125402133994745,250,33494.8309554325,0.0
1702,228.39,94.98472301273792,995.7040282199525,151.1408317111149,2549.9961515942964,75.88594254685805,50.23968414001896,0,5.512610113757034,250,33495.25567807752,0.0
1703,228.39499999999998,95.0187135778203,994.7012695796259,150.99146061737324,2549.9961515942964,75.88583683781168,50.21435905349514,0,5.512679978980473,250,33495.68018724356,0.0
1704,228.4,95.0527267378631,993.6986937486515,150.84211414755615,2549.9961515942964,75.88573112876531,50.18902582431942,0,5.51274980905847,250,33496.10448286184,0.0
1705,228.405,95.08676250056682,992.6963013193293,150.6927923884933,2549.9961515942964,75.88562541971895,50.163684455140334,0,5.5128196039797075,250,33496.52856486358,0.0
1706,228.41,95.12082087362278,991.6940928841369,150.54349542705364,2549.9961515942964,75.88551971067258,50.138334948612275,0,5.512889363732869,250,33496.952433180035,0.0
1707,228.415,95.1549018647131,990.6920690357308,150.39422335010593,2549.9961515942964,75.88541400162622,50.11297730739555,0,5.512959088306644,250,33497.37608774248,0.0
1708,228.42,95.18900548151069,989.6902303669445,150.24497624461497,2549.9961515942964,75.88530829257985,50.087611534156366,0,5.513028777689727,250,33497.7995284822,0.0
1709,228.42499999999998,95.22313173167922,988.6885774707886,150.09575419751135,2549.9961515942964,75.88520258353348,50.062237631566816,0,5.513098431870811,250,33498.22275533053,0.0
1710,228.43,95.25728062287311,987.6871109404487,149.94655729576667,2549.9961515942964,75.88509687448712,50.03685560230492,0,5.5131680508385985,250,33498.64576821879,0.0
1711,228.435,95.29145216273754,986.685831369287,149.79738562641865,2549.9961515942964,75.88499116544075,50.01146544905457,0,5.513237634581793,250,33499.06856707835,0.0
1712,228.44,95.32564635890834,985.6847393508392,149.64823927647396,2549.9961515942964,75.88488545639439,49.98606717450557,0,5.513307183089099,250,33499.49115184059,0.0
1713,228.445,95.35986321901208,984.6838354788154,149.49911833302747,2549.9961515942964,75.88477974734802,49.960660781353646,0,5.513376696349232,250,33499.91352243694,0.0
1714,228.45,95.39410275066602,983.6831203470983,149.35002288316443,2549.9961515942964,75.88467403830165,49.93524627230041,0,5.513446174350904,250,33500.3356787988,0.0
1715,228.45499999999998,95.428364961478,982.6825945497436,149.20095301404115,2549.9961515942964,75.88456832925529,49.90982365005338,0,5.513515617082833,250,33500.757620857636,0.0
1716,228.46,95.46264985904652,981.6822586809778,149.05190881275254,2549.9961515942964,75.88446262020892,49.88439291732601,0,5.513585024533744,250,33501.17934854493,0.0
1717,228.465,95.49695745096074,980.6821133351997,148.90289036652513,2549.9961515942964,75.88435691116256,49.85895407683761,0,5.513654396692361,250,33501.60086179217,0.0
1718,228.47,95.53128774480035,979.6821591069768,148.75389776258507,2549.9961515942964,75.88425120211619,49.83350713131345,0,5.513723733547414,250,33502.022160530876,0.0
1719,228.475,95.56564074813568,978.6823965910472,148.60493108812832,2549.9961515942964,75.88414549306982,49.808052083484704,0,5.5137930350876365,250,33502.4432446926,0.0
1720,228.48,95.60001646852754,977.6828263823177,148.45599043047326,2549.9961515942964,75.88403978402346,49.782588936088416,0,5.513862301301766,250,33502.864114208896,0.0
1721,228.48499999999999,95.63441491352735,976.6834490758623,148.30707587686902,2549.9961515942964,75.88393407497709,49.757117691867606,0,5.513931532178545,250,33503.28476901137,0.0
1722,228.49,95.66883609067703,975.684265266923,148.15818751468726,2549.9961515942964,75.88382836593073,49.73163835357115,0,5.5140007277067165,250,33503.70520903163,0.0
1723,228.495,95.70328000750894,974.6852755509087,148.0093254312337,2549.9961515942964,75.88372265688436,49.70615092395389,0,5.51406988787503,250,33504.1254342013,0.0
1724,228.5,95.737746671546,973.6864805233939,147.8604897139365,2549.9961515942964,75.883616947838,49.68065540577654,0,5.514139012672238,250,33504.54544445205,0.0
1725,228.505,95.77223609030155,972.6878807801177,147.71168045016915,2549.9961515942964,75.88351123879163,49.65515180180578,0,5.514208102087097,250,33504.965239715566,0.0
1726,228.51,95.80674827127935,971.689476916985,147.56289772737273,2549.9961515942964,75.88340552974526,49.62964011481416,0,5.514277156108366,250,33505.38481992354,0.0
1727,228.515,95.84128322197363,970.6912695300625,147.41414163303963,2549.9961515942964,75.8832998206989,49.60412034758018,0,5.51434617472481,250,33505.804185007706,0.0
1728,228.51999999999998,95.875840949869,969.6932592155815,147.26541225463822,2549.9961515942964,75.88319411165253,49.57859250288825,0,5.514415157925198,250,33506.22333489983,0.0
1729,228.525,95.91042146244044,968.6954465699351,147.11670967967444,2549.9961515942964,75.88308840260616,49.553056583528715,0,5.514484105698299,250,33506.642269531665,0.0
1730,228.53,95.94502476715331,967.6978321896776,146.96803399574338,2549.9961515942964,75.8829826935598,49.52751259229783,0,5.51455301803289,250,33507.06098883502,0.0
1731,228.535,95.97965087146332,966.7004166715245,146.81938529036654,2549.9961515942964,75.88287698451343,49.50196053199778,0,5.51462189491775,250,33507.47949274172,0.0
1732,228.54,96.01429978281648,965.7032006123512,146.67076365115577,2549.9961515942964,75.88277127546706,49.47640040543667,0,5.514690736341663,250,33507.8977811836,0.0
1733,228.545,96.04897150864915,964.7061846091921,146.522169165782,2549.9961515942964,75.8826655664207,49.45083221542855,0,5.514759542293415,250,33508.315854092536,0.0
1734,228.54999999999998,96.0836660563879,963.7093692592404,146.37360192184903,2549.9961515942964,75.88255985737433,49.42525596479336,0,5.514828312761797,250,33508.733711400426,0.0
1735,228.555,96.11838343344964,962.7127551598473,146.22506200705618,2549.9961515942964,75.88245414832797,49.399671656357,0,5.514897047735606,250,33509.15135303918,0.0
1736,228.56,96.15312364724151,961.7163429085216,146.07654950910091,2549.9961515942964,75.8823484392816,49.3740792929513,0,5.514965747203638,250,33509.568778940746,0.0
1737,228.565,96.18788670516086,960.7201331029266,145.92806451573765,2549.9961515942964,75.88224273023523,49.348478877414,0,5.515034411154698,250,33509.98598903708,0.0
1738,228.57,96.2226726145953,959.7241263408839,145.779607114716,2549.9961515942964,75.88213702118887,49.32287041258879,0,5.515103039577591,250,33510.40298326017,0.0
1739,228.575,96.25748138292252,958.7283232203679,145.6311773938341,2549.9961515942964,75.8820313121425,49.297253901325284,0,5.515171632461128,250,33510.81976154203,0.0
1740,228.57999999999998,96.29231301751052,957.7327243395084,145.48277544089478,2549.9961515942964,75.88192560309614,49.27162934647903,0,5.515240189794124,250,33511.23632381469,0.0
1741,228.585,96.32716752571736,956.7373302965874,145.33440134372128,2549.9961515942964,75.88181989404976,49.24599675091151,0,5.515308711565398,250,33511.652670010226,0.0
1742,228.59,96.36204491489124,955.7421416900402,145.18605519021636,2549.9961515942964,75.8817141850034,49.220356117490134,0,5.515377197763771,250,33512.06880006071,0.0
1743,228.595,96.39694519237051,954.7471591184549,145.03773706824327,2549.9961515942964,75.88160847595704,49.19470744908827,0,5.51544564837807,250,33512.48471389825,0.0
1744,228.6,96.43186836548357,953.752383180569,144.88944706573292,2549.9961515942964,75.88150276691067,49.1690507485852,0,5.5155140633971245,250,33512.900411454975,0.0
1745,228.605,96.46681444154895,952.7578144752724,144.7411852706321,2549.9961515942964,75.8813970578643,49.14338601886617,0,5.51558244280977,250,33513.31589266304,0.0
1746,228.60999999999999,96.50178342787517,951.763453601603,144.59295177090007,2549.9961515942964,75.88129134881794,49.11771326282233,0,5.515650786604845,250,33513.73115745464,0.0
1747,228.615,96.53677533176084,950.769301158749,144.4447466545252,2549.9961515942964,75.88118563977157,49.092032483350785,0,5.515719094771192,250,33514.14620576197,0.0
1748,228.62,96.57179016049454,949.7753577460452,144.2965700095415,2549.9961515942964,75.8810799307252,49.0663436833546,0,5.515787367297655,250,33514.561037517255,0.0
1749,228.625,96.60682792135492,948.7816239629753,144.1484219239825,2549.9961515942964,75.88097422167884,49.040646865742765,0,5.515855604173087,250,33514.97565265275,0.0
1750,228.63,96.64188862161052,947.7881004091689,144.00030248593077,2549.9961515942964,75.88086851263247,49.0149420334302,0,5.515923805386341,250,33515.39005110074,0.0
1751,228.635,96.67697226851988,946.7947876844024,143.85221178348039,2549.9961515942964,75.88076280358611,48.989229189337806,0,5.515991970926275,250,33515.80423279351,0.0
1752,228.64,96.71207886933146,945.8016863885965,143.70414990474657,2549.9961515942964,75.88065709453974,48.963508336392394,0,5.516060100781752,250,33516.2181976634,0.0
1753,228.64499999999998,96.7472084312837,944.8087971218168,143.55611693786287,2549.9961515942964,75.88055138549338,48.937779477526725,0,5.516128194941639,250,33516.63194564277,0.0
1754,228.65,96.78236096160485,943.8161204842723,143.40811297101587,2549.9961515942964,75.88044567644701,48.912042615679525,0,5.5161962533948055,250,33517.04547666398,0.0
1755,228.655,96.81753646751311,942.8236570763149,143.2601380923993,2549.9961515942964,75.88033996740064,48.88629775379544,0,5.516264276130126,250,33517.45879065943,0.0
1756,228.66,96.85273495621651,941.8314074984391,143.11219239023785,2549.9961515942964,75.88023425835428,48.8605448948251,0,5.51633226313648,250,33517.87188756155,0.0
1757,228.665,96.88795643491294,940.8393723512809,142.96427595274534,2549.9961515942964,75.88012854930791,48.83478404172504,0,5.516400214402751,250,33518.28476730281,0.0
1758,228.67,96.9232009107901,939.8475522356159,142.8163888682361,2549.9961515942964,75.88002284026155,48.809015197457775,0,5.516468129917824,250,33518.69742981565,0.0
1759,228.67499999999998,96.95846839102549,938.8559477523612,142.66853122496914,2549.9961515942964,75.87991713121518,48.78323836499177,0,5.51653600967059,250,33519.10987503259,0.0
1760,228.68,96.99375888278642,937.8645595025715,142.52070311127142,2549.9961515942964,75.87981142216881,48.75745354730143,0,5.516603853649944,250,33519.52210288615,0.0
1761,228.685,97.02907239322991,936.873388087441,142.3729046154768,2549.9961515942964,75.87970571312245,48.731660747367116,0,5.516671661844787,250,33519.93411330888,0.0
1762,228.69,97.06440892950279,935.882434108301,142.225135825958,2549.9961515942964,75.87960000407608,48.70585996817514,0,5.51673943424402,250,33520.34590623335,0.0
1763,228.695,97.09976849874157,934.8916981666196,142.0773968311159,2549.9961515942964,75.87949429502972,48.68005121271778,0,5.516807170836551,250,33520.757481592176,0.0
1764,228.7,97.13515110807249,933.9011808640017,141.92968771934116,2549.9961515942964,75.87938858598335,48.65423448399324,0,5.516874871611292,250,33521.16883931796,0.0
1765,228.70499999999998,97.17055676461149,932.9108828021873,141.78200857907774,2549.9961515942964,75.87928287693698,48.62840978500571,0,5.516942536557159,250,33521.57997934337,0.0
1766,228.71,97.2059854754641,931.9208045830495,141.6343594987812,2549.9961515942964,75.87917716789062,48.60257711876532,0,5.51701016566307,250,33521.99090160107,0.0
1767,228.715,97.24143724772561,930.9309468085972,141.48674056694483,2549.9961515942964,75.87907145884425,48.576736488288155,0,5.517077758917949,250,33522.40160602376,0.0
1768,228.72,97.27691208848088,929.9413100809717,141.3391518720553,2549.9961515942964,75.87896574979787,48.55088789659626,0,5.517145316310726,250,33522.81209254418,0.0
1769,228.725,97.31241000480438,928.9518950024459,141.19159350267603,2549.9961515942964,75.87886004075152,48.525031346717654,0,5.517212837830334,250,33523.222361095075,0.0
1770,228.73,97.34793100376018,927.9627021754253,141.04406554730778,2549.9961515942964,75.87875433170514,48.499166841686296,0,5.517280323465706,250,33523.632411609215,0.0
1771,228.73499999999999,97.38347509240188,926.9737322024453,140.89656809457256,2549.9961515942964,75.87864862265879,48.4732943845421,0,5.517347773205786,250,33524.04224401941,0.0
1772,228.74,97.41904227777272,925.9849856861716,140.749101233059,2549.9961515942964,75.8785429136124,48.447413978330964,0,5.517415187039516,250,33524.45185825848,0.0
1773,228.745,97.45463256690539,924.996463229399,140.6016650513701,2549.9961515942964,75.87843720456605,48.42152562610473,0,5.517482564955847,250,33524.86125425928,0.0
1774,228.75,97.49024596682212,924.0081654350513,140.4542596381737,2549.9961515942964,75.87833149551967,48.3956293309212,0,5.517549906943731,250,33525.27043195469,0.0
1775,228.755,97.52588248453466,923.020092906179,140.30688508211577,2549.9961515942964,75.87822578647332,48.369725095844146,0,5.517617212992127,250,33525.67939127762,0.0
1776,228.76,97.56154212704419,922.0322462459598,140.15954147189086,2549.9961515942964,75.87812007742694,48.343812923943304,0,5.517684483089995,250,33526.08813216099,0.0
1777,228.765,97.59722490134136,921.0446260576977,140.01222889621866,2549.9961515942964,75.87801436838059,48.31789281829437,0,5.517751717226302,250,33526.49665453777,0.0
1778,228.76999999999998,97.6329308144063,920.0572329448227,139.86494744382287,2549.9961515942964,75.87790865933422,48.291964781979004,0,5.517818915390018,250,33526.90495834093,0.0
1779,228.775,97.66865987320844,919.0700675108876,139.71769720345495,2549.9961515942964,75.87780295028786,48.266028818084834,0,5.517886077570119,250,33527.313043503484,0.0
1780,228.78,97.70441208470676,918.0831303595709,139.57047826389737,2549.9961515942964,75.87769724124149,48.24008492970545,0,5.5179532037555825,250,33527.720909958465,0.0
1781,228.785,97.7401874558495,917.0964220946724,139.42329071395827,2549.9961515942964,75.87759153219513,48.21413311994042,0,5.518020293935391,250,33528.12855763893,0.0
1782,228.79,97.77598599357427,916.1099433201156,139.27613464245735,2549.9961515942964,75.87748582314876,48.18817339189526,0,5.518087348098532,250,33528.53598647796,0.0
1783,228.795,97.8118077048081,915.1236946399446,139.1290101382265,2549.9961515942964,75.8773801141024,48.162205748681465,0,5.518154366233997,250,33528.943196408676,0.0
1784,228.79999999999998,97.84765259646724,914.1376766583243,138.9819172901475,2549.9961515942964,75.87727440505603,48.136230193416495,0,5.518221348330783,250,33529.35018736421,0.0
1785,228.805,97.88352067545733,913.1518899795393,138.8348561870778,2549.9961515942964,75.87716869600966,48.11024672922379,0,5.51828829437789,250,33529.756959277736,0.0
1786,228.81,97.9194119486732,912.1663352079937,138.6878269179468,2549.9961515942964,75.8770629869633,48.08425535923274,0,5.518355204364322,250,33530.163512082436,0.0
1787,228.815,97.95532642299898,911.1810129482103,138.54082957167995,2549.9961515942964,75.87695727791693,48.05825608657873,0,5.518422078279088,250,33530.56984571152,0.0
1788,228.82,97.99126410530806,910.1959238048285,138.39386423722345,2549.9961515942964,75.87685156887056,48.03224891440309,0,5.518488916111202,250,33530.97596009825,0.0
1789,228.825,98.02722500246301,909.2110683826046,138.24693100355054,2549.9961515942964,75.8767458598242,48.00623384585314,0,5.518555717849679,250,33531.381855175874,0.0
1790,228.82999999999998,98.06320912131567,908.2264472864113,138.10002995965849,2549.9961515942964,75.87664015077783,47.980210884082155,0,5.518622483483544,250,33531.7875308777,0.0
1791,228.835,98.09921646870698,907.2420611212362,137.95316119454944,2549.9961515942964,75.87653444173145,47.954180032249404,0,5.518689213001822,250,33532.19298713706,0.0
1792,228.84,98.1352470514671,906.2579104921818,137.80632479725125,2549.9961515942964,75.8764287326851,47.928141293520106,0,5.518755906393543,250,33532.598223887275,0.0
1793,228.845,98.17130087641533,905.2739960044634,137.65952085684424,2549.9961515942964,75.87632302363872,47.90209467106548,0,5.518822563647743,250,33533.00324106174,0.0
1794,228.85,98.20737795036004,904.2903182634094,137.51274946236865,2549.9961515942964,75.87621731459237,47.87604016806269,0,5.51888918475346,250,33533.408038593865,0.0
1795,228.855,98.24347828009878,903.3068778744605,137.36601070294068,2549.9961515942964,75.87611160554599,47.84997778769489,0,5.51895576969974,250,33533.81261641706,0.0
1796,228.85999999999999,98.27960187241814,902.3236754431686,137.2193046676736,2549.9961515942964,75.87600589649963,47.823907533151214,0,5.5190223184756295,250,33534.21697446479,0.0
1797,228.865,98.31574873409377,901.3407115751954,137.072631445683,2549.9961515942964,75.87590018745325,47.797829407626764,0,5.5190888310701816,250,33534.62111267053,0.0
1798,228.87,98.3519188718904,900.3579868763135,136.92599112616313,2549.9961515942964,75.8757944784069,47.77174341432262,0,5.519155307472453,250,33535.025030967794,0.0
1799,228.875,98.3881122925618,899.3755019524032,136.77938379825648,2549.9961515942964,75.87568876936052,47.74564955644584,0,5.519221747671505,250,33535.42872929012,0.0
1800,228.88,98.42432900285066,898.3932574094529,136.63280955115712,2549.9961515942964,75.87558306031417,47.71954783720945,0,5.519288151656404,250,33535.83220757107,0.0
1801,228.885,98.46056900948875,897.4112538535593,136.486268474111,2549.9961515942964,75.87547735126779,47.69343825983246,0,5.51935451941622,250,33536.23546574423,0.0
1802,228.89,98.4968323191968,896.4294918909246,136.33976065630804,2549.9961515942964,75.87537164222144,47.66732082753988,0,5.519420850940028,250,33536.63850374322,0.0
1803,228.89499999999998,98.53311893868438,895.447972127857,136.19328618704043,2549.9961515942964,75.87526593317506,47.64119554356266,0,5.519487146216907,250,33537.04132150168,0.0
1804,228.9,98.56942887465019,894.4666951707696,136.04684515556136,2549.9961515942964,75.8751602241287,47.61506241113774,0,5.519553405235941,250,33537.44391895329,0.0
1805,228.905,98.60576213378165,893.4856616261795,135.9004376511664,2549.9961515942964,75.87505451508233,47.58892143350806,0,5.519619627986217,250,33537.84629603174,0.0
1806,228.91,98.64211872275514,892.5048721007068,135.754063763161,2549.9961515942964,75.87494880603597,47.562772613922526,0,5.51968581445683,250,33538.24845267077,0.0
1807,228.915,98.67849864823599,891.524327201075,135.60772358089255,2549.9961515942964,75.8748430969896,47.53661595563601,0,5.519751964636875,250,33538.65038880411,0.0
1808,228.92,98.71490191687823,890.5440275341081,135.46141719369922,2549.9961515942964,75.87473738794324,47.51045146190939,0,5.519818078515455,250,33539.05210436556,0.0
1809,228.92499999999998,98.75132853532487,889.5639737067315,135.31514469094495,2549.9961515942964,75.87463167889686,47.48427913600952,0,5.519884156081675,250,33539.45359928892,0.0
1810,228.93,98.78777851020763,888.5841663259718,135.1689061620133,2549.9961515942964,75.87452596985051,47.45809898120921,0,5.519950197324646,250,33539.854873508026,0.0
1811,228.935,98.82425184814706,887.6046059989524,135.02270169634454,2549.9961515942964,75.87442026080413,47.431911000787295,0,5.520016202233483,250,33540.255926956735,0.0
1812,228.94,98.86074855575251,886.6252933328973,134.8765313833067,2549.9961515942964,75.87431455175778,47.40571519802855,0,5.5200821707973065,250,33540.65675956894,0.0
1813,228.945,98.89726863962206,885.6462289351272,134.73039531239849,2549.9961515942964,75.87420884271141,47.37951157622376,0,5.520148103005241,250,33541.05737127856,0.0
1814,228.95,98.93381210634251,884.6674134130598,134.58429357303982,2549.9961515942964,75.87410313366505,47.35330013866969,0,5.520213998846414,250,33541.45776201955,0.0
1815,228.95499999999998,98.97037896248938,883.6888473742092,134.4382262547349,2549.9961515942964,75.87399742461868,47.327080888669066,0,5.520279858309958,250,33541.85793172586,0.0
1816,228.96,99.00696921462695,882.7105314261843,134.29219344696142,2549.9961515942964,75.87389171557231,47.300853829530624,0,5.520345681385013,250,33542.25788033152,0.0
1817,228.965,99.04358286930808,881.7324661766885,134.1461952392324,2549.9961515942964,75.87378600652595,47.27461896456908,0,5.520411468060722,250,33542.65760777053,0.0
1818,228.97,99.08021993307435,880.7546522335189,134.00023172109414,2549.9961515942964,75.87368029747957,47.248376297105125,0,5.5204772183262305,250,33543.05711397697,0.0
1819,228.975,99.11688041245598,879.7770902045656,133.8543029821065,2549.9961515942964,75.87357458843321,47.22212583046543,0,5.520542932170691,250,33543.456398884904,0.0
1820,228.98,99.15356431397178,878.7997806978104,133.70840911181438,2549.9961515942964,75.87346887938683,47.195867567982674,0,5.520608609583258,250,33543.85546242846,0.0
1821,228.98499999999999,99.19027164412918,877.8227243213265,133.5625501998187,2549.9961515942964,75.87336317034048,47.1696015129955,0,5.520674250553094,250,33544.25430454177,0.0
1822,228.99,99.22700240942419,876.8459216832771,133.41672633571258,2549.9961515942964,75.8732574612941,47.14332766884855,0,5.520739855069365,250,33544.652925159004,0.0
1823,228.995,99.26375661634133,875.8693733919159,133.2709376091095,2549.9961515942964,75.87315175224775,47.11704603889244,0,5.52080542312124,250,33545.051324214364,0.0
1824,229.0,99.30053427135374,874.8930800555842,133.12518410965507,2549.9961515942964,75.87304604320137,47.09075662648378,0,5.520870954697894,250,33545.44950164206,0.0
1825,229.005,99.33733538092304,873.9170422827118,132.9794659270106,2549.9961515942964,75.87294033415502,47.06445943498516,0,5.520936449788507,250,33545.84745737636,0.0
1826,229.01,99.37415995149938,872.9412606818154,132.83378315083772,2549.9961515942964,75.87283462510864,47.03815446776517,0,5.521001908382262,250,33546.24519135154,0.0
1827,229.015,99.41100798952135,871.9657358614985,132.6881358708189,2549.9961515942964,75.87272891606229,47.01184172819837,0,5.521067330468349,250,33546.642703501915,0.0
1828,229.01999999999998,99.44787950141603,870.9904684304498,132.54252417667402,2549.9961515942964,75.8726232070159,46.985521219665316,0,5.52113271603596,250,33547.039993761806,0.0
1829,229.025,99.48477449359892,870.015458997442,132.3969481581229,2549.9961515942964,75.87251749796955,46.95919294555256,0,5.521198065074294,250,33547.43706206559,0.0
1830,229.03,99.52169297247403,869.0407081713329,132.25140790489593,2549.9961515942964,75.87241178892317,46.93285690925262,0,5.521263377572553,250,33547.83390834767,0.0
1831,229.035,99.55863494443365,868.0662165610624,132.10590350673556,2549.9961515942964,75.87230607987682,46.90651311416402,0,5.521328653519945,250,33548.23053254245,0.0
1832,229.04,99.59560041585851,867.0919847756527,131.96043505342732,2549.9961515942964,75.87220037083044,46.880161563691274,0,5.5213938929056825,250,33548.6269345844,0.0
1833,229.045,99.63258939311775,866.1180134242079,131.81500263474626,2549.9961515942964,75.87209466178409,46.85380226124487,0,5.521459095718982,250,33549.023114407995,0.0
1834,229.04999999999998,99.66960188256883,865.1443031159124,131.66960634050918,2549.9961515942964,75.87198895273771,46.8274352102413,0,5.5215242619490645,250,33549.419071947734,0.0
1835,229.055,99.70663789055747,864.1708544600297,131.52424626051192,2549.9961515942964,75.87188324369136,46.80106041410303,0,5.521589391585157,250,33549.814807138166,0.0
1836,229.06,99.74369742341781,863.1976680659036,131.37892248462384,2549.9961515942964,75.87177753464498,46.77467787625851,0,5.52165448461649,250,33550.21031991385,0.0
1837,229.065,99.7807804874722,862.2247445429545,131.23363510264446,2549.9961515942964,75.87167182559863,46.748287600142206,0,5.5217195410323,250,33550.60561020938,0.0
1838,229.07,99.81788708903129,861.252084500681,131.08838420448927,2549.9961515942964,75.87156611655224,46.721889589194554,0,5.521784560821826,250,33551.00067795939,0.0
1839,229.075,99.85501723439396,860.2796885486578,130.94316987999622,2549.9961515942964,75.8714604075059,46.69548384686199,0,5.521849543974314,250,33551.39552309852,0.0
1840,229.07999999999998,99.89217092984734,859.3075572965355,130.79799221908854,2549.9961515942964,75.87135469845951,46.66907037659691,0,5.5219144904790145,250,33551.79014556147,0.0
1841,229.085,99.9293481816668,858.335691354039,130.65285131166237,2549.9961515942964,75.87124898941315,46.642649181857756,0,5.521979400325181,250,33552.18454528293,0.0
1842,229.09,99.9665489961158,857.3640913309675,130.50774724764574,2549.9961515942964,75.87114328036678,46.6162202661089,0,5.5220442735020745,250,33552.57872219765,0.0
1843,229.095,100.00377337944612,856.3927578371935,130.36268011697913,2549.9961515942964,75.87103757132041,46.58978363282073,0,5.52210910999896,250,33552.972676240395,0.0
1844,229.1,100.04102133789752,855.4216914826611,130.21765000963228,2549.9961515942964,75.87093186227405,46.563339285469645,0,5.522173909805104,250,33553.36640734597,0.0
1845,229.105,100.07829287769806,854.450892877387,130.07265701555525,2549.9961515942964,75.87082615322768,46.536887227537996,0,5.522238672909782,250,33553.759915449205,0.0
1846,229.10999999999999,100.11558800506381,853.4803626314571,129.92770122474363,2549.9961515942964,75.87072044418132,46.51042746251415,0,5.522303399302274,250,33554.15320048495,0.0
1847,229.115,100.15290672619894,852.5101013550282,129.7827827271865,2549.9961515942964,75.87061473513495,46.48395999389245,0,5.522368088971861,250,33554.54626238808,0.0
1848,229.12,100.19024904729578,851.5401096583257,129.6379016129054,2549.9961515942964,75.8705090260886,46.457484825173225,0,5.522432741907833,250,33554.93910109353,0.0
1849,229.125,100.2276149745346,850.570388151643,129.49305797192997,2549.9961515942964,75.87040331704222,46.431001959862826,0,5.522497358099484,250,33555.33171653624,0.0
1850,229.13,100.2650045140838,849.6009374453411,129.34825189427949,2549.9961515942964,75.87029760799587,46.40451140147356,0,5.522561937536111,250,33555.72410865117,0.0
1851,229.135,100.30241767209971,848.6317581498472,129.20348347005452,2549.9961515942964,75.87019189894949,46.37801315352374,0,5.522626480207017,250,33556.116277373345,0.0
1852,229.14,100.33985445472678,847.6628508756538,129.0587527892756,2549.9961515942964,75.87008618990313,46.351507219537666,0,5.52269098610151,250,33556.508222637785,0.0
1853,229.14499999999998,100.37731486809729,846.6942162333196,128.9140599420746,2549.9961515942964,75.86998048085675,46.32499360304563,0,5.522755455208903,250,33556.899944379555,0.0
1854,229.15,100.41479891833158,845.7258548334654,128.76940501849305,2549.9961515942964,75.8698747718104,46.298472307583914,0,5.522819887518513,250,33557.29144253375,0.0
1855,229.155,100.4523066115379,844.7577672867761,128.6247881086984,2549.9961515942964,75.86976906276402,46.27194333669479,0,5.522884283019663,250,33557.68271703549,0.0
1856,229.16,100.48983795381245,843.7899542039993,128.4802093027748,2549.9961515942964,75.86966335371767,46.24540669392652,0,5.522948641701681,250,33558.07376781993,0.0
1857,229.165,100.52739295123926,842.8224161959428,128.33566869088372,2549.9961515942964,75.86955764467129,46.218862382833365,0,5.5230129635538985,250,33558.464594822246,0.0
1858,229.17,100.56497160989032,841.8551538734754,128.1911663631552,2549.9961515942964,75.86945193562494,46.19231040697556,0,5.523077248565653,250,33558.85519797766,0.0
1859,229.17499999999998,100.60257393582543,840.8881678475268,128.04670240975494,2549.9961515942964,75.86934622657856,46.165750769919335,0,5.523141496726286,250,33559.2455772214,0.0
1860,229.18,100.64019993509226,839.9214587290841,127.90227692087373,2549.9961515942964,75.8692405175322,46.13918347523693,0,5.523205708025145,250,33559.63573248874,0.0
1861,229.185,100.67784961372625,838.955027129193,127.75788998669722,2549.9961515942964,75.86913480848582,46.11260852650656,0,5.523269882451582,250,33560.025663714994,0.0
1862,229.19,100.71552297775074,837.9888736589571,127.61354169741308,2549.9961515942964,75.86902909943947,46.08602592731242,0,5.523334019994954,250,33560.415370835486,0.0
1863,229.195,100.75322003317677,837.0229989295347,127.46923214327124,2549.9961515942964,75.86892339039309,46.05943568124471,0,5.523398120644624,250,33560.80485378558,0.0
1864,229.2,100.79094078600318,836.0574035521414,127.32496141444027,2549.9961515942964,75.86881768134674,46.032837791899624,0,5.523462184389957,250,33561.19411250066,0.0
1865,229.20499999999998,100.82868524221655,835.092088138047,127.1807296012284,2549.9961515942964,75.86871197230036,46.00623226287933,0,5.523526211220326,250,33561.58314691616,0.0
1866,229.21,100.8664534077912,834.1270532985739,127.03653679383216,2549.9961515942964,75.86860626325401,45.979619097792,0,5.523590201125107,250,33561.97195696752,0.0
1867,229.215,100.9042452886891,833.1622996450993,126.89238308254073,2549.9961515942964,75.86850055420763,45.95299830025179,0,5.523654154093683,250,33562.36054259023,0.0
1868,229.22,100.94206089086,832.1978277890511,126.7482685576141,2549.9961515942964,75.86839484516126,45.92636987387885,0,5.52371807011544,250,33562.7489037198,0.0
1869,229.225,100.97990022024126,831.2336383419095,126.60419330936617,2549.9961515942964,75.8682891361149,45.89973382229931,0,5.523781949179771,250,33563.13704029179,0.0
1870,229.23,101.0177632827579,830.2697319152047,126.46015742809064,2549.9961515942964,75.86818342706853,45.873090149145305,0,5.523845791276071,250,33563.52495224175,0.0
1871,229.23499999999999,101.05565008432252,829.3061091205161,126.3161610040757,2549.9961515942964,75.86807771802216,45.846438858054945,0,5.523909596393744,250,33563.912639505295,0.0
1872,229.24,101.09356063083544,828.3427705694723,126.17220412765293,2549.9961515942964,75.8679720089758,45.819779952672334,0,5.523973364522195,250,33564.30010201807,0.0
1873,229.245,101.13149492818447,827.37971687375,126.02828688916397,2549.9961515942964,75.86786629992943,45.79311343664757,0,5.5240370956508364,250,33564.68733971572,0.0
1874,229.25,101.16945298224505,826.4169486450725,125.88440937895204,2549.9961515942964,75.86776059088307,45.76643931363674,0,5.5241007897690855,250,33565.07435253395,0.0
1875,229.255,101.20743479888014,825.4544664952091,125.74057168737139,2549.9961515942964,75.8676548818367,45.73975758730191,0,5.524164446866365,250,33565.46114040849,0.0
1876,229.26,101.24544038394025,824.492271035975,125.59677390480029,2549.9961515942964,75.86754917279033,45.71306826131114,0,5.5242280669321016,250,33565.8477032751,0.0
1877,229.265,101.2834697432634,823.5303628792295,125.45301612160205,2549.9961515942964,75.86744346374397,45.686371339338486,0,5.524291649955727,250,33566.234041069576,0.0
1878,229.26999999999998,101.3215228826751,822.5687426368755,125.30929842816394,2549.9961515942964,75.8673377546976,45.65966682506398,0,5.524355195926679,250,33566.62015372772,0.0
1879,229.275,101.35959980798833,821.6074109208586,125.16562091489799,2549.9961515942964,75.86723204565124,45.63295472217366,0,5.5244187048344,250,33567.0060411854,0.0
1880,229.28,101.39770052500356,820.6463683431667,125.02198367221013,2549.9961515942964,75.86712633660487,45.60623503435952,0,5.524482176668337,250,33567.39170337848,0.0
1881,229.285,101.43582503950861,819.6856155158282,124.87838679052913,2549.9961515942964,75.8670206275585,45.57950776531958,0,5.524545611417944,250,33567.777140242884,0.0
1882,229.29,101.47397335727885,818.725153050912,124.73483036028192,2549.9961515942964,75.86691491851214,45.55277291875783,0,5.524609009072676,250,33568.162351714556,0.0
1883,229.295,101.51214548407691,817.7649815605264,124.59131447188106,2549.9961515942964,75.86680920946579,45.52603049838424,0,5.524672369621997,250,33568.54733772946,0.0
1884,229.29999999999998,101.55034142565289,816.8051016568174,124.44783921582301,2549.9961515942964,75.8667035004194,45.49928050791477,0,5.524735693055376,250,33568.93209822362,0.0
1885,229.305,101.58856118774423,815.8455139519698,124.30440468255014,2549.9961515942964,75.86659779137305,45.47252295107137,0,5.524798979362286,250,33569.31663313305,0.0
1886,229.31,101.62680477607566,814.8862190582042,124.16101096252656,2549.9961515942964,75.86649208232667,45.44575783158198,0,5.5248622285322035,250,33569.70094239384,0.0
1887,229.315,101.66507219635932,813.9272175877775,124.01765814625503,2549.9961515942964,75.86638637328032,45.41898515318053,0,5.524925440554615,250,33570.085025942084,0.0
1888,229.32,101.70336345429456,812.968510152981,123.87434632418089,2549.9961515942964,75.86628066423394,45.39220491960692,0,5.524988615419005,250,33570.468883713904,0.0
1889,229.325,101.74167855556807,812.0100973661412,123.73107558686065,2549.9961515942964,75.86617495518759,45.36541713460704,0,5.52505175311487,250,33570.85251564548,0.0
1890,229.32999999999998,101.7800175058538,811.0519798396167,123.58784602476766,2549.9961515942964,75.86606924614121,45.33862180193278,0,5.525114853631709,250,33571.23592167298,0.0
1891,229.335,101.8183803108129,810.0941581857998,123.44465772844026,2549.9961515942964,75.86596353709484,45.311818925341996,0,5.5251779169590245,250,33571.61910173266,0.0
1892,229.34,101.8567669760938,809.1366330171127,123.30151078838365,2549.9961515942964,75.86585782804848,45.28500850859855,0,5.5252409430863265,250,33572.00205576076,0.0
1893,229.345,101.89517750733206,808.1794049460099,123.15840529514719,2549.9961515942964,75.86575211900211,45.25819055547227,0,5.52530393200313,250,33572.38478369356,0.0
1894,229.35,101.93361191015053,807.2224745849745,123.01534133929286,2549.9961515942964,75.86564640995574,45.231365069738956,0,5.525366883698955,250,33572.7672854674,0.0
1895,229.355,101.97207019015913,806.2658425465194,122.87231901135452,2549.9961515942964,75.86554070090938,45.20453205518042,0,5.525429798163325,250,33573.14956101863,0.0
1896,229.35999999999999,102.01055235295497,805.309509443185,122.72933840188335,2549.9961515942964,75.86543499186301,45.17769151558446,0,5.525492675385771,250,33573.53161028363,0.0
1897,229.365,102.0490584041223,804.3534758875393,122.58639960148392,2549.9961515942964,75.86532928281665,45.15084345474483,0,5.52555551535583,250,33573.91343319881,0.0
1898,229.37,102.08758834923245,803.3977424921759,122.4435027007161,2549.9961515942964,75.86522357377028,45.123987876461285,0,5.525618318063039,250,33574.29502970062,0.0
1899,229.375,102.12614219384385,802.442309869715,122.30064779015316,2549.9961515942964,75.86511786472391,45.09712478453955,0,5.525681083496947,250,33574.67639972555,0.0
1900,229.38,102.16471994350199,801.4871786328004,122.1578349604294,2549.9961515942964,75.86501215567755,45.07025418279135,0,5.525743811647104,250,33575.057543210096,0.0
1901,229.385,102.20332160373945,800.5323493941003,122.01506430213136,2549.9961515942964,75.86490644663118,45.04337607503437,0,5.525806502503067,250,33575.438460090816,0.0
1902,229.39,102.24194718007578,799.5778227663048,121.87233590586436,2549.9961515942964,75.86480073758482,45.01649046509228,0,5.525869156054397,250,33575.81915030428,0.0
1903,229.39499999999998,102.28059667801759,798.623599362127,121.7296498622628,2549.9961515942964,75.86469502853845,44.989597356794754,0,5.5259317722906625,250,33576.199613787096,0.0
1904,229.4,102.31927010305844,797.669679794301,121.58700626192119,2549.9961515942964,75.86458931949208,44.96269675397741,0,5.525994351201434,250,33576.57985047591,0.0
1905,229.405,102.35796746067894,796.7160646755804,121.44440519551765,2549.9961515942964,75.86448361044572,44.93578866048187,0,5.526056892776291,250,33576.95986030739,0.0
1906,229.41,102.39668875634659,795.7627546187382,121.30184675366797,2549.9961515942964,75.86437790139935,44.908873080155736,0,5.526119397004815,250,33577.339643218234,0.0
1907,229.415,102.43543399551581,794.8097502365667,121.15933102702498,2549.9961515942964,75.86427219235298,44.88195001685257,0,5.5261818638765945,250,33577.71919914519,0.0
1908,229.42,102.47420318362799,793.8570521418746,121.01685810626228,2549.9961515942964,75.86416648330662,44.85501947443193,0,5.526244293381224,250,33578.098528025024,0.0
1909,229.42499999999998,102.51299632611139,792.9046609474888,120.87442808203255,2549.9961515942964,75.86406077426025,44.82808145675934,0,5.526306685508301,250,33578.477629794535,0.0
1910,229.43,102.55181342838117,791.9525772662508,120.73204104499051,2549.9961515942964,75.86395506521389,44.80113596770632,0,5.526369040247431,250,33578.85650439056,0.0
1911,229.435,102.59065449583929,791.0008017110175,120.58969708584057,2549.9961515942964,75.86384935616752,44.77418301115035,0,5.526431357588224,250,33579.23515174997,0.0
1912,229.44,102.62951953387461,790.0493348946595,120.44739629526403,2549.9961515942964,75.86374364712115,44.74722259097487,0,5.526493637520292,250,33579.613571809656,0.0
1913,229.445,102.66840854786281,789.0981774300615,120.30513876392584,2549.9961515942964,75.86363793807479,44.720254711069344,0,5.52655588003326,250,33579.99176450656,0.0
1914,229.45,102.7073215431663,788.1473299301196,120.1629245825509,2549.9961515942964,75.86353222902842,44.69327937532916,0,5.52661808511675,250,33580.36972977763,0.0
1915,229.45499999999998,102.74625852513438,787.1967930077413,120.02075384183297,2549.9961515942964,75.86342651998206,44.66629658765572,0,5.5266802527603955,250,33580.747467559886,0.0
1916,229.46,102.78521949910302,786.2465672758453,119.87862663247358,2549.9961515942964,75.86332081093569,44.63930635195637,0,5.526742382953832,250,33581.12497779034,0.0
1917,229.465,102.82420447039497,785.2966533473596,119.73654304520623,2549.9961515942964,75.86321510188932,44.61230867214445,0,5.526804475686701,250,33581.50226040607,0.0
1918,229.47,102.86321344431971,784.3470518352211,119.5945031707442,2549.9961515942964,75.86310939284296,44.58530355213926,0,5.526866530948651,250,33581.87931534417,0.0
1919,229.475,102.90224642617343,783.3977633523743,119.45250709980766,2549.9961515942964,75.86300368379659,44.55829099586609,0,5.526928548729335,250,33582.25614254176,0.0
1920,229.48,102.94130342123898,782.4487885117709,119.31055492313116,2549.9961515942964,75.86289797475023,44.53127100725617,0,5.526990529018409,250,33582.632741936,0.0
1921,229.48499999999999,102.98038443478588,781.5001279263686,119.1686467314736,2549.9961515942964,75.86279226570386,44.504243590246745,0,5.527052471805539,250,33583.009113464104,0.0
1922,229.49,103.01948947207033,780.5517822091305,119.02678261555307,2549.9961515942964,75.8626865566575,44.477208748780996,0,5.527114377080393,250,33583.38525706328,0.0
1923,229.495,103.05861853833512,779.6037519730243,118.88496266612898,2549.9961515942964,75.86258084761113,44.45016648680808,0,5.5271762448326465,250,33583.761172670806,0.0
1924,229.5,103.09777163880969,778.6560378310204,118.74318697397138,2549.9961515942964,75.86247513856476,44.42311680828314,0,5.5272380750519785,250,33584.13686022397,0.0
1925,229.505,103.13694877871004,777.7086403960922,118.60145562980917,2549.9961515942964,75.8623694295184,44.39605971716727,0,5.5272998677280745,250,33584.51231966009,0.0
1926,229.51,103.17614996323873,776.7615602812151,118.4597687244326,2549.9961515942964,75.86226372047203,44.36899521742753,0,5.527361622850627,250,33584.887550916545,0.0
1927,229.515,103.2153751975849,775.8147980993643,118.31812634859335,2549.9961515942964,75.86215801142566,44.34192331303697,0,5.527423340409331,250,33585.26255393071,0.0
1928,229.51999999999998,103.25462448692426,774.8683544635164,118.17652859308187,2549.9961515942964,75.8620523023793,44.31484400797459,0,5.527485020393889,250,33585.637328640034,0.0
1929,229.525,103.2938978364189,773.9222299866453,118.0349755486692,2549.9961515942964,75.86194659333293,44.28775730622536,0,5.527546662794008,250,33586.01187498197,0.0
1930,229.53,103.33319525121757,772.9764252817247,117.89346730613116,2549.9961515942964,75.86184088428656,44.260663211780205,0,5.527608267599402,250,33586.38619289401,0.0
1931,229.535,103.37251673645541,772.0309409617241,117.75200395626085,2549.9961515942964,75.8617351752402,44.233561728636026,0,5.527669834799789,250,33586.760282313684,0.0
1932,229.54,103.411862297254,771.0857776396099,117.61058558986606,2549.9961515942964,75.86162946619383,44.2064528607957,0,5.527731364384893,250,33587.134143178555,0.0
1933,229.545,103.45123193872139,770.1409359283439,117.46921229770619,2549.9961515942964,75.86152375714747,44.17933661226804,0,5.527792856344444,250,33587.50777542622,0.0
1934,229.54999999999998,103.49062566595207,769.1964164408829,117.32788417062058,2549.9961515942964,75.8614180481011,44.152212987067834,0,5.527854310668176,250,33587.8811789943,0.0
1935,229.555,103.53004348402688,768.2522197901764,117.18660129938652,2549.9961515942964,75.86131233905473,44.12508198921584,0,5.527915727345831,250,33588.25435382047,0.0
1936,229.56,103.56948539801307,767.3083465891671,117.04536377482202,2549.9961515942964,75.86120663000837,44.09794362273878,0,5.527977106367154,250,33588.627299842425,0.0
1937,229.565,103.60895141296426,766.3647974507901,116.90417168772626,2549.9961515942964,75.861100920962,44.070797891669315,0,5.528038447721898,250,33589.00001699789,0.0
1938,229.57,103.64844153392038,765.4215729879706,116.76302512891564,2549.9961515942964,75.86099521191564,44.043644800046074,0,5.528099751399821,250,33589.37250522464,0.0
1939,229.575,103.6879557659077,764.4786738136244,116.62192418921745,2549.9961515942964,75.86088950286927,44.01648435191366,0,5.528161017390683,250,33589.744764460454,0.0
1940,229.57999999999998,103.72749411393883,763.5361005406561,116.48086895944805,2549.9961515942964,75.8607837938229,43.989316551322624,0,5.5282222456842565,250,33590.11679464319,0.0
1941,229.585,103.76705658301259,762.5938537819587,116.33985953043786,2549.9961515942964,75.86067808477654,43.962141402329465,0,5.528283436270312,250,33590.488595710696,0.0
1942,229.59,103.80664317811414,761.6519341504129,116.19889599298796,2549.9961515942964,75.86057237573017,43.934958908996656,0,5.528344589138632,250,33590.86016760088,0.0
1943,229.595,103.84625390421486,760.7103422588849,116.05797843795848,2549.9961515942964,75.8604666666838,43.9077690753926,0,5.528405704279001,250,33591.23151025167,0.0
1944,229.6,103.88588876627234,759.7690787202276,115.91710695615826,2549.9961515942964,75.86036095763744,43.8805719055917,0,5.52846678168121,250,33591.60262360106,0.0
1945,229.605,103.9255477692304,758.8281441472781,115.77628163843606,2549.9961515942964,75.86025524859107,43.85336740367427,0,5.5285278213350555,250,33591.97350758702,0.0
1946,229.60999999999999,103.96523091801906,757.8875391528569,115.63550257562436,2549.9961515942964,75.86014953954471,43.826155573726595,0,5.528588823230341,250,33592.344162147616,0.0
1947,229.615,104.0049382175545,756.9472643497675,115.49476985854757,2549.9961515942964,75.86004383049834,43.79893641984091,0,5.528649787356873,250,33592.7145872209,0.0
1948,229.62,104.044669672739,756.0073203507965,115.35408357807084,2549.9961515942964,75.85993812145198,43.771709946115415,0,5.528710713704466,250,33593.08478274499,0.0
1949,229.625,104.0844252884611,755.0677077687093,115.21344382502264,2549.9961515942964,75.85983241240561,43.74447615665422,0,5.528771602262939,250,33593.45474865802,0.0
1950,229.63,104.12420506959535,754.1284272162532,115.07285069025139,2549.9961515942964,75.85972670335924,43.71723505556744,0,5.528832453022117,250,33593.82448489817,0.0
1951,229.635,104.1640090210024,753.1894793061543,114.93230426460968,2549.9961515942964,75.85962099431288,43.6899866469711,0,5.528893265971832,250,33594.193991403656,0.0
1952,229.64,104.20383714752906,752.2508646511167,114.7918046389335,2549.9961515942964,75.85951528526651,43.662730934987195,0,5.528954041101918,250,33594.56326811271,0.0
1953,229.64499999999998,104.24368945400806,751.3125838638226,114.65135190408981,2549.9961515942964,75.85940957622014,43.63546792374365,0,5.52901477840222,250,33594.932314963626,0.0
1954,229.65,104.28356594525836,750.3746375569299,114.51094615090729,2549.9961515942964,75.85930386717378,43.608197617374344,0,5.529075477862583,250,33595.301131894696,0.0
1955,229.655,104.32346662608475,749.4370263430727,114.37058747024831,2549.9961515942964,75.85919815812741,43.58092002001911,0,5.529136139472862,250,33595.6697188443,0.0
1956,229.66,104.36339150127816,748.4997508348592,114.23027595298673,2549.9961515942964,75.85909244908105,43.55363513582371,0,5.529196763222916,250,33596.03807575079,0.0
1957,229.665,104.4033405756154,747.5628116448722,114.09001168994621,2549.9961515942964,75.85898674003468,43.52634296893986,0,5.52925734910261,250,33596.40620255261,0.0
1958,229.67,104.44331385385928,746.626209385667,113.94979477200428,2549.9961515942964,75.85888103098831,43.49904352352522,0,5.529317897101815,250,33596.774099188195,0.0
1959,229.67499999999998,104.48331134075863,745.6899446697707,113.80962528999575,2549.9961515942964,75.85877532194195,43.4717368037434,0,5.529378407210408,250,33597.141765596054,0.0
1960,229.68,104.52333304104808,744.7540181096815,113.66950333480762,2549.9961515942964,75.85866961289558,43.444422813763914,0,5.5294388794182705,250,33597.50920171469,0.0
1961,229.685,104.56337895944827,743.818430317868,113.52942899727886,2549.9961515942964,75.85856390384922,43.41710155776226,0,5.52949931371529,250,33597.87640748267,0.0
1962,229.69,104.60344910066566,742.8831819067678,113.38940236826319,2549.9961515942964,75.85845819480285,43.389773039919845,0,5.529559710091361,250,33598.243382838584,0.0
1963,229.695,104.64354346939263,741.9482734887872,113.2494235386173,2549.9961515942964,75.85835248575648,43.36243726442403,0,5.529620068536382,250,33598.61012772107,0.0
1964,229.7,104.68366207030735,741.0137056762994,113.10949259922081,2549.9961515942964,75.85824677671012,43.33509423546812,0,5.529680389040261,250,33598.97664206878,0.0
1965,229.70499999999998,104.72380490807392,740.0794790816444,112.96960964090664,2549.9961515942964,75.85814106766375,43.307743957251326,0,5.529740671592908,250,33599.34292582043,0.0
1966,229.71,104.7639719873421,739.145594317128,112.82977475455213,2549.9961515942964,75.85803535861739,43.28038643397882,0,5.5298009161842385,250,33599.708978914736,0.0
1967,229.715,104.80416331274763,738.2120519950199,112.68998803100176,2549.9961515942964,75.85792964957102,43.253021669861695,0,5.529861122804177,250,33600.07480129047,0.0
1968,229.72,104.8443788889119,737.2788527275542,112.55024956112597,2549.9961515942964,75.85782394052465,43.22564966911699,0,5.529921291442652,250,33600.440392886456,0.0
1969,229.725,104.88461872044209,736.3459971269281,112.41055943576336,2549.9961515942964,75.85771823147829,43.19827043596766,0,5.529981422089597,250,33600.80575364152,0.0
1970,229.73,104.92488281193111,735.4134858053001,112.27091774578759,2549.9961515942964,75.85761252243192,43.17088397464259,0,5.530041514734954,250,33601.17088349454,0.0
1971,229.73499999999999,104.96517116795758,734.4813193747895,112.13132458204898,2549.9961515942964,75.85750681338556,43.14349028937663,0,5.530101569368668,250,33601.535782384424,0.0
1972,229.74,105.00548379308587,733.5494984474772,111.99178003539575,2549.9961515942964,75.85740110433919,43.116089384410515,0,5.53016158598069,250,33601.90045025013,0.0
1973,229.745,105.04582069186598,732.618023635401,111.85228419669721,2549.9961515942964,75.85729539529282,43.08868126399092,0,5.530221564560981,250,33602.26488703064,0.0
1974,229.75,105.08618186883359,731.6868955505595,111.7128371567772,2549.9961515942964,75.85718968624646,43.06126593237047,0,5.530281505099503,250,33602.62909266496,0.0
1975,229.755,105.12656732851005,730.7561148049064,111.57343900651767,2549.9961515942964,75.85708397720009,43.033843393807665,0,5.530341407586225,250,33602.99306709215,0.0
1976,229.76,105.16697707540227,729.8256820103531,111.43408983675108,2549.9961515942964,75.85697826815372,43.00641365256699,0,5.530401272011123,250,33603.356810251316,0.0
1977,229.765,105.20741111400284,728.8955977787663,111.2947897383228,2549.9961515942964,75.85687255910736,42.978976712918815,0,5.530461098364179,250,33603.720322081565,0.0
1978,229.76999999999998,105.24786944878988,727.9658627219669,111.15553880208184,2549.9961515942964,75.85676685006099,42.95153257913943,0,5.530520886635381,250,33604.08360252207,0.0
1979,229.775,105.28835208422714,727.0364774517296,111.01633711887654,2549.9961515942964,75.85666114101463,42.92408125551107,0,5.530580636814721,250,33604.44665151202,0.0
1980,229.78,105.32885902476387,726.107442579782,110.87718477956247,2549.9961515942964,75.85655543196825,42.89662274632187,0,5.530640348892199,250,33604.80946899066,0.0
1981,229.785,105.36939027483486,725.1787587178036,110.7380818749579,2549.9961515942964,75.8564497229219,42.86915705586588,0,5.530700022857819,250,33605.17205489725,0.0
1982,229.79,105.40994583886044,724.2504264774246,110.59902849590912,2549.9961515942964,75.85634401387551,42.8416841884431,0,5.530759658701594,250,33605.53440917111,0.0
1983,229.795,105.4505257212464,723.3224464702255,110.46002473323765,2549.9961515942964,75.85623830482916,42.8142041483594,0,5.53081925641354,250,33605.89653175157,0.0
1984,229.79999999999998,105.49112992638402,722.3948193077349,110.32107067780898,2549.9961515942964,75.85613259578278,42.786716939926606,0,5.530878815983681,250,33606.25842257801,0.0
1985,229.805,105.53175845865005,721.4675456014307,110.18216642043961,2549.9961515942964,75.85602688673643,42.75922256746243,0,5.530938337402044,250,33606.62008158985,0.0
1986,229.81,105.57241132240667,720.5406259627375,110.04331205194245,2549.9961515942964,75.85592117769006,42.731721035290505,0,5.530997820658665,250,33606.98150872654,0.0
1987,229.815,105.61308852200148,719.614061003026,109.90450766316434,2549.9961515942964,75.8558154686437,42.70421234774039,0,5.531057265743585,250,33607.34270392756,0.0
1988,229.82,105.65379006176745,718.6878513336126,109.76575334491133,2549.9961515942964,75.85570975959733,42.67669650914753,0,5.531116672646853,250,33607.70366713245,0.0
1989,229.825,105.69451594602302,717.7619975657576,109.6270491880036,2549.9961515942964,75.85560405055097,42.64917352385329,0,5.531176041358519,250,33608.06439828077,0.0
1990,229.82999999999998,105.73526617907189,716.8365003106652,109.4883952832668,2549.9961515942964,75.8554983415046,42.62164339620495,0,5.531235371868642,250,33608.4248973121,0.0
1991,229.835,105.7760407652032,715.9113601794824,109.34979172150348,2549.9961515942964,75.85539263245823,42.59410613055569,0,5.53129466416729,250,33608.78516416608,0.0
1992,229.84,105.81683970869132,714.9865777832974,109.2112385935408,2549.9961515942964,75.85528692341187,42.566561731264585,0,5.531353918244531,250,33609.14519878239,0.0
1993,229.845,105.857663013796,714.0621537331391,109.07273599015726,2549.9961515942964,75.8551812143655,42.53901020269663,0,5.531413134090443,250,33609.505001100726,0.0
1994,229.85,105.89851068476227,713.1380886399768,108.93428400217476,2549.9961515942964,75.85507550531914,42.51145154922272,0,5.531472311695109,250,33609.86457106083,0.0
1995,229.855,105.93938272582042,712.2143831147177,108.79588272038167,2549.9961515942964,75.85496979627277,42.48388577521964,0,5.531531451048618,250,33610.2239086025,0.0
1996,229.85999999999999,105.98027914118599,711.2910377682076,108.65753223558566,2549.9961515942964,75.8548640872264,42.45631288507008,0,5.531590552141066,250,33610.583013665535,0.0
1997,229.865,106.02119993505977,710.368053211229,108.51923263855512,2549.9961515942964,75.85475837818004,42.428732883162645,0,5.531649614962553,250,33610.941886189794,0.0
1998,229.87,106.06214511162771,709.4454300545009,108.38098402008687,2549.9961515942964,75.85465266913367,42.40114577389181,0,5.531708639503187,250,33611.30052611517,0.0
1999,229.875,106.10311467506106,708.5231689086766,108.24278647095586,2549.9961515942964,75.8545469600873,42.37355156165797,0,5.5317676257530835,250,33611.6589333816,0.0
2000,229.88,106.14410862951617,707.6012703843445,108.10464008194398,2549.9961515942964,75.85444125104094,42.34595025086739,0,5.531826573702359,250,33612.01710792903,0.0
2001,229.885,106.1851269791346,706.679735092026,107.96654494382338,2549.9961515942964,75.85433554199457,42.31834184593226,0,5.5318854833411395,250,33612.375049697475,0.0
2002,229.89,106.22616972804296,705.7585636421743,107.82850114734234,2549.9961515942964,75.8542298329482,42.290726351270635,0,5.531944354659558,250,33612.732758626975,0.0
2003,229.89499999999998,106.2672368803531,704.8377566451746,107.69050878329428,2549.9961515942964,75.85412412390184,42.26310377130646,0,5.532003187647751,250,33613.0902346576,0.0
2004,229.9,106.30832844016192,703.917314711342,107.55256794241298,2549.9961515942964,75.85401841485547,42.23547411046959,0,5.532061982295864,250,33613.44747772946,0.0
2005,229.905,106.34944441155139,702.997238450922,107.41467871545338,2549.9961515942964,75.85391270580911,42.207837373195765,0,5.532120738594045,250,33613.80448778272,0.0
2006,229.91,106.3905847985886,702.0775284740881,107.2768411931719,2549.9961515942964,75.85380699676274,42.180193563926586,0,5.532179456532453,250,33614.16126475756,0.0
2007,229.915,106.43174960532563,701.1581853909416,107.13905546630127,2549.9961515942964,75.85370128771636,42.15254268710957,0,5.532238136101248,250,33614.5178085942,0.0
2008,229.92,106.47293883579964,700.2392098115105,107.00132162557979,2549.9961515942964,75.85359557867001,42.12488474719811,0,5.532296777290599,250,33614.87411923291,0.0
2009,229.92499999999998,106.51415249403276,699.3206023457486,106.8636397617274,2549.9961515942964,75.85348986962363,42.09721974865146,0,5.5323553800906815,250,33615.230196613986,0.0
2010,229.93,106.55539058403215,698.4023636035344,106.72600996547055,2549.9961515942964,75.85338416057728,42.06954769593477,0,5.532413944491676,250,33615.58604067777,0.0
2011,229.935,106.59665310978997,697.484494194671,106.58843232753289,2549.9961515942964,75.8532784515309,42.04186859351909,0,5.5324724704837696,250,33615.94165136464,0.0
2012,229.94,106.63794007528325,696.5669947288832,106.45090693862198,2549.9961515942964,75.85317274248455,42.0141824458813,0,5.532530958057156,250,33616.297028615,0.0
2013,229.945,106.67925148447405,695.6498658158189,106.31343388945106,2549.9961515942964,75.85306703343817,41.98648925750421,0,5.532589407202034,250,33616.652172369315,0.0
2014,229.95,106.7205873413093,694.7331080650468,106.17601327069995,2549.9961515942964,75.85296132439181,41.95878903287645,0,5.532647817908608,250,33617.00708256806,0.0
2015,229.95499999999998,106.76194764972085,693.8167220860562,106.03864517307568,2549.9961515942964,75.85285561534543,41.931081776492576,0,5.532706190167093,250,33617.36175915176,0.0
2016,229.96,106.80333241362543,692.9007084882543,105.90132968725472,2549.9961515942964,75.85274990629908,41.903367492852986,0,5.532764523967703,250,33617.71620206098,0.0
2017,229.965,106.84474163692464,691.9850678809681,105.76406690392598,2549.9961515942964,75.8526441972527,41.875646186463946,0,5.532822819300666,250,33618.07041123633,0.0
2018,229.97,106.88617532350493,691.0698008734412,105.6268569137575,2549.9961515942964,75.85253848820635,41.8479178618376,0,5.53288107615621,250,33618.42438661845,0.0
2019,229.975,106.92763347723756,690.1549080748341,105.48969980740591,2549.9961515942964,75.85243277915997,41.82018252349197,0,5.5329392945245734,250,33618.778128148006,0.0
2020,229.98,106.96911610197866,689.2403900942218,105.35259567553682,2549.9961515942964,75.85232707011362,41.792440175950915,0,5.532997474395999,250,33619.13163576572,0.0
2021,229.98499999999999,107.0106232015691,688.3262475405945,105.21554460879973,2549.9961515942964,75.85222136106725,41.76469082374419,0,5.533055615760736,250,33619.48490941235,0.0
2022,229.99,107.05215477983451,687.4124810228559,105.07854669783374,2549.9961515942964,75.85211565202088,41.73693447140739,0,5.533113718609039,250,33619.83794902868,0.0
2023,229.995,107.09371084058532,686.4990911498226,104.94160203327661,2549.9961515942964,75.85200994297452,41.70917112348198,0,5.533171782931172,250,33620.19075455555,0.0
2024,230.0,107.13529138761666,685.5860785302226,104.80471070575271,2549.9961515942964,75.85190423392815,41.68140078451529,0,5.533229808717401,250,33620.54332593382,0.0
2025,230.005,107.17689642470846,684.6734437726947,104.66787280587545,2549.9961515942964,75.85179852488179,41.6536234590605,0,5.533287795958001,250,33620.8956631044,0.0
2026,230.01,107.21852595562524,683.7611874857871,104.53108842426882,2549.9961515942964,75.85169281583542,41.62583915167664,0,5.533345744643254,250,33621.24776600823,0.0
2027,230.015,107.2601799841163,682.8493102779577,104.39435765152908,2549.9961515942964,75.85158710678905,41.5980478669286,0,5.533403654763447,250,33621.5996345863,0.0
2028,230.01999999999998,107.30185851391556,681.9378127575716,104.25768057825081,2549.9961515942964,75.85148139774269,41.57024960938714,0,5.53346152630887,250,33621.95126877962,0.0
2029,230.025,107.34356154874158,681.0266955329012,104.12105729503271,2549.9961515942964,75.85137568869632,41.54244438362885,0,5.533519359269826,250,33622.302668529264,0.0
2030,230.03,107.38528909229757,680.115959212125,103.98448789244209,2549.9961515942964,75.85126997964994,41.51463219423617,0,5.533577153636622,250,33622.65383377633,0.0
2031,230.035,107.42704114827134,679.2056044033261,103.84797246104323,2549.9961515942964,75.85116427060359,41.48681304579741,0,5.533634909399567,250,33623.00476446194,0.0
2032,230.04,107.46881772033531,678.2956317144925,103.71151109140207,2549.9961515942964,75.85105856155721,41.458986942906705,0,5.533692626548983,250,33623.35546052729,0.0
2033,230.045,107.51061881214645,677.386041753515,103.57510387407646,2549.9961515942964,75.85095285251086,41.43115389016404,0,5.533750305075191,250,33623.70592191357,0.0
2034,230.04999999999998,107.55244442734632,676.4768351281863,103.43875089959575,2549.9961515942964,75.85084714346448,41.403313892175255,0,5.533807944968527,250,33624.05614856205,0.0
2035,230.055,107.59429456956097,675.5680124462009,103.30245225851486,2549.9961515942964,75.85074143441813,41.375466953552,0,5.533865546219326,250,33624.406140414016,0.0
2036,230.06,107.63616924240107,674.6595743151533,103.16620804133463,2549.9961515942964,75.85063572537175,41.34761307891181,0,5.533923108817933,250,33624.7558974108,0.0
2037,230.065,107.67806844946165,673.7515213425377,103.03001833858104,2549.9961515942964,75.8505300163254,41.31975227287802,0,5.533980632754699,250,33625.10541949378,0.0
2038,230.07,107.71999219432233,672.8438541357465,102.89388324076265,2549.9961515942964,75.85042430727901,41.29188454007983,0,5.53403811801998,250,33625.454706604345,0.0
2039,230.075,107.76194048054717,671.9365733020699,102.75780283836293,2549.9961515942964,75.85031859823266,41.264009885152234,0,5.534095564604142,250,33625.803758683964,0.0
2040,230.07999999999998,107.80391331168465,671.0296794486942,102.62177722187444,2549.9961515942964,75.85021288918628,41.23612831273611,0,5.534152972497552,250,33626.1525756741,0.0
2041,230.085,107.84591069126775,670.1231731827016,102.48580648177719,2549.9961515942964,75.85010718013993,41.208239827478145,0,5.534210341690587,250,33626.5011575163,0.0
2042,230.09,107.88793262281379,669.2170551110689,102.34989070853534,2549.9961515942964,75.85000147109355,41.180344434030836,0,5.53426767217363,250,33626.84950415212,0.0
2043,230.095,107.92997910982456,668.311325840667,102.21402999259293,2549.9961515942964,75.8498957620472,41.15244213705253,0,5.534324963937071,250,33627.19761552315,0.0
2044,230.1,107.97205015578612,667.4059859782583,102.07822442441642,2549.9961515942964,75.84979005300082,41.124532941207406,0,5.534382216971305,250,33627.54549157105,0.0
2045,230.105,108.01414576416897,666.5010361304985,101.94247409441098,2549.9961515942964,75.84968434395446,41.09661685116544,0,5.534439431266732,250,33627.8931322375,0.0
2046,230.10999999999999,108.05626593842796,665.5964769039333,101.80677909301997,2549.9961515942964,75.84957863490808,41.06869387160246,0,5.5344966068137635,250,33628.24053746421,0.0
2047,230.115,108.09841068200221,664.6923089049982,101.6711395106612,2549.9961515942964,75.84947292586173,41.040764007200096,0,5.534553743602814,250,33628.58770719295,0.0
2048,230.12,108.14057999831518,663.7885327400182,101.5355554377154,2549.9961515942964,75.84936721681535,41.01282726264581,0,5.534610841624303,250,33628.93464136552,0.0
2049,230.125,108.1827738907746,662.8851490152061,101.4000269645881,2549.9961515942964,75.849261507769,40.98488364263285,0,5.53466790086866,250,33629.28133992375,0.0
2050,230.13,108.22499236277247,661.9821583366615,101.2645541816614,2549.9961515942964,75.84915579872262,40.956933151860326,0,5.534724921326319,250,33629.627802809526,0.0
2051,230.135,108.26723541768507,661.0795613103701,101.1291371793045,2549.9961515942964,75.84905008967627,40.92897579503312,0,5.534781902987722,250,33629.97402996477,0.0
2052,230.14,108.30950305887289,660.1773585422026,100.99377604785579,2549.9961515942964,75.84894438062989,40.90101157686195,0,5.534838845843314,250,33630.32002133143,0.0
2053,230.14499999999998,108.35179528968064,659.2755506379143,100.85847087766675,2549.9961515942964,75.84883867158354,40.87304050206333,0,5.534895749883552,250,33630.665776851514,0.0
2054,230.15,108.3941121134372,658.3741382031434,100.72322175910047,2549.9961515942964,75.84873296253716,40.8450625753596,0,5.534952615098896,250,33631.01129646705,0.0
2055,230.155,108.43645353345572,657.4731218434105,100.58802878243684,2549.9961515942964,75.8486272534908,40.81707780147889,0,5.535009441479811,250,33631.35658012012,0.0
2056,230.16,108.47881955303339,656.5725021641177,100.45289203800698,2549.9961515942964,75.84852154444444,40.78908618515513,0,5.535066229016773,250,33631.70162775284,0.0
2057,230.165,108.52121017545161,655.672279770547,100.31781161611227,2549.9961515942964,75.84841583539806,40.76108773112805,0,5.5351229777002615,250,33632.04643930736,0.0
2058,230.17,108.56362540397593,654.7724552678595,100.18278760702967,2549.9961515942964,75.8483101263517,40.733082444143214,0,5.535179687520762,250,33632.391014725894,0.0
2059,230.17499999999998,108.60606524185599,653.8730292610959,100.04782010102655,2549.9961515942964,75.84820441730533,40.70507032895194,0,5.535236358468769,250,33632.73535395066,0.0
2060,230.18,108.64852969232547,652.9740023551731,99.9129091883793,2549.9961515942964,75.84809870825897,40.67705139031136,0,5.535292990534781,250,33633.07945692394,0.0
2061,230.185,108.6910187586022,652.0753751548855,99.77805495931982,2549.9961515942964,75.8479929992126,40.64902563298442,0,5.535349583709308,250,33633.42332358805,0.0
2062,230.19,108.73353244388801,651.1771482649025,99.64325750409039,2549.9961515942964,75.84788729016624,40.62099306173982,0,5.535406137982859,250,33633.76695388536,0.0
2063,230.195,108.7760707513688,650.2793222897682,99.5085169129101,2549.9961515942964,75.84778158111986,40.59295368135208,0,5.535462653345957,250,33634.110347758244,0.0
2064,230.2,108.8186336842145,649.3818978339006,99.37383327599339,2549.9961515942964,75.84767587207351,40.5649074966015,0,5.535519129789125,250,33634.45350514915,0.0
2065,230.20499999999998,108.861221245579,648.4848755015897,99.2392066835277,2549.9961515942964,75.84757016302713,40.53685451227416,0,5.535575567302898,250,33634.796426000554,0.0
2066,230.21,108.9038334386002,647.588255896998,99.10463722570215,2549.9961515942964,75.84746445398078,40.50879473316193,0,5.5356319658778155,250,33635.13911025497,0.0
2067,230.215,108.94647026639997,646.6920396241583,98.97012499267991,2549.9961515942964,75.8473587449344,40.48072816406246,0,5.535688325504423,250,33635.48155785496,0.0
2068,230.22,108.98913173208416,645.7962272869736,98.83567007461946,2549.9961515942964,75.84725303588804,40.45265480977919,0,5.535744646173274,250,33635.823768743125,0.0
2069,230.225,109.03181783874247,644.9008194892155,98.70127256166647,2549.9961515942964,75.84714732684166,40.42457467512133,0,5.535800927874928,250,33636.165742862104,0.0
2070,230.23,109.07452858944859,644.005816834523,98.56693254393922,2549.9961515942964,75.84704161779531,40.39648776490385,0,5.53585717059995,250,33636.507480154556,0.0
2071,230.23499999999999,109.11726398726006,643.1112199264029,98.43265011156248,2549.9961515942964,75.84693590874893,40.368394083947535,0,5.535913374338914,250,33636.84898056322,0.0
2072,230.24,109.16002403521837,642.2170293682274,98.29842535462801,2549.9961515942964,75.84683019970258,40.3402936370789,0,5.535969539082399,250,33637.19024403085,0.0
2073,230.245,109.20280873634877,641.3232457632338,98.1642583632068,2549.9961515942964,75.8467244906562,40.31218642913026,0,5.536025664820991,250,33637.53127050025,0.0
2074,230.25,109.24561809366045,640.4298697145236,98.03014922739642,2549.9961515942964,75.84661878160985,40.28407246493967,0,5.536081751545283,250,33637.872059914254,0.0
2075,230.255,109.28845211014634,639.5369018250614,97.8960980372425,2549.9961515942964,75.84651307256347,40.255951749350984,0,5.536137799245875,250,33638.21261221575,0.0
2076,230.26,109.33131078878327,638.6443426976731,97.76210488277704,2549.9961515942964,75.84640736351712,40.22782428721379,0,5.536193807913372,250,33638.55292734766,0.0
2077,230.265,109.37419413253177,637.7521929350469,97.6281698540374,2549.9961515942964,75.84630165447074,40.199690083383466,0,5.536249777538388,250,33638.89300525294,0.0
2078,230.26999999999998,109.41710214433625,636.8604531397305,97.49429304103612,2549.9961515942964,75.84619594542438,40.171549142721126,0,5.536305708111542,250,33639.2328458746,0.0
2079,230.275,109.46003482712479,635.9691239141312,97.36047453376132,2549.9961515942964,75.846090236378,40.14340147009365,0,5.536361599623461,250,33639.57244915568,0.0
2080,230.28,109.50299218380921,635.0782058605143,97.22671442219308,2549.9961515942964,75.84598452733164,40.115247070373684,0,5.5364174520647795,250,33639.91181503928,0.0
2081,230.285,109.5459742172851,634.1876995810024,97.09301279630441,2549.9961515942964,75.84587881828527,40.0870859484396,0,5.536473265426135,250,33640.25094346851,0.0
2082,230.29,109.58898093043175,633.2976056775744,96.9593697460423,2549.9961515942964,75.8457731092389,40.05891810917554,0,5.536529039698176,250,33640.589834386556,0.0
2083,230.295,109.63201232611212,632.4079247520643,96.82578536134704,2549.9961515942964,75.84566740019254,40.03074355747141,0,5.536584774871554,250,33640.92848773661,0.0
2084,230.29999999999998,109.67506840717283,631.5186574061617,96.69225973212113,2549.9961515942964,75.84556169114617,40.002562298222834,0,5.536640470936931,250,33641.26690346193,0.0
2085,230.305,109.71814917644417,630.629804241408,96.55879294828648,2549.9961515942964,75.8454559820998,39.97437433633119,0,5.536696127884973,250,33641.60508150581,0.0
2086,230.31,109.76125463674005,629.741365859198,96.42538509971745,2549.9961515942964,75.84535027305344,39.9461796767036,0,5.536751745706353,250,33641.943021811574,0.0
2087,230.315,109.80438479085804,628.8533428607778,96.29203627629349,2549.9961515942964,75.84524456400707,39.917978324252935,0,5.536807324391754,250,33642.280724322605,0.0
2088,230.32,109.84753964157922,627.965735847244,96.15874656786009,2549.9961515942964,75.84513885496071,39.8897702838978,0,5.536862863931862,250,33642.61818898231,0.0
2089,230.325,109.89071919166838,627.0785454195432,96.02551606426387,2549.9961515942964,75.84503314591434,39.86155556056253,0,5.53691836431737,250,33642.955415734155,0.0
2090,230.32999999999998,109.93392344387375,626.1917721784698,95.89234485532299,2549.9961515942964,75.84492743686798,39.833334159177184,0,5.536973825538982,250,33643.292404521635,0.0
2091,230.335,109.97715240092722,625.3054167246663,95.75923303082682,2549.9961515942964,75.84482172782162,39.805106084677575,0,5.537029247587403,250,33643.62915528829,0.0
2092,230.34,110.02040606554411,624.419479658622,95.62618068060013,2549.9961515942964,75.84471601877524,39.77687134200523,0,5.537084630453347,250,33643.96566797769,0.0
2093,230.345,110.06368444042333,623.5339615806715,95.49318789436981,2549.9961515942964,75.84461030972889,39.7486299361074,0,5.537139974127539,250,33644.30194253348,0.0
2094,230.35,110.10698752824726,622.6488630909944,95.36025476191485,2549.9961515942964,75.84450460068251,39.72038187193708,0,5.537195278600706,250,33644.63797889931,0.0
2095,230.355,110.15031533168175,621.7641847896139,95.22738137297046,2549.9961515942964,75.84439889163616,39.69212715445297,0,5.537250543863582,250,33644.97377701888,0.0
2096,230.35999999999999,110.19366785337611,620.8799272763963,95.09456781724067,2549.9961515942964,75.84429318258978,39.66386578861949,0,5.53730576990691,250,33645.309336835955,0.0
2097,230.365,110.23704509596315,619.9960911510493,94.96181418444203,2549.9961515942964,75.84418747354343,39.63559777940679,0,5.537360956721439,250,33645.64465829431,0.0
2098,230.37,110.28044706205901,619.1126770131217,94.82912056425798,2549.9961515942964,75.84408176449705,39.60732313179072,0,5.5374161042979235,250,33645.97974133778,0.0
2099,230.375,110.32387375426336,618.2296854620021,94.69648704633853,2549.9961515942964,75.8439760554507,39.57904185075286,0,5.5374712126271275,250,33646.31458591024,0.0
2100,230.38,110.36732517515914,617.347117096918,94.5639137203477,2549.9961515942964,75.84387034640432,39.55075394128048,0,5.5375262816998205,250,33646.64919195561,0.0
2101,230.385,110.41080132731275,616.4649725169353,94.43140067591067,2549.9961515942964,75.84376463735796,39.52245940836658,0,5.537581311506779,250,33646.98355941784,0.0
2102,230.39,110.45430221327395,615.583252320956,94.29894800263695,2549.9961515942964,75.84365892831158,39.49415825700985,0,5.537636302038788,250,33647.31768824093,0.0
2103,230.39499999999998,110.49782783557578,614.701957107719,94.16655579011363,2549.9961515942964,75.84355321926523,39.46585049221469,0,5.537691253286635,250,33647.651578368925,0.0
2104,230.4,110.54137819673468,613.8210874757974,94.03422412792034,2549.9961515942964,75.84344751021885,39.437536118991204,0,5.537746165241119,250,33647.98522974591,0.0
2105,230.405,110.58495329925034,612.9406440235988,93.90195310561863,2549.9961515942964,75.8433418011725,39.40921514235519,0,5.537801037893043,250,33648.318642316,0.0
2106,230.41,110.6285531456058,612.0606273493639,93.76974281273834,2549.9961515942964,75.84323609212612,39.38088756732813,0,5.53785587123322,250,33648.651816023375,0.0
2107,230.415,110.67217773826731,611.1810380511658,93.6375933388053,2549.9961515942964,75.84313038307975,39.35255339893724,0,5.5379106652524674,250,33648.98475081224,0.0
2108,230.42,110.71582707968442,610.3018767269084,93.5055047732977,2549.9961515942964,75.84302467403339,39.32421264221538,0,5.53796541994161,250,33649.31744662685,0.0
2109,230.42499999999998,110.7595011722899,609.4231439743253,93.37347720571962,2549.9961515942964,75.84291896498702,39.29586530220113,0,5.53802013529148,250,33649.64990341149,0.0
2110,230.43,110.80320001849977,608.5448403909801,93.24151072551683,2549.9961515942964,75.84281325594065,39.267511383938746,0,5.538074811292916,250,33649.98212111051,0.0
2111,230.435,110.84692362071321,607.6669665742645,93.10960542214778,2549.9961515942964,75.84270754689429,39.23915089247817,0,5.5381294479367655,250,33650.31409966828,0.0
2112,230.44,110.89067198131266,606.7895231213972,92.97776138500767,2549.9961515942964,75.84260183784792,39.21078383287503,0,5.538184045213881,250,33650.645839029225,0.0
2113,230.445,110.93444510266366,605.9125106294231,92.84597870351764,2549.9961515942964,75.84249612880156,39.182410210190625,0,5.53823860311512,250,33650.97733913781,0.0
2114,230.45,110.97824298711495,605.035929695213,92.71425746705643,2549.9961515942964,75.84239041975519,39.154030029491935,0,5.538293121631353,250,33651.30859993854,0.0
2115,230.45499999999998,111.0220656369984,604.1597809154612,92.58259776497071,2549.9961515942964,75.84228471070882,39.12564329585161,0,5.538347600753452,250,33651.639621375965,0.0
2116,230.46,111.06591305462901,603.2840648866859,92.45099968662542,2549.9961515942964,75.84217900166246,39.09725001434799,0,5.5384020404723,250,33651.970403394684,0.0
2117,230.465,111.10978524230484,602.408782205228,92.31946332132482,2549.9961515942964,75.84207329261609,39.06885019006507,0,5.538456440778783,250,33652.30094593933,0.0
2118,230.47,111.15368220230711,601.5339334672493,92.18798875837888,2549.9961515942964,75.84196758356973,39.040443828092506,0,5.538510801663798,250,33652.631248954574,0.0
2119,230.475,111.19760393690004,600.6595192687319,92.05657608706821,2549.9961515942964,75.84186187452336,39.01203093352562,0,5.5385651231182464,250,33652.961312385145,0.0
2120,230.48,111.241550448331,599.7855402054776,91.92522539663707,2549.9961515942964,75.841756165477,38.98361151146542,0,5.538619405133037,250,33653.29113617581,0.0
2121,230.48499999999999,111.28552173883025,598.9119968731071,91.79393677634211,2549.9961515942964,75.84165045643063,38.95518556701854,0,5.5386736476990865,250,33653.620720271356,0.0
2122,230.49,111.32951781061125,598.0388898670582,91.66271031539725,2549.9961515942964,75.84154474738426,38.926753105297294,0,5.5387278508073186,250,33653.95006461665,0.0
2123,230.495,111.37353866587033,597.166219782585,91.531546102997,2549.9961515942964,75.8414390383379,38.89831413141964,0,5.538782014448663,250,33654.27916915658,0.0
2124,230.5,111.41758430678685,596.2939872147577,91.40044422831033,2549.9961515942964,75.84133332929153,38.86986865050918,0,5.538836138614058,250,33654.60803383608,0.0
2125,230.505,111.46165473552317,595.4221927584612,91.26940478048995,2549.9961515942964,75.84122762024516,38.8414166676952,0,5.538890223294448,250,33654.93665860013,0.0
2126,230.51,111.50574995422457,594.5508370083932,91.13842784869152,2549.9961515942964,75.84112191119881,38.81295818811259,0,5.538944268480786,250,33655.26504339375,0.0
2127,230.515,111.54986996501925,593.6799205590648,91.00751352200385,2549.9961515942964,75.84101620215243,38.7844932169019,0,5.538998274164029,250,33655.59318816201,0.0
2128,230.51999999999998,111.5940147700184,592.8094440047985,90.87666188951721,2549.9961515942964,75.84091049310608,38.756021759209325,0,5.539052240335143,250,33655.92109285002,0.0
2129,230.525,111.63818437131606,591.9394079397275,90.74587304030207,2549.9961515942964,75.8408047840597,38.7275438201867,0,5.539106166985103,250,33656.24875740293,0.0
2130,230.53,111.68237877098916,591.0698129577947,90.61514706340687,2549.9961515942964,75.84069907501333,38.69905940499149,0,5.5391600541048875,250,33656.57618176592,0.0
2131,230.535,111.72659797109756,590.2006596527518,90.48448404785753,2549.9961515942964,75.84059336596697,38.6705685187868,0,5.5392139016854856,250,33656.90336588425,0.0
2132,230.54,111.77084197368386,589.3319486181583,90.35388408264342,2549.9961515942964,75.8404876569206,38.64207116674136,0,5.53926770971789,250,33657.23030970319,0.0
2133,230.545,111.81511078077361,588.4636804473806,90.22334725674243,2549.9961515942964,75.84038194787423,38.61356735402953,0,5.539321478193104,250,33657.55701316807,0.0
2134,230.54999999999998,111.85940439437515,587.5958557335906,90.09287365911915,2549.9961515942964,75.84027623882787,38.58505708583129,0,5.539375207102135,250,33657.88347622426,0.0
2135,230.555,111.90372281647959,586.7284750697651,89.96246337869842,2549.9961515942964,75.8401705297815,38.55654036733226,0,5.539428896436001,250,33658.209698817176,0.0
2136,230.56,111.94806604906086,585.8615390486849,89.83211650439287,2549.9961515942964,75.84006482073514,38.52801720372365,0,5.539482546185724,250,33658.535680892266,0.0
2137,230.565,111.99243409407568,584.9950482629337,89.70183312509447,2549.9961515942964,75.83995911168877,38.49948760020232,0,5.539536156342335,250,33658.86142239503,0.0
2138,230.57,112.03682695346347,584.1290033048967,89.57161332965477,2549.9961515942964,75.8398534026424,38.47095156197073,0,5.539589726896871,250,33659.186923271016,0.0
2139,230.575,112.08124462914644,583.2634047667611,89.44145720692946,2549.9961515942964,75.83974769359604,38.44240909423694,0,5.5396432578403765,250,33659.512183465806,0.0
2140,230.57999999999998,112.12568712302952,582.3982532405126,89.31136484571203,2549.9961515942964,75.83964198454967,38.41386020221465,0,5.539696749163904,250,33659.83720292504,0.0
2141,230.585,112.1701544370003,581.5335493179371,89.1813363348226,2549.9961515942964,75.8395362755033,38.38530489112313,0,5.5397502008585136,250,33660.161981594385,0.0
2142,230.59,112.21464657292914,580.6692935906176,89.05137176300936,2549.9961515942964,75.83943056645694,38.35674316618728,0,5.5398036129152715,250,33660.486519419566,0.0
2143,230.595,112.25916353266898,579.8054866499346,88.9214712190265,2549.9961515942964,75.83932485741057,38.32817503263758,0,5.539856985325251,250,33660.81081634635,0.0
2144,230.6,112.3037053180555,578.9421290870644,88.79163479159888,2549.9961515942964,75.83921914836421,38.29960049571014,0,5.539910318079534,250,33661.13487232053,0.0
2145,230.605,112.34827193090698,578.0792214929788,88.66186256941403,2549.9961515942964,75.83911343931784,38.27101956064663,0,5.539963611169208,250,33661.45868728797,0.0
2146,230.60999999999999,112.39286337302434,577.216764458443,88.53215464114861,2549.9961515942964,75.83900773027148,38.242432232694334,0,5.540016864585368,250,33661.78226119456,0.0
2147,230.615,112.43747964619106,576.3547585740159,88.40251109545025,2549.9961515942964,75.83890202122511,38.21383851710612,0,5.5400700783191175,250,33662.10559398624,0.0
2148,230.62,112.48212075217334,575.4932044300484,88.27293202095508,2549.9961515942964,75.83879631217874,38.18523841914044,0,5.540123252361567,250,33662.428685609,0.0
2149,230.625,112.5267866927198,574.6321026166821,88.14341750623727,2549.9961515942964,75.83869060313238,38.15663194406134,0,5.540176386703832,250,33662.75153600886,0.0
2150,230.63,112.5714774695617,573.7714537238492,88.01396763990171,2549.9961515942964,75.83858489408601,38.12801909713842,0,5.54022948133704,250,33663.07414513188,0.0
2151,230.635,112.61619308441288,572.9112583412708,87.88458251047011,2549.9961515942964,75.83847918503965,38.0993998836469,0,5.540282536252319,250,33663.396512924206,0.0
2152,230.64,112.6609335389696,572.051517058457,87.75526220648484,2549.9961515942964,75.83837347599328,38.07077430886755,0,5.540335551440813,250,33663.71863933197,0.0
2153,230.64499999999998,112.70569883491076,571.1922304647038,87.62600681644227,2549.9961515942964,75.83826776694691,38.042142378086716,0,5.540388526893664,250,33664.0405243014,0.0
2154,230.65,112.75048897389765,570.3333991490946,87.49681642880388,2549.9961515942964,75.83816205790055,38.0135040965963,0,5.540441462602029,250,33664.36216777874,0.0
2155,230.655,112.7953039575741,569.4750237004971,87.36769113203077,2549.9961515942964,75.83805634885418,37.9848594696938,0,5.540494358557067,250,33664.68356971027,0.0
2156,230.66,112.84014378756638,568.6171047075643,87.23863101454252,2549.9961515942964,75.83795063980781,37.956208502682266,0,5.5405472147499495,250,33665.00473004235,0.0
2157,230.665,112.88500846548321,567.7596427587318,87.10963616473512,2549.9961515942964,75.83784493076145,37.9275512008703,0,5.54060003117185,250,33665.32564872135,0.0
2158,230.67,112.92989799291574,566.9026384422177,86.98070667097936,2549.9961515942964,75.83773922171508,37.89888756957206,0,5.540652807813952,250,33665.646325693706,0.0
2159,230.67499999999998,112.97481237143754,566.0460923460215,86.85184262161846,2549.9961515942964,75.83763351266872,37.870217614107275,0,5.540705544667447,250,33665.96676090588,0.0
2160,230.68,113.01975160260461,565.1900050579229,86.72304410496868,2549.9961515942964,75.83752780362235,37.841541339801225,0,5.540758241723533,250,33666.28695430441,0.0
2161,230.685,113.06471568795527,564.3343771654812,86.59431120933299,2549.9961515942964,75.83742209457598,37.81285875198473,0,5.540810898973414,250,33666.60690583584,0.0
2162,230.69,113.10970462901022,563.4792092560341,86.46564402296728,2549.9961515942964,75.83731638552962,37.78416985599416,0,5.5408635164083035,250,33666.926615446784,0.0
2163,230.695,113.1547184272726,562.6245019166965,86.33704263410564,2549.9961515942964,75.83721067648325,37.755474657171426,0,5.540916094019422,250,33667.24608308389,0.0
2164,230.7,113.19975708422774,561.7702557343603,86.20850713098233,2549.9961515942964,75.83710496743689,37.726773160863985,0,5.540968631797997,250,33667.56530869387,0.0
2165,230.70499999999998,113.2448206013434,560.9164712956917,86.08003760175262,2549.9961515942964,75.83699925839052,37.69806537242483,0,5.541021129735262,250,33667.88429222345,0.0
2166,230.71,113.28990898006961,560.0631491871329,85.95163413459652,2549.9961515942964,75.83689354934415,37.66935129721248,0,5.541073587822462,250,33668.20303361942,0.0
2167,230.715,113.33502222183868,559.2102899948983,85.82329681764037,2549.9961515942964,75.83678784029779,37.64063094059101,0,5.541126006050845,250,33668.52153282863,0.0
2168,230.72,113.38016032806522,558.3578943049756,85.69502573898356,2549.9961515942964,75.83668213125142,37.61190430792998,0,5.541178384411668,250,33668.83978979794,0.0
2169,230.725,113.42532330014603,557.5059627031236,85.56682098670747,2549.9961515942964,75.83657642220506,37.583171404604514,0,5.541230722896197,250,33669.15780447427,0.0
2170,230.73,113.47051113946026,556.654495774872,85.43868264885624,2549.9961515942964,75.83647071315869,37.55443223599525,0,5.541283021495703,250,33669.4755768046,0.0
2171,230.73499999999999,113.51572384736919,555.8034941055199,85.31061081345561,2549.9961515942964,75.83636500411232,37.52568680748834,0,5.541335280201466,250,33669.79310673594,0.0
2172,230.74,113.56096142521629,554.9529582801351,85.18260556849106,2549.9961515942964,75.83625929506596,37.496935124475456,0,5.541387499004772,250,33670.11039421535,0.0
2173,230.745,113.60622387432736,554.1028888835525,85.05466700194042,2549.9961515942964,75.83615358601959,37.46817719235377,0,5.541439677896917,250,33670.42743918993,0.0
2174,230.75,113.65151119601022,553.2532865003747,84.9267952017294,2549.9961515942964,75.83604787697323,37.43941301652599,0,5.541491816869201,250,33670.74424160683,0.0
2175,230.755,113.69682339155494,552.4041517149687,84.79899025576971,2549.9961515942964,75.83594216792686,37.4106426024003,0,5.541543915912936,250,33671.06080141325,0.0
2176,230.76,113.74216046223371,551.5554851114672,84.67125225194194,2549.9961515942964,75.8358364588805,37.38186595539042,0,5.541595975019437,250,33671.377118556426,0.0
2177,230.765,113.78752240930092,550.7072872737659,84.54358127810063,2549.9961515942964,75.83573074983413,37.35308308091554,0,5.541647994180029,250,33671.69319298365,0.0
2178,230.76999999999998,113.83290923399294,549.8595587855236,84.41597742206747,2549.9961515942964,75.83562504078776,37.32429398440036,0,5.541699973386045,250,33672.00902464225,0.0
2179,230.775,113.87832093752834,549.0123002301607,84.2884407716364,2549.9961515942964,75.8355193317414,37.295498671275105,0,5.541751912628824,250,33672.3246134796,0.0
2180,230.78,113.92375752110775,548.1655121908582,84.1609714145695,2549.9961515942964,75.83541362269503,37.26669714697543,0,5.541803811899711,250,33672.63995944313,0.0
2181,230.785,113.96921898591384,547.319195250557,84.03356943860884,2549.9961515942964,75.83530791364866,37.23788941694254,0,5.541855671190063,250,33672.9550624803,0.0
2182,230.79,114.01470533311138,546.4733499919566,83.90623493145851,2549.9961515942964,75.8352022046023,37.20907548662307,0,5.54190749049124,250,33673.26992253864,0.0
2183,230.795,114.06021656384715,545.627976997515,83.77896798078673,2549.9961515942964,75.83509649555593,37.180255361469186,0,5.541959269794614,250,33673.5845395657,0.0
2184,230.79999999999998,114.10575267924993,544.7830768494462,83.65176867425441,2549.9961515942964,75.83499078650956,37.1514290469385,0,5.542011009091559,250,33673.89891350908,0.0
2185,230.805,114.15131368043056,543.9386501297201,83.52463709947843,2549.9961515942964,75.8348850774632,37.12259654849412,0,5.542062708373463,250,33674.21304431645,0.0
2186,230.81,114.19689956848183,543.094697420062,83.39757334404345,2549.9961515942964,75.83477936841683,37.09375787160461,0,5.542114367631716,250,33674.52693193549,0.0
2187,230.815,114.24251034447852,542.2512193019503,83.270577495508,2549.9961515942964,75.83467365937047,37.06491302174401,0,5.542165986857718,250,33674.84057631396,0.0
2188,230.82,114.28814600947732,541.4082163566171,83.14364964139915,2549.9961515942964,75.8345679503241,37.03606200439183,0,5.542217566042877,250,33675.15397739964,0.0
2189,230.825,114.33380656451696,540.565689165046,83.01678986922202,2549.9961515942964,75.83446224127773,37.00720482503304,0,5.542269105178609,250,33675.467135140374,0.0
2190,230.82999999999998,114.37949201061804,539.7236383079712,82.88999826643698,2549.9961515942964,75.83435653223137,36.97834148915807,0,5.542320604256335,250,33675.780049484034,0.0
2191,230.835,114.42520234878307,538.8820643658776,82.76327492048536,2549.9961515942964,75.834250823185,36.9494720022628,0,5.542372063267487,250,33676.09272037856,0.0
2192,230.84,114.47093757999647,538.0409679189985,82.6366199187681,2549.9961515942964,75.83414511413864,36.92059636984857,0,5.542423482203501,250,33676.40514777193,0.0
2193,230.845,114.51669770522456,537.2003495473153,82.51003334867131,2549.9961515942964,75.83403940509227,36.891714597422165,0,5.5424748610558225,250,33676.717331612155,0.0
2194,230.85,114.56248272541549,536.3602098305564,82.38351529753442,2549.9961515942964,75.8339336960459,36.86282669049582,0,5.542526199815906,250,33677.02927184731,0.0
2195,230.855,114.60829264149928,535.5205493481961,82.25706585266917,2549.9961515942964,75.83382798699954,36.833932654587215,0,5.542577498475212,250,33677.3409684255,0.0
2196,230.85999999999999,114.6541274543878,534.6813686794538,82.13068510135874,2549.9961515942964,75.83372227795317,36.80503249521947,0,5.542628757025208,250,33677.65242129491,0.0
2197,230.865,114.69998716497473,533.8426684032936,82.00437313086223,2549.9961515942964,75.8336165689068,36.77612621792114,0,5.5426799754573715,250,33677.96363040371,0.0
2198,230.87,114.74587177413558,533.0044490984216,81.8781300283906,2549.9961515942964,75.83351085986044,36.74721382822621,0,5.542731153763183,250,33678.27459570018,0.0
2199,230.875,114.79178128272758,532.1667113432864,81.7519558811357,2549.9961515942964,75.83340515081407,36.718295331674085,0,5.542782291934138,250,33678.58531713262,0.0
2200,230.88,114.83771569158982,531.3294557160777,81.62585077625154,2549.9961515942964,75.8332994417677,36.68937073380963,0,5.542833389961732,250,33678.895794649376,0.0
2201,230.885,114.88367500154312,530.4926827947257,81.49981480086976,2549.9961515942964,75.83319373272134,36.6604400401831,0,5.542884447837475,250,33679.20602819883,0.0
2202,230.89,114.92965921339001,529.6563931568993,81.37384804208212,2549.9961515942964,75.83308802367497,36.631503256350186,0,5.542935465552878,250,33679.51601772943,0.0
2203,230.89499999999998,114.97566832791483,528.8205873800057,81.24795058694042,2549.9961515942964,75.83298231462861,36.60256038787198,0,5.542986443099466,250,33679.82576318967,0.0
2204,230.9,115.02170234588357,527.985266041189,81.12212252247684,2549.9961515942964,75.83287660558224,36.57361144031502,0,5.543037380468767,250,33680.13526452808,0.0
2205,230.905,115.06776126804394,527.1504297173298,80.99636393569578,2549.9961515942964,75.83277089653588,36.54465641925121,0,5.54308827765232,250,33680.44452169323,0.0
2206,230.91,115.11384509512533,526.3160789850441,80.87067491355133,2549.9961515942964,75.83266518748951,36.5156953302579,0,5.5431391346416685,250,33680.75353463376,0.0
2207,230.915,115.15995382783883,525.4822144206815,80.74505554297815,2549.9961515942964,75.83255947844314,36.48672817891782,0,5.543189951428366,250,33681.06230329834,0.0
2208,230.92,115.20608746687715,524.6488366003257,80.6195059108689,2549.9961515942964,75.83245376939678,36.457754970819096,0,5.5432407280039735,250,33681.3708276357,0.0
2209,230.92499999999998,115.25224601291467,523.8159460997916,80.49402610408993,2549.9961515942964,75.83234806035041,36.428775711555275,0,5.54329146436006,250,33681.679107594595,0.0
2210,230.93,115.29842946660739,522.9835434946264,80.36861620948261,2549.9961515942964,75.83224235130405,36.399790406725266,0,5.543342160488201,250,33681.98714312385,0.0
2211,230.935,115.34463782859284,522.1516293601071,80.2432763138279,2549.9961515942964,75.83213664225768,36.3707990619334,0,5.543392816379981,250,33682.29493417233,0.0
2212,230.94,115.39087109949033,521.3202042712401,80.11800650391359,2549.9961515942964,75.83203093321131,36.34180168278935,0,5.543443432026991,250,33682.60248068894,0.0
2213,230.945,115.43712927990059,520.4892688027597,79.9928068664502,2549.9961515942964,75.83192522416495,36.312798274908225,0,5.543494007420832,250,33682.90978262264,0.0
2214,230.95,115.48341237040594,519.6588235291287,79.86767748814128,2549.9961515942964,75.83181951511858,36.28378884391047,0,5.543544542553109,250,33683.21683992243,0.0
2215,230.95499999999998,115.52972037157035,518.8288690245348,79.74261845566352,2549.9961515942964,75.83171380607222,36.254773395421914,0,5.543595037415439,250,33683.52365253738,0.0
2216,230.96,115.5760532839392,517.9994058628923,79.61762985562922,2549.9961515942964,75.83160809702585,36.22575193507378,0,5.543645491999443,250,33683.83022041656,0.0
2217,230.965,115.62241110803947,517.1704346178395,79.49271177464443,2549.9961515942964,75.83150238797948,36.19672446850262,0,5.543695906296752,250,33684.13654350914,0.0
2218,230.97,115.66879384437966,516.3419558627378,79.36786429926565,2549.9961515942964,75.83139667893312,36.167691001350406,0,5.543746280299006,250,33684.442621764305,0.0
2219,230.975,115.71520149344967,515.5139701706714,79.2430875160225,2549.9961515942964,75.83129096988674,36.13865153926441,0,5.543796613997851,250,33684.7484551313,0.0
2220,230.98,115.76163405572102,514.686478114446,79.11838151141707,2549.9961515942964,75.83118526084039,36.109606087897305,0,5.543846907384941,250,33685.05404355942,0.0
2221,230.98499999999999,115.80809153164657,513.8594802665876,78.99374637189212,2549.9961515942964,75.831079551794,36.0805546529071,0,5.5438971604519365,250,33685.35938699799,0.0
2222,230.99,115.85457392166066,513.032977199342,78.86918218388027,2549.9961515942964,75.83097384274765,36.051497239957165,0,5.543947373190509,250,33685.6644853964,0.0
2223,230.995,115.90108122617907,512.2069694846731,78.74468903376615,2549.9961515942964,75.83086813370127,36.0224338547162,0,5.543997545592334,250,33685.96933870408,0.0
2224,231.0,115.94761344559907,511.3814576942626,78.62026700790237,2549.9961515942964,75.83076242465492,35.993364502858256,0,5.5440476776490994,250,33686.27394687052,0.0
2225,231.005,115.99417058029925,510.5564423995085,78.4959161926141,2549.9961515942964,75.83065671560854,35.96428919006274,0,5.544097769352498,250,33686.57830984523,0.0
2226,231.01,116.04075263063959,509.73192417152507,78.37163667417768,2549.9961515942964,75.83055100656219,35.93520792201438,0,5.54414782069423,250,33686.8824275778,0.0
2227,231.015,116.0873595969615,508.90790358114026,78.24742853884338,2549.9961515942964,75.83044529751581,35.906120704403236,0,5.544197831666005,250,33687.18630001786,0.0
2228,231.01999999999998,116.13399147958772,508.0843811988965,78.12329187282648,2549.9961515942964,75.83033958846946,35.877027542924694,0,5.544247802259539,250,33687.48992711505,0.0
2229,231.025,116.18064827882232,507.26135759504825,77.9992267622951,2549.9961515942964,75.83023387942309,35.84792844327948,0,5.544297732466559,250,33687.79330881912,0.0
2230,231.03,116.22732999495076,506.4388333395617,77.87523329339422,2549.9961515942964,75.83012817037672,35.81882341117362,0,5.544347622278797,250,33688.096445079835,0.0
2231,231.035,116.27403662823977,505.61680900211394,77.75131155222444,2549.9961515942964,75.83002246133036,35.78971245231848,0,5.544397471687993,250,33688.399335846996,0.0
2232,231.04,116.32076817893739,504.79528515209165,77.62746162486368,2549.9961515942964,75.82991675228399,35.760595572430724,0,5.544447280685896,250,33688.70198107047,0.0
2233,231.045,116.36752464727296,503.97426235859024,77.50368359733604,2549.9961515942964,75.82981104323763,35.73147277723234,0,5.544497049264261,250,33689.00438070017,0.0
2234,231.04999999999998,116.41430603345711,503.1537411904129,77.37997755563127,2549.9961515942964,75.82970533419126,35.70234407245062,0,5.544546777414855,250,33689.30653468607,0.0
2235,231.055,116.46111233768171,502.3337222160696,77.25634358572078,2549.9961515942964,75.8295996251449,35.67320946381814,0,5.544596465129449,250,33689.60844297815,0.0
2236,231.06,116.5079435601199,501.5142060037757,77.13278177351629,2549.9961515942964,75.82949391609853,35.644068957072804,0,5.544646112399823,250,33689.91010552649,0.0
2237,231.065,116.55479970092601,500.69519312145206,77.00929220491238,2549.9961515942964,75.82938820705216,35.6149225579578,0,5.544695719217766,250,33690.211522281184,0.0
2238,231.07,116.60168076023561,499.8766841367228,76.88587496575063,2549.9961515942964,75.8292824980058,35.5857702722216,0,5.544745285575075,250,33690.51269319239,0.0
2239,231.075,116.64858673816549,499.05867961691524,76.76253014184843,2549.9961515942964,75.82917678895943,35.55661210561799,0,5.544794811463553,250,33690.813618210304,0.0
2240,231.07999999999998,116.69551763481364,498.2411801290582,76.63925781897197,2549.9961515942964,75.82907107991306,35.527448063906,0,5.544844296875012,250,33691.11429728518,0.0
2241,231.085,116.7424734502592,497.4241862398815,76.51605808286037,2549.9961515942964,75.8289653708667,35.49827815284998,0,5.544893741801272,250,33691.41473036731,0.0
2242,231.09,116.78945418456244,496.6076985158153,76.39293101921446,2549.9961515942964,75.82885966182033,35.469102378219524,0,5.5449431462341625,250,33691.71491740705,0.0
2243,231.095,116.83645983776486,495.79171752298777,76.26987671369164,2549.9961515942964,75.82875395277397,35.43992074578953,0,5.5449925101655175,250,33692.01485835479,0.0
2244,231.1,116.88349040988906,494.97624382722586,76.14689525192424,2549.9961515942964,75.8286482437276,35.410733261340155,0,5.545041833587184,250,33692.31455316098,0.0
2245,231.105,116.93054590093872,494.1612779940531,76.02398671948816,2549.9961515942964,75.82854253468123,35.38153993065681,0,5.545091116491012,250,33692.6140017761,0.0
2246,231.10999999999999,116.97762631089866,493.34682058868924,75.9011512019352,2549.9961515942964,75.82843682563485,35.35234075953017,0,5.545140358868862,250,33692.9132041507,0.0
2247,231.115,117.02473163973482,492.5328721760488,75.77838878477542,2549.9961515942964,75.8283311165885,35.3231357537562,0,5.545189560712602,250,33693.212160235365,0.0
2248,231.12,117.07186188739412,491.7194333207403,75.6556995534766,2549.9961515942964,75.82822540754212,35.293924919136074,0,5.545238722014109,250,33693.510869980746,0.0
2249,231.125,117.11901705380468,490.9065045870656,75.53308359347352,2549.9961515942964,75.82811969849577,35.264708261476244,0,5.545287842765267,250,33693.80933333752,0.0
2250,231.13,117.16619713887556,490.0940865390185,75.41054099016078,2549.9961515942964,75.82801398944939,35.235485786588406,0,5.5453369229579685,250,33694.10755025643,0.0
2251,231.135,117.21340214249692,489.28217974028365,75.28807182888741,2549.9961515942964,75.82790828040304,35.20625750028948,0,5.545385962584112,250,33694.40552068825,0.0
2252,231.14,117.26063206453993,488.47078475423626,75.16567619497441,2549.9961515942964,75.82780257135666,35.17702340840166,0,5.545434961635609,250,33694.70324458382,0.0
2253,231.14499999999998,117.30788690485672,487.6599021439402,75.04335417369757,2549.9961515942964,75.8276968623103,35.14778351675234,0,5.545483920104373,250,33695.00072189403,0.0
2254,231.15,117.35516666328047,486.84953247214804,74.92110585029928,2549.9961515942964,75.82759115326392,35.118537831174166,0,5.545532837982331,250,33695.29795256981,0.0
2255,231.155,117.40247133962536,486.03967630129915,74.7989313099726,2549.9961515942964,75.82748544421757,35.089286357505,0,5.545581715261416,250,33695.59493656215,0.0
2256,231.16,117.44980093368643,485.23033419351896,74.67683063787788,2549.9961515942964,75.82737973517119,35.06002910158795,0,5.545630551933566,250,33695.891673822065,0.0
2257,231.165,117.49715544523981,484.4215067106187,74.55480391913775,2549.9961515942964,75.82727402612484,35.03076606927131,0,5.545679347990731,250,33696.18816430064,0.0
2258,231.17,117.54453487404245,483.6131944140937,74.4328512388308,2549.9961515942964,75.82716831707846,35.001497266408606,0,5.545728103424867,250,33696.484407949,0.0
2259,231.17499999999998,117.59193921983233,482.8053978651218,74.3109726819886,2549.9961515942964,75.82706260803211,34.97222269885858,0,5.545776818227941,250,33696.78040471834,0.0
2260,231.18,117.63936848232827,481.9981176245641,74.18916833362313,2549.9961515942964,75.82695689898573,34.942942372485184,0,5.545825492391926,250,33697.076154559865,0.0
2261,231.185,117.68682266123001,481.1913542529628,74.06743827868638,2549.9961515942964,75.82685118993938,34.91365629315756,0,5.545874125908802,250,33697.371657424876,0.0
2262,231.19,117.73430175621817,480.38510831054015,73.94578260209843,2549.9961515942964,75.826745480893,34.884364466750064,0,5.545922718770559,250,33697.666913264686,0.0
2263,231.195,117.78180576695429,479.57938035719803,73.8242013887435,2549.9961515942964,75.82663977184664,34.85506689914224,0,5.545971270969194,250,33697.96192203067,0.0
2264,231.2,117.82933469308067,478.7741709525169,73.70269472345588,2549.9961515942964,75.82653406280028,34.82576359621881,0,5.546019782496715,250,33698.25668367426,0.0
2265,231.20499999999998,117.87688853422056,477.9694806557537,73.58126269103163,2549.9961515942964,75.82642835375391,34.79645456386973,0,5.546068253345132,250,33698.55119814694,0.0
2266,231.21,117.92446728997794,477.1653100258435,73.45990537623541,2549.9961515942964,75.82632264470755,34.767139807990084,0,5.546116683506471,250,33698.84546540021,0.0
2267,231.215,117.97207095993772,476.3616596213952,73.33862286377163,2549.9961515942964,75.82621693566118,34.737819334480164,0,5.546165072972759,250,33699.13948538566,0.0
2268,231.22,118.01969954366552,475.558530000693,73.21741523832708,2549.9961515942964,75.82611122661481,34.70849314924544,0,5.546213421736035,250,33699.433258054916,0.0
2269,231.225,118.06735304070777,474.75592172169416,73.09628258452837,2549.9961515942964,75.82600551756843,34.67916125819655,0,5.546261729788347,250,33699.72678335964,0.0
2270,231.23,118.11503145059174,473.9538353420294,72.97522498696804,2549.9961515942964,75.82589980852208,34.649823667249294,0,5.5463099971217495,250,33700.02006125158,0.0
2271,231.23499999999999,118.16273477282539,473.152271419,72.85424253019913,2549.9961515942964,75.8257940994757,34.620480382324644,0,5.546358223728305,250,33700.31309168249,0.0
2272,231.24,118.21046300689748,472.35123050957844,72.733335298734,2549.9961515942964,75.82568839042935,34.59113140934872,0,5.546406409600085,250,33700.60587460419,0.0
2273,231.245,118.25821615227747,471.55071317040694,72.61250337703216,2549.9961515942964,75.82558268138297,34.56177675425282,0,5.546454554729167,250,33700.89840996857,0.0
2274,231.25,118.30599420841554,470.7507199577956,72.49174684952382,2549.9961515942964,75.82547697233662,34.532416422973355,0,5.546502659107642,250,33701.190697727536,0.0
2275,231.255,118.35379717474264,469.95125142772304,72.37106580059239,2549.9961515942964,75.82537126329024,34.50305042145193,0,5.546550722727602,250,33701.482737833074,0.0
2276,231.26,118.40162505067033,469.15230813583406,72.25046031457656,2549.9961515942964,75.82526555424388,34.47367875563526,0,5.546598745581154,250,33701.7745302372,0.0
2277,231.265,118.44947783559097,468.35389063743946,72.12993047577996,2549.9961515942964,75.8251598451975,34.44430143147521,0,5.546646727660409,250,33702.06607489199,0.0
2278,231.26999999999998,118.49735552887748,467.55599948751467,72.00947636845046,2549.9961515942964,75.82505413615115,34.41491845492878,0,5.546694668957487,250,33702.35737174957,0.0
2279,231.275,118.54525812988348,466.75863524069916,71.88909807681023,2549.9961515942964,75.82494842710477,34.38552983195811,0,5.546742569464518,250,33702.6484207621,0.0
2280,231.28,118.59318563794326,465.96179845129495,71.76879568502348,2549.9961515942964,75.82484271805842,34.35613556853044,0,5.546790429173639,250,33702.939221881825,0.0
2281,231.285,118.6411380523717,465.1654896732661,71.6485692772264,2549.9961515942964,75.82473700901204,34.32673567061817,0,5.546838248076995,250,33703.22977506101,0.0
2282,231.29,118.68911537246436,464.36970946023735,71.52841893749921,2549.9961515942964,75.82463129996569,34.29733014419878,0,5.546886026166739,250,33703.520080251976,0.0
2283,231.295,118.73711759749732,463.57445836549346,71.40834474988365,2549.9961515942964,75.82452559091931,34.2679189952549,0,5.5469337634350335,250,33703.8101374071,0.0
2284,231.29999999999998,118.78514472672732,462.77973694197806,71.28834679838074,2549.9961515942964,75.82441988187296,34.23850222977425,0,5.546981459874049,250,33704.099946478804,0.0
2285,231.305,118.83319675939167,461.985545742293,71.16842516694386,2549.9961515942964,75.82431417282658,34.20907985374965,0,5.547029115475964,250,33704.389507419575,0.0
2286,231.31,118.88127369470823,461.1918853186967,71.04857993948427,2549.9961515942964,75.82420846378022,34.17965187317903,0,5.5470767302329635,250,33704.67882018192,0.0
2287,231.315,118.92937553187538,460.3987562231038,70.92881119987548,2549.9961515942964,75.82410275473384,34.150218294065425,0,5.547124304137245,250,33704.96788471844,0.0
2288,231.32,118.97750227007215,459.6061590070842,70.8091190319328,2549.9961515942964,75.82399704568749,34.12077912241696,0,5.547171837181011,250,33705.256700981736,0.0
2289,231.325,119.025653908458,458.81409422186164,70.68950351943577,2549.9961515942964,75.82389133664111,34.09133436424684,0,5.547219329356474,250,33705.54526892451,0.0
2290,231.32999999999998,119.07383044617293,458.0225624183128,70.56996474613763,2549.9961515942964,75.82378562759476,34.061884025573356,0,5.5472667806558515,250,33705.83358849947,0.0
2291,231.335,119.12203188233747,457.2315641469672,70.45050279571497,2549.9961515942964,75.82367991854838,34.03242811241989,0,5.547314191071374,250,33706.1216596594,0.0
2292,231.34,119.17025821605263,456.44109995800443,70.33111775181271,2549.9961515942964,75.82357420950203,34.0029666308149,0,5.547361560595278,250,33706.409482357136,0.0
2293,231.345,119.21850944639984,455.6511704012555,70.21180969804263,2549.9961515942964,75.82346850045565,33.9734995867919,0,5.547408889219808,250,33706.697056545556,0.0
2294,231.35,119.26678557244111,454.8617760261999,70.09257871796675,2549.9961515942964,75.8233627914093,33.944026986389495,0,5.547456176937219,250,33706.984382177594,0.0
2295,231.355,119.31508659321874,454.0729173819655,69.97342489508556,2549.9961515942964,75.82325708236291,33.91454883565133,0,5.547503423739771,250,33707.271459206226,0.0
2296,231.35999999999999,119.36341250775565,453.28459501732783,69.85434831287704,2549.9961515942964,75.82315137331655,33.88506514062612,0,5.547550629619735,250,33707.558287584485,0.0
2297,231.365,119.41176331505508,452.496809480708,69.73534905476308,2549.9961515942964,75.82304566427018,33.855575907367644,0,5.54759779456939,250,33707.84486726546,0.0
2298,231.37,119.4601390141007,451.7095613201736,69.61642720412232,2549.9961515942964,75.82293995522382,33.826081141934715,0,5.547644918581023,250,33708.13119820228,0.0
2299,231.375,119.50853960385658,450.9228510834353,69.49758284428374,2549.9961515942964,75.82283424617746,33.7965808503912,0,5.547692001646929,250,33708.41728034814,0.0
2300,231.38,119.55696508326719,450.13667931784846,69.37881605854133,2549.9961515942964,75.82272853713108,33.767075038806006,0,5.547739043759412,250,33708.70311365627,0.0
2301,231.385,119.60541545125739,449.3510465704101,69.26012693013308,2549.9961515942964,75.82262282808473,33.73756371325309,0,5.547786044910784,250,33708.988698079964,0.0
2302,231.39,119.65389070673237,448.56595338775884,69.14151554225893,2549.9961515942964,75.82251711903835,33.70804687981141,0,5.547833005093365,250,33709.27403357255,0.0
2303,231.39499999999998,119.70239084857772,447.7814003161742,69.02298197806722,2549.9961515942964,75.822411409992,33.67852454456499,0,5.547879924299486,250,33709.559120087426,0.0
2304,231.4,119.75091587565927,446.99738790157505,68.90452632065715,2549.9961515942964,75.82230570094562,33.64899671360286,0,5.5479268025214825,250,33709.843957578036,0.0
2305,231.405,119.79946578682335,446.21391668951856,68.78614865309507,2549.9961515942964,75.82219999189927,33.61946339301908,0,5.547973639751701,250,33710.128545997875,0.0
2306,231.41,119.84804058089641,445.4309872252004,68.66784905839215,2549.9961515942964,75.82209428285289,33.5899245889127,0,5.5480204359824965,250,33710.41288530047,0.0
2307,231.415,119.89664025668534,444.64860005345173,68.54962761950951,2549.9961515942964,75.82198857380654,33.560380307387824,0,5.548067191206231,250,33710.69697543944,0.0
2308,231.42,119.94526481297724,443.8667557187406,68.43148441936957,2549.9961515942964,75.82188286476016,33.53083055455351,0,5.548113905415277,250,33710.980816368414,0.0
2309,231.42499999999998,119.99391424853955,443.0854547651691,68.3134195408475,2549.9961515942964,75.8217771557138,33.50127533652387,0,5.548160578602013,250,33711.264408041105,0.0
2310,231.43,120.04258856211995,442.3046977364732,68.19543306676066,2549.9961515942964,75.82167144666742,33.47171465941797,0,5.548207210758827,250,33711.54775041125,0.0
2311,231.435,120.09128775244638,441.5244851760216,68.07752507989501,2549.9961515942964,75.82156573762107,33.4421485293599,0,5.548253801878117,250,33711.83084343265,0.0
2312,231.44,120.14001181822695,440.7448176268153,67.95969566298008,2549.9961515942964,75.82146002857469,33.41257695247873,0,5.548300351952288,250,33712.11368705918,0.0
2313,231.445,120.18876075815014,439.96569563148574,67.841944898701,2549.9961515942964,75.82135431952834,33.38299993490851,0,5.548346860973753,250,33712.39628124473,0.0
2314,231.45,120.23753457088452,439.18711973229483,67.7242728696963,2549.9961515942964,75.82124861048196,33.35341748278828,0,5.548393328934935,250,33712.67862594324,0.0
2315,231.45499999999998,120.2863332550789,438.4090904711326,67.60667965854825,2549.9961515942964,75.8211429014356,33.32382960226205,0,5.548439755828264,250,33712.96072110875,0.0
2316,231.46,120.33515680936235,437.631608389518,67.48916534780795,2549.9961515942964,75.82103719238923,33.29423629947878,0,5.54848614164618,250,33713.2425666953,0.0
2317,231.465,120.38400523234402,436.85467402859626,67.37173001996631,2549.9961515942964,75.82093148334287,33.26463758059244,0,5.54853248638113,250,33713.524162657,0.0
2318,231.47,120.4328785226133,436.07828792913926,67.25437375746776,2549.9961515942964,75.8208257742965,33.235033451761936,0,5.54857879002557,250,33713.80550894802,0.0
2319,231.475,120.4817766787397,435.3024506315438,67.1370966427108,2549.9961515942964,75.82072006525013,33.20542391915112,0,5.548625052571966,250,33714.08660552258,0.0
2320,231.48,120.53069969927292,434.52716267583077,67.01989875804844,2549.9961515942964,75.82061435620376,33.17580898892883,0,5.54867127401279,250,33714.36745233493,0.0
2321,231.48499999999999,120.57964758274271,433.7524246016445,66.90278018577837,2549.9961515942964,75.8205086471574,33.14618866726882,0,5.548717454340525,250,33714.64804933941,0.0
2322,231.49,120.62862032765898,432.9782369482513,66.7857410081614,2549.9961515942964,75.82040293811103,33.116562960349796,0,5.54876359354766,250,33714.92839649038,0.0
2323,231.495,120.67761793251182,432.2046002545392,66.66878130739414,2549.9961515942964,75.82029722906466,33.08693187435543,0,5.548809691626696,250,33715.20849374226,0.0
2324,231.5,120.72664039577131,431.4315150590158,66.5519011656423,2549.9961515942964,75.8201915200183,33.05729541547429,0,5.54885574857014,250,33715.48834104954,0.0
2325,231.505,120.77568771588771,430.65898189980874,66.43510066499948,2549.9961515942964,75.82008581097193,33.02765358989991,0,5.548901764370508,250,33715.767938366735,0.0
2326,231.51,120.82475989129125,429.887001314664,66.31837988753817,2549.9961515942964,75.81998010192557,32.998006403830715,0,5.548947739020324,250,33716.04728564843,0.0
2327,231.515,120.87385692039234,429.1155738409447,66.20173891525857,2549.9961515942964,75.8198743928792,32.96835386347007,0,5.548993672512123,250,33716.326382849256,0.0
2328,231.51999999999998,120.92297880158132,428.34470001563074,66.08517783012205,2549.9961515942964,75.81976868383283,32.93869597502627,0,5.549039564838445,250,33716.60522992389,0.0
2329,231.525,120.97212553322869,427.5743803753177,65.96869671404404,2549.9961515942964,75.81966297478647,32.90903274471248,0,5.549085415991842,250,33716.88382682707,0.0
2330,231.53,121.02129711368484,426.80461545621506,65.85229564888569,2549.9961515942964,75.8195572657401,32.879364178746826,0,5.549131225964873,250,33717.1621735136,0.0
2331,231.535,121.07049354128034,426.03540579414675,65.73597471644884,2549.9961515942964,75.81945155669374,32.84969028335228,0,5.549176994750105,250,33717.4402699383,0.0
2332,231.54,121.11971481432562,425.2667519245487,65.61973399850636,2549.9961515942964,75.81934584764737,32.820011064756756,0,5.549222722340113,250,33717.71811605607,0.0
2333,231.545,121.16896093111114,424.49865438246934,65.50357357677049,2549.9961515942964,75.819240138601,32.790326529193045,0,5.549268408727487,250,33717.99571182187,0.0
2334,231.54999999999998,121.21823188990744,423.7311137025669,65.3874935328931,2549.9961515942964,75.81913442955465,32.76063668289882,0,5.5493140539048165,250,33718.27305719069,0.0
2335,231.555,121.26752768896489,422.96413041911035,65.2714939484938,2549.9961515942964,75.81902872050827,32.73094153211665,0,5.549359657864705,250,33718.55015211756,0.0
2336,231.56,121.31684832651388,422.197705065977,65.15557490513257,2549.9961515942964,75.81892301146192,32.701241083093976,0,5.5494052205997635,250,33718.82699655762,0.0
2337,231.565,121.36619380076476,421.43183817665215,65.03973648432279,2549.9961515942964,75.81881730241554,32.67153534208312,0,5.549450742102612,250,33719.103590466,0.0
2338,231.57,121.41556410990779,420.66653028422814,64.92397876751826,2549.9961515942964,75.81871159336919,32.64182431534126,0,5.549496222365878,250,33719.37993379792,0.0
2339,231.575,121.46495925211316,419.9017819214031,64.80830183613399,2549.9961515942964,75.8186058843228,32.61210800913045,0,5.549541661382199,250,33719.656026508645,0.0
2340,231.57999999999998,121.514379225531,419.13759362048046,64.69270577152696,2549.9961515942964,75.81850017527645,32.5823864297176,0,5.549587059144222,250,33719.931868553474,0.0
2341,231.585,121.5638240282913,418.37396591336756,64.57719065500682,2549.9961515942964,75.81839446623007,32.552659583374485,0,5.549632415644598,250,33720.20745988778,0.0
2342,231.59,121.61329365850398,417.6108993315748,64.46175656783166,2549.9961515942964,75.81828875718372,32.52292747637771,0,5.549677730875993,250,33720.48280046699,0.0
2343,231.595,121.66278811425879,416.8483944062152,64.34640359120475,2549.9961515942964,75.81818304813734,32.49319011500875,0,5.549723004831077,250,33720.757890246576,0.0
2344,231.6,121.71230739362538,416.08645166800284,64.23113180628039,2549.9961515942964,75.81807733909099,32.46344750555391,0,5.549768237502533,250,33721.03272918206,0.0
2345,231.605,121.76185149465326,415.3250716472519,64.1159412941598,2549.9961515942964,75.81797163004461,32.43369965430433,0,5.549813428883047,250,33721.30731722902,0.0
2346,231.60999999999999,121.81142041537176,414.56425487387577,64.00083213589984,2549.9961515942964,75.81786592099824,32.40394656755597,0,5.549858578965318,250,33721.58165434308,0.0
2347,231.615,121.86101415379008,413.8040018773867,63.88580441249589,2549.9961515942964,75.81776021195188,32.374188251609645,0,5.549903687742054,250,33721.855740479936,0.0
2348,231.62,121.91063270789724,413.04431318689416,63.77085820490149,2549.9961515942964,75.81765450290551,32.34442471277098,0,5.549948755205969,250,33722.129575595325,0.0
2349,231.625,121.96027607566201,412.2851893311042,63.655993593997536,2549.9961515942964,75.81754879385915,32.314655957350396,0,5.549993781349787,250,33722.40315964504,0.0
2350,231.63,122.00994425503306,411.5266308383182,63.54121066064328,2549.9961515942964,75.81744308481278,32.28488199166316,0,5.550038766166242,250,33722.67649258491,0.0
2351,231.635,122.05963724393875,410.7686382364322,63.42650948561914,2549.9961515942964,75.81733737576641,32.255102822029336,0,5.550083709648076,250,33722.94957437086,0.0
2352,231.64,122.10935504028733,410.0112120529363,63.31189014967336,2549.9961515942964,75.81723166672005,32.22531845477377,0,5.550128611788036,250,33723.22240495881,0.0
2353,231.64499999999998,122.15909764196668,409.2543528149126,63.19735273348482,2549.9961515942964,75.81712595767368,32.19552889622613,0,5.5501734725788845,250,33723.49498430477,0.0
2354,231.65,122.2088650468446,408.4980610490353,63.08289731768989,2549.9961515942964,75.81702024862732,32.16573415272086,0,5.550218292013388,250,33723.76731236481,0.0
2355,231.655,122.25865725276849,407.74233728156986,62.96852398286808,2549.9961515942964,75.81691453958095,32.135934230597215,0,5.550263070084323,250,33724.039389095036,0.0
2356,231.66,122.30847425756558,406.98718203837086,62.85423280954655,2549.9961515942964,75.81680883053458,32.10612913619921,0,5.550307806784476,250,33724.31121445161,0.0
2357,231.665,122.35831605904274,406.2325958448823,62.740023878202706,2549.9961515942964,75.81670312148822,32.07631887587564,0,5.550352502106641,250,33724.58278839075,0.0
2358,231.67,122.40818265498666,405.47857922613593,62.62589726925845,2549.9961515942964,75.81659741244185,32.0465034559801,0,5.550397156043621,250,33724.85411086872,0.0
2359,231.67499999999998,122.45807404316369,404.7251327067507,62.51185306307535,2549.9961515942964,75.81649170339549,32.01668288287092,0,5.550441768588227,250,33725.12518184185,0.0
2360,231.68,122.50799022131984,403.9722568109313,62.397891339974265,2549.9961515942964,75.81638599434912,31.986857162911203,0,5.55048633973328,250,33725.39600126652,0.0
2361,231.685,122.55793118718083,403.21995206246817,62.28401218021545,2549.9961515942964,75.81628028530275,31.957026302468826,0,5.550530869471611,250,33725.666569099165,0.0
2362,231.69,122.60789693845204,402.4682189847354,62.1702156640042,2549.9961515942964,75.81617457625639,31.92719030791641,0,5.550575357796057,250,33725.93688529625,0.0
2363,231.695,122.65788747281853,401.71705810069085,62.05650187149504,2549.9961515942964,75.81606886721002,31.89734918563131,0,5.550619804699465,250,33726.20694981433,0.0
2364,231.7,122.70790278794503,400.966469932874,61.94287088278884,2549.9961515942964,75.81596315816365,31.867502941995653,0,5.550664210174691,250,33726.47676261001,0.0
2365,231.70499999999998,122.75794288147583,400.21645500340657,61.82932277792957,2549.9961515942964,75.81585744911729,31.837651583396283,0,5.550708574214601,250,33726.746323639905,0.0
2366,231.71,122.8080077510349,399.46701383399,61.71585763690768,2549.9961515942964,75.81575174007092,31.80779511622478,0,5.550752896812068,250,33727.01563286073,0.0
2367,231.715,122.8580973942259,398.7181469459056,61.60247553965767,2549.9961515942964,75.81564603102456,31.777933546877474,0,5.550797177959975,250,33727.284690229244,0.0
2368,231.72,122.90821180863196,397.9698548600132,61.48917656606768,2549.9961515942964,75.81554032197819,31.74806688175539,0,5.550841417651213,250,33727.553495702254,0.0
2369,231.725,122.95835099181593,397.22213809675026,61.37596079596171,2549.9961515942964,75.81543461293182,31.718195127264277,0,5.5508856158786815,250,33727.822049236616,0.0
2370,231.73,123.00851494132014,396.4749971761308,61.26282830910958,2549.9961515942964,75.81532890388546,31.688318289814625,0,5.550929772635291,250,33728.09035078924,0.0
2371,231.73499999999999,123.05870365466663,395.7284326177448,61.14977918523765,2549.9961515942964,75.81522319483909,31.6584363758216,0,5.55097388791396,250,33728.358400317105,0.0
2372,231.74,123.10891712935684,394.9824449407567,61.03681350399916,2549.9961515942964,75.81511748579273,31.628549391705082,0,5.551017961707614,250,33728.62619777724,0.0
2373,231.745,123.15915536287194,394.2370346639052,60.92393134500736,2549.9961515942964,75.81501177674636,31.59865734388966,0,5.5510619940091885,250,33728.893743126704,0.0
2374,231.75,123.20941835267254,393.49220230550185,60.811132787810784,2549.9961515942964,75.8149060677,31.568760238804604,0,5.551105984811631,250,33729.16103632264,0.0
2375,231.755,123.25970609619878,392.74794838342996,60.69841791191144,2549.9961515942964,75.81480035865363,31.538858082883877,0,5.551149934107893,250,33729.428077322234,0.0
2376,231.76,123.31001859087041,392.00427341514427,60.58578679674738,2549.9961515942964,75.81469464960726,31.508950882566133,0,5.551193841890937,250,33729.69486608273,0.0
2377,231.765,123.36035583408663,391.26117791766944,60.47323952170026,2549.9961515942964,75.8145889405609,31.479038644294686,0,5.551237708153736,250,33729.961402561414,0.0
2378,231.76999999999998,123.41071782322616,390.51866240759904,60.36077616611074,2549.9961515942964,75.81448323151453,31.449121374517546,0,5.551281532889269,250,33730.22768671564,0.0
2379,231.775,123.46110455564724,389.7767274010956,60.24839680923957,2549.9961515942964,75.81437752246816,31.419199079687374,0,5.5513253160905265,250,33730.49371850281,0.0
2380,231.78,123.51151602868754,389.0353734138885,60.13610153031802,2549.9961515942964,75.8142718134218,31.389271766261498,0,5.551369057750506,250,33730.759497880375,0.0
2381,231.785,123.56195223966428,388.29460096127366,60.023890408493216,2549.9961515942964,75.81416610437543,31.359339440701902,0,5.551412757862216,250,33731.02502480586,0.0
2382,231.79,123.61241318587412,387.55441055811207,59.91176352288267,2549.9961515942964,75.81406039532907,31.329402109475232,0,5.551456416418672,250,33731.29029923681,0.0
2383,231.795,123.66289886459313,386.8148027188299,59.79972095252623,2549.9961515942964,75.8139546862827,31.29945977905278,0,5.551500033412898,250,33731.555321130865,0.0
2384,231.79999999999998,123.71340927307689,386.0757779574167,59.68776277642358,2549.9961515942964,75.81384897723633,31.269512455910466,0,5.551543608837931,250,33731.8200904457,0.0
2385,231.805,123.76394440856042,385.3373367874244,59.57588907350368,2549.9961515942964,75.81374326818997,31.239560146528866,0,5.551587142686811,250,33732.08460713903,0.0
2386,231.81,123.81450426825806,384.59947972196716,59.46409992264872,2549.9961515942964,75.8136375591436,31.20960285739318,0,5.551630634952594,250,33732.34887116865,0.0
2387,231.815,123.86508884936369,383.8622072737194,59.352395402679065,2549.9961515942964,75.81353185009723,31.17964059499323,0,5.5516740856283375,250,33732.612882492394,0.0
2388,231.82,123.91569814905058,383.1255199549158,59.240775592362105,2549.9961515942964,75.81342614105087,31.149673365823467,0,5.5517174947071135,250,33732.876641068164,0.0
2389,231.825,123.96633216447137,382.38941827735005,59.12924057039915,2549.9961515942964,75.8133204320045,31.11970117638296,0,5.551760862182001,250,33733.1401468539,0.0
2390,231.82999999999998,124.01699089275805,381.65390275237365,59.01779041544443,2549.9961515942964,75.81321472295814,31.089724033175383,0,5.551804188046089,250,33733.403399807605,0.0
2391,231.835,124.06767433102209,380.91897389089524,58.90642520608811,2549.9961515942964,75.81310901391177,31.059741942709017,0,5.551847472292472,250,33733.666399887334,0.0
2392,231.84,124.1183824763542,380.18463220337964,58.79514502086666,2549.9961515942964,75.8130033048654,31.029754911496745,0,5.5518907149142604,250,33733.92914705122,0.0
2393,231.845,124.16911532582458,379.45087819984707,58.68394993825493,2549.9961515942964,75.81289759581904,30.99976294605605,0,5.551933915904565,250,33734.1916412574,0.0
2394,231.85,124.21987287648271,378.71771238987174,58.57284003667354,2549.9961515942964,75.81279188677267,30.969766052909,0,5.551977075256513,250,33734.45388246412,0.0
2395,231.855,124.27065512535741,377.9851352825817,58.4618153944799,2549.9961515942964,75.8126861777263,30.939764238582253,0,5.552020192963237,250,33734.71587062965,0.0
2396,231.85999999999999,124.32146206945683,377.25314738665713,58.35087608998273,2549.9961515942964,75.81258046867994,30.909757509607036,0,5.5520632690178795,250,33734.977605712316,0.0
2397,231.865,124.37229370576846,376.52174921032986,58.24002220142388,2549.9961515942964,75.81247475963357,30.879745872519166,0,5.552106303413591,250,33735.23908767051,0.0
2398,231.87,124.42315003125913,375.7909412613825,58.12925380698896,2549.9961515942964,75.81236905058721,30.84972933385902,0,5.552149296143533,250,33735.500316462676,0.0
2399,231.875,124.47403104287487,375.0607240471471,58.01857098480629,2549.9961515942964,75.81226334154084,30.81970790017154,0,5.552192247200874,250,33735.76129204731,0.0
2400,231.88,124.52493673754115,374.3310980745046,57.90797381294783,2549.9961515942964,75.81215763249448,30.789681578006228,0,5.552235156578794,250,33736.022014382965,0.0
2401,231.885,124.57586711216258,373.60206384988396,57.79746236941782,2549.9961515942964,75.81205192344811,30.759650373917143,0,5.552278024270479,250,33736.282483428244,0.0
2402,231.89,124.62682216362317,372.87362187926084,57.6870367321676,2549.9961515942964,75.81194621440174,30.729614294462884,0,5.552320850269129,250,33736.54269914182,0.0
2403,231.89499999999998,124.67780188878614,372.1457726681572,57.57669697909378,2549.9961515942964,75.81184050535538,30.699573346206595,0,5.5523636345679455,250,33736.802661482405,0.0
2404,231.9,124.7288062844939,371.4185167216396,57.46644318803014,2549.9961515942964,75.81173479630901,30.669527535715968,0,5.552406377160147,250,33737.06237040877,0.0
2405,231.905,124.77983534756824,370.6918545443193,57.35627543674636,2549.9961515942964,75.81162908726265,30.63947686956321,0,5.552449078038956,250,33737.32182587975,0.0
2406,231.91,124.83088907481009,369.9657866403508,57.246193802960335,2549.9961515942964,75.81152337821628,30.609421354325068,0,5.552491737197607,250,33737.58102785423,0.0
2407,231.915,124.88196746299964,369.24031351343064,57.13619836432339,2549.9961515942964,75.81141766916991,30.579360996582807,0,5.552534354629341,250,33737.83997629114,0.0
2408,231.92,124.93307050889634,368.5154356667968,57.026289198435364,2549.9961515942964,75.81131196012355,30.5492958029222,0,5.552576930327409,250,33738.098671149484,0.0
2409,231.92499999999998,124.98419820923876,367.791153603228,56.91646638282498,2549.9961515942964,75.81120625107718,30.519225779933542,0,5.5526194642850735,250,33738.35711238831,0.0
2410,231.93,125.03535056074479,367.0674678250426,56.806729994973466,2549.9961515942964,75.81110054203081,30.48915093421163,0,5.552661956495603,250,33738.615299966725,0.0
2411,231.935,125.08652756011136,366.34437883409737,56.697080112292234,2549.9961515942964,75.81099483298445,30.459071272355754,0,5.552704406952277,250,33738.873233843886,0.0
2412,231.94,125.13772920401472,365.62188713178693,56.58751681214008,2549.9961515942964,75.81088912393808,30.42898680096971,0,5.552746815648383,250,33739.13091397902,0.0
2413,231.945,125.1889554891103,364.8999932190428,56.47804017181002,2549.9961515942964,75.81078341489172,30.398897526661774,0,5.552789182577218,250,33739.38834033139,0.0
2414,231.95,125.24020641203258,364.17869759633277,56.36865026853688,2549.9961515942964,75.81067770584535,30.368803456044706,0,5.552831507732088,250,33739.64551286033,0.0
2415,231.95499999999998,125.29148196939528,363.4580007636589,56.25934717949,2549.9961515942964,75.81057199679898,30.33870459573575,0,5.55287379110631,250,33739.902431525225,0.0
2416,231.96,125.34278215779128,362.73790322055805,56.15013098179307,2549.9961515942964,75.81046628775262,30.308600952356613,0,5.552916032693208,250,33740.159096285504,0.0
2417,231.965,125.39410697379252,362.0184054661,56.041001752489144,2549.9961515942964,75.81036057870625,30.278492532533477,0,5.552958232486115,250,33740.415507100675,0.0
2418,231.97,125.4454564139502,361.2995079988867,55.93195956857176,2549.9961515942964,75.81025486965989,30.24837934289699,0,5.553000390478375,250,33740.67166393029,0.0
2419,231.975,125.4968304747945,360.58121131705195,55.823004506972964,2549.9961515942964,75.81014916061352,30.218261390082244,0,5.55304250666334,250,33740.927566733946,0.0
2420,231.98,125.54822915283485,359.86351591825945,55.714136644561854,2549.9961515942964,75.81004345156715,30.188138680728787,0,5.553084581034371,250,33741.18321547131,0.0
2421,231.98499999999999,125.59965244455967,359.14642229970286,55.60535605814562,2549.9961515942964,75.80993774252079,30.158011221480614,0,5.55312661358484,250,33741.438610102115,0.0
2422,231.99,125.65110034643659,358.4299309581044,55.496662824469425,2549.9961515942964,75.80983203347442,30.127879018986164,0,5.553168604308125,250,33741.69375058611,0.0
2423,231.995,125.7025728549122,357.714042389714,55.388057020221815,2549.9961515942964,75.80972632442806,30.097742079898296,0,5.553210553197617,250,33741.948636883164,0.0
2424,232.0,125.75406996641225,356.99875709030835,55.27953872202068,2549.9961515942964,75.80962061538169,30.06760041087431,0,5.553252460246712,250,33742.203268953126,0.0
2425,232.005,125.80559167734161,356.2840755551902,55.171108006432156,2549.9961515942964,75.80951490633532,30.037454018575925,0,5.553294325448821,250,33742.45764675596,0.0
2426,232.01,125.85713798408406,355.5699982791874,55.06276494995404,2549.9961515942964,75.80940919728896,30.007302909669278,0,5.553336148797357,250,33742.71177025166,0.0
2427,232.015,125.90870888300263,354.8565257566517,54.95450962902222,2549.9961515942964,75.80930348824259,29.977147090824918,0,5.553377930285748,250,33742.96563940029,0.0
2428,232.01999999999998,125.96030437043926,354.1436584814583,54.84634212001217,2549.9961515942964,75.80919777919623,29.9469865687178,0,5.553419669907431,250,33743.21925416195,0.0
2429,232.025,126.01192444271493,353.43139694700466,54.738262499237656,2549.9961515942964,75.80909207014986,29.916821350027284,0,5.553461367655847,250,33743.472614496815,0.0
2430,232.03,126.06356909612974,352.71974164620946,54.63027084294923,2549.9961515942964,75.80898636110349,29.886651441437117,0,5.55350302352445,250,33743.7257203651,0.0
2431,232.035,126.11523832696273,352.0086930715122,54.52236722733572,2549.9961515942964,75.80888065205713,29.856476849635442,0,5.553544637506706,250,33743.9785717271,0.0
2432,232.04,126.16693213147197,351.2982517148718,54.4145517285192,2549.9961515942964,75.80877494301076,29.826297581314787,0,5.553586209596085,250,33744.23116854314,0.0
2433,232.045,126.21865050589459,350.58841806776593,54.306824422560815,2549.9961515942964,75.8086692339644,29.796113643172053,0,5.553627739786069,250,33744.48351077363,0.0
2434,232.04999999999998,126.27039344644668,349.8791926211901,54.19918538546694,2549.9961515942964,75.80856352491803,29.765925041908513,0,5.5536692280701505,250,33744.735598379004,0.0
2435,232.055,126.32216094932326,349.1705758656567,54.09163469316763,2549.9961515942964,75.80845781587165,29.735731784229817,0,5.5537106744418265,250,33744.987431319765,0.0
2436,232.06,126.37395301069844,348.4625682911942,53.98417242154194,2549.9961515942964,75.8083521068253,29.70553387684597,0,5.553752078894609,250,33745.23900955649,0.0
2437,232.065,126.42576962672526,347.7551703873461,53.87679864639187,2549.9961515942964,75.80824639777893,29.67533132647133,0,5.553793441422018,250,33745.4903330498,0.0
2438,232.07,126.47761079353567,347.04838264317016,53.76951344346689,2549.9961515942964,75.80814068873256,29.645124139824613,0,5.553834762017578,250,33745.74140176035,0.0
2439,232.075,126.52947650724067,346.34220554723754,53.66231688845348,2549.9961515942964,75.8080349796862,29.614912323628875,0,5.553876040674828,250,33745.99221564889,0.0
2440,232.07999999999998,126.58136676393018,345.6366395876317,53.55520905696721,2549.9961515942964,75.80792927063983,29.58469588461151,0,5.553917277387315,250,33746.24277467621,0.0
2441,232.085,126.63328155967302,344.9316852519476,53.44819002456533,2549.9961515942964,75.80782356159347,29.554474829504247,0,5.5539584721485955,250,33746.49307880315,0.0
2442,232.09,126.68522089051697,344.22734302729106,53.34125986673539,2549.9961515942964,75.8077178525471,29.52424916504315,0,5.553999624952235,250,33746.743127990616,0.0
2443,232.095,126.73718475248877,343.52361340027755,53.234418658908986,2549.9961515942964,75.80761214350073,29.49401889796858,0,5.554040735791807,250,33746.99292219956,0.0
2444,232.1,126.78917314159403,342.82049685703123,53.12766647645095,2549.9961515942964,75.80750643445437,29.46378403502525,0,5.554081804660895,250,33747.24246139101,0.0
2445,232.105,126.84118605381732,342.1179938831844,53.021003394652226,2549.9961515942964,75.807400725408,29.433544582962153,0,5.554122831553095,250,33747.49174552603,0.0
2446,232.10999999999999,126.89322348512204,341.41610496387625,52.91442948875388,2549.9961515942964,75.80729501636164,29.403300548532602,0,5.554163816462008,250,33747.74077456575,0.0
2447,232.115,126.94528543145056,340.7148305837526,52.80794483392621,2549.9961515942964,75.80718930731527,29.37305193849421,0,5.554204759381246,250,33747.989548471356,0.0
2448,232.12,126.99737188872412,340.0141712269638,52.701549505269654,2549.9961515942964,75.8070835982689,29.342798759608876,0,5.554245660304432,250,33748.2380672041,0.0
2449,232.125,127.04948285284279,339.31412737716533,52.59524357782977,2549.9961515942964,75.80697788922254,29.312541018642786,0,5.5542865192251965,250,33748.48633072528,0.0
2450,232.13,127.10161831968564,338.6146995175158,52.489027126579444,2549.9961515942964,75.80687218017617,29.282278722366417,0,5.554327336137178,250,33748.73433899624,0.0
2451,232.135,127.15377828511042,337.9158881306765,52.38290022643018,2549.9961515942964,75.8067664711298,29.252011877554512,0,5.554368111034028,250,33748.98209197842,0.0
2452,232.14,127.2059627449539,337.2176936988105,52.276862952225486,2549.9961515942964,75.80666076208344,29.221740490986093,0,5.554408843909406,250,33749.22958963327,0.0
2453,232.14499999999998,127.25817169503159,336.52011670358166,52.17091537875068,2549.9961515942964,75.80655505303707,29.191464569444438,0,5.554449534756979,250,33749.47683192233,0.0
2454,232.15,127.31040513113794,335.823157626154,52.0650575807125,2549.9961515942964,75.8064493439907,29.16118411971709,0,5.554490183570425,250,33749.72381880718,0.0
2455,232.155,127.36266304904619,335.12681694719026,51.95928963276674,2549.9961515942964,75.80634363494434,29.130899148595837,0,5.554530790343431,250,33749.97055024946,0.0
2456,232.16,127.41494544450839,334.4310951468516,51.85361160949736,2549.9961515942964,75.80623792589797,29.100609662876725,0,5.554571355069696,250,33750.217026210885,0.0
2457,232.165,127.46725231325544,333.7359927047966,51.74802358541619,2549.9961515942964,75.80613221685161,29.07031566936003,0,5.554611877742924,250,33750.463246653206,0.0
2458,232.17,127.51958365099705,333.04151010018,51.64252563498286,2549.9961515942964,75.80602650780523,29.040017174850277,0,5.554652358356831,250,33750.709211538226,0.0
2459,232.17499999999998,127.5719394534217,332.34764781165245,51.53711783257595,2549.9961515942964,75.80592079875888,29.009714186156206,0,5.554692796905142,250,33750.95492082783,0.0
2460,232.18,127.62431971619677,331.65440631735885,51.43180025251995,2549.9961515942964,75.8058150897125,28.979406710090785,0,5.554733193381592,250,33751.20037448395,0.0
2461,232.185,127.67672443496832,330.96178609493813,51.326572969068344,2549.9961515942964,75.80570938066614,28.949094753471204,0,5.5547735477799245,250,33751.445572468576,0.0
2462,232.19,127.72915360536123,330.269787621522,51.22143605640557,2549.9961515942964,75.80560367161976,28.918778323118865,0,5.554813860093894,250,33751.69051474374,0.0
2463,232.195,127.78160722297919,329.5784113737346,51.11638958865807,2549.9961515942964,75.80549796257341,28.888457425859368,0,5.554854130317261,250,33751.93520127155,0.0
2464,232.2,127.83408528340466,328.8876578276904,51.01143363987445,2549.9961515942964,75.80539225352703,28.85813206852252,0,5.554894358443799,250,33752.179632014166,0.0
2465,232.20499999999998,127.88658778219883,328.1975274589951,50.90656828404257,2549.9961515942964,75.80528654448068,28.82780225794232,0,5.55493454446729,250,33752.4238069338,0.0
2466,232.21,127.9391147149017,327.50802074274316,50.8017935950867,2549.9961515942964,75.8051808354343,28.79746800095696,0,5.554974688381526,250,33752.66772599274,0.0
2467,232.215,127.99166607703198,326.8191381535179,50.69710964685751,2549.9961515942964,75.80507512638795,28.767129304408805,0,5.555014790180305,250,33752.9113891533,0.0
2468,232.22,128.04424186408713,326.1308801653899,50.59251651314338,2549.9961515942964,75.80496941734157,28.736786175144406,0,5.55505484985744,250,33753.15479637788,0.0
2469,232.225,128.0968420715433,325.44324725191683,50.488014267663736,2549.9961515942964,75.80486370829522,28.706438620014477,0,5.555094867406748,250,33753.39794762893,0.0
2470,232.23,128.1494666948555,324.75623988614234,50.38360298406901,2549.9961515942964,75.80475799924884,28.6760866458739,0,5.55513484282206,250,33753.640842868954,0.0
2471,232.23499999999999,128.20211572945735,324.06985854059485,50.27928273594435,2549.9961515942964,75.80465229020248,28.64573025958172,0,5.555174776097215,250,33753.88348206051,0.0
2472,232.24,128.25478917076123,323.3841036872871,50.17505359680868,2549.9961515942964,75.80454658115612,28.615369468001123,0,5.5552146672260605,250,33754.12586516623,0.0
2473,232.245,128.3074870141582,322.6989757977149,50.07091564011153,2549.9961515942964,75.80444087210975,28.58500427799945,0,5.555254516202454,250,33754.36799214877,0.0
2474,232.25,128.36020925501813,322.0144753428569,49.9668689392312,2549.9961515942964,75.80433516306339,28.554634696448186,0,5.555294323020264,250,33754.6098629709,0.0
2475,232.255,128.41295588868945,321.3306027931728,49.86291356748282,2549.9961515942964,75.80422945401702,28.52426073022294,0,5.555334087673366,250,33754.85147759539,0.0
2476,232.26,128.46572691049937,320.6473586186034,49.75904959811412,2549.9961515942964,75.80412374497065,28.49388238620346,0,5.555373810155646,250,33755.092835985095,0.0
2477,232.265,128.51852231575373,319.9647432885691,49.65527710430351,2549.9961515942964,75.80401803592429,28.463499671273613,0,5.555413490461001,250,33755.33393810294,0.0
2478,232.26999999999998,128.57134209973714,319.28275727196916,49.551596159154066,2549.9961515942964,75.80391232687792,28.43311259232138,0,5.555453128583336,250,33755.57478391188,0.0
2479,232.275,128.62418625771267,318.60140103718123,49.448006835713635,2549.9961515942964,75.80380661783155,28.402721156238858,0,5.555492724516566,250,33755.815373374935,0.0
2480,232.28,128.67705478492235,317.92067505205983,49.34450920695102,2549.9961515942964,75.80370090878519,28.37232536992224,0,5.555532278254615,250,33756.05570645521,0.0
2481,232.285,128.72994767658668,317.24057978393614,49.24110334577103,2549.9961515942964,75.80359519973882,28.34192524027183,0,5.555571789791418,250,33756.295783115835,0.0
2482,232.29,128.78286492790482,316.56111569961666,49.13778932500911,2549.9961515942964,75.80348949069246,28.311520774192015,0,5.5556112591209175,250,33756.535603320015,0.0
2483,232.295,128.83580653405465,315.8822832653825,49.0345672174316,2549.9961515942964,75.80338378164609,28.28111197859127,0,5.555650686237068,250,33756.775167031,0.0
2484,232.29999999999998,128.88877249019262,315.2040829469886,48.931437095733855,2549.9961515942964,75.80327807259972,28.250698860382155,0,5.555690071133831,250,33757.01447421212,0.0
2485,232.305,128.9417627914539,314.5265152096627,48.82839903254544,2549.9961515942964,75.80317236355334,28.220281426481296,0,5.555729413805179,250,33757.253524826745,0.0
2486,232.31,128.9947774329522,313.8495805181048,48.72545310042665,2549.9961515942964,75.80306665450699,28.189859683809395,0,5.555768714245095,250,33757.49231883831,0.0
2487,232.315,129.04781640977987,313.1732793364858,48.62259937186535,2549.9961515942964,75.80296094546061,28.159433639291215,0,5.555807972447569,250,33757.7308562103,0.0
2488,232.32,129.1008797170079,312.49761212844714,48.519837919281834,2549.9961515942964,75.80285523641426,28.129003299855572,0,5.555847188406605,250,33757.96913690628,0.0
2489,232.325,129.15396734968596,311.82257935709987,48.417168815025924,2549.9961515942964,75.80274952736788,28.098568672435338,0,5.555886362116211,250,33758.20716088984,0.0
2490,232.32999999999998,129.20707930284215,311.1481814850232,48.314592131382554,2549.9961515942964,75.80264381832153,28.068129763967416,0,5.555925493570408,250,33758.44492812466,0.0
2491,232.335,129.26021557148334,310.47441897426444,48.212107940559996,2549.9961515942964,75.80253810927515,28.037686581392762,0,5.555964582763227,250,33758.68243857447,0.0
2492,232.34,129.31337615059488,309.80129228633774,48.10971631469893,2549.9961515942964,75.8024324002288,28.007239131656352,0,5.556003629688707,250,33758.91969220304,0.0
2493,232.345,129.36656103514076,309.12880188222323,48.007417325870186,2549.9961515942964,75.80232669118242,27.976787421707197,0,5.556042634340898,250,33759.156688974224,0.0
2494,232.35,129.41977022006358,308.45694822236635,47.90521104607604,2549.9961515942964,75.80222098213606,27.94633145849832,0,5.556081596713858,250,33759.39342885192,0.0
2495,232.355,129.47300370028438,307.78573176667675,47.80309754725051,2549.9961515942964,75.80211527308968,27.91587124898676,0,5.556120516801656,250,33759.62991180009,0.0
2496,232.35999999999999,129.52626147070293,307.1151529745278,47.70107690124963,2549.9961515942964,75.80200956404333,27.885406800133563,0,5.55615939459837,250,33759.86613778275,0.0
2497,232.365,129.57954352619748,306.4452123047552,47.599149179863396,2549.9961515942964,75.80190385499695,27.854938118903778,0,5.556198230098088,250,33760.102106763974,0.0
2498,232.37,129.63284986162486,305.7759102156566,47.49731445481472,2549.9961515942964,75.8017981459506,27.824465212266443,0,5.556237023294908,250,33760.33781870791,0.0
2499,232.375,129.68618047182042,305.1072471649908,47.395572797751335,2549.9961515942964,75.80169243690422,27.793988087194588,0,5.556275774182935,250,33760.57327357873,0.0
2500,232.38,129.73953535159814,304.4392236099762,47.293924280249136,2549.9961515942964,75.80158672785787,27.763506750665222,0,5.556314482756289,250,33760.80847134071,0.0
2501,232.385,129.79291449575044,303.77184000729096,47.19236897381887,2549.9961515942964,75.80148101881149,27.733021209659338,0,5.5563531490090945,250,33761.04341195815,0.0
2502,232.39,129.84631789904836,303.1050968130713,47.090906949889856,2549.9961515942964,75.80137530976513,27.70253147116189,0,5.556391772935489,250,33761.27809539543,0.0
2503,232.39499999999998,129.89974555624133,302.43899448291137,46.98953827983714,2549.9961515942964,75.80126960071875,27.672037542161803,0,5.556430354529616,250,33761.51252161696,0.0
2504,232.4,129.95319746205755,301.77353347186164,46.88826303494257,2549.9961515942964,75.8011638916724,27.64153942965195,0,5.556468893785635,250,33761.74669058726,0.0
2505,232.405,130.00667361120347,301.1087142344285,46.787081286435516,2549.9961515942964,75.80105818262602,27.61103714062916,0,5.556507390697708,250,33761.98060227085,0.0
2506,232.41,130.06017399836423,300.44453722457354,46.685993105465855,2549.9961515942964,75.80095247357967,27.580530682094214,0,5.55654584526001,250,33762.21425663235,0.0
2507,232.415,130.1136986182035,299.7810028957127,46.58499856310828,2549.9961515942964,75.8008467645333,27.550020061051814,0,5.556584257466729,250,33762.447653636424,0.0
2508,232.42,130.16724746536326,299.1181117007148,46.48409773037633,2549.9961515942964,75.80074105548692,27.51950528451062,0,5.556622627312056,250,33762.6807932478,0.0
2509,232.42499999999998,130.22082053446414,298.45586409190156,46.38329067820182,2549.9961515942964,75.80063534644057,27.488986359483185,0,5.556660954790196,250,33762.91367543125,0.0
2510,232.43,130.27441782010527,297.7942605210462,46.28257747744877,2549.9961515942964,75.80052963739419,27.45846329298601,0,5.556699239895364,250,33763.146300151624,0.0
2511,232.435,130.32803931686428,297.13330143937276,46.181958198907374,2549.9961515942964,75.80042392834784,27.4279360920395,0,5.556737482621782,250,33763.37866737382,0.0
2512,232.44,130.38168501929712,296.4729872975553,46.08143291329939,2549.9961515942964,75.80031821930146,27.397404763667957,0,5.556775682963685,250,33763.610777062815,0.0
2513,232.445,130.4353549219384,295.8133185457171,45.98100169127054,2549.9961515942964,75.80021251025511,27.366869314899606,0,5.556813840915315,250,33763.84262918361,0.0
2514,232.45,130.48904901930115,295.1542956334298,45.880664603394614,2549.9961515942964,75.80010680120873,27.33632975276654,0,5.556851956470926,250,33764.0742237013,0.0
2515,232.45499999999998,130.5427673058768,294.49591900971234,45.78042172017423,2549.9961515942964,75.80000109216238,27.305786084304764,0,5.556890029624778,250,33764.30556058101,0.0
2516,232.46,130.59650977613535,293.8381891230305,45.68027311203634,2549.9961515942964,75.799895383116,27.275238316554145,0,5.556928060371146,250,33764.53663978794,0.0
2517,232.465,130.65027642452517,293.18110642129585,45.58021884934026,2549.9961515942964,75.79978967406964,27.24468645655844,0,5.556966048704311,250,33764.76746128735,0.0
2518,232.47,130.7040672454731,292.5246713518648,45.48025900236959,2549.9961515942964,75.79968396502326,27.214130511365266,0,5.557003994618565,250,33764.998025044566,0.0
2519,232.475,130.75788223338452,291.86888436153816,45.38039364133279,2549.9961515942964,75.79957825597691,27.183570488026106,0,5.557041898108211,250,33765.228331024955,0.0
2520,232.48,130.81172138264313,291.21374589655983,45.280622836370085,2549.9961515942964,75.79947254693053,27.153006393596304,0,5.557079759167558,250,33765.45837919396,0.0
2521,232.48499999999999,130.86558468761115,290.5592564026164,45.18094665754334,2549.9961515942964,75.79936683788418,27.122438235135043,0,5.557117577790929,250,33765.68816951707,0.0
2522,232.49,130.91947214262916,289.9054163248362,45.081365174846745,2549.9961515942964,75.7992611288378,27.09186601970536,0,5.557155353972654,250,33765.91770195983,0.0
2523,232.495,130.97338374201627,289.2522261077882,44.98187845819551,2549.9961515942964,75.79915541979145,27.061289754374123,0,5.557193087707073,250,33766.146976487864,0.0
2524,232.5,131.0273194800699,288.5996861954814,44.88248657743568,2549.9961515942964,75.79904971074507,27.030709446212033,0,5.557230778988539,250,33766.375993066846,0.0
2525,232.505,131.081279351066,287.94779703136436,44.78318960233619,2549.9961515942964,75.79894400169871,27.000125102293616,0,5.557268427811411,250,33766.60475166251,0.0
2526,232.51,131.13526334925885,287.29655905832345,44.68398760259319,2549.9961515942964,75.79883829265233,26.96953672969721,0,5.557306034170059,250,33766.83325224065,0.0
2527,232.515,131.18927146888123,286.64597271868314,44.58488064783314,2549.9961515942964,75.79873258360598,26.938944335504978,0,5.557343598058864,250,33767.06149476712,0.0
2528,232.51999999999998,131.2433037041442,285.99603845420415,44.485868807601385,2549.9961515942964,75.7986268745596,26.908347926802872,0,5.557381119472216,250,33767.28947920782,0.0
2529,232.525,131.29736004923737,285.34675670608357,44.38695215137332,2549.9961515942964,75.79852116551325,26.87774751068065,0,5.557418598404513,250,33767.51720552873,0.0
2530,232.53,131.35144049832866,284.6981279149533,44.288130748551644,2549.9961515942964,75.79841545646687,26.847143094231868,0,5.557456034850166,250,33767.74467369589,0.0
2531,232.535,131.40554504556437,284.0501525208796,44.18940466845952,2549.9961515942964,75.79830974742052,26.816534684553854,0,5.5574934288035935,250,33767.97188367538,0.0
2532,232.54,131.45967368506925,283.4028309633621,44.09077398035255,2549.9961515942964,75.79820403837414,26.785922288747727,0,5.557530780259226,250,33768.19883543336,0.0
2533,232.545,131.51382641094634,282.7561636813331,43.99223875340658,2549.9961515942964,75.79809832932779,26.75530591391837,0,5.557568089211501,250,33768.42552893602,0.0
2534,232.54999999999998,131.5680032172772,282.11015111315686,43.89379905672399,2549.9961515942964,75.7979926202814,26.724685567174436,0,5.557605355654869,250,33768.65196414966,0.0
2535,232.555,131.6222040981217,281.46479369662853,43.79545495933337,2549.9961515942964,75.79788691123504,26.694061255628345,0,5.557642579583787,250,33768.8781410406,0.0
2536,232.56,131.67642904751807,280.82009186897346,43.69720653018736,2549.9961515942964,75.79778120218867,26.66343298639626,0,5.557679760992725,250,33769.10405957522,0.0
2537,232.565,131.73067805948287,280.1760460668464,43.599053838166085,2549.9961515942964,75.79767549314231,26.632800766598095,0,5.55771689987616,250,33769.329719719986,0.0
2538,232.57,131.78495112801107,279.5326567263307,43.50099695207064,2549.9961515942964,75.79756978409594,26.602164603357494,0,5.557753996228584,250,33769.55512144139,0.0
2539,232.575,131.83924824707609,278.88992428293733,43.40303594063062,2549.9961515942964,75.79746407504958,26.571524503801854,0,5.557791050044491,250,33769.78026470603,0.0
2540,232.57999999999998,131.89356941062954,278.24784917160446,43.30517087249909,2549.9961515942964,75.79735836600321,26.540880475062284,0,5.557828061318391,250,33770.005149480516,0.0
2541,232.585,131.94791461260147,277.60643182669605,43.20740181625175,2549.9961515942964,75.79725265695684,26.51023252427362,0,5.557865030044802,250,33770.22977573155,0.0
2542,232.59,132.00228384690035,276.9656726820018,43.10972884038955,2549.9961515942964,75.79714694791049,26.479580658574402,0,5.557901956218252,250,33770.454143425864,0.0
2543,232.595,132.0566771074128,276.3255721707357,43.012152013342494,2549.9961515942964,75.79704123886411,26.448924885106898,0,5.5579388398332785,250,33770.67825253029,0.0
2544,232.6,132.11109438800398,275.68613072553535,42.914671403459565,2549.9961515942964,75.79693552981776,26.418265211017054,0,5.55797568088443,250,33770.90210301169,0.0
2545,232.605,132.16553568251726,275.0473487784614,42.81728707901542,2549.9961515942964,75.79682982077138,26.387601643454524,0,5.558012479366263,250,33771.12569483701,0.0
2546,232.60999999999999,132.22000098477443,274.40922676099683,42.71999910820832,2549.9961515942964,75.79672411172503,26.35693418957264,0,5.558049235273346,250,33771.34902797322,0.0
2547,232.615,132.27449028857563,273.7717651040454,42.62280755916214,2549.9961515942964,75.79661840267865,26.32626285652843,0,5.558085948600257,250,33771.57210238739,0.0
2548,232.62,132.3290035876991,273.13496423793197,42.52571249992407,2549.9961515942964,75.7965126936323,26.295587651482585,0,5.558122619341582,250,33771.794918046624,0.0
2549,232.625,132.38354087590173,272.49882459240075,42.42871399846262,2549.9961515942964,75.79640698458591,26.264908581599464,0,5.558159247491919,250,33772.017474918095,0.0
2550,232.63,132.43810214691854,271.8633465966148,42.33181212267638,2549.9961515942964,75.79630127553956,26.234225654047087,0,5.558195833045875,250,33772.239772969035,0.0
2551,232.635,132.49268739446285,271.2285306791555,42.2350069403775,2549.9961515942964,75.79619556649318,26.203538875997133,0,5.558232375998069,250,33772.46181216675,0.0
2552,232.64,132.54729661222635,270.5943772680214,42.138298519310055,2549.9961515942964,75.79608985744683,26.17284825462492,0,5.558268876343126,250,33772.68359247858,0.0
2553,232.64499999999998,132.60192979387907,269.9608867906275,42.04168692713916,2549.9961515942964,75.79598414840045,26.142153797109422,0,5.558305334075683,250,33772.90511387194,0.0
2554,232.65,132.65658693306932,269.32805967380494,41.94517223145064,2549.9961515942964,75.7958784393541,26.111455510633238,0,5.55834174919039,250,33773.126376314314,0.0
2555,232.655,132.71126802342366,268.69589634379923,41.84875449975494,2549.9961515942964,75.79577273030772,26.080753402382594,0,5.558378121681901,250,33773.34737977324,0.0
2556,232.66,132.76597305854702,268.0643972262703,41.75243379949001,2549.9961515942964,75.79566702126137,26.05004747954734,0,5.558414451544884,250,33773.56812421629,0.0
2557,232.665,132.82070203202258,267.4335627462913,41.65621019800755,2549.9961515942964,75.79556131221499,26.01933774932094,0,5.558450738774016,250,33773.78860961115,0.0
2558,232.67,132.87545493741186,266.803393328348,41.56008376259267,2549.9961515942964,75.79545560316862,25.988624218900465,0,5.558486983363984,250,33774.008835925524,0.0
2559,232.67499999999998,132.9302317682546,266.173889396338,41.46405456044127,2549.9961515942964,75.79534989412225,25.957906895486587,0,5.558523185309486,250,33774.2288031272,0.0
2560,232.68,132.9850325180689,265.5450513735696,41.36812265868418,2549.9961515942964,75.79524418507589,25.927185786283577,0,5.558559344605227,250,33774.448511184,0.0
2561,232.685,133.03985718035108,264.91687968276153,41.272288124366895,2549.9961515942964,75.79513847602952,25.896460898499285,0,5.558595461245926,250,33774.66796006384,0.0
2562,232.69,133.09470574857585,264.2893747460418,41.17655102445726,2549.9961515942964,75.79503276698316,25.865732239345153,0,5.558631535226309,250,33774.88714973466,0.0
2563,232.695,133.14957821619606,263.66253698494705,41.080911425849926,2549.9961515942964,75.79492705793679,25.834999816036188,0,5.5586675665411125,250,33775.10608016451,0.0
2564,232.7,133.20447457664292,263.03636682042173,40.98536939535797,2549.9961515942964,75.79482134889042,25.804263635790964,0,5.558703555185085,250,33775.32475132145,0.0
2565,232.70499999999998,133.25939482332586,262.4108646728173,40.889924999720215,2549.9961515942964,75.79471563984406,25.77352370583163,0,5.558739501152981,250,33775.54316317363,0.0
2566,232.71,133.31433894963266,261.7860309618915,40.79457830559164,2549.9961515942964,75.79460993079769,25.742780033383866,0,5.5587754044395705,250,33775.761315689255,0.0
2567,232.715,133.36930694892925,261.16186610680745,40.69932937955538,2549.9961515942964,75.79450422175132,25.712032625676922,0,5.558811265039627,250,33775.97920883659,0.0
2568,232.72,133.42429881455993,260.5383705261332,40.60417828811059,2549.9961515942964,75.79439851270496,25.68128148994358,0,5.55884708294794,250,33776.196842583944,0.0
2569,232.725,133.47931453984725,259.9155446378402,40.509125097684176,2549.9961515942964,75.79429280365859,25.650526633420146,0,5.558882858159307,250,33776.41421689973,0.0
2570,232.73,133.53435411809193,259.2933888593037,40.41416987461981,2549.9961515942964,75.79418709461223,25.619768063346466,0,5.558918590668534,250,33776.63133175238,0.0
2571,232.73499999999999,133.58941754257307,258.67190360730086,40.319312685184656,2549.9961515942964,75.79408138556586,25.5890057869659,0,5.558954280470438,250,33776.84818711041,0.0
2572,232.74,133.6445048065479,258.0510892980104,40.22455359556812,2549.9961515942964,75.7939756765195,25.558239811525326,0,5.558989927559846,250,33777.064782942376,0.0
2573,232.745,133.69961590325192,257.43094634701197,40.12989267187763,2549.9961515942964,75.79386996747313,25.52747014427512,0,5.559025531931597,250,33777.281119216925,0.0
2574,232.75,133.75475082589907,256.81147516928536,40.03532998014544,2549.9961515942964,75.79376425842676,25.496696792469173,0,5.559061093580536,250,33777.49719590274,0.0
2575,232.755,133.80990956768127,256.1926761792095,39.940865586321635,2549.9961515942964,75.7936585493804,25.465919763364845,0,5.559096612501523,250,33777.71301296857,0.0
2576,232.76,133.86509212176878,255.57454979056146,39.84649955628255,2549.9961515942964,75.79355284033403,25.43513906422301,0,5.559132088689422,250,33777.928570383236,0.0
2577,232.765,133.92029848131017,254.9570964165166,39.752231955818026,2549.9961515942964,75.79344713128768,25.404354702307998,0,5.559167522139114,250,33778.143868115614,0.0
2578,232.76999999999998,133.9755286394322,254.34031646964692,39.65806285064445,2549.9961515942964,75.7933414222413,25.373566684887628,0,5.5592029128454845,250,33778.358906134636,0.0
2579,232.775,134.03078258923986,253.72421036192043,39.56399230639593,2549.9961515942964,75.79323571319495,25.34277501923317,0,5.559238260803431,250,33778.573684409304,0.0
2580,232.78,134.08606032381633,253.10877850470092,39.4700203886288,2549.9961515942964,75.79313000414857,25.31197971261936,0,5.559273566007863,250,33778.78820290867,0.0
2581,232.785,134.1413618362231,252.49402130874648,39.37614716281722,2549.9961515942964,75.79302429510221,25.281180772324394,0,5.5593088284536964,250,33779.00246160186,0.0
2582,232.79,134.19668711949984,251.87993918420918,39.282372694361186,2549.9961515942964,75.79291858605583,25.250378205629897,0,5.559344048135862,250,33779.21646045806,0.0
2583,232.795,134.25203616666454,251.2665325406343,39.18869704857382,2549.9961515942964,75.79281287700948,25.219572019820944,0,5.559379225049295,250,33779.430199446506,0.0
2584,232.79999999999998,134.30740897071325,250.65380178695935,39.095120290695434,2549.9961515942964,75.7927071679631,25.188762222186032,0,5.559414359188945,250,33779.6436785365,0.0
2585,232.805,134.3628055246204,250.04174733151336,39.001642485881355,2549.9961515942964,75.79260145891674,25.157948820017094,0,5.559449450549769,250,33779.85689769742,0.0
2586,232.81,134.41822582133852,249.43036958201625,38.90826369920838,2549.9961515942964,75.79249574987037,25.127131820609467,0,5.559484499126737,250,33780.06985689868,0.0
2587,232.815,134.47366985379847,248.8196689455781,38.81498399567482,2549.9961515942964,75.792390040824,25.09631123126191,0,5.559519504914826,250,33780.28255610977,0.0
2588,232.82,134.5291376149092,248.2096458286981,38.721803440193035,2549.9961515942964,75.79228433177764,25.065487059276577,0,5.559554467909026,250,33780.49499530025,0.0
2589,232.825,134.58462909755804,247.6003006372641,38.62872209760349,2549.9961515942964,75.79217862273127,25.03465931195902,0,5.559589388104334,250,33780.707174439725,0.0
2590,232.82999999999998,134.6401442946104,246.99163377655162,38.53574003266214,2549.9961515942964,75.7920729136849,25.00382799661819,0,5.559624265495761,250,33780.91909349787,0.0
2591,232.835,134.6956831989099,246.38364565122347,38.442857310042754,2549.9961515942964,75.79196720463854,24.972993120566407,0,5.559659100078325,250,33781.13075244442,0.0
2592,232.84,134.75124580327852,245.7763366653283,38.350073994341024,2549.9961515942964,75.79186149559217,24.942154691119377,0,5.559693891847055,250,33781.34215124917,0.0
2593,232.845,134.80683210051626,245.16970722230067,38.2573901500706,2549.9961515942964,75.7917557865458,24.911312715596164,0,5.559728640796991,250,33781.55328988199,0.0
2594,232.85,134.86244208340145,244.56375772495977,38.16480584166587,2549.9961515942964,75.79165007749944,24.880467201319203,0,5.559763346923183,250,33781.76416831278,0.0
2595,232.855,134.91807574469058,243.95848857550857,38.072321133476756,2549.9961515942964,75.79154436845307,24.84961815561428,0,5.559798010220689,250,33781.974786511535,0.0
2596,232.85999999999999,134.9737330771184,243.35390017553385,37.979936089777055,2549.9961515942964,75.79143865940671,24.818765585810535,0,5.559832630684579,250,33782.1851444483,0.0
2597,232.865,135.02941407339773,242.74999292600438,37.88765077475558,2549.9961515942964,75.79133295036034,24.78790949924044,0,5.559867208309935,250,33782.39524209318,0.0
2598,232.87,135.08511872621975,242.1467672272709,37.79546525252052,2549.9961515942964,75.79122724131398,24.7570499032398,0,5.559901743091846,250,33782.60507941634,0.0
2599,232.875,135.14084702825372,241.54422347906535,37.703379587104045,2549.9961515942964,75.79112153226761,24.72618680514776,0,5.559936235025411,250,33782.814656388,0.0
2600,232.88,135.19659897214714,240.94236208049966,37.61139384244886,2549.9961515942964,75.79101582322124,24.695320212306765,0,5.559970684105742,250,33783.02397297846,0.0
2601,232.885,135.25237455052576,240.3411834300654,37.51950808242101,2549.9961515942964,75.79091011417488,24.664450132062594,0,5.560005090327959,250,33783.23302915807,0.0
2602,232.89,135.30817375599344,239.740687925633,37.427722370802805,2549.9961515942964,75.79080440512851,24.63357657176432,0,5.560039453687192,250,33783.44182489725,0.0
2603,232.89499999999998,135.36399658113226,239.14087596445086,37.336036771297394,2549.9961515942964,75.79069869608215,24.602699538764305,0,5.560073774178584,250,33783.650360166466,0.0
2604,232.9,135.41984301850255,238.54174794314474,37.24445134752599,2549.9961515942964,75.79059298703578,24.571819040418227,0,5.560108051797286,250,33783.85863493627,0.0
2605,232.905,135.47571306064276,237.94330425771693,37.15296616302327,2549.9961515942964,75.79048727798941,24.540935084085028,0,5.560142286538459,250,33784.06664917726,0.0
2606,232.91,135.5316067000696,237.34554530354558,37.06158128124769,2549.9961515942964,75.79038156894305,24.51004767712693,0,5.560176478397274,250,33784.27440286008,0.0
2607,232.915,135.58752392927786,236.7484714753839,36.97029676557303,2549.9961515942964,75.79027585989668,24.47915682690944,0,5.560210627368915,250,33784.48189595548,0.0
2608,232.92,135.64346474074063,236.15208316735954,36.879112679292085,2549.9961515942964,75.79017015085032,24.448262540801313,0,5.560244733448571,250,33784.689128434235,0.0
2609,232.92499999999998,135.69942912690917,235.55638077297368,36.78802908561103,2549.9961515942964,75.79006444180395,24.417364826174563,0,5.560278796631447,250,33784.8961002672,0.0
2610,232.93,135.75541708021282,234.96136468510034,36.69704604766383,2549.9961515942964,75.78995873275758,24.386463690404458,0,5.560312816912755,250,33785.10281142528,0.0
2611,232.935,135.8114285930593,234.36703529598591,36.60616362849015,2549.9961515942964,75.78985302371122,24.35555914086951,0,5.560346794287717,250,33785.30926187944,0.0
2612,232.94,135.86746365783432,233.77339299724818,36.51538189105438,2549.9961515942964,75.78974731466485,24.324651184951456,0,5.560380728751567,250,33785.51545160073,0.0
2613,232.945,135.9235222669019,233.1804381798753,36.42470089823633,2549.9961515942964,75.78964160561848,24.293739830035264,0,5.5604146202995475,250,33785.721380560244,0.0
2614,232.95,135.97960441260417,232.58817123422588,36.3341207128327,2549.9961515942964,75.78953589657212,24.26282508350913,0,5.560448468926912,250,33785.927048729136,0.0
2615,232.95499999999998,136.03571008726155,231.99659255002734,36.2436413975593,2549.9961515942964,75.78943018752575,24.23190695276446,0,5.560482274628924,250,33786.13245607864,0.0
2616,232.96,136.09183928317245,231.4057025163758,36.153263015046115,2549.9961515942964,75.78932447847939,24.20098544519586,0,5.560516037400859,250,33786.337602580024,0.0
2617,232.965,136.1479919926137,230.8155015217354,36.062985627843354,2549.9961515942964,75.78921876943302,24.17006056820114,0,5.560549757238001,250,33786.54248820466,0.0
2618,232.97,136.20416820784015,230.22598995393693,35.97280929841759,2549.9961515942964,75.78911306038665,24.139132329181304,0,5.560583434135643,250,33786.74711292393,0.0
2619,232.975,136.26036792108488,229.63716820017765,35.882734089146396,2549.9961515942964,75.78900735134029,24.10820073554054,0,5.560617068089092,250,33786.95147670931,0.0
2620,232.98,136.3165911245591,229.0490366470207,35.79276006233406,2549.9961515942964,75.78890164229392,24.07726579468621,0,5.560650659093661,250,33787.15557953235,0.0
2621,232.98499999999999,136.37283781045227,228.46159568039374,35.70288728019576,2549.9961515942964,75.78879593324756,24.046327514028853,0,5.560684207144677,250,33787.35942136464,0.0
2622,232.99,136.42910797093202,227.87484568558895,35.61311580486132,2549.9961515942964,75.78869022420119,24.015385900982164,0,5.560717712237475,250,33787.563002177834,0.0
2623,232.995,136.48540159814414,227.28878704726174,35.52344569838049,2549.9961515942964,75.78858451515482,23.984440962963003,0,5.560751174367401,250,33787.76632194366,0.0
2624,233.0,136.5417186842126,226.70342014943046,35.433877022721774,2549.9961515942964,75.78847880610846,23.95349270739137,0,5.56078459352981,250,33787.96938063389,0.0
2625,233.005,136.59805922123957,226.11874537547524,35.34440983976188,2549.9961515942964,75.78837309706209,23.92254114169041,0,5.5608179697200715,250,33788.17217822039,0.0
2626,233.01,136.6544232013053,225.53476310813772,35.25504421130216,2549.9961515942964,75.78826738801573,23.891586273286407,0,5.5608513029335604,250,33788.37471467505,0.0
2627,233.015,136.7108106164684,224.95147372952016,35.16578019905623,2549.9961515942964,75.78816167896936,23.86062810960877,0,5.560884593165663,250,33788.57698996984,0.0
2628,233.01999999999998,136.76722145876548,224.36887762108464,35.07661786465234,2549.9961515942964,75.788055969923,23.82966665809002,0,5.560917840411778,250,33788.77900407682,0.0
2629,233.025,136.8236557202114,223.78697516365247,34.98755726963875,2549.9961515942964,75.78795026087663,23.798701926165805,0,5.560951044667313,250,33788.980756968056,0.0
2630,233.03,136.88011339279925,223.20576673740337,34.898598475476554,2549.9961515942964,75.78784455183026,23.767733921274868,0,5.560984205927686,250,33789.18224861573,0.0
2631,233.035,136.93659446850026,222.62525272187477,34.80974154354245,2549.9961515942964,75.7877388427839,23.736762650859056,0,5.561017324188325,250,33789.38347899205,0.0
2632,233.04,136.99309893926375,222.04543349596142,34.72098653513109,2549.9961515942964,75.78763313373753,23.7057881223633,0,5.561050399444669,250,33789.58444806932,0.0
2633,233.045,137.04962679701737,221.46630943791416,34.63233351145067,2549.9961515942964,75.78752742469116,23.674810343235624,0,5.561083431692167,250,33789.78515581987,0.0
2634,233.04999999999998,137.10617803366682,220.8878809253396,34.54378253362714,2549.9961515942964,75.7874217156448,23.64382932092712,0,5.56111642092628,250,33789.98560221611,0.0
2635,233.055,137.1627526410961,220.31014833519924,34.45533366269777,2549.9961515942964,75.78731600659843,23.612845062891964,0,5.561149367142475,250,33790.185787230526,0.0
2636,233.06,137.21935061116724,219.73311204380894,34.36698695961932,2549.9961515942964,75.78721029755206,23.581857576587375,0,5.561182270336234,250,33790.38571083565,0.0
2637,233.065,137.27597193572058,219.1567724268379,34.27874248526371,2549.9961515942964,75.7871045885057,23.550866869473637,0,5.561215130503046,250,33790.585373004076,0.0
2638,233.07,137.33261660657456,218.58112985930845,34.190600300414616,2549.9961515942964,75.78699887945933,23.519872949014083,0,5.561247947638413,250,33790.78477370847,0.0
2639,233.075,137.38928461552587,218.00618471559483,34.102560465772825,2549.9961515942964,75.78689317041297,23.48887582267508,0,5.561280721737845,250,33790.983912921554,0.0
2640,233.07999999999998,137.4459759543493,217.43193736942274,34.01462304195441,2549.9961515942964,75.7867874613666,23.45787549792603,0,5.561313452796865,250,33791.18279061613,0.0
2641,233.085,137.50269061479784,216.8583881938688,33.92678808949113,2549.9961515942964,75.78668175232023,23.426871982239366,0,5.561346140811003,250,33791.381406765024,0.0
2642,233.09,137.5594285886027,216.2855375613596,33.839055668827704,2549.9961515942964,75.78657604327387,23.395865283090533,0,5.561378785775803,250,33791.57976134116,0.0
2643,233.095,137.61618986747337,215.713385843671,33.75142584032353,2549.9961515942964,75.7864703342275,23.364855407957982,0,5.561411387686816,250,33791.77785431753,0.0
2644,233.1,137.67297444309722,215.14193341192774,33.66389866425664,2549.9961515942964,75.78636462518114,23.333842364323186,0,5.561443946539605,250,33791.97568566715,0.0
2645,233.105,137.72978230714008,214.5711806366024,33.57647420081294,2549.9961515942964,75.78625891613477,23.302826159670595,0,5.561476462329744,250,33792.173255363145,0.0
2646,233.10999999999999,137.7866134512459,214.00112788751488,33.489152510097874,2549.9961515942964,75.7861532070884,23.271806801487653,0,5.561508935052817,250,33792.370563378674,0.0
2647,233.115,137.8434678670367,213.43177553383168,33.401933652130516,2549.9961515942964,75.78604749804204,23.24078429726479,0,5.561541364704418,250,33792.56760968695,0.0
2648,233.12,137.90034554611282,212.86312394406525,33.31481768684243,2549.9961515942964,75.78594178899567,23.209758654495403,0,5.561573751280151,250,33792.76439426129,0.0
2649,233.125,137.95724648005273,212.29517348607328,33.22780467408006,2549.9961515942964,75.7858360799493,23.178729880675863,0,5.561606094775632,250,33792.960917075034,0.0
2650,233.13,138.01417066041313,211.72792452705804,33.140894673606695,2549.9961515942964,75.78573037090294,23.147697983305502,0,5.561638395186485,250,33793.15717810161,0.0
2651,233.135,138.07111807872883,211.16137743356558,33.054087745096666,2549.9961515942964,75.78562466185657,23.11666296988659,0,5.5616706525083455,250,33793.35317731449,0.0
2652,233.14,138.12808872651286,210.59553257148525,32.96738394813764,2549.9961515942964,75.78551895281021,23.085624847924358,0,5.561702866736861,250,33793.548914687235,0.0
2653,233.14499999999998,138.1850825952565,210.0303903060487,32.8807833422342,2549.9961515942964,75.78541324376384,23.05458362492696,0,5.561735037867687,250,33793.74439019343,0.0
2654,233.15,138.24209967642906,209.4659510018298,32.79428598680382,2549.9961515942964,75.78530753471748,23.02353930840549,0,5.561767165896492,250,33793.93960380677,0.0
2655,233.155,138.2991399614783,208.90221502274315,32.70789194117649,2549.9961515942964,75.78520182567111,22.992491905873955,0,5.56179925081895,250,33794.134555500976,0.0
2656,233.16,138.35620344182996,208.3391827320441,32.62160126459506,2549.9961515942964,75.78509611662474,22.96144142484929,0,5.561831292630752,250,33794.32924524985,0.0
2657,233.165,138.413290108888,207.7768544923276,32.53541401622115,2549.9961515942964,75.78499040757838,22.93038787285132,0,5.561863291327595,250,33794.52367302725,0.0
2658,233.17,138.4703999540347,207.21523066552794,32.4493302551215,2549.9961515942964,75.78488469853201,22.89933125740279,0,5.5618952469051886,250,33794.71783880712,0.0
2659,233.17499999999998,138.5275329686304,206.65431161291778,32.36335004028523,2549.9961515942964,75.78477898948564,22.868271586029316,0,5.56192715935925,250,33794.911742563425,0.0
2660,233.18,138.58468914401365,206.09409769510748,32.277473430608616,2549.9961515942964,75.78467328043928,22.837208866259417,0,5.561959028685511,250,33795.10538427023,0.0
2661,233.185,138.64186847150134,205.5345892720446,32.19170048490264,2549.9961515942964,75.78456757139291,22.806143105624475,0,5.56199085487971,250,33795.29876390165,0.0
2662,233.19,138.69907094238837,204.97578670301309,32.10603126189263,2549.9961515942964,75.78446186234655,22.775074311658756,0,5.562022637937598,250,33795.49188143186,0.0
2663,233.195,138.75629654794798,204.41769034663267,32.02046582021621,2549.9961515942964,75.78435615330018,22.744002491899376,0,5.562054377854935,250,33795.68473683511,0.0
2664,233.2,138.8135452794316,203.8603005608584,31.935004218422968,2549.9961515942964,75.78425044425381,22.712927653886315,0,5.5620860746274925,250,33795.877330085685,0.0
2665,233.20499999999998,138.87081712806875,203.3036177029794,31.849646514979504,2549.9961515942964,75.78414473520745,22.681849805162393,0,5.562117728251054,250,33796.06966115798,0.0
2666,233.21,138.92811208506726,202.74764212961887,31.764392768260365,2549.9961515942964,75.78403902616108,22.650768953273282,0,5.56214933872141,250,33796.26173002642,0.0
2667,233.215,138.98543014161322,202.19237419673303,31.679243036555626,2549.9961515942964,75.78393331711472,22.619685105767477,0,5.562180906034363,250,33796.45353666549,0.0
2668,233.22,139.0427712888708,201.63781425961062,31.594197378065896,2549.9961515942964,75.78382760806835,22.58859827019629,0,5.5622124301857285,250,33796.64508104977,0.0
2669,233.225,139.1001355179824,201.08396267287202,31.509255850907692,2549.9961515942964,75.78372189902198,22.557508454113872,0,5.562243911171328,250,33796.836363153874,0.0
2670,233.23,139.1575228200688,200.53081979046897,31.42441851310637,2549.9961515942964,75.78361618997562,22.526415665077167,0,5.562275348986998,250,33797.027382952496,0.0
2671,233.23499999999999,139.21493318622876,199.97838596568357,31.3396854226047,2549.9961515942964,75.78351048092925,22.495319910645925,0,5.5623067436285805,250,33797.21814042038,0.0
2672,233.24,139.27236660753942,199.4266615511277,31.255056637252775,2549.9961515942964,75.78340477188289,22.4642211983827,0,5.562338095091932,250,33797.408635532345,0.0
2673,233.245,139.32982307505605,198.87564689874264,31.170532214814802,2549.9961515942964,75.78329906283652,22.43311953585282,0,5.562369403372918,250,33797.59886826327,0.0
2674,233.25,139.38730257981223,198.32534235979804,31.086112212968164,2549.9961515942964,75.78319335379014,22.4020149306244,0,5.562400668467414,250,33797.7888385881,0.0
2675,233.255,139.4448051128197,197.77574828489136,31.00179668930226,2549.9961515942964,75.78308764474379,22.370907390268325,0,5.562431890371308,250,33797.978546481834,0.0
2676,233.26,139.5023306650684,197.2268650239474,30.917585701317133,2549.9961515942964,75.7829819356974,22.33979692235825,0,5.562463069080496,250,33798.16799191955,0.0
2677,233.265,139.55987922752658,196.67869292621756,30.833479306425936,2549.9961515942964,75.78287622665106,22.30868353447058,0,5.5624942045908865,250,33798.357174876386,0.0
2678,233.26999999999998,139.61745079114064,196.13123234027907,30.749477561954087,2549.9961515942964,75.78277051760467,22.277567234184474,0,5.562525296898397,250,33798.54609532753,0.0
2679,233.275,139.67504534683533,195.58448361403453,30.665580525138157,2549.9961515942964,75.78266480855832,22.24644802908183,0,5.562556345998956,250,33798.73475324826,0.0
2680,233.28,139.7326628855135,195.03844709471116,30.581788253126206,2549.9961515942964,75.78255909951196,22.21532592674728,0,5.562587351888505,250,33798.92314861388,0.0
2681,233.285,139.79030339805624,194.4931231288601,30.49810080297971,2549.9961515942964,75.78245339046559,22.18420093476819,0,5.56261831456299,250,33799.111281399804,0.0
2682,233.29,139.84796687532298,193.94851206235597,30.414518231670417,2549.9961515942964,75.78234768141922,22.153073060734634,0,5.562649234018375,250,33799.299151581465,0.0
2683,233.295,139.9056533081514,193.404614240396,30.331040596081362,2549.9961515942964,75.78224197237286,22.121942312239405,0,5.562680110250627,250,33799.486759134394,0.0
2684,233.29999999999998,139.96336268735726,192.8614300074996,30.247667953008317,2549.9961515942964,75.78213626332649,22.090808696878,0,5.56271094325573,250,33799.67410403416,0.0
2685,233.305,140.02109500373476,192.3189597075074,30.164400359156414,2549.9961515942964,75.78203055428013,22.059672222248604,0,5.562741733029674,250,33799.86118625642,0.0
2686,233.31,140.0788502480562,191.77720368358115,30.08123787114567,2549.9961515942964,75.78192484523376,22.0285328959521,0,5.562772479568464,250,33800.048005776895,0.0
2687,233.315,140.13662841107222,191.23616227820253,29.998180545503136,2549.9961515942964,75.7818191361874,21.99739072559205,0,5.5628031828681115,250,33800.234562571335,0.0
2688,233.32,140.19442948351167,190.6958358331729,29.915228438670617,2549.9961515942964,75.78171342714103,21.96624571877469,0,5.56283384292464,250,33800.420856615594,0.0
2689,233.325,140.25225345608172,190.15622468961232,29.832381606999178,2549.9961515942964,75.78160771809466,21.935097883108917,0,5.562864459734082,250,33800.60688788557,0.0
2690,233.32999999999998,140.3101003194677,189.61732918795946,29.74964010675107,2549.9961515942964,75.7815020090483,21.90394722620629,0,5.562895033292485,250,33800.79265635723,0.0
2691,233.335,140.36797006433332,189.0791496679703,29.667003994099165,2549.9961515942964,75.78139630000193,21.872793755681016,0,5.562925563595904,250,33800.97816200661,0.0
2692,233.34,140.4258626813204,188.54168646871796,29.58447332512983,2549.9961515942964,75.78129059095556,21.84163747914994,0,5.562956050640403,250,33801.1634048098,0.0
2693,233.345,140.4837781610492,188.00493992859194,29.502048155837468,2549.9961515942964,75.7811848819092,21.81047840423256,0,5.562986494422059,250,33801.34838474296,0.0
2694,233.35,140.54171649411813,187.4689103852975,29.419728542127633,2549.9961515942964,75.78107917286283,21.779316538550976,0,5.563016894936959,250,33801.53310178231,0.0
2695,233.355,140.599677671104,186.93359817585508,29.337514539817867,2549.9961515942964,75.78097346381647,21.748151889729925,0,5.5630472521812,250,33801.71755590415,0.0
2696,233.35999999999999,140.65766168256167,186.39900363659964,29.25540620463551,2549.9961515942964,75.7808677547701,21.71698446539676,0,5.56307756615089,250,33801.90174708481,0.0
2697,233.365,140.71566851902452,185.86512710318,29.173403592218726,2549.9961515942964,75.78076204572372,21.685814273181418,0,5.56310783684215,250,33802.08567530073,0.0
2698,233.37,140.7736981710041,185.33196891055812,29.09150675811601,2549.9961515942964,75.78065633667737,21.654641320716443,0,5.563138064251107,250,33802.26934052838,0.0
2699,233.375,140.83175062899025,184.79952939300878,29.00971575778622,2549.9961515942964,75.78055062763099,21.62346561563698,0,5.5631682483739,250,33802.45274274431,0.0
2700,233.38,140.8898258834511,184.26780888411898,28.92803064659974,2549.9961515942964,75.78044491858464,21.592287165580732,0,5.563198389206681,250,33802.63588192511,0.0
2701,233.385,140.9479239248331,183.73680771678664,28.846451479834524,2549.9961515942964,75.78033920953825,21.561105978187996,0,5.5632284867456105,250,33802.818758047484,0.0
2702,233.39,141.00604474356098,183.20652622322092,28.764978312681755,2549.9961515942964,75.7802335004919,21.52992206110162,0,5.563258540986861,250,33803.00137108815,0.0
2703,233.39499999999998,141.06418833003778,182.67696473494107,28.683611200240826,2549.9961515942964,75.78012779144552,21.49873542196701,0,5.563288551926613,250,33803.18372102391,0.0
2704,233.4,141.1223546746448,182.1481235827758,28.60235019752216,2549.9961515942964,75.78002208239917,21.467546068432135,0,5.563318519561061,250,33803.365807831644,0.0
2705,233.405,141.18054376774174,181.62000309686297,28.521195359446875,2549.9961515942964,75.77991637335279,21.436354008147497,0,5.563348443886407,250,33803.547631488276,0.0
2706,233.41,141.23875559966652,181.09260360664874,28.440146740843453,2549.9961515942964,75.77981066430644,21.405159248766132,0,5.563378324898867,250,33803.72919197081,0.0
2707,233.415,141.29699016073533,180.5659254408869,28.35920439645286,2549.9961515942964,75.77970495526006,21.373961797943608,0,5.563408162594664,250,33803.9104892563,0.0
2708,233.42,141.35524744124288,180.03996892763868,28.278368380925027,2549.9961515942964,75.7795992462137,21.342761663338003,0,5.563437956970034,250,33804.09152332187,0.0
2709,233.42499999999998,141.41352743146194,179.51473439427158,28.19763874881996,2549.9961515942964,75.77949353716733,21.31155885260991,0,5.563467708021223,250,33804.27229414471,0.0
2710,233.43,141.47183012164385,178.9902221674592,28.117015554607217,2549.9961515942964,75.77938782812097,21.280353373422432,0,5.563497415744488,250,33804.45280170207,0.0
2711,233.435,141.53015550201806,178.4664325731804,28.03649885266507,2549.9961515942964,75.7792821190746,21.24914523344116,0,5.563527080136094,250,33804.633045971284,0.0
2712,233.44,141.5885035627925,177.94336593671898,27.956088697282016,2549.9961515942964,75.77917641002824,21.217934440334172,0,5.56355670119232,250,33804.81302692972,0.0
2713,233.445,141.64687429415343,177.42102258266252,27.875785142656518,2549.9961515942964,75.77907070098186,21.186721001772035,0,5.563586278909456,250,33804.99274455484,0.0
2714,233.45,141.70526768626533,176.8994028349026,27.795588242896937,2549.9961515942964,75.77896499193551,21.155504925427778,0,5.563615813283801,250,33805.17219882415,0.0
2715,233.45499999999998,141.76368372927115,176.37850701663342,27.715498052018937,2549.9961515942964,75.77885928288914,21.124286218976895,0,5.563645304311663,250,33805.35138971523,0.0
2716,233.46,141.82212241329213,175.85833545035166,27.635514623949923,2549.9961515942964,75.77875357384278,21.09306489009734,0,5.563674751989363,250,33805.53031720571,0.0
2717,233.465,141.88058372842787,175.33888845785572,27.555638012524124,2549.9961515942964,75.77864786479641,21.061840946469523,0,5.563704156313232,250,33805.70898127332,0.0
2718,233.47,141.93906766475627,174.82016636024534,27.47586827148836,2549.9961515942964,75.77854215575005,21.030614395776283,0,5.563733517279613,250,33805.887381895816,0.0
2719,233.475,141.99757421233375,174.30216947792076,27.39620545449409,2549.9961515942964,75.77843644670368,20.999385245702893,0,5.563762834884857,250,33806.06551905104,0.0
2720,233.48,142.0561033611949,173.784898130582,27.316649615106257,2549.9961515942964,75.77833073765731,20.968153503937053,0,5.563792109125327,250,33806.24339271689,0.0
2721,233.48499999999999,142.11465510135278,173.26835263722884,27.237200806795297,2549.9961515942964,75.77822502861095,20.93691917816888,0,5.563821339997398,250,33806.421002871335,0.0
2722,233.49,142.17322942279884,172.75253331615963,27.157859082943038,2549.9961515942964,75.77811931956458,20.905682276090904,0,5.563850527497453,250,33806.59834949241,0.0
2723,233.495,142.23182631550287,172.23744048497113,27.078624496838646,2549.9961515942964,75.77801361051822,20.87444280539805,0,5.563879671621889,250,33806.7754325582,0.0
2724,233.5,142.29044576941297,171.72307446055765,26.999497101680262,2549.9961515942964,75.77790790147183,20.843200773787643,0,5.5639087723671095,250,33806.952252046874,0.0
2725,233.505,142.34908777445582,171.20943555911066,26.92047695057742,2549.9961515942964,75.77780219242548,20.811956188959392,0,5.563937829729532,250,33807.128807936664,0.0
2726,233.51,142.40775232053628,170.69652409611805,26.841564096543863,2549.9961515942964,75.7776964833791,20.78070905861538,0,5.563966843705583,250,33807.30510020585,0.0
2727,233.515,142.4664393975377,170.18434038636371,26.762758592506067,2549.9961515942964,75.77759077433275,20.749459390460057,0,5.563995814291703,250,33807.48112883279,0.0
2728,233.51999999999998,142.52514899532187,169.6728847439268,26.68406049129616,2549.9961515942964,75.77748506528637,20.718207192200246,0,5.564024741484337,250,33807.65689379591,0.0
2729,233.525,142.58388110372883,169.16215748218133,26.605469845656906,2549.9961515942964,75.77737935624002,20.686952471545116,0,5.5640536252799455,250,33807.83239507369,0.0
2730,233.53,142.64263571257726,168.65215891379538,26.52698670823781,2549.9961515942964,75.77727364719364,20.65569523620618,0,5.564082465674999,250,33808.00763264468,0.0
2731,233.535,142.70141281166403,168.14288935073083,26.448611131597975,2549.9961515942964,75.77716793814729,20.624435493897302,0,5.564111262665977,250,33808.182606487506,0.0
2732,233.54,142.76021239076456,167.63434910424243,26.37034316820511,2549.9961515942964,75.7770622291009,20.593173252334662,0,5.564140016249373,250,33808.35731658084,0.0
2733,233.545,142.8190344396326,167.12653848487753,26.292182870433837,2549.9961515942964,75.77695652005455,20.561908519236763,0,5.564168726421687,250,33808.53176290343,0.0
2734,233.54999999999998,142.87787894800047,166.61945780247535,26.214130290567923,2549.9961515942964,75.77685081100817,20.530641302324433,0,5.564197393179432,250,33808.705945434085,0.0
2735,233.555,142.93674590557876,166.11310736616653,26.13618548079883,2549.9961515942964,75.77674510196182,20.4993716093208,0,5.564226016519132,250,33808.87986415169,0.0
2736,233.56,142.99563530205657,165.6074874843724,26.058348493228255,2549.9961515942964,75.77663939291544,20.468099447951285,0,5.564254596437321,250,33809.05351903517,0.0
2737,233.565,143.05454712710147,165.1025984648044,25.980619379862027,2549.9961515942964,75.77653368386909,20.43682482594361,0,5.564283132930544,250,33809.226910063546,0.0
2738,233.57,143.11348137035938,164.59844061446398,25.902998192617822,2549.9961515942964,75.77642797482271,20.405547751027772,0,5.564311625995357,250,33809.400037215884,0.0
2739,233.575,143.17243802145484,164.0950142396413,25.8254849833193,2549.9961515942964,75.77632226577636,20.374268230936043,0,5.5643400756283246,250,33809.572900471314,0.0
2740,233.57999999999998,143.23141706999064,163.59231964591535,25.748079803696825,2549.9961515942964,75.77621655672998,20.342986273402964,0,5.564368481826025,250,33809.745499809054,0.0
2741,233.585,143.2904185055482,163.0903571381529,25.670782705392657,2549.9961515942964,75.77611084768363,20.311701886165338,0,5.564396844585047,250,33809.917835208355,0.0
2742,233.59,143.34944231768725,162.58912702050824,25.593593739952944,2549.9961515942964,75.77600513863725,20.280415076962207,0,5.564425163901987,250,33810.08990664856,0.0
2743,233.595,143.40848849594616,162.0886295964226,25.516512958834028,2549.9961515942964,75.7758994295909,20.249125853534867,0,5.564453439773456,250,33810.26171410906,0.0
2744,233.6,143.46755702984166,161.58886516862322,25.43954041339821,2549.9961515942964,75.77579372054451,20.217834223626845,0,5.564481672196074,250,33810.43325756932,0.0
2745,233.605,143.52664790886905,161.08983403912356,25.36267615491642,2549.9961515942964,75.77568801149816,20.18654019498389,0,5.564509861166471,250,33810.604537008876,0.0
2746,233.60999999999999,143.58576112250205,160.59153650922192,25.28592023456634,2549.9961515942964,75.77558230245178,20.15524377535398,0,5.564538006681288,250,33810.77555240731,0.0
2747,233.615,143.64489666019287,160.09397287950142,25.20927270343477,2549.9961515942964,75.77547659340541,20.123944972487287,0,5.56456610873718,250,33810.946303744284,0.0
2748,233.62,143.70405451137225,159.59714344982928,25.13273361251482,2549.9961515942964,75.77537088435905,20.092643794136205,0,5.5645941673308075,250,33811.11679099953,0.0
2749,233.625,143.7632346654494,159.10104851935634,25.05630301270635,2549.9961515942964,75.77526517531268,20.061340248055302,0,5.564622182458845,250,33811.28701415283,0.0
2750,233.63,143.8224371118121,158.6056883865164,24.979980954818192,2549.9961515942964,75.77515946626633,20.03003434200135,0,5.564650154117978,250,33811.456973184046,0.0
2751,233.635,143.88166183982662,158.11106334902567,24.903767489566192,2549.9961515942964,75.77505375721995,19.99872608373329,0,5.5646780823049,250,33811.626668073084,0.0
2752,233.64,143.94090883883771,157.61717370388243,24.827662667573097,2549.9961515942964,75.7749480481736,19.967415481012228,0,5.564705967016319,250,33811.79609879994,0.0
2753,233.64499999999998,144.00017809816873,157.1240197473664,24.75166653936752,2549.9961515942964,75.77484233912722,19.93610254160145,0,5.56473380824895,250,33811.96526534467,0.0
2754,233.65,144.05946960712146,156.63160177503804,24.675779155388273,2549.9961515942964,75.77473663008087,19.904787273266376,0,5.5647616059995215,250,33812.134167687385,0.0
2755,233.655,144.11878335497633,156.13992008173824,24.600000565978725,2549.9961515942964,75.77463092103449,19.873469683774587,0,5.564789360264771,250,33812.30280580826,0.0
2756,233.66,144.17811933099227,155.64897496158764,24.524330821390357,2549.9961515942964,75.77452521198813,19.842149780895795,0,5.56481707104145,250,33812.471179687556,0.0
2757,233.665,144.23747752440673,155.1587667079861,24.448769971782372,2549.9961515942964,75.77441950294175,19.81082757240184,0,5.564844738326316,250,33812.639289305574,0.0
2758,233.67,144.29685792443573,154.66929561361226,24.373318067219174,2549.9961515942964,75.7743137938954,19.779503066066688,0,5.564872362116143,250,33812.80713464271,0.0
2759,233.67499999999998,144.35626052027388,154.18056197042293,24.29797515767367,2549.9961515942964,75.77420808484902,19.748176269666416,0,5.564899942407709,250,33812.97471567939,0.0
2760,233.68,144.41568530109438,153.69256606965268,24.222741293024836,2549.9961515942964,75.77410237580267,19.71684719097921,0,5.564927479197808,250,33813.142032396136,0.0
2761,233.685,144.47513225604897,153.20530820181307,24.147616523059202,2549.9961515942964,75.77399666675629,19.685515837785346,0,5.5649549724832434,250,33813.309084773515,0.0
2762,233.69,144.53460137426794,152.71878865669242,24.07260089747001,2549.9961515942964,75.77389095770994,19.6541822178672,0,5.564982422260829,250,33813.47587279217,0.0
2763,233.695,144.59409264486018,152.23300772335503,23.997694465856128,2549.9961515942964,75.77378524866356,19.622846339009214,0,5.565009828527389,250,33813.64239643283,0.0
2764,233.7,144.65360605691322,151.74796569014083,23.922897277724314,2549.9961515942964,75.7736795396172,19.59150820899793,0,5.5650371912797585,250,33813.80865567623,0.0
2765,233.70499999999998,144.71314159949318,151.26366284466488,23.848209382486758,2549.9961515942964,75.77357383057083,19.56016783562192,0,5.565064510514785,250,33813.97465050322,0.0
2766,233.71,144.77269926164473,150.78009947381656,23.773630829465226,2549.9961515942964,75.77346812152447,19.528825226671838,0,5.565091786229326,250,33814.14038089473,0.0
2767,233.715,144.83227903239123,150.29727586375932,23.699161667883814,2549.9961515942964,75.7733624124781,19.497480389940378,0,5.565119018420249,250,33814.305846831696,0.0
2768,233.72,144.89188090073458,149.81519229993032,23.62480194687668,2549.9961515942964,75.77325670343174,19.466133333222274,0,5.565146207084431,250,33814.47104829517,0.0
2769,233.725,144.95150485565537,149.33384906703944,23.5505517154829,2549.9961515942964,75.77315099438536,19.434784064314293,0,5.565173352218764,250,33814.63598526625,0.0
2770,233.73,145.0111508861128,148.8532464490692,23.476411022647763,2549.9961515942964,75.77304528533901,19.40343259101523,0,5.5652004538201485,250,33814.800657726104,0.0
2771,233.73499999999999,145.07081898104465,148.37338472927382,23.402379917223897,2549.9961515942964,75.77293957629263,19.372078921125887,0,5.565227511885494,250,33814.96506565596,0.0
2772,233.74,145.13050912936745,147.89426419017923,23.328458447969354,2549.9961515942964,75.77283386724628,19.34072306244908,0,5.565254526411724,250,33815.12920903712,0.0
2773,233.745,145.19022131997636,147.4158851135822,23.25464666354947,2549.9961515942964,75.7727281581999,19.309365022789624,0,5.565281497395771,250,33815.29308785095,0.0
2774,233.75,145.24995554174512,146.93824778054983,23.180944612535523,2549.9961515942964,75.77262244915353,19.27800480995433,0,5.565308424834579,250,33815.456702078875,0.0
2775,233.755,145.30971178352624,146.46135247141936,23.107352343404035,2549.9961515942964,75.77251674010716,19.24664243175198,0,5.5653353087251025,250,33815.6200517024,0.0
2776,233.76,145.36949003415074,145.98519946579722,23.033869904539344,2549.9961515942964,75.7724110310608,19.215277895993346,0,5.565362149064306,250,33815.783136703074,0.0
2777,233.765,145.42929028242858,145.50978904255882,22.960497344230568,2549.9961515942964,75.77230532201443,19.18391121049115,0,5.565388945849168,250,33815.94595706253,0.0
2778,233.76999999999998,145.4891125171482,145.03512147984804,22.88723471067414,2549.9961515942964,75.77219961296807,19.15254238306009,0,5.565415699076673,250,33816.10851276247,0.0
2779,233.775,145.54895672707667,144.56119705507663,22.814082051972107,2549.9961515942964,75.7720939039217,19.121171421516802,0,5.56544240874382,250,33816.27080378463,0.0
2780,233.78,145.60882290096006,144.08801604492373,22.74103941613168,2549.9961515942964,75.77198819487533,19.089798333679873,0,5.565469074847619,250,33816.43283011087,0.0
2781,233.785,145.66871102752282,143.61557872533544,22.668106851068313,2549.9961515942964,75.77188248582897,19.05842312736981,0,5.565495697385089,250,33816.59459172305,0.0
2782,233.79,145.72862109546838,143.14388537152425,22.595284404599543,2549.9961515942964,75.7717767767826,19.027045810409067,0,5.565522276353259,250,33816.756088603135,0.0
2783,233.795,145.78855309347873,142.6729362579686,22.52257212445317,2549.9961515942964,75.77167106773624,18.99566639062199,0,5.5655488117491725,250,33816.91732073316,0.0
2784,233.79999999999998,145.84850701021458,142.2027316584123,22.44997005826074,2549.9961515942964,75.77156535868987,18.96428487583486,0,5.56557530356988,250,33817.0782880952,0.0
2785,233.805,145.9084828343155,141.73327184586418,22.37747825355929,2549.9961515942964,75.77145964964352,18.93290127387584,0,5.565601751812446,250,33817.23899067142,0.0
2786,233.81,145.96848055439966,141.26455709259753,22.30509675779291,2549.9961515942964,75.77135394059714,18.90151559257499,0,5.565628156473944,250,33817.39942844405,0.0
2787,233.815,146.0285001590641,140.7965876701495,22.232825618310883,2549.9961515942964,75.77124823155079,18.870127839764262,0,5.565654517551459,250,33817.55960139535,0.0
2788,233.82,146.0885416368846,140.32936384932094,22.16066488236711,2549.9961515942964,75.7711425225044,18.838738023277475,0,5.565680835042086,250,33817.71950950769,0.0
2789,233.825,146.1486049764156,139.86288590017548,22.08861459712304,2549.9961515942964,75.77103681345805,18.807346150950323,0,5.565707108942931,250,33817.87915276348,0.0
2790,233.82999999999998,146.20869016619048,139.39715409203933,22.016674809646066,2549.9961515942964,75.77093110441167,18.775952230620355,0,5.565733339251113,250,33818.03853114522,0.0
2791,233.835,146.26879719472126,138.93216869350084,21.94484556690599,2549.9961515942964,75.77082539536532,18.744556270126974,0,5.5657595259637604,250,33818.19764463545,0.0
2792,233.84,146.32892605049878,138.46792997240982,21.87312691578303,2549.9961515942964,75.77071968631894,18.713158277311422,0,5.5657856690780125,250,33818.356493216794,0.0
2793,233.845,146.38907672199275,138.0044381958771,21.80151890305802,2549.9961515942964,75.77061397727259,18.681758260016775,0,5.565811768591018,250,33818.51507687194,0.0
2794,233.85,146.4492491976516,137.54169363027427,21.73002157542126,2549.9961515942964,75.77050826822621,18.650356226087947,0,5.565837824499939,250,33818.67339558362,0.0
2795,233.855,146.50944346590262,137.0796965412329,21.658634979466772,2549.9961515942964,75.77040255917986,18.618952183371658,0,5.565863836801946,250,33818.83144933466,0.0
2796,233.85999999999999,146.56965951515187,136.61844719364436,21.587359161694117,2549.9961515942964,75.77029685013348,18.587546139716437,0,5.5658898054942245,250,33818.989238107955,0.0
2797,233.865,146.62989733378433,136.15794585165906,21.516194168507987,2549.9961515942964,75.77019114108711,18.55613810297263,0,5.565915730573965,250,33819.14676188643,0.0
2798,233.87,146.69015691016372,135.69819277868626,21.445140046220267,2549.9961515942964,75.77008543204074,18.524728080992354,0,5.565941612038374,250,33819.304020653115,0.0
2799,233.875,146.7504382326326,135.2391882373934,21.374196841046636,2549.9961515942964,75.76997972299438,18.49331608162953,0,5.565967449884668,250,33819.4610143911,0.0
2800,233.88,146.81074128951252,134.7809324897056,21.30336459910737,2549.9961515942964,75.76987401394801,18.461902112739846,0,5.565993244110071,250,33819.6177430835,0.0
2801,233.885,146.8710660691037,134.32342579680565,21.232643366430402,2549.9961515942964,75.76976830490165,18.430486182180758,0,5.566018994711821,250,33819.77420671356,0.0
2802,233.89,146.93141255968536,133.8666684191327,21.16203318894745,2549.9961515942964,75.76966259585528,18.399068297811485,0,5.566044701687167,250,33819.930405264546,0.0
2803,233.89499999999998,146.9917807495156,133.41066061638256,21.091534112496817,2549.9961515942964,75.76955688680891,18.367648467492995,0,5.566070365033366,250,33820.086338719804,0.0
2804,233.9,147.05217062683127,132.95540264750707,21.021146182818946,2549.9961515942964,75.76945117776255,18.336226699088,0,5.566095984747691,250,33820.24200706274,0.0
2805,233.905,147.1125821798483,132.50089477071324,20.95086944556358,2549.9961515942964,75.76934546871618,18.30480300046095,0,5.566121560827421,250,33820.397410276855,0.0
2806,233.91,147.17301539676134,132.04713724346345,20.880703946282814,2549.9961515942964,75.76923975966982,18.273377379478013,0,5.566147093269848,250,33820.552548345666,0.0
2807,233.915,147.23347026574405,131.5941303224744,20.810649730435358,2549.9961515942964,75.76913405062345,18.241949844007088,0,5.566172582072275,250,33820.7074212528,0.0
2808,233.92,147.29394677494903,131.14187426371691,20.740706843383204,2549.9961515942964,75.76902834157708,18.21052040191777,0,5.566198027232016,250,33820.86202898194,0.0
2809,233.92499999999998,147.35444491250774,130.6903693224156,20.670875330396097,2549.9961515942964,75.76892263253072,18.17908906108136,0,5.566223428746394,250,33821.01637151681,0.0
2810,233.93,147.4149646665306,130.23961575304813,20.601155236647745,2549.9961515942964,75.76881692348435,18.14765582937086,0,5.566248786612746,250,33821.170448841236,0.0
2811,233.935,147.475506025107,129.78961380934496,20.531546607215557,2549.9961515942964,75.76871121443799,18.116220714660944,0,5.56627410082842,250,33821.32426093909,0.0
2812,233.94,147.53606897630522,129.340363744289,20.462049487084002,2549.9961515942964,75.76860550539162,18.084783724827968,0,5.5662993713907705,250,33821.47780779432,0.0
2813,233.945,147.59665350817258,128.89186581011478,20.392663921141345,2549.9961515942964,75.76849979634525,18.053344867749953,0,5.566324598297166,250,33821.631089390925,0.0
2814,233.95,147.65725960873533,128.44412025830846,20.32338995418157,2549.9961515942964,75.76839408729889,18.021904151306586,0,5.566349781544988,250,33821.784105712984,0.0
2815,233.95499999999998,147.7178872659986,127.99712733960703,20.25422763090288,2549.9961515942964,75.76828837825252,17.9904615833792,0,5.566374921131625,250,33821.93685674465,0.0
2816,233.96,147.77853646794674,127.55088730399814,20.185176995909035,2549.9961515942964,75.76818266920615,17.95901717185077,0,5.5664000170544785,250,33822.08934247013,0.0
2817,233.965,147.83920720254284,127.10540040071945,20.11623809370885,2549.9961515942964,75.76807696015979,17.927570924605902,0,5.566425069310961,250,33822.24156287369,0.0
2818,233.97,147.8998994577292,126.66066687825831,20.04741096871503,2549.9961515942964,75.76797125111342,17.896122849530833,0,5.566450077898494,250,33822.39351793967,0.0
2819,233.975,147.96061322142702,126.21668698435123,19.978695665246956,2549.9961515942964,75.76786554206706,17.864672954513413,0,5.566475042814513,250,33822.54520765249,0.0
2820,233.98,148.0213484815365,125.77346096598366,19.910092227526935,2549.9961515942964,75.7677598330207,17.833221247443106,0,5.566499964056463,250,33822.69663199662,0.0
2821,233.98499999999999,148.082105225937,125.33098906938919,19.841600699683553,2549.9961515942964,75.76765412397432,17.80176773621097,0,5.566524841621799,250,33822.8477909566,0.0
2822,233.99,148.1428834424868,124.88927154004956,19.77322112574876,2549.9961515942964,75.76754841492797,17.770312428709655,0,5.566549675507988,250,33822.99868451705,0.0
2823,233.995,148.20368311902328,124.44830862269386,19.704953549661592,2549.9961515942964,75.76744270588159,17.738855332833406,0,5.566574465712509,250,33823.14931266262,0.0
2824,234.0,148.26450424336286,124.00810056129836,19.636798015263278,2549.9961515942964,75.76733699683523,17.707396456478023,0,5.566599212232849,250,33823.299675378075,0.0
2825,234.005,148.32534680330107,123.56864759908584,19.568754566302037,2549.9961515942964,75.76723128778886,17.675935807540885,0,5.566623915066509,250,33823.449772648215,0.0
2826,234.01,148.3862107866125,123.12994997852533,19.500823246429306,2549.9961515942964,75.7671255787425,17.644473393920933,0,5.566648574210998,250,33823.59960445791,0.0
2827,234.015,148.44709618105077,122.69200794133181,19.433004099202016,2549.9961515942964,75.76701986969613,17.613009223518645,0,5.566673189663839,250,33823.7491707921,0.0
2828,234.01999999999998,148.50800297434867,122.25482172846546,19.36529716808113,2549.9961515942964,75.76691416064976,17.581543304236046,0,5.5666977614225654,250,33823.8984716358,0.0
2829,234.025,148.56893115421803,121.8183915801314,19.297702496433985,2549.9961515942964,75.7668084516034,17.550075643976697,0,5.566722289484718,250,33824.04750697408,0.0
2830,234.03,148.62988070834993,121.38271773577952,19.230220127530092,2549.9961515942964,75.76670274255703,17.518606250645675,0,5.566746773847854,250,33824.196276792085,0.0
2831,234.035,148.6908516244144,120.9478004341036,19.162850104546774,2549.9961515942964,75.76659703351066,17.48713513214958,0,5.566771214509538,250,33824.344781075015,0.0
2832,234.04,148.7518438900607,120.51363991304117,19.095592470562988,2549.9961515942964,75.7664913244643,17.455662296396508,0,5.566795611467346,250,33824.49301980816,0.0
2833,234.045,148.81285749291723,120.0802364097731,19.02844726856384,2549.9961515942964,75.76638561541793,17.424187751296067,0,5.566819964718866,250,33824.64099297684,0.0
2834,234.04999999999998,148.87389242059152,119.64759016072317,18.961414541439332,2549.9961515942964,75.76627990637157,17.392711504759347,0,5.566844274261697,250,33824.78870056648,0.0
2835,234.055,148.93494866067033,119.21570140155752,18.89449433198329,2549.9961515942964,75.7661741973252,17.36123356469892,0,5.566868540093446,250,33824.93614256254,0.0
2836,234.06,148.99602620071948,118.78457036718451,18.82768668289534,2549.9961515942964,75.76606848827883,17.329753939028834,0,5.566892762211737,250,33825.08331895058,0.0
2837,234.065,149.0571250282841,118.35419729175408,18.760991636777614,2549.9961515942964,75.76596277923247,17.298272635664592,0,5.566916940614198,250,33825.230229716195,0.0
2838,234.07,149.1182451308884,117.92458240865729,18.69440923613912,2549.9961515942964,75.7658570701861,17.26678966252316,0,5.566941075298473,250,33825.37687484506,0.0
2839,234.075,149.17938649603585,117.49572595052635,18.627939523392094,2549.9961515942964,75.76575136113973,17.235305027522955,0,5.566965166262217,250,33825.52325432292,0.0
2840,234.07999999999998,149.24054911120916,117.0676281492337,18.56158254085445,2549.9961515942964,75.76564565209337,17.20381873858383,0,5.566989213503092,250,33825.66936813559,0.0
2841,234.085,149.30173296387022,116.64028923589191,18.495338330747124,2549.9961515942964,75.765539943047,17.17233080362706,0,5.567013217018773,250,33825.81521626893,0.0
2842,234.09,149.36293804146018,116.2137094408532,18.429206935196973,2549.9961515942964,75.76543423400064,17.140841230575344,0,5.567037176806949,250,33825.96079870889,0.0
2843,234.095,149.4241643313994,115.78788899370896,18.363188396234392,2549.9961515942964,75.76532852495427,17.109350027352807,0,5.567061092865314,250,33826.10611544148,0.0
2844,234.1,149.48541182108752,115.3628281232896,18.297282755795834,2549.9961515942964,75.7652228159079,17.07785720188496,0,5.5670849651915795,250,33826.25116645278,0.0
2845,234.105,149.54668049790345,114.93852705766386,18.23149005572059,2549.9961515942964,75.76511710686154,17.046362762098727,0,5.567108793783463,250,33826.395951728926,0.0
2846,234.10999999999999,149.60797034920537,114.51498602413871,18.16581033775389,2549.9961515942964,75.76501139781517,17.014866715922402,0,5.567132578638696,250,33826.54047125612,0.0
2847,234.115,149.66928136233074,114.09220524925861,18.10024364354379,2549.9961515942964,75.7649056887688,16.98336907128567,0,5.567156319755019,250,33826.684725020656,0.0
2848,234.12,149.73061352459627,113.67018495880555,18.034790014645154,2549.9961515942964,75.76479997972244,16.951869836119574,0,5.567180017130185,250,33826.828713008865,0.0
2849,234.125,149.79196682329814,113.24892537779816,17.96944949251556,2549.9961515942964,75.76469427067607,16.920369018356535,0,5.567203670761955,250,33826.972435207164,0.0
2850,234.13,149.85334124571162,112.82842673049191,17.90422211851742,2549.9961515942964,75.76458856162971,16.888866625930316,0,5.567227280648107,250,33827.11589160202,0.0
2851,234.135,149.91473677909147,112.40868924037821,17.839107933918356,2549.9961515942964,75.76448285258334,16.857362666776023,0,5.5672508467864255,250,33827.25908217999,0.0
2852,234.14,149.97615341067177,111.98971313018427,17.774106979890732,2549.9961515942964,75.76437714353698,16.825857148830103,0,5.567274369174706,250,33827.40200692768,0.0
2853,234.14499999999998,150.03759112766582,111.5714986218728,17.709219297509435,2549.9961515942964,75.76427143449061,16.79435008003033,0,5.567297847810757,250,33827.54466583177,0.0
2854,234.15,150.09904991726646,111.15404593664135,17.64444492775652,2549.9961515942964,75.76416572544424,16.762841468315784,0,5.567321282692394,250,33827.68705887898,0.0
2855,234.155,150.1605297666458,110.73735529492227,17.579783911516387,2549.9961515942964,75.76406001639788,16.731331321626875,0,5.56734467381745,250,33827.829186056166,0.0
2856,234.16,150.2220306629553,110.32142691638202,17.51523628957938,2549.9961515942964,75.76395430735151,16.699819647905297,0,5.567368021183765,250,33827.97104735018,0.0
2857,234.165,150.28355259332594,109.90626101992108,17.450802102639745,2549.9961515942964,75.76384859830515,16.668306455094047,0,5.567391324789189,250,33828.11264274796,0.0
2858,234.17,150.34509554486797,109.49185782367337,17.386481391296726,2549.9961515942964,75.76374288925878,16.636791751137395,0,5.567414584631585,250,33828.25397223654,0.0
2859,234.17499999999998,150.4066595046711,109.07821754500598,17.32227419605269,2549.9961515942964,75.76363718021241,16.6052755439809,0,5.567437800708827,250,33828.39503580298,0.0
2860,234.18,150.4682444598045,108.66534040051879,17.25818055731661,2549.9961515942964,75.76353147116605,16.57375784157137,0,5.5674609730188,250,33828.53583343445,0.0
2861,234.185,150.52985039731675,108.25322660604408,17.194200515400425,2549.9961515942964,75.76342576211968,16.542238651856888,0,5.5674841015594,250,33828.676365118146,0.0
2862,234.19,150.5914773042359,107.84187637664614,17.13033411052091,2549.9961515942964,75.76332005307331,16.510717982786772,0,5.567507186328532,250,33828.81663084135,0.0
2863,234.195,150.65312516756939,107.431289926621,17.066581382799995,2549.9961515942964,75.76321434402695,16.479195842311597,0,5.567530227324116,250,33828.95663059141,0.0
2864,234.2,150.71479397430417,107.0214674694961,17.002942372263778,2549.9961515942964,75.76310863498058,16.447672238383152,0,5.567553224544079,250,33829.096364355755,0.0
2865,234.20499999999998,150.77648371140674,106.61240921802965,16.93941711884283,2549.9961515942964,75.76300292593422,16.416147178954457,0,5.567576177986361,250,33829.235832121856,0.0
2866,234.21,150.83819436582294,106.20411538421062,16.876005662371995,2549.9961515942964,75.76289721688785,16.384620671979746,0,5.567599087648913,250,33829.37503387726,0.0
2867,234.215,150.89992592447828,105.7965861792582,16.812708042590824,2549.9961515942964,75.76279150784148,16.35309272541446,0,5.567621953529699,250,33829.51396960959,0.0
2868,234.22,150.96167837427768,105.38982181362144,16.74952429914466,2549.9961515942964,75.76268579879512,16.321563347215235,0,5.567644775626689,250,33829.65263930652,0.0
2869,234.225,151.0234517021056,104.983822496979,16.686454471581285,2549.9961515942964,75.76258008974875,16.290032545339898,0,5.567667553937867,250,33829.79104295581,0.0
2870,234.23,151.0852458948261,104.5785884382387,16.623498599355102,2549.9961515942964,75.76247438070239,16.25850032774745,0,5.567690288461231,250,33829.929180545274,0.0
2871,234.23499999999999,151.1470609392827,104.17411984553726,16.56065672182298,2549.9961515942964,75.76236867165602,16.226966702398062,0,5.567712979194783,250,33830.0670520628,0.0
2872,234.24,151.20889682229853,103.77041692623982,16.497928878248725,2549.9961515942964,75.76226296260965,16.19543167725308,0,5.567735626136543,250,33830.204657496324,0.0
2873,234.245,151.2707535306763,103.3674798869397,16.4353151077995,2549.9961515942964,75.76215725356329,16.163895260274987,0,5.56775822928454,250,33830.34199683389,0.0
2874,234.25,151.3326310511983,102.96530893345812,16.372815449546433,2549.9961515942964,75.76205154451692,16.132357459427425,0,5.567780788636811,250,33830.47907006357,0.0
2875,234.255,151.39452937062637,102.56390427084368,16.310429942466964,2549.9961515942964,75.76194583547056,16.100818282675164,0,5.567803304191408,250,33830.61587717351,0.0
2876,234.26,151.45644847570208,102.16326610337214,16.248158625442013,2549.9961515942964,75.76184012642419,16.069277737984095,0,5.56782577594639,250,33830.752418151955,0.0
2877,234.265,151.5183883531465,101.76339463454599,16.186001537257468,2549.9961515942964,75.76173441737782,16.03773583332124,0,5.567848203899831,250,33830.888692987166,0.0
2878,234.26999999999998,151.5803489896603,101.36429006709432,16.123958716603703,2549.9961515942964,75.76162870833146,16.006192576654726,0,5.567870588049814,250,33831.02470166751,0.0
2879,234.275,151.64233037192398,100.96595260297224,16.062030202076535,2549.9961515942964,75.76152299928509,15.974647975953776,0,5.567892928394436,250,33831.16044418142,0.0
2880,234.28,151.70433248659754,100.56838244336063,16.000216032175683,2549.9961515942964,75.76141729023873,15.943102039188712,0,5.5679152249318,250,33831.29592051737,0.0
2881,234.285,151.7663553203207,100.17157978866587,15.93851624530621,2549.9961515942964,75.76131158119236,15.911554774330938,0,5.567937477660022,250,33831.43113066392,0.0
2882,234.29,151.82839885971285,99.77554483851952,15.876930879776916,2549.9961515942964,75.761205872146,15.880006189352928,0,5.5679596865772325,250,33831.5660746097,0.0
2883,234.295,151.89046309137305,99.38027779177776,15.815459973802842,2549.9961515942964,75.76110016309963,15.848456292228224,0,5.5679818516815685,250,33831.70075234339,0.0
2884,234.29999999999998,151.9525480018802,98.98577884652144,15.754103565502623,2549.9961515942964,75.76099445405326,15.816905090931433,0,5.568003972971179,250,33831.83516385376,0.0
2885,234.305,152.01465357779267,98.59204820005544,15.692861692900207,2549.9961515942964,75.7608887450069,15.785352593438194,0,5.568026050444228,250,33831.96930912963,0.0
2886,234.31,152.07677980564875,98.19908604890853,15.631734393924667,2549.9961515942964,75.76078303596051,15.753798807725202,0,5.568048084098884,250,33832.1031881599,0.0
2887,234.315,152.1389266719665,97.80689258883291,15.570721706408852,2549.9961515942964,75.76067732691416,15.722243741770173,0,5.568070073933333,250,33832.23680093351,0.0
2888,234.32,152.2010941632436,97.41546801480403,15.50982366809195,2549.9961515942964,75.7605716178678,15.690687403551847,0,5.568092019945768,250,33832.37014743951,0.0
2889,234.325,152.2632822659575,97.0248125210202,15.449040316617314,2549.9961515942964,75.76046590882143,15.659129801049977,0,5.568113922134393,250,33832.50322766699,0.0
2890,234.32999999999998,152.32549096656564,96.6349263009022,15.388371689531981,2549.9961515942964,75.76036019977506,15.62757094224532,0,5.568135780497427,250,33832.6360416051,0.0
2891,234.335,152.38772025150496,96.2458095470931,15.327817824290726,2549.9961515942964,75.7602544907287,15.59601083511963,0,5.568157595033096,250,33832.76858924309,0.0
2892,234.34,152.4499701071924,95.85746245145796,15.26737875825092,2549.9961515942964,75.76014878168233,15.564449487655649,0,5.568179365739638,250,33832.90087057024,0.0
2893,234.345,152.51224052002468,95.46988520508336,15.207054528675506,2549.9961515942964,75.76004307263597,15.53288690783709,0,5.568201092615303,250,33833.03288557592,0.0
2894,234.35,152.57453147637833,95.08307799827719,15.146845172733661,2549.9961515942964,75.7599373635896,15.501323103648641,0,5.568222775658351,250,33833.164634249566,0.0
2895,234.355,152.6368429626097,94.69704102056835,15.086750727497334,2549.9961515942964,75.75983165454323,15.46975808307595,0,5.568244414867056,250,33833.29611658067,0.0
2896,234.35999999999999,152.69917496505505,94.31177446070643,15.026771229945673,2549.9961515942964,75.75972594549687,15.438191854105613,0,5.568266010239699,250,33833.42733255881,0.0
2897,234.365,152.7615274700305,93.92727850666144,14.966906716962153,2549.9961515942964,75.7596202364505,15.406624424725171,0,5.568287561774575,250,33833.5582821736,0.0
2898,234.37,152.82390046383205,93.54355334562345,14.907157225334462,2549.9961515942964,75.75951452740414,15.375055802923097,0,5.568309069469988,250,33833.68896541476,0.0
2899,234.375,152.88629393273553,93.16059916400229,14.847522791756893,2549.9961515942964,75.75940881835777,15.34348599668879,0,5.5683305333242545,250,33833.81938227205,0.0
2900,234.38,152.94870786299677,92.77841614742728,14.788003452828878,2549.9961515942964,75.7593031093114,15.311915014012563,0,5.568351953335702,250,33833.94953273531,0.0
2901,234.385,153.01114224085148,92.39700448074696,14.728599245053745,2549.9961515942964,75.75919740026504,15.280342862885638,0,5.568373329502669,250,33834.07941679443,0.0
2902,234.39,153.07359705251534,92.0163643480287,14.669310204841183,2549.9961515942964,75.75909169121867,15.248769551300134,0,5.568394661823504,250,33834.2090344394,0.0
2903,234.39499999999998,153.13607228418394,91.63649593255855,14.610136368505636,2549.9961515942964,75.7589859821723,15.217195087249058,0,5.568415950296568,250,33834.33838566025,0.0
2904,234.4,153.19856792203282,91.25739941684081,14.551077772267387,2549.9961515942964,75.75888027312594,15.185619478726302,0,5.568437194920233,250,33834.46747044709,0.0
2905,234.405,153.26108395221752,90.87907498259783,14.492134452251705,2549.9961515942964,75.75877456407957,15.154042733726623,0,5.568458395692881,250,33834.59628879008,0.0
2906,234.41,153.32362036087358,90.50152281076966,14.433306444489324,2549.9961515942964,75.7586688550332,15.122464860245646,0,5.5684795526129065,250,33834.724840679475,0.0
2907,234.415,153.38617713411654,90.12474308151381,14.374593784916142,2549.9961515942964,75.75856314598684,15.090885866279846,0,5.568500665678713,250,33834.853126105576,0.0
2908,234.42,153.4487542580419,89.74873597420499,14.31599650937462,2549.9961515942964,75.75845743694047,15.059305759826545,0,5.568521734888718,250,33834.98114505875,0.0
2909,234.42499999999998,153.5113517187253,89.37350166743465,14.257514653611441,2549.9961515942964,75.75835172789411,15.0277245488839,0,5.568542760241348,250,33835.108897529455,0.0
2910,234.43,153.5739695022223,88.99904033901105,14.199148253278858,2549.9961515942964,75.75824601884774,14.996142241450894,0,5.5685637417350415,250,33835.2363835082,0.0
2911,234.435,153.63660759456863,88.62535216595857,14.140897343936146,2549.9961515942964,75.75814030980138,14.964558845527328,0,5.568584679368248,250,33835.363602985555,0.0
2912,234.44,153.69926598178,88.25243732451774,14.082761961046783,2549.9961515942964,75.75803460075501,14.932974369113815,0,5.568605573139427,250,33835.490555952165,0.0
2913,234.445,153.7619446498522,87.88029599014473,14.024742139980024,2549.9961515942964,75.75792889170863,14.901388820211764,0,5.568626423047051,250,33835.61724239875,0.0
2914,234.45,153.82464358476122,87.50892833751142,13.966837916012015,2549.9961515942964,75.75782318266228,14.869802206823378,0,5.568647229089602,250,33835.74366231609,0.0
2915,234.45499999999998,153.88736277246306,87.13833454050469,13.90904932432286,2549.9961515942964,75.7577174736159,14.838214536951643,0,5.568667991265574,250,33835.86981569503,0.0
2916,234.46,153.95010219889392,86.76851477222644,13.851376400000344,2549.9961515942964,75.75761176456955,14.806625818600313,0,5.568688709573473,250,33835.99570252648,0.0
2917,234.465,154.01286184997005,86.39946920499324,13.793819178036575,2549.9961515942964,75.75750605552317,14.775036059773914,0,5.568709384011813,250,33836.12132280144,0.0
2918,234.47,154.07564171158793,86.03119801033614,13.73637769333086,2549.9961515942964,75.75740034647681,14.743445268477721,0,5.568730014579121,250,33836.24667651094,0.0
2919,234.475,154.1384417696242,85.66370135900026,13.679051980686834,2549.9961515942964,75.75729463743043,14.71185345271776,0,5.568750601273938,250,33836.37176364611,0.0
2920,234.48,154.20126200993568,85.29697942094464,13.621842074815953,2549.9961515942964,75.75718892838408,14.680260620500789,0,5.568771144094811,250,33836.49658419813,0.0
2921,234.48499999999999,154.2641024183593,84.93103236534185,13.564748010333913,2549.9961515942964,75.7570832193377,14.6486667798343,0,5.568791643040301,250,33836.62113815826,0.0
2922,234.49,154.32696298071235,84.56586036057797,13.507769821764336,2549.9961515942964,75.75697751029135,14.617071938726504,0,5.56881209810898,250,33836.74542551782,0.0
2923,234.495,154.38984368279222,84.20146357425206,13.450907543535314,2549.9961515942964,75.75687180124498,14.585476105186318,0,5.56883250929943,250,33836.869446268196,0.0
2924,234.5,154.45274451037662,83.8378421731761,13.394161209982583,2549.9961515942964,75.75676609219862,14.553879287223367,0,5.568852876610245,250,33836.99320040084,0.0
2925,234.505,154.51566544922343,83.4749963233746,13.337530855346337,2549.9961515942964,75.75666038315225,14.522281492847963,0,5.568873200040031,250,33837.11668790728,0.0
2926,234.51,154.5786064850709,83.11292619008448,13.281016513774883,2549.9961515942964,75.75655467410589,14.490682730071104,0,5.568893479587401,250,33837.2399087791,0.0
2927,234.515,154.64156760363753,82.75163193775468,13.224618219322027,2549.9961515942964,75.75644896505952,14.459083006904459,0,5.568913715250986,250,33837.36286300796,0.0
2928,234.51999999999998,154.70454879062203,82.391113730046,13.168336005948051,2549.9961515942964,75.75634325601315,14.42748233136037,0,5.568933907029423,250,33837.4855505856,0.0
2929,234.525,154.7675500317035,82.03137172983088,13.112169907519515,2549.9961515942964,75.75623754696679,14.39588071145183,0,5.56895405492136,250,33837.6079715038,0.0
2930,234.53,154.8305713125414,81.67240609919301,13.056119957809594,2549.9961515942964,75.75613183792042,14.364278155192482,0,5.5689741589254576,250,33837.730125754424,0.0
2931,234.535,154.89361261877542,81.3142169994273,13.000186190498482,2549.9961515942964,75.75602612887405,14.332674670596603,0,5.568994219040389,250,33837.85201332941,0.0
2932,234.54,154.9566739360257,80.9568045910394,12.944368639172776,2549.9961515942964,75.75592041982769,14.301070265679105,0,5.569014235264838,250,33837.97363422073,0.0
2933,234.545,155.0197552498928,80.60016903374567,12.888667337324888,2549.9961515942964,75.75581471078132,14.269464948455518,0,5.569034207597496,250,33838.09498842048,0.0
2934,234.54999999999998,155.08285654595747,80.24431048647281,12.833082318355581,2549.9961515942964,75.75570900173496,14.237858726941983,0,5.569054136037069,250,33838.216075920776,0.0
2935,234.555,155.14597780978107,79.88922910735769,12.777613615571015,2549.9961515942964,75.75560329268859,14.206251609155245,0,5.569074020582274,250,33838.33689671382,0.0
2936,234.56,155.2091190269052,79.53492505374709,12.722261262185267,2549.9961515942964,75.75549758364221,14.17464360311264,0,5.5690938612318375,250,33838.45745079188,0.0
2937,234.565,155.27228018285206,79.1813984821974,12.667025291318488,2549.9961515942964,75.75539187459586,14.143034716832089,0,5.569113657984499,250,33838.57773814729,0.0
2938,234.57,155.33546126312413,78.82864954847453,12.611905735998837,2549.9961515942964,75.75528616554948,14.11142495833209,0,5.569133410839006,250,33838.69775877244,0.0
2939,234.575,155.39866225320452,78.4766784075536,12.55690262916031,2549.9961515942964,75.75518045650313,14.079814335631703,0,5.569153119794121,250,33838.81751265982,0.0
2940,234.57999999999998,155.46188313855666,78.12548521361869,12.502016003644938,2549.9961515942964,75.75507474745675,14.048202856750551,0,5.569172784848616,250,33838.93699980196,0.0
2941,234.585,155.5251239046245,77.77507012006265,12.44724589220183,2549.9961515942964,75.7549690384104,14.0165905297088,0,5.569192406001274,250,33839.056220191465,0.0
2942,234.59,155.58838453683265,77.42543327948691,12.39259232748728,2549.9961515942964,75.75486332936401,13.984977362527156,0,5.569211983250887,250,33839.17517382101,0.0
2943,234.595,155.65166502058602,77.07657484370115,12.33805534206514,2549.9961515942964,75.75475762031766,13.953363363226856,0,5.569231516596262,250,33839.29386068333,0.0
2944,234.6,155.71496534127027,76.72849496372318,12.283634968405915,2549.9961515942964,75.75465191127128,13.921748539829657,0,5.5692510060362155,250,33839.412280771234,0.0
2945,234.605,155.77828548425143,76.38119378977868,12.229331238888692,2549.9961515942964,75.75454620222493,13.890132900357827,0,5.569270451569574,250,33839.5304340776,0.0
2946,234.60999999999999,155.84162543487616,76.03467147130101,12.175144185799532,2549.9961515942964,75.75444049317855,13.858516452834136,0,5.569289853195178,250,33839.64832059538,0.0
2947,234.615,155.90498517847175,75.68892815693097,12.121073841332109,2549.9961515942964,75.7543347841322,13.826899205281853,0,5.569309210911877,250,33839.76594031758,0.0
2948,234.62,155.9683647003461,75.3439639945166,12.067120237587632,2549.9961515942964,75.75422907508582,13.795281165724722,0,5.5693285247185305,250,33839.88329323727,0.0
2949,234.625,156.03176398578765,74.99977913111289,12.01328340657589,2549.9961515942964,75.75412336603947,13.763662342186969,0,5.569347794614012,250,33840.00037934761,0.0
2950,234.63,156.09518302006543,74.65637371298176,11.959563380213634,2549.9961515942964,75.75401765699308,13.732042742693281,0,5.569367020597205,250,33840.11719864181,0.0
2951,234.635,156.15862178842931,74.31374788559164,11.905960190326393,2549.9961515942964,75.75391194794673,13.700422375268808,0,5.569386202667002,250,33840.233751113155,0.0
2952,234.64,156.22208027610964,73.97190179361736,11.852473868646957,2549.9961515942964,75.75380623890035,13.668801247939143,0,5.5694053408223105,250,33840.350036754986,0.0
2953,234.64499999999998,156.28555846831756,73.63083558094003,11.799104446817255,2549.9961515942964,75.753700529854,13.637179368730319,0,5.5694244350620465,250,33840.46605556073,0.0
2954,234.65,156.34905635024478,73.29054939064667,11.745851956385906,2549.9961515942964,75.75359482080762,13.6055567456688,0,5.569443485385138,250,33840.58180752387,0.0
2955,234.655,156.41257390706386,72.95104336503013,11.692716428810995,2549.9961515942964,75.75348911176127,13.573933386781466,0,5.5694624917905236,250,33840.69729263796,0.0
2956,234.66,156.476111123928,72.61231764558877,11.639697895458609,2549.9961515942964,75.75338340271489,13.542309300095614,0,5.569481454277153,250,33840.81251089662,0.0
2957,234.665,156.53966798597116,72.2743723730265,11.586796387603602,2549.9961515942964,75.75327769366854,13.510684493638937,0,5.569500372843989,250,33840.92746229353,0.0
2958,234.67,156.60324447830808,71.93720768725227,11.534011936428756,2549.9961515942964,75.75317198462217,13.479058975439525,0,5.569519247490003,250,33841.04214682247,0.0
2959,234.67499999999998,156.66684058603428,71.60082372738015,11.481344573025877,2549.9961515942964,75.7530662755758,13.447432753525852,0,5.56953807821418,250,33841.156564477234,0.0
2960,234.68,156.730456294226,71.26522063172897,11.428794328395405,2549.9961515942964,75.75296056652944,13.415805835926763,0,5.569556865015512,250,33841.27071525174,0.0
2961,234.685,156.79409158794041,70.93039853782217,11.37636123344668,2549.9961515942964,75.75285485748307,13.38417823067147,0,5.569575607893007,250,33841.38459913993,0.0
2962,234.69,156.85774645221537,70.5963575823877,11.324045318997799,2549.9961515942964,75.7527491484367,13.352549945789542,0,5.569594306845683,250,33841.49821613584,0.0
2963,234.695,156.9214208720697,70.26309790135768,11.271846615776193,2549.9961515942964,75.75264343939033,13.320920989310894,0,5.569612961872565,250,33841.611566233565,0.0
2964,234.7,156.98511483250292,69.93061962986836,11.219765154417702,2549.9961515942964,75.75253773034397,13.289291369265777,0,5.569631572972694,250,33841.72464942727,0.0
2965,234.70499999999998,157.04882831849565,69.5989229022598,11.167800965467775,2549.9961515942964,75.7524320212976,13.257661093684774,0,5.5696501401451215,250,33841.83746571117,0.0
2966,234.71,157.1125613150092,69.26800785207585,11.115954079381474,2549.9961515942964,75.75232631225124,13.226030170598785,0,5.569668663388908,250,33841.95001507959,0.0
2967,234.715,157.1763138069859,68.93787461206385,11.064224526522631,2549.9961515942964,75.75222060320486,13.194398608039021,0,5.569687142703126,250,33842.06229752687,0.0
2968,234.72,157.24008577934893,68.60852331417446,11.0126123371648,2549.9961515942964,75.75211489415851,13.162766414036994,0,5.569705578086861,250,33842.174313047464,0.0
2969,234.725,157.30387721700245,68.27995408956157,10.961117541491214,2549.9961515942964,75.75200918511213,13.131133596624505,0,5.569723969539206,250,33842.28606163586,0.0
2970,234.73,157.36768810483161,67.95216706858199,10.909740169594754,2549.9961515942964,75.75190347606578,13.099500163833637,0,5.569742317059269,250,33842.397543286635,0.0
2971,234.73499999999999,157.43151842770249,67.62516238079544,10.85848025147781,2549.9961515942964,75.7517977670194,13.067866123696753,0,5.569760620646167,250,33842.50875799443,0.0
2972,234.74,157.49536817046214,67.29894015496427,10.807337817052979,2549.9961515942964,75.75169205797305,13.036231484246473,0,5.569778880299029,250,33842.61970575394,0.0
2973,234.745,157.55923731793865,66.97350051905327,10.756312896143086,2549.9961515942964,75.75158634892666,13.004596253515672,0,5.569797096016992,250,33842.73038655994,0.0
2974,234.75,157.62312585494115,66.64884360022965,10.705405518480106,2549.9961515942964,75.75148063988031,12.972960439537475,0,5.5698152677992105,250,33842.84080040728,0.0
2975,234.755,157.6870337662598,66.32496952486272,10.654615713707578,2549.9961515942964,75.75137493083393,12.941324050345239,0,5.569833395644845,250,33842.95094729086,0.0
2976,234.76,157.75096103666579,66.00187841852382,10.603943511378104,2549.9961515942964,75.75126922178758,12.909687093972547,0,5.569851479553068,250,33843.060827205656,0.0
2977,234.765,157.81490765091144,65.67957040598607,10.553388940955315,2549.9961515942964,75.7511635127412,12.878049578453204,0,5.569869519523065,250,33843.170440146714,0.0
2978,234.76999999999998,157.87887359373005,65.35804561122431,10.502952031813397,2549.9961515942964,75.75105780369485,12.846411511821218,0,5.569887515554032,250,33843.279786109146,0.0
2979,234.775,157.94285884983626,65.03730415741494,10.452632813237434,2549.9961515942964,75.75095209464847,12.814772902110803,0,5.569905467645174,250,33843.388865088134,0.0
2980,234.78,158.00686340392556,64.71734616693567,10.40243131442266,2549.9961515942964,75.75084638560212,12.783133757356355,0,5.5699233757957085,250,33843.497677078914,0.0
2981,234.785,158.0708872406748,64.39817176136545,10.352347564475336,2549.9961515942964,75.75074067655574,12.751494085592451,0,5.569941240004867,250,33843.606222076814,0.0
2982,234.79,158.13493034474186,64.0797810614843,10.302381592413523,2549.9961515942964,75.75063496750938,12.719853894853847,0,5.569959060271887,250,33843.714500077214,0.0
2983,234.795,158.1989927007659,63.76217418727311,10.252533427165359,2549.9961515942964,75.750529258463,12.688213193175452,0,5.569976836596021,250,33843.82251107557,0.0
2984,234.79999999999998,158.26307429336723,63.4453512579136,10.202803097570992,2549.9961515942964,75.75042354941665,12.656571988592331,0,5.569994568976533,250,33843.93025506739,0.0
2985,234.805,158.32717510714735,63.129312391788076,10.153190632381289,2549.9961515942964,75.75031784037027,12.62493028913969,0,5.570012257412695,250,33844.037732048266,0.0
2986,234.81,158.39129512668904,62.814057706479296,10.103696060259509,2549.9961515942964,75.7502121313239,12.593288102852874,0,5.570029901903791,250,33844.14494201385,0.0
2987,234.815,158.45543433655627,62.49958731877043,10.054319409779485,2549.9961515942964,75.75010642227754,12.561645437767348,0,5.570047502449118,250,33844.251884959864,0.0
2988,234.82,158.5195927212944,62.185901344644776,10.005060709427672,2549.9961515942964,75.75000071323117,12.53000230191869,0,5.570065059047982,250,33844.3585608821,0.0
2989,234.825,158.58377026543,61.87299989928571,9.955919987602167,2549.9961515942964,75.74989500418481,12.49835870334259,0,5.570082571699704,250,33844.46496977642,0.0
2990,234.82999999999998,158.64796695347087,61.56088309707649,9.906897272612653,2549.9961515942964,75.74978929513844,12.466714650074827,0,5.57010004040361,250,33844.57111163874,0.0
2991,234.835,158.7121827699063,61.24955105160023,9.85799259268179,2549.9961515942964,75.74968358609208,12.435070150151276,0,5.5701174651590435,250,33844.676986465056,0.0
2992,234.84,158.77641769920675,60.93900387563967,9.809205975943462,2549.9961515942964,75.74957787704571,12.403425211607882,0,5.570134845965355,250,33844.78259425144,0.0
2993,234.845,158.8406717258242,60.62924168117703,9.760537450445185,2549.9961515942964,75.74947216799936,12.371779842480661,0,5.570152182821907,250,33844.887934994,0.0
2994,234.85,158.90494483419187,60.32026457939401,9.711987044145959,2549.9961515942964,75.74936645895298,12.340134050805688,0,5.570169475728074,250,33844.99300868895,0.0
2995,234.855,158.96923700872446,60.012072680671466,9.663554784917837,2549.9961515942964,75.74926074990663,12.308487844619085,0,5.57018672468324,250,33845.097815332556,0.0
2996,234.85999999999999,159.0335482338181,59.70466609458945,9.615240700546362,2549.9961515942964,75.74915504086024,12.276841231957018,0,5.570203929686804,250,33845.20235492114,0.0
2997,234.865,159.09787849385026,59.39804492992703,9.567044818729055,2549.9961515942964,75.7490493318139,12.245194220855684,0,5.570221090738172,250,33845.3066274511,0.0
2998,234.87,159.16222777317995,59.092209294662176,9.518967167076948,2549.9961515942964,75.74894362276751,12.213546819351295,0,5.570238207836763,250,33845.410632918916,0.0
2999,234.875,159.22659605614757,58.787159295971634,9.471007773114687,2549.9961515942964,75.74883791372116,12.181899035480082,0,5.570255280982005,250,33845.514371321115,0.0
3000,234.88,159.2909833270751,58.482895040230765,9.423166664279803,2549.9961515942964,75.74873220467478,12.150250877278275,0,5.570272310173342,250,33845.6178426543,0.0
3001,234.885,159.35538957026597,58.17941663301351,9.375443867923563,2549.9961515942964,75.74862649562843,12.118602352782096,0,5.570289295410224,250,33845.72104691515,0.0
3002,234.89,159.41981477000516,57.876724179092214,9.327839411311293,2549.9961515942964,75.74852078658205,12.086953470027753,0,5.570306236692115,250,33845.82398410039,0.0
3003,234.89499999999998,159.4842589105591,57.574817782437556,9.280353321621682,2549.9961515942964,75.7484150775357,12.055304237051427,0,5.570323134018491,250,33845.92665420684,0.0
3004,234.9,159.54872197617593,57.273697546218415,9.232985625947594,2549.9961515942964,75.74830936848932,12.023654661889264,0,5.570339987388835,250,33846.02905723138,0.0
3005,234.905,159.61320395108532,56.97336357280172,9.185736351296136,2549.9961515942964,75.74820365944296,11.992004752577365,0,5.570356796802647,250,33846.13119317094,0.0
3006,234.91,159.6777048194985,56.67381596375246,9.138605524588698,2549.9961515942964,75.74809795039658,11.960354517151778,0,5.570373562259432,250,33846.23306202254,0.0
3007,234.915,159.74222456560832,56.37505481983346,9.09159317266144,2549.9961515942964,75.74799224135023,11.928703963648482,0,5.570390283758711,250,33846.334663783244,0.0
3008,234.92,159.80676317358933,56.077080241005326,9.044699322264625,2549.9961515942964,75.74788653230385,11.897053100103394,0,5.570406961300013,250,33846.435998450215,0.0
3009,234.92499999999998,159.87132062759767,55.779892326426335,8.997924000063811,2549.9961515942964,75.7477808232575,11.865401934552333,0,5.570423594882881,250,33846.53706602065,0.0
3010,234.93,159.9358969117712,55.48349117445235,8.951267232639408,2549.9961515942964,75.74767511421112,11.833750475031042,0,5.570440184506866,250,33846.63786649185,0.0
3011,234.935,160.00049201022946,55.18787688263677,8.90472904648677,2549.9961515942964,75.74756940516477,11.80209872957515,0,5.570456730171534,250,33846.73839986116,0.0
3012,234.94,160.0651059070737,54.893049547730286,8.858309468016733,2549.9961515942964,75.74746369611839,11.77044670622018,0,5.570473231876457,250,33846.83866612599,0.0
3013,234.945,160.1297385863869,54.599009265680934,8.812008523555791,2549.9961515942964,75.74735798707202,11.738794413001536,0,5.5704896896212235,250,33846.938665283815,0.0
3014,234.95,160.19439003223385,54.305756131633935,8.76582623934589,2549.9961515942964,75.74725227802566,11.707141857954486,0,5.57050610340543,250,33847.03839733221,0.0
3015,234.95499999999998,160.259060228661,54.01329023993162,8.719762641544602,2549.9961515942964,75.74714656897929,11.675489049114166,0,5.570522473228686,250,33847.13786226879,0.0
3016,234.96,160.32374915969675,53.72161168411335,8.673817756225962,2549.9961515942964,75.74704085993292,11.643835994515557,0,5.570538799090609,250,33847.23706009124,0.0
3017,234.965,160.38845680935117,53.430720556915404,8.627991609380016,2549.9961515942964,75.74693515088656,11.612182702193484,0,5.5705550809908315,250,33847.33599079731,0.0
3018,234.97,160.45318316161612,53.140616950270946,8.582284226912877,2549.9961515942964,75.74682944184019,11.580529180182603,0,5.5705713189289945,250,33847.434654384844,0.0
3019,234.975,160.51792820046555,52.85130095530986,8.536695634647755,2549.9961515942964,75.74672373279382,11.54887543651739,0,5.570587512904752,250,33847.53305085171,0.0
3020,234.98,160.58269190985507,52.562772662358725,8.491225858324205,2549.9961515942964,75.74661802374746,11.517221479232136,0,5.570603662917766,250,33847.63118019588,0.0
3021,234.98499999999999,160.64747427372222,52.27503216094076,8.445874923598915,2549.9961515942964,75.74651231470109,11.485567316360935,0,5.570619768967715,250,33847.72904241539,0.0
3022,234.99,160.71227527598654,51.988079539775704,8.400642856045481,2549.9961515942964,75.74640660565473,11.453912955937676,0,5.570635831054283,250,33847.82663750832,0.0
3023,234.995,160.77709490054937,51.70191488677972,8.355529681154994,2549.9961515942964,75.74630089660836,11.422258405996029,0,5.570651849177171,250,33847.92396547284,0.0
3024,235.0,160.8419331312941,51.41653828906539,8.31053542433579,2549.9961515942964,75.746195187562,11.390603674569439,0,5.570667823336083,250,33848.02102630718,0.0
3025,235.005,160.90678995208606,51.1319498329416,8.265660110914443,2549.9961515942964,75.74608947851563,11.358948769691116,0,5.570683753530743,250,33848.11782000964,0.0
3026,235.01,160.97166534677254,50.84814960391348,8.220903766134702,2549.9961515942964,75.74598376946926,11.327293699394025,0,5.570699639760881,250,33848.214346578585,0.0
3027,235.015,161.03655929918287,50.565137686682284,8.176266415159134,2549.9961515942964,75.7458780604229,11.295638471710877,0,5.57071548202624,250,33848.310606012456,0.0
3028,235.01999999999998,161.1014717931284,50.28291416514544,8.131748083067679,2549.9961515942964,75.74577235137654,11.263983094674119,0,5.570731280326572,250,33848.40659830975,0.0
3029,235.025,161.16640281240257,50.00147912239642,8.08734879485955,2549.9961515942964,75.74566664233016,11.232327576315923,0,5.570747034661643,250,33848.502323469045,0.0
3030,235.03,161.2313523407808,49.720832640724616,8.043068575452748,2549.9961515942964,75.74556093328381,11.200671924668178,0,5.570762745031228,250,33848.59778148896,0.0
3031,235.035,161.29632036202074,49.4409748016154,7.998907449683386,2549.9961515942964,75.74545522423743,11.169016147762484,0,5.570778411435115,250,33848.69297236822,0.0
3032,235.04,161.36130685986197,49.16190568574997,7.954865442307426,2549.9961515942964,75.74534951519108,11.137360253630131,0,5.570794033873101,250,33848.78789610559,0.0
3033,235.045,161.42631181802636,48.88362537300538,7.910942577999893,2549.9961515942964,75.7452438061447,11.105704250302102,0,5.570809612344997,250,33848.88255269991,0.0
3034,235.04999999999998,161.49133522021788,48.6061339424544,7.867138881355423,2549.9961515942964,75.74513809709835,11.074048145809057,0,5.570825146850621,250,33848.9769421501,0.0
3035,235.055,161.55637705012265,48.32943147236549,7.8234543768881,2549.9961515942964,75.74503238805197,11.042391948181322,0,5.570840637389806,250,33849.07106445512,0.0
3036,235.06,161.621437291409,48.05351804020278,7.779889089032695,2549.9961515942964,75.7449266790056,11.010735665448884,0,5.570856083962394,250,33849.16491961403,0.0
3037,235.065,161.68651592772744,47.77839372262602,7.736443042143399,2549.9961515942964,75.74482096995924,10.979079305641381,0,5.57087148656824,250,33849.25850762593,0.0
3038,235.07,161.75161294271084,47.50405859549048,7.693116260495427,2549.9961515942964,75.74471526091287,10.947422876788085,0,5.570886845207209,250,33849.35182849,0.0
3039,235.075,161.81672831997417,47.23051273384695,7.649908768284506,2549.9961515942964,75.7446095518665,10.915766386917902,0,5.570902159879177,250,33849.4448822055,0.0
3040,235.07999999999998,161.88186204311472,46.95775621194171,7.6068205896271,2549.9961515942964,75.74450384282014,10.884109844059356,0,5.57091743058403,250,33849.537668771736,0.0
3041,235.085,161.94701409571215,46.685789103216415,7.563851748560976,2549.9961515942964,75.74439813377377,10.852453256240581,0,5.570932657321668,250,33849.63018818809,0.0
3042,235.09,162.01218446132842,46.41461148030817,7.521002269045093,2549.9961515942964,75.7442924247274,10.820796631489314,0,5.570947840092002,250,33849.722440454025,0.0
3043,235.095,162.07737312350775,46.14422341504936,7.478272174960263,2549.9961515942964,75.74418671568104,10.789139977832876,0,5.570962978894949,250,33849.81442556905,0.0
3044,235.1,162.14258006577677,45.87462497846774,7.435661490108954,2549.9961515942964,75.74408100663467,10.757483303298176,0,5.570978073730444,250,33849.90614353276,0.0
3045,235.105,162.2078052716445,45.60581624078632,7.393170238215919,2549.9961515942964,75.7439752975883,10.725826615911693,0,5.570993124598431,250,33849.99759434479,0.0
3046,235.10999999999999,162.2730487246024,45.337797271423334,7.350798442927964,2549.9961515942964,75.74386958854194,10.694169923699464,0,5.57100813149886,250,33850.08877800489,0.0
3047,235.115,162.33831040812424,45.070568138992265,7.308546127814607,2549.9961515942964,75.74376387949557,10.66251323468708,0,5.571023094431701,250,33850.17969451283,0.0
3048,235.12,162.4035903056664,44.804128911301795,7.266413316368412,2549.9961515942964,75.74365817044921,10.630856556899673,0,5.571038013396927,250,33850.27034386847,0.0
3049,235.125,162.4688884006676,44.53847965535574,7.224400032004786,2549.9961515942964,75.74355246140284,10.59919989836191,0,5.5710528883945285,250,33850.36072607175,0.0
3050,235.13,162.53420467654905,44.27362043735307,7.1825062980623615,2549.9961515942964,75.74344675235648,10.567543267097975,0,5.571067719424503,250,33850.45084112264,0.0
3051,235.135,162.59953911671454,44.009551322687855,7.1407321378038375,2549.9961515942964,75.74334104331011,10.535886671131566,0,5.571082506486862,250,33850.540689021225,0.0
3052,235.14,162.66489170455034,43.746272375949296,7.099077574415362,2549.9961515942964,75.74323533426374,10.504230118485888,0,5.571097249581623,250,33850.63026976761,0.0
3053,235.14499999999998,162.7302624234254,43.48378366092163,7.057542631007613,2549.9961515942964,75.74312962521738,10.472573617183636,0,5.571111948708822,250,33850.719583362006,0.0
3054,235.15,162.79565125669097,43.22208524058419,7.016127330615244,2549.9961515942964,75.74302391617101,10.440917175246986,0,5.5711266038685014,250,33850.80862980468,0.0
3055,235.155,162.86105818768118,42.96117717711135,6.9748316961978425,2549.9961515942964,75.74291820712465,10.40926080069759,0,5.571141215060714,250,33850.897409095945,0.0
3056,235.16,162.9264831997127,42.7010595318725,6.933655750639994,2549.9961515942964,75.74281249807828,10.377604501556561,0,5.571155782285529,250,33850.98592123622,0.0
3057,235.165,162.9919262760847,42.44173236543206,6.892599516751472,2549.9961515942964,75.74270678903191,10.345948285844466,0,5.571170305543021,250,33851.07416622597,0.0
3058,235.17,163.05738740007925,42.18319573754947,6.85166301726751,2549.9961515942964,75.74260107998555,10.314292161581317,0,5.571184784833278,250,33851.16214406572,0.0
3059,235.17499999999998,163.12286655496092,41.92544970717916,6.81084627484924,2549.9961515942964,75.74249537093918,10.282636136786557,0,5.5711992201564,250,33851.24985475608,0.0
3060,235.18,163.18836372397706,41.668494332470615,6.770149312083692,2549.9961515942964,75.74238966189282,10.250980219479057,0,5.571213611512496,250,33851.337298297716,0.0
3061,235.185,163.2538788903577,41.41232967076823,6.7295721514844695,2549.9961515942964,75.74228395284645,10.219324417677099,0,5.571227958901688,250,33851.42447469136,0.0
3062,235.19,163.31941203731574,41.15695577861148,6.689114815491987,2549.9961515942964,75.74217824380008,10.187668739398367,0,5.57124226232411,250,33851.51138393784,0.0
3063,235.195,163.38496314804678,40.90237271173481,6.648777326473188,2549.9961515942964,75.74207253475372,10.156013192659941,0,5.571256521779904,250,33851.598026038,0.0
3064,235.2,163.45053220572916,40.64858052506763,6.60855970672281,2549.9961515942964,75.74196682570735,10.124357785478287,0,5.571270737269225,250,33851.6844009928,0.0
3065,235.20499999999998,163.51611919352413,40.39557927273441,6.568461978462862,2549.9961515942964,75.74186111666098,10.092702525869242,0,5.57128490879224,250,33851.770508803245,0.0
3066,235.21,163.58172409457575,40.14336900805457,6.528484163843188,2549.9961515942964,75.74175540761462,10.06104742184801,0,5.571299036349126,250,33851.856349470414,0.0
3067,235.215,163.64734689201094,39.89194978354263,6.4886262849419785,2549.9961515942964,75.74164969856825,10.029392481429145,0,5.57131311994007,250,33851.941922995444,0.0
3068,235.22,163.71298756893955,39.641321650908054,6.4488883637659455,2549.9961515942964,75.74154398952189,9.997737712626549,0,5.571327159565273,250,33852.02722937955,0.0
3069,235.225,163.77864610845427,39.39148466105543,6.409270422250598,2549.9961515942964,75.74143828047552,9.96608312345346,0,5.571341155224945,250,33852.11226862401,0.0
3070,235.23,163.84432249363078,39.14243886408433,6.369772482260698,2549.9961515942964,75.74133257142915,9.934428721922433,0,5.571355106919307,250,33852.19704073018,0.0
3071,235.23499999999999,163.91001670752772,38.894184309289415,6.330394565590279,2549.9961515942964,75.74122686238279,9.902774516045344,0,5.571369014648592,250,33852.28154569945,0.0
3072,235.24,163.9757287331866,38.646721045160476,6.291136693963452,2549.9961515942964,75.74112115333642,9.871120513833372,0,5.571382878413044,250,33852.36578353333,0.0
3073,235.245,164.04145855363217,38.400049119382345,6.251998889034135,2549.9961515942964,75.74101544429006,9.839466723296987,0,5.571396698212919,250,33852.449754233356,0.0
3074,235.25,164.10720615187188,38.154168578835055,6.212981172387077,2549.9961515942964,75.74090973524369,9.807813152445943,0,5.5714104740484816,250,33852.533457801146,0.0
3075,235.255,164.17297151089656,37.90907946959374,6.174083565537671,2549.9961515942964,75.74080402619732,9.776159809289275,0,5.57142420592001,250,33852.61689423839,0.0
3076,235.26,164.23875461367987,37.664781836928746,6.135306089932443,2549.9961515942964,75.74069831715096,9.744506701835276,0,5.571437893827793,250,33852.70006354683,0.0
3077,235.265,164.30455544317869,37.4212757253056,6.096648766949603,2549.9961515942964,75.74059260810459,9.71285383809149,0,5.57145153777213,250,33852.78296572829,0.0
3078,235.26999999999998,164.37037398233298,37.178561178385074,6.058111617899001,2549.9961515942964,75.74048689905823,9.681201226064715,0,5.57146513775333,250,33852.86560078467,0.0
3079,235.275,164.43621021406582,36.93663823902322,6.01969466402294,2549.9961515942964,75.74038119001186,9.649548873760974,0,5.5714786937717165,250,33852.94796871791,0.0
3080,235.28,164.50206412128352,36.69550694927138,5.981397926496247,2549.9961515942964,75.7402754809655,9.617896789185515,0,5.571492205827623,250,33853.03006953005,0.0
3081,235.285,164.56793568687556,36.45516735037621,5.943221426426533,2549.9961515942964,75.74016977191913,9.586244980342807,0,5.571505673921392,250,33853.11190322316,0.0
3082,235.29,164.63382489371455,36.2156194827798,5.905165184854859,2549.9961515942964,75.74006406287276,9.554593455236509,0,5.571519098053379,250,33853.19346979941,0.0
3083,235.295,164.69973172465643,35.97686338611957,5.867229222756172,2549.9961515942964,75.7399583538264,9.522942221869483,0,5.571532478223951,250,33853.27476926102,0.0
3084,235.29999999999998,164.7656561625404,35.73889909922844,5.829413561039058,2549.9961515942964,75.73985264478003,9.491291288243774,0,5.5715458144334855,250,33853.35580161029,0.0
3085,235.305,164.83159819018894,35.50172666013485,5.79171822054702,2549.9961515942964,75.73974693573366,9.459640662360597,0,5.571559106682369,250,33853.436566849574,0.0
3086,235.31,164.89755779040772,35.265346106062715,5.754143222058021,2549.9961515942964,75.7396412266873,9.427990352220327,0,5.571572354971004,250,33853.5170649813,0.0
3087,235.315,164.96353494598597,35.029757473431566,5.716688586285408,2549.9961515942964,75.73953551764093,9.396340365822498,0,5.571585559299799,250,33853.59729600797,0.0
3088,235.32,165.02952963969602,34.79496079785659,5.679354333878374,2549.9961515942964,75.73942980859456,9.364690711165785,0,5.571598719669178,250,33853.67725993215,0.0
3089,235.325,165.09554185429383,34.56095611414863,5.64214048542165,2549.9961515942964,75.7393240995482,9.333041396247989,0,5.571611836079572,250,33853.75695675646,0.0
3090,235.32999999999998,165.16157157251862,34.32774345631427,5.605047061436768,2549.9961515942964,75.73921839050183,9.30139242906604,0,5.571624908531425,250,33853.8363864836,0.0
3091,235.335,165.227618777093,34.09532285755591,5.568074082382123,2549.9961515942964,75.73911268145547,9.269743817615977,0,5.571637937025194,250,33853.91554911634,0.0
3092,235.34,165.29368345072317,33.86369435027178,5.531221568653147,2549.9961515942964,75.7390069724091,9.23809556989294,0,5.571650921561345,250,33853.99444465752,0.0
3093,235.345,165.3597655760987,33.63285796605601,5.494489540582976,2549.9961515942964,75.73890126336273,9.206447693891159,0,5.571663862140354,250,33854.07307311003,0.0
3094,235.35,165.42586513589276,33.40281373569871,5.457878018442989,2549.9961515942964,75.73879555431637,9.174800197603947,0,5.57167675876271,250,33854.15143447684,0.0
3095,235.355,165.49198211276192,33.173561689186016,5.421387022443032,2549.9961515942964,75.73868984527,9.143153089023686,0,5.571689611428913,250,33854.22952876098,0.0
3096,235.35999999999999,165.55811648934642,32.945101855700145,5.3850165727318045,2549.9961515942964,75.73858413622364,9.11150637614182,0,5.571702420139473,250,33854.30735596557,0.0
3097,235.365,165.62426824827006,32.71743426361949,5.348766689397581,2549.9961515942964,75.73847842717727,9.079860066948841,0,5.571715184894914,250,33854.38491609377,0.0
3098,235.37,165.69043737214014,32.490558940518675,5.312637392468308,2549.9961515942964,75.7383727181309,9.048214169434281,0,5.571727905695766,250,33854.46220914881,0.0
3099,235.375,165.75662384354771,32.26447591316859,5.276628701912378,2549.9961515942964,75.73826700908454,9.016568691586702,0,5.571740582542574,250,33854.53923513402,0.0
3100,235.38,165.82282764506743,32.03918520753653,5.240740637638833,2549.9961515942964,75.73816130003817,8.984923641393683,0,5.571753215435894,250,33854.61599405275,0.0
3101,235.385,165.88904875925763,31.814686848786224,5.204973219497881,2549.9961515942964,75.7380555909918,8.953279026841814,0,5.571765804376293,250,33854.69248590845,0.0
3102,235.39,165.95528716866036,31.590980861277895,5.169326467281579,2549.9961515942964,75.73794988194544,8.92163485591668,0,5.571778349364346,250,33854.76871070462,0.0
3103,235.39499999999998,166.02154285580133,31.368067268568385,5.133800400723898,2549.9961515942964,75.73784417289907,8.889991136602855,0,5.571790850400642,250,33854.84466844485,0.0
3104,235.4,166.08781580319015,31.145946093411197,5.098395039501559,2549.9961515942964,75.73773846385271,8.85834787688389,0,5.571803307485782,250,33854.92035913277,0.0
3105,235.405,166.15410599332006,30.924617357756613,5.063110403234538,2549.9961515942964,75.73763275480634,8.826705084742303,0,5.571815720620374,250,33854.995782772094,0.0
3106,235.41,166.22041340866812,30.704081082751742,5.027946511485951,2549.9961515942964,75.73752704575998,8.795062768159568,0,5.571828089805043,250,33855.070939366604,0.0
3107,235.415,166.28673803169536,30.484337288740612,4.9929033837635135,2549.9961515942964,75.73742133671361,8.763420935116104,0,5.571840415040419,250,33855.14582892013,0.0
3108,235.42,166.3530798448465,30.26538599526427,4.957981039519319,2549.9961515942964,75.73731562766724,8.731779593591266,0,5.571852696327147,250,33855.22045143661,0.0
3109,235.42499999999998,166.41943883055023,30.047227221060883,4.923179498150266,2549.9961515942964,75.73720991862088,8.700138751563335,0,5.571864933665882,250,33855.29480692,0.0
3110,235.43,166.48581497121916,29.829860984065792,4.888498778999404,2549.9961515942964,75.73710420957451,8.668498417009502,0,5.57187712705729,250,33855.368895374355,0.0
3111,235.435,166.55220824924973,29.613287301411617,4.853938901355453,2549.9961515942964,75.73699850052814,8.636858597905869,0,5.5718892765020485,250,33855.44271680379,0.0
3112,235.44,166.61861864702252,29.3975061894284,4.819499884454108,2549.9961515942964,75.73689279148178,8.605219302227423,0,5.571901382000845,250,33855.51627121249,0.0
3113,235.445,166.6850461469018,29.18251766364362,4.785181747477946,2549.9961515942964,75.73678708243541,8.573580537948038,0,5.571913443554379,250,33855.5895586047,0.0
3114,235.45,166.75149073123623,28.968321738782368,4.750984509557425,2549.9961515942964,75.73668137338905,8.541942313040456,0,5.571925461163362,250,33855.66257898473,0.0
3115,235.45499999999998,166.81795238235821,28.754918428767375,4.716908189771282,2549.9961515942964,75.73657566434268,8.510304635476288,0,5.571937434828514,250,33855.735332356984,0.0
3116,235.46,166.8844310825843,28.542307746719217,4.68295280714708,2549.9961515942964,75.73646995529631,8.47866751322599,0,5.571949364550567,250,33855.80781872589,0.0
3117,235.465,166.95092681421522,28.330489704956292,4.649118380661585,2549.9961515942964,75.73636424624995,8.447030954258855,0,5.571961250330265,250,33855.88003809597,0.0
3118,235.47,167.01743955953575,28.119464314995042,4.6154049292416754,2549.9961515942964,75.73625853720358,8.415394966543012,0,5.571973092168364,250,33855.951990471825,0.0
3119,235.475,167.08396930081474,27.90923158755,4.581812471764672,2549.9961515942964,75.73615282815722,8.383759558045407,0,5.571984890065629,250,33856.023675858094,0.0
3120,235.48,167.1505160203053,27.699791532533904,4.548341027058985,2549.9961515942964,75.73604711911085,8.35212473673179,0,5.571996644022836,250,33856.09509425949,0.0
3121,235.48499999999999,167.21707970024474,27.491144159057836,4.514990613904673,2549.9961515942964,75.73594141006448,8.320490510566714,0,5.572008354040775,250,33856.166245680826,0.0
3122,235.49,167.28366032285456,27.2832894754313,4.481761251034128,2549.9961515942964,75.73583570101812,8.288856887513512,0,5.572020020120242,250,33856.23713012693,0.0
3123,235.495,167.3502578703405,27.076227489162378,4.4486529571324676,2549.9961515942964,75.73572999197175,8.257223875534297,0,5.572031642262049,250,33856.30774760274,0.0
3124,235.5,167.41687232489267,26.86995820695783,4.415665750838495,2549.9961515942964,75.73562428292539,8.225591482589948,0,5.572043220467016,250,33856.37809811324,0.0
3125,235.505,167.4835036686853,26.664481634723217,4.382799650745027,2549.9961515942964,75.735518573879,8.193959716640096,0,5.5720547547359764,250,33856.44818166349,0.0
3126,235.51,167.55015188387713,26.45979777756301,4.350054675399481,2549.9961515942964,75.73541286483265,8.162328585643115,0,5.572066245069773,250,33856.5179982586,0.0
3127,235.515,167.61681695261123,26.25590663978075,4.317430843304716,2549.9961515942964,75.73530715578627,8.13069809755611,0,5.572077691469259,250,33856.58754790377,0.0
3128,235.51999999999998,167.68349885701494,26.052808224879126,4.284928172919588,2549.9961515942964,75.73520144673992,8.099068260334914,0,5.5720890939353005,250,33856.65683060425,0.0
3129,235.525,167.75019757920015,25.85050253556015,4.252546682659534,2549.9961515942964,75.73509573769354,8.067439081934063,0,5.572100452468773,250,33856.725846365385,0.0
3130,235.53,167.81691310126314,25.648989573725252,4.220286390897432,2549.9961515942964,75.73499002864719,8.035810570306799,0,5.572111767070566,250,33856.79459519255,0.0
3131,235.535,167.8836454052846,25.448269340475463,4.188147315963973,2549.9961515942964,75.73488431960082,8.004182733405047,0,5.5721230377415765,250,33856.863077091206,0.0
3132,235.54,167.95039447332985,25.24834183611147,4.156129476148403,2549.9961515942964,75.73477861055446,7.972555579179415,0,5.572134264482713,250,33856.93129206688,0.0
3133,235.545,168.01716028744858,25.049207060133813,4.124232889699581,2549.9961515942964,75.73467290150809,7.940929115579177,0,5.572145447294899,250,33856.99924012517,0.0
3134,235.54999999999998,168.08394282967515,24.85086501124303,4.0924575748260335,2549.9961515942964,75.73456719246172,7.90930335055226,0,5.572156586179062,250,33857.06692127173,0.0
3135,235.555,168.1507420820285,24.653315687339752,4.060803549697232,2549.9961515942964,75.73446148341536,7.877678292045242,0,5.572167681136149,250,33857.1343355123,0.0
3136,235.56,168.21755802651208,24.45655908552489,4.029270832443987,2549.9961515942964,75.73435577436899,7.846053948003327,0,5.57217873216711,250,33857.20148285266,0.0
3137,235.565,168.2843906451141,24.26059520209973,3.9978594411592305,2549.9961515942964,75.73425006532263,7.81443032637035,0,5.572189739272912,250,33857.268363298674,0.0
3138,235.57,168.35123991980728,24.065424032566142,3.9665693938986992,2549.9961515942964,75.73414435627626,7.782807435088751,0,5.572200702454531,250,33857.33497685627,0.0
3139,235.575,168.4181058325492,23.871045571626688,3.93540070868191,2549.9961515942964,75.7340386472299,7.751185282099574,0,5.572211621712952,250,33857.401323531456,0.0
3140,235.57999999999998,168.48498836528208,23.677459813184747,3.904353403492535,2549.9961515942964,75.73393293818353,7.7195638753424545,0,5.572222497049173,250,33857.46740333028,0.0
3141,235.585,168.55188749993292,23.48466675034475,3.873427496279479,2549.9961515942964,75.73382722913716,7.687943222755602,0,5.572233328464204,250,33857.53321625888,0.0
3142,235.59,168.61880321841343,23.292666375412267,3.842623004957383,2549.9961515942964,75.7337215200908,7.6563233322757975,0,5.572244115959064,250,33857.598762323454,0.0
3143,235.595,168.68573550262022,23.10145867989417,3.811939947407722,2549.9961515942964,75.73361581104443,7.624704211838376,0,5.572254859534785,250,33857.66404153026,0.0
3144,235.6,168.75268433443472,22.91104365449882,3.78137834147925,2549.9961515942964,75.73351010199806,7.593085869377216,0,5.572265559192409,250,33857.72905388563,0.0
3145,235.605,168.81964969572314,22.7214212891362,3.7509382049891125,2549.9961515942964,75.7334043929517,7.561468312824733,0,5.5722762149329865,250,33857.79379939597,0.0
3146,235.60999999999999,168.88663156833672,22.532591572918108,3.720619555723274,2549.9961515942964,75.73329868390533,7.529851550111862,0,5.572286826757585,250,33857.858278067746,0.0
3147,235.615,168.95362993411152,22.34455449415828,3.69042241143779,2549.9961515942964,75.73319297485897,7.4982355891680506,0,5.5722973946672765,250,33857.92248990747,0.0
3148,235.62,169.02064477486857,22.1573100403726,3.66034678985932,2549.9961515942964,75.7330872658126,7.466620437921247,0,5.5723079186631495,250,33857.98643492176,0.0
3149,235.625,169.08767607241396,21.97085819827924,3.6303927086861156,2549.9961515942964,75.73298155676623,7.435006104297884,0,5.572318398746299,250,33858.05011311728,0.0
3150,235.63,169.15472380853865,21.785198953798844,3.6005601855886606,2549.9961515942964,75.73287584771987,7.403392596222875,0,5.572328834917834,250,33858.11352450075,0.0
3151,235.635,169.22178796501882,21.600332292054674,3.5708492382109394,2549.9961515942964,75.7327701386735,7.371779921619598,0,5.572339227178873,250,33858.17666907899,0.0
3152,235.64,169.28886852361563,21.416258197372837,3.5412598841709446,2549.9961515942964,75.73266442962712,7.340168088409884,0,5.5723495755305485,250,33858.23954685885,0.0
3153,235.64499999999998,169.3559654660753,21.23297665328243,3.5117921410617456,2549.9961515942964,75.73255872058077,7.3085571045140085,0,5.572359879973998,250,33858.30215784726,0.0
3154,235.65,169.42307877412924,21.050487642515694,3.4824460264522865,2549.9961515942964,75.73245301153439,7.2769469778506775,0,5.572370140510377,250,33858.36450205124,0.0
3155,235.655,169.49020842949403,20.86879114700825,3.453221557888403,2549.9961515942964,75.73234730248804,7.245337716337016,0,5.572380357140845,250,33858.42657947784,0.0
3156,235.66,169.55735441387142,20.68788714789923,3.4241187528937163,2549.9961515942964,75.73224159344166,7.213729327888557,0,5.572390529866579,250,33858.488390134204,0.0
3157,235.665,169.6245167089484,20.5077756255315,3.395137628970564,2549.9961515942964,75.7321358843953,7.182121820419231,0,5.572400658688762,250,33858.54993402752,0.0
3158,235.67,169.69169529639717,20.328456559451833,3.3662782036009746,2549.9961515942964,75.73203017534892,7.150515201841352,0,5.572410743608593,250,33858.61121116507,0.0
3159,235.67499999999998,169.7588901578753,20.14992992841109,3.3375404942475946,2549.9961515942964,75.73192446630257,7.118909480065609,0,5.572420784627276,250,33858.67222155419,0.0
3160,235.68,169.82610127502556,19.972195710364428,3.3089245183547127,2549.9961515942964,75.73181875725619,7.087304663001051,0,5.572430781746031,250,33858.73296520227,0.0
3161,235.685,169.89332862947614,19.795253882471457,3.2804302933492537,2549.9961515942964,75.73171304820984,7.055700758555079,0,5.5724407349660865,250,33858.793442116774,0.0
3162,235.69,169.96057220284067,19.619104421096505,3.252057836641764,2549.9961515942964,75.73160733916346,7.02409777463343,0,5.572450644288682,250,33858.853652305246,0.0
3163,235.695,170.027831976718,19.443747301808738,3.2238071656273632,2549.9961515942964,75.73150163011711,6.992495719140167,0,5.572460509715069,250,33858.91359577529,0.0
3164,235.7,170.09510793269266,19.2691824993824,3.1956782976870755,2549.9961515942964,75.73139592107073,6.96089459997767,0,5.572470331246509,250,33858.97327253457,0.0
3165,235.70499999999998,170.1624000523344,19.09540998779701,3.1676712501884405,2549.9961515942964,75.73129021202438,6.92929442504662,0,5.572480108884277,250,33859.03268259083,0.0
3166,235.71,170.22970831719869,18.92242974023756,3.139786040487044,2549.9961515942964,75.73118450297801,6.897695202245988,0,5.572489842629655,250,33859.091825951844,0.0
3167,235.715,170.29703270882638,18.750241729094725,3.1120226859271956,2549.9961515942964,75.73107879393164,6.866096939473025,0,5.572499532483938,250,33859.150702625506,0.0
3168,235.72,170.36437320874393,18.578845925965073,3.0843812038433005,2549.9961515942964,75.73097308488528,6.834499644623251,0,5.572509178448433,250,33859.20931261975,0.0
3169,235.725,170.4317297984635,18.408242301651256,3.0568616115609237,2549.9961515942964,75.73086737583891,6.802903325590435,0,5.572518780524456,250,33859.26765594257,0.0
3170,235.73,170.49910245948269,18.238430826162244,3.0294639263978214,2549.9961515942964,75.73076166679255,6.771307990266597,0,5.572528338713337,250,33859.32573260204,0.0
3171,235.73499999999999,170.5664911732849,18.069411468713533,3.002188165665294,2549.9961515942964,75.73065595774618,6.739713646541981,0,5.572537853016412,250,33859.38354260628,0.0
3172,235.74,170.6338959213392,17.901184197727346,2.975034346669049,2549.9961515942964,75.73055024869981,6.708120302305053,0,5.572547323435032,250,33859.44108596352,0.0
3173,235.745,170.70131668510035,17.733748980832875,2.948002486710705,2549.9961515942964,75.73044453965345,6.676527965442485,0,5.572556749970557,250,33859.498362682,0.0
3174,235.75,170.76875344600887,17.567105784866477,2.921092603088806,2549.9961515942964,75.73033883060708,6.644936643839144,0,5.5725661326243605,250,33859.55537277007,0.0
3175,235.755,170.8362061854911,17.40125457587192,2.894304713100136,2549.9961515942964,75.7302331215607,6.613346345378079,0,5.5725754713978235,250,33859.61211623612,0.0
3176,235.76,170.9036748849592,17.236195319100577,2.8676388340408177,2549.9961515942964,75.73012741251435,6.581757077940509,0,5.572584766292341,250,33859.66859308864,0.0
3177,235.765,170.97115952581115,17.071927979011686,2.841094983207821,2549.9961515942964,75.73002170346797,6.55016884940581,0,5.572594017309316,250,33859.72480333614,0.0
3178,235.76999999999998,171.03866008943086,16.908452519272544,2.8146731779000267,2549.9961515942964,75.72991599442162,6.518581667651505,0,5.572603224450166,250,33859.780746987235,0.0
3179,235.775,171.10617655718815,16.74576890275877,2.7883734354195227,2549.9961515942964,75.72981028537524,6.486995540553248,0,5.572612387716317,250,33859.83642405059,0.0
3180,235.78,171.17370891043873,16.583877091554506,2.762195773073135,2549.9961515942964,75.72970457632888,6.455410475984815,0,5.572621507109206,250,33859.891834534945,0.0
3181,235.785,171.24125713052447,16.422777046952685,2.736140208173575,2549.9961515942964,75.7295988672825,6.423826481818089,0,5.572630582630281,250,33859.94697844909,0.0
3182,235.79,171.30882119877305,16.262468729455236,2.710206758040817,2549.9961515942964,75.72949315823615,6.39224356592305,0,5.572639614281002,250,33860.001855801886,0.0
3183,235.795,171.37640109649837,16.10295209877334,2.684395440003606,2549.9961515942964,75.72938744918977,6.360661736167762,0,5.572648602062838,250,33860.056466602284,0.0
3184,235.79999999999998,171.44399680500038,15.94422711382767,2.6587062714006815,2549.9961515942964,75.72928174014342,6.3290810004183555,0,5.572657545977272,250,33860.11081085928,0.0
3185,235.805,171.511608305565,15.786293732748629,2.6331392695823848,2549.9961515942964,75.72917603109704,6.297501366539022,0,5.572666446025795,250,33860.16488858193,0.0
3186,235.81,171.5792355794646,15.62915191287659,2.6076944519119567,2549.9961515942964,75.72907032205069,6.265922842391999,0,5.572675302209911,250,33860.21869977938,0.0
3187,235.815,171.64687860795746,15.472801610762172,2.582371835767138,2549.9961515942964,75.72896461300431,6.234345435837552,0,5.572684114531132,250,33860.27224446082,0.0
3188,235.82,171.71453737228828,15.317242782166431,2.5571714385415616,2549.9961515942964,75.72885890395796,6.202769154733971,0,5.572692882990985,250,33860.32552263552,0.0
3189,235.825,171.78221185368793,15.162475382061185,2.532093277646365,2549.9961515942964,75.72875319491158,6.17119400693755,0,5.5727016075910045,250,33860.378534312804,0.0
3190,235.82999999999998,171.84990203337358,15.008499364629197,2.5071373705115354,2549.9961515942964,75.72864748586522,6.139620000302577,0,5.572710288332739,250,33860.43127950208,0.0
3191,235.835,171.91760789254874,14.855314683264497,2.4823037345878816,2549.9961515942964,75.72854177681884,6.108047142681322,0,5.572718925217744,250,33860.48375821281,0.0
3192,235.84,171.98532941240336,14.702921290572576,2.4575923873481944,2549.9961515942964,75.72843606777249,6.076475441924022,0,5.57272751824759,250,33860.53597045452,0.0
3193,235.845,172.05306657411367,14.551319138370692,2.433003346289109,2549.9961515942964,75.72833035872611,6.04490490587887,0,5.572736067423856,250,33860.587916236815,0.0
3194,235.85,172.1208193588424,14.400508177688117,2.4085366289327372,2549.9961515942964,75.72822464967976,6.013335542392,0,5.572744572748131,250,33860.63959556935,0.0
3195,235.855,172.18858774773878,14.250488358766397,2.3841922528281962,2549.9961515942964,75.72811894063338,5.981767359307474,0,5.572753034222017,250,33860.691008461865,0.0
3196,235.85999999999999,172.25637172193845,14.101259631059618,2.3599702355536,2549.9961515942964,75.72801323158703,5.950200364467271,0,5.572761451847128,250,33860.74215492415,0.0
3197,235.865,172.3241712625637,13.95282194323468,2.3358705947174516,2549.9961515942964,75.72790752254065,5.9186345657112716,0,5.572769825625085,250,33860.79303496607,0.0
3198,235.87,172.39198635072339,13.805175243171568,2.3118933479606665,2549.9961515942964,75.7278018134943,5.887069970877243,0,5.572778155557522,250,33860.84364859755,0.0
3199,235.875,172.45981696751292,13.658319477963627,2.288038512958263,2549.9961515942964,75.72769610444792,5.855506587800832,0,5.572786441646085,250,33860.89399582858,0.0
3200,235.88,172.5276630940144,13.512254593917818,2.2643061074211626,2549.9961515942964,75.72759039540156,5.8239444243155445,0,5.572794683892429,250,33860.94407666922,0.0
3201,235.885,172.59552471129663,13.366980536555031,2.240696149098131,2549.9961515942964,75.7274846863552,5.792383488252734,0,5.5728028822982205,250,33860.99389112961,0.0
3202,235.89,172.66340180041516,13.222497250610319,2.2172086557775192,2549.9961515942964,75.72737897730882,5.760823787441594,0,5.572811036865139,250,33861.04343921994,0.0
3203,235.89499999999998,172.73129434241224,13.078804680033222,2.1938436452894092,2549.9961515942964,75.72727326826246,5.729265329709133,0,5.5728191475948705,250,33861.092720950466,0.0
3204,235.9,172.79920231831696,12.93590276798803,2.170601135507304,2549.9961515942964,75.72716755921608,5.697708122880171,0,5.572827214489116,250,33861.14173633151,0.0
3205,235.905,172.86712570914526,12.793791456854063,2.1474811443503383,2549.9961515942964,75.72706185016973,5.666152174777321,0,5.572835237549585,250,33861.19048537347,0.0
3206,235.91,172.9350644958999,12.65247068822597,2.1244836897851482,2549.9961515942964,75.72695614112335,5.634597493220976,0,5.572843216777998,250,33861.238968086785,0.0
3207,235.915,173.00301865957067,12.511940402914027,2.1016087898280476,2549.9961515942964,75.726850432077,5.6030440860292945,0,5.572851152176088,250,33861.287184482004,0.0
3208,235.92,173.0709881811342,12.372200540944405,2.0788564625469914,2549.9961515942964,75.72674472303062,5.5714919610181886,0,5.572859043745597,250,33861.3351345697,0.0
3209,235.925,173.13897304155415,12.233251041559486,2.056226726063834,2549.9961515942964,75.72663901398427,5.539941126001306,0,5.572866891488278,250,33861.382818360544,0.0
3210,235.93,173.20697322178123,12.09509184321815,2.0337195985564396,2549.9961515942964,75.72653330493789,5.508391588790022,0,5.572874695405898,250,33861.430235865235,0.0
3211,235.935,173.2749887027532,11.957722883596082,2.011335098260889,2549.9961515942964,75.72642759589154,5.476843357193418,0,5.572882455500231,250,33861.47738709458,0.0
3212,235.94,173.34301946539492,11.821144099586068,1.989073243473778,2549.9961515942964,75.72632188684516,5.445296439018273,0,5.572890171773062,250,33861.524272059425,0.0
3213,235.945,173.41106549061837,11.685355427298294,1.9669340525543777,2549.9961515942964,75.7262161777988,5.4137508420690486,0,5.57289784422619,250,33861.57089077069,0.0
3214,235.95,173.4791267593228,11.550356802060662,1.9449175439272304,2549.9961515942964,75.72611046875242,5.38220657414787,0,5.572905472861422,250,33861.61724323935,0.0
3215,235.95499999999998,173.54720325239467,11.416148158419091,1.9230237360841747,2549.9961515942964,75.72600475970607,5.350663643054515,0,5.5729130576805765,250,33861.66332947647,0.0
3216,235.96,173.61529495070758,11.28272943013783,1.9012526475871327,2549.9961515942964,75.72589905065969,5.319122056586404,0,5.572920598685483,250,33861.70914949316,0.0
3217,235.965,173.68340183512262,11.150100550199772,1.8796042970702012,2549.9961515942964,75.72579334161334,5.2875818225385744,0,5.572928095877983,250,33861.75470330061,0.0
3218,235.97,173.75152388648806,11.018261450806763,1.8580787032425674,2549.9961515942964,75.72568763256696,5.256042948703676,0,5.572935549259927,250,33861.799990910054,0.0
3219,235.975,173.8196610856397,10.88721206337994,1.836675884890694,2549.9961515942964,75.72558192352061,5.224505442871951,0,5.572942958833178,250,33861.84501233283,0.0
3220,235.98,173.88781341340064,10.75695231856001,1.815395860881268,2549.9961515942964,75.72547621447423,5.192969312831219,0,5.572950324599607,250,33861.889767580295,0.0
3221,235.98499999999999,173.95598085058154,10.627482146207615,1.794238650163516,2549.9961515942964,75.72537050542788,5.161434566366866,0,5.5729576465610995,250,33861.9342566639,0.0
3222,235.99,174.02416337798056,10.49880147540363,1.773204271772217,2549.9961515942964,75.7252647963815,5.129901211261824,0,5.5729649247195505,250,33861.97847959517,0.0
3223,235.995,174.09236097638333,10.370910234449498,1.7522927448303263,2549.9961515942964,75.72515908733514,5.09836925529656,0,5.572972159076865,250,33862.022436385676,0.0
3224,236.0,174.16057362656315,10.243808350867553,1.7315040885517652,2549.9961515942964,75.72505337828876,5.066838706249057,0,5.572979349634958,250,33862.06612704705,0.0
3225,236.005,174.22880130928098,10.117495751401366,1.7108383222444081,2549.9961515942964,75.7249476692424,5.035309571894806,0,5.572986496395756,250,33862.10955159101,0.0
3226,236.01,174.29704400528536,9.991972362016064,1.6902954653128957,2549.9961515942964,75.72484196019603,5.003781860006779,0,5.5729935993612,250,33862.15271002934,0.0
3227,236.015,174.36530169531264,9.867238107898666,1.6698755372616554,2549.9961515942964,75.72473625114966,4.972255578355423,0,5.573000658533236,250,33862.19560237387,0.0
3228,236.01999999999998,174.43357436008688,9.743292913458426,1.649578557698075,2549.9961515942964,75.7246305421033,4.940730734708641,0,5.573007673913825,250,33862.238228636495,0.0
3229,236.025,174.50186198032,9.620136702327175,1.629404546335409,2549.9961515942964,75.72452483305693,4.909207336831774,0,5.573014645504935,250,33862.280588829206,0.0
3230,236.03,174.57016453671167,9.49776939735966,1.6093535229960778,2549.9961515942964,75.72441912401057,4.877685392487593,0,5.573021573308551,250,33862.32268296403,0.0
3231,236.035,174.63848200994954,9.376190920633892,1.5894255076148949,2549.9961515942964,75.7243134149642,4.846164909436272,0,5.573028457326661,250,33862.36451105307,0.0
3232,236.04,174.70681438070923,9.255401193451496,1.5696205202423668,2549.9961515942964,75.72420770591783,4.814645895435379,0,5.573035297561268,250,33862.4060731085,0.0
3233,236.045,174.77516162965424,9.135400136338047,1.5499385810480004,2549.9961515942964,75.72410199687147,4.783128358239858,0,5.573042094014387,250,33862.447369142545,0.0
3234,236.05,174.84352373743613,9.016187669043436,1.5303797103239074,2549.9961515942964,75.7239962878251,4.751612305602014,0,5.573048846688043,250,33862.48839916751,0.0
3235,236.055,174.91190068469456,8.897763710542232,1.510943928488087,2549.9961515942964,75.72389057877874,4.720097745271494,0,5.573055555584269,250,33862.52916319576,0.0
3236,236.06,174.98029245205734,8.780128179034017,1.4916312560882505,2549.9961515942964,75.72378486973238,4.6885846849952735,0,5.573062220705111,250,33862.56966123972,0.0
3237,236.065,175.04869902014033,8.663280991943758,1.4724417138053034,2549.9961515942964,75.723679160686,4.6570731325176355,0,5.573068842052626,250,33862.60989331189,0.0
3238,236.07,175.1171203695477,8.547222065922176,1.4533753224572394,2549.9961515942964,75.72357345163965,4.625563095580159,0,5.573075419628881,250,33862.64985942483,0.0
3239,236.075,175.18555648087184,8.431951316846094,1.4344321030028506,2549.9961515942964,75.72346774259327,4.594054581921698,0,5.573081953435954,250,33862.68955959117,0.0
3240,236.07999999999998,175.25400733469343,8.317468659818816,1.415612076545672,2549.9961515942964,75.72336203354692,4.562547599278367,0,5.573088443475935,250,33862.7289938236,0.0
3241,236.085,175.3224729115815,8.203774009170504,1.396915264337999,2549.9961515942964,75.72325632450054,4.5310421553835205,0,5.573094889750921,250,33862.76816213487,0.0
3242,236.09,175.39095319209355,8.090867278458521,1.378341687784938,2549.9961515942964,75.72315061545419,4.499538257967739,0,5.573101292263025,250,33862.8070645378,0.0
3243,236.095,175.45944815677538,7.978748380467839,1.3598913684486083,2549.9961515942964,75.72304490640781,4.4680359147588105,0,5.573107651014365,250,33862.8457010453,0.0
3244,236.1,175.52795778616144,7.867417227211393,1.3415643280523462,2549.9961515942964,75.72293919736146,4.436535133481713,0,5.573113966007076,250,33862.8840716703,0.0
3245,236.105,175.59648206077458,7.7568737299304695,1.3233605884851343,2549.9961515942964,75.72283348831508,4.405035921858595,0,5.5731202372433,250,33862.922176425825,0.0
3246,236.10999999999999,175.66502096112634,7.647117799095094,1.3052801718060127,2549.9961515942964,75.72272777926872,4.373538287608761,0,5.5731264647251875,250,33862.96001532496,0.0
3247,236.115,175.73357446771683,7.5381493444044025,1.2873231002486836,2549.9961515942964,75.72262207022234,4.342042238448649,0,5.573132648454904,250,33862.99758838085,0.0
3248,236.12,175.80214256103494,7.429968274787035,1.2694893962260827,2549.9961515942964,75.72251636117599,4.310547782091816,0,5.573138788434626,250,33863.03489560672,0.0
3249,236.125,175.8707252215582,7.32257449840153,1.2517790823352752,2549.9961515942964,75.72241065212961,4.279054926248919,0,5.573144884666537,250,33863.07193701583,0.0
3250,236.13,175.93932242975293,7.215967922636714,1.2341921813622296,2549.9961515942964,75.72230494308326,4.247563678627694,0,5.573150937152834,250,33863.10871262155,0.0
3251,236.135,176.00793416607442,7.110148454112087,1.2167287162868783,2549.9961515942964,75.72219923403688,4.216074046932941,0,5.573156945895723,250,33863.14522243727,0.0
3252,236.14,176.0765604109667,7.005115998678233,1.1993887102881993,2549.9961515942964,75.72209352499051,4.1845860388665,0,5.573162910897422,250,33863.18146647647,0.0
3253,236.14499999999998,176.14520114486285,6.900870461417212,1.1821721867494512,2549.9961515942964,75.72198781594415,4.153099662127237,0,5.573168832160159,250,33863.21744475268,0.0
3254,236.15,176.21385634818486,6.797411746642972,1.1650791692635734,2549.9961515942964,75.72188210689778,4.121614924411023,0,5.573174709686174,250,33863.25315727951,0.0
3255,236.155,176.28252600134385,6.69473975790174,1.1481096816386342,2549.9961515942964,75.72177639785141,4.090131833410715,0,5.573180543477715,250,33863.288604070636,0.0
3256,236.16,176.35121008473996,6.592854397972449,1.1312637479034093,2549.9961515942964,75.72167068880505,4.058650396816133,0,5.573186333537045,250,33863.32378513979,0.0
3257,236.165,176.41990857876254,6.491755568867128,1.1145413923132843,2549.9961515942964,75.72156497975868,4.027170622314045,0,5.573192079866433,250,33863.35870050077,0.0
3258,236.17,176.48862146379017,6.391443171831333,1.0979426393560268,2549.9961515942964,75.72145927071232,3.995692517588144,0,5.573197782468161,250,33863.39335016744,0.0
3259,236.175,176.55734872019065,6.291917107344554,1.0814675137578642,2549.9961515942964,75.72135356166595,3.9642160903190278,0,5.573203441344521,250,33863.42773415372,0.0
3260,236.18,176.62609032832108,6.193177275120634,1.0651160404897322,2549.9961515942964,75.72124785261958,3.93274134818418,0,5.573209056497818,250,33863.46185247362,0.0
3261,236.185,176.694846268528,6.095223574108198,1.048888244773555,2549.9961515942964,75.72114214357322,3.9012682988579503,0,5.573214627930365,250,33863.4957051412,0.0
3262,236.19,176.7636165211474,5.9980559024910685,1.0327841520888512,2549.9961515942964,75.72103643452685,3.8697969500115295,0,5.573220155644485,250,33863.52929217056,0.0
3263,236.195,176.83240106650462,5.901674157688702,1.0164529609323283,2549.9961515942964,75.72093072548049,3.838327314776723,0,5.573225639642515,250,33863.562613575916,0.0
3264,236.2,176.90119987296822,5.8060782528863095,0.999988354806488,2549.9961515942964,75.72082501643412,3.806859387339299,0,5.573231079926802,250,33863.59566937152,0.0
3265,236.20499999999998,176.9700129503128,5.711268043125275,0.9836590699521779,2549.9961515942964,75.72071930738775,3.775393187498416,0,5.57323647649969,250,33863.62845957161,0.0
3266,236.21,177.03884025229388,5.617243460248825,0.9674650946306694,2549.9961515942964,75.72061359834139,3.743928741731359,0,5.573241829363577,250,33863.66098419076,0.0
3267,236.215,177.10768171800885,5.5240044538495905,0.9514064201602365,2549.9961515942964,75.72050788929502,3.7124660572615125,0,5.573247138520824,250,33863.69324324333,0.0
3268,236.22,177.17653732863693,5.431550914561752,0.9354830277046623,2549.9961515942964,75.72040218024866,3.6810051413107616,0,5.573252403973803,250,33863.72523674372,0.0
3269,236.225,177.24540706534438,5.339882732305935,0.9196948983048344,2549.9961515942964,75.72029647120229,3.6495460010973018,0,5.573257625724943,250,33863.75696470668,0.0
3270,236.23,177.3142909092891,5.248999796283208,0.9040420128777095,2549.9961515942964,75.72019076215592,3.6180886438376967,0,5.573262803776686,250,33863.78842714706,0.0
3271,236.23499999999999,177.38318884161632,5.158901994981495,0.888524352217419,2549.9961515942964,75.72008505310957,3.5866330767468724,0,5.573267938131484,250,33863.819624079755,0.0
3272,236.24,177.45210084345834,5.069589216175875,0.87314189699532,2549.9961515942964,75.71997934406319,3.555179307038111,0,5.573273028791797,250,33863.85055551971,0.0
3273,236.245,177.521026895935,4.981061346928862,0.8578946277600429,2549.9961515942964,75.71987363501684,3.5237273419230424,0,5.573278075760098,250,33863.88122148196,0.0
3274,236.25,177.58996698015318,4.893318273590691,0.8427825249375425,2549.9961515942964,75.71976792597046,3.4922771886116415,0,5.573283079038867,250,33863.91162198157,0.0
3275,236.255,177.65892107720717,4.8063598817996125,0.8278055688311463,2549.9961515942964,75.71966221692409,3.4608288543122177,0,5.5732880386305945,250,33863.941757033674,0.0
3276,236.26,177.72788916817868,4.720186056482176,0.8129637396216061,2549.9961515942964,75.71955650787773,3.4293823462314097,0,5.573292954537784,250,33863.97162665347,0.0
3277,236.265,177.79687123413666,4.63479668185353,0.7982570173671467,2549.9961515942964,75.71945079883136,3.3979376715741805,0,5.573297826762946,250,33864.00123085623,0.0
3278,236.26999999999998,177.86586725613748,4.550191641417704,0.7836853820035172,2549.9961515942964,75.719345089785,3.366494837543808,0,5.573302655308602,250,33864.03056965726,0.0
3279,236.275,177.934877215225,4.466370817967913,0.7692488133440418,2549.9961515942964,75.71923938073863,3.335053851341881,0,5.573307440177284,250,33864.05964307195,0.0
3280,236.28,178.00390109243028,4.38333409358685,0.7549472910796698,2549.9961515942964,75.71913367169226,3.3036147201682913,0,5.573312181371532,250,33864.08845111574,0.0
3281,236.285,178.07293886877207,4.301081349646982,0.7407807947790287,2549.9961515942964,75.7190279626459,3.2721774512212285,0,5.573316878893898,250,33864.116993804135,0.0
3282,236.29,178.14199052525646,4.21961246681085,0.7267493038884731,2549.9961515942964,75.71892225359953,3.2407420516971714,0,5.573321532746943,250,33864.145271152694,0.0
3283,236.295,178.21105604287703,4.138927325031365,0.7128527977321385,2549.9961515942964,75.71881654455316,3.209308528790883,0,5.573326142933241,250,33864.17328317704,0.0
3284,236.3,178.28013540261495,4.059025803552115,0.6990912555119918,2549.9961515942964,75.7187108355068,3.1778768896954044,0,5.5733307094553695,250,33864.201029892865,0.0
3285,236.305,178.34922858543874,3.9799077809076624,0.6854646563078839,2549.9961515942964,75.71860512646043,3.1464471416020463,0,5.573335232315922,250,33864.22851131591,0.0
3286,236.31,178.41833557230473,3.901573134923852,0.6719729790776023,2549.9961515942964,75.71849941741407,3.1150192917003845,0,5.573339711517501,250,33864.25572746198,0.0
3287,236.315,178.48745634415658,3.824021742718114,0.6586162026569234,2549.9961515942964,75.7183937083677,3.0835933471782515,0,5.573344147062715,250,33864.28267834695,0.0
3288,236.32,178.55659088192573,3.747253480699767,0.6453943057596644,2549.9961515942964,75.71828799932133,3.0521693152217333,0,5.573348538954187,250,33864.30936398674,0.0
3289,236.325,178.62573916653113,3.671268224570335,0.6323072669777384,2549.9961515942964,75.71818229027497,3.020747203015159,0,5.573352887194551,250,33864.335784397335,0.0
3290,236.32999999999998,178.6949011788794,3.596065849323848,0.6193550647812057,2549.9961515942964,75.7180765812286,2.989327017741097,0,5.573357191786443,250,33864.3619395948,0.0
3291,236.335,178.76407689986485,3.5216462292471578,0.6065376775183285,2549.9961515942964,75.71797087218224,2.957908766580346,0,5.573361452732518,250,33864.38782959522,0.0
3292,236.34,178.83326631036942,3.4480092379202465,0.5938550834156239,2549.9961515942964,75.71786516313587,2.9264924567119315,0,5.573365670035437,250,33864.4134544148,0.0
3293,236.345,178.90246939126277,3.3751547482165414,0.5813072605779179,2549.9961515942964,75.7177594540895,2.895078095313097,0,5.57336984369787,250,33864.43881406974,0.0
3294,236.35,178.97168612340238,3.303082632303228,0.5688941869884003,2549.9961515942964,75.71765374504314,2.863665689559299,0,5.5733739737225,250,33864.46390857635,0.0
3295,236.355,179.0409164876333,3.2317927616415707,0.5566158405086781,2549.9961515942964,75.71754803599677,2.8322552466242,0,5.5733780601120175,250,33864.488737950975,0.0
3296,236.35999999999999,179.11016046478855,3.1612850069872227,0.5444721988788309,2549.9961515942964,75.7174423269504,2.8008467736796616,0,5.573382102869123,250,33864.51330221003,0.0
3297,236.365,179.17941803568877,3.0915592383905537,0.5324632397174658,2549.9961515942964,75.71733661790404,2.7694402778957383,0,5.573386101996529,250,33864.537601369986,0.0
3298,236.37,179.2486891811425,3.0226153251969587,0.5205889405217718,2549.9961515942964,75.71723090885767,2.7380357664406705,0,5.573390057496955,250,33864.56163544738,0.0
3299,236.375,179.31797388194616,2.9544531360471877,0.5088492786675757,2549.9961515942964,75.7171251998113,2.70663324648088,0,5.573393969373133,250,33864.585404458805,0.0
3300,236.38,179.3872721188839,2.8870725388776672,0.4972442314093972,2549.9961515942964,75.71701949076494,2.6752327251809613,0,5.573397837627804,250,33864.608908420916,0.0
3301,236.385,179.45658387272792,2.8204734009208217,0.48577377588050563,2549.9961515942964,75.71691378171857,2.6438342097036767,0,5.57340166226372,250,33864.63214735043,0.0
3302,236.39,179.52590912423815,2.7546555887053983,0.47443788909297496,2549.9961515942964,75.71680807267221,2.612437707209947,0,5.57340544328364,250,33864.65512126411,0.0
3303,236.39499999999998,179.5952478541626,2.689618968056796,0.4632365479377401,2549.9961515942964,75.71670236362584,2.5810432248588504,0,5.573409180690337,250,33864.67783017882,0.0
3304,236.4,179.66460004323707,2.6253634040973948,0.4521697291846545,2549.9961515942964,75.71659665457948,2.549650769807611,0,5.573412874486591,250,33864.70027411144,0.0
3305,236.405,179.73396567218552,2.561888761246879,0.4412374094825453,2549.9961515942964,75.71649094553311,2.5182603492115945,0,5.573416524675193,250,33864.72245307893,0.0
3306,236.41,179.8033447217197,2.499194903222573,0.43043956535927125,2549.9961515942964,75.71638523648674,2.4868719702243016,0,5.573420131258943,250,33864.744367098305,0.0
3307,236.415,179.8727371725395,2.4372816930397714,0.4197761732217798,2549.9961515942964,75.71627952744038,2.4554856399973612,0,5.573423694240652,250,33864.766016186644,0.0
3308,236.42,179.94214300533284,2.376148993012072,0.40924720935616404,2549.9961515942964,75.71617381839401,2.424101365680525,0,5.573427213623141,250,33864.787400361085,0.0
3309,236.425,180.01156220077564,2.3157966647517108,0.3988526499277206,2549.9961515942964,75.71606810934765,2.3927191544216586,0,5.573430689409241,250,33864.80851963883,0.0
3310,236.43,180.08099473953197,2.2562245691698983,0.38859247098100774,2549.9961515942964,75.71596240030128,2.361339013366739,0,5.573434121601792,250,33864.82937403714,0.0
3311,236.435,180.15044060225392,2.197432566477154,0.3784666484399028,2549.9961515942964,75.71585669125491,2.329960949659845,0,5.573437510203645,250,33864.84996357333,0.0
3312,236.44,180.21989976958184,2.13942051618365,0.36847515810766096,2549.9961515942964,75.71575098220855,2.298584970443151,0,5.57344085521766,250,33864.87028826479,0.0
3313,236.445,180.28937222214407,2.0821882770995446,0.3586179756669739,2549.9961515942964,75.71564527316218,2.2672110828569223,0,5.573444156646707,250,33864.890348128945,0.0
3314,236.45,180.3588579405572,2.0257357073353273,0.34889507668002784,2549.9961515942964,75.71553956411582,2.2358392940395078,0,5.573447414493667,250,33864.910143183304,0.0
3315,236.45499999999998,180.428356905426,1.9700626643021606,0.3393064365885631,2549.9961515942964,75.71543385506945,2.204469611127332,0,5.573450628761429,250,33864.92967344543,0.0
3316,236.46,180.4978690973435,1.9151690047122243,0.32985203071393343,2549.9961515942964,75.71532814602308,2.1731020412548925,0,5.573453799452894,250,33864.94893893294,0.0
3317,236.465,180.5673944968909,1.8610545845790571,0.3205318342571647,2549.9961515942964,75.71522243697672,2.141736591554749,0,5.573456926570972,250,33864.96793966352,0.0
3318,236.47,180.63693308463766,1.8077192592179079,0.3113458222990154,2549.9961515942964,75.71511672793035,2.110373269157521,0,5.573460010118582,250,33864.98667565491,0.0
3319,236.475,180.70648484114156,1.75516288324608,0.30229396980003587,2549.9961515942964,75.71501101888398,2.0790120811918786,0,5.573463050098655,250,33865.0051469249,0.0
3320,236.48,180.7760497469487,1.703385310583281,0.2933762516006288,2549.9961515942964,75.71490530983762,2.047653034784536,0,5.57346604651413,250,33865.02335349137,0.0
3321,236.48499999999999,180.84562778259348,1.6523863944519723,0.28459264242110927,2549.9961515942964,75.71479960079125,2.016296137060249,0,5.573468999367957,250,33865.04129537223,0.0
3322,236.49,180.91521892859856,1.602165987377724,0.27594311686176554,2549.9961515942964,75.71469389174489,1.9849413951418022,0,5.5734719086630955,250,33865.05897258548,0.0
3323,236.495,180.98482316547515,1.5527239411895621,0.26742764940291963,2549.9961515942964,75.71458818269852,1.9535888161500097,0,5.573474774402515,250,33865.07638514914,0.0
3324,236.5,181.05444047372276,1.5040601070203279,0.2590462144049885,2549.9961515942964,75.71448247365215,1.9222384072037029,0,5.5734775965891945,250,33865.09353308133,0.0
3325,236.505,181.12407083382928,1.4561743353070304,0.25079878610854506,2549.9961515942964,75.71437676460579,1.8908901754197274,0,5.573480375226123,250,33865.1104164002,0.0
3326,236.51,181.1937142262711,1.4090664757912048,0.2426853386343799,2549.9961515942964,75.71427105555942,1.8595441279129357,0,5.5734831103163005,250,33865.12703512399,0.0
3327,236.515,181.26337063151306,1.362736377519269,0.2347058459835626,2549.9961515942964,75.71416534651306,1.8282002717961803,0,5.573485801862735,250,33865.143389270954,0.0
3328,236.51999999999998,181.33304003000842,1.3171838888428826,0.22686028203750386,2549.9961515942964,75.71405963746669,1.796858614180309,0,5.573488449868447,250,33865.15947885947,0.0
3329,236.525,181.4027224021991,1.2724088574193113,0.2191486205580177,2549.9961515942964,75.71395392842032,1.7655191621741562,0,5.573491054336463,250,33865.17530390791,0.0
3330,236.53,181.47241772851538,1.2284111302117842,0.21157083518738343,2549.9961515942964,75.71384821937396,1.7341819228845388,0,5.573493615269824,250,33865.19086443476,0.0
3331,236.535,181.54212598937622,1.1851905534898604,0.20412689944840867,2549.9961515942964,75.71374251032759,1.7028469034162481,0,5.573496132671576,250,33865.20616045853,0.0
3332,236.54,181.61184716518903,1.1427469728297903,0.1968167867444918,2549.9961515942964,75.71363680128123,1.6715141108720453,0,5.5734986065447805,250,33865.221191997814,0.0
3333,236.545,181.68158123634998,1.101080233114885,0.18964047035968504,2549.9961515942964,75.71353109223486,1.6401835523526527,0,5.5735010368925035,250,33865.23595907125,0.0
3334,236.55,181.75132818324371,1.0601901785358816,0.18259792345875786,2549.9961515942964,75.7134253831885,1.6088552349567498,0,5.573503423717823,250,33865.25046169754,0.0
3335,236.555,181.82108798624358,1.0200766525913103,0.17568911908726006,2549.9961515942964,75.71331967414213,1.5775291657809654,0,5.573505767023829,250,33865.26469989545,0.0
3336,236.56,181.89086062571164,0.980739498087867,0.16891403017158588,2549.9961515942964,75.71321396509576,1.5462053519198724,0,5.573508066813618,250,33865.2786736838,0.0
3337,236.565,181.96064608199853,0.942178557140782,0.1622726295190376,2549.9961515942964,75.7131082560494,1.51488380046598,0,5.573510323090298,250,33865.292383081476,0.0
3338,236.57,182.03044433544375,0.9043936711741928,0.15576488981788955,2549.9961515942964,75.71300254700303,1.483564518509729,0,5.573512535856986,250,33865.30582810741,0.0
3339,236.575,182.10025536637534,0.8673846809215181,0.14939078363745292,2549.9961515942964,75.71289683795666,1.4522475131394847,0,5.573514705116811,250,33865.31900878062,0.0
3340,236.57999999999998,182.1700791551103,0.8311514264258331,0.14315028342813987,2549.9961515942964,75.7127911289103,1.4209327914415304,0,5.573516830872908,250,33865.33192512016,0.0
3341,236.585,182.2399156819543,0.7956937470402434,0.13704336152152846,2549.9961515942964,75.71268541986393,1.3896203605000617,0,5.573518913128425,250,33865.34457714516,0.0
3342,236.59,182.30976492720183,0.7610114814282648,0.13106999013042755,2549.9961515942964,75.71257971081756,1.3583102273971788,0,5.57352095188652,250,33865.356964874794,0.0
3343,236.595,182.37962687113617,0.7271044675642004,0.12523014134894223,2549.9961515942964,75.7124740017712,1.327002399212883,0,5.57352294715036,250,33865.369088328305,0.0
3344,236.6,182.4495014940295,0.6939725427335218,0.11952378715253913,2549.9961515942964,75.71236829272483,1.295696883025067,0,5.57352489892312,250,33865.380947524995,0.0
3345,236.605,182.51938877614293,0.6616155435332488,0.11395089939811198,2549.9961515942964,75.71226258367847,1.2643936859095115,0,5.573526807207988,250,33865.39254248424,0.0
3346,236.60999999999999,182.58928869772635,0.6300333058723331,0.10851144982404765,2549.9961515942964,75.7121568746321,1.233092814939877,0,5.573528672008159,250,33865.403873225434,0.0
3347,236.615,182.6592012390186,0.5992256649720413,0.10320541005029214,2549.9961515942964,75.71205116558573,1.2017942771876984,0,5.573530493326841,250,33865.414939768074,0.0
3348,236.62,182.72912638024752,0.5691924553663409,0.09803275157841691,2549.9961515942964,75.71194545653937,1.1704980797223787,0,5.573532271167249,250,33865.42574213171,0.0
3349,236.625,182.79906410162988,0.539933510902285,0.09299344579168548,2549.9961515942964,75.711839747493,1.1392042296111826,0,5.573534005532609,250,33865.43628033593,0.0
3350,236.63,182.8690143833714,0.5114486647404016,0.08808746395512004,2549.9961515942964,75.71173403844664,1.1079127339192296,0,5.5735356964261555,250,33865.4465544004,0.0
3351,236.635,182.93897720566684,0.48373774935508074,0.08331477721556856,2549.9961515942964,75.71162832940027,1.076623599709489,0,5.573537343851136,250,33865.45656434483,0.0
3352,236.64,183.00895254870005,0.4568005965349661,0.07867535660177186,2549.9961515942964,75.7115226203539,1.0453368340427729,0,5.573538947810804,250,33865.46631018901,0.0
3353,236.64499999999998,183.0789403926438,0.4306370373833452,0.07416917302443109,2549.9961515942964,75.71141691130754,1.0140524439777299,0,5.573540508308426,250,33865.47579195278,0.0
3354,236.65,183.14894071766014,0.4052469023185429,0.06979619727627538,2549.9961515942964,75.71131120226117,0.9827704365708387,0,5.573542025347277,250,33865.48500965603,0.0
3355,236.655,183.21895350390002,0.38063002107431454,0.06555640003212952,2549.9961515942964,75.7112054932148,0.9514908188764027,0,5.573543498930641,250,33865.49396331873,0.0
3356,236.66,183.28897873150362,0.35678622270024163,0.06144975184898219,2549.9961515942964,75.71109978416844,0.9202135979465429,0,5.573544929061812,250,33865.50265296089,0.0
3357,236.665,183.35901638060025,0.3337153355621277,0.05747622316605411,2549.9961515942964,75.71099407512207,0.8889387808311917,0,5.573546315744096,250,33865.51107860258,0.0
3358,236.67,183.42906643130848,0.31141718734239643,0.0536357843048666,2549.9961515942964,75.71088836607571,0.8576663745780875,0,5.5735476589808055,250,33865.51924026395,0.0
3359,236.675,183.49912886373593,0.2898916050404903,0.04992840546931024,2549.9961515942964,75.71078265702934,0.8263963862327675,0,5.573548958775265,250,33865.5271379652,0.0
3360,236.68,183.56920365797953,0.26913841497327085,0.046354056745713815,2549.9961515942964,75.71067694798298,0.7951288228385618,0,5.573550215130809,250,33865.534771726576,0.0
3361,236.685,183.63929079412543,0.2491574427754199,0.04291270810291342,2549.9961515942964,75.71057123893661,0.7638636914365875,0,5.57355142805078,250,33865.54214156839,0.0
3362,236.69,183.70939025224902,0.2299485133998424,0.03960432939232186,2549.9961515942964,75.71046552989024,0.732600999065742,0,5.573552597538531,250,33865.54924751102,0.0
3363,236.695,183.77950201241504,0.21151145111807043,0.036428890347998164,2549.9961515942964,75.71035982084388,0.7013407527626975,0,5.573553723597426,250,33865.556089574915,0.0
3364,236.7,183.84962605467751,0.1938460795206681,0.033386360586717394,2549.9961515942964,75.7102541117975,0.6700829595618937,0,5.573554806230839,250,33865.56266778056,0.0
3365,236.70499999999998,183.9197623590798,0.17695222151763798,0.03047670960804064,2549.9961515942964,75.71014840275114,0.6388276264955324,0,5.573555845442151,250,33865.56898214851,0.0
3366,236.71,183.9899109056546,0.16082969933882896,0.027699906794385203,2549.9961515942964,75.71004269370476,0.6075747605935713,0,5.573556841234755,250,33865.575032699366,0.0
3367,236.715,184.06007167442402,0.14547833453434492,0.025055921411095052,2549.9961515942964,75.70993698465841,0.5763243688837174,0,5.573557793612052,250,33865.58081945381,0.0
3368,236.72,184.13024464539959,0.13089794797495502,0.022544722606511452,2549.9961515942964,75.70983127561203,0.5450764583914213,0,5.573558702577455,250,33865.58634243257,0.0
3369,236.725,184.20042979858223,0.117088359852505,0.020166279412043814,2549.9961515942964,75.70972556656568,0.5138310361398704,0,5.573559568134386,250,33865.591601656444,0.0
3370,236.73,184.27062711396232,0.10404938968032984,0.017920560742240754,2549.9961515942964,75.7096198575193,0.4825881091499831,0,5.573560390286276,250,33865.59659714627,0.0
3371,236.73499999999999,184.34083657151976,0.09178085629366749,0.015807535394861374,2549.9961515942964,75.70951414847295,0.45134768444040296,0,5.573561169036567,250,33865.601328922974,0.0
3372,236.74,184.41105815122393,0.08028257785007421,0.01382717205094678,2549.9961515942964,75.70940843942657,0.42010976902749175,0,5.5735619043887095,250,33865.60579700752,0.0
3373,236.745,184.48129183303368,0.06955437182984062,0.011979439274891736,2549.9961515942964,75.70930273038022,0.3888743699253238,0,5.5735625963461635,250,33865.61000142092,0.0
3374,236.75,184.55153759689753,0.05959605503640945,0.010264305514516623,2549.9961515942964,75.70919702133385,0.35764149414567975,0,5.573563244912401,250,33865.613942184274,0.0
3375,236.755,184.62179542275345,0.050407443596794235,0.008681739101139552,2549.9961515942964,75.70909131228748,0.32641114869804033,0,5.573563850090901,250,33865.617619318735,0.0
3376,236.76,184.69206529052903,0.041988352961999424,0.007231708249648715,2549.9961515942964,75.70898560324112,0.2951833405895801,0,5.573564411885154,250,33865.62103284549,0.0
3377,236.765,184.76234718014152,0.034338597907441516,0.005914181058574916,2549.9961515942964,75.70887989419475,0.26395807682516176,0,5.573564930298659,250,33865.62418278582,0.0
3378,236.76999999999998,184.83264107149785,0.02745799253337172,0.004729125510164368,2549.9961515942964,75.70877418514839,0.23273536440732936,0,5.573565405334927,250,33865.62706916104,0.0
3379,236.775,184.90294694449446,0.021346350265299446,0.00367650947045164,2549.9961515942964,75.70866847610202,0.20151521033630257,0,5.573565836997477,250,33865.629691992544,0.0
3380,236.78,184.97326477901765,0.016003483854417414,0.00275630068933286,2549.9961515942964,75.70856276705565,0.17029762160997047,0,5.573566225289836,250,33865.63205130176,0.0
3381,236.785,185.0435945549433,0.01142920537802774,0.0019684668006391096,2549.9961515942964,75.70845705800929,0.13908260522388538,0,5.573566570215545,250,33865.634147110206,0.0
3382,236.79,185.1139362521372,0.007623326239969328,0.001312975322210031,2549.9961515942964,75.70835134896292,0.10787016817125675,0,5.573566871778151,250,33865.63597943942,0.0
3383,236.795,185.18428985045466,0.00458565717104646,0.0007897936559676464,2549.9961515942964,75.70824563991656,0.07666031744294498,0,5.573567129981213,250,33865.637548311046,0.0
3384,236.8,185.254655329741,0.0023160082294586353,0.0003988890879903849,2549.9961515942964,75.70813993087019,0.04545306002745539,0,5.573567344828298,250,33865.63885374675,0.0
3385,236.805,185.32503266983122,0.0008141888012315992,0.00014022878858732394,2549.9961515942964,75.70803422182382,0.014248402910932049,0,5.573567516322984,250,33865.63989576827,0.0
3386,236.81,185.39542185055015,8.000760064959939e-05,1.377981237263459e-05,2549.9961515942964,75.70792851277746,-0.016953646922848307,0,5.573567644468858,250,33865.6406743974,0.0
3387,236.815,185.46582285171257,0.00011327267068885757,1.950909834023998e-05,2549.9961515942964,75.70782280373109,-0.0481530824924824,0,5.573567729269518,250,33865.641189656,0.0
