,Time [s],Thrust [lb],Lift [lb],Drag [lb],Weight [lb],Percent [%],Velocity [knots],Altitude [ft],Range [nmi],RPM [rev/min],Pitch [deg],AOA [deg]
0,715.12,802.5401402956653,3098.688852563926,56.04598374358472,2538.0754831041045,95.86086241038656,66.0546730981306,-0.12262428167342196,15.74571486711311,2700,0.0,5.0
1,715.13,802.5401402956653,3098.688852563926,56.04598374358472,2538.0754831041045,95.86086241038656,66.11051022705193,-0.12262428167342196,15.74589835231616,2700,0.00821584166526371,5.0
2,715.14,802.1152353492453,3103.929814633351,56.132904618301225,2538.0752146039604,95.86076918103018,66.16624888315069,-0.12262428167342196,15.746082070171083,2700,0.01652290056399476,5.0
3,715.15,801.6905050810913,3109.1659287507314,56.21715042945331,2538.074946045535,95.86067595167378,66.22211879904755,-0.12238427975453776,15.746265477707926,2700,0.02470828115882851,5.0
4,715.16,801.2641971579375,3114.4188309232504,56.305093051517325,2538.074677564612,95.86058272231807,66.27792315225473,-0.12246342717600071,15.746449040750676,2700,0.03295465505025418,5.0
5,715.17,800.8378134577567,3119.6699803612946,56.39130062472146,2538.0744090455037,95.86048949296213,66.33366172642592,-0.12238532535854152,15.746632758208944,2700,0.04126155066549126,5.0
6,715.18,800.4113576840178,3124.919340348276,56.475688150459504,2538.0741404864275,95.8603962636064,66.38933461424999,-0.1221426414497508,15.746816630944675,2700,0.04962926298169994,5.0
7,715.19,799.9848311490114,3130.166904417001,56.55831485032518,2538.07387188869,95.86030303425133,66.44494172767088,-0.12174074104164108,15.747000658772565,2700,0.05805767591737305,5.0
8,715.2,799.5582365616654,3135.4126484664166,56.63917279877759,2538.073603251937,95.86020980489737,66.50048300200892,-0.12117815493573252,15.747184841505627,2700,0.06654667302833155,5.0
9,715.21,799.1315764523779,3140.6565505954036,56.718261419271286,2538.073334575816,95.86011657554494,66.55595836104656,-0.12045343768186255,15.747369178957522,2700,0.07509613846245057,5.0
10,715.22,798.7048534406355,3145.898587807907,56.79558727671287,2538.0730658599746,95.8600233461945,66.61136773004665,-0.11956512820834098,15.747553670941496,2700,0.0837059565273722,5.0
11,715.23,798.2780701352244,3151.138737241548,56.87116454145088,2538.072797104059,95.85993011684648,66.66671103514162,-0.118511765195812,15.747738317270551,2700,0.0923760117554456,5.0
12,715.24,797.8512291388602,3156.37697611045,56.945015271878304,2538.072528307715,95.85983688750133,66.72198820283047,-0.11729188711974213,15.74792311775738,2700,0.10110618887685616,5.0
13,715.25,797.4243330520227,3161.6132816579666,57.017169703305896,2538.0722594705912,95.85974365815953,66.7771991594168,-0.11590403224645496,15.748108072214368,2700,0.10989637282052454,5.0
14,715.26,796.9973844772722,3166.847631103618,57.08766654208519,2538.0719905923315,95.8596504288215,66.83234383042551,-0.11434673864692103,15.748293180453595,2700,0.11874644871421138,5.0
15,715.27,796.5703860237765,3172.0800015876903,57.15655326644936,2538.0717216725834,95.85955719948774,66.88742213999873,-0.11261854420737491,15.74847844228684,2700,0.12765630188412708,5.0
16,715.28,796.1433403120209,3177.310370113637,57.2238864324852,2538.071452710992,95.85946397015869,66.94243401026989,-0.1107179866409395,15.748663857525576,2700,0.1366258178539513,5.0
17,715.29,795.7162499787379,3182.5387134880834,57.28973198658277,2538.0711837072063,95.85937074083482,66.99737936071602,-0.10864360349920894,15.748849425980971,2700,0.14565488234323784,5.0
18,715.3,795.2891176820348,3187.7650082584855,57.3541655830507,2538.0709146608706,95.85927751151664,67.0522581074875,-0.1063939321838209,15.749035147463887,2700,0.15474338126518838,5.0
19,715.3100000000001,794.8619461067432,3192.989230648338,57.41727290796132,2538.070645571629,95.8591842822046,67.1070701627149,-0.10396750995803605,15.749221021784868,2700,0.16389120072377283,5.0
20,715.32,794.434737969976,3198.2113564898777,57.479150008161284,2538.0703764391305,95.85909105289917,67.16181543379267,-0.1013628739583467,15.749407048754135,2700,0.1730982270101761,5.0
21,715.33,794.0074960269247,3203.4313611542984,57.539903625389734,2538.0701072630204,95.85899782360087,67.21649382263902,-0.09857856120613738,15.749593228181585,2700,0.18236434659855139,5.0
22,715.34,793.580223076868,3208.649219479311,57.59965153625375,2538.0698380429453,95.85890459431016,67.27110522493176,-0.09561310861942149,15.749779559876766,2700,0.1916894461410557,5.0
23,715.35,793.1529219694205,3213.864905694104,57.658522895781104,2538.069568778552,95.85881136502758,67.32564952931972,-0.09246505302467926,15.749966043648877,2700,0.20107341246214988,5.0
24,715.36,792.7255956110232,3219.0783933416155,57.71665858670694,2538.0692994694846,95.85871813575358,67.38012661660913,-0.08913293116882326,15.750152679306744,2700,0.210516132552137,5.0
25,715.37,792.298246971662,3224.2896551980584,57.77421157173774,2538.0690301153904,95.85862490648867,67.43453635892502,-0.08561527973131916,15.750339466658811,2700,0.2200174935599192,5.0
26,715.38,791.8708790918481,3229.4986631896522,57.8313472499777,2538.0687607159152,95.85853167723339,67.48887861884698,-0.08191063533649032,15.750526405513117,2700,0.22957738278494913,5.0
27,715.39,791.4434950898363,3234.7053883065714,57.88824381652545,2538.0684912707056,95.85843844798822,67.5431532485191,-0.07801753456603644,15.750713495677271,2700,0.2391956876683532,5.0
28,715.4,791.0160981691035,3239.9098005140017,57.94509262385207,2538.0682217794083,95.85834521875367,67.59736008873386,-0.0739345139717974,15.750900736958437,2700,0.2488722957832026,5.0
29,715.41,790.5886916260808,3245.111868660274,58.00209854590987,2538.0679522416667,95.8582519895303,67.65149896798962,-0.069660110088795,15.751088129163296,2700,0.25860709482390865,5.0
30,715.42,790.1612788581517,3250.3115603821143,58.05948034263373,2538.0676826571294,95.85815876031857,67.70556970152172,-0.06519285944858645,15.751275672098034,2700,0.2683999725947197,5.0
31,715.43,789.733863371908,3255.5088420068832,58.11747102498584,2538.0674130254424,95.85806553111908,67.7595720903068,-0.06053129859296503,15.751463365568297,2700,0.2782508169972925,5.0
32,715.44,789.3064487916774,3260.703678451849,58.17631821933748,2538.06714334625,95.85797230193229,67.81350592004051,-0.055673964088044356,15.75165120937916,2700,0.288159516017317,5.0
33,715.45,788.8790388683205,3265.896033120431,58.23628453024551,2538.066873619201,95.85787907275879,67.86737096008834,-0.05061939253876469,15.7518392033351,2700,0.2981259577101673,5.0
34,715.46,788.4516374882913,3271.0858677954166,58.2976478999454,2538.0666038439394,95.85778584359909,67.9211669624099,-0.045366120603860395,15.752027347239949,2700,0.30815003018555676,5.0
35,715.47,788.0242486829809,3276.2731425291704,58.360701964820045,2538.066334020113,95.85769261445373,67.97489366045629,-0.03991268501132975,15.75221564089685,2700,0.31823162159116963,5.0
36,715.48,787.5968766383241,3281.4578155307568,58.4257564057662,2538.0660641473683,95.85759938532328,68.0285507680414,-0.03425762257444949,15.752404084108218,2700,0.32837062009524726,5.0
37,715.49,787.1695257046846,3286.6398430500853,58.493137292177366,2538.065794225349,95.85750615620826,68.08213797818681,-0.028399470208377808,15.752592676675695,2700,0.33856691386810334,5.0
38,715.5,786.7422004070098,3291.8191792589914,58.56318741780022,2538.0655242537046,95.85741292710924,68.1356549619409,-0.02233676494739138,15.752781418400092,2700,0.348820391062543,5.0
39,715.51,786.3149054552588,3296.995776129367,58.636266626195635,2538.065254232079,95.8573196980268,68.18910136717295,-0.016068043962803136,15.752970309081345,2700,0.35913093979316363,5.0
40,715.52,785.8876457550944,3302.1695833083104,58.712752125438975,2538.064984160121,95.85722646896147,68.24247681734208,-0.009591844581609223,15.753159348518441,2700,0.3694984481145111,5.0
41,715.53,785.460426418843,3307.3405479903754,58.793038788010115,2538.0647140374735,95.85713323991384,68.29578091024258,-0.0029067043059149214,15.753348536509382,2700,0.3799228039980706,5.0
42,715.54,785.0332527767173,3312.5086147869697,58.87753943598002,2538.0644438637883,95.85704001088446,68.34901321672575,0.003988839166808973,15.753537872851101,2700,0.39040389530806713,5.0
43,715.55,784.6061303882876,3317.6737255929584,58.96668510810284,2538.064173638709,95.85694678187392,68.40217327939975,0.01109624792258665,15.753727357339407,2700,0.40094160977605475,5.0
44,715.5600000000001,784.1790650542084,3322.835819450601,59.06092530651774,2538.063903361881,95.8568535528828,68.45526061130823,0.01841698380886017,15.753916989768912,2700,0.41153583497427265,5.0
45,715.57,783.7520628281816,3327.99483241087,59.16072822103085,2538.063633032953,95.85676032391164,68.50827469458922,0.025952508411419134,15.754106769932953,2700,0.42218645828774676,5.0
46,715.58,783.3251300291524,3333.150697392303,59.26658092833737,2538.0633626515705,95.8566670949611,68.56121497911556,0.033704283030279836,15.754296697623522,2700,0.43289336688511904,5.0
47,715.59,782.8982732537252,3338.3033440375098,59.37898956313685,2538.0630922173827,95.85657386603172,68.61408088111878,0.041673768654455386,15.754486772631184,2700,0.4436564476881839,5.0
48,715.6,782.4714993887885,3343.4526985674784,59.498479458370966,2538.062821730035,95.85648063712412,68.66687178179788,0.049862425935556856,15.754676994744985,2700,0.4544755873401165,5.0
49,715.61,782.044815624333,3348.598683633893,59.625595251973905,2538.0625511891753,95.85638740823887,68.71958702591532,0.05827171516016434,15.754867363752375,2700,0.4653506721723756,5.0
50,715.62,781.6182294664479,3353.741218169589,59.76090095629701,2538.062280594449,95.8562941793766,68.77222592038224,0.06690309622090532,15.755057879439102,2700,0.47628158817026833,5.0
51,715.63,781.1917487504784,3358.880217237433,59.904979987711606,2538.062009945506,95.85620095053791,68.82478773283556,0.07575802858617686,15.755248541589133,2700,0.4872682209371634,5.0
52,715.64,780.7653816543242,3364.01559187779,60.05843515223769,2538.0617392419913,95.8561077217234,68.87727169020944,0.08483797126844696,15.755439349984538,2700,0.49831045565734433,5.0
53,715.65,780.3391367118562,3369.1472489549274,60.22188858459333,2538.061468483555,95.8560144929337,68.92967697730406,0.09414438279106935,15.7556303044054,2700,0.5094081770574924,5.0
54,715.66,779.9130228264287,3374.2750910025597,60.395981636121924,2538.061197669842,95.85592126416941,68.98200273535507,0.10367872115354514,15.755821404629696,2700,0.5205612693667966,5.0
55,715.67,779.4870492844624,3379.399016068889,60.581374708527335,2538.0609268005032,95.85582803543116,69.03424806060681,0.11344244379516412,15.756012650433195,2700,0.5317696162756839,5.0
56,715.68,779.0612257690617,3384.5189175614973,60.77874702964281,2538.0606558751856,95.85573480671957,69.08641200289318,0.12343700755695762,15.756204041589335,2700,0.5430331008931749,5.0
57,715.69,778.6355623736524,3389.6346840924016,60.98879636724954,2538.0603848935352,95.8556415780353,69.13849356423016,0.13366386864189453,15.756395577869108,2700,0.5543516057028636,5.0
58,715.7,778.2100696155816,3394.74619932374,61.21223867671974,2538.060113855204,95.85554834937896,69.19049169742404,0.14412448257325167,15.756587259040934,2700,0.5657250125175299,5.0
59,715.71,777.7847584496723,3399.853341814457,61.449807679777095,2538.0598427598384,95.85545512075119,69.24240530469993,0.15482030415108972,15.756779084870534,2700,0.5771532024323951,5.0
60,715.72,777.3596402816628,3404.955984868482,61.70225436908176,2538.0595716070884,95.85536189215263,69.29423323635554,0.16575278740676522,15.756971055120802,2700,0.5886360557770336,5.0
61,715.73,776.9347269815212,3410.0539963848837,61.97034643588295,2538.0593003966014,95.85526866358394,69.34597428944498,0.17692338555541084,15.757163169551665,2700,0.6001734520659595,5.0
62,715.74,776.5100308965594,3415.1472387104923,62.254867616170216,2538.059029128027,95.85517543504575,69.39762720649819,0.1883335509463146,15.757355427919949,2700,0.6117652699479114,5.0
63,715.75,776.0855648643314,3420.235568495597,62.55661695274854,2538.0587578010145,95.85508220653874,69.44919067428162,0.1999847350111314,15.757547829979229,2700,0.623411387153861,5.0
64,715.76,775.6613422252362,3425.3188365532274,62.876407967899866,2538.058486415215,95.85498897806353,69.50066332260609,0.21187838820985952,15.757740375479692,2700,0.6351116804437802,5.0
65,715.77,775.2373768347971,3430.396887722723,63.21506774565618,2538.0582149702777,95.85489574962082,69.55204372318791,0.22401595997451712,15.757933064167977,2700,0.6468660255522023,5.0
66,715.78,774.8136830755377,3435.4695607381486,63.57343591797725,2538.057943465853,95.85480252121127,69.60333038857004,0.23639889865045463,15.75812589578703,2700,0.6586742971326215,5.0
67,715.79,774.3902758684305,3440.536688102275,63.95236355392796,2538.0576719015903,95.85470929283554,69.65452177110981,0.2490286514352409,15.758318870075945,2700,0.670536368700779,5.0
68,715.8,773.9671706838107,3445.598095966861,64.35271194805837,2538.057400277142,95.8546160644943,69.70561626204014,0.2619066643150634,15.758511986769795,2700,0.682452112576892,5.0
69,715.8100000000001,773.5443835517463,3450.6536040198807,64.77535130621888,2538.057128592158,95.85452283618824,69.75661219061163,0.27503438199858443,15.758705245599481,2700,0.6944213998268844,5.0
70,715.82,773.1219310717531,3455.7030253805483,65.22115932649598,2538.0568568462904,95.85442960791804,69.80750782332302,0.28841324784819977,15.758898646291563,2700,0.70644410020269,5.0
71,715.83,772.6998304218017,3460.7461665028627,65.69101967462775,2538.0565850391913,95.85433637968437,69.85830136324715,0.302044703808647,15.759092188568086,2700,0.7185200820817008,5.0
72,715.84,772.2780993665697,3465.7828270885143,66.18582035157165,2538.056313170512,95.85424315148794,69.90899094946079,0.31593019033291697,15.75928587214641,2700,0.7306492124054424,5.0
73,715.85,771.8567562648236,3470.8128000099427,66.70645195456783,2538.056041239906,95.85414992332944,69.95957465658567,0.33007114630542395,15.759479696739048,2700,0.742831356617566,5.0
74,715.86,771.4358200758973,3475.8358712444324,67.2538058299837,2538.0557692470265,95.85405669520956,70.01005049444903,0.3444690089623952,15.759673662053466,2700,0.7550663786012527,5.0
75,715.87,771.0153103651674,3480.8518198200463,67.82877212053934,2538.055497191525,95.853963467129,70.06041640787147,0.3591252138094462,15.759867767791931,2700,0.7673541406161333,5.0
76,715.88,770.5952473084708,3485.860417774331,68.43223770722147,2538.0552250730575,95.85387023908851,70.11067027659021,0.37404119453631135,15.760062013651323,2700,0.7796945032348356,5.0
77,715.89,770.1756516953453,3490.861430126572,69.06508404859262,2538.0549528912784,95.85377701108872,70.16080991532569,0.3892183829287079,15.760256399322948,2700,0.7920873252792782,5.0
78,715.9,769.7565449310936,3495.854614864553,69.72818492063199,2538.0546806458406,95.8536837831304,70.2108330739993,0.40465820877731534,15.76045092449237,2700,0.8045324637568366,5.0
79,715.91,769.337949037509,3500.8397229466336,70.4224040613332,2538.0544083364025,95.85359055521425,70.26073743811016,0.4203620997838602,15.760645588839216,2700,0.8170297737965165,5.0
80,715.92,768.9198866522491,3505.816498320001,71.14859272423033,2538.054135962618,95.853497327341,70.31052062927822,0.4363314814643025,15.760840392037013,2700,0.8295791085852761,5.0
81,715.93,768.50238102675,3510.784677955941,71.90758714662189,2538.0538635241414,95.85340409951138,70.36018020596104,0.4525677770491294,15.761035333752991,2700,0.8421803193046468,5.0
82,715.94,768.0854560226273,3515.743991902951,72.70020594011582,2538.053591020635,95.85331087172608,70.40971366435113,0.46907240738076705,15.76123041364791,2700,0.8548332550678106,5.0
83,715.95,767.6691361064892,3520.694163358428,73.52724741017364,2538.053318451753,95.85321764398589,70.45911843946031,0.48584679080813237,15.761425631375888,2700,0.8675377628572959,5.0
84,715.96,767.2534463430771,3525.634908759738,74.3894868134449,2538.053045817154,95.8531244162915,70.50839190639728,0.5028923430783547,15.761620986584207,2700,0.8802936874634644,5.0
85,715.97,766.8384123867114,3530.565937895339,75.28767356283532,2538.0527731164975,95.85303118864366,70.55753138184359,0.5202104772257066,15.761816478913165,2700,0.8931008714239655,5.0
86,715.98,766.4240604709307,3535.4869540365785,76.22252839043345,2538.052500349444,95.85293796104314,70.60653412573325,0.5378026034577911,15.762012107995876,2700,0.9059591549643448,5.0
87,715.99,766.0104173963175,3540.3976540907897,77.19474048059386,2538.0522275156536,95.85284473349066,70.65539734313971,0.5556701290390482,15.762207873458124,2700,0.9188683759399913,5.0
88,716.0,765.5975105164315,3545.29772877622,78.20496458437253,2538.0519546147866,95.85275150598699,70.7041181863742,0.5738144581716459,15.762403774918186,2700,0.9318283697796234,5.0
89,716.01,765.1853677218135,3550.1868628191623,79.25381813011602,2538.051681646505,95.85265827853287,70.75269375729732,0.5922369918738384,15.762599811986675,2700,0.9448389694305075,5.0
90,716.02,764.7740174220653,3555.0647351737425,80.34187834325718,2538.0514086104736,95.85256505112908,70.80112110984629,0.6109391278558823,15.762795984266393,2700,0.9579000053056176,5.0
91,716.03,764.3634885258804,3559.9310192645826,81.46967939094262,2538.0511355063522,95.85247182377637,70.84939725277792,0.6299222603936134,15.762992291352166,2700,0.9710113052329373,5.0
92,716.04,763.9538104191253,3564.785383252479,82.63770956663528,2538.0508623338087,95.8523785964755,70.89751915262741,0.6491877801997965,15.763188732830718,2700,0.9841726944071161,5.0
93,716.05,763.5450129408939,3569.627490323253,83.84640853149898,2538.0505890925083,95.85228536922726,70.94548373688129,0.6687370742933746,15.763385308280517,2700,0.9973839953436887,5.0
94,716.0600000000001,763.1371263574986,3574.4569989996444,85.09616462869717,2538.0503157821154,95.85219214203244,70.99328789736204,0.6885715258667552,15.763582017271663,2700,1.0106450278360672,5.0
95,716.07,762.7301813345382,3579.273563476115,86.38731228820785,2538.0500424022994,95.85209891489176,71.04092849382066,0.7086925141512792,15.763778859365752,2700,1.0239556089155164,5.0
96,716.08,762.3242089069033,3584.07683397626,87.72012953898827,2538.0497689527274,95.85200568780606,71.08840235773194,0.7291014142810337,15.763975834115778,2700,1.0373155528143219,5.0
97,716.09,761.9192404468645,3588.8664571324275,89.09483564625451,2538.049495433069,95.85191246077609,71.13570629628633,0.7497995971551803,15.764172941066011,2700,1.0507246709323528,5.0
98,716.1,761.5153076302429,3593.6420763869814,90.51158889154169,2538.049221842996,95.85181923380266,71.18283709657088,0.7707884292989787,15.764370179751925,2700,1.0641827718072256,5.0
99,716.11,761.1124424007328,3598.4033324144903,91.970484511818,2538.0489481821783,95.85172600688655,71.22979152993013,0.7920692727236994,15.764567549700095,2700,1.077689661088261,5.0
100,716.12,760.7106769324055,3603.1498635640855,93.47155281495051,2538.048674450287,95.85163278002858,71.27656635649697,0.813643484785628,15.764765050428137,2700,1.0912451415144264,5.0
101,716.13,760.3100435905244,3607.881306320928,95.01475748830569,2538.0484006469997,95.85153955322954,71.32315832988179,0.8355124180443744,15.76496268144464,2700,1.1048490128964452,5.0
102,716.14,759.9105748907641,3612.5972957857634,96.59999411505656,2538.0481267719897,95.8514463264902,71.36956420200742,0.8576774201207072,15.765160442249119,2700,1.1185010721032476,5.0
103,716.15,759.5123034568286,3617.297466171268,98.22708891280797,2538.0478528249328,95.85135309981145,71.41578072807556,0.880139833554146,15.765358332331978,2700,1.1322011130529255,5.0
104,716.16,759.1152619767843,3621.981451313828,99.89579770919435,2538.0475788055087,95.85125987319402,71.4618046716497,0.9029009956605485,15.765556351174489,2700,1.1459489267083414,5.0
105,716.17,758.7194831580061,3626.64888519925,101.60580516549997,2538.0473047133937,95.85116664663877,71.50763280983823,0.9259622383899382,15.765754498248771,2700,1.159744301077535,5.0
106,716.18,758.3249996810653,3631.299402500739,103.3567242597811,2538.047030548271,95.85107342014652,71.55326193856028,0.9493248881848255,15.765952773017808,2700,1.173587021219048,5.0
107,716.19,757.9318441525703,3635.9326391274417,105.14809603887399,2538.0467563098186,95.85098019371806,71.59868887787604,0.9729902658392794,15.766151174935448,2700,1.1874768692522795,5.0
108,716.2,757.5400490572291,3640.548232781655,106.97938964653652,2538.046481997722,95.85088696735426,71.64391047736233,0.9969596863590093,15.766349703446451,2700,1.201413624372966,5.0
109,716.21,757.1496467091778,3645.145823522776,108.8500026343595,2538.0462076116655,95.85079374105591,71.68892362151348,1.0212344588227245,15.76654835798652,2700,1.2153970628738635,5.0
110,716.22,756.7606692028832,3649.725054335906,110.75926155838297,2538.0459331513352,95.85070051482386,71.7337252351471,1.0458158862450364,15.766747137982373,2700,1.229426958170687,5.0
111,716.23,756.373148363682,3654.2855717030257,112.70642286448735,2538.045658616418,95.85060728865896,71.77831228879342,1.070705265441172,15.766946042851814,2700,1.2435030808333505,5.0
112,716.24,755.9871156982281,3658.827026174535,114.69067406107058,2538.0453840066034,95.85051406256206,71.82268180404687,1.0959038868937652,15.767145072003816,2700,1.2576251986225282,5.0
113,716.25,755.6026023450075,3663.3490729389423,116.71113517831911,2538.0451093215825,95.85042083653397,71.86683085885852,1.121413034621995,15.767344224838638,2700,1.2717930765315322,5.0
114,716.26,755.2196390250726,3667.851372388408,118.76686050832818,2538.0448345610457,95.85032761057555,71.91075659274733,1.1472339860533285,15.767543500747937,2700,1.2860064768334887,5.0
115,716.27,754.8382559933116,3672.3335906778802,120.85684062091659,2538.0445597246885,95.85023438468767,71.9544562119087,1.1733680118981324,15.767742899114909,2700,1.3002651591337726,5.0
116,716.28,754.458482990314,3676.795400275551,122.98000464503873,2538.044284812207,95.85014115887115,71.99792699419936,1.1998163760274065,15.767942419314432,2700,1.314568880427631,5.0
117,716.29,754.0803491951232,3681.2364805023385,125.13522280662409,2538.044009823297,95.85004793312689,72.04116629397706,1.2265803353538827,15.768142060713238,2700,1.3289173951629158,5.0
118,716.3,753.7038831790132,3685.6565180581397,127.32130920953286,2538.043734757658,95.84995470745572,72.08417154677538,1.2536611397167334,15.768341822670083,2700,1.3433104553078168,5.0
119,716.3100000000001,753.3291128605359,3690.0552075327637,129.53702484525206,2538.043459614992,95.84986148185853,72.12694027379362,1.2810600317701153,15.768541704535954,2700,1.3577478104234697,5.0
120,716.32,752.9560654619966,3694.43225189927,131.78108081532903,2538.0431843949996,95.84976825633616,72.16947008618324,1.3087782468757732,15.768741705654259,2700,1.3722292077412896,5.0
121,716.33,752.5847674674953,3698.787362987848,134.05214174924689,2538.0429090973867,95.84967503088951,72.21175868911324,1.3368170129999073,15.76894182536106,2700,1.386754392244862,5.0
122,716.34,752.2152445827986,3703.120261938126,136.34882939752677,2538.0426337218573,95.84958180551945,72.2538038855978,1.3651775506145045,15.769142062985297,2700,1.4013231067562062,5.0
123,716.35,751.8475216971035,3707.4306796282567,138.66972638102584,2538.042358268122,95.84948858022683,72.29560358007109,1.3938610726033125,15.76934241784904,2700,1.4159350920262048,5.0
124,716.36,751.4816228469227,3711.7183570788725,141.01338007390763,2538.04208273589,95.84939535501256,72.3371557816953,1.422868784172629,15.76954288926774,2700,1.4305900868289734,5.0
125,716.37,751.1175711822129,3715.9830458305746,143.37830659928156,2538.0418071248714,95.84930212987754,72.37845860738963,1.452201882767056,15.769743476550497,2700,1.4452878280599404,5.0
126,716.38,750.7553889347812,3720.224508293336,145.76299491352958,2538.041531434783,95.84920890482263,72.41951028456958,1.4818615579903582,15.769944179000342,2700,1.4600280508373675,5.0
127,716.39,750.3950973893193,3724.4425180666854,148.1659109567381,2538.0412556653378,95.84911567984874,72.4603091535871,1.5118489915315463,15.77014499591452,2700,1.4748104886070623,5.0
128,716.4,750.0367168568124,3728.6368602295747,150.5855018460976,2538.0409798162536,95.84902245495674,72.50085366986455,1.5421653570962874,15.770345926584787,2700,1.489634873249986,5.0
129,716.41,749.680266650769,3732.807331598938,153.02020008829123,2538.0407038872513,95.84892923014755,72.54114240571668,1.5728118203437331,15.770546970297714,2700,1.5045009351924792,5.0
130,716.42,749.3257650660811,3736.953740956313,155.4684277886329,2538.040427878051,95.84883600542206,72.58117405185659,1.6037895388288286,15.770748126334999,2700,1.5194084035187982,5.0
131,716.43,748.9732293607336,3741.0759092418994,157.92860083342416,2538.040151788378,95.84874278078117,72.62094741858368,1.635099661950159,15.770949393973787,2700,1.5343570060856613,5.0
132,716.44,748.622675740253,3745.1736697156907,160.39913302489114,2538.0398756179557,95.84864955622582,72.66046143665316,1.6667433309033637,15.77115077248699,2700,1.5493464696384882,5.0
133,716.45,748.274119345055,3749.246868085564,162.87844014600086,2538.0395993665134,95.8485563317569,72.69971515782841,1.6987216786401345,15.771352261143614,2700,1.564376519929025,5.0
134,716.46,747.927574240629,3753.295362602217,165.3649439368799,2538.039323033781,95.84846310737531,72.73870775511904,1.7310358298327952,15.771553859209094,2700,1.5794468818340293,5.0
135,716.47,747.5830534105473,3757.3190241211923,167.8570759628549,2538.039046619487,95.84836988308199,72.77743852270973,1.7636869008444458,15.771755565945625,2700,1.5945572794747016,5.0
136,716.48,747.2405687522973,3761.3177361323624,170.35328135657878,2538.0387701233676,95.84827665887784,72.81590687558538,1.7966759997046318,15.7719573806125,2700,1.6097074363365527,5.0
137,716.49,746.9001310758858,3765.291394757289,172.8520224190287,2538.0384935451575,95.84818343476378,72.85411234886071,1.830004226090488,15.77215930246645,2700,1.6248970753893808,5.0
138,716.5,746.5617501051655,3769.2399087152166,175.351782063037,2538.038216884596,95.84809021074078,72.89205459682296,1.8636726713132896,15.772361330761974,2700,1.6401259192070667,5.0
139,716.51,746.2254344818423,3773.1631992585053,177.85106708872402,2538.037940141421,95.84799698680972,72.9297333916982,1.8976824183103225,15.77256346475169,2700,1.655393690086874,5.0
140,716.52,745.8911917720234,3777.061200078402,180.3484112770942,2538.037663315374,95.84790376297157,72.9671486221525,1.9320345416419824,15.77276570368665,2700,1.6707001101679648,5.0
141,716.53,745.5590284752932,3780.9338571822987,182.84237829321216,2538.0373864062008,95.84781053922724,73.00430029154037,1.9667301074939865,15.772968046816697,2700,1.6860449015488461,5.0
142,716.54,745.2289500361902,3784.7811287436657,185.33156439102515,2538.0371094136462,95.84771731557767,73.04118851591414,2.001770173684572,15.773170493390777,2700,1.7014277864034746,5.0
143,716.55,744.9009608579099,3788.602984925946,187.81460091306312,2538.0368323374573,95.84762409202379,73.07781352180797,2.037155789676553,15.773373042657274,2700,1.7168484870957523,5.0
144,716.5600000000001,744.5750643182524,3792.3994076818058,190.290156580263,2538.0365551773853,95.84753086856658,73.11417564381162,2.072887996594083,15.773575693864329,2700,1.73230672629217,5.0
145,716.57,744.2512627875786,3796.1703905292447,192.7569395689975,2538.0362779331817,95.84743764520695,73.15027532194938,2.108967827243971,15.773778446260154,2700,1.7478022270723552,5.0
146,716.58,743.9295576486453,3799.915938306079,195.21369937379546,2538.0360006045994,95.84734442194589,73.18611309887955,2.145396306141381,15.773981299093357,2700,1.763334713037308,5.0
147,716.59,743.6099493183596,3803.636066904382,197.65922845555193,2538.0357231913963,95.8472511987843,73.22168961693097,2.182174449539754,15.774184251613228,2700,1.7789039084151141,5.0
148,716.6,743.2924372709538,3807.3308029865357,200.09236367618834,2538.0354456933287,95.84715797572318,73.25700561499254,2.219303265464757,15.774387303070045,2700,1.7945095381639449,5.0
149,716.61,742.977020062877,3811.0001836845236,202.51198752342955,2538.0351681101583,95.84706475276347,73.2920619252719,2.256783753752089,15.774590452715367,2700,1.8101513280721695,5.0
150,716.62,742.6636953589453,3814.644256284147,204.91702912848714,2538.0348904416455,95.84697152990613,73.32685946993988,2.294616906088949,15.77479369980231,2700,1.8258290048554169,5.0
151,716.63,742.3524599597238,3818.2630778958196,207.30646508195917,2538.0346126875543,95.84687830715211,73.36139925767637,2.3328037060589724,15.774997043585818,2700,1.8415422962504466,5.0
152,716.64,742.0433098299378,3821.8567151136413,209.67932005459696,2538.034334847653,95.8467850845024,73.39568238013354,2.3713451291904386,15.775200483322946,2700,1.8572909311057009,5.0
153,716.65,741.736240127981,3825.4252436643287,212.03466722852534,2538.034056921707,95.84669186195795,73.42971000833194,2.4102421430075616,15.775404018273088,2700,1.8730746394684252,5.0
154,716.66,741.4312452359816,3828.96874804769,214.3716285478511,2538.0337789094874,95.84659863951974,73.46348338900445,2.449495707084659,15.77560764769824,2700,1.8888931526682682,5.0
155,716.67,741.1283187907543,3832.4873211701583,216.6893747960191,2538.0335008107636,95.84650541718874,73.49700384090254,2.489106773102998,15.775811370863236,2700,1.9047462033972753,5.0
156,716.68,740.8274537150778,3835.9810639729517,218.98712550966786,2538.0332226253126,95.84641219496595,73.53027275107888,2.5290762849101354,15.776015187035966,2700,1.9206335257862195,5.0
157,716.69,740.5286422496123,3839.4500850563627,221.26414873730107,2538.0329443529076,95.8463189728523,73.56329157115987,2.5694051785815386,15.776219095487605,2700,1.9365548554772156,5.0
158,716.7,740.2318759848008,3842.8945003014996,223.51976065338562,2538.0326659933266,95.84622575084882,73.59606181362024,2.610094382484316,15.7764230954928,2700,1.9525099296925879,5.0
159,716.71,739.9371458931955,3846.314432490973,225.7533250374258,2538.03238754635,95.84613252895646,73.62858504807252,2.6511448173428454,15.776627186329886,2700,1.968498487299971,5.0
160,716.72,739.6444423616488,3849.7100109297103,227.96425262795304,2538.0321090117573,95.84603930717623,73.6608628975819,2.6925573963061336,15.77683136728106,2700,1.9845202688736385,5.0
161,716.73,739.3537552235124,3853.0813710671596,230.15200036185988,2538.031830389331,95.8459460855091,73.69289703501762,2.734333025016714,15.777035637632553,2700,2.0005750167520646,5.0
162,716.74,739.0650737907667,3856.4286541220495,232.3160705089163,2538.031551678858,95.84585286395607,73.72468917945034,2.776472601680909,15.777239996674801,2700,2.0166624750917355,5.0
163,716.75,738.7783868856246,3859.752006710718,234.45600971213446,2538.031272880124,95.84575964251815,73.7562410926045,2.818977017140288,15.777444443702603,2700,2.032782389917247,5.0
164,716.76,738.4936828721167,3863.05158048002,236.57140794260943,2538.0309939929166,95.84566642119631,73.78755457537432,2.861847154944149,15.777648978015254,2700,2.048934509167723,5.0
165,716.77,738.2109496870521,3866.32753174578,238.6618973805565,2538.030715017028,95.84557319999155,73.81863146441017,2.9050838914228714,15.777853598916685,2700,2.065118582739607,5.0
166,716.78,737.9301748704942,3869.5800211375004,240.72715122964163,2538.030435952246,95.84547997890489,73.84947362878296,2.9486880957619763,15.778058305715591,2700,2.0813343625258827,5.0
167,716.79,737.6513455957719,3872.809213250247,242.76688247521554,2538.030156798368,95.84538675793732,73.88008296673168,2.9926606300767573,15.778263097725533,2700,2.0975816024518,5.0
168,716.8,737.3744486987661,3876.015276304202,244.7808425950852,2538.029877555188,95.84529353708986,73.91046140249988,3.037002349487328,15.778467974265059,2700,2.1138600585071687,5.0
169,716.8100000000001,737.0994707065528,3879.198381812662,246.76882023044806,2538.0295982225034,95.8452003163635,73.94061088326545,3.081714102193965,15.778672934657784,2700,2.130169488775312,5.0
170,716.82,736.8263978653539,3882.3587042588965,248.73063982563497,2538.029318800112,95.84510709575926,73.97053337616767,3.1267967295526033,15.778877978232487,2700,2.146509653458762,5.0
171,716.83,736.5552161676238,3885.496420782363,250.66616024399138,2538.029039287815,95.84501387527816,74.00023086543459,3.172251066150379,15.779083104323181,2700,2.162880314901787,5.0
172,716.84,736.2859113784597,3888.6117108746753,252.57527336674409,2538.0287596854128,95.84492065492118,74.02970534961358,3.2180779398810904,15.77928831226919,2700,2.1792812376098545,5.0
173,716.85,736.018469061021,3891.7047560856613,254.45790268154155,2538.0284799927103,95.84482743468938,74.05895883890693,3.2642781720204765,15.779493601415194,2700,2.195712188266129,5.0
174,716.86,735.7528746012425,3894.7757397397504,256.314001867461,2538.0282002095128,95.84473421458377,74.08799335261403,3.310852577301214,15.779698971111301,2700,2.212172935745098,5.0
175,716.87,735.4891132315834,3897.824846662878,258.1435533811187,2538.0279203356263,95.84464099460536,74.11681091668103,3.357801963987532,15.779904420713073,2700,2.2286632511234523,5.0
176,716.88,735.2271700538398,3900.852262920146,259.94656705001535,2538.0276403708585,95.84454777475517,74.14541356135867,3.405127133949357,15.780109949581576,2700,2.245182907688305,5.0
177,716.89,734.9670300611516,3903.8581755642335,261.7230786771962,2538.02736031502,95.84445455503425,74.17380331896794,3.4528288827359135,15.7803155570834,2700,2.2617316809428836,5.0
178,716.9,734.7086781590657,3906.8427723946443,263.47314866242374,2538.027080167923,95.84436133544361,74.20198222177362,3.500907999648694,15.780521242590684,2700,2.2783093486097803,5.0
179,716.91,734.4520991855564,3909.8062417278584,265.1968606431371,2538.0267999293783,95.84426811598428,74.22995229996452,3.549365267813738,15.780727005481138,2700,2.2949156906318966,5.0
180,716.92,734.1972779303546,3912.7487721782354,266.89432015861473,2538.0265195992015,95.84417489665728,74.25771557973978,3.598201464253152,15.780932845138041,2700,2.31155048917117,5.0
181,716.93,733.9441991532019,3915.6705524497047,268.5656533411029,2538.0262391772085,95.84408167746369,74.28527408149922,3.6474173599558037,15.781138760950252,2700,2.3282135286052066,5.0
182,716.94,733.692847601208,3918.5717711380535,270.211005636208,2538.0259586632155,95.84398845840451,74.31262981813673,3.6970137199471615,15.781344752312208,2700,2.3449045955219283,5.0
183,716.95,733.4432080254331,3921.4526165437483,271.83054055475185,2538.025678057042,95.84389523948079,74.33978479343413,3.746991303358199,15.781550818623911,2700,2.3616234787123322,5.0
184,716.96,733.1952651964467,3924.3132764950415,273.42443845858713,2538.0253973585086,95.84380202069356,74.36674100055379,3.797350863493355,15.781756959290918,2700,2.3783699691614832,5.0
185,716.97,732.9490039191395,3927.15393818124,274.99289538194193,2538.025116567435,95.84370880204388,74.39350042062735,3.8480931478974787,15.781963173724325,2700,2.395143860037831,5.0
186,716.98,732.7044090465854,3929.974787995882,276.53612188906857,2538.024835683647,95.84361558353278,74.4200650214383,3.8992188984217595,15.78216946134074,2700,2.411944946680964,5.0
187,716.99,732.4614654931476,3932.776011389608,278.05434197030695,2538.0245547069667,95.84352236516132,74.44643675619548,3.9507288512885803,15.782375821562255,2700,2.4287730265878893,5.0
188,717.0,732.2201582467667,3935.5577927324543,279.5477919770835,2538.0242736372193,95.84342914693053,74.47261756239486,4.002623737155297,15.782582253816422,2700,2.4456278993979534,5.0
189,717.01,731.9804723804315,3938.3203151853622,281.0167195956127,2538.023992474233,95.8433359288415,74.49860936076685,4.0549042811769,15.782788757536213,2700,2.462509366876478,5.0
190,717.02,731.742393062904,3941.063760580519,282.4613828613606,2538.023711217836,95.84324271089525,74.52441405430591,4.107571203067561,15.782995332159981,2700,2.479417232897217,5.0
191,717.03,731.5059055686849,3943.788309310379,283.8820492125548,2538.0234298678583,95.84314949309284,74.5500335273798,4.160625217161033,15.783201977131421,2700,2.496351303423724,5.0
192,717.04,731.2709952873007,3946.4941402249697,285.2789945843538,2538.0231484241294,95.84305627543533,74.57546964491515,4.214067032469899,15.783408691899526,2700,2.5133113864897068,5.0
193,717.05,731.0376477318756,3949.181430537242,286.6525025425924,2538.022866886482,95.84296305792378,74.60072425165646,4.267897352743675,15.783615475918532,2700,2.530297292178461,5.0
194,717.0600000000001,730.8058485469827,3951.8503557361273,288.0028634568984,2538.022585254749,95.84286984055925,74.62579917149552,4.3221168765257305,15.783822328647883,2700,2.5473088326014595,5.0
195,717.07,730.5755835159703,3954.501089507048,289.3303737131659,2538.0223035287677,95.8427766233428,74.65069620686792,4.376726297209063,15.78402924955216,2700,2.5643458218761763,5.0
196,717.08,730.3468385676126,3957.133803659496,290.63533496428994,2538.022021708371,95.8426834062755,74.67541713821409,4.431726303090891,15.784236238101041,2700,2.5814080761032154,5.0
197,717.09,730.1195997820461,3959.748668061489,291.91805341872094,2538.021739793398,95.84259018935842,74.69996372350133,4.487117577426092,15.784443293769236,2700,2.59849541334282,5.0
198,717.1,729.8938533964247,3962.3458505804942,293.1788391661931,2538.021457783687,95.8424969725926,74.72433769780436,4.542900798479472,15.784650416036435,2700,2.615607653590824,5.0
199,717.11,729.6695858097704,3964.925517030577,294.4180055393921,2538.021175679076,95.84240375597915,74.7485407729412,4.5990766395768965,15.78485760438724,2700,2.6327446187541153,5.0
200,717.12,729.4467835873298,3967.487831125495,295.6358685112283,2538.0208934794077,95.8423105395191,74.77257463716147,4.655645769155255,15.785064858311108,2700,2.6499061326256714,5.0
201,717.13,729.2254334647374,3970.032954437395,296.8327461260342,2538.0206111845223,95.84221732321357,74.79644095488476,4.712608850811304,15.785272177302295,2700,2.6670920208592204,5.0
202,717.14,729.0055223512398,3972.561046360876,298.00895796438834,2538.0203287942645,95.84212410706363,74.8201413664856,4.7699665433493825,15.785479560859779,2700,2.6843021109435896,5.0
203,717.15,728.7870373329259,3975.072264082123,299.1648246401282,2538.0200463084775,95.84203089107031,74.84367748812326,4.827719500827999,15.785687008487209,2700,2.7015362321767897,5.0
204,717.16,728.5699656751865,3977.566762552826,300.30066732803476,2538.0197637270085,95.84193767523473,74.86705091161302,4.885868372605335,15.785894519692825,2700,2.718794215639888,5.0
205,717.17,728.3542948250505,3980.044694468648,301.4168073225926,2538.019481049702,95.84184445955798,74.89026320433692,4.944413803383655,15.786102093989404,2700,2.73607589417071,5.0
206,717.18,728.1400124128498,3982.5062102519573,302.513565624556,2538.0191982764068,95.8417512440411,74.91331590919144,5.0033564332526375,15.786309730894189,2700,2.753381102337423,5.0
207,717.19,727.9271062539691,3984.951458038626,303.591262556123,2538.018915406972,95.84165802868522,74.93621054456963,5.062696897731661,15.786517429928821,2700,2.7707096764120362,5.0
208,717.2,727.7155643497509,3987.3805836685456,304.6502174027494,2538.018632441247,95.8415648134914,74.95894860437565,5.122435827811048,15.786725190619272,2700,2.788061454343859,5.0
209,717.21,727.5053748883779,3989.7937306797776,305.69074808009367,2538.0183493790823,95.84147159846074,74.98153155806952,5.182573849992278,15.786933012495782,2700,2.80543627573295,5.0
210,717.22,727.2965262455592,3992.1910403059705,306.7131708259844,2538.01806622033,95.84137838359432,75.00396085073986,5.24311158632721,15.787140895092781,2700,2.8228339818036003,5.0
211,717.23,727.0890069845746,3994.572651476941,307.71779991551205,2538.0177829648455,95.84128516889324,75.02623790320283,5.304049654456308,15.787348837948832,2700,2.84025441537787,5.0
212,717.24,726.8828058564998,3996.9387008221265,308.7049473986184,2538.0174996124806,95.84119195435858,75.04836411212517,5.365388667645906,15.787556840606557,2700,2.857697420849219,5.0
213,717.25,726.6779117997509,3999.289322676752,309.6749228587211,2538.017216163092,95.84109873999144,75.07034085016984,5.42712923482452,15.787764902612574,2700,2.875162844156248,5.0
214,717.26,726.4743139398455,4001.6246490905464,310.6280331917656,2538.0169326165346,95.84100552579292,75.09216946616199,5.489271960618233,15.787973023517425,2700,2.892650532756592,5.0
215,717.27,726.2720015885619,4003.9448098387275,311.5645824046615,2538.016648972667,95.84091231176411,75.11385128527415,5.551817445385173,15.788181202875515,2700,2.9101603356009647,5.0
216,717.28,726.0709642431508,4006.249932435218,312.4848714313436,2538.0163652313486,95.84081909790612,75.13538760922881,5.614766285249089,15.788389440245037,2700,2.9276921031074066,5.0
217,717.29,725.8711915852934,4008.540142147812,313.38919796700856,2538.0160813924367,95.84072588422006,75.15677971651681,5.678119072132071,15.788597735187915,2700,2.9452456871357273,5.0
218,717.3,725.6726734798721,4010.8155620151715,314.2778563179069,2538.015797455793,95.84063267070702,75.1780288626303,5.741876393786407,15.788806087269736,2700,2.9628209409621773,5.0
219,717.3100000000001,725.4753999736823,4013.076312865525,315.15113726702134,2538.0155134212787,95.84053945736812,75.19913628030885,5.806038833825616,15.789014496059679,2700,2.980417719254365,5.0
220,717.32,725.279361293765,4015.3225133369224,316.00932795427286,2538.015229288756,95.84044624420443,75.22010317979738,5.870606971754661,15.789222961130456,2700,2.9980358780464287,5.0
221,717.33,725.084547845995,4017.554279898843,316.8527117704236,2538.014945058089,95.84035303121709,75.24093074911475,5.935581382999373,15.789431482058248,2700,3.015675274714476,5.0
222,717.34,724.8909502132208,4019.771726875117,317.6815682638927,2538.014660729142,95.84025981840719,75.26162015433196,6.000962638935101,15.789640058422643,2700,3.033335767952309,5.0
223,717.35,724.6985591533369,4021.974966467991,318.49617305984964,2538.01437630178,95.84016660577586,75.28217253985864,6.066751306914603,15.789848689806568,2700,3.0510172177474484,5.0
224,717.36,724.5073655975345,4024.1641087832286,319.29679779065583,2538.0140917758704,95.8400733933242,75.30258902873706,6.132947950295211,15.790057375796234,2700,3.068719485357454,5.0
225,717.37,724.3173606481225,4026.3392618561325,320.0837100371837,2538.0138071512797,95.83998018105332,75.3228707229427,6.199553128465262,15.79026611598107,2700,3.0864424332865634,5.0
226,717.38,724.1285355764395,4028.500531678418,320.8571732797068,2538.0135224278765,95.83988696896435,75.34301870369025,6.266567396869846,15.790474909953666,2700,3.1041859252626463,5.0
227,717.39,723.9408818207261,4030.648022225773,321.61744685887254,2538.013237605531,95.83979375705839,75.36303403174438,6.333991307035861,15.790683757309711,2700,3.1219498262144922,5.0
228,717.4,723.7543909838324,4032.781835486088,322.36478594461244,2538.012952684113,95.83970054533658,75.38291774773464,6.401825406596415,15.790892657647936,2700,3.139734002249427,5.0
229,717.41,723.5690548309009,4034.90207148824,323.0994415141293,2538.012667663492,95.83960733380002,75.4026708724733,6.470070239314573,15.791101610570056,2700,3.1575383206312653,5.0
230,717.42,723.384865287148,4037.008828331312,323.82166033651424,2538.012382543542,95.83951412244984,75.42229440727603,6.538726345106484,15.791310615680716,2700,3.1753626497586103,5.0
231,717.43,723.2018144353104,4039.1022022142633,324.5316849653026,2538.0120973241364,95.83942091128715,75.44178933428421,6.607794260063893,15.791519672587427,2700,3.193206859143494,5.0
232,717.44,723.0198945134033,4041.1822874658687,325.2297537368537,2538.0118120051466,95.8393277003131,75.46115661678877,6.677274516476057,15.791728780900518,2700,3.211070819390365,5.0
233,717.45,722.8390979121784,4043.2491765749633,325.91610077523507,2538.011526586451,95.8392344895288,75.4803971995546,6.7471676428510845,15.791937940233087,2700,3.2289544021754266,5.0
234,717.46,722.6594171725889,4045.3029602208753,326.5909560026359,2538.0112410679244,95.83914127893539,75.49951200914522,6.81747416393672,15.792147150200929,2700,3.2468574802263226,5.0
235,717.47,722.4808449835219,4047.3437273039544,327.2545451546175,2538.0109554494416,95.83904806853397,75.51850195424741,6.8881946007405706,15.792356410422505,2700,3.2647799273021803,5.0
236,717.48,722.303374179064,4049.371564976296,327.9070898007085,2538.0106697308834,95.83895485832569,75.5373679259948,6.9593294705498066,15.792565720518875,2700,3.282721618173997,5.0
237,717.49,722.1269977362386,4051.386558672367,328.54880736872303,2538.010383912126,95.83886164831169,75.5561107982907,7.030879286950354,15.792775080113651,2700,3.3006824286053784,5.0
238,717.5,721.9517087722073,4053.388792139751,329.17991117360634,2538.0100979930494,95.83876843849309,75.57473142812925,7.102844559845575,15.792984488832959,2700,3.3186622353336306,5.0
239,717.51,721.7775005420784,4055.3783474697498,329.8006104493537,2538.0098119735344,95.83867522887104,75.59323065591492,7.17522579547447,15.793193946305372,2700,3.336660916051195,5.0
240,717.52,721.6043664361092,4057.35530512797,330.41111038516334,2538.009525853461,95.83858201944665,75.61160930577967,7.248023496429399,15.793403452161874,2700,3.3546783493874326,5.0
241,717.53,721.4322999774512,4059.319743984729,331.0116121631874,2538.009239632713,95.83848881022107,75.62986818589799,7.32123816167336,15.793613006035809,2700,3.372714414890752,5.0
242,717.54,721.2612948195627,4061.2717413453397,331.6023130004239,2538.0089533111727,95.83839560119543,75.64800808879896,7.394870286556803,15.793822607562836,2700,3.390768993011077,5.0
243,717.55,721.0913447436113,4063.2113729801854,332.18340619251586,2538.008666888725,95.83830239237089,75.66602979167565,7.4689203628340275,15.794032256380882,2700,3.4088419650826554,5.0
244,717.5600000000001,720.9224436562292,4065.1387131545966,332.7550811591091,2538.0083803652533,95.83820918374857,75.6839340566913,7.5433888786791545,15.794241952130102,2700,3.426933213307204,5.0
245,717.57,720.7545855869217,4067.0538346584995,333.3175234922566,2538.0080937406424,95.83811597532961,75.70172163128201,7.618276318701686,15.79445169445283,2700,3.4450426207373828,5.0
246,717.58,720.5877646856641,4068.956808835731,333.8709150058213,2538.007807014782,95.83802276711518,75.71939324845627,7.693583163961689,15.794661482993536,2700,3.4631700712606044,5.0
247,717.59,720.4219752205703,4070.847705613173,334.41543378660384,2538.007520187556,95.8379295591064,75.73694962709058,7.769309891984573,15.794871317398794,2700,3.481315449583161,5.0
248,717.6,720.2572115754105,4072.726593529505,334.9512542467424,2538.0072332588556,95.83783635130445,75.75439147222131,7.845456976775513,15.795081197317229,2700,3.4994786412146803,5.0
249,717.61,720.0934682472792,4074.5935397636413,335.47854717761095,2538.0069462285687,95.83774314371043,75.7717194753328,7.92202488883351,15.795291122399483,2700,3.5176595324528934,5.0
250,717.62,719.9307398443087,4076.448610162896,335.99747980397046,2538.006659096584,95.83764993632552,75.78893431464124,7.999014095165095,15.795501092298178,2700,3.535858010368721,5.0
251,717.63,719.7690210833387,4078.291869270721,336.5082158392295,2538.006371862793,95.83755672915086,75.80603665537463,8.076425059297705,15.795711106667868,2700,3.554073962791662,5.0
252,717.64,719.608306787639,4080.1233803541163,337.0109155423069,2538.006084527089,95.8374635221876,75.82302715004836,8.154258241292718,15.795921165165014,2700,3.5723072782954945,5.0
253,717.65,719.4485918845642,4081.9432054306812,337.5057357732334,2538.0057970893617,95.83737031543691,75.83990643873676,8.232514097758191,15.796131267447938,2700,3.5905578461842715,5.0
254,717.66,719.2898714035033,4083.751405295268,337.9928300505624,2538.005509549507,95.83727710889993,75.85667514934012,8.311193081861266,15.796341413176792,2700,3.608825556478613,5.0
255,717.67,719.1321404735945,4085.548039546231,338.47234860856895,2538.0052219074178,95.83718390257779,75.8733338978475,8.390295643340293,15.796551602013515,2700,3.6271102999022884,5.0
256,717.68,718.97539432169,4087.3331666113245,338.9444384547129,2538.0049341629892,95.8370906964717,75.88988328859516,8.469822228516662,15.796761833621812,2700,3.6454119678690886,5.0
257,717.69,718.8196282698945,4089.1068437731547,339.4092434268641,2538.0046463161166,95.83699749058279,75.90632391452048,8.549773280306344,15.796972107667104,2700,3.6637304524699763,5.0
258,717.7,718.6648377338573,4090.8691271942375,339.86690425100096,2538.0043583666975,95.83690428491222,75.92265635741155,8.63014923823118,15.79718242381651,2700,3.682065646460513,5.0
259,717.71,718.5110182206166,4092.6200719416743,340.3175585984021,2538.0040703146283,95.83681107946113,75.9388811881523,8.710950538429882,15.797392781738806,2700,3.7004174432485564,5.0
260,717.72,718.3581653263825,4094.3597320113813,340.76134114307445,2538.0037821598085,95.83671787423071,75.95499896696312,8.79217761366881,15.797603181104392,2700,3.7187857368822317,5.0
261,717.73,718.2062747347361,4096.088160351916,341.19838361821166,2538.003493902137,95.83662466922212,75.97101024363728,8.873830893352464,15.797813621585272,2700,3.737170422038155,5.0
262,717.74,718.0553422146718,4097.805408887893,341.6288148733543,2538.0032055415136,95.8365314644365,75.98691555777266,8.955910803533774,15.798024102855006,2700,3.7555713940099222,5.0
263,717.75,717.9053636185249,4099.511528542987,342.0527609298928,2538.002917077837,95.83643825987505,76.00271543899927,9.038417766924137,15.7982346245887,2700,3.773988548696846,5.0
264,717.76,717.7563365568736,4101.206569262502,342.4703450375853,2538.002628511013,95.8363450555389,76.01841040725456,9.121352202903239,15.798445186462962,2700,3.792421782593632,5.0
265,717.77,717.6083260034943,4102.890580041191,342.88168772960853,2538.0023398409394,95.83625185142924,76.03400097493261,9.204714527528646,15.79865578815588,2700,3.810870992805086,5.0
266,717.78,717.4613626046237,4104.563609153436,343.2869068949458,2538.002051067523,95.83615864754722,76.0494876395533,9.288505153545234,15.798866429347003,2700,3.829336076936806,5.0
267,717.79,717.3154404191869,4106.22570336,343.6861177653926,2538.001762190666,95.83606544389403,76.06487089591458,9.372724490395454,15.799077109717283,2700,3.8478169332376226,5.0
268,717.8,717.1705535488484,4107.876909218217,344.07943307509703,2538.001473210273,95.83597224047084,76.08015123501103,9.457372944221433,15.799287828949106,2700,3.8663134605862015,5.0
269,717.8100000000001,717.026696148274,4109.517272964156,344.46696310230027,2538.0011841262494,95.83587903727879,76.0953291389924,9.542450917893365,15.799498586726209,2700,3.8848255583951627,5.0
270,717.82,716.8838624721997,4111.146839966717,344.8488156751306,2538.000894938503,95.8357858343191,76.11040508135574,9.627958810994311,15.799709382733669,2700,3.903353126606701,5.0
271,717.83,716.7420468733413,4112.7656547467695,345.2250962230008,2538.0006056469415,95.8356926315929,76.12537952712701,9.713897019835587,15.799920216657913,2700,3.921896065692807,5.0
272,717.84,716.6012438003688,4114.373760995132,345.59590782754617,2538.00031625147,95.83559942910139,76.14025293305284,9.800265937479788,15.800131088186683,2700,3.9404542766459403,5.0
273,717.85,716.4614477956476,4115.971201591755,345.9613512726399,2538.000026751999,95.83550622684574,76.15502574778817,9.887065953748651,15.800341997009026,2700,3.9590276609699235,5.0
274,717.86,716.3226534935062,4117.55801862448,346.3215250939759,2537.9997371484383,95.83541302482713,76.1696984120802,9.974297455230726,15.800552942815255,2700,3.9776161206710077,5.0
275,717.87,716.1848556178306,4119.134253407434,346.6765256271347,2537.999447440699,95.83531982304673,76.18427135894795,10.061960825289246,15.800763925296941,2700,3.9962195582491424,5.0
276,717.88,716.0480489805203,4120.69994649901,347.0264470561897,2537.9991576286893,95.83522662150573,76.19874501385843,10.150056444069865,15.800974944146878,2700,4.014837876689439,5.0
277,717.89,715.912228479076,4122.2551377195105,347.3713814601675,2537.9988677123233,95.83513342020528,76.21311979489865,10.238584688508222,15.80118599905907,2700,4.0334709794538215,5.0
278,717.9,715.7773890950474,4123.799866168384,347.7114188594585,2537.9985776915137,95.83504021914659,76.2273961129441,10.327545932337387,15.801397089728704,2700,4.052118770472875,5.0
279,717.91,715.6435258920424,4125.334170241127,348.0466472615096,2537.9982875661726,95.83494701833084,76.24157437182346,10.416940546095134,15.801608215852134,2700,4.070781154137858,5.0
280,717.92,715.510634014069,4126.858087645797,348.3771527052572,2537.9979973362174,95.83485381775921,76.2556549684797,10.506768897131101,15.80181937712686,2700,4.089458035292919,5.0
281,717.93,715.3787086834361,4128.371655419194,348.7030193049039,2537.9977070015584,95.83476061743288,76.2696382931276,10.597031349613816,15.802030573251503,2700,4.108149319227463,5.0
282,717.94,715.2477451995588,4129.874909942678,349.02432929343064,2537.997416562115,95.83466741735303,76.28352472940789,10.687728264537578,15.80224180392579,2700,4.126854911668707,5.0
283,717.95,715.1177389367962,4131.367886957635,349.3411630643082,2537.9971260178027,95.83457421752087,76.29731465453774,10.778859999729228,15.80245306885054,2700,4.145574718774391,5.0
284,717.96,714.9886853429997,4132.85062158066,349.6535992132789,2537.99683536854,95.83448101793756,76.31100843945816,10.870426909854807,15.802664367727628,2700,4.1643086471256625,5.0
285,717.97,714.860579937955,4134.32314831831,349.9617145789445,2537.996544614242,95.8343878186043,76.32460644897786,10.962429346426072,15.802875700259994,2700,4.183056603720109,5.0
286,717.98,714.7334183118128,4135.7855010816265,350.2655842826594,2537.9962537548304,95.83429461952225,76.33810904191394,11.05486765780693,15.803087066151598,2700,4.201818495964961,5.0
287,717.99,714.6071961233175,4137.237713200294,350.56528176760395,2537.9959627902226,95.83420142069265,76.35151657122944,11.147742189219747,15.803298465107419,2700,4.220594231670434,5.0
288,718.0,714.4819090986464,4138.679817436468,350.8608788370649,2537.9956717203404,95.83410822211668,76.36482938416778,11.241053282751547,15.803509896833436,2700,4.239383719043228,5.0
289,718.01,714.3575530298026,4140.111845998332,351.15244569190247,2537.9953805451055,95.83401502379549,76.37804782238402,11.334801277360132,15.803721361036608,2700,4.2581868666801705,5.0
290,718.02,714.2341237731412,4141.53383055332,351.44005096730626,2537.995089264439,95.83392182573033,76.39117222207325,11.428986508880076,15.803932857424861,2700,4.277003583562,5.0
291,718.03,714.1116172478785,4142.945802241074,351.72376176908347,2537.9947978782616,95.83382862792234,76.404202914096,11.52360931002865,15.804144385707069,2700,4.295833779047295,5.0
292,718.04,713.9900294352096,4144.347791686073,352.00364370827543,2537.994506386502,95.83373543037276,76.4171402241008,11.618670010411638,15.804355945593043,2700,4.3146773628665285,5.0
293,718.05,713.8693563762123,4145.739829010001,352.2797609364251,2537.99421478908,95.83364223308274,76.4299844726438,11.714168936529072,15.804567536793513,2700,4.333534245116268,5.0
294,718.0600000000001,713.7495941713155,4147.121943843827,352.55217617861314,2537.993923085921,95.83354903605353,76.44273597530585,11.810106411780882,15.804779159020114,2700,4.352404336253492,5.0
295,718.07,713.6307389785512,4148.494165339618,352.8209507668838,2537.993631276951,95.83345583928626,76.45539504280666,11.906482756472462,15.804990811985377,2700,4.371287547090044,5.0
296,718.08,713.51278701251,4149.856522182065,353.0861446726452,2537.9933393620986,95.83336264278219,76.46796198111649,12.003298287820153,15.805202495402702,2700,4.390183788787208,5.0
297,718.09,713.3957345428915,4151.209042599766,353.34781653792567,2537.9930473412883,95.83326944654249,76.48043709156515,12.10055331995666,15.805414208986356,2700,4.4090929728504005,5.0
298,718.1,713.2795778938028,4152.551754376239,353.6060237067377,2537.9927552144486,95.83317625056836,76.4928206709485,12.198248163936379,15.805625952451463,2700,4.428015011123984,5.0
299,718.11,713.1643134419844,4153.884684860684,353.86082225476736,2537.99246298151,95.833083054861,76.50511301163249,12.296383127740667,15.805837725513975,2700,4.446949815786194,5.0
300,718.12,713.049937616402,4155.207860978496,354.11226701950847,2537.9921706423997,95.83298985942163,76.51731440165474,12.394958516283035,15.806049527890675,2700,4.465897299344186,5.0
301,718.13,712.9364468964305,4156.521309241552,354.36041162871993,2537.9918781970496,95.83289666425142,76.52942512482382,12.493974631414279,15.806261359299159,2700,4.484857374629178,5.0
302,718.14,712.8238378111646,4157.825055758238,354.60530852904157,2537.9915856453886,95.83280346935159,76.54144546081616,12.593431771927536,15.80647321945782,2700,4.503829954791719,5.0
303,718.15,712.7121069384657,4159.119126243232,354.84700901332275,2537.9912929873517,95.83271027472335,76.55337568527072,12.693330233563296,15.806685108085839,2700,4.522814953297047,5.0
304,718.16,712.6012509037009,4160.403546027139,355.0855632476474,2537.991000222867,95.8326170803679,76.56521606988146,12.793670309014338,15.806897024903183,2700,4.541812283920555,5.0
305,718.17,712.4912663787445,4161.678340065786,355.32102029795556,2537.990707351871,95.83252388628644,76.57696688248754,12.894452287930616,15.807108969630578,2700,4.560821860743359,5.0
306,718.18,712.3821500812903,4162.943532949388,355.55342815549244,2537.990414374296,95.83243069248017,76.58862838716165,12.995676456924086,15.807320941989506,2700,4.579843598147969,5.0
307,718.19,712.2738987735162,4164.19914891149,355.782833762188,2537.990121290079,95.83233749895032,76.60020084429601,13.097343099573482,15.807532941702195,2700,4.598877410814033,5.0
308,718.2,712.1665092614903,4165.445211837651,356.00928303512643,2537.9898280991515,95.83224430569808,76.6116845106865,13.199452496429048,15.807744968491612,2700,4.617923213714207,5.0
309,718.21,712.0599783939763,4166.681745273993,356.2328208908075,2537.9895348014525,95.83215111272466,76.62307963961479,13.302004925017199,15.807957022081437,2700,4.63698092211009,5.0
310,718.22,711.9543030617393,4167.908772435496,356.45349126813124,2537.9892413969187,95.83205792003127,76.63438648092858,13.405000659845154,15.808169102196079,2700,4.65605045154826,5.0
311,718.23,711.8494801966316,4169.126316214133,356.6713371518979,2537.988947885487,95.83196472761914,76.64560528111987,13.508439972405517,15.808381208560638,2700,4.675131717856391,5.0
312,718.24,711.7455067707967,4170.334399186798,356.88640059478865,2537.988654267096,95.83187153548943,76.65673628340141,13.612323131180812,15.808593340900922,2700,4.694224637139463,5.0
313,718.25,711.642379795701,4171.533043623066,357.0987227393806,2537.988360541685,95.8317783436434,76.66777972778151,13.716650401647975,15.808805498943414,2700,4.713329125776046,5.0
314,718.26,711.5400963214713,4172.722271492745,357.3083438393326,2537.988066709192,95.83168515208224,76.67873585113686,13.821422046282809,15.809017682415279,2700,4.73244510041467,5.0
315,718.27,711.4386534359654,4173.902104473284,357.5153032806375,2537.98777276956,95.83159196080717,76.6896048872838,13.926638324564397,15.809229891044353,2700,4.751572477970272,5.0
316,718.28,711.3380482642909,4175.072563956973,357.71963960129347,2537.9874787227286,95.83149876981942,76.70038706704794,14.032299492979478,15.809442124559128,2700,4.7707111756207174,5.0
317,718.29,711.2382779676243,4176.233671058009,357.92139051176616,2537.9871845686407,95.83140557912016,76.71108261833196,14.138405805026784,15.809654382688745,2700,4.78986111080341,5.0
318,718.3,711.1393397428621,4177.385446619369,358.1205929142042,2537.9868903072393,95.83131238871063,76.72169176618202,14.244957511221346,15.809866665162996,2700,4.8090222012119535,5.0
319,718.3100000000001,711.0412308216663,4178.527911219539,358.31728292122597,2537.986595938465,95.83121919859205,76.73221473285253,14.351954859098765,15.810078971712302,2700,4.828194364792903,5.0
320,718.32,710.9439484700035,4179.6610851790765,358.5114958744549,2537.986301462266,95.83112600876564,76.74265173786942,14.459398093219452,15.810291302067716,2700,4.847377519742582,5.0
321,718.33,710.8474899870831,4180.784988567025,358.70326636283534,2537.9860068785847,95.8310328192326,76.75300299809186,14.567287455172838,15.810503655960904,2700,4.866571584503959,5.0
322,718.34,710.7518527051668,4181.899641207172,358.8926282397893,2537.9857121873692,95.83093962999416,76.76326872777263,14.675623183581548,15.810716033124152,2700,4.885776477763608,5.0
323,718.35,710.657033988441,4183.005062684166,359.0796146406037,2537.9854173885624,95.83084644105153,76.77344913861704,14.784405514105556,15.810928433290346,2700,4.904992118448714,5.0
324,718.36,710.5630312328116,4184.1012723494905,359.26425799942547,2537.985122482112,95.83075325240593,76.78354443984047,14.893634679446308,15.811140856192976,2700,4.924218425724164,5.0
325,718.37,710.4698418649956,4185.18828932729,359.4465900653269,2537.9848274679684,95.83066006405859,76.7935548382245,15.003310909350823,15.81135330156612,2700,4.943455318989681,5.0
326,718.38,710.3774633419165,4186.266132520072,359.6266419183974,2537.9845323460772,95.83056687601072,76.80348053817187,15.113434430615763,15.811565769144437,2700,4.962702717877028,5.0
327,718.39,710.2858931504443,4187.3348206142555,359.8044439852712,2537.984237116389,95.83047368826354,76.81332174176005,15.22400546709149,15.811778258663171,2700,4.981960542247275,5.0
328,718.4,710.1951288063412,4188.3943720856205,359.9800260544867,2537.983941778854,95.83038050081828,76.82307864879353,15.335024239686083,15.811990769858134,2700,5.001228712188113,5.0
329,718.41,710.1051678540306,4189.4448052046055,360.153417291258,2537.983646333422,95.83028731367615,76.83275145685502,15.446490966369357,15.812203302465704,2700,5.020507148011235,5.0
330,718.42,710.0160078659009,4190.486138041475,360.32464625197804,2537.9833507800445,95.83019412683839,76.84234036135537,15.558405862176846,15.812415856222819,2700,5.039795770249769,5.0
331,718.43,709.9276464418143,4191.5183884713915,360.49374089825216,2537.983055118673,95.8301009403062,76.85184555558226,15.670769139213764,15.812628430866969,2700,5.059094499655763,5.0
332,718.44,709.8400812087232,4192.541574179359,360.66072861095853,2537.982759349261,95.83000775408081,76.86126723074791,15.783581006658967,15.812841026136192,2700,5.0784032571977225,5.0
333,718.45,709.7533098196789,4193.555712665026,360.825636203563,2537.9824634717625,95.82991456816346,76.8706055760356,15.896841670768875,15.813053641769073,2700,5.097721964058204,5.0
334,718.46,709.6673299539954,4194.5608212474235,360.9884899351722,2537.982167486132,95.82982138255535,76.87986077864511,16.010551334881388,15.813266277504724,2700,5.117050541631457,5.0
335,718.47,709.5821393161381,4195.556917069555,361.14931552353914,2537.981871392323,95.82972819725772,76.88903302383702,16.124710199419788,15.813478933082797,2700,5.136388911521109,5.0
336,718.48,709.4977356358164,4196.544017102882,361.3081381574392,2537.981575190291,95.8296350122718,76.89812249497622,16.239318461896634,15.813691608243461,2700,5.155736995537912,5.0
337,718.49,709.4141166669899,4197.522138151724,361.4649825090941,2537.981278879993,95.8295418275988,76.90712937357412,16.354376316917605,15.813904302727416,2700,5.175094715697521,5.0
338,718.5,709.3312801876953,4198.491296857542,361.6198727458076,2537.9809824613867,95.82944864323997,76.91605383933015,16.469883956185402,15.814117016275869,2700,5.1944619942183285,5.0
339,718.51,709.2492239995987,4199.451509703119,361.77283254184107,2537.980685934427,95.8293554591965,76.92489607017204,16.585841568503554,15.814329748630543,2700,5.21383875351934,5.0
340,718.52,709.1679459274621,4200.402793016658,361.9238850896434,2537.980389299077,95.82926227546966,76.93365624229544,16.702249339780273,15.814542499533664,2700,5.233224916218095,5.0
341,718.53,709.0874438187632,4201.345162975769,362.07305311089914,2537.9800925552913,95.82916909206067,76.9423345302024,16.819107453032277,15.814755268727962,2700,5.252620405128629,5.0
342,718.54,709.0077155431817,4202.27863561137,362.2203588675265,2537.9797957030332,95.82907590897074,76.95093110673905,16.9364160883886,15.814968055956664,2700,5.272025143259476,5.0
343,718.55,708.9287589925234,4203.203226811494,362.36582417205904,2537.979498742262,95.82898272620112,76.95944614313247,17.054175423094392,15.815180860963485,2700,5.291439053811716,5.0
344,718.5600000000001,708.8505720798445,4204.11895232501,362.5094703979136,2537.979201672937,95.82888954375301,76.9678798090266,17.172385631514732,15.815393683492632,2700,5.310862060177063,5.0
345,718.57,708.7731527394891,4205.025827765256,362.6513184895801,2537.978904495024,95.82879636162767,76.97623227251742,17.291046885138396,15.815606523288796,2700,5.33029408593598,5.0
346,718.58,708.6964989262323,4205.92386861359,362.7913889723739,2537.9786072084817,95.8287031798263,76.98450370018725,17.41015935258165,15.815819380097146,2700,5.349735054855853,5.0
347,718.59,708.6206086152863,4206.813090222856,362.92970196180903,2537.9783098132752,95.82860999835017,76.99269425713833,17.529723199592024,15.816032253663328,2700,5.3691848908891835,5.0
348,718.6,708.5454798021248,4207.693507820764,363.0662771734174,2537.9780123093697,95.8285168172005,77.00080410702552,17.649738589052074,15.81624514373346,2700,5.388643518171824,5.0
349,718.61,708.4711105013671,4208.565136513206,363.2011339311734,2537.9777146967285,95.82842363637847,77.00883341208845,17.770205680983157,15.816458050054127,2700,5.408110861021252,5.0
350,718.62,708.3974987473782,4209.427991287477,363.3342911771352,2537.977416975317,95.8283304558854,77.01678233318272,17.89112463254916,15.81667097237238,2700,5.427586843934877,5.0
351,718.63,708.3246425930729,4210.2820870154355,363.4657674796384,2537.9771191451005,95.82823727572246,77.02465102981047,18.012495598060294,15.81688391043573,2700,5.447071391588378,5.0
352,718.64,708.2525401100567,4211.127438456581,363.59558104168724,2537.976821206049,95.8281440958909,77.03243966015039,18.13431872897681,15.817096863992141,2700,5.4665644288340784,5.0
353,718.65,708.1811893882988,4211.964060261069,363.72374970968923,2537.976523158127,95.82805091639197,77.04014838108674,18.25659417391277,15.817309832790041,2700,5.486065880699352,5.0
354,718.66,708.1105885355297,4212.791966972646,363.85029098121555,2537.976225001303,95.82795773722688,77.04777734823803,18.379322078639756,15.817522816578297,2700,5.505575672385057,5.0
355,718.67,708.0407356773067,4213.611173031531,363.9752220127797,2537.975926735547,95.82786455839688,77.0553267159849,18.502502586090653,15.81773581510623,2700,5.525093729264014,5.0
356,718.68,707.9716289565192,4214.421692777205,364.0985596277703,2537.975628360828,95.8277713799032,77.06279663749729,18.62613583636336,15.817948828123605,2700,5.54461997687949,5.0
357,718.69,707.9032665328067,4215.22354045116,364.2203203237726,2537.975329877117,95.82767820174706,77.07018726476113,18.750221966724535,15.818161855380623,2700,5.564154340943742,5.0
358,718.7,707.8356465829282,4216.01673019959,364.3405202801386,2537.9750312843844,95.82758502392971,77.07749874860446,18.87476111161334,15.818374896627926,2700,5.583696747336565,5.0
359,718.71,707.7687672997198,4216.801276075986,364.45917536466504,2537.9747325826006,95.8274918464524,77.08473123872271,18.999753402645155,15.818587951616594,2700,5.6032471221038795,5.0
360,718.72,707.7026268924773,4217.577192043687,364.5763011412471,2537.9744337717407,95.82739866931635,77.09188488370377,19.125198968615344,15.818801020098132,2700,5.622805391456346,5.0
361,718.73,707.6372235862084,4218.344491978409,364.69191287600967,2537.974134851775,95.8273054925228,77.09895983105217,19.251097935502965,15.819014101824477,2700,5.642371481768006,5.0
362,718.74,707.5725556216511,4219.1031896706445,364.80602554428907,2537.9738358226787,95.82721231607297,77.10595622721286,19.37745042647453,15.819227196547995,2700,5.661945319574946,5.0
363,718.75,707.5086212548202,4219.853298828069,364.9186538372331,2537.9735366844257,95.82711913996813,77.11287421759451,19.50425656188773,15.819440304021475,2700,5.681526831573994,5.0
364,718.76,707.4454187570364,4220.594833077838,365.0298121679475,2537.973237436991,95.8270259642095,77.11971394659219,19.631516459295167,15.81965342399812,2700,5.701115944621435,5.0
365,718.77,707.3829464142001,4221.3278059689155,365.13951467765554,2537.9729380803506,95.8269327887983,77.12647555760954,19.759230233448122,15.819866556231565,2700,5.720712585731753,5.0
366,718.78,707.3212025270218,4222.052230974233,365.2477752418797,2537.9726386144803,95.82683961373581,77.13315919308057,19.887397996300272,15.820079700475846,2700,5.7403166820764,5.0
367,718.79,707.2601854105909,4222.768121492895,365.3546074761754,2537.9723390393583,95.82674643902324,77.1397649944908,20.01601985701145,15.820292856485423,2700,5.759928160982589,5.0
368,718.8,707.1998933940454,4223.475490852292,365.46002474205255,2537.9720393549615,95.82665326466183,77.146293102398,20.145095921951402,15.820506024015165,2700,5.7795469499321,5.0
369,718.8100000000001,707.1403248203428,4224.174352310164,365.56404015251377,2537.971739561269,95.82656009065282,77.15274365645256,20.274626294703516,15.82071920282035,2700,5.799172976560124,5.0
370,718.82,707.081478046318,4224.864719056623,365.6666665776693,2537.9714396582585,95.82646691699746,77.15911679541726,20.40461107606861,15.820932392656657,2700,5.818806168654117,5.0
371,718.83,707.0233514421789,4225.546604216149,365.7679166495786,2537.9711396459134,95.82637374369696,77.1654126571867,20.535050364068656,15.821145593280178,2700,5.838446454152683,5.0
372,718.84,706.9659433914793,4226.2200208494905,365.86780276827034,2537.970839524209,95.8262805707526,77.17163137880621,20.665944253950578,15.821358804447405,2700,5.858093761144474,5.0
373,718.85,706.9092522906243,4226.88498195557,365.96633710631085,2537.9705392931296,95.8261873981656,77.17777309649044,20.79729283819,15.821572025915227,2700,5.877748017867109,5.0
374,718.86,706.8532765489462,4227.541500473325,366.06353161389944,2537.9702389526583,95.8260942259372,77.18383794564154,20.929096206495036,15.821785257440935,2700,5.897409152706126,5.0
375,718.87,706.7980145884071,4228.189589283516,366.1593980238647,2537.969938502774,95.82600105406864,77.18982606086679,21.061354445810043,15.821998498782216,2700,5.91707709419393,5.0
376,718.88,706.7434648434011,4228.829261210452,366.25394785619204,2537.9696379434613,95.82590788256115,77.19573757599599,21.194067640319428,15.822211749697152,2700,5.936751771008786,5.0
377,718.89,706.6896257604647,4229.460529023756,366.34719242278067,2537.9693372747065,95.825814711416,77.20157262409843,21.327235871451435,15.822425009944213,2700,5.956433111973816,5.0
378,718.9,706.6364957982755,4230.08340544001,366.4391428322237,2537.969036496491,95.82572154063442,77.20733133749948,21.46085921788192,15.822638279282266,2700,5.976121046056018,5.0
379,718.91,706.5840734274658,4230.697903124414,366.5298099938465,2537.9687356088007,95.82562837021764,77.21301384779679,21.594937755538187,15.822851557470564,2700,5.995815502365297,5.0
380,718.92,706.5323571299662,4231.304034692372,366.61920462224805,2537.9684346116223,95.8255352001669,77.21862028587614,21.72947155760275,15.823064844268748,2700,6.015516410153535,5.0
381,718.93,706.4813453995844,4231.901812711082,366.70733724139757,2537.9681335049413,95.82544203048346,77.22415078192705,21.864460694517188,15.823278139436844,2700,6.035223698813647,5.0
382,718.94,706.4310367413561,4232.491249701041,366.79421818902784,2537.967832288746,95.82534886116856,77.22960546545782,21.999905233985942,15.823491442735266,2700,6.054937297878679,5.0
383,718.95,706.3814296712792,4233.072358137559,366.87985762019,2537.9675309630234,95.82525569222342,77.23498446531049,22.135805240980154,15.823704753924805,2700,6.0746571370209175,5.0
384,718.96,706.3325227165228,4233.645150452204,366.96426551177336,2537.967229527762,95.8251625236493,77.2402879096753,22.272160777741487,15.823918072766636,2700,6.094383146051,5.0
385,718.97,706.2843144149801,4234.209639034245,367.04745166588054,2537.966927982952,95.82506935544744,77.24551592610494,22.408971903785982,15.824131399022315,2700,6.114115254917065,5.0
386,718.98,706.2368033152937,4234.765836232035,367.1294257138841,2537.966626328581,95.82497618761907,77.25066864152842,22.54623867590789,15.824344732453774,2700,6.133853393703901,5.0
387,718.99,706.189987976416,4235.313754354371,367.2101971198399,2537.966324564642,95.82488302016546,77.25574618226467,22.683961148183553,15.82455807282332,2700,6.153597492632112,5.0
388,719.0,706.1438669677353,4235.853405671845,367.2897751844027,2537.9660226911246,95.82478985308785,77.26074867403584,22.82213937197524,15.824771419893642,2700,6.173347482057314,5.0
389,719.01,706.0984388690202,4236.384802418118,367.3681690478293,2537.9657207080204,95.82469668638744,77.26567624198033,22.960773395935036,15.824984773427795,2700,6.193103292469317,5.0
390,719.02,706.0537022696074,4236.907956791207,367.4453876941428,2537.965418615325,95.82460352006552,77.27052901066543,23.099863266008718,15.825198133189213,2700,6.212864854491352,5.0
391,719.03,706.0096557691066,4237.422880954716,367.5214399536213,2537.965116413027,95.82451035412332,77.27530710409998,23.239409025439656,15.825411498941698,2700,6.232632098879293,5.0
392,719.04,705.9662979768797,4237.92958703906,367.596334506656,2537.9648141011226,95.82441718856207,77.28001064574633,23.37941071477268,15.82562487044942,2700,6.252404956520896,5.0
393,719.05,705.9236275116156,4238.42808714265,367.6700798869237,2537.9645116796064,95.82432402338303,77.28463975853235,23.51986837185801,15.825838247476925,2700,6.272183358435058,5.0
394,719.0600000000001,705.8816430018554,4238.918393333022,367.7426844840701,2537.9642091484716,95.82423085858743,77.28919456486318,23.660782031855174,15.826051629789124,2700,6.291967235771077,5.0
395,719.07,705.8403430850055,4239.400517648028,367.81415654724384,2537.963906507716,95.82413769417654,77.2936751866325,23.80215172723691,15.826265017151291,2700,6.311756519807946,5.0
396,719.08,705.7997264080572,4239.874472096864,367.8845041878099,2537.963603757336,95.82404453015157,77.2980817452338,23.94397748779312,15.826478409329072,2700,6.331551141953631,5.0
397,719.09,705.7597916268879,4240.3402686612135,367.95373538231865,2537.963300897328,95.82395136651378,77.30241436157132,24.086259340634793,15.826691806088473,2700,6.351351033744386,5.0
398,719.1,705.7205374064192,4240.797919296272,368.02185797536805,2537.9629979276892,95.82385820326441,77.30667315607064,24.22899731019797,15.826905207195864,2700,6.3711561268440695,5.0
399,719.11,705.6819624203018,4241.247435931783,368.08887968238844,2537.9626948484174,95.82376504040471,77.31085824868929,24.37219141824769,15.827118612417982,2700,6.390966353043468,5.0
400,719.12,705.6440653509825,4241.688830473039,368.1548080922439,2537.9623916595137,95.82367187793592,77.31496975892685,24.515841683881987,15.827332021521919,2700,6.410781644259647,5.0
401,719.13,705.6068448893,4242.122114801872,368.21965067021637,2537.962088360977,95.82357871585928,77.31900780583511,24.659948123535827,15.827545434275136,2700,6.4306019325352946,5.0
402,719.14,705.570299734746,4242.547300777617,368.28341476017914,2537.961784952806,95.82348555417605,77.32297250802782,24.804510750985134,15.827758850445445,2700,6.450427150038092,5.0
403,719.15,705.5344285949703,4242.9644002380355,368.34610758717866,2537.9614814350025,95.82339239288746,77.32686398369025,24.949529577350777,15.827972269801025,2700,6.470257229060081,5.0
404,719.16,705.4992301862356,4243.373425000252,368.4077362605132,2537.9611778075696,95.82329923199474,77.33068235058867,25.095004611102567,15.828185692110408,2700,6.490092102017057,5.0
405,719.17,705.4647032323604,4243.7743868616335,368.4683077753014,2537.9608740705075,95.82320607149917,77.33442772607953,25.24093585806329,15.828399117142485,2700,6.509931701447958,5.0
406,719.18,705.4308464655551,4244.167297600661,368.5278290154087,2537.9605702238205,95.82311291140198,77.3381002271184,25.387323321412737,15.828612544666505,2700,6.529775960014277,5.0
407,719.19,705.3976586259364,4244.552168977805,368.58630675565985,2537.960266267511,95.82301975170438,77.34169997026889,25.53416700169173,15.828825974452071,2700,6.549624810499471,5.0
408,719.2,705.3651384612336,4244.9290127363365,368.6437476639056,2537.959962201583,95.82292659240767,77.34522707171121,25.68146689680619,15.82903940626914,2700,6.569478185808393,5.0
409,719.21,705.3332847267801,4245.2978406031625,368.70015830356874,2537.9596580260422,95.82283343351307,77.34868164725059,25.829223002031164,15.829252839888028,2700,6.5893360189667245,5.0
410,719.22,705.3020961858836,4245.6586642895945,368.75554513541795,2537.9593537408937,95.8227402750218,77.35206381232565,25.97743531001494,15.8294662750794,2700,6.6091982431204235,5.0
411,719.23,705.2715716091599,4246.011495492171,368.80991452006253,2537.959049346144,95.82264711693513,77.35537368201635,26.12610381078309,15.829679711614274,2700,6.629064791535172,5.0
412,719.24,705.2417097744368,4246.356345893348,368.86327271985874,2537.9587448417983,95.82255395925431,77.35861137105205,26.27522849174259,15.829893149264027,2700,6.648935597595851,5.0
413,719.25,705.2125094672231,4246.693227162319,368.91562590074216,2537.958440227866,95.82246080198055,77.36177699381922,26.424809337685883,15.83010658780038,2700,6.668810594806,5.0
414,719.26,705.1839694795764,4247.022150955673,368.9669801345694,2537.958135504353,95.82236764511514,77.36487066436894,26.574846330795047,15.830320026995407,2700,6.688689716787309,5.0
415,719.27,705.1560886115216,4247.343128918151,369.0173414008484,2537.9578306712697,95.82227448865927,77.36789249642452,26.725339450645865,15.830533466621535,2700,6.708572897279098,5.0
416,719.28,705.1288656694494,4247.656172683303,369.0667155885521,2537.9575257286233,95.82218133261424,77.37084260338858,26.87628867421199,15.830746906451543,2700,6.728460070137825,5.0
417,719.29,705.102299466972,4247.961293874173,369.11510849806444,2537.957220676425,95.82208817698128,77.37372109835033,27.027693975869084,15.83096034625855,2700,6.748351169336589,5.0
418,719.3,705.0763888244562,4248.258504103963,369.1625258432563,2537.9569155146855,95.8219950217616,77.37652809409244,27.179555327398976,15.831173785816034,2700,6.768246128964636,5.0
419,719.3100000000001,705.0511325691283,4248.5478149766695,369.208973252681,2537.9566102434146,95.82190186695647,77.37926370309795,27.331872697993816,15.831387224897815,2700,6.7881448832268925,5.0
420,719.32,705.026529534705,4248.829238087714,369.2544562718575,2537.956304862625,95.82180871256712,77.38192803755689,27.484646054260264,15.831600663278069,2700,6.808047366443493,5.0
421,719.33,705.0025785615951,4249.10278502455,369.29898036443046,2537.955999372331,95.82171555859482,77.38452120937289,27.63787536022369,15.831814100731307,2700,6.82795351304931,5.0
422,719.34,704.9792784969109,4249.368467367271,369.3425509144271,2537.955693772541,95.82162240504077,77.38704333016953,27.79156057733234,15.832027537032397,2700,6.84786325759351,5.0
423,719.35,704.9566281937285,4249.62629668918,369.38517322747026,2537.955388063272,95.82152925190627,77.38949451129669,27.945701664461602,15.832240971956551,2700,6.867776534739097,5.0
424,719.36,704.9346265120474,4249.876284557382,369.42685253246583,2537.955082244539,95.82143609919251,77.39187486383665,28.100298577918167,15.832454405279329,2700,6.887693279262476,5.0
425,719.37,704.9132723176745,4250.118442533314,369.46759398303607,2537.954776316352,95.82134294690076,77.3941844986101,28.255351271444308,15.832667836776633,2700,6.907613426053017,5.0
426,719.38,704.892564482809,4250.352782173309,369.5074026593866,2537.954470278732,95.82124979503224,77.39642352618205,28.410859696222104,15.832881266224714,2700,6.927536910112633,5.0
427,719.39,704.8725018858746,4250.579315029102,369.5462835693014,2537.9541641316923,95.82115664358824,77.39859205686766,28.56682380087771,15.833094693400167,2700,6.947463666555357,5.0
428,719.4,704.8530834109722,4250.798052648387,369.5842416500314,2537.95385787525,95.82106349256996,77.40069020073777,28.723243531485604,15.833308118079927,2700,6.967393630606922,5.0
429,719.41,704.8343079486589,4251.00900657527,369.6212817694862,2537.953551509422,95.82097034197864,77.4027180676246,28.880118831572897,15.833521540041284,2700,6.987326737604371,5.0
430,719.42,704.8161743950272,4251.212188350809,369.6574087276031,2537.9532450342267,95.82087719181554,77.40467576712697,29.037449642123597,15.833734959061863,2700,7.007262922995637,5.0
431,719.43,704.798681652391,4251.407609513468,369.69262725773785,2537.952938449685,95.82078404208193,77.40656340861582,29.19523590158292,15.833948374919634,2700,7.027202122339163,5.0
432,719.44,704.7818286283664,4251.595281599575,369.72694202832105,2537.952631755812,95.82069089277897,77.40838110123923,29.353477545861605,15.834161787392919,2700,7.047144271303504,5.0
433,719.45,704.7656142364668,4251.775216143824,369.7603576434573,2537.9523249526287,95.82059774390798,77.41012895392765,29.512174508340244,15.83437519626037,2700,7.067089305666957,5.0
434,719.46,704.7500373961298,4251.947424679669,369.7928786448648,2537.9520180401573,95.82050459547015,77.41180707539883,29.6713267198736,15.834588601300991,2700,7.0870371613171725,5.0
435,719.47,704.735097031898,4252.111918739795,369.82450951284045,2537.9517110184183,95.82041144746675,77.41341557416263,29.830934108794985,15.834802002294131,2700,7.106987774250787,5.0
436,719.48,704.7207920742036,4252.26870985652,369.85525466743456,2537.9514038874318,95.82031829989903,77.41495455852599,29.99099660092059,15.835015399019472,2700,7.126941080573065,5.0
437,719.49,704.7071214586458,4252.41780956223,369.88511846976735,2537.9510966472203,95.8202251527682,77.41642413659743,30.151514119553863,15.835228791257046,2700,7.146897016497532,5.0
438,719.5,704.6940841263058,4252.559229389757,369.9141052231052,2537.9507892978086,95.82013200607553,77.41782441629174,30.312486585489907,15.835442178787227,2700,7.166855518345622,5.0
439,719.51,704.6816790235921,4252.692980872796,369.94221917406253,2537.950481839218,95.82003885982223,77.41915550533444,30.473913917019857,15.835655561390727,2700,7.1868165225463345,5.0
440,719.52,704.6699051022741,4252.819075546277,369.9694645137507,2537.9501742714738,95.81994571400956,77.42041751126624,30.63579602993529,15.835868938848602,2700,7.206779965635883,5.0
441,719.53,704.658761319236,4252.937524946737,369.9958453786894,2537.9498665945994,95.81985256863877,77.42161054144721,30.798132837532645,15.83608231094225,2700,7.226745784257363,5.0
442,719.54,704.648246636323,4253.048340612687,370.0213658521429,2537.9495588086224,95.81975942371106,77.42273470306118,30.960924250617655,15.836295677453412,2700,7.246713915160419,5.0
443,719.55,704.6383600208515,4253.151534084963,370.04602996501075,2537.949250913566,95.8196662792277,77.42379010311981,31.124170177509768,15.836509038164168,2700,7.26668429520091,5.0
444,719.5600000000001,704.6291004447971,4253.247116907099,370.0698416969221,2537.948942909459,95.81957313518993,77.42477684846654,31.287870524046625,15.83672239285694,2700,7.286656861340597,5.0
445,719.57,704.6204668854018,4253.335100625607,370.0928049770139,2537.9486347963257,95.81947999159898,77.42569504578073,31.452025193588494,15.836935741314488,2700,7.306631550646814,5.0
446,719.58,704.6124583246459,4253.415496790363,370.11492368528855,2537.9483265741974,95.81938684845608,77.42654480158143,31.616634087022774,15.83714908331992,2700,7.3266083002921585,5.0
447,719.59,704.6050737495733,4253.4883169549,370.13620165335874,2537.948018243099,95.81929370576248,77.42732622223123,31.78169710276846,15.83736241865668,2700,7.346587047554188,5.0
448,719.6,704.5983121516723,4253.55357267672,370.15664266547566,2537.94770980306,95.81920056351943,77.42803941393997,31.94721413678066,15.837575747108552,2700,7.366567729815104,5.0
449,719.61,704.5921725275786,4253.6112755176,370.1762504593519,2537.9474012541127,95.81910742172813,77.42868448276847,32.11318508255507,15.837789068459665,2700,7.386550284561461,5.0
450,719.62,704.5866538785527,4253.66143704389,370.19502872697586,2537.9470925962837,95.81901428038987,77.42926153463199,32.279609831132525,15.838002382494487,2700,7.406534649383869,5.0
451,719.63,704.5817552104301,4253.704068826798,370.2129811159012,2537.946783829605,95.81892113950583,77.42977067530377,32.446488271103526,15.838215688997826,2700,7.426520761976697,5.0
452,719.64,704.5774755336657,4253.739182442663,370.2301112296641,2537.94647495411,95.81882799907729,77.43021201041859,32.61382028861278,15.83842898775483,2700,7.446508560137788,5.0
453,719.65,704.5738138632855,4253.766789473244,370.24642262890933,2537.946165969826,95.81873485910546,77.43058564547594,32.78160576736373,15.83864227855099,2700,7.466497981768187,5.0
454,719.66,704.5707692188387,4253.7869015059805,370.261918832118,2537.9458568767895,95.8186417195916,77.43089168584345,32.94984458862318,15.838855561172133,2700,7.48648896487184,5.0
455,719.67,704.5683406246333,4253.799530134224,370.27660331647945,2537.945547675031,95.81854858053693,77.43113023676008,33.118536631225815,15.839068835404433,2700,7.506481447555337,5.0
456,719.68,704.5665271087468,4253.804686957535,370.29047951843336,2537.9452383645844,95.81845544194269,77.43130140333926,33.28768177157881,15.8392821010344,2700,7.526475368027629,5.0
457,719.69,704.5653277042068,4253.802383581877,370.30355083504696,2537.9449289454865,95.8183623038101,77.43140529057202,33.45727988366644,15.839495357848884,2700,7.5464706645997754,5.0
458,719.7,704.5647414483792,4253.792631619895,370.31582062405033,2537.9446194177685,95.81826916614041,77.43144200333,33.627330839054686,15.839708605635078,2700,7.56646727568466,5.0
459,719.71,704.5647673823587,4253.77544269113,370.3272922050196,2537.9443097814683,95.81817602893486,77.43141164636845,33.79783450689585,15.839921844180518,2700,7.586465139796749,5.0
460,719.72,704.5654045519628,4253.750828422228,370.3379688601899,2537.9440000366203,95.81808289219465,77.43131432432912,33.968790753933206,15.840135073273075,2700,7.606464195551823,5.0
461,719.73,704.5666520074044,4253.718800447184,370.3478538348519,2537.943690183262,95.81798975592106,77.4311501417431,34.140199444505605,15.840348292700961,2700,7.62646438166673,5.0
462,719.74,704.5685088023082,4253.679370407541,370.3569503381705,2537.943380221431,95.81789662011529,77.43091920303365,34.31206044055221,15.840561502252733,2700,7.6464656369591335,5.0
463,719.75,704.5709739953651,4253.632549952583,370.365261544134,2537.943070151163,95.81780348477861,77.4306216125189,34.48437360161706,15.840774701717285,2700,7.6664679003472695,5.0
464,719.76,704.5740466484052,4253.578350739553,370.3727905917685,2537.942759972499,95.8177103499122,77.43025747441457,34.65713878485385,15.840987890883852,2700,7.6864711108496975,5.0
465,719.77,704.577725828055,4253.516784433843,370.379540586146,2537.942449685475,95.81761721551733,77.42982689283657,34.83035584503055,15.841201069542013,2700,7.706475207585071,5.0
466,719.78,704.5820106043767,4253.447862709181,370.3855145989609,2537.9421392901313,95.81752408159521,77.42932997180353,35.004024634534154,15.841414237481683,2700,7.7264801297718915,5.0
467,719.79,704.5869000517724,4253.371597247793,370.39071566914834,2537.9418287865096,95.81743094814709,77.42876681523943,35.17814500337535,15.841627394493123,2700,7.746485816728281,5.0
468,719.8,704.5923932483788,4253.2879997406135,370.39514680332985,2537.9415181746485,95.81733781517418,77.42813752697596,35.35271679919327,15.841840540366931,2700,7.766492207871753,5.0
469,719.8100000000001,704.5984892762178,4253.1970818874315,371.5546995092262,2537.94120745459,95.81724468267772,77.42740603619824,35.52773986726023,15.84205367489405,2700,7.786499242718983,5.0
470,719.82,704.6055164171927,4253.0948812523575,371.5459416016821,2537.940896626376,95.81715155065895,77.42672475480803,35.703214050486466,15.842266797824275,2700,7.806506846506327,5.0
471,719.83,704.6120877170442,4252.998142105454,371.53765268351117,2537.9405856900567,95.81705841911909,77.42581035305706,35.87913915495835,15.84247990921515,2700,7.826515051123848,5.0
472,719.84,704.6207816104102,4252.875738456798,371.52716013288364,2537.9402746456212,95.81696528805938,77.42483138405291,36.05551523979054,15.842693008049805,2700,7.846523516023139,5.0
473,719.85,704.6300642729782,4252.746188073213,371.5160539690445,2537.939963493278,95.81687215748101,77.4237873218533,36.23234146920819,15.842906095348457,2700,7.866532606707002,5.0
474,719.86,704.6399405388343,4252.609433456726,371.5043292540408,2537.9396522328198,95.81677902738525,77.42267870542351,36.40961869344866,15.843119170017392,2700,7.886541956059432,5.0
475,719.87,704.6504055495194,4252.465534330071,371.49199111476787,2537.9393408644723,95.81668589777333,77.42150562783851,36.58734601796698,15.84333223185524,2700,7.9065515059642735,5.0
476,719.88,704.6614585093686,4252.314501360997,371.4790404661814,2537.939029388281,95.81659276864643,77.42026818068798,36.765523258686265,15.843545280655418,2700,7.926561196772319,5.0
477,719.89,704.6730986385087,4252.1563450688855,371.4654782102019,2537.9387178042894,95.81649964000583,77.41896645639915,36.944150252793214,15.843758316214311,2700,7.946570969698738,5.0
478,719.9,704.6853251522692,4251.991076084159,371.4513052585635,2537.9384061125447,95.81640651185272,77.41760054746247,37.123226823754074,15.843971338328616,2700,7.966580766047924,5.0
479,719.91,704.6981372684058,4251.818705061729,371.4365225247717,2537.9380943130936,95.81631338418835,77.41617054645057,37.302752792794855,15.844184346795343,2700,7.986590527209273,5.0
480,719.92,704.7115342071029,4251.639242682984,371.42113092476797,2537.937782405984,95.81622025701391,77.4146765460109,37.48272797880325,15.84439734141181,2700,8.006600194658658,5.0
481,719.93,704.7255151897065,4251.452699654904,371.4051313763996,2537.9374703912613,95.81612713033066,77.41311863886533,37.66315219837032,15.844610321975653,2700,8.02660970995835,5.0
482,719.94,704.7400794406007,4251.2590867099125,371.3885247998849,2537.9371582689787,95.81603400413981,77.41149691781011,37.844025265795345,15.844823288284816,2700,8.046619014756986,5.0
483,719.95,704.7552261858757,4251.058414605804,371.37131211752194,2537.936846039181,95.81594087844258,77.40981147571519,38.02534699309053,15.845036240137562,2700,8.066628050789523,5.0
484,719.96,704.7709546533185,4250.850694125555,371.35349425357293,2537.9365337019217,95.81584775324018,77.40806240552412,38.207117189985745,15.845249177332462,2700,8.086636759877171,5.0
485,719.97,704.7872640733459,4250.635936077252,371.3350721346001,2537.936221257249,95.81575462853387,77.40624980025372,38.38933566393332,15.845462099668412,2700,8.106645083927365,5.0
486,719.98,704.8041536782384,4250.41415129395,371.31604668913775,2537.9359087052135,95.81566150432484,77.40437375299362,38.572002220112815,15.84567500694461,2700,8.126652964933701,5.0
487,719.99,704.8216227021327,4250.18535063354,371.29641884787856,2537.9355960458674,95.81556838061431,77.402434356906,38.75511666143582,15.845887898960582,2700,8.146660344975892,5.0
488,720.0,704.8396703813859,4249.949544978634,371.2761895435553,2537.9352832792615,95.81547525740349,77.40043170522534,38.93867878855077,15.846100775516163,2700,8.166667166219723,5.0
489,720.01,704.8582959543786,4249.706745236447,371.25535971098054,2537.934970405451,95.81538213469364,77.39836589125794,39.12268839984774,15.84631363641151,2700,8.186673370916992,5.0
490,720.02,704.8774986613163,4249.456962338651,371.23393028701355,2537.9346574244873,95.81528901248595,77.39623700838173,39.30714529146332,15.846526481447096,2700,8.206678901405477,5.0
491,720.03,704.8972777444067,4249.200207241273,371.21190221051995,2537.9343443364237,95.81519589078165,77.39404515004587,39.49204925728542,15.846739310423713,2700,8.22668370010887,5.0
492,720.04,704.9176324484173,4248.936490924574,371.18927642251464,2537.9340311413143,95.81510276958196,77.39179040977044,39.677400088958144,15.846952123142467,2700,8.246687709536744,5.0
493,720.05,704.9385620191547,4248.665824392902,371.1660538659278,2537.9337178392148,95.81500964888808,77.38947288114606,39.863197575886666,15.84716491940479,2700,8.266690872284492,5.0
494,720.0600000000001,704.9600657053427,4248.388218674587,371.1422354857499,2537.9334044301786,95.81491652870125,77.3870926578337,40.049441505242065,15.84737769901243,2700,8.286693131033294,5.0
495,720.07,704.982142756913,4248.103684821808,371.11782222887473,2537.933090914264,95.81482340902267,77.38464983356423,40.2361316619663,15.847590461767455,2700,8.306694428550056,5.0
496,720.08,705.0047924257512,4247.81223391048,371.0928150444276,2537.932777291525,95.81473028985356,77.38214450213812,40.42326782877701,15.847803207472257,2700,8.326694707687372,5.0
497,720.09,705.0280139666302,4247.513877040124,371.0672148832059,2537.9324635620196,95.81463717119512,77.37957675742517,40.61084978617252,15.848015935929546,2700,8.346693911383467,5.0
498,720.1,705.051806635123,4247.208625333737,371.0410226983239,2537.9321497258047,95.81454405304859,77.37694669336403,40.798877312436716,15.848228646942353,2700,8.366691982662159,5.0
499,720.11,705.0761696892955,4246.8964899376715,371.01423944449914,2537.931835782939,95.81445093541517,77.37425440396211,40.987350183643976,15.848441340314034,2700,8.38668886463281,5.0
500,720.12,705.1011023891257,4246.577482021529,370.9868660786736,2537.9315217334797,95.81435781829607,77.37149998329504,41.17626817366417,15.848654015848268,2700,8.406684500490272,5.0
501,720.13,705.1266039963089,4246.251612778012,370.9589035595983,2537.9312075774874,95.81426470169252,77.36868352550646,41.365631054167544,15.848866673349058,2700,8.42667883351485,5.0
502,720.14,705.1526737742456,4245.918893422815,370.9303528479936,2537.93089331502,95.8141715856057,77.3658051248076,41.555438594629756,15.849079312620725,2700,8.446671807072255,5.0
503,720.15,705.1793109889782,4245.579335194494,370.90121490655645,2537.930578946138,95.81407847003686,77.36286487547711,41.74569056233683,15.849291933467923,2700,8.466663364613547,5.0
504,720.16,705.2065149074795,4245.232949354354,370.87149069972486,2537.9302644709037,95.8139853549872,77.35986287186056,41.936386722390154,15.849504535695624,2700,8.486653449675098,5.0
505,720.17,705.2342847993449,4244.87974718631,370.84118119405264,2537.9299498893756,95.8138922404579,77.35679920837022,42.127526837711464,15.84971711910913,2700,8.506642005878549,5.0
506,720.18,705.2626199352707,4244.5197399967765,370.8102873577789,2537.9296352016177,95.8137991264502,77.35367397948465,42.31911066904789,15.849929683514064,2700,8.526628976930752,5.0
507,720.19,705.2915195887451,4244.152939114535,370.77881016119727,2537.92932040769,95.8137060129653,77.35048727974853,42.51113797497696,15.850142228716383,2700,8.546614306623738,5.0
508,720.2,705.320983034149,4243.7793558906305,370.7467505763432,2537.929005507655,95.81361290000441,77.3472392037721,42.703608511911646,15.85035475452236,2700,8.566597938834656,5.0
509,720.21,705.3510095484481,4243.399001698209,370.714109577207,2537.9286905015783,95.81351978756875,77.34392984623109,42.8965220341054,15.850567260738606,2700,8.586579817525747,5.0
510,720.22,705.3815984098596,4243.011887932442,370.68088813952994,2537.9283753895224,95.81342667565949,77.34055930186614,43.08987829365722,15.850779747172052,2700,8.60655988674428,5.0
511,720.23,705.4127488985998,4242.618026010366,370.64708724093737,2537.9280601715504,95.81333356427785,77.33712766548268,43.28367704051671,15.850992213629963,2700,8.626538090622521,5.0
512,720.24,705.4444602968736,4242.217427370783,370.6127078609665,2537.927744847729,95.81324045342505,77.33363503195052,43.477918022489156,15.851204659919928,2700,8.646514373377672,5.0
513,720.25,705.4767318881098,4241.810103474128,370.5777509807435,2537.9274294181214,95.81314734310229,77.33008149620349,43.672600985240635,15.851417085849869,2700,8.666488679311849,5.0
514,720.26,705.5095629586532,4241.396065802335,370.54221758358835,2537.9271138827953,95.81305423331077,77.32646715323921,43.86772567230308,15.851629491228037,2700,8.686460952812016,5.0
515,720.27,705.5429527951088,4240.975325858743,370.5061086541621,2537.926798241816,95.81296112405168,77.32279209811858,44.06329182507942,15.85184187586301,2700,8.706431138349952,5.0
516,720.28,705.5769006869788,4240.547895167945,370.46942517921116,2537.926482495251,95.81286801532625,77.31905642596575,44.25929918284867,15.852054239563701,2700,8.7263991804822,5.0
517,720.29,705.6114059251407,4240.113785275687,370.43216814715214,2537.9261666431667,95.81277490713566,77.31526023196751,44.45574748277108,15.852266582139352,2700,8.746365023850032,5.0
518,720.3,705.6464678020283,4239.67300774872,370.39433854827826,2537.9258506856313,95.81268179948113,77.31140361137308,44.652636459893266,15.852478903399536,2700,8.766328613179395,5.0
519,720.3100000000001,705.6820856121892,4239.225574174711,370.3559373744767,2537.9255346227133,95.81258869236385,77.30748665949385,44.84996584715337,15.852691203154162,2700,8.78628989328087,5.0
520,720.32,705.7182586517076,4238.771496162087,370.3169656194646,2537.9252184544816,95.812495585785,77.30350947170288,45.047735375386175,15.852903481213465,2700,8.806248809049627,5.0
521,720.33,705.754986218197,4238.3107853399315,370.2774242786412,2537.9249021810065,95.8124024797458,77.29947214343478,45.24594477332834,15.853115737388022,2700,8.826205305465397,5.0
522,720.34,705.7922676111675,4237.8434533578675,370.23731434924406,2537.9245858023546,95.81230937424745,77.29537477018526,45.44459376762352,15.853327971488733,2700,8.846159327592398,5.0
523,720.35,705.8301021320178,4237.369511885915,370.1966368301949,2537.9242693186,95.81221626929114,77.2912174475108,45.64368208282759,15.85354018332684,2700,8.866110820579316,5.0
524,720.36,705.8684890832695,4236.888972614386,370.15539272205166,2537.923952729811,95.81212316487807,77.28700027102838,45.843209441413805,15.853752372713915,2700,8.886059729659259,5.0
525,720.37,705.9074277696934,4236.4018472537555,370.1135830269431,2537.9236360360615,95.81203006100942,77.28272333641512,46.04317556377805,15.853964539461868,2700,8.906006000149697,5.0
526,720.38,705.9469174975424,4235.908147534541,370.07120874906235,2537.92331923742,95.81193695768641,77.27838673940796,46.243580168244016,15.854176683382942,2700,8.925949577452439,5.0
527,720.39,705.9869575745448,4235.407885207178,370.0282708939555,2537.923002333963,95.81184385491022,77.27399057580335,46.44442297106845,15.854388804289718,2700,8.945890407053582,5.0
528,720.4,706.027547310272,4234.901072041902,369.9847704689309,2537.922685325759,95.81175075268206,77.26953494145693,46.64570368644637,15.85460090199511,2700,8.965828434523466,5.0
529,720.41,706.068686015941,4234.387719828619,369.94070848288357,2537.922368212886,95.81165765100309,77.26501993228317,46.847422026516334,15.85481297631237,2700,8.985763605516635,5.0
530,720.42,706.1103730044058,4233.867840376804,369.8960859464723,2537.9220509954134,95.81156454987452,77.26044564425506,47.04957770136566,15.85502502705509,2700,9.005695865771788,5.0
531,720.43,706.15260758977,4233.341445515344,369.8509038719606,2537.921733673419,95.81147144929754,77.25581217340378,47.252170419035714,15.855237054037195,2700,9.025625161111746,5.0
532,720.44,706.1953890883241,4232.808547092458,369.8051632732034,2537.9214162469752,95.81137834927334,77.2511196158185,47.455199885527165,15.855449057072951,2700,9.045551437443407,5.0
533,720.45,706.238716817779,4232.2691569755425,369.75886516557784,2537.9210987161587,95.8112852498031,77.24636806764579,47.65866580480526,15.855661035976961,2700,9.065474640757696,5.0
534,720.46,706.2825900972595,4231.72328705106,369.712010566273,2537.920781081046,95.81119215088802,77.24155762508948,47.86256787880513,15.855872990564169,2700,9.085394717129535,5.0
535,720.47,706.3270082476715,4231.170949224426,369.66460049387496,2537.920463341711,95.81109905252929,77.23668838441041,48.06690580743707,15.856084920649854,2700,9.10531161271779,5.0
536,720.48,706.3719705909383,4230.6121554198835,369.616635968685,2537.9201454982326,95.81100595472807,77.23176044192589,48.27167928859185,15.856296826049638,2700,9.125225273765237,5.0
537,720.49,706.4174764518825,4230.046917580371,369.5681180124463,2537.9198275506874,95.81091285748559,77.22677389400958,48.47688801814602,15.856508706579485,2700,9.145135646598519,5.0
538,720.5,706.4635251553805,4229.475247667421,369.51904764865674,2537.919509499155,95.81081976080303,77.22172883709095,48.68253168996726,15.856720562055695,2700,9.165042677628096,5.0
539,720.51,706.5101160288134,4228.897157661017,369.46942590207266,2537.9191913437103,95.81072666468152,77.21662536765524,48.88860999591968,15.85693239229491,2700,9.18494631334822,5.0
540,720.52,706.5572484005439,4228.312659559496,369.4192537993188,2537.9188730844335,95.8106335691223,77.21146358224283,49.09512262586915,15.857144197114117,2700,9.204846500336881,5.0
541,720.53,706.6049216012334,4227.721765379405,369.3685323683867,2537.9185547214047,95.81054047412653,77.20624357744919,49.302069267688694,15.857355976330638,2700,9.224743185255761,5.0
542,720.54,706.6531349623185,4227.124487155394,369.3172626386936,2537.918236254702,95.81044737969539,77.20096544992431,49.5094496072638,15.857567729762145,2700,9.244636314850213,5.0
543,720.55,706.7018878169499,4226.520836940093,369.2654456413735,2537.917917684407,95.81035428583006,77.1956292963726,49.7172633284978,15.857779457226648,2700,9.264525835949202,5.0
544,720.5600000000001,706.7511794999829,4225.910826803994,369.2130824089794,2537.9175990106023,95.81026119253173,77.19023521355246,49.925510113317266,15.8579911585425,2700,9.28441169546527,5.0
545,720.57,706.8010093474012,4225.294468835319,369.16017397548757,2537.9172802333633,95.81016809980156,77.18478329827589,50.13418964167734,15.8582028335284,2700,9.304293840394493,5.0
546,720.58,706.8513766972558,4224.671775139914,369.1067213763707,2537.9169613527774,95.81007500764073,77.17927364740831,50.34330159156714,15.85841448200339,2700,9.32417221781645,5.0
547,720.59,706.9022808887092,4224.042757841116,369.05272564866596,2537.916642368924,95.80998191605046,77.17370635786814,50.55284563901519,15.858626103786854,2700,9.344046774894167,5.0
548,720.6,706.9537212624061,4223.407429079649,368.99818783085294,2537.9163232818855,95.80988882503188,77.16808152662651,50.76282145809478,15.858837698698522,2700,9.36391745887409,5.0
549,720.61,707.0056971604649,4222.765801013488,368.9431089627102,2537.916004091745,95.80979573458617,77.16239925070694,50.973228720929384,15.859049266558472,2700,9.38378421708604,5.0
550,720.62,707.0582079266585,4222.117885817734,368.8874900857734,2537.9156847985873,95.80970264471453,77.15665962718504,51.184067097698104,15.859260807187123,2700,9.403646996943168,5.0
551,720.63,707.1112529058381,4221.463695684526,368.83133224257665,2537.915365402495,95.8096095554181,77.15086275318812,51.395336256641066,15.85947232040524,2700,9.42350574594192,5.0
552,720.64,707.1648314446821,4220.803242822891,368.77463647741126,2537.915045903553,95.80951646669808,77.14500872589494,51.60703586406486,15.85968380603394,2700,9.443360411662,5.0
553,720.65,707.2189428914994,4220.136539458627,368.71740383581306,2537.914726301847,95.80942337855564,77.13909764253533,51.819165584348006,15.859895263894678,2700,9.463210941766324,5.0
554,720.66,707.2735865948944,4219.4635978342,368.6596353648488,2537.9144065974615,95.80933029099192,77.1331296003899,52.031725079946355,15.860106693809264,2700,9.483057284000978,5.0
555,720.67,707.3287619062215,4218.784430208609,368.6013321129532,2537.914086790482,95.80923720400813,77.12710469678981,52.2447140113986,15.860318095599851,2700,9.502899386195192,5.0
556,720.68,707.3844681774921,4218.099048857274,368.54249512970176,2537.913766880996,95.80914411760541,77.12102302911624,52.45813203733169,15.86052946908894,2700,9.522737196261284,5.0
557,720.69,707.4407047626953,4217.407466071912,368.4831254664131,2537.9134468690895,95.80905103178495,77.11488469480022,52.67197881446633,15.860740814099382,2700,9.542570662194631,5.0
558,720.7,707.4974710164606,4216.709694160421,368.4232241754558,2537.9131267548496,95.80895794654788,77.10868979132229,52.88625399762243,15.860952130454375,2700,9.562399732073624,5.0
559,720.71,707.554766295378,4216.005745446767,368.3627923108161,2537.912806538364,95.80886486189542,77.10243841621218,53.100957239724636,15.861163417977465,2700,9.582224354059635,5.0
560,720.72,707.6125899570412,4215.29563227085,368.30183092758654,2537.912486219721,95.8087717778287,77.09613066704843,53.31608819180777,15.861374676492552,2700,9.602044476396971,5.0
561,720.73,707.6709413609873,4214.579366988404,368.24034108226573,2537.9121657990104,95.80867869434887,77.08976664145817,53.53164650302237,15.86158590582388,2700,9.62186004741284,5.0
562,720.74,707.7298198673632,4213.856961970852,368.1783238327606,2537.9118452763178,95.80858561145713,77.08334643711667,53.747631820640144,15.861797105796045,2700,9.64167101551731,5.0
563,720.75,707.789224838243,4213.128429605216,368.1157802381808,2537.911524651737,95.80849252915462,77.0768701517472,53.96404379005953,15.862008276233993,2700,9.661477329203269,5.0
564,720.76,707.8491556366724,4212.3937822939815,368.05271135898596,2537.911203925355,95.80839944744251,77.07033788312052,54.18088205481118,15.862219416963024,2700,9.681278937046386,5.0
565,720.77,707.90961162742,4211.653032454989,367.9891182569596,2537.9108830972636,95.80830636632194,77.06374972905468,54.398146256563514,15.862430527808783,2700,9.701075787705078,5.0
566,720.78,707.9705921762093,4210.906192521305,367.92500199501154,2537.9105621675526,95.80821328579411,77.05710578741466,54.61583603512824,15.862641608597274,2700,9.720867829920467,5.0
567,720.79,708.0320966502816,4210.153274941101,367.8603636375131,2537.9102411363137,95.80812020586015,77.05040615611206,54.83395102846587,15.862852659154848,2700,9.740655012516337,5.0
568,720.8,708.0941244185756,4209.394292177558,367.79520425002215,2537.909920003639,95.80802712652121,77.0436509331048,55.05249087269128,15.863063679308208,2700,9.760437284399101,5.0
569,720.8100000000001,708.1566748502036,4208.629256708727,367.72952489931504,2537.9095987696205,95.80793404777846,77.03684021639673,55.271455202079274,15.86327466888441,2700,9.780214594557771,5.0
570,720.82,708.2197473169098,4207.858181027413,367.66332665350336,2537.9092774343508,95.80784096963305,77.02997410403746,55.49084364907012,15.863485627710865,2700,9.799986892063902,5.0
571,720.83,708.2833411909731,4207.081077641075,367.5966105817452,2537.908955997922,95.80774789208616,77.02305269412184,55.710655844275124,15.863696555615334,2700,9.819754126071565,5.0
572,720.84,708.3474558459626,4206.297959071688,367.5293777546366,2537.9086344604307,95.80765481513889,77.01607608478982,55.930891416482176,15.863907452425936,2700,9.83951624581731,5.0
573,720.85,708.4120906571047,4205.50883785563,367.46162924390865,2537.908312821967,95.80756173879242,77.00904437422601,56.151549992661366,15.864118317971139,2700,9.85927320062012,5.0
574,720.86,708.4772450003292,4204.713726543571,367.3933661223933,2537.9079910826267,95.8074686630479,77.00195766065946,56.372631197970506,15.864329152079769,2700,9.87902493988138,5.0
575,720.87,708.5429182533994,4203.912637700365,367.32458946427266,2537.907669242506,95.80737558790649,76.99481604236327,56.5941346557608,15.864539954581002,2700,9.898771413084843,5.0
576,720.88,708.6091097949554,4203.1055839049,367.2553003447818,2537.9073473016974,95.80728251336934,76.98761961765429,56.81605998758233,15.864750725304374,2700,9.91851256979658,5.0
577,720.89,708.6758190050759,4202.292577750011,367.185499840353,2537.9070252603,95.80718943943758,76.98036848489282,57.03840681318975,15.864961464079775,2700,9.938248359664954,5.0
578,720.9,708.7430452650806,4201.473631842361,367.11518902871984,2537.9067031184068,95.80709636611236,76.97306274248228,57.26117475054784,15.865172170737448,2700,9.957978732420571,5.0
579,720.91,708.8107879573323,4200.648758802305,367.0443689886153,2537.906380876116,95.80700329339484,76.9657024888689,57.48436341583711,15.865382845107995,2700,9.977703637876258,5.0
580,720.92,708.8790464656097,4199.817971263789,366.97304079987134,2537.9060585335246,95.80691022128616,76.95828782254141,57.70797242345944,15.865593487022373,2700,9.997423025927013,5.0
581,720.93,708.9478201750987,4198.98128187424,366.9012055436044,2537.9057360907286,95.80681714978745,76.95081884203067,57.932001386043694,15.865804096311894,2700,10.017136846549972,5.0
582,720.94,709.017108471247,4198.138703294424,366.82886430202564,2537.9054135478273,95.80672407889985,76.94329564590944,58.156449914451336,15.866014672808232,2700,10.036845049804374,5.0
583,720.95,709.0869107418434,4197.290248198354,366.75601815838485,2537.905090904918,95.80663100862454,76.93571833279209,58.38131761778205,15.86622521634341,2700,10.056547585831522,5.0
584,720.96,709.1572263754916,4196.435929273174,366.68266819710755,2537.9047681621005,95.8065379389626,76.92808700133408,58.606604103379425,15.866435726749817,2700,10.07624440485474,5.0
585,720.97,709.2280547617942,4195.575759219015,366.6088155036776,2537.904445319473,95.80644486991523,76.92040175023183,58.832308976836515,15.866646203860192,2700,10.095935457179353,5.0
586,720.98,709.2993952913426,4194.709750748918,366.53446116461646,2537.904122377135,95.80635180148353,76.91266267822239,59.05843184200157,15.866856647507637,2700,10.115620693192628,5.0
587,720.99,709.3712473566612,4193.837916588685,366.4596062676606,2537.9037993351867,95.80625873366864,76.90486988408311,59.284972300983625,15.867067057525615,2700,10.135300063363761,5.0
588,721.0,709.443610350488,4192.960269476792,366.38425190140765,2537.9034761937287,95.80616566647173,76.89702346663123,59.51192995415821,15.86727743374794,2700,10.154973518243818,5.0
589,721.01,709.51648366767,4192.076822164241,366.30839915572824,2537.903152952862,95.8060725998939,76.88912352472369,59.739304400172955,15.867487776008794,2700,10.17464100846571,5.0
590,721.02,709.5898667032526,4191.18758741448,366.2320491214182,2537.9028296126867,95.80597953393627,76.88117015725675,59.96709523595329,15.86769808414271,2700,10.194302484744158,5.0
591,721.03,709.6637588541844,4190.292578003261,366.1552028903736,2537.9025061733046,95.80588646860001,76.87316346316575,60.19530205670811,15.867908357984586,2700,10.213957897875659,5.0
592,721.04,709.7381595181679,4189.39180671854,366.0778615553602,2537.9021826348176,95.80579340388624,76.86510354142465,60.42392445593545,15.868118597369675,2700,10.23360719873843,5.0
593,721.05,709.8130680938443,4188.485286360352,366.00002621042324,2537.90185899733,95.80570033979608,76.85699049104585,60.652962025428174,15.868328802133599,2700,10.253250338292403,5.0
594,721.0600000000001,709.8884839815439,4187.573029740708,365.9216979503106,2537.901535260942,95.80560727633068,76.8488244110799,60.88241435527962,15.86853897211233,2700,10.27288726757916,5.0
595,721.07,709.9644065823297,4186.655049683472,365.84287787104734,2537.9012114257584,95.80551421349112,76.84060540061496,61.11228103388936,15.86874910714221,2700,10.292517937721914,5.0
596,721.08,710.040835298561,4185.731359024242,365.7635670694815,2537.900887491883,95.80542115127861,76.83233355877681,61.342561647968814,15.868959207059936,2700,10.312142299925473,5.0
597,721.09,710.1177695331232,4184.801970610255,365.68376664348244,2537.9005634594196,95.8053280896942,76.82400898472822,61.573255782547015,15.869169271702567,2700,10.331760305476188,5.0
598,721.1,710.1952086907539,4183.86689730024,365.6034776918645,2537.9002393284723,95.80523502873903,76.81563177766898,61.80436302097627,15.86937930090753,2700,10.35137190574194,5.0
599,721.11,710.273152176893,4182.9261519643505,365.5227013144491,2537.8999150991444,95.80514196841425,76.80720203683522,62.03588294493787,15.869589294512604,2700,10.370977052172085,5.0
600,721.12,710.3515993982465,4181.979747484006,365.4414386120703,2537.8995907715444,95.80504890872096,76.79871986149939,62.26781513444783,15.86979925235594,2700,10.39057569629743,5.0
601,721.13,710.4305497620188,4181.027696751799,365.35969068624553,2537.899266345777,95.8049558496603,76.79018535096975,62.500159167862584,15.87000917427604,2700,10.410167789730195,5.0
602,721.14,710.5100026774269,4180.070012671381,365.2774586397197,2537.8989418219453,95.80486279123338,76.78159860459024,62.73291462188469,15.870219060111785,2700,10.429753284163974,5.0
603,721.15,710.5899575537896,4179.106708157354,365.1947435760208,2537.8986172001596,95.8047697334413,76.77295972173997,62.96608107156857,15.870428909702401,2700,10.449332131373698,5.0
604,721.16,710.6704138022353,4178.137796135136,365.1115465996151,2537.8982924805246,95.80467667628521,76.76426880183311,63.19965809032623,15.870638722887492,2700,10.468904283215611,5.0
605,721.17,710.7513708339789,4177.163289540883,365.0278688158093,2537.897967663149,95.80458361976622,76.75552594431838,63.433645249933015,15.870848499507016,2700,10.488469691627222,5.0
606,721.18,710.8328280626015,4176.183201321327,364.94371133087947,2537.8976427481384,95.80449056388542,76.74673124867896,63.66804212053329,15.8710582394013,2700,10.508028308627274,5.0
607,721.19,710.9147849013751,4175.19754443373,364.859075251976,2537.897317735602,95.80439750864394,76.7378848144319,63.90284827064624,15.871267942411034,2700,10.527580086315716,5.0
608,721.2,710.9972407655442,4174.206331845696,364.77396168712704,2537.896992625649,95.8043044540429,76.72898674112811,64.13806326717155,15.871477608377273,2700,10.547124976873654,5.0
609,721.21,711.0801950709815,4173.209576535114,364.68837174511657,2537.8966674183876,95.80421140008342,76.72003712835183,64.37368667539522,15.871687237141433,2700,10.56666293256333,5.0
610,721.22,711.1636472343738,4172.207291490029,364.60230653579805,2537.896342113926,95.80411834676657,76.71103607572044,64.60971805899523,15.8718968285453,2700,10.586193905728075,5.0
611,721.23,711.247596673595,4171.199489708522,364.5157671696948,2537.8960167123746,95.8040252940935,76.70198368288408,64.84615698004738,15.872106382431019,2700,10.605717848792285,5.0
612,721.24,711.3320428076988,4170.18618419861,364.42875475820705,2537.895691213844,95.8039322420653,76.69288004952539,65.08300299903098,15.872315898641109,2700,10.625234714261378,5.0
613,721.25,711.416985056341,4169.167387978122,364.34127041356976,2537.895365618443,95.80383919068309,76.68372527535912,65.32025567483464,15.872525377018446,2700,10.644744454721762,5.0
614,721.26,711.5024228405333,4168.143114074598,364.2533152488014,2537.895039926283,95.80374613994796,76.674519460132,65.557914564762,15.872734817406279,2700,10.664247022840803,5.0
615,721.27,711.588355581875,4167.113375525169,364.1648903778911,2537.894714137476,95.80365308986103,76.66526270362219,65.79597922453756,15.872944219648215,2700,10.683742371366787,5.0
616,721.28,711.674782703308,4166.0781853764565,364.0759969154807,2537.8943882521326,95.80356004042338,76.65595510563917,66.03444920831237,15.873153583588236,2700,10.703230453128887,5.0
617,721.29,711.7617036285376,4165.037556684455,363.9866359768792,2537.8940622703644,95.80346699163613,76.64659676602332,66.27332406866987,15.873362909070687,2700,10.722711221037127,5.0
618,721.3,711.8491177818357,4163.991502514409,363.8968086785349,2537.893736192284,95.80337394350038,76.63718778464566,66.51260335663159,15.873572195940278,2700,10.742184628082349,5.0
619,721.3100000000001,711.9370245891772,4162.940035940725,363.80651613731914,2537.8934100180045,95.80328089601721,76.62772826140758,66.752286621663,15.873781444042088,2700,10.76165062733618,5.0
620,721.32,712.0254234767065,4161.883170046854,363.7157594709684,2537.893083747639,95.80318784918775,76.61821829624039,66.99237341167928,15.873990653221561,2700,10.781109171950996,5.0
621,721.33,712.1143138718772,4160.820917925157,363.62453979811175,2537.892757381299,95.80309480301308,76.60865798910514,67.23286327305102,15.874199823324515,2700,10.800560215159885,5.0
622,721.34,712.2036952036343,4159.753292676833,363.5328582380323,2537.8924309191,95.80300175749429,76.59904743999236,67.47375575061012,15.874408954197127,2700,10.82000371027662,5.0
623,721.35,712.2935669006902,4158.680307411784,363.44071591064926,2537.892104361156,95.8029087126325,76.5893867489215,67.71505038765551,15.874618045685947,2700,10.839439610695619,5.0
624,721.36,712.383928393046,4157.601975248505,363.34811393666314,2537.8917777075794,95.80281566842876,76.57967601594098,67.95674672595896,15.874827097637894,2700,10.858867869891911,5.0
625,721.37,712.474779112363,4156.518309313989,363.2550534376881,2537.8914509584883,95.8027226248842,76.5699153411276,68.19884430577083,15.87503610990025,2700,10.87828844142111,5.0
626,721.38,712.566118489669,4155.429322743604,363.16153553561173,2537.8911241139963,95.8026295819999,76.56010482458633,68.44134266582599,15.875245082320674,2700,10.897701278919365,5.0
627,721.39,712.6579459587849,4154.3350286809855,363.0675613535611,2537.890797174219,95.80253653977694,76.5502445664501,68.68424134334944,15.87545401474719,2700,10.917106336103348,5.0
628,721.4,712.7502609528829,4153.23544027794,362.97313201485565,2537.890470139272,95.80244349821642,76.54033466687926,68.92753987406226,15.875662907028184,2700,10.936503566770197,5.0
629,721.41,712.8430629063887,4152.130570694307,362.8782486438571,2537.8901430092715,95.80235045731942,76.53037522606154,69.17123779218736,15.875871759012425,2700,10.955892924797505,5.0
630,721.42,712.9363512549742,4151.020433097879,362.7829123653818,2537.889815784333,95.80225741708702,76.52036634421157,69.41533463045522,15.876080570549037,2700,10.975274364143267,5.0
631,721.43,713.0301254351685,4149.9050406642855,362.6871243049229,2537.889488464578,95.80216437752033,76.51030812157063,69.65982992010984,15.876289341487526,2700,10.994647838845857,5.0
632,721.44,713.1243848832072,4148.784406576878,362.59088558877636,2537.889161050119,95.8020713386204,76.50020065840631,69.9047231909144,15.876498071677762,2700,11.014013303023996,5.0
633,721.45,713.219129038461,4147.65854402661,362.4941973437179,2537.8888335410757,95.80197830038833,76.49004405501242,70.15001397115718,15.876706760969983,2700,11.033370710876707,5.0
634,721.46,713.3143573384637,4146.52746621197,362.3970606973068,2537.888505937565,95.80188526282521,76.47983841170819,70.3957017876573,15.876915409214801,2700,11.052720016683296,5.0
635,721.47,713.4100692231096,4145.391186338814,362.29947677748453,2537.888178239707,95.80179222593208,76.4695838288386,70.6417861657706,15.877124016263199,2700,11.07206117480331,5.0
636,721.48,713.506264133497,4144.249717620323,362.2014467131546,2537.8878504476193,95.80169918971005,76.45928040677357,70.88826662939537,15.877332581966527,2700,11.091394139676504,5.0
637,721.49,713.6029415100145,4143.103073276836,362.10297163349543,2537.887522561421,95.8016061541602,76.44892824590788,71.1351427009783,15.87754110617651,2700,11.110718865822813,5.0
638,721.5,713.7001007953896,4141.951266535768,362.00405266851544,2537.887194581232,95.80151311928358,76.43852744666091,71.38241390152015,15.87774958874524,2700,11.130035307842315,5.0
639,721.51,713.7977414323893,4140.794310631529,361.9046909486453,2537.886866507173,95.8014200850813,76.42807810947616,71.63007975058164,15.877958029525185,2700,11.149343420415192,5.0
640,721.52,713.8958628641955,4139.63221880536,361.8048876050211,2537.8865383393622,95.8013270515544,76.41758033482107,71.87813976628934,15.87816642836918,2700,11.168643158301714,5.0
641,721.53,713.994464535928,4138.46500430527,361.70464376927947,2537.8862100779206,95.80123401870397,76.4070342231868,72.12659346534137,15.878374785130433,2700,11.187934476342189,5.0
642,721.54,714.093545892725,4137.292680385922,361.60396057371264,2537.8858817229707,95.80114098653105,76.39643987508768,72.37544036301331,15.878583099662523,2700,11.207217329456936,5.0
643,721.55,714.1931063797388,4136.115260308495,361.5028391509413,2537.8855532746325,95.80104795503675,76.3857973910611,72.624679973164,15.878791371819405,2700,11.226491672646254,5.0
644,721.5600000000001,714.2931454448033,4134.932757340626,361.40128063443575,2537.885224733026,95.8009549242221,76.3751068716673,72.87431180824139,15.8789996014554,2700,11.24575746099039,5.0
645,721.57,714.3936625349864,4133.745184756276,361.2992861579909,2537.884896098275,95.8008618940882,76.3643684174887,73.1243353792883,15.879207788425207,2700,11.2650146496495,5.0
646,721.58,714.4946570984977,4132.552555835618,361.19685685588286,2537.884567370501,95.8007688646361,76.35358212913,73.37475019594837,15.87941593258389,2700,11.284263193863621,5.0
647,721.59,714.5961285846789,4131.3548838649385,361.09399386313174,2537.8842385498274,95.80067583586685,76.34274810721763,73.62555576647176,15.879624033786898,2700,11.303503048952644,5.0
648,721.6,714.6980764432344,4130.152182136546,360.99069831508103,2537.883909636374,95.80058280778152,76.33186645239957,73.87675159772112,15.879832091890039,2700,11.322734170316266,5.0
649,721.61,714.8005001246065,4128.944463948642,360.8869713476575,2537.8835806302673,95.80048978038118,76.32093726534501,74.12833719517734,15.880040106749505,2700,11.341956513433974,5.0
650,721.62,714.9033990795854,4127.7317426052305,360.7828140972505,2537.8832515316317,95.80039675366689,76.30996064674402,74.38031206294532,15.88024807822185,2700,11.361170033865001,5.0
651,721.63,715.0067727612179,4126.514031416009,360.6782277006981,2537.882922340586,95.80030372763969,76.29893669730737,74.63267570376,15.880456006164016,2700,11.380374687248302,5.0
652,721.64,715.1106206213548,4125.2913436962635,360.57321329539144,2537.882593057259,95.80021070230065,76.28786551776594,74.885427618992,15.880663890433302,2700,11.399570429302512,5.0
653,721.65,715.2149421137086,4124.063692766747,360.4677720191094,2537.882263681773,95.80011767765082,76.27674720887089,75.13856730865356,15.880871730887394,2700,11.41875721582592,5.0
654,721.66,715.3197366919292,4122.831091953618,360.3619050101373,2537.8819342142533,95.80002465369124,76.2655818713929,75.3920942714044,15.881079527384342,2700,11.437935002696443,5.0
655,721.67,715.4250038115164,4121.593554588289,360.2556134070788,2537.8816046548263,95.799931630423,76.25436960612221,75.64600800455746,15.88128727978258,2700,11.457103745871581,5.0
656,721.68,715.5307429271285,4120.351094007356,360.14889834922826,2537.881275003614,95.7998386078471,76.243110513868,75.90030800408485,15.881494987940904,2700,11.476263401388385,5.0
657,721.69,715.636953496028,4119.103723552454,360.0417609761344,2537.880945260746,95.79974558596463,76.2318046954585,76.15499376462361,15.881702651718493,2700,11.495413925363444,5.0
658,721.7,715.7436349738553,4117.85145657021,359.93420242776943,2537.8806154263475,95.79965256477662,76.2204522517402,76.41006477948157,15.881910270974899,2700,11.514555273992825,5.0
659,721.71,715.8507868192258,4116.594306412083,359.82622384446097,2537.8802855005424,95.79955954428414,76.2090532835781,76.66552054064323,15.882117845570043,2700,11.533687403552069,5.0
660,721.72,715.95840848912,4115.332286434306,359.71782636709173,2537.8799554834613,95.79946652448818,76.19760789185486,76.92136053877555,15.88232537536423,2700,11.552810270396133,5.0
661,721.73,716.0664994430975,4114.065409997743,359.60901113688345,2537.879625375227,95.79937350538985,76.18611617747105,77.1775842632338,15.882532860218134,2700,11.571923830959383,5.0
662,721.74,716.1750591409871,4112.793690467824,359.499779295475,2537.879295175971,95.79928048699014,76.17457824134435,77.43419120206748,15.8827402999928,2700,11.59102804175554,5.0
663,721.75,716.284087042116,4111.517141214408,359.39013198476346,2537.878964885817,95.79918746929013,76.16299418440953,77.69118084202603,15.882947694549655,2700,11.61012285937766,5.0
664,721.76,716.3935826076035,4110.235775611693,359.2800703470042,2537.8786345048975,95.79909445229083,76.15136410761822,77.94855266856474,15.883155043750499,2700,11.629208240498103,5.0
665,721.77,716.503545299203,4108.949607038135,359.16959552498497,2537.8783040333365,95.79900143599329,76.1396881119384,78.20630616585065,15.883362347457505,2700,11.648284141868498,5.0
666,721.78,716.6139745789144,4107.658648876301,359.0587086617667,2537.8779734712643,95.79890842039856,76.12796629835418,78.46444081676829,15.883569605533223,2700,11.667350520319708,5.0
667,721.79,716.724869908592,4106.36291451281,358.94741090072023,2537.8776428188107,95.79881540550764,76.11619876786563,78.72295610292558,15.883776817840578,2700,11.686407332761808,5.0
668,721.8,716.8362307518578,4105.062417338204,358.8357033855894,2537.877312076104,95.7987223913216,76.10438562148838,78.98185150465963,15.883983984242873,2700,11.705454536184048,5.0
669,721.8100000000001,716.948056573326,4103.757170746858,358.72358726035253,2537.8769812432733,95.79862937784146,76.0925269602533,79.24112650104266,15.884191104603785,2700,11.724492087654813,5.0
670,721.82,717.0603468359136,4102.447188136882,358.61106366939623,2537.876650320449,95.79853636506824,76.08062288520608,79.50078056988772,15.884398178787364,2700,11.743519944321605,5.0
671,721.83,717.1731010065902,4101.132482909982,358.49813375734163,2537.876319307761,95.79844335300297,76.0686734974075,79.76081318775469,15.88460520665804,2700,11.76253806341101,5.0
672,721.84,717.286318549458,4099.813068471441,358.38479866934483,2537.8759882053396,95.79835034164671,76.05667889793219,80.02122382995599,15.884812188080618,2700,11.781546402228662,5.0
673,721.85,717.3999989315125,4098.488958229906,358.2710595505371,2537.8756570133155,95.79825733100044,76.0446391878694,80.28201197056244,15.885019122920278,2700,11.800544918159204,5.0
674,721.86,717.5141416195561,4097.160165597401,358.15691754646554,2537.87532573182,95.79816432106522,76.03255446832183,80.54317708240916,15.885226011042576,2700,11.819533568666278,5.0
675,721.87,717.6287460805818,4095.826703989136,358.0423738029515,2537.874994360986,95.79807131184207,76.02042484040584,80.80471863710135,15.885432852313446,2700,11.83851231129247,5.0
676,721.88,717.7438117825321,4094.4885868234587,357.92742946612054,2537.87466290094,95.79797830333197,76.008250405251,81.06663610502017,15.8856396465992,2700,11.857481103659303,5.0
677,721.89,717.8593381942943,4093.145827521737,357.8120856822466,2537.87433135182,95.797885295536,75.99603126399983,81.32892895532854,15.88584639376652,2700,11.876439903467183,5.0
678,721.9,717.9753214802245,4091.7984395082644,357.6963435979634,2537.8739997137536,95.79779228845514,75.98376751770431,81.591596655977,15.886053093682474,2700,11.895388668494018,5.0
679,721.91,718.0917143146867,4090.4464361990463,357.58020435918644,2537.873667986876,95.79769928209042,75.97145926629972,81.85463867370957,15.886259746214495,2700,11.914327356581609,5.0
680,721.92,718.2085004488983,4089.0898308912783,357.46366910151465,2537.8733361713184,95.79760627644288,75.95910661343825,82.11805447406938,15.886466351230403,2700,11.933255925699061,5.0
681,721.93,718.3256785993389,4087.7286372836174,357.3467389952082,2537.873004267215,95.79751327151348,75.94670965761554,82.38184352140321,15.886672908598397,2700,11.952174333828513,5.0
682,721.94,718.4432475306074,4086.3628685209014,357.2294151626976,2537.872672274698,95.79742026730328,75.93426849514262,82.64600527887823,15.886879418187032,2700,11.971082538995176,5.0
683,721.95,718.5612060292558,4084.9925375143034,357.11169870662064,2537.8723401939014,95.79732726381327,75.92178322227795,82.91053920845279,15.887085879865264,2700,11.989980499308283,5.0
684,721.96,718.6795528813519,4083.617657170827,356.99359072909215,2537.87200802496,95.79723426104448,75.90925393523712,83.17544477093142,15.887292293502416,2700,12.0088681729543,5.0
685,721.97,718.7982868723992,4082.2382403942916,356.8750923318544,2537.871675768007,95.79714125899791,75.8966807301986,83.44072142594476,15.887498658968179,2700,12.027745518192912,5.0
686,721.98,718.9174067899787,4080.854300085888,356.75620461664147,2537.8713434231768,95.79704825767455,75.88406370330362,83.70636863193909,15.88770497613261,2700,12.046612493356918,5.0
687,721.99,719.0369114195278,4079.4658491441196,356.63692868487755,2537.8710109906046,95.79695525707541,75.8714029506555,83.97238584618205,15.88791124486613,2700,12.065469056852129,5.0
688,722.0,719.1567995485871,4078.0729004646555,356.51726563766545,2537.870678470424,95.79686225720152,75.85869856831991,84.23877252476822,15.888117465039517,2700,12.08431516715731,5.0
689,722.01,719.2770699629535,4076.67546694031,356.39721657595595,2537.870345862773,95.79676925805386,75.84595065232402,84.50552812262455,15.888323636523923,2700,12.103150782824082,5.0
690,722.02,719.3977214513188,4075.2735614608887,356.27678260042694,2537.8700131677833,95.79667625963344,75.83315929865688,84.77265209351577,15.888529759190854,2700,12.121975862476845,5.0
691,722.03,719.5187527998812,4073.86719691316,356.1559648113857,2537.869680385595,95.79658326194127,75.82032460326838,85.0401438900498,15.888735832912186,2700,12.140790364812698,5.0
692,722.04,719.6401627965975,4072.456386180716,356.0347643089754,2537.869347516342,95.79649026497832,75.80744666206981,85.30800296368328,15.888941857560157,2700,12.159594248601364,5.0
693,722.05,719.7619502288738,4071.0411421439326,355.9131821930946,2537.86901456016,95.79639726874561,75.79452557093298,85.57622876472678,15.889147833007367,2700,12.178387472685106,5.0
694,722.0600000000001,719.8841138851261,4069.6214776798533,355.7912195632452,2537.868681517187,95.79630427324413,75.78156142569034,85.84482074235045,15.889353759126783,2700,12.197169995978648,5.0
695,722.07,720.0066525528543,4068.1974056621216,355.668877518699,2537.8683483875598,95.79621127847486,75.76855432213442,86.11377834458924,15.889559635791732,2700,12.215941777469082,5.0
696,722.08,720.129565021741,4066.7689389608727,355.5461571584656,2537.868015171414,95.79611828443882,75.75550435601794,86.38310101834844,15.889765462875907,2700,12.234702776215816,5.0
697,722.09,720.252850079417,4065.3360904426813,355.42305958117583,2537.867681868888,95.79602529113697,75.74241162305307,86.65278820940901,15.889971240253361,2700,12.253452951350463,5.0
698,722.1,720.3765065153292,4063.898872970438,355.2995858851633,2537.8673484801216,95.79593229857034,75.72927621891176,86.922839362433,15.890176967798514,2700,12.272192262076782,5.0
699,722.11,720.5005331192052,4062.457299403304,355.1757371684243,2537.8670150052503,95.79583930673988,75.71609823922499,87.19325392096891,15.890382645386147,2700,12.290920667670589,5.0
700,722.12,720.6249286795205,4061.0113825966087,355.0515145286514,2537.866681444412,95.79574631564658,75.7028777795827,87.46403132745719,15.890588272891405,2700,12.309638127479678,5.0
701,722.13,720.7496919873671,4059.561135401745,354.92691906327497,2537.8663477977475,95.79565332529143,75.68961493553383,87.73517102323548,15.890793850189795,2700,12.328344600923746,5.0
702,722.14,720.8748218322154,4058.1065706661475,354.8019518692681,2537.8660140653947,95.79556033567542,75.67630980258544,88.00667244854411,15.890999377157188,2700,12.3470400474943,5.0
703,722.15,721.0003170042436,4056.647701233129,354.67661404323104,2537.8656802474907,95.79546734679954,75.66296247620309,88.27853504253142,15.89120485366982,2700,12.365724426754591,5.0
704,722.16,721.1261762951133,4055.184539941875,354.55090668158755,2537.8653463441783,95.79537435866474,75.64957305181034,88.55075824325915,15.891410279604283,2700,12.384397698339534,5.0
705,722.17,721.2523984956662,4053.717099627313,354.42483088024494,2537.8650123555935,95.79528137127204,75.63614162478831,88.82334148770785,15.891615654837539,2700,12.403059821955607,5.0
706,722.18,721.3789823970925,4052.2453931200334,354.2983877347661,2537.86467828188,95.79518838462236,75.62266829047581,89.09628421178215,15.891820979246909,2700,12.421710757380803,5.0
707,722.19,721.5059267917079,4050.7694332462343,354.1715783403566,2537.8643441231743,95.79509539871674,75.60915314416897,89.36958585031624,15.892026252710075,2700,12.440350464464526,5.0
708,722.2,721.6332304714218,4049.289232827628,354.04440379180073,2537.864009879618,95.79500241355612,75.59559628112078,89.64324583707916,15.892231475105088,2700,12.45897890312752,5.0
709,722.21,721.7608922289036,4047.804804681346,353.9168651836335,2537.863675551353,95.79490942914146,75.58199779654123,89.91726360478017,15.892436646310353,2700,12.477596033361792,5.0
710,722.22,721.8889108568187,4046.316161619885,353.7889636098237,2537.8633411385176,95.79481644547376,75.56835778559679,90.19163858507409,15.892641766204646,2700,12.496201815230522,5.0
711,722.23,722.0172851493843,4044.823316451006,353.66070016395196,2537.8630066412547,95.79472346255396,75.55467634341035,90.46637020856667,15.892846834667095,2700,12.514796208867994,5.0
712,722.24,722.1460138992846,4043.3262819776623,353.53207593934695,2537.8626720597063,95.79463048038305,75.54095356506073,90.74145790481992,15.8930518515772,2700,12.533379174479508,5.0
713,722.25,722.2750959015489,4041.8250709979184,353.4030920286903,2537.8623373940127,95.794537498962,75.52718954558297,91.01690110235747,15.893256816814816,2700,12.544224568452425,0.13313877195936064
714,722.26,722.4045299504606,2505.052288585998,177.25622505327215,2537.8620026443145,95.79444451829174,75.52683439487568,91.2926992286698,15.893461732821136,2700,12.545579706450761,0.13313877195936064
715,722.27,722.4084505577076,2505.008485020481,177.25325698355067,2537.8616678277326,95.79435153837326,75.52641730505914,91.56878179784445,15.89366660962395,2700,12.545579706450761,0.13313877195936064
716,722.28,722.4129517940283,2504.960541000511,177.2500057973149,2537.8613329059085,95.79425855920735,75.52596595123683,91.84530677908849,15.893871400617575,2700,12.545579706450761,0.13313877195936064
717,722.29,722.4177743616656,2504.9103016709637,177.2465976675348,2537.8609979093767,95.79416558079517,75.52550664063098,92.12214844622925,15.894076188697717,2700,12.545579706450761,0.13313877195936064
718,722.3,722.422671481625,2504.859531294614,177.24315322275993,2537.8606629016176,95.7940726031376,75.52504788827896,92.3990453750746,15.894280975723113,2700,12.545579706450761,0.13313877195936064
719,722.3100000000001,722.4275633372313,2504.808798857683,177.23971136931485,2537.8603278963938,95.79397962623476,75.5245897516885,92.67594087778245,15.89448576154509,2700,12.545579706450761,0.13313877195936064
720,722.32,722.4324493915723,2504.758108187787,177.23627236888473,2537.8599928937556,95.79388665008668,75.52413224733694,92.95283475333149,15.894690546120977,2700,12.545579706450761,0.13313877195936064
721,722.33,722.4373294882633,2504.7074603803217,177.2328362964564,2537.8596578937177,95.79379367469333,75.52367537468209,93.22972694402208,15.894895329452162,2700,12.545579706450761,0.13313877195936064
722,722.34,722.4422036340713,2504.656855397389,177.22940314937966,2537.859322896279,95.7937007000547,75.5232191330902,93.50661745173284,15.89510011154027,2700,12.545579706450761,0.13313877195936064
723,722.35,722.4470718346862,2504.606293194998,177.22597292465932,2537.858987901439,95.7936077261708,75.52276352189358,93.78350627866502,15.895304892387022,2700,12.545579706450761,0.13313877195936064
724,722.36,722.4519340968897,2504.555773726902,177.2225456192295,2537.8586529091963,95.7935147530416,75.52230854042533,94.06039342713743,15.895509671994127,2700,12.545579706450761,0.13313877195936064
725,722.37,722.4567904262934,2504.5052969469093,177.21912122979347,2537.8583179195516,95.7934217806671,75.52185418801906,94.33727889946708,15.895714450363299,2700,12.545579706450761,0.13313877195936064
726,722.38,722.4616408292791,2504.4548628088633,177.2156997533252,2537.857982932503,95.79332880904727,75.52140046400925,94.61416269796881,15.895919227496247,2700,12.545579706450761,0.13313877195936064
727,722.39,722.4664853129925,2504.404471266673,177.21228118660332,2537.8576479480503,95.79323583818214,75.520947367731,94.89104482495497,15.896124003394679,2700,12.545579706450761,0.13313877195936064
728,722.4,722.4713238837999,2504.3541222742906,177.2088655265501,2537.857312966194,95.79314286807167,75.52049489852003,95.16792528273552,15.896328778060305,2700,12.545579706450761,0.13313877195936064
729,722.41,722.4761565472868,2504.303815785713,177.2054527699424,2537.856977986932,95.79304989871585,75.52004305571289,95.44480407361796,15.896533551494825,2700,12.545579706450761,0.13313877195936064
730,722.42,722.4809833101934,2504.2535517549954,177.20204291371002,2537.856643010265,95.7929569301147,75.51959183864693,95.72168119990728,15.896738323699944,2700,12.545579706450761,0.13313877195936064
731,722.43,722.4858041788625,2504.203330136253,177.19863595468757,2537.856308036192,95.79286396226817,75.51914124666007,95.99855666390613,15.896943094677365,2700,12.545579706450761,0.13313877195936064
732,722.44,722.4906191600193,2504.1531508836383,177.19523188979647,2537.855973064712,95.79277099517627,75.51869127909097,96.27543046791466,15.897147864428785,2700,12.545579706450761,0.13313877195936064
733,722.45,722.4954282592213,2504.103013951359,177.19183071586738,2537.8556380958244,95.79267802883899,75.51824193527901,96.55230261423061,15.897352632955903,2700,12.545579706450761,0.13313877195936064
734,722.46,722.5002314835656,2504.0529192936738,177.1884324297903,2537.855303129528,95.79258506325634,75.51779321456436,96.8291731051493,15.897557400260414,2700,12.545579706450761,0.13313877195936064
735,722.47,722.5050288385944,2504.002866864895,177.18503702843387,2537.8549681658246,95.7924920984283,75.51734511628773,97.10604194296359,15.89776216634401,2700,12.545579706450761,0.13313877195936064
736,722.48,722.5098203317784,2503.9528566193817,177.18164450874386,2537.854633204711,95.79239913435484,75.51689763979077,97.38290912996392,15.897966931208389,2700,12.545579706450761,0.13313877195936064
737,722.49,722.5146059682585,2503.90288851155,177.1782548674624,2537.854298246189,95.79230617103596,75.51645078441557,97.65977466843833,15.898171694855236,2700,12.545579706450761,0.13313877195936064
738,722.5,722.5193857547184,2503.852962495854,177.17486810167208,2537.8539632902557,95.79221320847167,75.51600454950518,97.93663856067244,15.898376457286243,2700,12.545579706450761,0.13313877195936064
739,722.51,722.5241596978314,2503.803078526817,177.1714842081784,2537.8536283369112,95.79212024666194,75.51555893440324,98.21350080894942,15.898581218503093,2700,12.545579706450761,0.13313877195936064
740,722.52,722.528927803106,2503.753236559002,177.16810318381735,2537.853293386156,95.79202728560676,75.51511393845406,98.49036141555004,15.898785978507474,2700,12.545579706450761,0.13313877195936064
741,722.53,722.5336900775902,2503.7034365470167,177.16472502560424,2537.85295843799,95.79193432530614,75.51466956100275,98.76722038275268,15.89899073730107,2700,12.545579706450761,0.13313877195936064
742,722.54,722.5384465271637,2503.65367844553,177.16134973044421,2537.8526234924097,95.79184136576006,75.51422580139501,99.04407771283327,15.899195494885559,2700,12.545579706450761,0.13313877195936064
743,722.55,722.5431971580882,2503.603962209257,177.15797729508284,2537.8522885494162,95.79174840696851,75.51378265897738,99.32093340806536,15.899400251262623,2700,12.545579706450761,0.13313877195936064
744,722.5600000000001,722.5479419770023,2503.5542877929665,177.1546077166203,2537.85195360901,95.79165544893146,75.513340133097,99.59778747072008,15.89960500643394,2700,12.545579706450761,0.13313877195936064
745,722.57,722.5526809897658,2503.5046551514697,177.1512409919385,2537.8516186711895,95.79156249164895,75.51289822310173,99.87463990306618,15.899809760401185,2700,12.545579706450761,0.13313877195936064
746,722.58,722.5574142026188,2503.455064239632,177.14787711789808,2537.8512837359535,95.79146953512094,75.51245692834019,100.15149070736999,15.900014513166033,2700,12.545579706450761,0.13313877195936064
747,722.59,722.5621416221793,2503.4055150123786,177.1445160913968,2537.850948803301,95.79137657934741,75.51201624816166,100.42833988589544,15.900219264730156,2700,12.545579706450761,0.13313877195936064
748,722.6,722.5668632538988,2503.356007424668,177.1411579094391,2537.850613873235,95.79128362432837,75.51157618191607,100.7051874409041,15.900424015095226,2700,12.545579706450761,0.13313877195936064
749,722.61,722.5715791047706,2503.3065414315215,177.13780256896618,2537.8502789457502,95.79119067006381,75.5111367289542,100.98203337465507,15.900628764262912,2700,12.545579706450761,0.13313877195936064
750,722.62,722.5762891810044,2503.2571169880057,177.13445006682753,2537.8499440208484,95.79109771655371,75.51069788862735,101.25887768940515,15.90083351223488,2700,12.545579706450761,0.13313877195936064
751,722.63,722.5809934884193,2503.207734049236,177.13110040004045,2537.8496090985304,95.79100476379806,75.51025966028757,101.53572038740872,15.901038259012799,2700,12.545579706450761,0.13313877195936064
752,722.64,722.5856920328258,2503.1583925703767,177.12775356550253,2537.8492741787923,95.79091181179687,75.50982204328771,101.81256147091776,15.901243004598328,2700,12.545579706450761,0.13313877195936064
753,722.65,722.5903848211879,2503.109092506648,177.12440956019665,2537.8489392616357,95.79081886055012,75.50938503698127,102.08940094218185,15.90144774899313,2700,12.545579706450761,0.13313877195936064
754,722.66,722.5950718596888,2503.059833813319,177.121068381033,2537.848604347061,95.7907259100578,75.50894864072232,102.36623880344825,15.901652492198869,2700,12.545579706450761,0.13313877195936064
755,722.67,722.5997531545065,2503.0106164457,177.11773002495357,2537.848269435065,95.7906329603199,75.50851285386577,102.64307505696183,15.901857234217198,2700,12.545579706450761,0.13313877195936064
756,722.68,722.6044287114233,2502.9614403591595,177.11439448892318,2537.8479345256483,95.7905400113364,75.50807767576714,102.91990970496502,15.902061975049778,2700,12.545579706450761,0.13313877195936064
757,722.69,722.6090985366022,2502.9123055091095,177.1110617698777,2537.8475996188104,95.79044706310731,75.50764310578276,103.19674274969796,15.902266714698262,2700,12.545579706450761,0.13313877195936064
758,722.7,722.6137626362,2502.8632118510213,177.1077318648677,2537.847264714551,95.79035411563261,75.50720914326955,103.47357419339838,15.902471453164305,2700,12.545579706450761,0.13313877195936064
759,722.71,722.6184210167515,2502.8141593404034,177.1044047707752,2537.8469298128703,95.7902611689123,75.50677578758516,103.75040403830165,15.902676190449556,2700,12.545579706450761,0.13313877195936064
760,722.72,722.6230736840132,2502.765147932828,177.10108048462078,2537.8465949137653,95.79016822294636,75.50634303808785,104.02723228664078,15.902880926555667,2700,12.545579706450761,0.13313877195936064
761,722.73,722.6277206445077,2502.7161775838995,177.0977590032895,2537.8462600172375,95.79007527773479,75.5059108941367,104.30405894064641,15.903085661484285,2700,12.545579706450761,0.13313877195936064
762,722.74,722.6323619043632,2502.667248249288,177.09444032379554,2537.8459251232853,95.78998233327756,75.50547935509138,104.58088400254684,15.903290395237057,2700,12.545579706450761,0.13313877195936064
763,722.75,722.6369974685412,2502.618359884697,177.0911244431883,2537.8455902319083,95.78988938957471,75.50504842031225,104.857707474568,15.903495127815628,2700,12.545579706450761,0.13313877195936064
764,722.76,722.6416273454784,2502.569512445891,177.0878113583571,2537.8452553431066,95.78979644662617,75.5046180891606,105.13452935893345,15.903699859221637,2700,12.545579706450761,0.13313877195936064
765,722.77,722.6462515389602,2502.520705888687,177.08450106635186,2537.8449204568783,95.78970350443198,75.50418836099786,105.41134965786442,15.90390458945673,2700,12.545579706450761,0.13313877195936064
766,722.78,722.6508700562509,2502.47194016893,177.08119356412246,2537.844585573225,95.7896105629921,75.5037592351868,105.68816837357981,15.904109318522542,2700,12.545579706450761,0.13313877195936064
767,722.79,722.6554829034432,2502.423215242543,177.07788884862435,2537.844250692144,95.78951762230653,75.50333071109044,105.96498550829611,15.904314046420714,2700,12.545579706450761,0.13313877195936064
768,722.8,722.6600900862388,2502.3745310654776,177.07458691695763,2537.8439158136357,95.78942468237527,75.50290278807256,106.24180106422756,15.90451877315288,2700,12.545579706450761,0.13313877195936064
769,722.8100000000001,722.6646916114926,2502.325887593737,177.07128776602735,2537.8435809376983,95.78933174319829,75.50247546549777,106.51861504358595,15.904723498720674,2700,12.545579706450761,0.13313877195936064
770,722.82,722.6692874841175,2502.27728478338,177.06799139283285,2537.8432460643344,95.78923880477561,75.50204874273115,106.79542744858084,15.90492822312573,2700,12.545579706450761,0.13313877195936064
771,722.83,722.6738777109563,2502.2287225905065,177.064697794489,2537.84291119354,95.78914586710721,75.50162261913874,107.07223828141937,15.905132946369674,2700,12.545579706450761,0.13313877195936064
772,722.84,722.6784622980674,2502.180200971277,177.06140696785496,2537.8425763253163,95.78905293019307,75.501197094087,107.34904754430639,15.905337668454143,2700,12.545579706450761,0.13313877195936064
773,722.85,722.6830412511194,2502.131719881887,177.05811891001107,2537.842241459663,95.78895999403318,75.50077216694316,107.62585523944438,15.905542389380756,2700,12.545579706450761,0.13313877195936064
774,722.86,722.6876145769326,2502.0832792785855,177.0548336179736,2537.8419065965786,95.78886705862755,75.50034783707524,107.90266136903355,15.905747109151145,2700,12.545579706450761,0.13313877195936064
775,722.87,722.6921822803871,2502.0348791176757,177.05155108880666,2537.8415717360626,95.78877412397617,75.4999241038517,108.17946593527176,15.90595182776693,2700,12.545579706450761,0.13313877195936064
776,722.88,722.6967443686773,2501.9865193555006,177.04827131944444,2537.8412368781137,95.78868119007899,75.499500966642,108.45626894035452,15.906156545229734,2700,12.545579706450761,0.13313877195936064
777,722.89,722.7013008466686,2501.9381999484617,177.04499430697115,2537.8409020227336,95.78858825693605,75.49907842481593,108.733070386475,15.906361261541178,2700,12.545579706450761,0.13313877195936064
778,722.9,722.7058517215437,2501.889920852994,177.04172004835382,2537.84056716992,95.78849532454733,75.49865647774429,109.00987027582416,15.90656597670288,2700,12.545579706450761,0.13313877195936064
779,722.91,722.7103969989271,2501.8416820255993,177.03844854064997,2537.8402323196733,95.7884023929128,75.49823512479824,109.28666861059054,15.906770690716456,2700,12.545579706450761,0.13313877195936064
780,722.92,722.7149366844404,2501.7934834228095,177.0351797810144,2537.8398974719917,95.78830946203247,75.49781436534985,109.56346539296041,15.906975403583523,2700,12.545579706450761,0.13313877195936064
781,722.93,722.7194707840831,2501.745325001218,177.0319137662525,2537.8395626268757,95.78821653190633,75.49739419877183,109.8402606251177,15.907180115305694,2700,12.545579706450761,0.13313877195936064
782,722.94,722.7239993046226,2501.697206717465,177.0286504935915,2537.839227784324,95.78812360253436,75.49697462443748,110.11705430924405,15.90738482588458,2700,12.545579706450761,0.13313877195936064
783,722.95,722.7285222516579,2501.649128528232,177.02538996001684,2537.8388929443367,95.78803067391655,75.49655564172078,110.39384644751881,15.907589535321792,2700,12.545579706450761,0.13313877195936064
784,722.96,722.7330396307837,2501.6010903902516,177.02213216254668,2537.8385581069138,95.78793774605292,75.49613724999642,110.670637042119,15.907794243618936,2700,12.545579706450761,0.13313877195936064
785,722.97,722.7375514479722,2501.5530922603034,177.0188770983106,2537.838223272053,95.78784481894344,75.49571944863985,110.94742609521934,15.907998950777621,2700,12.545579706450761,0.13313877195936064
786,722.98,722.7420577099651,2501.5051340952236,177.01562476424365,2537.837888439756,95.78775189258809,75.49530223702706,111.22421360899229,15.908203656799452,2700,12.545579706450761,0.13313877195936064
787,722.99,722.7465584223343,2501.4572158518827,177.01237515751356,2537.8375536100198,95.78765896698688,75.49488561453468,111.50099958560796,15.908408361686034,2700,12.545579706450761,0.13313877195936064
788,723.0,722.7510535902603,2501.40933748721,177.00912827513352,2537.837218782845,95.78756604213979,75.49446958054014,111.77778402723419,15.908613065438963,2700,12.545579706450761,0.13313877195936064
789,723.01,722.7555432208511,2501.361498958171,177.00588411409532,2537.8368839582317,95.7874731180468,75.49405413442155,112.05456693603654,15.908817768059844,2700,12.545579706450761,0.13313877195936064
790,723.02,722.7600273196588,2501.3137002217977,177.00264267165306,2537.8365491361783,95.78738019470794,75.49363927555748,112.33134831417826,15.909022469550273,2700,12.545579706450761,0.13313877195936064
791,723.03,722.7645058922317,2501.2659412351472,176.99940394467646,2537.8362143166846,95.78728727212315,75.49322500332738,112.60812816382034,15.90922716991185,2700,12.545579706450761,0.13313877195936064
792,723.04,722.7689789452693,2501.2182219553415,176.99616793038976,2537.8358794997507,95.78719435029247,75.49281131711133,112.88490648712143,15.909431869146164,2700,12.545579706450761,0.13313877195936064
793,723.05,722.7734464843055,2501.1705423395424,176.9929346257422,2537.835544685374,95.78710142921587,75.49239821628996,113.16168328623797,15.909636567254813,2700,12.545579706450761,0.13313877195936064
794,723.0600000000001,722.7779085144808,2501.1229023449605,176.98970402791005,2537.835209873557,95.78700850889332,75.49198570024468,113.4384585633241,15.909841264239386,2700,12.545579706450761,0.13313877195936064
795,723.07,722.7823650428634,2501.07530192885,176.98647613397662,2537.8348750642967,95.78691558932485,75.49157376835763,113.71523232053167,15.910045960101474,2700,12.545579706450761,0.13313877195936064
796,723.08,722.7868160753519,2501.0277410485282,176.98325094094128,2537.834540257594,95.78682267051042,75.49116242001138,113.99200456001024,15.910250654842663,2700,12.545579706450761,0.13313877195936064
797,723.09,722.7912616170688,2500.980219661336,176.9800284459175,2537.834205453447,95.78672975245004,75.49075165458932,114.26877528390712,15.91045534846454,2700,12.545579706450761,0.13313877195936064
798,723.1,722.7957016742881,2500.9327377246746,176.97680864611726,2537.8338706518566,95.7866368351437,75.49034147147555,114.54554449436733,15.910660040968693,2700,12.545579706450761,0.13313877195936064
799,723.11,722.8001362528901,2500.885295196001,176.97359153846986,2537.8335358528216,95.78654391859138,75.48993187005473,114.82231219353369,15.910864732356703,2700,12.545579706450761,0.13313877195936064
800,723.12,722.8045653583629,2500.8378920328046,176.97037712019798,2537.833201056341,95.78645100279307,75.48952284971222,115.09907838354668,15.911069422630149,2700,12.545579706450761,0.13313877195936064
801,723.13,722.8089889973476,2500.7905281926246,176.9671653883982,2537.8328662624144,95.78635808774878,75.48911440983407,115.37584306654453,15.911274111790615,2700,12.545579706450761,0.13313877195936064
802,723.14,722.813407175319,2500.743203633056,176.96395634006663,2537.832531471042,95.78626517345849,75.48870654980688,115.65260624466326,15.911478799839676,2700,12.545579706450761,0.13313877195936064
803,723.15,722.8178198981324,2500.6959183117265,176.96074997237963,2537.8321966822227,95.78617225992218,75.48829926901801,115.92936792003657,15.91168348677891,2700,12.545579706450761,0.13313877195936064
804,723.16,722.8222271712489,2500.6486721863266,176.95754628246772,2537.831861895956,95.78607934713986,75.48789256685548,116.20612809479594,15.911888172609892,2700,12.545579706450761,0.13313877195936064
805,723.17,722.8266290012838,2500.6014652145814,176.9543452674285,2537.8315271122415,95.78598643511151,75.48748644270796,116.48288677107061,15.912092857334192,2700,12.545579706450761,0.13313877195936064
806,723.18,722.8310253936859,2500.554297354272,176.9511469243954,2537.8311923310794,95.78589352383715,75.48708089596467,116.75964395098752,15.912297540953386,2700,12.545579706450761,0.13313877195936064
807,723.19,722.8354163542838,2500.507168563216,176.9479512504603,2537.8308575524666,95.78580061331672,75.48667592601564,117.03639963667142,15.91250222346904,2700,12.545579706450761,0.13313877195936064
808,723.2,722.8398018885133,2500.460078799286,176.94475824271524,2537.830522776406,95.78570770355024,75.48627153225146,117.31315383024477,15.912706904882723,2700,12.545579706450761,0.13313877195936064
809,723.21,722.8441820033512,2500.4130280203995,176.94156789842958,2537.8301880028944,95.7856147945377,75.48586771406347,117.58990653382781,15.912911585196003,2700,12.545579706450761,0.13313877195936064
810,723.22,722.8485567030579,2500.366016184524,176.93838021459104,2537.8298532319322,95.78552188627908,75.48546447084345,117.86665774953858,15.913116264410444,2700,12.545579706450761,0.13313877195936064
811,723.23,722.8529259949865,2500.3190432496594,176.93519518835885,2537.829518463519,95.78542897877439,75.48506180198417,118.14340747949277,15.913320942527609,2700,12.545579706450761,0.13313877195936064
812,723.24,722.8572898833826,2500.2721091738745,176.93201281694888,2537.8291836976528,95.78533607202361,75.48465970687866,118.42015572580394,15.913525619549057,2700,12.545579706450761,0.13313877195936064
813,723.25,722.861648375587,2500.225213915258,176.92883309739656,2537.8288489343363,95.78524316602673,75.48425818492102,118.69690249058338,15.913730295476354,2700,12.545579706450761,0.13313877195936064
814,723.26,722.8660014762205,2500.178357431977,176.92565602692065,2537.8285141735664,95.78515026078375,75.48385723550557,118.97364777594017,15.91393497031105,2700,12.545579706450761,0.13313877195936064
815,723.27,722.8703491918354,2500.131539682207,176.9224816026186,2537.8281794153436,95.78505735629466,75.48345685802765,119.2503915839811,15.914139644054709,2700,12.545579706450761,0.13313877195936064
816,723.28,722.874691527428,2500.0847606242064,176.91930982167824,2537.8278446596673,95.78496445255944,75.483057051883,119.5271339168108,15.914344316708881,2700,12.545579706450761,0.13313877195936064
817,723.29,722.8790284895365,2500.038020216257,176.9161406812915,2537.827509906536,95.78487154957807,75.48265781646819,119.80387477653166,15.914548988275122,2700,12.545579706450761,0.13313877195936064
818,723.3,722.8833600835314,2499.9913184166935,176.9129741785432,2537.8271751559487,95.78477864735059,75.48225915118027,120.08061416524382,15.914753658754982,2700,12.545579706450761,0.13313877195936064
819,723.3100000000001,722.8876863151656,2499.9446551838982,176.90981031058178,2537.8268404079063,95.78468574587696,75.48186105541706,120.35735208504525,15.91495832815001,2700,12.545579706450761,0.13313877195936064
820,723.32,722.8920071905703,2499.8980304762945,176.90664907463074,2537.826505662409,95.78459284515715,75.481463528577,120.63408853803165,15.915162996461758,2700,12.545579706450761,0.13313877195936064
821,723.33,722.8963227147104,2499.8514442523583,176.90349046782663,2537.8261709194558,95.78449994519117,75.48106657005908,120.91082352629654,15.91536766369177,2700,12.545579706450761,0.13313877195936064
822,723.34,722.9006328940927,2499.8048964706077,176.90033448730756,2537.8258361790445,95.78440704597902,75.48067017926316,121.18755705193124,15.91557232984159,2700,12.545579706450761,0.13313877195936064
823,723.35,722.9049377340547,2499.758387089607,176.89718113031336,2537.8255014411757,95.7843141475207,75.48027435558944,121.46428911702483,15.915776994912763,2700,12.545579706450761,0.13313877195936064
824,723.36,722.9092372403181,2499.711916067966,176.89403039394506,2537.825166705849,95.78422124981618,75.47987909843903,121.74101972366421,15.915981658906832,2700,12.545579706450761,0.13313877195936064
825,723.37,722.9135314185953,2499.665483364344,176.89088227545375,2537.8248319730633,95.78412835286547,75.47948440721353,122.01774887393404,15.916186321825336,2700,12.545579706450761,0.13313877195936064
826,723.38,722.9178202749805,2499.619088937439,176.88773677194877,2537.8244972428183,95.78403545666852,75.4790902813153,122.29447656991681,15.916390983669814,2700,12.545579706450761,0.13313877195936064
827,723.39,722.9221038147864,2499.5727327460045,176.88459388071652,2537.8241625151145,95.78394256122536,75.47869672014714,122.57120281369279,15.916595644441802,2700,12.545579706450761,0.13313877195936064
828,723.4,722.9263820437084,2499.5264147488233,176.88145359883245,2537.8238277899495,95.78384966653599,75.47830372311273,122.84792760734008,15.916800304142836,2700,12.545579706450761,0.13313877195936064
829,723.41,722.9306549678209,2499.480134904748,176.87831592350477,2537.823493067325,95.78375677260037,75.47791128961626,123.12465095293457,15.917004962774449,2700,12.545579706450761,0.13313877195936064
830,723.42,722.9349225924195,2499.433893172653,176.87518085199696,2537.8231583472375,95.78366387941853,75.47751941906253,123.40137285254995,15.917209620338173,2700,12.545579706450761,0.13313877195936064
831,723.43,722.9391849231778,2499.387689511472,176.87204838150842,2537.8228236296895,95.78357098699041,75.47712811085711,123.67809330825773,15.91741427683554,2700,12.545579706450761,0.13313877195936064
832,723.44,722.9434419661534,2499.3415238801826,176.86891850907713,2537.8224889146786,95.78347809531603,75.4767373644061,123.95481232212721,15.917618932268079,2700,12.545579706450761,0.13313877195936064
833,723.45,722.9476937266206,2499.295396237803,176.865791232084,2537.8221542022056,95.78338520439537,75.47634717911622,124.23152989622557,15.917823586637315,2700,12.545579706450761,0.13313877195936064
834,723.46,722.9519402102376,2499.2493065433996,176.8626665477646,2537.821819492267,95.78329231422845,75.47595755439494,124.50824603261772,15.918028239944773,2700,12.545579706450761,0.13313877195936064
835,723.47,722.9561814230402,2499.203254756086,176.85954445308604,2537.8214847848676,95.78319942481525,75.4755684896503,124.78496073336643,15.918232892191979,2700,12.545579706450761,0.13313877195936064
836,723.48,722.9604173698982,2499.15724083502,176.85642494552505,2537.8211500800016,95.78310653615574,75.47517998429088,125.0616740005323,15.918437543380454,2700,12.545579706450761,0.13313877195936064
837,723.49,722.9646480576117,2499.111264739399,176.85330802215785,2537.8208153776714,95.78301364824992,75.47479203772613,125.33838583617374,15.91864219351172,2700,12.545579706450761,0.13313877195936064
838,723.5,722.9688734906495,2499.0653264284756,176.8501936802467,2537.8204806778754,95.78292076109778,75.47440464936584,125.61509624234698,15.918846842587296,2700,12.545579706450761,0.13313877195936064
839,723.51,722.9730936757989,2499.0194258615343,176.8470819169503,2537.8201459806137,95.78282787469935,75.47401781862072,125.89180522110613,15.9190514906087,2700,12.545579706450761,0.13313877195936064
840,723.52,722.9773086175167,2498.973562997924,176.84397272961453,2537.819811285886,95.78273498905456,75.47363154490183,126.16851277450303,15.919256137577445,2700,12.545579706450761,0.13313877195936064
841,723.53,722.9815183225779,2498.927737797013,176.84086611536546,2537.819476593689,95.78264210416343,75.47324582762118,126.44521890458745,15.919460783495051,2700,12.545579706450761,0.13313877195936064
842,723.54,722.9857227954262,2498.881950218238,176.83776207143129,2537.8191419040268,95.78254922002596,75.47286066619108,126.72192361340696,15.919665428363025,2700,12.545579706450761,0.13313877195936064
843,723.55,722.9899220428244,2498.8362002210683,176.8346605951084,2537.8188072168955,95.78245633664213,75.47247606002479,126.99862690300695,15.919870072182881,2700,12.545579706450761,0.13313877195936064
844,723.5600000000001,722.9941160688176,2498.790487765024,176.83156168357874,2537.818472532296,95.78236345401194,75.47209200853587,127.2753287754307,15.920074714956128,2700,12.545579706450761,0.13313877195936064
845,723.57,722.9983048809294,2498.7448128096585,176.82846533416082,2537.818137850227,95.78227057213537,75.47170851113889,127.55202923271924,15.920279356684274,2700,12.545579706450761,0.13313877195936064
846,723.58,723.0024884831913,2498.6991753145917,176.82537154399154,2537.8178031706884,95.78217769101242,75.4713255672486,127.82872827691156,15.920483997368823,2700,12.545579706450761,0.13313877195936064
847,723.59,723.0066668819559,2498.6535752394575,176.82228031041828,2537.81746849368,95.78208481064307,75.47094317628078,128.10542591004443,15.920688637011287,2700,12.545579706450761,0.13313877195936064
848,723.6,723.0108400824026,2498.6080125439644,176.81919163056654,2537.817133819201,95.78199193102735,75.4705613376516,128.38212213415247,15.92089327561316,2700,12.545579706450761,0.13313877195936064
849,723.61,723.0150080908697,2498.5624871878463,176.81610550182495,2537.816799147249,95.78189905216519,75.47018005077798,128.6588169512682,15.92109791317595,2700,12.545579706450761,0.13313877195936064
850,723.62,723.0191709117528,2498.516999130894,176.81302192135064,2537.816464477828,95.78180617405663,75.46979931507732,128.93551036342186,15.921302549701155,2700,12.545579706450761,0.13313877195936064
851,723.63,723.0233285513775,2498.4715483329223,176.8099408864481,2537.8161298109335,95.78171329670162,75.46941912996787,129.21220237264174,15.921507185190274,2700,12.545579706450761,0.13313877195936064
852,723.64,723.0274810152868,2498.4261347538245,176.80686239438654,2537.8157951465664,95.7816204201002,75.46903949486828,129.48889298095384,15.9217118196448,2700,12.545579706450761,0.13313877195936064
853,723.65,723.0316283086331,2498.3807583535063,176.80378644238533,2537.8154604847255,95.78152754425234,75.46866040919794,129.7655821903821,15.921916453066235,2700,12.545579706450761,0.13313877195936064
854,723.66,723.0357704373353,2498.33541909193,176.80071302780053,2537.8151258254106,95.78143466915803,75.46828187237683,130.0422700029483,15.922121085456068,2700,12.545579706450761,0.13313877195936064
855,723.67,723.0399074069198,2498.2901169291063,176.79764214776083,2537.8147911686224,95.78134179481724,75.46790388382558,130.31895642067204,15.92232571681579,2700,12.545579706450761,0.13313877195936064
856,723.68,723.0440392225192,2498.244851825081,176.79457379964578,2537.8144565143584,95.78124892123,75.46752644296538,130.59564144557086,15.922530347146896,2700,12.545579706450761,0.13313877195936064
857,723.69,723.048165889648,2498.1996237399476,176.79150798074386,2537.8141218626183,95.78115604839627,75.46714954921814,130.87232507966016,15.922734976450874,2700,12.545579706450761,0.13313877195936064
858,723.7,723.0522874145873,2498.1544326338544,176.78844468822635,2537.813787213405,95.78106317631607,75.46677320200634,131.14900732495317,15.922939604729208,2700,12.545579706450761,0.13313877195936064
859,723.71,723.056403801677,2498.109278466978,176.78538391951545,2537.813452566713,95.78097030498938,75.46639740075295,131.42568818346103,15.923144231983388,2700,12.545579706450761,0.13313877195936064
860,723.72,723.0605150575764,2498.064161199541,176.78232567177196,2537.813117922545,95.78087743441617,75.46602214488186,131.70236765719275,15.923348858214895,2700,12.545579706450761,0.13313877195936064
861,723.73,723.0646211869981,2498.0190807918243,176.77926994237203,2537.8127832808987,95.78078456459646,75.46564743381722,131.97904574815516,15.923553483425213,2700,12.545579706450761,0.13313877195936064
862,723.74,723.0687221958143,2497.9740372041324,176.77621672851618,2537.8124486417755,95.78069169553022,75.46527326698411,132.25572245835306,15.923758107615823,2700,12.545579706450761,0.13313877195936064
863,723.75,723.0728180895012,2497.9290303968305,176.773166027648,2537.8121140051744,95.78059882721746,75.46489964380801,132.53239778978912,15.923962730788205,2700,12.545579706450761,0.13313877195936064
864,723.76,723.0769088731441,2497.884060330316,176.77011783690213,2537.811779371093,95.78050595965819,75.46452656371513,132.80907174446384,15.924167352943835,2700,12.545579706450761,0.13313877195936064
865,723.77,723.0809945525943,2497.839126965037,176.76707215364664,2537.8114447395324,95.78041309285234,75.46415402613228,133.08574432437564,15.924371974084194,2700,12.545579706450761,0.13313877195936064
866,723.78,723.085075133311,2497.794230261487,176.76402897524997,2537.8111101104932,95.78032022679996,75.46378203048684,133.36241553152084,15.924576594210752,2700,12.545579706450761,0.13313877195936064
867,723.79,723.0891506207485,2497.7493701801905,176.76098829889568,2537.810775483972,95.780227361501,75.46341057620683,133.6390853678937,15.924781213324984,2700,12.545579706450761,0.13313877195936064
868,723.8,723.0932210203523,2497.7045466817335,176.7579501219699,2537.8104408599697,95.78013449695548,75.46303966272087,133.91575383548624,15.924985831428362,2700,12.545579706450761,0.13313877195936064
869,723.8100000000001,723.0972863367903,2497.6597597267287,176.75491444173772,2537.8101062384867,95.78004163316336,75.46266928945823,134.1924209362885,15.925190448522356,2700,12.545579706450761,0.13313877195936064
870,723.82,723.1013465766579,2497.6150092758444,176.75188125560257,2537.809771619522,95.77994877012469,75.46229945584885,134.4690866722884,15.925395064608436,2700,12.545579706450761,0.13313877195936064
871,723.83,723.1054017453836,2497.5702952897927,176.7488505607451,2537.8094370030744,95.7798559078394,75.46193016132308,134.74575104547168,15.925599679688068,2700,12.545579706450761,0.13313877195936064
872,723.84,723.1094518468434,2497.5256177293177,176.74582235464857,2537.809102389144,95.77976304630752,75.46156140531197,135.0224140578221,15.925804293762717,2700,12.545579706450761,0.13313877195936064
873,723.85,723.1134968880032,2497.4809765552072,176.74279663447695,2537.80876777773,95.77967018552903,75.46119318724742,135.29907571132125,15.926008906833847,2700,12.545579706450761,0.13313877195936064
874,723.86,723.1175368742711,2497.4363717283145,176.73977339772324,2537.8084331688324,95.77957732550392,75.46082550656149,135.57573600794865,15.926213518902923,2700,12.545579706450761,0.13313877195936064
875,723.87,723.1215718102804,2497.3918032095075,176.73675264158203,2537.8080985624483,95.77948446623216,75.46045836268716,135.85239494968175,15.926418129971402,2700,12.545579706450761,0.13313877195936064
876,723.88,723.1256017014293,2497.3472709597118,176.7337343633971,2537.8077639585813,95.77939160771378,75.460091755058,136.12905253849584,15.926622740040747,2700,12.545579706450761,0.13313877195936064
877,723.89,723.1296265538848,2497.3027749398984,176.7307185605722,2537.807429357229,95.77929874994877,75.45972568310815,136.40570877636424,15.926827349112413,2700,12.545579706450761,0.13313877195936064
878,723.9,723.1336463722599,2497.258315111077,176.72770523040302,2537.807094758389,95.77920589293709,75.45936014627222,136.68236366525807,15.927031957187857,2700,12.545579706450761,0.13313877195936064
879,723.91,723.1376611619357,2497.213891434296,176.72469437023275,2537.8067601620637,95.77911303667874,75.45899514398563,136.95901720714647,15.927236564268535,2700,12.545579706450761,0.13313877195936064
880,723.92,723.1416709298358,2497.1695038706525,176.72168597748953,2537.8064255682507,95.77902018117372,75.45863067568433,137.23566940399644,15.9274411703559,2700,12.545579706450761,0.13313877195936064
881,723.93,723.1456756790062,2497.125152381293,176.71868004934802,2537.80609097695,95.77892732642204,75.4582667408047,137.51232025777293,15.927645775451404,2700,12.545579706450761,0.13313877195936064
882,723.94,723.1496754163602,2497.080836927381,176.71567658327706,2537.805756388162,95.77883447242364,75.45790333878416,137.7889697704388,15.927850379556496,2700,12.545579706450761,0.13313877195936064
883,723.95,723.1536701472525,2497.0365574701605,176.71267557661827,2537.8054218018838,95.77874161917858,75.45754046906026,138.06561794395486,15.928054982672625,2700,12.545579706450761,0.13313877195936064
884,723.96,723.1576598754883,2496.992313970888,176.70967702670012,2537.805087218119,95.7786487666868,75.45717813107134,138.3422647802798,15.928259584801237,2700,12.545579706450761,0.13313877195936064
885,723.97,723.1616446079605,2496.9481063908734,176.7066809309238,2537.8047526368628,95.77855591494831,75.45681632425656,138.61891028137038,15.928464185943781,2700,12.545579706450761,0.13313877195936064
886,723.98,723.1656243507825,2496.9039346914806,176.7036872866455,2537.8044180581173,95.7784630639631,75.4564550480553,138.89555444918108,15.928668786101698,2700,12.545579706450761,0.13313877195936064
887,723.99,723.1695991069657,2496.8597988340935,176.70069609113253,2537.804083481881,95.77837021373116,75.45609430190761,139.17219728566448,15.92887338527643,2700,12.545579706450761,0.13313877195936064
888,724.0,723.1735688833878,2496.815698780145,176.69770734196248,2537.8037489081544,95.77827736425249,75.45573408525453,139.44883879277108,15.929077983469423,2700,12.545579706450761,0.13313877195936064
889,724.01,723.1775336845933,2496.7716344911328,176.69472103626305,2537.803414336936,95.77818451552706,75.45537439753724,139.72547897244928,15.92928258068211,2700,12.545579706450761,0.13313877195936064
890,724.02,723.1814935166742,2496.727605928569,176.6917371715834,2537.803079768225,95.7780916675549,75.45501523819776,140.00211782664545,15.92948717691593,2700,12.545579706450761,0.13313877195936064
891,724.03,723.1854483841661,2496.6836130540223,176.6887557452199,2537.802745202023,95.77799882033597,75.45465660667855,140.27875535730385,15.929691772172326,2700,12.545579706450761,0.13313877195936064
892,724.04,723.1893982931475,2496.6396558290967,176.68577675456982,2537.802410638327,95.77790597387025,75.45429850242287,140.5553915663668,15.929896366452725,2700,12.545579706450761,0.13313877195936064
893,724.05,723.1933432481417,2496.5957342154475,176.68280019698304,2537.8020760771365,95.77781312815776,75.45394092487433,140.83202645577447,15.930100959758565,2700,12.545579706450761,0.13313877195936064
894,724.0600000000001,723.1972832552174,2496.5518481747586,176.67982606983912,2537.8017415184527,95.77772028319849,75.45358387347741,141.10866002746502,15.930305552091276,2700,12.545579706450761,0.13313877195936064
895,724.07,723.2012183188847,2496.5079976687753,176.6768543706502,2537.801406962274,95.77762743899241,75.45322734767691,141.38529228337455,15.930510143452288,2700,12.545579706450761,0.13313877195936064
896,724.08,723.2051484452,2496.464182659264,176.67388509672753,2537.8010724086016,95.77753459553954,75.45287134691849,141.66192322543716,15.930714733843034,2700,12.545579706450761,0.13313877195936064
897,724.09,723.2090736394373,2496.4204031080553,176.6709182454277,2537.800737857433,95.77744175283985,75.45251587064818,141.9385528555849,15.930919323264936,2700,12.545579706450761,0.13313877195936064
898,724.1,723.2129939053183,2496.3766589769994,176.66795381414494,2537.800403308769,95.77734891089335,75.45216091831266,142.21518117574772,15.931123911719423,2700,12.545579706450761,0.13313877195936064
899,724.11,723.2169092504289,2496.3329502279994,176.6649918003592,2537.800068762607,95.77725606970002,75.45180648935946,142.4918081878536,15.931328499207916,2700,12.545579706450761,0.13313877195936064
900,724.12,723.2208196784762,2496.2892768230136,176.66203220134594,2537.7997342189487,95.77716322925984,75.45145258323616,142.76843389382847,15.931533085731843,2700,12.545579706450761,0.13313877195936064
901,724.13,723.224725195489,2496.2456387240127,176.6590750146904,2537.7993996777946,95.77707038957283,75.45109919939149,143.0450582955962,15.931737671292623,2700,12.545579706450761,0.13313877195936064
902,724.14,723.2286258059368,2496.2020358930345,176.65612023765962,2537.799065139141,95.77697755063895,75.45074633727442,143.32168139507866,15.931942255891673,2700,12.545579706450761,0.13313877195936064
903,724.15,723.2325215158348,2496.1584682921475,176.65316786769944,2537.7987306029895,95.77688471245823,75.45039399633472,143.5983031941957,15.932146839530416,2700,12.545579706450761,0.13313877195936064
904,724.16,723.2364123296419,2496.1149358834678,176.6502179022267,2537.798396069339,95.77679187503061,75.45004217602255,143.8749236948651,15.932351422210267,2700,12.545579706450761,0.13313877195936064
905,724.17,723.2402982533624,2496.071438629146,176.64727033865628,2537.798061538189,95.77669903835613,75.44969087578883,144.15154289900266,15.93255600393264,2700,12.545579706450761,0.13313877195936064
906,724.18,723.2441792922175,2496.0279764913803,176.64432517442233,2537.7977270095384,95.77660620243476,75.44934009508495,144.42816080852216,15.932760584698952,2700,12.545579706450761,0.13313877195936064
907,724.19,723.2480554498767,2495.9845494324045,176.64138240691037,2537.7973924833877,95.7765133672665,75.44898983336289,144.70477742533532,15.932965164510614,2700,12.545579706450761,0.13313877195936064
908,724.2,723.2519267338739,2495.9411574144992,176.63844203359838,2537.797057959737,95.77642053285135,75.44864009007546,144.9813927513519,15.933169743369033,2700,12.545579706450761,0.13313877195936064
909,724.21,723.2557931478643,2495.8978003999932,176.63550405187254,2537.796723438584,95.77632769918927,75.44829086467558,145.2580067884796,15.933374321275627,2700,12.545579706450761,0.13313877195936064
910,724.22,723.2596546978247,2495.854478351231,176.6325684591698,2537.7963889199295,95.77623486628028,75.44794215661722,145.53461953862416,15.933578898231797,2700,12.545579706450761,0.13313877195936064
911,724.23,723.2635113889472,2495.811191230633,176.62963525297656,2537.7960544037724,95.77614203412436,75.44759396535466,145.8112310036892,15.933783474238952,2700,12.545579706450761,0.13313877195936064
912,724.24,723.2673632256465,2495.7679390006374,176.62670443062606,2537.7957198901117,95.77604920272151,75.44724629034286,146.08784118557645,15.933988049298495,2700,12.545579706450761,0.13313877195936064
913,724.25,723.271210213104,2495.7247216237283,176.62377598969945,2537.7953853789495,95.7759563720717,75.44689913103743,146.3644500861856,15.93419262341183,2700,12.545579706450761,0.13313877195936064
914,724.26,723.2750523580462,2495.6815390624397,176.62084992747975,2537.7950508702825,95.77586354217496,75.4465524868945,146.6410577074143,15.934397196580361,2700,12.545579706450761,0.13313877195936064
915,724.27,723.2788896640936,2495.6383912793435,176.61792624151533,2537.7947163641115,95.77577071303125,75.44620635737057,146.91766405115823,15.934601768805488,2700,12.545579706450761,0.13313877195936064
916,724.28,723.2827221371886,2495.5952782370355,176.61500492922107,2537.7943818604363,95.77567788464056,75.44586074192313,147.19426911931112,15.93480634008861,2700,12.545579706450761,0.13313877195936064
917,724.29,723.286549781714,2495.552199898182,176.6120859880351,2537.7940473592557,95.77558505700291,75.44551564000994,147.47087291376457,15.935010910431123,2700,12.545579706450761,0.13313877195936064
918,724.3,723.2903726036,2495.509156225466,176.6091694154517,2537.793712860568,95.77549223011826,75.44517105108955,147.74747543640828,15.935215479834422,2700,12.545579706450761,0.13313877195936064
919,724.3100000000001,723.2941906079926,2495.4661471816316,176.60625520888962,2537.7933783643753,95.77539940398664,75.44482697462085,148.02407668912997,15.935420048299907,2700,12.545579706450761,0.13313877195936064
920,724.32,723.2980037992614,2495.4231727294473,176.60334336586865,2537.7930438706753,95.775306578608,75.44448341006347,148.30067667381533,15.935624615828965,2700,12.545579706450761,0.13313877195936064
921,724.33,723.301812183318,2495.380232831724,176.60043388375388,2537.7927093794688,95.77521375398236,75.44414035687767,148.57727539234807,15.935829182422992,2700,12.545579706450761,0.13313877195936064
922,724.34,723.3056157652926,2495.337327451327,176.59752676008162,2537.792374890754,95.7751209301097,75.44379781452412,148.85387284660993,15.936033748083377,2700,12.545579706450761,0.13313877195936064
923,724.35,723.3094145495364,2495.294456551152,176.59462199225788,2537.7920404045312,95.77502810699,75.44345578246416,149.1304690384806,15.93623831281151,2700,12.545579706450761,0.13313877195936064
924,724.36,723.313208541945,2495.2516200941313,176.59171957786035,2537.7917059208003,95.77493528462328,75.44311426015976,149.4070639698379,15.936442876608774,2700,12.545579706450761,0.13313877195936064
925,724.37,723.3169977468563,2495.208818043251,176.5888195142675,2537.791371439559,95.77484246300952,75.44277324707333,149.68365764255756,15.936647439476559,2700,12.545579706450761,0.13313877195936064
926,724.38,723.3207821701543,2495.166050361528,176.5859217989758,2537.7910369608094,95.7747496421487,75.44243274266799,149.96025005851342,15.936852001416247,2700,12.545579706450761,0.13313877195936064
927,724.39,723.324561816942,2495.1233170120254,176.58302642948064,2537.7907024845495,95.77465682204084,75.44209274640733,150.23684121957726,15.937056562429223,2700,12.545579706450761,0.13313877195936064
928,724.4,723.3283366923164,2495.0806179578403,176.5801334031836,2537.790368010779,95.7745640026859,75.44175325775552,150.51343112761896,15.937261122516867,2700,12.545579706450761,0.13313877195936064
929,724.41,723.33210680137,2495.037953162115,176.5772427177371,2537.7900335394975,95.7744711840839,75.44141427617737,150.7900197845064,15.937465681680559,2700,12.545579706450761,0.13313877195936064
930,724.42,723.3358721484137,2494.9953225880304,176.57435437046078,2537.7896990707045,95.77437836623479,75.44107580113827,151.06660719210547,15.937670239921678,2700,12.545579706450761,0.13313877195936064
931,724.43,723.3396327385282,2494.9527261988146,176.57146835893127,2537.789364604399,95.77428554913861,75.44073783210418,151.3431933522801,15.937874797241601,2700,12.545579706450761,0.13313877195936064
932,724.44,723.3433885783364,2494.9101639577316,176.56858468058388,2537.7890301405814,95.77419273279533,75.4404003685416,151.61977826689233,15.938079353641704,2700,12.545579706450761,0.13313877195936064
933,724.45,723.3471396713591,2494.867635828088,176.5657033330365,2537.7886956792518,95.77409991720494,75.44006340991741,151.8963619378021,15.938283909123362,2700,12.545579706450761,0.13313877195936064
934,724.46,723.3508860234359,2494.8251417732154,176.56282431361106,2537.788361220408,95.77400710236743,75.43972695569948,152.1729443668675,15.938488463687944,2700,12.545579706450761,0.13313877195936064
935,724.47,723.3546276396227,2494.7826817565106,176.5599476199399,2537.78802676405,95.7739142882828,75.43939100535587,152.44952555594463,15.938693017336826,2700,12.545579706450761,0.13313877195936064
936,724.48,723.3583645249732,2494.740255741389,176.55707324947105,2537.787692310178,95.77382147495103,75.43905555835542,152.72610550688762,15.938897570071376,2700,12.545579706450761,0.13313877195936064
937,724.49,723.3620966837598,2494.6978636913245,176.55420119979175,2537.787357858793,95.77372866237214,75.43872061416742,153.0026842215486,15.93910212189296,2700,12.545579706450761,0.13313877195936064
938,724.5,723.3658241217983,2494.655505569814,176.55133146828578,2537.7870234098905,95.77363585054609,75.4383861722619,153.27926170177787,15.93930667280295,2700,12.545579706450761,0.13313877195936064
939,724.51,723.3695468441236,2494.613181340412,176.5484640524896,2537.786688963473,95.77354303947288,75.43805223210924,153.55583794942365,15.939511222802706,2700,12.545579706450761,0.13313877195936064
940,724.52,723.3732648549925,2494.5708909666996,176.54559894996964,2537.7863545195382,95.77345022915253,75.43771879318047,153.83241296633227,15.939715771893594,2700,12.545579706450761,0.13313877195936064
941,724.53,723.3769781609786,2494.528634412299,176.5427361582579,2537.7860200780883,95.773357419585,75.43738585494731,154.10898675434817,15.939920320076979,2700,12.545579706450761,0.13313877195936064
942,724.54,723.3806867655516,2494.4864116408867,176.53987567476545,2537.7856856391195,95.77326461077028,75.43705341688174,154.38555931531377,15.94012486735422,2700,12.545579706450761,0.13313877195936064
943,724.55,723.3843906745007,2494.4442226161495,176.53701749715825,2537.785351202635,95.77317180270839,75.4367214784567,154.66213065106953,15.940329413726676,2700,12.545579706450761,0.13313877195936064
944,724.5600000000001,723.3880898920579,2494.4020673018504,176.53416162286996,2537.7850167686315,95.77307899539929,75.4363900391454,154.93870076345402,15.940533959195708,2700,12.545579706450761,0.13313877195936064
945,724.57,723.3917844240013,2494.359945661769,176.53130804942901,2537.784682337109,95.77298618884299,75.43605909842177,155.21526965430388,15.940738503762669,2700,12.545579706450761,0.13313877195936064
946,724.58,723.3954742761022,2494.3178576597315,176.52845677441601,2537.7843479080684,95.77289338303949,75.43572865576016,155.49183732545376,15.940943047428918,2700,12.545579706450761,0.13313877195936064
947,724.59,723.399159452578,2494.275803259597,176.52560779536165,2537.7840134815074,95.77280057798875,75.4353987106355,155.7684037787364,15.941147590195811,2700,12.545579706450761,0.13313877195936064
948,724.6,723.4028399568666,2494.2337824252736,176.52276110964817,2537.7836790574274,95.7727077736908,75.43506926252343,156.04496901598262,15.941352132064695,2700,12.545579706450761,0.13313877195936064
949,724.61,723.4065157962706,2494.1917951207006,176.51991671505368,2537.783344635827,95.77261497014558,75.43474031090021,156.32153303902135,15.941556673036922,2700,12.545579706450761,0.13313877195936064
950,724.62,723.4101869742154,2494.1498413098807,176.51707460898444,2537.7830102167045,95.77252216735315,75.43441185524227,156.59809584967948,15.941761213113848,2700,12.545579706450761,0.13313877195936064
951,724.63,723.4138534964474,2494.107920956818,176.51423478900702,2537.7826758000615,95.77242936531346,75.43408389502699,156.8746574497821,15.941965752296813,2700,12.545579706450761,0.13313877195936064
952,724.64,723.4175153687034,2494.066034025583,176.51139725266015,2537.7823413858955,95.77233656402652,75.43375642973211,157.1512178411523,15.94217029058717,2700,12.545579706450761,0.13313877195936064
953,724.65,723.4211725943941,2494.0241804802795,176.50856199751436,2537.782006974208,95.7722437634923,75.43342945883586,157.42777702561122,15.94237482798626,2700,12.545579706450761,0.13313877195936064
954,724.66,723.4248251792473,2493.9823602850374,176.5057290210835,2537.781672564998,95.7721509637108,75.43310298181737,157.70433500497816,15.942579364495431,2700,12.545579706450761,0.13313877195936064
955,724.67,723.4284731274356,2493.9405734040533,176.50289832094518,2537.781338158264,95.77205816468202,75.43277699815597,157.9808917810705,15.942783900116025,2700,12.545579706450761,0.13313877195936064
956,724.68,723.4321164446766,2493.898819801544,176.50006989462722,2537.7810037540075,95.77196536640596,75.43245150733179,158.25744735570362,15.942988434849381,2700,12.545579706450761,0.13313877195936064
957,724.69,723.43575513668,2493.8570994417687,176.49724373973194,2537.7806693522252,95.7718725688826,75.43212650882529,158.53400173069107,15.94319296869684,2700,12.545579706450761,0.13313877195936064
958,724.7,723.4393892076042,2493.8154122890282,176.49441985390342,2537.7803349529204,95.77177977211193,75.43180200211756,158.81055490784445,15.943397501659739,2700,12.545579706450761,0.13313877195936064
959,724.71,723.4430186608265,2493.773758307652,176.49159823454121,2537.7800005560894,95.77168697609395,75.43147798669035,159.08710688897344,15.943602033739417,2700,12.545579706450761,0.13313877195936064
960,724.72,723.4466435043652,2493.7321374620246,176.4887788792926,2537.7796661617317,95.77159418082863,75.4311544620261,159.36365767588586,15.94380656493721,2700,12.545579706450761,0.13313877195936064
961,724.73,723.4502637400356,2493.6905497165767,176.48596178570617,2537.7793317698483,95.77150138631599,75.4308314276072,159.64020727038758,15.944011095254451,2700,12.545579706450761,0.13313877195936064
962,724.74,723.4538793742995,2493.6489950357345,176.48314695139095,2537.7789973804406,95.77140859255601,75.43050888291738,159.9167556742826,15.944215624692474,2700,12.545579706450761,0.13313877195936064
963,724.75,723.4574904128328,2493.6074733840233,176.48033437393184,2537.778662993504,95.77131579954869,75.43018682744034,160.19330288937294,15.944420153252608,2700,12.545579706450761,0.13313877195936064
964,724.76,723.4610968597619,2493.565984725959,176.47752405083145,2537.7783286090403,95.771223007294,75.42986526066046,160.46984891745885,15.944624680936185,2700,12.545579706450761,0.13313877195936064
965,724.77,723.4646987199807,2493.5245290261137,176.47471597978785,2537.7779942270495,95.77113021579196,75.42954418206286,160.7463937603386,15.944829207744535,2700,12.545579706450761,0.13313877195936064
966,724.78,723.4682959976014,2493.4831062491053,176.47191015824495,2537.7776598475293,95.77103742504254,75.42922359113307,161.02293741980856,15.945033733678981,2700,12.545579706450761,0.13313877195936064
967,724.79,723.4718886982819,2493.4417163595845,176.46910658387446,2537.7773254704807,95.77094463504574,75.42890348735729,161.29947989766325,15.94523825874085,2700,12.545579706450761,0.13313877195936064
968,724.8,723.4754768268989,2493.400359322246,176.46630525425527,2537.7769910959028,95.77085184580156,75.42858387022204,161.57602119569526,15.94544278293147,2700,12.545579706450761,0.13313877195936064
969,724.8100000000001,723.4790603883256,2493.359035101813,176.46350616700403,2537.7766567237945,95.77075905730997,75.42826473921454,161.8525613156953,15.94564730625216,2700,12.545579706450761,0.13313877195936064
970,724.82,723.4826393874276,2493.3177436630504,176.46070931964735,2537.7763223541574,95.770666269571,75.42794609382253,162.12910025945223,15.945851828704246,2700,12.545579706450761,0.13313877195936064
971,724.83,723.4862138290672,2493.2764849707655,176.45791470984565,2537.7759879869895,95.77057348258461,75.42762793353432,162.40563802875297,15.946056350289043,2700,12.545579706450761,0.13313877195936064
972,724.84,723.4897837181,2493.2352589898046,176.45512233520233,2537.77565362229,95.77048069635079,75.42731025783876,162.68217462538254,15.94626087100787,2700,12.545579706450761,0.13313877195936064
973,724.85,723.493349058602,2493.1940656850475,176.45233219325362,2537.775319260059,95.77038791086956,75.4269930662252,162.9587100511242,15.946465390862048,2700,12.545579706450761,0.13313877195936064
974,724.86,723.4969098569682,2493.1529050214167,176.44954428165514,2537.7749849002967,95.7702951261409,75.42667635818367,163.23524430775922,15.946669909852892,2700,12.545579706450761,0.13313877195936064
975,724.87,723.500466116488,2493.1117769638818,176.44675859802877,2537.774650543002,95.77020234216478,75.42636013320444,163.51177739706696,15.946874427981715,2700,12.545579706450761,0.13313877195936064
976,724.88,723.5040178435471,2493.0706814774217,176.44397513995114,2537.7743161881735,95.77010955894121,75.42604439077877,163.78830932082508,15.947078945249833,2700,12.545579706450761,0.13313877195936064
977,724.89,723.5075650421985,2493.0296185270918,176.44119390506006,2537.773981835811,95.77001677647019,75.42572913039801,164.0648400808092,15.947283461658554,2700,12.545579706450761,0.13313877195936064
978,724.9,723.5111077164933,2492.988588077954,176.43841489096758,2537.773647485917,95.76992399475172,75.42541435155438,164.34136967879311,15.94748797720919,2700,12.545579706450761,0.13313877195936064
979,724.91,723.5146458720237,2492.9475900951315,176.4356380952286,2537.7733131384866,95.76983121378576,75.4251000537406,164.61789811654876,15.947692491903053,2700,12.545579706450761,0.13313877195936064
980,724.92,723.5181795143773,2492.906624543776,176.43286351556165,2537.772978793523,95.76973843357233,75.42478623644978,164.8944253958462,15.94789700574145,2700,12.545579706450761,0.13313877195936064
981,724.93,723.5217086475886,2492.865691389076,176.4300911494689,2537.772644451024,95.7696456541114,75.42447289917557,165.17095151845368,15.948101518725682,2700,12.545579706450761,0.13313877195936064
982,724.94,723.5252332756859,2492.824790596253,176.42732099477175,2537.772310110989,95.76955287540297,75.42416004141234,165.4474764861375,15.94830603085706,2700,12.545579706450761,0.13313877195936064
983,724.95,723.528753404241,2492.783922130582,176.4245530489113,2537.771975773418,95.76946009744704,75.42384766265498,165.72400030066217,15.948510542136885,2700,12.545579706450761,0.13313877195936064
984,724.96,723.5322690380452,2492.743085957369,176.42178730958165,2537.7716414383112,95.76936732024359,75.42353576239873,166.00052296379027,15.94871505256646,2700,12.545579706450761,0.13313877195936064
985,724.97,723.5357801826615,2492.702282041953,176.4190237744258,2537.7713071056664,95.76927454379263,75.42322434013951,166.2770444772826,15.948919562147083,2700,12.545579706450761,0.13313877195936064
986,724.98,723.5392868413214,2492.661510349719,176.4162624410975,2537.7709727754846,95.76918176809414,75.42291339537364,166.55356484289806,15.949124070880059,2700,12.545579706450761,0.13313877195936064
987,724.99,723.542789019578,2492.62077084607,176.41350330727127,2537.770638447765,95.76908899314812,75.42260292759829,166.83008406239367,15.94932857876668,2700,12.545579706450761,0.13313877195936064
988,725.0,723.5462867221999,2492.580063496484,176.41074637041672,2537.7703041225086,95.76899621895453,75.42229293631085,167.1066021375247,15.949533085808248,2700,12.545579706450761,0.13313877195936064
989,725.01,723.5497799547296,2492.539388266445,176.4079916283322,2537.769969799711,95.76890344551342,75.42198342100939,167.38311907004447,15.949737592006057,2700,12.545579706450761,0.13313877195936064
990,725.02,723.5532687211523,2492.4987451214865,176.40523907867242,2537.769635479375,95.76881067282473,75.42167438119239,167.65963486170446,15.9499420973614,2700,12.545579706450761,0.13313877195936064
991,725.03,723.55675302545,2492.458134027174,176.40248871901193,2537.769301161499,95.76871790088848,75.42136581635907,167.93614951425437,15.95014660187557,2700,12.545579706450761,0.13313877195936064
992,725.04,723.560232873921,2492.417554949123,176.39974054706494,2537.768966846085,95.76862512970466,75.42105772600917,168.212663029442,15.950351105549856,2700,12.545579706450761,0.13313877195936064
993,725.05,723.5637082689863,2492.377007852985,176.39699456040594,2537.7686325331274,95.76853235927325,75.42075010964265,168.48917540901334,15.950555608385551,2700,12.545579706450761,0.13313877195936064
994,725.0600000000001,723.5671792184861,2492.336492704427,176.39425075678403,2537.768298222631,95.76843958959425,75.42044296676052,168.76568665471254,15.950760110383944,2700,12.545579706450761,0.13313877195936064
995,725.07,723.5706457256026,2492.2960094691916,176.3915091337507,2537.767963914592,95.76834682066765,75.42013629686365,169.04219676828188,15.95096461154632,2700,12.545579706450761,0.13313877195936064
996,725.08,723.5741077942945,2492.2555581130123,176.38876968909193,2537.7676296090112,95.76825405249345,75.419830099454,169.31870575146183,15.951169111873968,2700,12.545579706450761,0.13313877195936064
997,725.09,723.5775654316084,2492.215138601699,176.38603242039275,2537.767295305889,95.76816128507163,75.41952437403405,169.59521360599103,15.951373611368167,2700,12.545579706450761,0.13313877195936064
998,725.1,723.5810186391632,2492.1747509010925,176.383297325329,2537.7669610052235,95.76806851840219,75.4192191201063,169.87172033360628,15.951578110030205,2700,12.545579706450761,0.13313877195936064
999,725.11,723.5844674239997,2492.1343949770435,176.38056440159053,2537.7666267070144,95.7679757524851,75.41891433717453,170.14822593604254,15.951782607861363,2700,12.545579706450761,0.13313877195936064
1000,725.12,723.587911789274,2492.094070795487,176.37783364685367,2537.7662924112624,95.76788298732039,75.4186100247423,170.42473041503297,15.95198710486292,2700,12.545579706450761,0.13313877195936064
1001,725.13,723.5913517420165,2492.053778322346,176.37510505879868,2537.765958117966,95.76779022290805,75.4183061823143,170.7012337723089,15.952191601036157,2700,12.545579706450761,0.13313877195936064
1002,725.14,723.5947872838244,2492.013517523623,176.37237863504464,2537.765623827124,95.76769745924804,75.41800280939516,170.9777360095998,15.95239609638235,2700,12.545579706450761,0.13313877195936064
1003,725.15,723.5982184224929,2491.9732883653164,176.36965437333814,2537.765289538738,95.76760469634037,75.4176999054908,171.25423712863332,15.952600590902774,2700,12.545579706450761,0.13313877195936064
1004,725.16,723.6016451603824,2491.9330908135094,176.366932271317,2537.764955252807,95.76751193418502,75.41739747010685,171.53073713113537,15.952805084598708,2700,12.545579706450761,0.13313877195936064
1005,725.17,723.6050675029537,2491.892924834273,176.36421232670114,2537.76462096933,95.76741917278201,75.41709550275013,171.80723601882994,15.953009577471423,2700,12.545579706450761,0.13313877195936064
1006,725.18,723.6084854556563,2491.852790393755,176.3614945371538,2537.764286688305,95.76732641213131,75.41679400292762,172.08373379343928,15.953214069522193,2700,12.545579706450761,0.13313877195936064
1007,725.19,723.6118990216154,2491.812687458124,176.3587789004083,2537.7639524097353,95.76723365223292,75.4164929701468,172.3602304566838,15.953418560752288,2700,12.545579706450761,0.13313877195936064
1008,725.2,723.6153082070482,2491.772615993579,176.3560654141019,2537.7636181336175,95.76714089308683,75.41619240391606,172.63672601028208,15.953623051162978,2700,12.545579706450761,0.13313877195936064
1009,725.21,723.6187130150652,2491.7325759663736,176.35335407596128,2537.763283859952,95.76704813469304,75.41589230374376,172.9132204559509,15.95382754075553,2700,12.545579706450761,0.13313877195936064
1010,725.22,723.6221134518764,2491.692567342777,176.35064488366157,2537.762949588739,95.76695537705153,75.41559266913933,173.1897137954052,15.954032029531213,2700,12.545579706450761,0.13313877195936064
1011,725.23,723.6255095221311,2491.6525900891183,176.34793783490883,2537.762615319977,95.7668626201623,75.41529349961228,173.46620603035822,15.954236517491292,2700,12.545579706450761,0.13313877195936064
1012,725.24,723.6289012289286,2491.6126441717392,176.3452329274366,2537.7622810536664,95.76676986402533,75.41499479467284,173.74269716252127,15.954441004637031,2700,12.545579706450761,0.13313877195936064
1013,725.25,723.6322885776862,2491.5727295570373,176.34253015893682,2537.761946789806,95.76667710864064,75.41469655383192,174.01918719360395,15.954645490969694,2700,12.545579706450761,0.13313877195936064
1014,725.26,723.6356715730382,2491.532846211446,176.33982952701123,2537.761612528396,95.76658435400819,75.41439877660068,174.295676125314,15.954849976490543,2700,12.545579706450761,0.13313877195936064
1015,725.27,723.6390502196181,2491.4929941014266,176.33713102955707,2537.761278269437,95.76649160012798,75.41410146249088,174.5721639593574,15.955054461200838,2700,12.545579706450761,0.13313877195936064
1016,725.28,723.6424245228276,2491.453173193479,176.3344346641783,2537.760944012925,95.76639884700002,75.41380461101487,174.84865069743833,15.955258945101836,2700,12.545579706450761,0.13313877195936064
1017,725.29,723.6457944865124,2491.41338345414,176.33174042863635,2537.760609758863,95.76630609462428,75.41350822168539,175.12513634125912,15.955463428194795,2700,12.545579706450761,0.13313877195936064
1018,725.3,723.6491601152902,2491.373624849985,176.32904832059566,2537.7602755072503,95.76621334300079,75.41321229401588,175.40162089252038,15.955667910480976,2700,12.545579706450761,0.13313877195936064
1019,725.3100000000001,723.6525214137722,2491.3338973476248,176.32635833782004,2537.7599412580844,95.7661205921295,75.4129168275202,175.67810435292088,15.955872391961629,2700,12.545579706450761,0.13313877195936064
1020,725.32,723.6558783873389,2491.2942009137128,176.32367047800525,2537.759607011366,95.76602784201042,75.41262182171276,175.95458672415762,15.956076872638011,2700,12.545579706450761,0.13313877195936064
1021,725.33,723.6592310390424,2491.254535514932,176.320984738863,2537.759272767095,95.76593509264353,75.41232727610834,176.23106800792584,15.95628135251137,2700,12.545579706450761,0.13313877195936064
1022,725.34,723.6625793750295,2491.214901118,176.3183011181895,2537.758938525272,95.76584234402884,75.41203319022257,176.50754820591897,15.956485831582961,2700,12.545579706450761,0.13313877195936064
1023,725.35,723.66592339834,2491.175297689681,176.31561961366998,2537.758604285893,95.76574959616634,75.41173956357116,176.78402731982862,15.956690309854034,2700,12.545579706450761,0.13313877195936064
1024,725.36,723.6692631151117,2491.1357251967615,176.31294022297146,2537.7582700489606,95.76565684905601,75.41144639567078,177.06050535134466,15.956894787325835,2700,12.545579706450761,0.13313877195936064
1025,725.37,723.6725985291491,2491.0961836060787,176.31026294398305,2537.757935814474,95.76556410269785,75.4111536860382,177.33698230215518,15.957099263999613,2700,12.545579706450761,0.13313877195936064
1026,725.38,723.6759296458057,2491.05667288449,176.30758777430066,2537.7576015824316,95.76547135709185,75.41086143419102,177.61345817394653,15.957303739876613,2700,12.545579706450761,0.13313877195936064
1027,725.39,723.6792564688755,2491.0171929989096,176.30491471175765,2537.7572673528352,95.76537861223802,75.41056963964715,177.88993296840317,15.95750821495808,2700,12.545579706450761,0.13313877195936064
1028,725.4,723.6825790021513,2490.9777439162654,176.30224375401238,2537.7569331256827,95.76528586813635,75.4102783019252,178.16640668720788,15.957712689245257,2700,12.545579706450761,0.13313877195936064
1029,725.41,723.6858972517437,2490.9383256035403,176.29957489890816,2537.756598900974,95.76519312478679,75.40998742054425,178.44287933204168,15.957917162739387,2700,12.545579706450761,0.13313877195936064
1030,725.42,723.6892112222071,2490.8989380277503,176.2969081440968,2537.7562646787073,95.76510038218937,75.40969699502372,178.71935090458376,15.958121635441707,2700,12.545579706450761,0.13313877195936064
1031,725.43,723.6925209165455,2490.8595811559326,176.29424348741847,2537.7559304588835,95.76500764034408,75.4094070248836,178.99582140651157,15.95832610735346,2700,12.545579706450761,0.13313877195936064
1032,725.44,723.6958263408536,2490.8202549551715,176.29158092655965,2537.755596241502,95.7649148992509,75.40911750964472,179.27229083950078,15.958530578475886,2700,12.545579706450761,0.13313877195936064
1033,725.45,723.6991274988975,2490.7809593926004,176.28892045927992,2537.755262026564,95.76482215890984,75.40882844882789,179.54875920522534,15.958735048810215,2700,12.545579706450761,0.13313877195936064
1034,725.46,723.7024243952135,2490.741694435359,176.28626208338915,2537.754927814067,95.76472941932086,75.40853984195483,179.82522650535734,15.958939518357688,2700,12.545579706450761,0.13313877195936064
1035,725.47,723.7057170351078,2490.7024600506493,176.28360579653958,2537.7545936040106,95.76463668048399,75.40825168854765,180.10169274156723,15.959143987119536,2700,12.545579706450761,0.13313877195936064
1036,725.48,723.7090054215568,2490.663256205697,176.280951596596,2537.7542593963954,95.7645439423992,75.40796398812883,180.37815791552367,15.959348455096993,2700,12.545579706450761,0.13313877195936064
1037,725.49,723.7122895598577,2490.624082867758,176.27829948134286,2537.753925191219,95.76445120506649,75.40767674022165,180.65462202889344,15.959552922291289,2700,12.545579706450761,0.13313877195936064
1038,725.5,723.7155694560744,2490.584940004145,176.27564944845813,2537.7535909884837,95.76435846848584,75.40738994434969,180.93108508334174,15.959757388703657,2700,12.545579706450761,0.13313877195936064
1039,725.51,723.7188451131697,2490.5458275821884,176.27300149572034,2537.753256788187,95.76426573265728,75.40710360003689,181.20754708053195,15.959961854335324,2700,12.545579706450761,0.13313877195936064
1040,725.52,723.722116534877,2490.506745569246,176.27035562100522,2537.7529225903313,95.76417299758076,75.40681770680808,181.48400802212564,15.96016631918752,2700,12.545579706450761,0.13313877195936064
1041,725.53,723.7253837264709,2490.467693932734,176.267711821975,2537.7525883949124,95.76408026325629,75.40653226418847,181.7604679097827,15.96037078326147,2700,12.545579706450761,0.13313877195936064
1042,725.54,723.7286466939968,2490.428672640107,176.26507009642197,2537.752254201931,95.76398752968386,75.40624727170363,182.03692674516128,15.960575246558394,2700,12.545579706450761,0.13313877195936064
1043,725.55,723.7319054396223,2490.3896816588303,176.26243044220178,2537.7519200113893,95.76389479686345,75.40596272887952,182.31338452991773,15.960779709079523,2700,12.545579706450761,0.13313877195936064
1044,725.5600000000001,723.7351599701617,2490.3507209564086,176.2597928569678,2537.7515858232837,95.7638020647951,75.40567863524315,182.58984126570667,15.960984170826077,2700,12.545579706450761,0.13313877195936064
1045,725.57,723.7384102869928,2490.3117905004115,176.25715733863868,2537.7512516376146,95.76370933347874,75.40539499032133,182.866296954181,15.961188631799274,2700,12.545579706450761,0.13313877195936064
1046,725.58,723.741656396921,2490.2728902584004,176.25452388491493,2537.7509174543834,95.7636166029144,75.40511179364215,183.1427515969919,15.961393092000339,2700,12.545579706450761,0.13313877195936064
1047,725.59,723.7448983051897,2490.234020198023,176.25189249367446,2537.750583273586,95.76352387310207,75.40482904473349,183.41920519578875,15.961597551430488,2700,12.545579706450761,0.13313877195936064
1048,725.6,723.7481360131687,2490.1951802869153,176.24926316260303,2537.7502490952256,95.76343114404172,75.40454674312394,183.69565775221926,15.961802010090938,2700,12.545579706450761,0.13313877195936064
1049,725.61,723.7513695276458,2490.156370492762,176.24663588955048,2537.7499149193004,95.76333841573337,75.40426488834305,183.97210926792934,15.962006467982906,2700,12.545579706450761,0.13313877195936064
1050,725.62,723.7545988530748,2490.117590783312,176.24401067226444,2537.749580745811,95.763245688177,75.40398347992023,184.2485597445632,15.962210925107605,2700,12.545579706450761,0.13313877195936064
1051,725.63,723.7578239923616,2490.0788411263125,176.24138750860695,2537.749246574753,95.7631529613726,75.40370251738563,184.5250091837634,15.962415381466252,2700,12.545579706450761,0.13313877195936064
1052,725.64,723.7610449522775,2490.0401214895555,176.23876639639718,2537.748912406131,95.76306023532017,75.40342200027017,184.80145758717057,15.962619837060057,2700,12.545579706450761,0.13313877195936064
1053,725.65,723.7642617349396,2490.00143184089,176.2361473333101,2537.7485782399417,95.76296751001968,75.40314192810473,185.0779049564238,15.962824291890229,2700,12.545579706450761,0.13313877195936064
1054,725.66,723.7674743463378,2489.9627721481597,176.23353031724236,2537.7482440761864,95.76287478547114,75.40286230042129,185.35435129316036,15.96302874595798,2700,12.545579706450761,0.13313877195936064
1055,725.67,723.7706827909025,2489.924142379288,176.23091534607192,2537.7479099148627,95.76278206167456,75.40258311675184,185.63079659901587,15.963233199264518,2700,12.545579706450761,0.13313877195936064
1056,725.68,723.7738870707386,2489.8855425022034,176.2283024175353,2537.7475757559723,95.76268933862991,75.40230437662906,185.90724087562415,15.963437651811052,2700,12.545579706450761,0.13313877195936064
1057,725.69,723.7770871941437,2489.846972484872,176.22569152942458,2537.7472415995126,95.76259661633718,75.40202607958643,186.18368412461734,15.963642103598783,2700,12.545579706450761,0.13313877195936064
1058,725.7,723.780283162435,2489.808432295325,176.2230826795519,2537.746907445484,95.76250389479638,75.40174822515712,186.46012634762587,15.96384655462892,2700,12.545579706450761,0.13313877195936064
1059,725.71,723.7834749808044,2489.769921901569,176.2204758657308,2537.746573293888,95.7624111740075,75.40147081287571,186.73656754627842,15.964051004902666,2700,12.545579706450761,0.13313877195936064
1060,725.72,723.7866626544327,2489.731441271709,176.217871085857,2537.746239144721,95.76231845397052,75.40119384227677,187.01300772220196,15.96425545442122,2700,12.545579706450761,0.13313877195936064
1061,725.73,723.7898461869494,2489.6929903738514,176.21526833770827,2537.745904997985,95.76222573468543,75.40091731289534,187.28944687702182,15.964459903185784,2700,12.545579706450761,0.13313877195936064
1062,725.74,723.7930255835302,2489.6545691761344,176.21266761911164,2537.7455708536786,95.76213301615223,75.40064122426722,187.56588501236152,15.964664351197559,2700,12.545579706450761,0.13313877195936064
1063,725.75,723.7962008477926,2489.616177646749,176.21006892785462,2537.745236711801,95.76204029837092,75.40036557592846,187.84232212984293,15.964868798457742,2700,12.545579706450761,0.13313877195936064
1064,725.76,723.7993719841273,2489.5778157539057,176.20747226184392,2537.744902572353,95.76194758134149,75.40009036741581,188.1187582310862,15.965073244967531,2700,12.545579706450761,0.13313877195936064
1065,725.77,723.8025389976935,2489.539483465858,176.20487761881373,2537.744568435334,95.76185486506392,75.39981559826641,188.39519331770973,15.96527769072812,2700,12.545579706450761,0.13313877195936064
1066,725.78,723.8057018920956,2489.5011807508995,176.2022849967355,2537.7442343007415,95.76176214953821,75.3995412680178,188.6716273913303,15.965482135740704,2700,12.545579706450761,0.13313877195936064
1067,725.79,723.8088606724851,2489.4629075773346,176.1996943933409,2537.7439001685775,95.76166943476436,75.39926737620824,188.94806045356293,15.965686580006476,2700,12.545579706450761,0.13313877195936064
1068,725.8,723.8120153416802,2489.424663913536,176.19710580642925,2537.743566038841,95.76157672074234,75.3989939223762,189.224492506021,15.96589102352663,2700,12.545579706450761,0.13313877195936064
1069,725.8100000000001,723.8151659063743,2489.386449727883,176.19451923397457,2537.74323191153,95.76148400747218,75.39872090606102,189.50092355031612,15.966095466302354,2700,12.545579706450761,0.13313877195936064
1070,725.82,723.8183123685998,2489.3482649888088,176.19193467374134,2537.7428977866475,95.76139129495382,75.398448326802,189.77735358805822,15.96629990833484,2700,12.545579706450761,0.13313877195936064
1071,725.83,723.8214547342662,2489.3101096647547,176.18935212360904,2537.74256366419,95.76129858318731,75.39817618413952,190.05378262085557,15.966504349625275,2700,12.545579706450761,0.13313877195936064
1072,725.84,723.8245930077218,2489.2719837242375,176.18677158141395,2537.7422295441584,95.76120587217261,75.39790447761398,190.33021065031474,15.966708790174845,2700,12.545579706450761,0.13313877195936064
1073,725.85,723.827727191765,2489.2338871357697,176.18419304490936,2537.7418954265504,95.76111316190973,75.39763320676647,190.60663767804056,15.966913229984735,2700,12.545579706450761,0.13313877195936064
1074,725.86,723.8308572930623,2489.195819867913,176.18161651213043,2537.741561311369,95.76102045239864,75.39736237113873,190.88306370563623,15.967117669056133,2700,12.545579706450761,0.13313877195936064
1075,725.87,723.833983314399,2489.15778188928,176.17904198084972,2537.741227198611,95.76092774363934,75.39709197027253,191.15948873470322,15.967322107390219,2700,12.545579706450761,0.13313877195936064
1076,725.88,723.83710526011,2489.1197731684774,176.17646944888287,2537.7408930882775,95.76083503563184,75.39682200371064,191.43591276684137,15.967526544988175,2700,12.545579706450761,0.13313877195936064
1077,725.89,723.8402231352952,2489.08179367419,176.1738989140971,2537.7405589803666,95.76074232837611,75.39655247099603,191.7123358036488,15.967730981851183,2700,12.545579706450761,0.13313877195936064
1078,725.9,723.843336943504,2489.0438433751124,176.17133037439882,2537.7402248748804,95.76064962187215,75.39628337167214,191.9887578467219,15.967935417980422,2700,12.545579706450761,0.13313877195936064
1079,725.91,723.8464466898292,2489.0059222399723,176.16876382767603,2537.739890771816,95.76055691611997,75.3960147052831,192.26517889765552,15.968139853377071,2700,12.545579706450761,0.13313877195936064
1080,725.92,723.8495523770335,2488.9680302375477,176.16619927168688,2537.739556671174,95.76046421111953,75.39574647137323,192.54159895804264,15.968344288042307,2700,12.545579706450761,0.13313877195936064
1081,725.93,723.852654010976,2488.930167336629,176.16363670442908,2537.739222572953,95.76037150687084,75.3954786694877,192.81801802947476,15.968548721977303,2700,12.545579706450761,0.13313877195936064
1082,725.94,723.8557515959595,2488.8923335060636,176.1610761236809,2537.7388884771553,95.76027880337388,75.39521129917179,193.09443611354155,15.968753155183238,2700,12.545579706450761,0.13313877195936064
1083,725.95,723.8588451355099,2488.854528714715,176.1585175274208,2537.7385543837777,95.76018610062866,75.39494435997143,193.3708532118311,15.968957587661281,2700,12.545579706450761,0.13313877195936064
1084,725.96,723.8619346354717,2488.816752931481,176.15596091339435,2537.7382202928197,95.76009339863518,75.3946778514332,193.64726932592976,15.969162019412607,2700,12.545579706450761,0.13313877195936064
1085,725.97,723.8650200978082,2488.7790061253127,176.1534062795593,2537.7378862042833,95.76000069739341,75.39441177310377,193.92368445742233,15.969366450438384,2700,12.545579706450761,0.13313877195936064
1086,725.98,723.8681015275815,2488.7412882651624,176.1508536237583,2537.7375521181666,95.75990799690337,75.3941461245308,194.20009860789176,15.969570880739786,2700,12.545579706450761,0.13313877195936064
1087,725.99,723.8711789298444,2488.7035993200643,176.148302943938,2537.737218034469,95.759815297165,75.39388090526207,194.4765117789195,15.969775310317978,2700,12.545579706450761,0.13313877195936064
1088,726.0,723.8742523088742,2488.665939259041,176.1457542379426,2537.736883953191,95.75972259817837,75.39361611484583,194.75292397208528,15.969979739174127,2700,12.545579706450761,0.13313877195936064
1089,726.01,723.8773216689419,2488.628308051165,176.14320750365786,2537.7365498743316,95.7596298999434,75.39335175283095,195.02933518896714,15.970184167309398,2700,12.545579706450761,0.13313877195936064
1090,726.02,723.8803870127649,2488.590705665542,176.14066273891368,2537.7362157978905,95.75953720246012,75.39308781876673,195.30574543114147,15.970388594724957,2700,12.545579706450761,0.13313877195936064
1091,726.03,723.8834483469283,2488.5531320713153,176.13811994173494,2537.735881723867,95.75944450572852,75.39282431220316,195.58215470018303,15.970593021421971,2700,12.545579706450761,0.13313877195936064
1092,726.04,723.8865056733637,2488.5155872376736,176.13557910995732,2537.7355476522603,95.7593518097486,75.39256123269021,195.8585629976649,15.970797447401596,2700,12.545579706450761,0.13313877195936064
1093,726.05,723.889558997876,2488.478071133803,176.13304024146882,2537.735213583072,95.75925911452032,75.39229857977891,196.1349703251585,15.971001872664997,2700,12.545579706450761,0.13313877195936064
1094,726.0600000000001,723.8926083247103,2488.4405837289637,176.1305033341165,2537.7348795162993,95.7591664200437,75.39203635302029,196.41137668423363,15.971206297213332,2700,12.545579706450761,0.13313877195936064
1095,726.07,723.8956536573369,2488.4031249924165,176.12796838586988,2537.734545451943,95.75907372631872,75.39177455196607,196.6877820764584,15.971410721047759,2700,12.545579706450761,0.13313877195936064
1096,726.08,723.8986950007685,2488.3656948934763,176.12543539468396,2537.734211390003,95.75898103334538,75.39151317616852,196.96418650339928,15.971615144169439,2700,12.545579706450761,0.13313877195936064
1097,726.09,723.9017323584637,2488.328293401488,176.1229043583341,2537.7338773304787,95.75888834112368,75.39125222518024,197.24058996662112,15.971819566579523,2700,12.545579706450761,0.13313877195936064
1098,726.1,723.9047657346518,2488.2909204858206,176.12037527486405,2537.7335432733676,95.75879564965362,75.39099169855439,197.51699246768706,15.972023988279169,2700,12.545579706450761,0.13313877195936064
1099,726.11,723.9077951351086,2488.253576115893,176.1178481420852,2537.733209218673,95.75870295893516,75.39073159584466,197.79339400815869,15.97222840926953,2700,12.545579706450761,0.13313877195936064
1100,726.12,723.9108205625016,2488.2162602611447,176.1153229578861,2537.732875166392,95.7586102689683,75.3904719166049,198.0697945895959,15.972432829551758,2700,12.545579706450761,0.13313877195936064
1101,726.13,723.9138420210502,2488.1789728910394,176.1127997203146,2537.732541116524,95.75851757975306,75.39021266038986,198.3461942135569,15.972637249127008,2700,12.545579706450761,0.13313877195936064
1102,726.14,723.9168595157369,2488.1417139751015,176.11027842720165,2537.732207069071,95.75842489128941,75.38995382675463,198.62259288159837,15.972841667996423,2700,12.545579706450761,0.13313877195936064
1103,726.15,723.9198730499929,2488.1044834828726,176.1077590764845,2537.73187302403,95.75833220357734,75.38969541525456,198.89899059527522,15.973046086161157,2700,12.545579706450761,0.13313877195936064
1104,726.16,723.9228826287971,2488.06728138392,176.10524166602613,2537.731538981401,95.75823951661685,75.38943742544575,199.17538735614082,15.973250503622356,2700,12.545579706450761,0.13313877195936064
1105,726.17,723.9258882563445,2488.0301076478618,176.10272619388786,2537.731204941186,95.75814683040794,75.38917985688455,199.4517831657469,15.973454920381167,2700,12.545579706450761,0.13313877195936064
1106,726.18,723.9288899360541,2487.9929622443337,176.100212657834,2537.730870903382,95.7580541449506,75.38892270912794,199.7281780256435,15.973659336438736,2700,12.545579706450761,0.13313877195936064
1107,726.19,723.931887672888,2487.955845143011,176.09770105591411,2537.7305368679895,95.75796146024481,75.38866598173337,200.0045719373791,15.973863751796204,2700,12.545579706450761,0.13313877195936064
1108,726.2,723.9348814702544,2487.9187563136065,176.09519138605967,2537.7302028350077,95.75786877629058,75.38840967425861,200.28096490250047,15.974068166454717,2700,12.545579706450761,0.13313877195936064
1109,726.21,723.9378713323323,2487.8816957258596,176.09268364610526,2537.729868804436,95.75777609308788,75.38815378626211,200.55735692255283,15.974272580415414,2700,12.545579706450761,0.13313877195936064
1110,726.22,723.9408572648451,2487.8446633495464,176.09017783410042,2537.729534776276,95.75768341063673,75.38789831730266,200.83374799907978,15.974476993679438,2700,12.545579706450761,0.13313877195936064
1111,726.23,723.9438392704133,2487.807659154474,176.08767394789268,2537.7292007505257,95.7575907289371,75.38764326693938,201.11013813362317,15.974681406247926,2700,12.545579706450761,0.13313877195936064
1112,726.24,723.946817353978,2487.770683110474,176.08517198546605,2537.728866727184,95.757498047989,75.38738863473219,201.38652732772343,15.974885818122017,2700,12.545579706450761,0.13313877195936064
1113,726.25,723.9497915189229,2487.733735187433,176.08267194470506,2537.7285327062514,95.75740536779243,75.38713442024122,201.66291558291917,15.975090229302848,2700,12.545579706450761,0.13313877195936064
1114,726.26,723.9527617701794,2487.696815355248,176.0801738236771,2537.7281986877283,95.75731268834735,75.38688062302728,201.9393029007475,15.975294639791553,2700,12.545579706450761,0.13313877195936064
1115,726.27,723.9557281118994,2487.6599235838635,176.0776776202825,2537.7278646716127,95.75722000965376,75.38662724265141,202.2156892827439,15.975499049589269,2700,12.545579706450761,0.13313877195936064
1116,726.28,723.9586905466793,2487.6230598432494,176.07518333241322,2537.7275306579045,95.75712733171169,75.38637427867522,202.4920747304422,15.975703458697126,2700,12.545579706450761,0.13313877195936064
1117,726.29,723.9616490809874,2487.5862241034047,176.07269095804065,2537.727196646606,95.75703465452109,75.38612173066096,202.76845924537463,15.975907867116259,2700,12.545579706450761,0.13313877195936064
1118,726.3,723.9646037174097,2487.5494163343824,176.07020049514836,2537.7268626377127,95.75694197808197,75.3858695981709,203.04484282907183,15.976112274847798,2700,12.545579706450761,0.13313877195936064
1119,726.3100000000001,723.9675544608576,2487.5126365062306,176.06771194167413,2537.7265286312268,95.75684930239431,75.38561788076827,203.32122548306282,15.976316681892872,2700,12.545579706450761,0.13313877195936064
1120,726.32,723.9705013146826,2487.4758845890656,176.06522529561462,2537.726194627146,95.75675662745815,75.38536657801646,203.597607208875,15.97652108825261,2700,12.545579706450761,0.13313877195936064
1121,726.33,723.9734442837848,2487.439160553018,176.06274055479057,2537.7258606254736,95.75666395327342,75.38511568947948,203.87398800803413,15.976725493928141,2700,12.545579706450761,0.13313877195936064
1122,726.34,723.9763833722839,2487.40246436826,176.06025771735236,2537.725526626205,95.75657127984013,75.38486521472166,204.15036788206447,15.976929898920586,2700,12.545579706450761,0.13313877195936064
1123,726.35,723.9793185835207,2487.3657960049845,176.05777678116095,2537.7251926293407,95.7564786071583,75.3846151533079,204.4267468324886,15.977134303231074,2700,12.545579706450761,0.13313877195936064
1124,726.36,723.9822499231557,2487.3291554334264,176.0552977442925,2537.7248586348824,95.75638593522791,75.38436550480363,204.7031248608275,15.977338706860728,2700,12.545579706450761,0.13313877195936064
1125,726.37,723.9851773929701,2487.2925426238553,176.0528206045091,2537.724524642828,95.75629326404894,75.38411626877445,204.97950196860052,15.977543109810671,2700,12.545579706450761,0.13313877195936064
1126,726.38,723.9881009986169,2487.2559575465616,176.05034535998985,2537.7241906531776,95.7562005936214,75.38386744478687,205.2558781573255,15.977747512082022,2700,12.545579706450761,0.13313877195936064
1127,726.39,723.9910207441918,2487.219400171885,176.0478720085513,2537.723856665931,95.75610792394527,75.38361903240745,205.53225342851866,15.977951913675904,2700,12.545579706450761,0.13313877195936064
1128,726.4,723.9939366330137,2487.1828704701775,176.04540054829152,2537.7235226810885,95.75601525502053,75.38337103120335,205.80862778369456,15.978156314593436,2700,12.545579706450761,0.13313877195936064
1129,726.41,723.9968486707218,2487.146368411836,176.0429309771127,2537.723188698648,95.7559225868472,75.38312344074235,206.08500122436624,15.978360714835732,2700,12.545579706450761,0.13313877195936064
1130,726.42,723.999756859849,2487.1098939672966,176.04046329300053,2537.722854718609,95.75582991942528,75.38287626059234,206.3613737520451,15.978565114403912,2700,12.545579706450761,0.13313877195936064
1131,726.43,724.0026612044766,2487.0734471069995,176.03799749402347,2537.7225207409724,95.75573725275473,75.38262949032209,206.63774536824096,15.978769513299092,2700,12.545579706450761,0.13313877195936064
1132,726.44,724.0055617102273,2487.037027801451,176.0355335780167,2537.7221867657386,95.75564458683556,75.38238312950061,206.91411607446207,15.978973911522385,2700,12.545579706450761,0.13313877195936064
1133,726.45,724.0084583796234,2487.000636021175,176.0330715430989,2537.721852792905,95.75555192166776,75.38213717769719,207.1904858722151,15.979178309074902,2700,12.545579706450761,0.13313877195936064
1134,726.46,724.0113512167312,2486.9642717367155,176.0306113872285,2537.7215188224727,95.75545925725133,75.38189163448195,207.46685476300516,15.97938270595776,2700,12.545579706450761,0.13313877195936064
1135,726.47,724.0142402263872,2486.92793491867,176.0281531083611,2537.721184854441,95.75536659358625,75.38164649942527,207.74322274833565,15.979587102172065,2700,12.545579706450761,0.13313877195936064
1136,726.48,724.0171254134228,2486.8916255376585,176.02569670451928,2537.7208508888084,95.75527393067252,75.38140177209795,208.01958982970856,15.97979149771893,2700,12.545579706450761,0.13313877195936064
1137,726.49,724.0200067803426,2486.855343564329,176.02324217368044,2537.720516925577,95.75518126851013,75.38115745207118,208.29595600862416,15.97999589259946,2700,12.545579706450761,0.13313877195936064
1138,726.5,724.0228843311957,2486.819088969356,176.0207895138282,2537.720182964743,95.75508860709908,75.38091353891691,208.57232128658126,15.980200286814764,2700,12.545579706450761,0.13313877195936064
1139,726.51,724.0257580707993,2486.7828617234677,176.01833872303231,2537.7198490063097,95.75499594643937,75.38067003220738,208.848685665077,15.98040468036595,2700,12.545579706450761,0.13313877195936064
1140,726.52,724.028628002418,2486.7466617974133,176.01588979918304,2537.7195150502753,95.75490328653096,75.38042693151512,209.125049145607,15.980609073254122,2700,12.545579706450761,0.13313877195936064
1141,726.53,724.0314941316395,2486.710489161963,176.01344274041196,2537.719181096637,95.75481062737387,75.38018423641337,209.40141172966526,15.98081346548038,2700,12.545579706450761,0.13313877195936064
1142,726.54,724.0343564609426,2486.6743437879327,176.01099754468518,2537.7188471453983,95.75471796896808,75.37994194647554,209.67777341874427,15.981017857045833,2700,12.545579706450761,0.13313877195936064
1143,726.55,724.0372149959061,2486.6382256461566,176.00855420990658,2537.718513196556,95.75462531131362,75.37970006127588,209.95413421433489,15.981222247951576,2700,12.545579706450761,0.13313877195936064
1144,726.5600000000001,724.0400697389997,2486.602134707525,176.0061127342204,2537.7181792501106,95.75453265441043,75.37945858038867,210.23049411792647,15.981426638198716,2700,12.545579706450761,0.13313877195936064
1145,726.57,724.0429206942429,2486.5660709429267,176.0036731155653,2537.7178453060633,95.75443999825852,75.37921750338904,210.50685313100675,15.981631027788346,2700,12.545579706450761,0.13313877195936064
1146,726.58,724.0457678664233,2486.530034323315,176.0012353520623,2537.7175113644116,95.7543473428579,75.37897682985236,210.78321125506193,15.981835416721568,2700,12.545579706450761,0.13313877195936064
1147,726.59,724.0486112595496,2486.494024819656,175.9987994415767,2537.7171774251556,95.75425468820853,75.37873655935441,211.05956849157667,15.982039804999477,2700,12.545579706450761,0.13313877195936064
1148,726.6,724.0514508776271,2486.458042402945,175.99636538221196,2537.7168434882938,95.75416203431045,75.37849669147145,211.335924842034,15.982244192623169,2700,12.545579706450761,0.13313877195936064
1149,726.61,724.0542867238811,2486.422087044218,175.99393317198954,2537.7165095538285,95.7540693811636,75.37825722578026,211.61228030791543,15.98244857959374,2700,12.545579706450761,0.13313877195936064
1150,726.62,724.0571188030834,2486.38615871454,175.9915028089291,2537.716175621758,95.75397672876804,75.37801816185811,211.88863489070093,15.982652965912282,2700,12.545579706450761,0.13313877195936064
1151,726.63,724.0599471192239,2486.3502573850064,175.98907429104105,2537.7158416920815,95.75388407712369,75.37777949928252,212.1649885918689,15.982857351579886,2700,12.545579706450761,0.13313877195936064
1152,726.64,724.0627716762916,2486.3143830267463,175.9866476163457,2537.7155077647994,95.75379142623058,75.37754123763163,212.44134141289618,15.983061736597646,2700,12.545579706450761,0.13313877195936064
1153,726.65,724.0655924774926,2486.278535610912,175.98422278291358,2537.7151738399107,95.7536987760887,75.37730337648398,212.71769335525804,15.98326612096665,2700,12.545579706450761,0.13313877195936064
1154,726.66,724.0684095283575,2486.2427151086977,175.9817997887445,2537.7148399174157,95.75360612669806,75.37706591541865,212.99404442042822,15.983470504687988,2700,12.545579706450761,0.13313877195936064
1155,726.67,724.0712228305334,2486.2069214913317,175.97937863186712,2537.7145059973127,95.75351347805862,75.37682885401487,213.2703946098789,15.983674887762747,2700,12.545579706450761,0.13313877195936064
1156,726.68,724.074032390318,2486.171154730054,175.97695931039104,2537.7141720796026,95.75342083017038,75.37659219185282,213.54674392508076,15.983879270192014,2700,12.545579706450761,0.13313877195936064
1157,726.69,724.0768382101234,2486.135414796165,175.97454182223456,2537.7138381642844,95.75332818303335,75.37635592851254,213.82309236750288,15.984083651976874,2700,12.545579706450761,0.13313877195936064
1158,726.7,724.0796402954642,2486.0997016609604,175.97212616552517,2537.7135042513582,95.75323553664752,75.37612006357502,214.09943993861282,15.98428803311841,2700,12.545579706450761,0.13313877195936064
1159,726.71,724.0824386487449,2486.064015295805,175.96971233826858,2537.713170340822,95.75314289101287,75.37588459662126,214.37578663987657,15.984492413617707,2700,12.545579706450761,0.13313877195936064
1160,726.72,724.0852332746954,2486.0283556720588,175.96730033856912,2537.7128364326786,95.75305024612939,75.37564952723315,214.6521324727586,15.984696793475846,2700,12.545579706450761,0.13313877195936064
1161,726.73,724.0880241772621,2485.992722761149,175.96489016439548,2537.712502526925,95.7529576019971,75.3754148549927,214.92847743872187,15.984901172693908,2700,12.545579706450761,0.13313877195936064
1162,726.74,724.0908113596145,2485.957116534505,175.96248181379974,2537.712168623563,95.75286495861596,75.37518057948245,215.20482153922774,15.985105551272971,2700,12.545579706450761,0.13313877195936064
1163,726.75,724.0935948264683,2485.9215369635995,175.96007528496375,2537.7118347225887,95.75277231598598,75.37494670028549,215.48116477573606,15.985309929214116,2700,12.545579706450761,0.13313877195936064
1164,726.76,724.096374581758,2485.8859840199384,175.95767057576828,2537.711500824004,95.75267967410714,75.37471321698519,215.7575071497052,15.98551430651842,2700,12.545579706450761,0.13313877195936064
1165,726.77,724.0991506294156,2485.850457675052,175.95526768438214,2537.7111669278092,95.75258703297946,75.3744801291654,216.03384866259185,15.98571868318696,2700,12.545579706450761,0.13313877195936064
1166,726.78,724.1019229733674,2485.814957900501,175.9528666088197,2537.710833034003,95.75249439260291,75.37424743641049,216.31018931585135,15.98592305922081,2700,12.545579706450761,0.13313877195936064
1167,726.79,724.1046916167617,2485.7794846678844,175.95046734715842,2537.710499142586,95.7524017529775,75.3740151383052,216.5865291109374,15.986127434621041,2700,12.545579706450761,0.13313877195936064
1168,726.8,724.1074565642915,2485.744037948825,175.94806989745945,2537.710165253556,95.75230911410321,75.37378323443482,216.86286804930222,15.986331809388732,2700,12.545579706450761,0.13313877195936064
1169,726.8100000000001,724.110217820646,2485.7086177149854,175.94567425773198,2537.7098313669126,95.75221647598003,75.37355172438497,217.13920613239645,15.98653618352495,2700,12.545579706450761,0.13313877195936064
1170,726.82,724.1129753881843,2485.6732239380544,175.9432804261119,2537.7094974826573,95.75212383860796,75.37332060774159,217.41554336166925,15.98674055703077,2700,12.545579706450761,0.13313877195936064
1171,726.83,724.1157292715893,2485.637856589738,175.94088840062852,2537.70916360079,95.752031201987,75.37308988409146,217.69187973856825,15.986944929907256,2700,12.545579706450761,0.13313877195936064
1172,726.84,724.1184794739844,2485.6025156417977,175.9384981794117,2537.7088297213077,95.75193856611712,75.37285955302139,217.96821526453957,15.98714930215548,2700,12.545579706450761,0.13313877195936064
1173,726.85,724.1212260008185,2485.567201066011,175.9361097604453,2537.708495844212,95.75184593099833,75.37262961411892,218.24454994102774,15.987353673776509,2700,12.545579706450761,0.13313877195936064
1174,726.86,724.1239688544338,2485.531912834193,175.93372314189617,2537.7081619695023,95.75175329663062,75.37240006697168,218.52088376947586,15.987558044771408,2700,12.545579706450761,0.13313877195936064
1175,726.87,724.1267080402697,2485.4966509181677,175.93133832173925,2537.707828097178,95.751660663014,75.37217091116818,218.79721675132544,15.987762415141244,2700,12.545579706450761,0.13313877195936064
1176,726.88,724.1294435606594,2485.461415289831,175.92895529815644,2537.707494227238,95.75156803014842,75.37194214629697,219.07354888801657,15.987966784887078,2700,12.545579706450761,0.13313877195936064
1177,726.89,724.1321754202604,2485.4262059210632,175.92657406910914,2537.707160359682,95.75147539803393,75.37171377194737,219.3498801809877,15.988171154009978,2700,12.545579706450761,0.13313877195936064
1178,726.9,724.1349036221702,2485.391022783816,175.92419463284577,2537.706826494513,95.75138276667047,75.37148578770886,219.62621063167595,15.988375522511,2700,12.545579706450761,0.13313877195936064
1179,726.91,724.1376281725886,2485.355865850042,175.92181698733293,2537.7064926317257,95.75129013605807,75.3712581931716,219.9025402415167,15.988579890391206,2700,12.545579706450761,0.13313877195936064
1180,726.92,724.1403490722805,2485.320735091746,175.91944113066634,2537.706158771322,95.7511975061967,75.37103098792576,220.17886901194402,15.988784257651654,2700,12.545579706450761,0.13313877195936064
1181,726.93,724.143066326663,2485.285630480933,175.91706706096286,2537.7058249133024,95.75110487708638,75.37080417156263,220.45519694439034,15.988988624293407,2700,12.545579706450761,0.13313877195936064
1182,726.94,724.1457799403661,2485.2505519896777,175.91469477634544,2537.7054910576653,95.75101224872708,75.37057774367334,220.73152404028667,15.98919299031752,2700,12.545579706450761,0.13313877195936064
1183,726.95,724.1484899156967,2485.2154995900587,175.9123242747863,2537.7051572044097,95.7509196211188,75.37035170384956,221.00785030106243,15.989397355725048,2700,12.545579706450761,0.13313877195936064
1184,726.96,724.1511962572818,2485.180473254185,175.90995555448762,2537.704823353538,95.7508269942615,75.37012605168373,221.28417572814564,15.989601720517046,2700,12.545579706450761,0.13313877195936064
1185,726.97,724.1538989697406,2485.145472954214,175.9075886135264,2537.7044895050453,95.75073436815524,75.36990078676837,221.56050032296278,15.98980608469457,2700,12.545579706450761,0.13313877195936064
1186,726.98,724.1565980545917,2485.110498662317,175.90522345003973,2537.704155658936,95.75064174279996,75.36967590869645,221.8368240869388,15.99001044825867,2700,12.545579706450761,0.13313877195936064
1187,726.99,724.1592935179988,2485.0755503506944,175.902860062079,2537.7038218152074,95.75054911819566,75.36945141706177,222.11314702149716,15.990214811210398,2700,12.545579706450761,0.13313877195936064
1188,727.0,724.1619853630186,2485.040627991601,175.90049844774026,2537.7034879738585,95.75045649434236,75.36922731145795,222.38946912805986,15.990419173550809,2700,12.545579706450761,0.13313877195936064
1189,727.01,724.1646735927087,2485.0057315572835,175.89813860512055,2537.7031541348906,95.75036387124003,75.36900359147947,222.66579040804731,15.990623535280946,2700,12.545579706450761,0.13313877195936064
1190,727.02,724.1673582124438,2484.9708610200473,175.89578053240052,2537.702820298302,95.75027124888867,75.36878025672121,222.94211086287862,15.990827896401862,2700,12.545579706450761,0.13313877195936064
1191,727.03,724.1700392252696,2484.9360163522274,175.8934242275898,2537.7024864640935,95.75017862728828,75.36855730677824,223.21843049397123,15.991032256914604,2700,12.545579706450761,0.13313877195936064
1192,727.04,724.1727166342299,2484.9011975261637,175.89106968889533,2537.7021526322633,95.75008600643883,75.36833474124629,223.49474930274113,15.991236616820215,2700,12.545579706450761,0.13313877195936064
1193,727.05,724.1753904439122,2484.8664045142555,175.88871691437305,2537.701818802813,95.74999338634034,75.36811255972154,223.77106729060284,15.99144097611974,2700,12.545579706450761,0.13313877195936064
1194,727.0600000000001,724.1780606581254,2484.8316372889262,175.88636590214665,2537.7014849757393,95.7499007669928,75.36789076180038,224.04738445896947,15.991645334814228,2700,12.545579706450761,0.13313877195936064
1195,727.07,724.180727280675,2484.796895822612,175.88401665035371,2537.7011511510464,95.74980814839617,75.36766934707977,224.32370080925247,15.991849692904717,2700,12.545579706450761,0.13313877195936064
1196,727.08,724.1833903161368,2484.7621800877914,175.88166915710738,2537.7008173287286,95.74971553055049,75.3674483151571,224.60001634286195,15.992054050392252,2700,12.545579706450761,0.13313877195936064
1197,727.09,724.1860497667574,2484.727490056973,175.87932342056232,2537.7004835087887,95.74962291345571,75.3672276656301,224.87633106120654,15.992258407277872,2700,12.545579706450761,0.13313877195936064
1198,727.1,724.1887056371041,2484.692825702692,175.87697943876887,2537.7001496912258,95.74953029711186,75.36700739809716,225.15264496569327,15.992462763562616,2700,12.545579706450761,0.13313877195936064
1199,727.11,724.1913579309654,2484.6581869975244,175.87463720995157,2537.6998158760407,95.74943768151891,75.36678751215682,225.42895805772784,15.992667119247523,2700,12.545579706450761,0.13313877195936064
1200,727.12,724.1940066521257,2484.6235739140584,175.87229673210078,2537.6994820632303,95.74934506667687,75.36656800740818,225.7052703387143,15.99287147433363,2700,12.545579706450761,0.13313877195936064
1201,727.13,724.1966518043655,2484.5889864249243,175.8699580034682,2537.699148252797,95.7492524525857,75.36634888345073,225.98158181005545,15.993075828821974,2700,12.545579706450761,0.13313877195936064
1202,727.14,724.1992933914605,2484.5544245027763,175.8676210221255,2537.6988144447378,95.74915983924544,75.36613013988442,226.25789247315237,15.99328018271359,2700,12.545579706450761,0.13313877195936064
1203,727.15,724.2019314164073,2484.519888120301,175.86528578628995,2537.698480639055,95.74906722665605,75.36591177630956,226.5342023294049,15.993484536009513,2700,12.545579706450761,0.13313877195936064
1204,727.16,724.2045658845254,2484.4853772502124,175.86295229392843,2537.6981468357467,95.74897461481753,75.36569379232705,226.81051138021124,15.993688888710775,2700,12.545579706450761,0.13313877195936064
1205,727.17,724.2071967988014,2484.4508918652655,175.86062054334704,2537.697813034813,95.74888200372989,75.3654761875379,227.0868196269682,15.993893240818407,2700,12.545579706450761,0.13313877195936064
1206,727.18,724.2098241629974,2484.4164319382185,175.8582905326318,2537.6974792362525,95.74878939339308,75.36525896154383,227.36312707107106,15.994097592333443,2700,12.545579706450761,0.13313877195936064
1207,727.19,724.2124479800926,2484.381997441886,175.85596225990443,2537.6971454400664,95.74869678380715,75.36504211394691,227.63943371391372,15.994301943256911,2700,12.545579706450761,0.13313877195936064
1208,727.2,724.2150682553895,2484.3475883490987,175.8536357233196,2537.6968116462526,95.74860417497206,75.36482564434968,227.91573955688858,15.994506293589838,2700,12.545579706450761,0.13313877195936064
1209,727.21,724.2176849918586,2484.31320463273,175.8513109210431,2537.6964778548145,95.7485115668878,75.36460955235484,228.1920446013865,15.994710643333255,2700,12.545579706450761,0.13313877195936064
1210,727.22,724.2202981932465,2484.278846265658,175.84898785120245,2537.6961440657465,95.74841895955439,75.36439383756583,228.46834884879704,15.994914992488185,2700,12.545579706450761,0.13313877195936064
1211,727.23,724.2229078625147,2484.2445132208136,175.8466665119522,2537.6958102790522,95.74832635297177,75.36417849958636,228.74465230050814,15.995119341055656,2700,12.545579706450761,0.13313877195936064
1212,727.24,724.2255140049501,2484.210205471145,175.84434690148976,2537.695476494729,95.74823374714,75.36396353802067,229.02095495790638,15.995323689036692,2700,12.545579706450761,0.13313877195936064
1213,727.25,724.2281166235076,2484.1759229896415,175.84202901786873,2537.6951427127774,95.74814114205904,75.36374895247317,229.29725682237682,15.995528036432315,2700,12.545579706450761,0.13313877195936064
1214,727.26,724.2307157219167,2484.1416657493032,175.83971285934538,2537.6948089331977,95.74804853772888,75.36353474254896,229.57355789530314,15.99573238324355,2700,12.545579706450761,0.13313877195936064
1215,727.27,724.2333113038987,2484.1074337231757,175.83739842405643,2537.6944751559868,95.74795593414952,75.36332090785345,229.84985817806748,15.995936729471415,2700,12.545579706450761,0.13313877195936064
1216,727.28,724.2359033723976,2484.0732268843262,175.83508571006718,2537.6941413811487,95.74786333132094,75.36310744799245,230.12615767205062,15.996141075116931,2700,12.545579706450761,0.13313877195936064
1217,727.29,724.2384919326793,2484.0390452058564,175.83277471571446,2537.6938076086794,95.74777072924314,75.3628943625723,230.4024563786318,15.996345420181116,2700,12.545579706450761,0.13313877195936064
1218,727.3,724.2410769869036,2484.0048886608934,175.83046543899138,2537.6934738385808,95.74767812791613,75.3626816511995,230.67875429918885,15.996549764664993,2700,12.545579706450761,0.13313877195936064
1219,727.3100000000001,724.2436585403296,2483.9707572225866,175.8281578781749,2537.693140070852,95.74758552733988,75.36246931348128,230.9550514350982,15.996754108569572,2700,12.545579706450761,0.13313877195936064
1220,727.32,724.2462365958839,2483.9366508641338,175.82585203136395,2537.692806305491,95.74749292751439,75.36225734902503,231.2313477877348,15.996958451895873,2700,12.545579706450761,0.13313877195936064
1221,727.33,724.2488111572667,2483.902569558736,175.8235478968541,2537.6924725425,95.74740032843967,75.36204575743871,231.50764335847205,15.99716279464491,2700,12.545579706450761,0.13313877195936064
1222,727.34,724.2513822281716,2483.8685132796427,175.8212454726467,2537.6921387818766,95.74730773011568,75.36183453833071,231.7839381486821,15.997367136817696,2700,12.545579706450761,0.13313877195936064
1223,727.35,724.2539498122902,2483.834482000134,175.81894475702887,2537.691805023621,95.74721513254245,75.36162369130973,232.06023215973548,15.997571478415246,2700,12.545579706450761,0.13313877195936064
1224,727.36,724.2565139133087,2483.800475693504,175.81664574813175,2537.6914712677335,95.74712253571995,75.36141321598498,232.33652539300144,15.99777581943857,2700,12.545579706450761,0.13313877195936064
1225,727.37,724.2590745349113,2483.7664943330897,175.81434844412934,2537.691137514212,95.74702993964817,75.361203111966,232.6128178498477,15.997980159888677,2700,12.545579706450761,0.13313877195936064
1226,727.38,724.2616316807755,2483.7325378922465,175.81205284329204,2537.6908037630587,95.74693734432712,75.36099337886282,232.88910953164049,15.998184499766575,2700,12.545579706450761,0.13313877195936064
1227,727.39,724.2641853545772,2483.6986063443655,175.80975894364107,2537.6904700142736,95.74684474975679,75.36078401628582,233.16540043974473,15.998388839073277,2700,12.545579706450761,0.13313877195936064
1228,727.4,724.266735560763,2483.6646996628647,175.80746674351838,2537.6901362678527,95.74675215593716,75.36057502384584,233.4416905755238,15.998593177809788,2700,12.545579706450761,0.13313877195936064
1229,727.41,724.269282301448,2483.630817821192,175.80517624098263,2537.6898025237974,95.74665956286825,75.36036640115405,233.7179799403398,15.998797515977115,2700,12.545579706450761,0.13313877195936064
1230,727.42,724.2718255818481,2483.5969607928155,175.8028874343812,2537.6894687821086,95.74656697055,75.36015814782228,233.9942685355532,15.999001853576264,2700,12.545579706450761,0.13313877195936064
1231,727.43,724.2743654040684,2483.5631285512522,175.80060032172048,2537.6891350427845,95.74647437898247,75.35995026346237,234.2705563625231,15.999206190608236,2700,12.545579706450761,0.13313877195936064
1232,727.44,724.2769017733174,2483.5293210700243,175.79831490132509,2537.688801305826,95.7463817881656,75.359742747687,234.54684342260734,15.999410527074037,2700,12.545579706450761,0.13313877195936064
1233,727.45,724.279434692469,2483.495538322702,175.79603117128892,2537.6884675712326,95.74628919809942,75.35953560010886,234.82312971716212,15.999614862974667,2700,12.545579706450761,0.13313877195936064
1234,727.46,724.281964164397,2483.461780282869,175.79374912993188,2537.6881338390026,95.74619660878392,75.35932882034133,235.09941524754228,15.99981919831113,2700,12.545579706450761,0.13313877195936064
1235,727.47,724.2844901942937,2483.428046924145,175.79146877531852,2537.687800109136,95.74610402021906,75.35912240799823,235.37570001510133,16.000023533084423,2700,12.545579706450761,0.13313877195936064
1236,727.48,724.2870127842475,2483.394338220187,175.78919010575515,2537.687466381633,95.74601143240486,75.35891636269344,235.6519840211912,16.000227867295546,2700,12.545579706450761,0.13313877195936064
1237,727.49,724.2895319394459,2483.360654144657,175.78691311938638,2537.687132656493,95.74591884534131,75.35871068404167,235.92826726716254,16.000432200945493,2700,12.545579706450761,0.13313877195936064
1238,727.5,724.2920476635181,2483.326994671272,175.78463781447795,2537.6867989337156,95.74582625902839,75.35850537165771,236.2045497543645,16.00063653403527,2700,12.545579706450761,0.13313877195936064
1239,727.51,724.2945599585436,2483.293359773754,175.78236418912982,2537.6864652133013,95.74573367346613,75.35830042515691,236.48083148414483,16.000840866565863,2700,12.545579706450761,0.13313877195936064
1240,727.52,724.2970688296953,2483.2597494258675,175.780092241685,2537.6861314952484,95.74564108865448,75.3580958441552,236.75711245784987,16.00104519853827,2700,12.545579706450761,0.13313877195936064
1241,727.53,724.2995742790412,2483.2261636014177,175.7778219701733,2537.6857977795585,95.74554850459344,75.35789162826853,237.03339267682458,16.00124952995349,2700,12.545579706450761,0.13313877195936064
1242,727.54,724.302076310973,2483.1926022742027,175.77555337300197,2537.6854640662286,95.74545592128302,75.35768777711365,237.30967214241247,16.00145386081251,2700,12.545579706450761,0.13313877195936064
1243,727.55,724.3045749298774,2483.159065418084,175.77328644822873,2537.6851303552603,95.74536333872322,75.35748429030743,237.58595085595562,16.00165819111632,2700,12.545579706450761,0.13313877195936064
1244,727.5600000000001,724.3070701385865,2483.125553006938,175.77102119419442,2537.684796646652,95.74527075691401,75.35728116746715,237.8622288187947,16.001862520865913,2700,12.545579706450761,0.13313877195936064
1245,727.57,724.3095619407054,2483.0920650146527,175.76875760906273,2537.684462940406,95.7451781758554,75.35707840821073,238.1385060322691,16.00206685006228,2700,12.545579706450761,0.13313877195936064
1246,727.58,724.3120503398341,2483.058601415175,175.76649569096958,2537.684129236518,95.74508559554738,75.35687601215632,238.41478249771657,16.00227117870641,2700,12.545579706450761,0.13313877195936064
1247,727.59,724.3145353395672,2483.025162182461,175.76423543822835,2537.683795534991,95.74499301598992,75.3566739789225,238.6910582164737,16.002475506799286,2700,12.545579706450761,0.13313877195936064
1248,727.6,724.3170169442736,2482.9917472905,175.76197684914385,2537.683461835822,95.74490043718305,75.3564723081283,238.96733318987546,16.002679834341897,2700,12.545579706450761,0.13313877195936064
1249,727.61,724.3194951559897,2482.9583567133077,175.7597199217967,2537.683128139013,95.74480785912675,75.35627099939302,239.24360741925562,16.002884161335228,2700,12.545579706450761,0.13313877195936064
1250,727.62,724.3219699798518,2482.924990424927,175.7574646543972,2537.682794444563,95.744715281821,75.35607005233665,239.51988090594642,16.00308848778026,2700,12.545579706450761,0.13313877195936064
1251,727.63,724.3244414186643,2482.8916483994412,175.75521104529173,2537.6824607524704,95.7446227052658,75.3558694665792,239.79615365127867,16.003292813677984,2700,12.545579706450761,0.13313877195936064
1252,727.64,724.3269094760042,2482.85833061094,175.7529590927322,2537.682127062736,95.74453012946115,75.3556692417414,240.0724256565819,16.003497139029378,2700,12.545579706450761,0.13313877195936064
1253,727.65,724.3293741554439,2482.8250370335563,175.75070879476533,2537.6817933753587,95.74443755440706,75.35546937744424,240.34869692318418,16.00370146383542,2700,12.545579706450761,0.13313877195936064
1254,727.66,724.3318354605525,2482.7917676414536,175.74846014986227,2537.6814596903396,95.74434498010349,75.35526987330911,240.62496745241222,16.003905788097097,2700,12.545579706450761,0.13313877195936064
1255,727.67,724.3342933956704,2482.75852240881,175.74621315606524,2537.6811260076774,95.74425240655044,75.3550707289579,240.90123724559123,16.00411011181538,2700,12.545579706450761,0.13313877195936064
1256,727.68,724.3367479628075,2482.7253013098434,175.74396781171075,2537.6807923273705,95.74415983374791,75.35487194401264,241.17750630404518,16.004314434991255,2700,12.545579706450761,0.13313877195936064
1257,727.69,724.3391991670727,2482.6921043187886,175.74172411502923,2537.680458649422,95.7440672616959,75.3546735180962,241.45377462909656,16.004518757625693,2700,12.545579706450761,0.13313877195936064
1258,727.7,724.3416470112434,2482.658931409926,175.739482064168,2537.6801249738273,95.7439746903944,75.35447545083137,241.73004222206646,16.00472307971967,2700,12.545579706450761,0.13313877195936064
1259,727.71,724.3440914988702,2482.625782557542,175.73724165753575,2537.679791300589,95.7438821198434,75.35427774184168,242.00630908427462,16.00492740127417,2700,12.545579706450761,0.13313877195936064
1260,727.72,724.3465326334973,2482.5926577359655,175.7350028932604,2537.679457629707,95.74378955004289,75.35408039075097,242.28257521703944,16.005131722290155,2700,12.545579706450761,0.13313877195936064
1261,727.73,724.3489704194432,2482.559556919549,175.73276576968968,2537.6791239611784,95.74369698099288,75.35388339718341,242.5588406216778,16.005336042768604,2700,12.545579706450761,0.13313877195936064
1262,727.74,724.3514048586944,2482.5264800826794,175.73053028497833,2537.678790295004,95.74360441269333,75.35368676076354,242.83510529950533,16.00554036271049,2700,12.545579706450761,0.13313877195936064
1263,727.75,724.3538359563377,2482.4934271997536,175.7282964373584,2537.6784566311844,95.74351184514425,75.35349048111657,243.11136925183624,16.005744682116784,2700,12.545579706450761,0.13313877195936064
1264,727.76,724.3562637159009,2482.4603982452204,175.72606422522037,2537.678122969719,95.74341927834566,75.3532945578677,243.3876324799833,16.005949000988455,2700,12.545579706450761,0.13313877195936064
1265,727.77,724.3586881393613,2482.4273931935345,175.72383364661493,2537.6777893106073,95.7433267122975,75.35309899064278,243.66389498525797,16.00615331932647,2700,12.545579706450761,0.13313877195936064
1266,727.78,724.3611092310175,2482.394412019186,175.72160470004948,2537.677455653849,95.74323414699981,75.35290377906814,243.94015676897027,16.006357637131796,2700,12.545579706450761,0.13313877195936064
1267,727.79,724.3635269959377,2482.361454696704,175.71937738359475,2537.677121999443,95.74314158245257,75.35270892277035,244.216417832429,16.006561954405402,2700,12.545579706450761,0.13313877195936064
1268,727.8,724.3659414345364,2482.328521200634,175.71715169555142,2537.67678834739,95.74304901865577,75.35251442137617,244.49267817694133,16.006766271148255,2700,12.545579706450761,0.13313877195936064
1269,727.8100000000001,724.3683525526525,2482.2956115055363,175.71492763428185,2537.6764546976883,95.7429564556094,75.35232027451339,244.7689378038133,16.00697058736132,2700,12.545579706450761,0.13313877195936064
1270,727.82,724.3707603537897,2482.2627255860375,175.71270519791938,2537.6761210503387,95.74286389331346,75.3521264818095,245.04519671434946,16.00717490304556,2700,12.545579706450761,0.13313877195936064
1271,727.83,724.3731648406797,2482.2298634167455,175.71048438477862,2537.675787405341,95.74277133176793,75.3519330428927,245.321454909853,16.007379218201933,2700,12.545579706450761,0.13313877195936064
1272,727.84,724.375566016822,2482.197024972323,175.70826519316228,2537.6754537626944,95.74267877097282,75.35173995739164,245.59771239162572,16.007583532831408,2700,12.545579706450761,0.13313877195936064
1273,727.85,724.377963885712,2482.1642102274586,175.70604762129716,2537.6751201223988,95.74258621092811,75.35154722493532,245.87396916096816,16.007787846934942,2700,12.545579706450761,0.13313877195936064
1274,727.86,724.3803584508419,2482.1314191568626,175.70383166747098,2537.6747864844533,95.74249365163381,75.35135484515305,246.15022521917933,16.007992160513496,2700,12.545579706450761,0.13313877195936064
1275,727.87,724.3827497164758,2482.0986517352753,175.7016173300191,2537.6744528488575,95.7424010930899,75.35116281767462,246.426480567557,16.00819647356803,2700,12.545579706450761,0.13313877195936064
1276,727.88,724.3851376845482,2482.065907937464,175.69940460713744,2537.6741192156123,95.74230853529639,75.35097114213004,246.7027352073976,16.0084007860995,2700,12.545579706450761,0.13313877195936064
1277,727.89,724.3875223600908,2482.0331877382123,175.69719349713446,2537.673785584717,95.74221597825324,75.35077981815004,246.9789891399961,16.008605098108863,2700,12.545579706450761,0.13313877195936064
1278,727.9,724.3899037458052,2482.0004911123597,175.6949839981822,2537.6734519561705,95.74212342196047,75.35058884536537,247.2552423666461,16.008809409597074,2700,12.545579706450761,0.13313877195936064
1279,727.91,724.392281845941,2481.967818034736,175.69277610873206,2537.6731183299726,95.74203086641808,75.35039822340745,247.53149488863994,16.00901372056509,2700,12.545579706450761,0.13313877195936064
1280,727.92,724.3946566631923,2481.935168480227,175.6905698270468,2537.672784706123,95.74193831162604,75.35020795190792,247.80774670726854,16.009218031013862,2700,12.545579706450761,0.13313877195936064
1281,727.93,724.3970282018001,2481.9025424237307,175.68836515132924,2537.6724510846225,95.74184575758434,75.35001803049902,248.08399782382148,16.009422340944344,2700,12.545579706450761,0.13313877195936064
1282,727.94,724.3993964636761,2481.869939840185,175.68616207987927,2537.6721174654695,95.74175320429302,75.34982845881306,248.360248239587,16.009626650357486,2700,12.545579706450761,0.13313877195936064
1283,727.95,724.4017614530546,2481.8373607045396,175.68396061101197,2537.6717838486634,95.74166065175201,75.34963923648314,248.63649795585204,16.00983095925424,2700,12.545579706450761,0.13313877195936064
1284,727.96,724.4041231741645,2481.80480499179,175.6817607430654,2537.6714502342047,95.74156809996136,75.34945036314242,248.912746973902,16.010035267635562,2700,12.545579706450761,0.13313877195936064
1285,727.97,724.4064816296816,2481.772272676939,175.67956247423464,2537.6711166220935,95.74147554892102,75.34926183842447,249.18899529502116,16.01023957550239,2700,12.545579706450761,0.13313877195936064
1286,727.98,724.4088368238301,2481.7397637350227,175.67736580288684,2537.670783012327,95.74138299863101,75.34907366196344,249.46524292049224,16.01044388285568,2700,12.545579706450761,0.13313877195936064
1287,727.99,724.411188758502,2481.7072781411107,175.67517072730828,2537.67044940491,95.74129044909131,75.34888583339367,249.74148985159684,16.010648189696372,2700,12.545579706450761,0.13313877195936064
1288,728.0,724.4135374394638,2481.6748158702935,175.67297724579495,2537.6701157998355,95.74119790030193,75.34869835235018,250.01773608961503,16.010852496025418,2700,12.545579706450761,0.13313877195936064
1289,728.01,724.4158828678231,2481.6423768977,175.67078535660784,2537.6697821971084,95.74110535226282,75.34851121846788,250.29398163582556,16.011056801843758,2700,12.545579706450761,0.13313877195936064
1290,728.02,724.4182250477912,2481.6099611984578,175.6685950581159,2537.669448596726,95.74101280497403,75.34832443138264,250.570226491506,16.01126110715234,2700,12.545579706450761,0.13313877195936064
1291,728.03,724.4205639843445,2481.577568747762,175.66640634857634,2537.6691149986873,95.74092025843552,75.34813799073038,250.84647065793234,16.011465411952102,2700,12.545579706450761,0.13313877195936064
1292,728.04,724.4228996785829,2481.5451995208036,175.66421922628334,2537.6687814029947,95.7408277126473,75.34795189614725,251.12271413637941,16.01166971624399,2700,12.545579706450761,0.13313877195936064
1293,728.05,724.42523213548,2481.5128534927985,175.66203368956806,2537.6684478096454,95.74073516760934,75.34776614727032,251.39895692812064,16.011874020028944,2700,12.545579706450761,0.13313877195936064
1294,728.0600000000001,724.4275613569,2481.4805306390203,175.65984973677195,2537.6681142186408,95.74064262332168,75.3475807437365,251.67519903442812,16.012078323307904,2700,12.545579706450761,0.13313877195936064
1295,728.07,724.4298873485848,2481.448230934736,175.65766736614424,2537.6677806299795,95.74055007978424,75.34739568518353,251.95144045657258,16.012282626081806,2700,12.545579706450761,0.13313877195936064
1296,728.08,724.4322101116169,2481.415954355268,175.6554865759784,2537.667447043661,95.7404575369971,75.34721097124898,252.22768119582346,16.01248692835159,2700,12.545579706450761,0.13313877195936064
1297,728.09,724.4345296509556,2481.383700875928,175.65330736477628,2537.667113459687,95.74036499496017,75.3470266015715,252.50392125344885,16.012691230118193,2700,12.545579706450761,0.13313877195936064
1298,728.1,724.4368459692262,2481.3514704720974,175.65112973061463,2537.666779878053,95.74027245367351,75.34684257578951,252.78016063071553,16.01289553138255,2700,12.545579706450761,0.13313877195936064
1299,728.11,724.4391590698289,2481.319263119156,175.64895367195544,2537.6664462987624,95.74017991313708,75.34665889354216,253.05639932888892,16.013099832145596,2700,12.545579706450761,0.13313877195936064
1300,728.12,724.4414689569351,2481.287078792514,175.64677918709202,2537.6661127218144,95.74008737335087,75.34647555446891,253.3326373492331,16.013304132408265,2700,12.545579706450761,0.13313877195936064
1301,728.13,724.4437756331596,2481.254917467619,175.64460627429258,2537.6657791472076,95.73999483431488,75.34629255820947,253.60887469301085,16.01350843217149,2700,12.545579706450761,0.13313877195936064
1302,728.14,724.4460791018921,2481.2227791199316,175.64243493193666,2537.6654455749417,95.73990229602913,75.34610990440412,253.88511136148367,16.013712731436208,2700,12.545579706450761,0.13313877195936064
1303,728.15,724.4483793672919,2481.1906637249526,175.64026515834195,2537.6651120050174,95.73980975849356,75.34592759269349,254.1613473559116,16.01391703020334,2700,12.545579706450761,0.13313877195936064
1304,728.16,724.4506764327394,2481.158571258201,175.638096951875,2537.664778437433,95.73971722170822,75.34574562271841,254.43758267755356,16.014121328473824,2700,12.545579706450761,0.13313877195936064
1305,728.17,724.452970300837,2481.126501695218,175.63593031081584,2537.664444872189,95.73962468567306,75.34556399412028,254.71381732766693,16.014325626248585,2700,12.545579706450761,0.13313877195936064
1306,728.18,724.4552609741825,2481.094455011579,175.63376523342393,2537.6641113092855,95.7395321503881,75.34538270654087,254.99005130750794,16.014529923528556,2700,12.545579706450761,0.13313877195936064
1307,728.19,724.4575484576962,2481.062431182891,175.63160171822904,2537.6637777487213,95.73943961585333,75.34520175962237,255.26628461833138,16.014734220314658,2700,12.545579706450761,0.13313877195936064
1308,728.2,724.4598327539688,2481.0304301847814,175.62943976335546,2537.6634441904966,95.73934708206872,75.34502115300707,255.5425172613908,16.014938516607817,2700,12.545579706450761,0.13313877195936064
1309,728.21,724.4621138679146,2480.998451992892,175.62727936728257,2537.6631106346103,95.73925454903429,75.3448408863379,255.81874923793845,16.015142812408964,2700,12.545579706450761,0.13313877195936064
1310,728.22,724.4643918005651,2480.9664965829115,175.6251205282756,2537.6627770810637,95.73916201675002,75.344660959258,256.0949805492252,16.01534710771902,2700,12.545579706450761,0.13313877195936064
1311,728.23,724.4666665568284,2480.9345639305297,175.6229632447273,2537.662443529854,95.7390694852159,75.3444813714112,256.37121119650067,16.015551402538907,2700,12.545579706450761,0.13313877195936064
1312,728.24,724.4689381392782,2480.9026540114987,175.62080751490763,2537.662109980983,95.73897695443195,75.34430212244132,256.64744118101305,16.015755696869547,2700,12.545579706450761,0.13313877195936064
1313,728.25,724.4712065512645,2480.870766801565,175.61865333723364,2537.6617764344505,95.73888442439812,75.34412321199282,256.92367050400935,16.015959990711867,2700,12.545579706450761,0.13313877195936064
1314,728.26,724.4734717969062,2480.838902276516,175.6165007100439,2537.6614428902553,95.73879189511445,75.34394463971044,257.1998991667353,16.016164284066782,2700,12.545579706450761,0.13313877195936064
1315,728.27,724.475733879544,2480.807060412162,175.61434963165786,2537.6611093483966,95.7386993665809,75.34376640523925,257.4761271704351,16.01636857693521,2700,12.545579706450761,0.13313877195936064
1316,728.28,724.477992800965,2480.7752411843358,175.6122001004209,2537.6607758088744,95.7386068387975,75.34358850822471,257.7523545163519,16.016572869318072,2700,12.545579706450761,0.13313877195936064
1317,728.29,724.4802485652782,2480.7434445688978,175.6100521147396,2537.66044227169,95.73851431176419,75.34341094831287,258.0285812057274,16.016777161216286,2700,12.545579706450761,0.13313877195936064
1318,728.3,724.482501178139,2480.7116705417498,175.60790567285952,2537.6601087368413,95.738421785481,75.3432337251499,258.304807239802,16.016981452630766,2700,12.545579706450761,0.13313877195936064
1319,728.3100000000001,724.4847506389964,2480.6799190787992,175.60576077321505,2537.659775204327,95.73832925994792,75.34305683838214,258.5810326198149,16.017185743562433,2700,12.545579706450761,0.13313877195936064
1320,728.32,724.4869969535027,2480.6481901559696,175.60361741417017,2537.659441674149,95.73823673516493,75.34288028765708,258.8572573470039,16.01739003401219,2700,12.545579706450761,0.13313877195936064
1321,728.33,724.4892401249728,2480.61648374926,175.601475594091,2537.659108146306,95.73814421113205,75.34270407262179,259.1334814226055,16.017594323980965,2700,12.545579706450761,0.13313877195936064
1322,728.34,724.491480155949,2480.5847998346467,175.59933531125904,2537.6587746207974,95.73805168784926,75.34252819292401,259.409704847855,16.01779861346966,2700,12.545579706450761,0.13313877195936064
1323,728.35,724.493717049744,2480.553138388141,175.59719656404664,2537.6584410976247,95.73795916531654,75.34235264821194,259.68592762398634,16.018002902479193,2700,12.545579706450761,0.13313877195936064
1324,728.36,724.4959508104403,2480.521499385798,175.59505935096016,2537.6581075767867,95.73786664353389,75.3421774381341,259.9621497522321,16.01820719101047,2700,12.545579706450761,0.13313877195936064
1325,728.37,724.4981814405677,2480.48988280369,175.59292367017545,2537.6577740582798,95.7377741225013,75.34200256233925,260.2383712338237,16.018411479064405,2700,12.545579706450761,0.13313877195936064
1326,728.38,724.5004089442042,2480.4582886179032,175.59078952018106,2537.657440542109,95.73768160221879,75.34182802047668,260.5145920699912,16.0186157666419,2700,12.545579706450761,0.13313877195936064
1327,728.39,724.5026333238706,2480.4267168045703,175.58865689933532,2537.6571070282703,95.73758908268631,75.34165381219597,260.79081226196325,16.018820053743873,2700,12.545579706450761,0.13313877195936064
1328,728.4,724.5048545836377,2480.395167339831,175.58652580596842,2537.6567735167646,95.7374965639039,75.34147993714716,261.0670318109675,16.01902434037122,2700,12.545579706450761,0.13313877195936064
1329,728.41,724.5070727260195,2480.363640199866,175.58439623846206,2537.6564400075918,95.73740404587153,75.34130639498049,261.34325071822997,16.019228626524857,2700,12.545579706450761,0.13313877195936064
1330,728.42,724.5092877543041,2480.3321353608717,175.58226819515923,2537.656106500752,95.73731152858919,75.34113318534679,261.6194689849757,16.01943291220568,2700,12.545579706450761,0.13313877195936064
1331,728.43,724.51149967255,2480.300652799075,175.58014167450807,2537.655772996242,95.73721901205687,75.34096030789712,261.8956866124282,16.019637197414596,2700,12.545579706450761,0.13313877195936064
1332,728.44,724.5137084832618,2480.26919249073,175.57801667486441,2537.655439494065,95.73712649627458,75.34078776228286,262.17190360180996,16.01984148215251,2700,12.545579706450761,0.13313877195936064
1333,728.45,724.5159141897165,2480.237754412104,175.57589319460178,2537.6551059942194,95.73703398124232,75.3406155481559,262.44811995434185,16.020045766420328,2700,12.545579706450761,0.13313877195936064
1334,728.46,724.5181167967371,2480.206338539509,175.57377123207976,2537.654772496705,95.73694146696006,75.34044366516846,262.7243356712438,16.02025005021894,2700,12.545579706450761,0.13313877195936064
1335,728.47,724.5203163052666,2480.17494484927,175.57165078566072,2537.6544390015197,95.7368489534278,75.34027211297288,263.0005507537342,16.020454333549257,2700,12.545579706450761,0.13313877195936064
1336,728.48,724.5225127201239,2480.1435733177314,175.56953185378052,2537.654105508667,95.73675644064554,75.34010089122242,263.27676520303027,16.020658616412174,2700,12.545579706450761,0.13313877195936064
1337,728.49,724.5247060445681,2480.1122239212887,175.56741443485652,2537.6537720181427,95.73666392861327,75.33992999957017,263.55297902034795,16.020862898808588,2700,12.545579706450761,0.13313877195936064
1338,728.5,724.5268962818607,2480.080896636334,175.56529852721152,2537.653438529949,95.73657141733098,75.33975943766984,263.829192206902,16.021067180739397,2700,12.545579706450761,0.13313877195936064
1339,728.51,724.5290834337045,2480.0495914393023,175.5631841292579,2537.653105044085,95.73647890679867,75.3395892051754,264.10540476390565,16.021271462205497,2700,12.545579706450761,0.13313877195936064
1340,728.52,724.5312675049033,2480.0183083066495,175.56107123939813,2537.6527715605503,95.73638639701633,75.33941930174147,264.38161669257113,16.02147574320779,2700,12.545579706450761,0.13313877195936064
1341,728.53,724.5334484979277,2479.9870472148623,175.55895985593895,2537.652438079343,95.73629388798396,75.33924972702258,264.65782799410925,16.021680023747162,2700,12.545579706450761,0.13313877195936064
1342,728.54,724.535626416801,2479.955808140438,175.55684997737993,2537.6521046004664,95.73620137970154,75.33908048067397,264.9340386697295,16.02188430382451,2700,12.545579706450761,0.13313877195936064
1343,728.55,724.537801264762,2479.924591059914,175.5547416021112,2537.6517711239167,95.73610887216907,75.33891156235104,265.2102487206403,16.022088583440727,2700,12.545579706450761,0.13313877195936064
1344,728.5600000000001,724.5399730442742,2479.8933959498436,175.55263472852957,2537.651437649695,95.73601636538656,75.33874297170968,265.4864581480486,16.022292862596704,2700,12.545579706450761,0.13313877195936064
1345,728.57,724.5421417585727,2479.8622227868095,175.55052935499378,2537.6511041778012,95.73592385935397,75.33857470840616,265.7626669531602,16.02249714129333,2700,12.545579706450761,0.13313877195936064
1346,728.58,724.5443074116617,2479.8310715474245,175.54842547988406,2537.650770708235,95.73583135407134,75.33840677209709,266.0388751371796,16.022701419531497,2700,12.545579706450761,0.13313877195936064
1347,728.59,724.5464700059939,2479.7999422083235,175.54632310168114,2537.6504372409945,95.7357388495386,75.3382391624393,266.31508270131,16.022905697312098,2700,12.545579706450761,0.13313877195936064
1348,728.6,724.548629545569,2479.768834746154,175.54422221875706,2537.6501037760822,95.73564634575581,75.33807187909021,266.59128964675347,16.023109974636014,2700,12.545579706450761,0.13313877195936064
1349,728.61,724.5507860328314,2479.7377491376114,175.54212282953637,2537.6497703134946,95.73555384272292,75.33790492170739,266.8674959747106,16.023314251504136,2700,12.545579706450761,0.13313877195936064
1350,728.62,724.5529394725501,2479.7066853593956,175.54002493237178,2537.6494368532344,95.73546134043994,75.337738289949,267.14370168638095,16.02351852791735,2700,12.545579706450761,0.13313877195936064
1351,728.63,724.55508986561,2479.6756433882474,175.5379285257392,2537.6491033952993,95.73536883890687,75.33757198347323,267.4199067829627,16.02372280387654,2700,12.545579706450761,0.13313877195936064
1352,728.64,724.557237216775,2479.6446232009134,175.53583360801548,2537.6487699396903,95.73527633812368,75.33740600193913,267.69611126565275,16.02392707938259,2700,12.545579706450761,0.13313877195936064
1353,728.65,724.5593815284717,2479.613624774198,175.53374017760655,2537.6484364864054,95.73518383809039,75.33724034500561,267.9723151356468,16.024131354436385,2700,12.545579706450761,0.13313877195936064
1354,728.66,724.5615228039069,2479.5826480848973,175.53164823299124,2537.6481030354466,95.73509133880697,75.33707501233222,268.24851839413924,16.024335629038806,2700,12.545579706450761,0.13313877195936064
1355,728.67,724.5636610486052,2479.551693109849,175.5295577724729,2537.6477695868116,95.73499884027342,75.33691000357888,268.52472104232334,16.024539903190735,2700,12.545579706450761,0.13313877195936064
1356,728.68,724.5657962626597,2479.5207598259153,175.5274687945752,2537.6474361405003,95.73490634248977,75.33674531840545,268.800923081391,16.024744176893055,2700,12.545579706450761,0.13313877195936064
1357,728.69,724.5679284508179,2479.4898482099643,175.5253812976656,2537.6471026965137,95.73481384545596,75.33658095647294,269.0771245125328,16.024948450146642,2700,12.545579706450761,0.13313877195936064
1358,728.7,724.5700576147135,2479.4589582389267,175.5232952802138,2537.6467692548504,95.73472134917202,75.33641691744202,269.35332533693827,16.025152722952377,2700,12.545579706450761,0.13313877195936064
1359,728.71,724.5721837606367,2479.428089889727,175.52121074057405,2537.64643581551,95.73462885363793,75.33625320097418,269.62952555579557,16.025356995311135,2700,12.545579706450761,0.13313877195936064
1360,728.72,724.5743068886654,2479.397243139337,175.51912767722598,2537.646102378493,95.73453635885367,75.33608980673066,269.9057251702916,16.025561267223797,2700,12.545579706450761,0.13313877195936064
1361,728.73,724.5764270019828,2479.3664179647153,175.51704608861027,2537.645768943799,95.73444386481926,75.33592673437381,270.18192418161203,16.025765538691235,2700,12.545579706450761,0.13313877195936064
1362,728.74,724.5785441053115,2479.3356143428905,175.51496597313235,2537.6454355114265,95.73435137153467,75.33576398356595,270.45812259094134,16.02596980971433,2700,12.545579706450761,0.13313877195936064
1363,728.75,724.5806582033755,2479.304832250899,175.5128873291697,2537.645102081378,95.7342588789999,75.33560155396965,270.7343203994627,16.02617408029395,2700,12.545579706450761,0.13313877195936064
1364,728.76,724.5827692962422,2479.2740716657854,175.5108101552089,2537.644768653649,95.73416638721496,75.33543944524779,271.01051760835816,16.02637835043097,2700,12.545579706450761,0.13313877195936064
1365,728.77,724.5848773886299,2479.2433325646252,175.50873444974283,2537.644435228242,95.73407389617982,75.3352776570642,271.28671421880836,16.026582620126263,2700,12.545579706450761,0.13313877195936064
1366,728.78,724.5869824836965,2479.2126149245487,175.5066602110972,2537.644101805156,95.73398140589451,75.33511618908244,271.56291023199276,16.0267868893807,2700,12.545579706450761,0.13313877195936064
1367,728.79,724.5890845830513,2479.18191872268,175.50458743778793,2537.6437683843915,95.73388891635898,75.33495504096665,271.8391056490897,16.026991158195152,2700,12.545579706450761,0.13313877195936064
1368,728.8,724.5911836929516,2479.1512439361736,175.5025161282119,2537.6434349659467,95.73379642757325,75.33479421238154,272.11530047127604,16.027195426570486,2700,12.545579706450761,0.13313877195936064
1369,728.8100000000001,724.5932798134446,2479.1205905422235,175.50044628080613,2537.6431015498224,95.7337039395373,75.33463370299154,272.3914946997276,16.027399694507576,2700,12.545579706450761,0.13313877195936064
1370,728.82,724.5953729492334,2479.0899585180173,175.49837789403463,2537.642768136018,95.73361145225114,75.33447351246225,272.667688335619,16.027603962007287,2700,12.545579706450761,0.13313877195936064
1371,728.83,724.5974631019078,2479.0593478408055,175.49631096641318,2537.6424347245334,95.73351896571477,75.334313640459,272.94388138012346,16.027808229070484,2700,12.545579706450761,0.13313877195936064
1372,728.84,724.5995502777139,2479.028758487832,175.49424549628753,2537.642101315368,95.73342647992816,75.33415408664793,273.22007383441314,16.028012495698036,2700,12.545579706450761,0.13313877195936064
1373,728.85,724.6016344766849,2478.998190436393,175.49218148205668,2537.641767908522,95.7333339948913,75.33399485069486,273.49626569965886,16.028216761890807,2700,12.545579706450761,0.13313877195936064
1374,728.86,724.6037157019598,2478.967643663764,175.49011892224425,2537.641434503994,95.73324151060419,75.3338359322668,273.7724569770302,16.02842102764966,2700,12.545579706450761,0.13313877195936064
1375,728.87,724.6057939597687,2478.9371181472984,175.48805781542126,2537.641101101784,95.73314902706684,75.33367733103067,274.04864766769555,16.028625292975455,2700,12.545579706450761,0.13313877195936064
1376,728.88,724.6078692516884,2478.9066138643543,175.48599815981993,2537.640767701893,95.73305654427924,75.33351904665349,274.32483777282215,16.028829557869063,2700,12.545579706450761,0.13313877195936064
1377,728.89,724.6099415808462,2478.8761307922846,175.4839399540723,2537.64043430432,95.73296406224138,75.33336107880312,274.60102729357584,16.029033822331336,2700,12.545579706450761,0.13313877195936064
1378,728.9,724.6120109488104,2478.8456689085024,175.4818831965489,2537.6401009090637,95.73287158095323,75.3332034271476,274.8772162311214,16.02923808636314,2700,12.545579706450761,0.13313877195936064
1379,728.91,724.6140773602501,2478.8152281904445,175.4798278856647,2537.639767516125,95.73277910041482,75.33304609135546,275.1534045866223,16.029442349965336,2700,12.545579706450761,0.13313877195936064
1380,728.92,724.6161408182776,2478.784808615565,175.47777402000366,2537.6394341255045,95.73268662062611,75.33288907109524,275.42959236124085,16.02964661313878,2700,12.545579706450761,0.13313877195936064
1381,728.93,724.618201324455,2478.754410161332,175.47572159786642,2537.6391007371985,95.73259414158713,75.33273236603597,275.7057795561381,16.029850875884332,2700,12.545579706450761,0.13313877195936064
1382,728.94,724.6202588834416,2478.724032805243,175.4736706178494,2537.638767351209,95.73250166329785,75.33257597584723,275.9819661724739,16.030055138202844,2700,12.545579706450761,0.13313877195936064
1383,728.95,724.6223134998907,2478.693676524834,175.47162107842297,2537.6384339675365,95.73240918575826,75.3324199001987,276.25815221140687,16.030259400095176,2700,12.545579706450761,0.13313877195936064
1384,728.96,724.6243651738031,2478.6633412976416,175.46957297794268,2537.63810058618,95.73231670896838,75.3322641387603,276.5343376740944,16.03046366156218,2700,12.545579706450761,0.13313877195936064
1385,728.97,724.6264139098287,2478.6330271012307,175.46752631499132,2537.6377672071376,95.73222423292817,75.33210869120286,276.8105225616927,16.030667922604714,2700,12.545579706450761,0.13313877195936064
1386,728.98,724.6284597095076,2478.6027339132206,175.4654810879467,2537.6374338304104,95.73213175763766,75.331953557197,277.0867068753567,16.03087218322363,2700,12.545579706450761,0.13313877195936064
1387,728.99,724.6305025774836,2478.5724617112223,175.4634372953507,2537.6371004559987,95.73203928309681,75.33179873641403,277.3628906162403,16.03107644341978,2700,12.545579706450761,0.13313877195936064
1388,729.0,724.6325425183944,2478.542210472889,175.46139493567534,2537.636767083902,95.73194680930564,75.33164422852532,277.6390737854959,16.031280703194017,2700,12.545579706450761,0.13313877195936064
1389,729.01,724.634579532224,2478.511980175878,175.45935400729329,2537.636433714118,95.73185433626412,75.33149003320257,277.915256384275,16.03148496254719,2700,12.545579706450761,0.13313877195936064
1390,729.02,724.6366136236052,2478.4817707978755,175.45731450880834,2537.6361003466486,95.73176186397227,75.33133615011836,278.1914384137276,16.031689221480146,2700,12.545579706450761,0.13313877195936064
1391,729.03,724.6386447956125,2478.451582316624,175.45527643863258,2537.635766981494,95.73166939243005,75.33118257894506,278.46761987500275,16.031893479993737,2700,12.545579706450761,0.13313877195936064
1392,729.04,724.6406730513219,2478.4214147098505,175.4532397952244,2537.635433618651,95.7315769216375,75.33102931935558,278.7438007692482,16.03209773808881,2700,12.545579706450761,0.13313877195936064
1393,729.05,724.642698392254,2478.391267955324,175.45120457710902,2537.635100258122,95.73148445159457,75.33087637102315,279.0199810976104,16.03230199576622,2700,12.545579706450761,0.13313877195936064
1394,729.0600000000001,724.6447208230269,2478.361142030831,175.44917078277743,2537.6347668999056,95.73139198230126,75.33072373362154,279.29616086123474,16.0325062530268,2700,12.545579706450761,0.13313877195936064
1395,729.07,724.6467403467041,2478.3310369142005,175.4471384106818,2537.6344335440017,95.73129951375759,75.33057140682449,279.5723400612653,16.0327105098714,2700,12.545579706450761,0.13313877195936064
1396,729.08,724.6487569663486,2478.3009525832535,175.44510745928852,2537.6341001904093,95.73120704596353,75.33041939030629,279.84851869884506,16.03291476630087,2700,12.545579706450761,0.13313877195936064
1397,729.09,724.6507706834668,2478.270889015855,175.44307792719357,2537.633766839129,95.73111457891909,75.33026768374154,280.12469677511564,16.033119022316047,2700,12.545579706450761,0.13313877195936064
1398,729.1,724.6527815042163,2478.2408461898863,175.44104981272872,2537.6334334901603,95.73102211262426,75.33011628680545,280.4008742912177,16.033323277917777,2700,12.545579706450761,0.13313877195936064
1399,729.11,724.6547894300942,2478.210824083275,175.43902311454065,2537.6331001435024,95.73092964707902,75.32996519917295,280.6770512482905,16.0335275331069,2700,12.545579706450761,0.13313877195936064
1400,729.12,724.6567944610508,2478.1808226739254,175.4369978309949,2537.6327667991563,95.73083718228338,75.32981442051985,280.9532276474722,16.033731787884257,2700,12.545579706450761,0.13313877195936064
1401,729.13,724.6587966063333,2478.150841939808,175.43497396062625,2537.632433457121,95.73074471823733,75.32966395052259,281.22940348989977,16.03393604225069,2700,12.545579706450761,0.13313877195936064
1402,729.14,724.660795864326,2478.1208818589303,175.43295150200646,2537.6321001173956,95.73065225494085,75.32951378885672,281.50557877670894,16.034140296207035,2700,12.545579706450761,0.13313877195936064
1403,729.15,724.6627922396254,2478.090942409244,175.43093045352362,2537.63176677998,95.73055979239395,75.32936393519957,281.7817535090343,16.034344549754135,2700,12.545579706450761,0.13313877195936064
1404,729.16,724.66478573371,2478.061023568823,175.4289108137525,2537.6314334448743,95.73046733059661,75.32921438922786,282.0579276880091,16.034548802892818,2700,12.545579706450761,0.13313877195936064
1405,729.17,724.6667763511639,2478.0311253156965,175.42689258111605,2537.6311001120775,95.73037486954884,75.32906515061916,282.3341013147657,16.03475305562393,2700,12.545579706450761,0.13313877195936064
1406,729.18,724.6687640965667,2478.0012476279567,175.42487575420114,2537.6307667815913,95.73028240925062,75.32891621905104,282.610274390435,16.034957307948304,2700,12.545579706450761,0.13313877195936064
1407,729.19,724.6707489698407,2477.971390483687,175.42286033149244,2537.630433453413,95.73018994970197,75.32876759420134,282.88644691614684,16.035161559866772,2700,12.545579706450761,0.13313877195936064
1408,729.2,724.6727309755621,2477.9415538610037,175.4208463114295,2537.6301001275433,95.73009749090285,75.32861927574886,283.1626188930298,16.03536581138017,2700,12.545579706450761,0.13313877195936064
1409,729.21,724.6747101167456,2477.9117377380753,175.41883369258935,2537.629766803983,95.73000503285327,75.32847126337212,283.4387903222114,16.03557006248933,2700,12.545579706450761,0.13313877195936064
1410,729.22,724.6766863948566,2477.88194209306,175.41682247345594,2537.629433482729,95.72991257555323,75.32832355675015,283.7149612048178,16.035774313195088,2700,12.545579706450761,0.13313877195936064
1411,729.23,724.6786598144594,2477.852166904147,175.41481265253046,2537.6291001637833,95.7298201190027,75.32817615556253,283.99113154197426,16.035978563498272,2700,12.545579706450761,0.13313877195936064
1412,729.24,724.6806303801125,2477.8224121495673,175.41280422835123,2537.6287668471455,95.72972766320169,75.32802905948887,284.2673013348046,16.03618281339971,2700,12.545579706450761,0.13313877195936064
1413,729.25,724.6825980917203,2477.792677807551,175.41079719942672,2537.628433532815,95.72963520815021,75.32788226820907,284.5434705844314,16.036387062900236,2700,12.545579706450761,0.13313877195936064
1414,729.26,724.6845629553894,2477.7629638563467,175.40879156422983,2537.6281002207907,95.72954275384822,75.32773578140397,284.81963929197633,16.036591312000674,2700,12.545579706450761,0.13313877195936064
1415,729.27,724.6865249694616,2477.7332702742756,175.40678732132153,2537.627766911073,95.72945030029575,75.32758959875389,285.09580745855976,16.036795560701854,2700,12.545579706450761,0.13313877195936064
1416,729.28,724.6884841415905,2477.7035970396178,175.40478446920727,2537.6274336036627,95.72935784749276,75.32744371994053,285.3719750853009,16.036999809004605,2700,12.545579706450761,0.13313877195936064
1417,729.29,724.6904404716603,2477.6739441307427,175.40278300644295,2537.6271002985573,95.72926539543927,75.3272981446447,285.6481421733177,16.03720405690975,2700,12.545579706450761,0.13313877195936064
1418,729.3,724.6923939657698,2477.6443115259694,175.4007829315058,2537.626766995758,95.72917294413524,75.3271528725486,285.9243087237271,16.037408304418115,2700,12.545579706450761,0.13313877195936064
1419,729.3100000000001,724.6943446253492,2477.6146992037043,175.39878424290427,2537.6264336952636,95.72908049358071,75.32700790333398,286.2004747376447,16.037612551530525,2700,12.545579706450761,0.13313877195936064
1420,729.32,724.6962924518342,2477.585107142332,175.39678693914883,2537.6261003970753,95.72898804377564,75.32686323668348,286.47664021618505,16.0378167982478,2700,12.545579706450761,0.13313877195936064
1421,729.33,724.6982374497538,2477.5555353202917,175.39479101892013,2537.6257671011913,95.72889559472003,75.32671887228003,286.7528051604615,16.03802104457077,2700,12.545579706450761,0.13313877195936064
1422,729.34,724.700179622084,2477.5259837160424,175.39279648055432,2537.625433807613,95.72880314641388,75.32657480980657,287.0289695715862,16.038225290500247,2700,12.545579706450761,0.13313877195936064
1423,729.35,724.7021189717992,2477.49645230805,175.3908033226756,2537.6251005163376,95.72871069885718,75.32643104894655,287.3051334506701,16.038429536037057,2700,12.545579706450761,0.13313877195936064
1424,729.36,724.7040555003188,2477.4669410748056,175.3888115437631,2537.624767227366,95.72861825204994,75.3262875893837,287.58129679882313,16.038633781182025,2700,12.545579706450761,0.13313877195936064
1425,729.37,724.705989215263,2477.4374499948294,175.38682114239876,2537.6244339406985,95.72852580599213,75.32614443080244,287.85745961715395,16.03883802593596,2700,12.545579706450761,0.13313877195936064
1426,729.38,724.7079201118386,2477.4079790466853,175.3848321171214,2537.6241006563346,95.72843336068377,75.32600157288655,288.1336219067701,16.03904227029969,2700,12.545579706450761,0.13313877195936064
1427,729.39,724.7098482007675,2477.3785282088957,175.38284446644505,2537.6237673742735,95.72834091612482,75.32585901532183,288.4097836687778,16.039246514274023,2700,12.545579706450761,0.13313877195936064
1428,729.4,724.7117734803442,2477.3490974601127,175.38085818888567,2537.623434094515,95.72824847231529,75.32571675779239,288.6859449042824,16.039450757859782,2700,12.545579706450761,0.13313877195936064
1429,729.41,724.713695955084,2477.319686778888,175.37887328303745,2537.6231008170585,95.72815602925519,75.3255747999843,288.9621056143879,16.039655001057785,2700,12.545579706450761,0.13313877195936064
1430,729.42,724.7156156279317,2477.290296143894,175.37688974733703,2537.622767541905,95.72806358694449,75.32543314158312,289.23826580019715,16.039859243868836,2700,12.545579706450761,0.13313877195936064
1431,729.43,724.7175325018379,2477.2609255337798,175.3749075804766,2537.6224342690543,95.7279711453832,75.32529178227499,289.51442546281186,16.040063486293757,2700,12.545579706450761,0.13313877195936064
1432,729.44,724.7194465797477,2477.2315749272234,175.37292678088664,2537.622100998504,95.7278787045713,75.32515072174637,289.7905846033326,16.04026772833336,2700,12.545579706450761,0.13313877195936064
1433,729.45,724.7213578646018,2477.2022443029323,175.37094734714728,2537.621767730256,95.72778626450878,75.32500995968407,290.0667432228588,16.04047196998846,2700,12.545579706450761,0.13313877195936064
1434,729.46,724.7232663577873,2477.172933639635,175.36896927783224,2537.6214344643085,95.72769382519566,75.32486949577513,290.34290132248873,16.040676211259864,2700,12.545579706450761,0.13313877195936064
1435,729.47,724.7251720653428,2477.1436429160817,175.36699257140782,2537.621101200662,95.72760138663192,75.32472932970724,290.6190589033195,16.040880452148382,2700,12.545579706450761,0.13313877195936064
1436,729.48,724.7270749870956,2477.1143721110566,175.365017226512,2537.620767939316,95.72750894881754,75.32458946116773,290.89521596644704,16.041084692654827,2700,12.545579706450761,0.13313877195936064
1437,729.49,724.7289751275301,2477.0851212033285,175.36304324163368,2537.62043468027,95.72741651175252,75.3244498898451,291.1713725129662,16.041288932780006,2700,12.545579706450761,0.13313877195936064
1438,729.5,724.7308724895686,2477.0558901717454,175.3610706153832,2537.6201014235244,95.7273240754369,75.32431061542756,291.4475285439706,16.041493172524724,2700,12.545579706450761,0.13313877195936064
1439,729.51,724.7327670761356,2477.0266789951356,175.359099346314,2537.619768169079,95.72723163987061,75.32417163760391,291.7236840605528,16.041697411889796,2700,12.545579706450761,0.13313877195936064
1440,729.52,724.7346588901504,2476.9974876523625,175.3571294328822,2537.6194349169327,95.72713920505365,75.32403295606323,291.99983906380413,16.041901650876024,2700,12.545579706450761,0.13313877195936064
1441,729.53,724.7365479360807,2476.968316122315,175.3551608738228,2537.619101667085,95.72704677098605,75.32389457049497,292.2759935548148,16.042105889484212,2700,12.545579706450761,0.13313877195936064
1442,729.54,724.7384342121861,2476.939164383906,175.35319366750332,2537.618768419537,95.72695433766778,75.32375648058868,292.55214753467396,16.042310127715165,2700,12.545579706450761,0.13313877195936064
1443,729.55,724.7403177244804,2476.9100324160568,175.35122781261535,2537.6184351742872,95.72686190509884,75.32361868603496,292.8283010044695,16.04251436556969,2700,12.545579706450761,0.13313877195936064
1444,729.5600000000001,724.7421984774181,2476.880920197754,175.34926330761985,2537.6181019313344,95.72676947327923,75.32348118652381,293.10445396528826,16.042718603048588,2700,12.545579706450761,0.13313877195936064
1445,729.57,724.7440764708034,2476.8518277079534,175.34730015121937,2537.617768690682,95.72667704220895,75.32334398174575,293.38060641821585,16.04292284015266,2700,12.545579706450761,0.13313877195936064
1446,729.58,724.7459517106415,2476.82275492564,175.34533834182102,2537.617435452325,95.72658461188797,75.32320707139232,293.65675836433684,16.043127076882705,2700,12.545579706450761,0.13313877195936064
1447,729.59,724.7478241967241,2476.793701829872,175.3433778781289,2537.617102216267,95.72649218231629,75.32307045515444,293.9329098047346,16.04333131323953,2700,12.545579706450761,0.13313877195936064
1448,729.6,724.7496939335002,2476.7646683996627,175.34141875859476,2537.6167689825065,95.72639975349392,75.32293413272421,294.2090607404914,16.04353554922393,2700,12.545579706450761,0.13313877195936064
1449,729.61,724.7515609254087,2476.7356546141077,175.33946098189364,2537.6164357510415,95.72630732542083,75.32279810379352,294.48521117268837,16.043739784836703,2700,12.545579706450761,0.13313877195936064
1450,729.62,724.753425172238,2476.7066604522893,175.33750454657056,2537.616102521873,95.72621489809704,75.3226623680545,294.76136110240543,16.043944020078648,2700,12.545579706450761,0.13313877195936064
1451,729.63,724.7552866784257,2476.677685893309,175.3355494510884,2537.6157692950023,95.72612247152253,75.32252692520024,295.0375105307214,16.044148254950564,2700,12.545579706450761,0.13313877195936064
1452,729.64,724.7571454468505,2476.6487309163263,175.33359569416967,2537.615436070426,95.72603004569729,75.32239177492352,295.31365945871414,16.044352489453246,2700,12.545579706450761,0.13313877195936064
1453,729.65,724.7590014788427,2476.6197955004845,175.3316432743303,2537.615102848147,95.72593762062131,75.32225691691764,295.58980788746015,16.04455672358749,2700,12.545579706450761,0.13313877195936064
1454,729.66,724.7608547803799,2476.5908796249664,175.3296921901294,2537.614769628163,95.72584519629461,75.32212235087646,295.86595581803493,16.044760957354093,2700,12.545579706450761,0.13313877195936064
1455,729.67,724.7627053512316,2476.5619832689877,175.32774244017216,2537.6144364104734,95.72575277271717,75.32198807649354,296.1421032515128,16.044965190753842,2700,12.545579706450761,0.13313877195936064
1456,729.68,724.7645531973736,2476.533106411745,175.3257940230593,2537.614103195079,95.72566034988897,75.3218540934636,296.41825018896697,16.045169423787534,2700,12.545579706450761,0.13313877195936064
1457,729.69,724.7663983185664,2476.5042490325186,175.32384693734085,2537.61376998198,95.72556792781002,75.32172040148087,296.6943966314695,16.04537365645596,2700,12.545579706450761,0.13313877195936064
1458,729.7,724.7682407207794,2476.4754111105494,175.32190118159852,2537.6134367711747,95.72547550648031,75.32158700024073,296.9705425800914,16.04557788875991,2700,12.545579706450761,0.13313877195936064
1459,729.71,724.7700804037669,2476.4465926251564,175.31995675442417,2537.6131035626645,95.72538308589984,75.321453889438,297.2466880359025,16.04578212070018,2700,12.545579706450761,0.13313877195936064
1460,729.72,724.7719173719416,2476.4177935556354,175.3180136543569,2537.612770356447,95.72529066606859,75.32132106876867,297.52283299997146,16.045986352277556,2700,12.545579706450761,0.13313877195936064
1461,729.73,724.7737516281546,2476.389013881341,175.31607188012532,2537.6124371525243,95.72519824698655,75.32118853792845,297.7989774733659,16.046190583492827,2700,12.545579706450761,0.13313877195936064
1462,729.74,724.7755831752587,2476.3602535816226,175.31413143013222,2537.612103950893,95.72510582865374,75.32105629661358,298.07512145715236,16.046394814346776,2700,12.545579706450761,0.13313877195936064
1463,729.75,724.7774120176538,2476.331512635865,175.31219230317004,2537.611770751555,95.72501341107014,75.32092434452062,298.3512649523961,16.0465990448402,2700,12.545579706450761,0.13313877195936064
1464,729.76,724.7792381535309,2476.302791023469,175.31025449769092,2537.611437554511,95.72492099423573,75.32079268134626,298.6274079601614,16.046803274973875,2700,12.545579706450761,0.13313877195936064
1465,729.77,724.7810615903875,2476.274088723851,175.30831801229897,2537.6111043597593,95.72482857815052,75.32066130678824,298.90355048151145,16.047007504748592,2700,12.545579706450761,0.13313877195936064
1466,729.78,724.7828823279553,2476.245405716498,175.3063828456553,2537.6107711672994,95.72473616281452,75.32053022054345,299.1796925175082,16.04721173416514,2700,12.545579706450761,0.13313877195936064
1467,729.79,724.784700372179,2476.2167419808347,175.30444899622722,2537.6104379771314,95.72464374822769,75.32039942231015,299.4558340692126,16.047415963224292,2700,12.545579706450761,0.13313877195936064
1468,729.8,724.7865157243363,2476.1880974963856,175.30251646283236,2537.610104789255,95.72455133439004,75.32026891178609,299.7319751376844,16.04762019192684,2700,12.545579706450761,0.13313877195936064
1469,729.8100000000001,724.7883283872605,2476.159472242639,175.30058524384017,2537.6097716036697,95.72445892130158,75.32013868867004,300.00811572398226,16.04782442027356,2700,12.545579706450761,0.13313877195936064
1470,729.82,724.7901383622246,2476.130866199149,175.29865533802695,2537.6094384203757,95.72436650896226,75.32000875266067,300.2842558291638,16.048028648265237,2700,12.545579706450761,0.13313877195936064
1471,729.83,724.7919456551564,2476.102279345467,175.29672674390267,2537.609105239373,95.7242740973721,75.31987910345732,300.5603954542854,16.04823287590265,2700,12.545579706450761,0.13313877195936064
1472,729.84,724.7937502657717,2476.0737116611926,175.29479946009516,2537.6087720606606,95.72418168653113,75.31974974075902,300.8365346004025,16.04843710318658,2700,12.545579706450761,0.13313877195936064
1473,729.85,724.7955521999954,2476.0451631258993,175.2928734851461,2537.6084388842382,95.72408927643929,75.31962066426591,301.1126732685693,16.048641330117807,2700,12.545579706450761,0.13313877195936064
1474,729.86,724.797351457535,2476.0166337192377,175.29094881783533,2537.608105710104,95.72399686709659,75.31949187367763,301.388811459839,16.048845556697103,2700,12.545579706450761,0.13313877195936064
1475,729.87,724.7991480427577,2475.9881234208324,175.28902545664164,2537.607772538262,95.72390445850303,75.31936336869497,301.66494917526353,16.049049782925252,2700,12.545579706450761,0.13313877195936064
1476,729.88,724.8009419584691,2475.9596322103716,175.28710340012907,2537.6074393687086,95.7238120506586,75.31923514901837,301.9410864158939,16.04925400880303,2700,12.545579706450761,0.13313877195936064
1477,729.89,724.8027332105793,2475.931160067534,175.28518264706105,2537.607106201444,95.7237196435633,75.31910721434893,302.21722318277995,16.049458234331208,2700,12.545579706450761,0.13313877195936064
1478,729.9,724.8045217941341,2475.902706972038,175.28326319589925,2537.6067730364684,95.72362723721713,75.31897956438753,302.4933594769704,16.049662459510564,2700,12.545579706450761,0.13313877195936064
1479,729.91,724.8063077181415,2475.8742729035903,175.28134504546668,2537.6064398737813,95.72353483162006,75.3188521988368,302.76949529951287,16.049866684341875,2700,12.545579706450761,0.13313877195936064
1480,729.92,724.8080909838393,2475.845857842003,175.27942819408906,2537.606106713383,95.7234424267721,75.31872511739785,303.0456306514539,16.050070908825905,2700,12.545579706450761,0.13313877195936064
1481,729.93,724.8098715955794,2475.8174617670093,175.27751264061715,2537.605773555272,95.72335002267323,75.3185983197732,303.32176553383897,16.05027513296344,2700,12.545579706450761,0.13313877195936064
1482,729.94,724.8116495530478,2475.789084658422,175.27559838359153,2537.60544039945,95.72325761932348,75.31847180566525,303.59789994771234,16.050479356755236,2700,12.545579706450761,0.13313877195936064
1483,729.95,724.8134248590335,2475.760726496047,175.27368542164217,2537.6051072459154,95.7231652167228,75.31834557477724,303.87403389411736,16.050683580202072,2700,12.545579706450761,0.13313877195936064
1484,729.96,724.8151975194213,2475.732387259752,175.27177375336237,2537.6047740946674,95.72307281487122,75.31821962681235,304.1501673740961,16.05088780330472,2700,12.545579706450761,0.13313877195936064
1485,729.97,724.816967535442,2475.704066929402,175.26986337744145,2537.604440945707,95.7229804137687,75.31809396147372,304.4263003886897,16.051092026063948,2700,12.545579706450761,0.13313877195936064
1486,729.98,724.8187349098777,2475.6757654848548,175.26795429242094,2537.604107799033,95.72288801341526,75.31796857846544,304.7024329389381,16.05129624848052,2700,12.545579706450761,0.13313877195936064
1487,729.99,724.8204996455015,2475.6474829060353,175.26604649700107,2537.6037746546444,95.72279561381089,75.31784347749162,304.97856502588013,16.051500470555208,2700,12.545579706450761,0.13313877195936064
1488,730.0,724.8222617450871,2475.619219172872,175.26413998975207,2537.6034415125428,95.72270321495559,75.31771865825675,305.2546966505537,16.051704692288773,2700,12.545579706450761,0.13313877195936064
1489,730.01,724.8240212114038,2475.590974265317,175.26223476933174,2537.6031083727285,95.72261081684931,75.31759412046559,305.53082781399536,16.05190891368199,2700,12.545579706450761,0.13313877195936064
1490,730.02,724.8257780456669,2475.5627481633455,175.26033083438952,2537.6027752351974,95.7225184194921,75.31746986382318,305.8069585172409,16.052113134735617,2700,12.545579706450761,0.13313877195936064
1491,730.03,724.8275322537444,2475.534540846941,175.25842818355702,2537.6024420999534,95.72242602288395,75.31734588803512,306.08308876132475,16.05231735545042,2700,12.545579706450761,0.13313877195936064
1492,730.04,724.8292838368427,2475.5063522961395,175.2565268154054,2537.602108966994,95.72233362702482,75.31722219280675,306.3592185472804,16.052521575827164,2700,12.545579706450761,0.13313877195936064
1493,730.05,724.831032796173,2475.4781824909523,175.25462672870174,2537.60177583632,95.72224123191472,75.31709877784425,306.63534787614026,16.05272579586661,2700,12.545579706450761,0.13313877195936064
1494,730.0600000000001,724.8327791391422,2475.450031411446,175.25272792189816,2537.6014427079294,95.72214883755365,75.3169756428542,306.9114767489355,16.052930015569522,2700,12.545579706450761,0.13313877195936064
1495,730.07,724.8345228622946,2475.4218990377212,175.25083039381641,2537.6011095818244,95.7220564439416,75.3168527875426,307.1876051666964,16.05313423493666,2700,12.545579706450761,0.13313877195936064
1496,730.08,724.8362639730401,2475.393785349839,175.24893414296074,2537.6007764580027,95.72196405107856,75.31673021161723,307.46373313045217,16.05333845396878,2700,12.545579706450761,0.13313877195936064
1497,730.09,724.8380024710135,2475.3656903279725,175.24703916809844,2537.6004433364633,95.72187165896452,75.31660791478465,307.7398606412307,16.05354267266665,2700,12.545579706450761,0.13313877195936064
1498,730.1,724.8397383620675,2475.33761395222,175.24514546778053,2537.600110217209,95.72177926759949,75.3164858967529,308.01598770005904,16.053746891031025,2700,12.545579706450761,0.13313877195936064
1499,730.11,724.841471645835,2475.3095562027825,175.24325304065295,2537.5997771002385,95.72168687698344,75.31636415722937,308.29211430796306,16.05395110906266,2700,12.5455795450802,0.13313877195936064
1500,730.12,724.8432023297123,2475.2815170598146,175.24136188538648,2537.59944398555,95.72159448711638,75.31624269614112,308.56824046596756,16.054155326762366,2700,12.545579628250053,0.13313877195936064
1501,730.13,724.8449304081867,2475.253496518013,175.23947200159398,2537.5991108731446,95.72150209799831,75.31612151216626,308.84436617364025,16.054359544130655,2700,12.54557957271675,0.13313877195936064
1502,730.14,724.8466558967019,2475.2254944893866,175.2375833833504,2537.598777763021,95.72140970962923,75.31600060726599,309.12049143887043,16.054563761168822,2700,12.545578883477663,0.13313877195936064
1503,730.15,724.8483787785323,2475.1975111033216,175.23569603940106,2537.598444655181,95.7213173220091,75.3158799798816,309.3966162476661,16.054767977877322,2700,12.545577561044363,0.13313877195936064
1504,730.16,724.8500990666757,2475.169546256146,175.23380996271786,2537.5981115496234,95.72122493513795,75.31575962870207,309.67274060949296,16.054972194256653,2700,12.545575605903295,0.13313877195936064
1505,730.17,724.8518167718191,2475.141599860587,175.2319251473029,2537.597778446347,95.72113254901575,75.31563955549386,309.9488645321856,16.055176410308068,2700,12.545573018340168,0.13313877195936064
1506,730.18,724.8535318806051,2475.1136720331415,175.23004160111512,2537.5974453453528,95.72104016364251,75.31551976202252,310.2249880030406,16.055380626032836,2700,12.54556979864003,0.13313877195936064
1507,730.19,724.8552443734787,2475.0857628902327,175.22815933210416,2537.5971122466462,95.72094777901823,75.31540025005508,310.50111100936243,16.055584841432204,2700,12.545565947081823,0.13313877195936064
1508,730.2,724.8569542355251,2475.057872548389,175.22627834833537,2537.596779150228,95.72085539514288,75.31528102135663,310.7772335384553,16.055789056507418,2700,12.545561463947212,0.13313877195936064
1509,730.21,724.8586614518488,2475.030001123996,175.22439865772338,2537.5964460561013,95.72076301201646,75.31516207768895,311.05335557763567,16.055993271259744,2700,12.545556349520613,0.13313877195936064
1510,730.22,724.8603660029299,2475.0021487332215,175.22252026819152,2537.596112964273,95.72067062963897,75.31504342081101,311.32947711423327,16.05619748569044,2700,12.545550604089156,0.13313877195936064
1511,730.23,724.8620678739287,2474.974315492044,175.22064318770063,2537.5957798747413,95.72057824801041,75.31492505247965,311.60559813559007,16.056401699800777,2700,12.54554422794271,0.13313877195936064
1512,730.24,724.8637670500275,2474.946501516293,175.21876742416268,2537.5954467875117,95.72048586713078,75.31480697444839,311.88171862906086,16.05660591359202,2700,12.545537221373877,0.13313877195936064
1513,730.25,724.8654635102315,2474.918706921578,175.2168929854733,2537.5951137025872,95.72039348700004,75.31468918846791,312.1578385820129,16.056810127065447,2700,12.545529584677976,0.13313877195936064
1514,730.26,724.867157242882,2474.890931823315,175.21501987960974,2537.5947806199697,95.72030110761821,75.31457169628698,312.43395798182644,16.05701434022234,2700,12.545521318153051,0.13313877195936064
1515,730.27,724.868848230133,2474.86317633679,175.21314811434263,2537.5944475396636,95.72020872898528,75.3144544996504,312.7100768158942,16.057218553063983,2700,12.545512422099865,0.13313877195936064
1516,730.28,724.8705364541748,2474.8354405770233,175.21127769764146,2537.5941144616722,95.72011635110125,75.31433760030096,312.9861950716218,16.057422765591667,2700,12.545502896821887,0.13313877195936064
1517,730.29,724.8722219003196,2474.807724658899,175.2094086373612,2537.593781385996,95.72002397396611,75.3142209999787,313.26231273642776,16.057626977806684,2700,12.5454927426253,0.13313877195936064
1518,730.3,724.8739045539056,2474.7800286971074,175.2075409413048,2537.5934483126407,95.71993159757984,75.31410470042049,313.5384297977434,16.05783118971033,2700,12.545481959819002,0.13313877195936064
1519,730.3100000000001,724.8755843940935,2474.7523528061406,175.20567461729485,2537.593115241609,95.71983922194246,75.31398870336035,313.8145462430131,16.058035401303915,2700,12.545470548714583,0.13313877195936064
1520,730.32,724.87726140783,2474.724697100282,175.20380967314867,2537.592782172903,95.71974684705393,75.3138730105303,314.0906620596943,16.05823961258874,2700,12.545458509626334,0.13313877195936064
1521,730.33,724.8789355805278,2474.6970616936865,175.20194611680944,2537.592449106525,95.71965447291427,75.31375762365857,314.3667772352572,16.058443823566115,2700,12.545445842871247,0.13313877195936064
1522,730.34,724.8806068929807,2474.669446700259,175.20008395584034,2537.592116042479,95.71956209952347,75.31364254447088,314.64289175718534,16.058648034237365,2700,12.545432548768998,0.13313877195936064
1523,730.35,724.8822753291091,2474.6418522337235,175.19822319826488,2537.5917829807686,95.71946972688151,75.31352777469054,314.9190056129753,16.058852244603802,2700,12.545418627641961,0.13313877195936064
1524,730.36,724.8839408759586,2474.6142784076515,175.196363851691,2537.591449921397,95.7193773549884,75.31341331603778,315.195118790137,16.059056454666756,2700,12.545404079815189,0.13313877195936064
1525,730.37,724.885603514398,2474.5867253353967,175.1945059239458,2537.5911168643656,95.71928498384412,75.31329917022956,315.47123127619324,16.05926066442755,2700,12.545388905616417,0.13313877195936064
1526,730.38,724.8872632299804,2474.5591931301033,175.19264942276612,2537.5907838096787,95.71919261344867,75.3131853389808,315.74734305868054,16.05946487388753,2700,12.545373105376058,0.13313877195936064
1527,730.39,724.8889200036238,2474.5316819047684,175.1907943557849,2537.590450757338,95.71910024380203,75.31307182400293,316.0234541251484,16.05966908304803,2700,12.545356679427197,0.13313877195936064
1528,730.4,724.8905738240373,2474.5041917721587,175.18894073095797,2537.5901177073492,95.71900787490422,75.31295862700514,316.29956446316,16.059873291910385,2700,12.545339628105594,0.13313877195936064
1529,730.41,724.8922246737443,2474.476722844886,175.18708855569446,2537.5897846597127,95.71891550675524,75.3128457496929,316.5756740602917,16.060077500475952,2700,12.545321951749672,0.13313877195936064
1530,730.42,724.8938725353013,2474.4492752353135,175.18523783790624,2537.5894516144317,95.71882313935504,75.3127331937695,316.85178290413336,16.060281708746075,2700,12.545303650700514,0.13313877195936064
1531,730.43,724.8955173928396,2474.4218490556595,175.18338858514903,2537.58911857151,95.71873077270364,75.31262096093539,317.1278909822886,16.060485916722115,2700,12.545284725301869,0.13313877195936064
1532,730.44,724.8971592320654,2474.3944444179433,175.1815408052163,2537.588785530951,95.71863840680102,75.3125090528879,317.4039982823743,16.06069012440543,2700,12.545265175900134,0.13313877195936064
1533,730.45,724.8987980356139,2474.367061433986,175.17969450564775,2537.588452492756,95.71854604164719,75.31239747132136,317.6801047920211,16.060894331797385,2700,12.54524500284436,0.13313877195936064
1534,730.46,724.9004337908017,2474.339700215391,175.1778496940374,2537.5881194569297,95.71845367724214,75.31228621792764,317.95621049887325,16.06109853889935,2700,12.545224206486253,0.13313877195936064
1535,730.47,724.9020664772102,2474.312360873608,175.17600637816219,2537.5877864234744,95.71836131358586,75.31217529439505,318.23231539058884,16.0613027457127,2700,12.545202787180152,0.13313877195936064
1536,730.48,724.9036960822117,2474.2850435198425,175.17416456552252,2537.587453392393,95.71826895067834,75.31206470241004,318.5084194548395,16.061506952238805,2700,12.54518074528304,0.13313877195936064
1537,730.49,724.905322590094,2474.2577482651736,175.1723242637788,2537.5871203636884,95.71817658851957,75.31195444365518,318.7845226793109,16.061711158479053,2700,12.545158081154542,0.13313877195936064
1538,730.5,724.9069459820764,2474.230475220418,175.17048548045528,2537.586787337364,95.71808422710954,75.31184451981048,319.06062505170235,16.061915364434828,2700,12.54513479515691,0.13313877195936064
1539,730.51,724.9085662471613,2474.203224496223,175.1686482232169,2537.586454313421,95.71799186644827,75.31173493255348,319.33672655972714,16.062119570107527,2700,12.545110887655026,0.13313877195936064
1540,730.52,724.9101833650644,2474.175996203069,175.16681249952197,2537.5861212918658,95.71789950653573,75.3116256835578,319.61282719111244,16.062323775498538,2700,12.545086359016398,0.13313877195936064
1541,730.53,724.9117973232951,2474.1487904511696,175.1649783169121,2537.585788272698,95.71780714737191,75.31151677449535,319.8889269335996,16.062527980609257,2700,12.545061209611152,0.13313877195936064
1542,730.54,724.9134081062766,2474.1216073506207,175.16314568302428,2537.585455255923,95.71771478895681,75.3114082070341,320.16502577494373,16.062732185441096,2700,12.545035439812041,0.13313877195936064
1543,730.55,724.9150156953649,2474.0944470112645,175.16131460529624,2537.5851222415436,95.71762243129042,75.3112999828395,320.4411237029142,16.062936389995457,2700,12.54500904999442,0.13313877195936064
1544,730.5600000000001,724.9166200796982,2474.0673095427614,175.1594850913124,2537.5847892295596,95.71753007437275,75.3111921035745,320.7172207052943,16.063140594273754,2700,12.544982040536262,0.13313877195936064
1545,730.57,724.9182212391275,2474.0401950546056,175.15765714839156,2537.5844562199763,95.71743771820378,75.31108457089802,320.99331676988186,16.063344798277402,2700,12.544954411818141,0.13313877195936064
1546,730.58,724.9198191613008,2474.0131036560238,175.15583078417015,2537.5841232127977,95.71734536278349,75.3109773864673,321.26941188448853,16.063549002007825,2700,12.544926164223236,0.13313877195936064
1547,730.59,724.9214138276736,2473.986035456128,175.15400600609198,2537.583790208025,95.7172530081119,75.31087055193557,321.5455060369405,16.06375320546644,2700,12.544897298137323,0.13313877195936064
1548,730.6,724.9230052274991,2473.958990563756,175.15218282157556,2537.583457205662,95.71716065418896,75.31076406895394,321.8215992150779,16.063957408654684,2700,12.544867813948779,0.13313877195936064
1549,730.61,724.924593340738,2473.9319690876105,175.1503612380484,2537.583124205711,95.71706830101469,75.31065793916959,322.09769140675576,16.064161611573983,2700,12.544837712048556,0.13313877195936064
1550,730.62,724.9261781551479,2473.904971136125,175.14854126292605,2537.582791208176,95.71697594858911,75.31055216422786,322.373782599843,16.064365814225777,2700,12.544806992830209,0.13313877195936064
1551,730.63,724.9277596522961,2473.8779968176073,175.1467229036501,2537.5824582130576,95.71688359691215,75.31044674577015,322.64987278222327,16.064570016611505,2700,12.544775656689868,0.13313877195936064
1552,730.64,724.9293378199926,2473.8510462401,175.14490616767623,2537.5821252203623,95.71679124598388,75.31034168543566,322.9259619417946,16.064774218732616,2700,12.544743704026244,0.13313877195936064
1553,730.65,724.9309126429664,2473.824119511505,175.14309106224522,2537.5817922300894,95.71669889580421,75.31023698485988,323.20205006646944,16.06497842059056,2700,12.54471113524062,0.13313877195936064
1554,730.66,724.9324841028766,2473.797216739466,175.14127759478544,2537.581459242245,95.7166065463732,75.31013264567568,323.47813714417504,16.065182622186786,2700,12.544677950736853,0.13313877195936064
1555,730.67,724.9340521891648,2473.7703380314556,175.13946577276275,2537.581126256828,95.71651419769081,75.31002866951333,323.7542231628532,16.065386823522754,2700,12.544644150921368,0.13313877195936064
1556,730.68,724.9356168804361,2473.7434834947653,175.13765560331706,2537.5807932738453,95.71642184975704,75.30992505799907,324.03030811046017,16.06559102459993,2700,12.544609736203146,0.13313877195936064
1557,730.69,724.9371781661943,2473.7166532364236,175.13584709393362,2537.580460293297,95.71632950257187,75.3098218127575,324.3063919749672,16.06579522541977,2700,12.544574706993735,0.13313877195936064
1558,730.7,724.9387360297511,2473.6898473633432,175.1340402518402,2537.580127315188,95.7162371561353,75.30971893540888,324.58247474436007,16.065999425983755,2700,12.54453906370724,0.13313877195936064
1559,730.71,724.9402904544606,2473.663065982144,175.1322350843402,2537.5797943395205,95.71614481044733,75.30961642757117,324.85855640663954,16.06620362629335,2700,12.544502806760306,0.13313877195936064
1560,730.72,724.9418414283518,2473.636309199296,175.13043159878666,2537.579461366297,95.71605246550796,75.30951429085937,325.1346369498211,16.06640782635004,2700,12.54446593657214,0.13313877195936064
1561,730.73,724.943388936378,2473.6095771210666,175.12862980241957,2537.5791283955205,95.71596012131714,75.30941252688491,325.41071636193504,16.066612026155305,2700,12.544428453564477,0.13313877195936064
1562,730.74,724.9449329604237,2473.582869853484,175.12682970244938,2537.5787954271946,95.71586777787489,75.30931113725657,325.68679463102677,16.06681622571063,2700,12.5443903581616,0.13313877195936064
1563,730.75,724.9464734855002,2473.556187502398,175.1250313061835,2537.5784624613216,95.71577543518123,75.30921012358034,325.9628717451566,16.06702042501751,2700,12.544351650790329,0.13313877195936064
1564,730.76,724.9480105013,2473.529530173468,175.12323462083356,2537.5781294979042,95.71568309323611,75.30910948745894,326.2389476923997,16.067224624077436,2700,12.544312331880011,0.13313877195936064
1565,730.77,724.9495439882364,2473.5028979721415,175.12143965356668,2537.5777965369457,95.71559075203953,75.3090092304914,326.5150224608465,16.067428822891905,2700,12.544272401862518,0.13313877195936064
1566,730.78,724.9510739329636,2473.47629100361,175.11964641165522,2537.577463578448,95.71549841159151,75.30890935427489,326.7910960386024,16.067633021462424,2700,12.544231861172253,0.13313877195936064
1567,730.79,724.9526003206022,2473.4497093729415,175.11785490219972,2537.577130622415,95.71540607189202,75.30880986040269,327.067168413788,16.067837219790494,2700,12.544190710246134,0.13313877195936064
1568,730.8,724.9541231363078,2473.4231531849446,175.1160651325244,2537.576797668849,95.71531373294104,75.30871075046524,327.3432395745391,16.068041417877627,2700,12.544148949523588,0.13313877195936064
1569,730.8100000000001,724.955642365263,2473.3966225442364,175.11427710961257,2537.576464717754,95.71522139473859,75.30861202604997,327.61930950900677,16.06824561572534,2700,12.544106579446566,0.13313877195936064
1570,730.82,724.9571579926794,2473.3701175552337,175.1124908407477,2537.576131769131,95.71512905728464,75.30851368874116,327.89537820535713,16.06844981333515,2700,12.544063600459516,0.13313877195936064
1571,730.83,724.9586700022444,2473.3436383221347,175.11070633298561,2537.5757988229843,95.71503672057919,75.30841574012,328.17144565177193,16.06865401070858,2700,12.54402001300939,0.13313877195936064
1572,730.84,724.960178380779,2473.3171849489363,175.10892359345812,2537.5754658793157,95.71494438462224,75.30831818176483,328.44751183644803,16.068858207847153,2700,12.543975817545643,0.13313877195936064
1573,730.85,724.9616831151308,2473.2907575394447,175.10714262930054,2537.5751329381296,95.71485204941376,75.30822101525055,328.7235767475978,16.069062404752408,2700,12.54393101452022,0.13313877195936064
1574,730.86,724.9631841875232,2473.2643561972286,175.10536344752936,2537.574799999427,95.71475971495377,75.30812424214892,328.999640373449,16.06926660142587,2700,12.543885604387562,0.13313877195936064
1575,730.87,724.9646815848656,2473.2379810256525,175.1035860553018,2537.5744670632102,95.71466738124226,75.30802786402924,329.2757027022449,16.06947079786908,2700,12.54383958760459,0.13313877195936064
1576,730.88,724.9661752909849,2473.2116321279104,175.10181045962503,2537.5741341294856,95.71457504827919,75.30793188245704,329.5517637222444,16.06967499408358,2700,12.543792964630713,0.13313877195936064
1577,730.89,724.9676652944007,2473.1853096069467,175.100036667582,2537.573801198253,95.71448271606458,75.30783629899518,329.82782342172186,16.06987919007092,2700,12.543745735927814,0.13313877195936064
1578,730.9,724.9691515790004,2473.1590135655265,175.0982646861191,2537.573468269517,95.7143903845984,75.30774111520287,330.1038817889671,16.070083385832643,2700,12.543697901960252,0.13313877195936064
1579,730.91,724.9706341287058,2473.132744106171,175.0964945224096,2537.573135343278,95.71429805388067,75.30764633263676,330.3799388122859,16.07028758137031,2700,12.543649463194859,0.13313877195936064
1580,730.92,724.9721129290142,2473.1065013312177,175.09472618329855,2537.57280241954,95.71420572391136,75.30755195285033,330.6559944799996,16.070491776685472,2700,12.543600420100928,0.13313877195936064
1581,730.93,724.9735879670061,2473.08028534281,175.0929596759009,2537.5724694983064,95.71411339469047,75.3074579773937,330.93204878044514,16.070695971779692,2700,12.543550773150216,0.13313877195936064
1582,730.94,724.97505922979,2473.0540962428518,175.0911950071026,2537.57213657958,95.714021066218,75.3073644078138,331.2081017019755,16.07090016665454,2700,12.543500522816933,0.13313877195936064
1583,730.95,724.9765266998512,2473.027934133037,175.08943218392972,2537.5718036633625,95.7139287384939,75.30727124565438,331.4841532329593,16.07110436131158,2700,12.54344966957775,0.13313877195936064
1584,730.96,724.9779903628075,2473.001799114851,175.0876712132187,2537.5714707496577,95.71383641151822,75.30717849245661,331.76020336178107,16.07130855575239,2700,12.543398213911788,0.13313877195936064
1585,730.97,724.979450207404,2472.9756912895973,175.08591210207857,2537.571137838469,95.71374408529091,75.30708614975816,332.0362520768412,16.071512749978538,2700,12.543346156300599,0.13313877195936064
1586,730.98,724.9809062146609,2472.9496107583486,175.08415485725016,2537.5708049297978,95.713651759812,75.30699421909308,332.3122993665561,16.071716943991618,2700,12.543293497228191,0.13313877195936064
1587,730.99,724.9823583749402,2472.923557621937,175.0823994857865,2537.5704720236477,95.71355943508142,75.30690270199335,332.5883452193581,16.0719211377932,2700,12.543240237181,0.13313877195936064
1588,731.0,724.9838066708666,2472.8975319810515,175.08064599442235,2537.57013912002,95.71346711109922,75.30681159998653,332.8643896236956,16.072125331384882,2700,12.543186376647897,0.13313877195936064
1589,731.01,724.9852510882087,2472.871533936091,175.07889439016662,2537.5698062189194,95.71337478786536,75.30672091459802,333.140432568033,16.072329524768254,2700,12.54313191612018,0.13313877195936064
1590,731.02,724.9866916158586,2472.845563587299,175.0771446798106,2537.569473320348,95.71328246537986,75.30663064734972,333.41647404085097,16.072533717944907,2700,12.543076856091576,0.13313877195936064
1591,731.03,724.9881282349826,2472.8196210346932,175.07539687018198,2537.5691404243075,95.71319014364268,75.30654079975986,333.69251403064607,16.072737910916445,2700,12.543021197058222,0.13313877195936064
1592,731.04,724.989560936091,2472.793706378045,175.0736509681908,2537.5688075308026,95.71309782265382,75.30645137334459,333.9685525259313,16.07294210368447,2700,12.542964939518678,0.13313877195936064
1593,731.05,724.9909897019551,2472.7678197169776,175.0719069805571,2537.568474639835,95.7130055024133,75.30636236961563,334.24458951523565,16.073146296250588,2700,12.542908083973913,0.13313877195936064
1594,731.0600000000001,724.9924145184918,2472.741961150828,175.0701649141282,2537.568141751408,95.71291318292107,75.30627379008251,334.5206249871046,16.073350488616413,2700,12.542850630927298,0.13313877195936064
1595,731.07,724.9938353731885,2472.7161307787806,175.06842477568054,2537.5678088655236,95.71282086417713,75.30618563625116,334.79665893009985,16.07355468078356,2700,12.542792580884617,0.13313877195936064
1596,731.08,724.995252250464,2472.6903286997754,175.066686572004,2537.567475982185,95.7127285461815,75.30609790962411,335.0726913327994,16.07375887275364,2700,12.542733934354045,0.13313877195936064
1597,731.09,724.9966651378717,2472.664555012534,175.06495030995117,2537.567143101395,95.71263622893412,75.30601061170114,335.3487221837977,16.073963064528282,2700,12.54267469184615,0.13313877195936064
1598,731.1,724.9980740214389,2472.6388098155844,175.06321599604556,2537.566810223155,95.71254391243504,75.30592374397845,335.6247514717056,16.074167256109106,2700,12.542614853873893,0.13313877195936064
1599,731.11,724.9994788841225,2472.613093207218,175.06148363712185,2537.5664773474696,95.71245159668422,75.30583730794915,335.9007791851505,16.074371447497747,2700,12.542554420952616,0.13313877195936064
1600,731.12,725.0008797151156,2472.58740528552,175.0597532399809,2537.5661444743396,95.71235928168164,75.3057513051035,336.17680531277614,16.074575638695833,2700,12.542493393600049,0.13313877195936064
1601,731.13,725.0022764989823,2472.5617461483857,175.0580248111885,2537.5658116037707,95.71226696742731,75.30566573692784,336.4528298432429,16.074779829705005,2700,12.542431772336299,0.13313877195936064
1602,731.14,725.0036692234266,2472.5361158934425,175.05629835747533,2537.565478735764,95.71217465392122,75.30558060490584,336.7288527652278,16.074984020526898,2700,12.542369557683829,0.13313877195936064
1603,731.15,725.0050578730741,2472.510514618144,175.05457388556613,2537.5651458703196,95.71208234116335,75.30549591051759,337.00487406742445,16.07518821116316,2700,12.54230675016749,0.13313877195936064
1604,731.16,725.0064424341356,2472.4849424197037,175.05285140203037,2537.5648130074455,95.7119900291537,75.3054116552403,337.2808937385431,16.07539240161543,2700,12.54224335031449,0.13313877195936064
1605,731.17,725.0078228944004,2472.459399395138,175.0511309135554,2537.564480147141,95.71189771789226,75.30532784054778,337.5569117673107,16.075596591885372,2700,12.542179358654392,0.13313877195936064
1606,731.18,725.009199240137,2472.433885641238,175.0494124267264,2537.5641472894076,95.71180540737902,75.30524446791041,337.8329281424709,16.075800781974632,2700,12.542114775719117,0.13313877195936064
1607,731.19,725.0105714545425,2472.408401254569,175.04769594817733,2537.5638144342524,95.71171309761397,75.30516153879552,338.1089428527843,16.07600497188487,2700,12.542049602042939,0.13313877195936064
1608,731.2,725.0119395286024,2472.3829463314837,175.04598148458348,2537.563481581674,95.7116207885971,75.30507905466762,338.3849558870282,16.076209161617747,2700,12.541983838162475,0.13313877195936064
1609,731.21,725.0133034424656,2472.357520968153,175.04426904235987,2537.563148731677,95.7115284803284,75.30499701698687,338.66096723399664,16.076413351174928,2700,12.541917484616683,0.13313877195936064
1610,731.22,725.0146631871824,2472.3321252604546,175.04255862820392,2537.562815884263,95.71143617280786,75.30491542721157,338.93697688250086,16.076617540558082,2700,12.541850541946863,0.13313877195936064
1611,731.23,725.016018749166,2472.306759304136,175.04085024860635,2537.5624830394363,95.71134386603548,75.30483428679547,339.2129848213687,16.076821729768884,2700,12.541783010696642,0.13313877195936064
1612,731.24,725.0173701133215,2472.2814231946527,175.03914391011264,2537.5621501971978,95.71125156001126,75.30475359718963,339.48899103944524,16.077025918809007,2700,12.541714891411985,0.13313877195936064
1613,731.25,725.0187172661289,2472.256117027265,175.037439619234,2537.561817357552,95.71115925473515,75.30467335984201,339.7649955255925,16.07723010768013,2700,12.541646184641166,0.13313877195936064
1614,731.26,725.020060194098,2472.230840897039,175.0357373825736,2537.5614845205005,95.71106695020718,75.3045935761971,340.0409982686894,16.077434296383938,2700,12.541576890934797,0.13313877195936064
1615,731.27,725.0213988853224,2472.205594898798,175.03403720645733,2537.561151686046,95.71097464642733,75.30451424769615,340.31699925763223,16.07763848492212,2700,12.541507010845791,0.13313877195936064
1616,731.28,725.0227333232705,2472.1803791271554,175.0323390974862,2537.560818854191,95.71088234339557,75.30443537577683,340.5929984813341,16.07784267329636,2700,12.541436544929377,0.13313877195936064
1617,731.29,725.0240634960995,2472.155193676483,175.03064306206252,2537.5604860249377,95.7107900411119,75.30435696187419,340.86899592872555,16.07804686150835,2700,12.541365493743095,0.13313877195936064
1618,731.3,725.0253893935422,2472.130038640976,175.0289491065645,2537.5601531982907,95.71069773957633,75.30427900741944,341.1449915887541,16.078251049559796,2700,12.541293857846778,0.13313877195936064
1619,731.3100000000001,725.026710997609,2472.104914114575,175.02725723763103,2537.55982037425,95.71060543878885,75.30420151384025,341.4209854503847,16.078455237452392,2700,12.541221637802565,0.13313877195936064
1620,731.32,725.0280282949991,2472.079820190981,175.0255674614886,2537.55948755282,95.7105131387494,75.30412448256197,341.69697750259945,16.07865942518784,2700,12.541148834174882,0.13313877195936064
1621,731.33,725.0293412770862,2472.054756963739,175.02387978462772,2537.559154734005,95.71042083945804,75.30404791500605,341.9729677343978,16.078863612767854,2700,12.541075447530446,0.13313877195936064
1622,731.34,725.0306499259724,2472.0297245261377,175.02219421339504,2537.5588219178026,95.71032854091473,75.30397181259009,342.2489561347965,16.07906780019414,2700,12.54100147843826,0.13313877195936064
1623,731.35,725.0319542284487,2472.004722971206,175.02051075415133,2537.558489104221,95.71023624311945,75.3038961767295,342.5249426928299,16.07927198746841,2700,12.540926927469599,0.13313877195936064
1624,731.36,725.0332541759838,2471.9797523918246,175.01882941327685,2537.5581562932584,95.71014394607221,75.3038210088358,342.80092739754946,16.079476174592386,2700,12.540851795198027,0.13313877195936064
1625,731.37,725.0345497507702,2471.954812880615,175.0171501971422,2537.5578234849204,95.71005164977298,75.30374631031664,343.0769102380243,16.079680361567785,2700,12.540776082199363,0.13313877195936064
1626,731.38,725.0358409427957,2471.929904529945,175.0154731119692,2537.557490679208,95.70995935422177,75.3036720825776,343.352891203341,16.079884548396336,2700,12.540699789051706,0.13313877195936064
1627,731.39,725.0371277358613,2471.9050274320343,175.01379816415252,2537.557157876125,95.70986705941856,75.30359832701981,343.6288702826037,16.08008873507976,2700,12.540622916335408,0.13313877195936064
1628,731.4,725.0384101184637,2471.8801816788105,175.01212536005053,2537.5568250756724,95.70977476536332,75.3035250450419,343.90484746493405,16.080292921619794,2700,12.540545464633082,0.13313877195936064
1629,731.41,725.0396880791232,2471.8553673620318,175.0104547057394,2537.5564922778544,95.70968247205607,75.3034522380386,344.1808227394714,16.080497108018168,2700,12.54046743452959,0.13313877195936064
1630,731.42,725.0409616017403,2471.830584573202,175.00878620763882,2537.556159482674,95.7095901794968,75.3033799074013,344.45679609537257,16.080701294276622,2700,12.540388826612043,0.13313877195936064
1631,731.43,725.0422306749033,2471.8058334035954,175.0071198719335,2537.5558266901307,95.7094978876855,75.30330805451862,344.73276752181226,16.080905480396897,2700,12.5403096414698,0.13313877195936064
1632,731.44,725.0434952872242,2471.7811139443006,175.0054557049415,2537.5554939002313,95.70940559662213,75.3032366807753,345.0087370079828,16.081109666380737,2700,12.540229879694452,0.13313877195936064
1633,731.45,725.0447554211468,2471.7564262861497,175.00379371283208,2537.5551611129745,95.70931330630673,75.30316578755262,345.2847045430943,16.08131385222989,2700,12.54014954187983,0.13313877195936064
1634,731.46,725.0460110684559,2471.7317705197465,175.00213390177723,2537.554828328366,95.70922101673925,75.30309537622936,345.5606701163746,16.081518037946104,2700,12.540068628621993,0.13313877195936064
1635,731.47,725.0472622147513,2471.7071467355217,175.00047627796923,2537.5544955464056,95.70912872791968,75.30302544817978,345.83663371706933,16.081722223531134,2700,12.539987140519223,0.13313877195936064
1636,731.48,725.0485088472291,2471.682555023605,174.99882084755407,2537.5541627670987,95.70903643984803,75.30295600477558,346.1125953344421,16.08192640898674,2700,12.539905078172023,0.13313877195936064
1637,731.49,725.0497509515565,2471.6579954739573,174.9971676168226,2537.5538299904456,95.70894415252428,75.30288704738484,346.38855495777443,16.08213059431468,2700,12.539822442183118,0.13313877195936064
1638,731.5,725.0509885180886,2471.6334681762964,174.99551659177868,2537.5534972164505,95.70885186594842,75.30281857737256,346.66451257636555,16.08233477951672,2700,12.539739233157439,0.13313877195936064
1639,731.51,725.0522215294517,2471.608973220134,174.99386777854028,2537.553164445114,95.70875958012046,75.30275059609963,346.94046817953296,16.082538964594626,2700,12.539655451702123,0.13313877195936064
1640,731.52,725.0534499776203,2471.58451069471,174.99222118333054,2537.552831676441,95.70866729504036,75.30268310492464,347.21642175661185,16.08274314955017,2700,12.53957109842651,0.13313877195936064
1641,731.53,725.0546738483831,2471.5600806891052,174.99057681222325,2537.5524989104333,95.7085750107081,75.30261610520165,347.4923732969557,16.08294733438512,2700,12.539486173942143,0.13313877195936064
1642,731.54,725.0558931291226,2471.5356832921057,174.98893467118225,2537.552166147092,95.70848272712371,75.30254959828214,347.76832278993595,16.083151519101264,2700,12.539400678862753,0.13313877195936064
1643,731.55,725.0571078056942,2471.511318592317,174.9872947663637,2537.551833386421,95.70839044428715,75.30248358551394,348.0442702249421,16.08335570370037,2700,12.539314613804255,0.13313877195936064
1644,731.5600000000001,725.0583178670896,2471.486986678107,174.9856571038282,2537.5515006284227,95.70829816219843,75.3024180682417,348.32021559138195,16.08355988818423,2700,12.539227979384757,0.13313877195936064
1645,731.57,725.05952330078,2471.4626876376274,174.9840216895593,2537.5511678731,95.70820588085753,75.3023530478063,348.59615887868125,16.083764072554622,2700,12.539140776224544,0.13313877195936064
1646,731.58,725.06072409427,2471.4384215587793,174.9823885296002,2537.550835120454,95.70811360026444,75.30228852554544,348.87210007628414,16.083968256813343,2700,12.53905300494607,0.13313877195936064
1647,731.59,725.0619202319904,2471.414188529251,174.9807576299752,2537.550502370489,95.70802132041916,75.30222450279332,349.14803917365293,16.08417244096218,2700,12.538964666173964,0.13313877195936064
1648,731.6,725.0631117061646,2471.389988636501,174.979128996619,2537.5501696232063,95.70792904132166,75.30216098088124,349.4239761602682,16.084376625002935,2700,12.538875760535017,0.13313877195936064
1649,731.61,725.0642985012827,2471.3658219677873,174.9775026354987,2537.549836878609,95.70783676297194,75.302097961136,349.69991102562886,16.0845808089374,2700,12.538786288658184,0.13313877195936064
1650,731.62,725.0654806065329,2471.341688610074,174.97587855266625,2537.5495041367,95.70774448536999,75.3020354448821,349.9758437592522,16.084784992767382,2700,12.538696251174573,0.13313877195936064
1651,731.63,725.0666580111238,2471.3175886501695,174.97425675396462,2537.549171397479,95.7076522085158,75.30197343344003,350.2517743506738,16.084989176494688,2700,12.53860564871744,0.13313877195936064
1652,731.64,725.0678306980953,2471.2935221746106,174.97263724534739,2537.548838660953,95.70755993240935,75.3019119281268,350.52770278944774,16.08519336012112,2700,12.538514481922197,0.13313877195936064
1653,731.65,725.0689986582772,2471.269489269709,174.97102003275916,2537.548505927122,95.70746765705064,75.3018509302568,350.80362906514654,16.085397543648494,2700,12.538422751426388,0.13313877195936064
1654,731.66,725.070161879421,2471.245490021597,174.96940512203284,2537.5481731959876,95.70737538243965,75.30179044114,351.0795531673611,16.085601727078622,2700,12.5383304578697,0.13313877195936064
1655,731.67,725.0713203477684,2471.2215245161115,174.96779251905403,2537.5478404675546,95.70728310857639,75.30173046208334,351.3554750857009,16.08580591041332,2700,12.53823760189395,0.13313877195936064
1656,731.68,725.0724740526906,2471.1975928388897,174.96618222972998,2537.547507741824,95.70719083546084,75.30167099439053,351.631394809794,16.086010093654412,2700,12.538144184143082,0.13313877195936064
1657,731.69,725.0736229820378,2471.17369507535,174.96457425988868,2537.5471750187985,95.70709856309296,75.30161203936149,351.90731232928704,16.086214276803723,2700,12.538050205263165,0.13313877195936064
1658,731.7,725.0747671205932,2471.149831310665,174.962968615323,2537.5468422984814,95.70700629147278,75.30155359829281,352.1832276338452,16.086418459863072,2700,12.537955665902384,0.13313877195936064
1659,731.71,725.0759064609275,2471.1260016297747,174.96136530186791,2537.546509580873,95.70691402060028,75.30149567247813,352.45914071315235,16.0866226428343,2700,12.53786056671104,0.13313877195936064
1660,731.72,725.0770409878827,2471.1022061174294,174.95976432536784,2537.5461768659784,95.70682175047544,75.30143826320656,352.7350515569111,16.08682682571923,2700,12.537764908341536,0.13313877195936064
1661,731.73,725.0781706894435,2471.078444858079,174.9581656915443,2537.5458441537985,95.70672948109824,75.30138137176485,353.0109601548426,16.087031008519702,2700,12.537668691448388,0.13313877195936064
1662,731.74,725.0792955551707,2471.0547179360115,174.9565694061664,2537.5455114443353,95.70663721246868,75.30132499943582,353.28686649668697,16.087235191237554,2700,12.537571916688211,0.13313877195936064
1663,731.75,725.0804155731082,2471.031025435252,174.95497547507034,2537.5451787375937,95.70654494458675,75.30126914749872,353.56277057220285,16.087439373874624,2700,12.537474584719707,0.13313877195936064
1664,731.76,725.0815307297817,2471.00736743959,174.95338390392277,2537.5448460335742,95.70645267745246,75.3012138172295,353.8386723711679,16.087643556432763,2700,12.537376696203669,0.13313877195936064
1665,731.77,725.0826410133003,2470.983744032596,174.9517946984545,2537.544513332278,95.70636041106577,75.30115900990081,354.1145718833786,16.087847738913812,2700,12.537278251802977,0.13313877195936064
1666,731.78,725.0837464133547,2470.9601552976187,174.95020786433383,2537.5441806337103,95.70626814542668,75.3011047267817,354.3904690986501,16.08805192131963,2700,12.537179252182595,0.13313877195936064
1667,731.79,725.0848469150129,2470.9366013177696,174.94862340734957,2537.543847937873,95.70617588053516,75.30105096913742,354.6663640068167,16.08825610365206,2700,12.537079698009558,0.13313877195936064
1668,731.8,725.0859425111382,2470.913082175899,174.9470413330557,2537.5435152447676,95.70608361639124,75.30099773823052,354.94225659773156,16.088460285912966,2700,12.53697958995297,0.13313877195936064
1669,731.8100000000001,725.0870331868603,2470.889597954688,174.94546164714603,2537.543182554396,95.70599135299487,75.300945035319,355.21814686126675,16.088664468104206,2700,12.536878928684008,0.13313877195936064
1670,731.82,725.0881189320052,2470.8661487365075,174.9438843553732,2537.542849866762,95.70589909034607,75.30089286165847,355.4940347873134,16.088868650227642,2700,12.536777714875898,0.13313877195936064
1671,731.83,725.089199731767,2470.8427346035696,174.94230946322742,2537.542517181869,95.70580682844479,75.30084121850031,355.7699203657816,16.089072832285137,2700,12.536675949203932,0.13313877195936064
1672,731.84,725.0902755775857,2470.8193556378064,174.94073697631924,2537.542184499715,95.70571456729105,75.30079010709308,356.04580358660064,16.08927701427856,2700,12.536573632345451,0.13313877195936064
1673,731.85,725.091346457823,2470.796011920962,174.93916690036218,2537.5418518203073,95.70562230688483,75.3007395286811,356.32168443971875,16.089481196209782,2700,12.536470764979844,0.13313877195936064
1674,731.86,725.0924123577782,2470.772703534497,174.93759924079922,2537.5415191436446,95.70553004722613,75.30068948450555,356.59756291510337,16.089685378080674,2700,12.536367347788534,0.13313877195936064
1675,731.87,725.0934732689863,2470.7494305596633,174.93603400326083,2537.5411864697326,95.70543778831494,75.30063997580451,356.87343900274107,16.089889559893116,2700,12.536263381454992,0.13313877195936064
1676,731.88,725.0945291799063,2470.7261930775053,174.9344711933127,2537.5408537985713,95.7053455301512,75.30059100381183,357.1493126926377,16.09009374164899,2700,12.53615886666471,0.13313877195936064
1677,731.89,725.0955800759338,2470.7029911687873,174.9329108163968,2537.540521130164,95.70525327273498,75.30054256975819,357.4251839748181,16.09029792335017,2700,12.536053804105217,0.13313877195936064
1678,731.9,725.0966259487017,2470.6798249140616,174.93135287813345,2537.540188464513,95.7051610160662,75.30049467487122,357.7010528393266,16.090502104998546,2700,12.535948194466062,0.13313877195936064
1679,731.91,725.0976667852143,2470.6566943936746,174.92979738394394,2537.539855801621,95.70506876014488,75.30044732037418,357.97691927622674,16.090706286596006,2700,12.535842038438803,0.13313877195936064
1680,731.92,725.098702574069,2470.633599687689,174.9282443394086,2537.5395231414896,95.704976504971,75.30040050748747,358.2527832756013,16.090910468144436,2700,12.53573533671702,0.13313877195936064
1681,731.93,725.0997333054422,2470.610540875969,174.9266937498359,2537.5391904841217,95.70488425054457,75.30035423742781,358.52864482755245,16.091114649645736,2700,12.535628089996301,0.13313877195936064
1682,731.94,725.1007589648881,2470.587518038139,174.9251456208276,2537.53885782952,95.70479199686554,75.30030851140812,358.8045039222018,16.0913188311018,2700,12.535520298974227,0.13313877195936064
1683,731.95,725.1017795442035,2470.564531253568,174.923599957784,2537.5385251776856,95.70469974393392,75.30026333063849,359.08036054969017,16.091523012514525,2700,12.535411964350388,0.13313877195936064
1684,731.96,725.1027950305565,2470.5415806014357,174.92205676600975,2537.538192528623,95.7046074917497,75.30021869632462,359.356214700178,16.09172719388581,2700,12.535303086826364,0.13313877195936064
1685,731.97,725.1038054127072,2470.5186661606326,174.92051605105914,2537.537859882331,95.70451524031289,75.30017460966936,359.63206636384507,16.091931375217563,2700,12.53519366710572,0.13313877195936064
1686,731.98,725.1048106809945,2470.4957880098564,174.9189778182207,2537.537527238815,95.70442298962342,75.30013107187182,359.90791553089076,16.092135556511693,2700,12.535083705894008,0.13313877195936064
1687,731.99,725.1058108226879,2470.4729462275563,174.91744207289887,2537.537194598078,95.70433073968132,75.30008808412738,360.18376219153396,16.092339737770107,2700,12.534973203898755,0.13313877195936064
1688,732.0,725.1068058250919,2470.4501408919373,174.91590882047794,2537.5368619601213,95.70423849048659,75.30004564762825,360.45960633601294,16.092543918994718,2700,12.534862161829462,0.13313877195936064
1689,732.01,725.107795680195,2470.4273720809883,174.91437806627505,2537.5365293249442,95.7041462420392,75.30000376356313,360.73544795458577,16.09274810018744,2700,12.534750580397603,0.13313877195936064
1690,732.02,725.1087803738128,2470.404639872464,174.9128498155438,2537.5361966925534,95.70405399433913,75.2999624331165,361.01128703752994,16.09295228135019,2700,12.53463846031661,0.13313877195936064
1691,732.03,725.1097598995569,2470.3819443438456,174.91132407373703,2537.5358640629483,95.70396174738637,75.2999216574703,361.2871235751428,16.09315646248489,2700,12.534525802301879,0.13313877195936064
1692,732.04,725.1107342417532,2470.359285572438,174.90980084593426,2537.535531436133,95.70386950118093,75.29988143780183,361.5629575577412,16.093360643593467,2700,12.534412607070758,0.13313877195936064
1693,732.05,725.1117033909776,2470.3366636352357,174.90828013762888,2537.5351988121097,95.7037772557228,75.29984177528597,361.83878897566166,16.093564824677838,2700,12.534298875342541,0.13313877195936064
1694,732.0600000000001,725.1126673362759,2470.314078609083,174.90676195395898,2537.5348661908793,95.70368501101193,75.29980267109333,362.11461781926056,16.09376900573994,2700,12.534184607838469,0.13313877195936064
1695,732.07,725.1136260667341,2470.2915305705283,174.90524630017214,2537.534533572445,95.70359276704833,75.29976412639115,362.39044407891396,16.093973186781696,2700,12.534069805281723,0.13313877195936064
1696,732.08,725.1145795714691,2470.2690195959044,174.90373318149398,2537.5342009568085,95.70350052383199,75.29972614234312,362.66626774501765,16.09417736780505,2700,12.533954468397413,0.13313877195936064
1697,732.09,725.115527841184,2470.2465457613034,174.9022226031787,2537.5338683439736,95.70340828136291,75.29968872010942,362.9420888079874,16.094381548811928,2700,12.533838597912583,0.13313877195936064
1698,732.1,725.1164708604048,2470.2241091425817,174.90071457038096,2537.533535733942,95.70331603964107,75.2996518608464,363.21790725825855,16.094585729804272,2700,12.533722194556201,0.13313877195936064
1699,732.11,725.1174086245575,2470.201709815345,174.89920908835447,2537.5332031267144,95.70322379866644,75.29961556570768,363.4937230862866,16.09478991078403,2700,12.533605259059154,0.13313877195936064
1700,732.12,725.1183411182294,2470.179347855022,174.89770616209145,2537.5328705222946,95.70313155843903,75.29957983584195,363.7695362825467,16.094994091753136,2700,12.533487792154238,0.13313877195936064
1701,732.13,725.1192683322622,2470.1570233367024,174.8962057969117,2537.532537920686,95.70303931895882,75.29954467239571,364.0453468375342,16.095198272713542,2700,12.533369794576165,0.13313877195936064
1702,732.14,725.1201902559653,2470.1347363353366,174.8947079977605,2537.532205321887,95.7029470802258,75.29951007651108,364.32115474176413,16.095402453667194,2700,12.53325126706155,0.13313877195936064
1703,732.15,725.1211068802404,2470.1124869255855,174.893212769971,2537.5318727259046,95.70285484223994,75.29947604932687,364.59695998577166,16.095606634616047,2700,12.533132210348903,0.13313877195936064
1704,732.16,725.1220181898137,2470.090275181881,174.89172011853393,2537.5315401327375,95.70276260500127,75.299442591978,364.8727625601119,16.095810815562054,2700,12.533012625178637,0.13313877195936064
1705,732.17,725.1229241787562,2470.0681011784127,174.89023004846229,2537.5312075423903,95.70267036850974,75.29940970559673,365.1485624553599,16.096014996507172,2700,12.532892512293044,0.13313877195936064
1706,732.18,725.1238248334068,2470.0459649891754,174.8887425649177,2537.5308749548635,95.70257813276535,75.2993773913104,365.42435966211104,16.096219177453357,2700,12.532771872436305,0.13313877195936064
1707,732.19,725.1247201479083,2470.0238666878486,174.88725767290325,2537.530542370159,95.70248589776811,75.29934565024399,365.70015417098057,16.09642335840257,2700,12.532650706354483,0.13313877195936064
1708,732.2,725.1256101040101,2470.001806347952,174.88577537745715,2537.530209788282,95.70239366351797,75.29931448351772,365.975945972604,16.096627539356785,2700,12.532529014795513,0.13313877195936064
1709,732.21,725.1264946974721,2469.9797840426827,174.8842956835121,2537.5298772092315,95.70230143001494,75.29928389224983,366.25173505763684,16.096831720317958,2700,12.532406798509196,0.13313877195936064
1710,732.22,725.1273739178675,2469.957799845119,174.88281859623459,2537.5295446330115,95.702209197259,75.29925387755328,366.52752141675484,16.09703590128806,2700,12.532284058247205,0.13313877195936064
1711,732.23,725.12824775016,2469.935853827974,174.88134412053085,2537.5292120596237,95.70211696525014,75.29922444053818,366.8033050406539,16.097240082269067,2700,12.532160794763062,0.13313877195936064
1712,732.24,725.1291161902042,2469.9139460637825,174.8798722613341,2537.52887948907,95.70202473398834,75.2991955823117,367.0790859200503,16.097444263262947,2700,12.532037008812155,0.13313877195936064
1713,732.25,725.1299792214667,2469.8920766248807,174.87840302361164,2537.528546921353,95.70193250347361,75.29916730397592,367.3548640456804,16.097648444271677,2700,12.53191270115171,0.13313877195936064
1714,732.26,725.1308368367731,2469.870245583261,174.87693641221725,2537.5282143564755,95.70184027370593,75.29913960663099,367.63063940830096,16.097852625297243,2700,12.531787872540805,0.13313877195936064
1715,732.27,725.1316890274144,2469.8484530107976,174.8754724322718,2537.527881794438,95.70174804468527,75.29911249137223,367.90641199868895,16.098056806341617,2700,12.531662523740353,0.13313877195936064
1716,732.28,725.1325357785188,2469.826698979034,174.87401108850327,2537.5275492352444,95.70165581641166,75.29908595929159,368.1821818076417,16.098260987406785,2700,12.531536655513102,0.13313877195936064
1717,732.29,725.1333770845572,2469.8049835592956,174.87255238582392,2537.527216678897,95.70156358888504,75.29906001147818,368.4579488259769,16.098465168494737,2700,12.531410268623633,0.13313877195936064
1718,732.3,725.1342129322671,2469.7833068227183,174.8710963291163,2537.526884125396,95.70147136210541,75.29903464901632,368.73371304453275,16.09866934960746,2700,12.531283363838343,0.13313877195936064
1719,732.3100000000001,725.1350433130872,2469.761668840118,174.8696429232681,2537.5265515747465,95.70137913607277,75.29900987298774,369.0094744541676,16.09887353074694,2700,12.531155941925453,0.13313877195936064
1720,732.32,725.1358682169271,2469.74006968214,174.86819217311304,2537.526219026947,95.7012869107871,75.29898568446994,369.2852330457604,16.09907771191517,2700,12.531028003655,0.13313877195936064
1721,732.33,725.1366876337354,2469.7185094191505,174.86674408342182,2537.5258864820034,95.7011946862484,75.29896208453707,369.5609888102106,16.099281893114153,2700,12.530899549798827,0.13313877195936064
1722,732.34,725.1375015519413,2469.69698812129,174.86529865899013,2537.525553939915,95.70110246245666,75.29893907425958,369.83674173843804,16.09948607434588,2700,12.530770581130577,0.13313877195936064
1723,732.35,725.1383099615592,2469.675505858451,174.86385590458755,2537.525221400686,95.70101023941181,75.29891665470451,370.11249182138306,16.099690255612348,2700,12.530641098425697,0.13313877195936064
1724,732.36,725.1391128557387,2469.6540627003096,174.86241582509265,2537.5248888643173,95.70091801711392,75.2988948269351,370.3882390500067,16.09989443691557,2700,12.530511102461425,0.13313877195936064
1725,732.37,725.1399102214575,2469.6326587162766,174.86097842512942,2537.5245563308104,95.70082579556293,75.2988735920106,370.66398341529026,16.10009861825754,2700,12.530380594016789,0.13313877195936064
1726,732.38,725.1407020488338,2469.6112939755085,174.85954370956475,2537.5242238001706,95.70073357475884,75.29885295098738,370.93972490823603,16.100302799640268,2700,12.530249573872599,0.13313877195936064
1727,732.39,725.1414883311165,2469.5899685469667,174.8581116830701,2537.523891272396,95.70064135470165,75.29883290491784,371.21546351986655,16.100506981065767,2700,12.530118042811443,0.13313877195936064
1728,732.4,725.1422690553838,2469.568682499345,174.8566823502734,2537.5235587474917,95.70054913539131,75.29881345485039,371.4911992412252,16.100711162536044,2700,12.529986001617685,0.13313877195936064
1729,732.41,725.143044211854,2469.547435901081,174.85525571587328,2537.5232262254585,95.70045691682785,75.29879460183047,371.766932063376,16.10091534405311,2700,12.52985345107745,0.13313877195936064
1730,732.42,725.1438137938774,2469.526228820404,174.853831784627,2537.522893706299,95.7003646990112,75.29877634689964,372.04266197740355,16.101119525618987,2700,12.529720391978636,0.13313877195936064
1731,732.43,725.1445777870811,2469.505061325296,174.852410561103,2537.5225611900146,95.70027248194143,75.29875869109533,372.3183889744133,16.101323707235693,2700,12.52958682511089,0.13313877195936064
1732,732.44,725.1453361864403,2469.483933483463,174.85099204998735,2537.522228676609,95.70018026561846,75.29874163545239,372.5941130455313,16.101527888905242,2700,12.529452751265614,0.13313877195936064
1733,732.45,725.146088979196,2469.462845362432,174.84957625597207,2537.521896166083,95.70008805004231,75.29872518100082,372.86983418190454,16.10173207062966,2700,12.529318171235964,0.13313877195936064
1734,732.46,725.1468361557378,2469.441797029417,174.84816318349885,2537.5215636584385,95.69999583521295,75.29870932876796,373.1455523747006,16.10193625241097,2700,12.529183085816825,0.13313877195936064
1735,732.47,725.1475777080317,2469.420788551453,174.84675283726892,2537.521231153679,95.69990362113039,75.29869407977708,373.42126761510804,16.1021404342512,2700,12.529047495804836,0.13313877195936064
1736,732.48,725.148313624977,2469.3998199953016,174.8453452217713,2537.520898651804,95.69981140779458,75.29867943504766,373.69697989433604,16.10234461615238,2700,12.528911401998354,0.13313877195936064
1737,732.49,725.1490439001642,2469.3788914274787,174.84394034166812,2537.520566152819,95.69971919520555,75.29866539559598,373.9726892036149,16.102548798116537,2700,12.528774805197465,0.13313877195936064
1738,732.5,725.1497685194547,2469.358002914282,174.842538201445,2537.5202336567236,95.69962698336325,75.298651962434,374.24839553419565,16.102752980145706,2700,12.528637706203988,0.13313877195936064
1739,732.51,725.1504874765081,2469.337154521726,174.84113880565243,2537.5199011635204,95.6995347722677,75.29863913657103,374.5240988773502,16.102957162241925,2700,12.528500105821447,0.13313877195936064
1740,732.52,725.151200760354,2469.3163463156493,174.83974215867096,2537.5195686732122,95.69944256191886,75.29862691901172,374.7997992243714,16.103161344407226,2700,12.528362004855081,0.13313877195936064
1741,732.53,725.1519083631676,2469.295578361583,174.83834826513197,2537.519236185801,95.69935035231674,75.29861531075774,375.0754965665732,16.103365526643657,2700,12.528223404111836,0.13313877195936064
1742,732.54,725.1526102740504,2469.2748507248534,174.83695712943083,2537.518903701289,95.6992581434613,75.29860431280663,375.35119089529024,16.10356970895325,2700,12.528084304400359,0.13313877195936064
1743,732.55,725.1533064852424,2469.2541634705203,174.83556875608463,2537.5185712196753,95.69916593535255,75.29859392615275,375.62688220187846,16.103773891338054,2700,12.527944706530995,0.13313877195936064
1744,732.5600000000001,725.153996985912,2469.2335166634334,174.83418314949176,2537.518238740967,95.69907372799047,75.29858415178634,375.9025704777146,16.103978073800114,2700,12.527804611315775,0.13313877195936064
1745,732.57,725.1546817668179,2469.2129103681636,174.83280031409527,2537.5179062651623,95.69898152137506,75.2985749906944,376.1782557141966,16.104182256341474,2700,12.527664019568421,0.13313877195936064
1746,732.58,725.1553608218499,2469.192344649066,174.831420254241,2537.5175737922646,95.69888931550629,75.29856644386011,376.45393790274335,16.10438643896419,2700,12.527522932104329,0.13313877195936064
1747,732.59,725.1560341371759,2469.1718195702497,174.83004297435983,2537.5172413222767,95.69879711038413,75.29855851226255,376.7296170347949,16.104590621670315,2700,12.527381349740578,0.13313877195936064
1748,732.6,725.1567017052091,2469.1513351955446,174.828668478838,2537.5169088551984,95.69870490600862,75.2985511968781,377.00529310181236,16.104794804461896,2700,12.527239273295914,0.13313877195936064
1749,732.61,725.1573635199389,2469.130891588609,174.82729677203295,2537.5165763910336,95.6986127023797,75.29854449867872,377.280966095278,16.10499898734099,2700,12.527096703590745,0.13313877195936064
1750,732.62,725.1580195676365,2469.110488812801,174.82592785827768,2537.5162439297837,95.69852049949739,75.29853841863253,377.5566360066952,16.105203170309657,2700,12.526953641447143,0.13313877195936064
1751,732.63,725.1586698408166,2469.090126931229,174.82456174184543,2537.5159114714515,95.69842829736163,75.2985329577049,377.83230282758865,16.10540735336996,2700,12.526810087688833,0.13313877195936064
1752,732.64,725.1593143335707,2469.0698060068166,174.82319842710905,2537.515579016037,95.69833609597246,75.29852811685677,378.1079665495041,16.105611536523956,2700,12.526666043141189,0.13313877195936064
1753,732.65,725.1599530322718,2469.049526102196,174.82183791833145,2537.515246563544,95.69824389532984,75.29852389704529,378.3836271640086,16.10581571977371,2700,12.526521508631225,0.13313877195936064
1754,732.66,725.1605859295369,2469.0292872797454,174.82048021980233,2537.514914113975,95.69815169543376,75.29852029922476,378.6592846626904,16.10601990312129,2700,12.526376484987605,0.13313877195936064
1755,732.67,725.1612130180068,2469.009089601654,174.8191253357106,2537.5145816673307,95.6980594962842,75.29851732434513,378.934939037159,16.106224086568762,2700,12.526230973040617,0.13313877195936064
1756,732.68,725.1618342888138,2468.9889331298264,174.8177732704105,2537.5142492236137,95.69796729788116,75.29851497335268,379.2105902790453,16.106428270118194,2700,12.526084973622178,0.13313877195936064
1757,732.69,725.1624497300174,2468.968817925922,174.81642402807253,2537.513916782826,95.69787510022462,75.2985132471902,379.48623838000134,16.10663245377166,2700,12.525938487565835,0.13313877195936064
1758,732.7,725.1630593359195,2468.948744051366,174.81507761282785,2537.513584344968,95.69778290331458,75.29851214679718,379.7618833317007,16.10683663753123,2700,12.525791515706745,0.13313877195936064
1759,732.71,725.1636630946437,2468.92871156737,174.81373402897142,2537.513251910044,95.69769070715101,75.29851167310854,380.0375251258381,16.107040821398986,2700,12.525644058881683,0.13313877195936064
1760,732.72,725.1642610005625,2468.9087205348414,174.8123932806148,2537.5129194780543,95.69759851173389,75.29851182705644,380.31316375412973,16.107245005377003,2700,12.52549611792903,0.13313877195936064
1761,732.73,725.1648530449726,2468.888771014501,174.8110553719541,2537.512587049003,95.69750631706322,75.29851260956853,380.5887992083132,16.107449189467356,2700,12.525347693688774,0.13313877195936064
1762,732.74,725.165439216107,2468.868863066775,174.80972030706485,2537.512254622888,95.697414123139,75.2985140215692,380.8644314801476,16.107653373672132,2700,12.525198787002488,0.13313877195936064
1763,732.75,725.1660195099886,2468.848996751871,174.80838809019735,2537.5119221997165,95.69732192996119,75.29851606397953,381.1400605614132,16.10785755799341,2700,12.525049398713351,0.13313877195936064
1764,732.76,725.1665939118081,2468.829172129779,174.80705872529953,2537.511589779487,95.69722973752978,75.2985187377159,381.4156864439119,16.108061742433275,2700,12.52489952966612,0.13313877195936064
1765,732.77,725.1671624176624,2468.80938926018,174.80573221657812,2537.5112573622014,95.6971375458448,75.29852204369234,381.69130911946723,16.108265926993816,2700,12.524749180707131,0.13313877195936064
1766,732.78,725.1677250190149,2468.789648202595,174.80440856800394,2537.510924947863,95.69704535490618,75.29852598281789,381.9669285799239,16.108470111677118,2700,12.524598352684311,0.13313877195936064
1767,732.79,725.168281705823,2468.769949016214,174.8030877837043,2537.5105925364733,95.69695316471393,75.29853055599854,382.24254481714837,16.108674296485276,2700,12.524447046447136,0.13313877195936064
1768,732.8,725.1688324680733,2468.750291760029,174.80176986774646,2537.5102601280346,95.69686097526802,75.29853576413662,382.5181578230285,16.108878481420376,2700,12.524295262846667,0.13313877195936064
1769,732.8100000000001,725.1693772988879,2468.7306764927894,174.80045482409346,2537.509927722548,95.69676878656847,75.2985416081308,382.7937675894739,16.109082666484518,2700,12.524143002735514,0.13313877195936064
1770,732.82,725.1699161914246,2468.7111032729995,174.79914265671974,2537.5095953200166,95.69667659861526,75.29854808887573,383.06937410841545,16.109286851679794,2700,12.523990266967848,0.13313877195936064
1771,732.83,725.1704491357743,2468.6915721588957,174.79783336970257,2537.5092629204414,95.69658441140834,75.29855520726235,383.34497737180584,16.1094910370083,2700,12.523837056399385,0.13313877195936064
1772,732.84,725.1709761236145,2468.672083208477,174.7965269669906,2537.5089305238225,95.69649222494773,75.29856296417832,383.62057737161945,16.10969522247214,2700,12.523683371887389,0.13313877195936064
1773,732.85,725.1714971482032,2468.6526364795145,174.79522345244476,2537.5085981301654,95.69640003923341,75.29857136050738,383.8961740998521,16.109899408073414,2700,12.523529214290663,0.13313877195936064
1774,732.86,725.1720121981815,2468.63323202953,174.79392283013135,2537.5082657394705,95.69630785426537,75.29858039712934,384.17176754852136,16.11010359381422,2700,12.523374584469543,0.13313877195936064
1775,732.87,725.1725212668805,2468.613869915777,174.79262510397334,2537.5079333517383,95.69621567004359,75.29859007492092,384.44735770966645,16.110307779696665,2700,12.523219483285892,0.13313877195936064
1776,732.88,725.1730243461087,2468.5945501953097,174.7913302777399,2537.507600966973,95.69612348656806,75.29860039475452,384.72294457534844,16.11051196572286,2700,12.5230639116031,0.13313877195936064
1777,732.89,725.1735214292669,2468.5752729248948,174.79003835543986,2537.507268585175,95.69603130383875,75.29861135749906,384.9985281376498,16.110716151894906,2700,12.52290787028607,0.13313877195936064
1778,732.9,725.1740125051319,2468.5560381610626,174.7887493409618,2537.5069362063464,95.69593912185567,75.29862296401954,385.27410838867513,16.110920338214914,2700,12.522751360201228,0.13313877195936064
1779,732.91,725.1744975687245,2468.5368459600986,174.78746323798205,2537.5066038304894,95.6958469406188,75.29863521517794,385.54968532055034,16.111124524684993,2700,12.522594382216498,0.13313877195936064
1780,732.92,725.1749766088863,2468.5176963780737,174.78618005057473,2537.506271457607,95.69575476012811,75.29864811183155,385.8252589254235,16.111328711307262,2700,12.522436937201308,0.13313877195936064
1781,732.93,725.1754496191568,2468.4985894707565,174.78489978235888,2537.505939087698,95.69566258038363,75.29866165483492,386.1008291954642,16.11153289808383,2700,12.522279026026586,0.13313877195936064
1782,732.94,725.1759165931022,2468.4795252937306,174.78362243726167,2537.505606720767,95.69557040138528,75.29867584503818,386.37639612286404,16.111737085016816,2700,12.522120649564746,0.13313877195936064
1783,732.95,725.1763775196729,2468.4605039022886,174.78234801906586,2537.505274356815,95.69547822313311,75.2986906832878,386.65195969983637,16.11194127210834,2700,12.521961808689692,0.13313877195936064
1784,732.96,725.1768323940616,2468.4415253514844,174.7810765314549,2537.504941995843,95.69538604562707,75.29870617042721,386.92751991861627,16.112145459360512,2700,12.521802504276815,0.13313877195936064
1785,732.97,725.177281203729,2468.4225896961657,174.77980797828405,2537.5046096378537,95.69529386886715,75.29872230729514,387.20307677146087,16.112349646775463,2700,12.52164273720297,0.13313877195936064
1786,732.98,725.177723947043,2468.403696990866,174.77854236326598,2537.5042772828483,95.69520169285333,75.29873909472775,387.478630250649,16.112553834355314,2700,12.521482508346491,0.13313877195936064
1787,732.99,725.1781606130832,2468.3848472899585,174.77727969003254,2537.5039449308306,95.69510951758564,75.2987565335561,387.75418034848167,16.112758022102184,2700,12.521321818587175,0.13313877195936064
1788,733.0,725.1785911909774,2468.3660406474746,174.77601996239022,2537.5036125818,95.69501734306401,75.29877462460865,388.0297270572815,16.112962210018203,2700,12.521160668806273,0.13313877195936064
1789,733.01,725.1790156791876,2468.347277117271,174.7747631840189,2537.503280235759,95.69492516928845,75.29879336871021,388.30527036939316,16.1131663981055,2700,12.520999059886499,0.13313877195936064
1790,733.02,725.179434063796,2468.328556752967,174.7735093585477,2537.5029478927104,95.69483299625894,75.29881276668056,388.58081027718333,16.113370586366194,2700,12.520836992712013,0.13313877195936064
1791,733.03,725.179846341793,2468.309879607846,174.77225848964943,2537.5026155526543,95.69474082397548,75.29883281933746,388.8563467730407,16.113574774802427,2700,12.520674468168416,0.13313877195936064
1792,733.04,725.1802525039807,2468.2912457350635,174.7710105809201,2537.502283215595,95.69464865243805,75.29885352749356,389.13187984937565,16.113778963416326,2700,12.52051148714275,0.13313877195936064
1793,733.05,725.1806525412096,2468.272655187426,174.76976563603975,2537.501950881532,95.69455648164663,75.29887489195853,389.40740949862095,16.113983152210025,2700,12.520348050523488,0.13313877195936064
1794,733.0600000000001,725.1810464490112,2468.2541080175542,174.76852365857593,2537.5016185504683,95.69446431160121,75.29889691353837,389.68293571323113,16.114187341185655,2700,12.520184159200538,0.13313877195936064
1795,733.07,725.1814342182975,2468.2356042778215,174.76728465211642,2537.501286222405,95.69437214230177,75.29891959303478,389.9584584856829,16.11439153034536,2700,12.520019814065222,0.13313877195936064
1796,733.08,725.1818158384668,2468.2171440203188,174.76604862024794,2537.500953897344,95.69427997374832,75.29894293124622,390.23397780847495,16.114595719691277,2700,12.51985501601028,0.13313877195936064
1797,733.09,725.1821913082592,2468.1987272969172,174.7648155665352,2537.5006215752874,95.69418780594083,75.29896692896773,390.5094936741282,16.11479990922554,2700,12.51968976592987,0.13313877195936064
1798,733.1,725.1825606140317,2468.1803541592694,174.76358549444524,2537.5002892562366,95.69409563887926,75.29899158698937,390.7850060751853,16.11500409895029,2700,12.519524064719548,0.13313877195936064
1799,733.11,725.1829237530501,2468.1620246586926,174.76235840758048,2537.4999569401934,95.69400347256364,75.2990169060991,391.0605150042115,16.115208288867674,2700,12.519357913276277,0.13313877195936064
1800,733.12,725.183280714841,2468.143738846372,174.76113430937815,2537.4996246271608,95.69391130699391,75.29904288707974,391.33602045379365,16.115412478979835,2700,12.519191312498414,0.13313877195936064
1801,733.13,725.1836314936322,2468.1254967731434,174.75991320333938,2537.4992923171385,95.69381914217011,75.29906953071138,391.61152241654116,16.115616669288915,2700,12.519024263285706,0.13313877195936064
1802,733.14,725.1839760821275,2468.1072984896714,174.75869509293221,2537.4989600101294,95.6937269780922,75.29909683776981,391.88702088508546,16.115820859797065,2700,12.518856766539285,0.13313877195936064
1803,733.15,725.1843144715174,2468.0891440463333,174.75747998161495,2537.498627706135,95.69363481476014,75.29912480902726,392.16251585208005,16.11602505050643,2700,12.518688823161664,0.13313877195936064
1804,733.16,725.1846466592315,2468.0710334932646,174.75626787283173,2537.4982954051566,95.69354265217397,75.29915344525251,392.43800731020076,16.116229241419155,2700,12.518520434056725,0.13313877195936064
1805,733.17,725.1849726318704,2468.052966880387,174.75505876997548,2537.4979631071983,95.69345049033362,75.29918274720977,392.7134952521455,16.116433432537402,2700,12.51835160012973,0.13313877195936064
1806,733.18,725.1852923838356,2468.0349442573042,174.7538526764589,2537.497630812257,95.6933583292391,75.29921271566081,392.9889796706345,16.116637623863316,2700,12.518182322287288,0.13313877195936064
1807,733.19,725.1856059111024,2468.016965673473,174.7526495956998,2537.4972985203394,95.69326616889042,75.29924335136276,393.2644605584102,16.116841815399052,2700,12.518012601437384,0.13313877195936064
1808,733.2,725.1859132034815,2467.999031178032,174.7514495310091,2537.496966231445,95.69317400928752,75.29927465506883,393.5399379082372,16.11704600714676,2700,12.517842438489344,0.13313877195936064
1809,733.21,725.1862142570286,2467.9811408198657,174.75025248577558,2537.496633945576,95.69308185043042,75.29930662752933,393.8154117129025,16.117250199108607,2700,12.517671834353846,0.13313877195936064
1810,733.22,725.1865090600658,2467.9632946476713,174.74905846326854,2537.496301662733,95.69298969231909,75.29933926948996,394.0908819652154,16.117454391286746,2700,12.517500789942906,0.13313877195936064
1811,733.23,725.186797610269,2467.9454927098323,174.74786746690233,2537.4959693829187,95.69289753495352,75.29937258169372,394.36634865800727,16.11765858368333,2700,12.51732930616988,0.13313877195936064
1812,733.24,725.1870798975806,2467.9277350545617,174.74667949989578,2537.495637106135,95.6928053783337,75.29940656487867,394.6418117841321,16.117862776300527,2700,12.517157383949458,0.13313877195936064
1813,733.25,725.1873559166428,2467.910021729743,174.7454945655491,2537.4953048323828,95.69271322245963,75.29944121978015,394.91727133646594,16.118066969140493,2700,12.516985024197647,0.13313877195936064
1814,733.26,725.1876256605728,2467.892352783079,174.74431266717272,2537.4949725616643,95.69262106733125,75.29947654712917,395.1927273079073,16.118271162205392,2700,12.516812227831785,0.13313877195936064
1815,733.27,725.1878891209745,2467.8747282619884,174.74313380797196,2537.494640293982,95.69252891294859,75.29951254765321,395.46817969137714,16.118475355497388,2700,12.516638995770517,0.13313877195936064
1816,733.28,725.1881462925892,2467.8571482136545,174.74195799113744,2537.4943080293347,95.6924367593116,75.29954922207615,395.7436284798186,16.11867954901865,2700,12.516465328933801,0.13313877195936064
1817,733.29,725.1883971670877,2467.8396126850275,174.74078521996685,2537.493975767727,95.69234460642029,75.29958657111779,396.01907366619724,16.118883742771345,2700,12.516291228242903,0.13313877195936064
1818,733.3,725.1886417392817,2467.8221217227833,174.73961549761114,2537.4936435091595,95.69225245427465,75.29962459549454,396.29451524350117,16.119087936757634,2700,12.51611669462038,0.13313877195936064
1819,733.3100000000001,725.18888000091,2467.804675373374,174.73844882727334,2537.4933112536346,95.69216030287465,75.2996632959187,396.5699532047408,16.11929213097969,2700,12.515941728990088,0.13313877195936064
1820,733.32,725.1891119484068,2467.787273682985,174.73728521214178,2537.4929790011515,95.69206815222027,75.29970267309932,396.845387542949,16.119496325439687,2700,12.51576633227717,0.13313877195936064
1821,733.33,725.1893375720271,2467.7699166975813,174.73612465524607,2537.4926467517153,95.69197600231153,75.29974272774105,397.12081825118105,16.11970052013979,2700,12.515590505408051,0.13313877195936064
1822,733.34,725.1895568651715,2467.7526044628426,174.7349671598611,2537.4923145053244,95.69188385314838,75.29978346054556,397.39624532251474,16.11990471508218,2700,12.515414249310433,0.13313877195936064
1823,733.35,725.1897698228198,2467.7353370242467,174.7338127290039,2537.491982261984,95.69179170473082,75.29982487221041,397.67166875005023,16.120108910269018,2700,12.515237564913292,0.13313877195936064
1824,733.36,725.1899764384372,2467.7181144270035,174.73266136582106,2537.4916500216914,95.69169955705884,75.29986696342924,397.9470885269103,16.12031310570249,2700,12.51506045314687,0.13313877195936064
1825,733.37,725.1901767039736,2467.700936716065,174.73151307338227,2537.4913177844523,95.6916074101324,75.29990973489213,398.2225046462401,16.12051730138477,2700,12.51488291494267,0.13313877195936064
1826,733.38,725.1903706129643,2467.683803936144,174.7303678548051,2537.4909855502656,95.69151526395152,75.29995318728561,398.4979171012074,16.120721497318033,2700,12.514704951233446,0.13313877195936064
1827,733.39,725.1905581620805,2467.666716131724,174.72922571296624,2537.490653319134,95.69142311851616,75.29999732129232,398.7733258850024,16.120925693504457,2700,12.51452656295321,0.13313877195936064
1828,733.4,725.1907393418222,2467.649673347028,174.72808665110728,2537.4903210910593,95.69133097382633,75.30004213759074,399.0487309908379,16.121129889946225,2700,12.514347751037215,0.13313877195936064
1829,733.41,725.1909141458316,2467.632675626006,174.72695067207624,2537.489988866043,95.69123882988198,75.30008763685639,399.3241324119493,16.12133408664552,2700,12.514168516421954,0.13313877195936064
1830,733.42,725.1910825693291,2467.615723012411,174.72581777892356,2537.4896566440852,95.69114668668313,75.30013381976065,399.59953014159436,16.121538283604515,2700,12.513988860045151,0.13313877195936064
1831,733.43,725.191244604472,2467.5988155497266,174.72468797463648,2537.48932442519,95.69105454422974,75.30018068697095,399.8749241730536,16.121742480825397,2700,12.513808782845766,0.13313877195936064
1832,733.44,725.1914002465556,2467.5819532811697,174.7235612621922,2537.488992209358,95.69096240252182,75.30022823915141,400.1503144996301,16.121946678310355,2700,12.513628285763978,0.13313877195936064
1833,733.45,725.1915494878028,2467.5651362497447,174.72243764450383,2537.488659996589,95.69087026155933,75.300276476962,400.42570111464954,16.122150876061568,2700,12.513447369741177,0.13313877195936064
1834,733.46,725.1916923220267,2467.54836449818,174.72131712446486,2537.4883277868867,95.69077812134226,75.30032540105931,400.7010840114601,16.122355074081227,2700,12.51326603571998,0.13313877195936064
1835,733.47,725.1918287461762,2467.5316380689796,174.7201997050728,2537.487995580252,95.6906859818706,75.30037501209607,400.9764631834328,16.122559272371515,2700,12.513084284644199,0.13313877195936064
1836,733.48,725.191958749475,2467.514957004393,174.71908538920584,2537.487663376686,95.69059384314437,75.3004253107208,401.25183862396113,16.122763470934622,2700,12.51290211745885,0.13313877195936064
1837,733.49,725.1920823289462,2467.498321346395,174.71797417966175,2537.4873311761917,95.6905017051635,75.30047629757932,401.52721032646133,16.122967669772738,2700,12.51271953511015,0.13313877195936064
1838,733.5,725.1921994785334,2467.48173113678,174.7168660794042,2537.4869989787694,95.690409567928,75.3005279733127,401.80257828437215,16.12317186888805,2700,12.512536538545502,0.13313877195936064
1839,733.51,725.1923101906733,2467.4651864170246,174.71576109118737,2537.486666784421,95.69031743143786,75.30058033855867,402.0779424911552,16.123376068282756,2700,12.512353128713494,0.13313877195936064
1840,733.52,725.1924144593845,2467.448687228396,174.71465921787248,2537.4863345931476,95.69022529569305,75.30063339395141,402.35330294029467,16.123580267959042,2700,12.5121693065639,0.13313877195936064
1841,733.53,725.1925122802702,2467.4322336119176,174.71356046230707,2537.4860024049513,95.69013316069356,75.30068714012114,402.6286596252975,16.123784467919105,2700,12.511985073047658,0.13313877195936064
1842,733.54,725.1926036458667,2467.4158256083524,174.71246482723203,2537.4856702198344,95.69004102643939,75.30074157769418,402.9040125396932,16.123988668165136,2700,12.511800429116882,0.13313877195936064
1843,733.55,725.1926885502983,2467.3994632582135,174.71137231543358,2537.4853380377963,95.68994889293052,75.30079670729344,403.1793616770343,16.124192868699335,2700,12.511615375724853,0.13313877195936064
1844,733.5600000000001,725.1927669892726,2467.383146601779,174.71028292964183,2537.4850058588404,95.68985676016692,75.30085252953796,403.45470703089575,16.124397069523894,2700,12.511429913826001,0.13313877195936064
1845,733.57,725.192838956981,2467.366875679083,174.70919667264525,2537.484673682967,95.68976462814858,75.30090904504286,403.7300485948754,16.124601270641012,2700,12.511244044375916,0.13313877195936064
1846,733.58,725.1929044445476,2467.3506505298897,174.70811354718796,2537.4843415101773,95.68967249687549,75.30096625441962,404.00538636259387,16.124805472052888,2700,12.511057768331327,0.13313877195936064
1847,733.59,725.1929634493376,2467.3344711937325,174.70703355597445,2537.484009340475,95.68958036634764,75.30102415827648,404.28072032769444,16.125009673761717,2700,12.510871086650114,0.13313877195936064
1848,733.6,725.1930159656417,2467.3183377099226,174.70595670162234,2537.483677173859,95.689488236565,75.30108275721707,404.55605048384336,16.125213875769706,2700,12.51068400029129,0.13313877195936064
1849,733.61,725.1930619846913,2467.302250117475,174.70488298680675,2537.483345010333,95.68939610752757,75.30114205184171,404.83137682472943,16.125418078079047,2700,12.510496510214999,0.13313877195936064
1850,733.62,725.1931015055054,2467.286208455183,174.70381241431383,2537.483012849897,95.68930397923535,75.30120204274738,405.1066993440644,16.125622280691953,2700,12.510308617382506,0.13313877195936064
1851,733.63,725.1931345178243,2467.2702127616226,174.70274498666623,2537.4826806925525,95.68921185168827,75.30126273052633,405.38201803558275,16.125826483610613,2700,12.5101203227562,0.13313877195936064
1852,733.64,725.1931610176388,2467.254263075052,174.701680706512,2537.482348538302,95.68911972488637,75.30132411576821,405.6573328930419,16.12603068683724,2700,12.509931627299586,0.13313877195936064
1853,733.65,725.1931810009635,2467.2383594335583,174.70061957643674,2537.4820163871473,95.68902759882961,75.30138619905813,405.93264391022194,16.126234890374036,2700,12.50974253197728,0.13313877195936064
1854,733.66,725.1931944623042,2467.2225018749396,174.69956159909364,2537.481684239088,95.68893547351797,75.30144898097758,406.2079510809259,16.126439094223205,2700,12.509553037754992,0.13313877195936064
1855,733.67,725.1932013930948,2467.2066904367407,174.6985067770613,2537.481352094126,95.68884334895145,75.30151246210444,406.4832543989797,16.126643298386956,2700,12.50936314559954,0.13313877195936064
1856,733.68,725.1932017910121,2467.1909251562834,174.69745511280115,2537.481019952263,95.68875122513005,75.30157664301322,406.758553858232,16.126847502867495,2700,12.509172856478827,0.13313877195936064
1857,733.69,725.1931956491062,2467.1752060706517,174.69640660896397,2537.4806878135014,95.6886591020537,75.3016415242739,407.0338494525544,16.127051707667025,2700,12.508982171361854,0.13313877195936064
1858,733.7,725.1931829620228,2467.159533216648,174.6953612679578,2537.480355677841,95.68856697972245,75.30170710645335,407.30914117584143,16.127255912787756,2700,12.508791091218693,0.13313877195936064
1859,733.71,725.1931637259864,2467.1439066308517,174.69431909238943,2537.480023545286,95.68847485813625,75.30177339011448,407.5844290220104,16.1274601182319,2700,12.508599617020497,0.13313877195936064
1860,733.72,725.1931379341557,2467.128326349596,174.69328008463438,2537.479691415835,95.68838273729507,75.30184037581628,407.8597129850016,16.12766432400167,2700,12.508407749739488,0.13313877195936064
1861,733.73,725.1931055828294,2467.1127924089524,174.6922442473082,2537.4793592894903,95.68829061719893,75.30190806411447,408.13499305877815,16.12786853009927,2700,12.50821549034896,0.13313877195936064
1862,733.74,725.1930666636804,2467.0973048447686,174.69121158278233,2537.479027166253,95.6881984978478,75.30197645556052,408.4102692373262,16.128072736526914,2700,12.508022839823258,0.13313877195936064
1863,733.75,725.1930211730764,2467.081863692621,174.69018209350025,2537.4786950461257,95.68810637924165,75.30204555070274,408.68554151465474,16.128276943286814,2700,12.507829799137786,0.13313877195936064
1864,733.76,725.1929691074137,2467.066468987875,174.68915578189322,2537.4783629291087,95.68801426138049,75.30211535008516,408.96080988479576,16.128481150381184,2700,12.507636369269001,0.13313877195936064
1865,733.77,725.1929104600259,2467.051120765616,174.68813265029283,2537.478030815204,95.68792214426428,75.3021858542481,409.23607434180417,16.128685357812238,2700,12.507442551194394,0.13313877195936064
1866,733.78,725.1928452258317,2467.0358190606794,174.6871127012241,2537.4776987044124,95.68783002789301,75.30225706372852,409.5113348797577,16.12888956558219,2700,12.507248345892505,0.13313877195936064
1867,733.79,725.1927734013326,2467.0205639076876,174.68609593699261,2537.477366596737,95.6877379122667,75.30232897905947,409.78659149275734,16.129093773693253,2700,12.5070537543429,0.13313877195936064
1868,733.8,725.1926949784115,2467.0053553409966,174.68508235990336,2537.4770344921753,95.6876457973853,75.30240160077004,410.06184417492676,16.129297982147644,2700,12.506858777526174,0.13313877195936064
1869,733.8100000000001,725.1926099536429,2466.9901933947035,174.68407197238432,2537.476702390733,95.6875536832488,75.30247492938611,410.3370929204128,16.129502190947584,2700,12.50666341642394,0.13313877195936064
1870,733.82,725.1925183236306,2466.9750781027037,174.68306477670512,2537.4763702924092,95.68746156985718,75.30254896542932,410.61233772338517,16.129706400095284,2700,12.50646767201884,0.13313877195936064
1871,733.83,725.1924200834662,2466.960009498599,174.6820607751898,2537.476038197205,95.68736945721042,75.30262370941765,410.8875785780366,16.12991060959296,2700,12.50627154529451,0.13313877195936064
1872,733.84,725.1923152236203,2466.944987615762,174.68105997002425,2537.475706105123,95.68727734530854,75.30269916186539,411.1628154785829,16.130114819442838,2700,12.506075037235606,0.13313877195936064
1873,733.85,725.1922037454588,2466.9300124873107,174.68006236361288,2537.475374016164,95.6871852341515,75.30277532328378,411.4380484192628,16.130319029647133,2700,12.50587814882777,0.13313877195936064
1874,733.86,725.1920856395135,2466.9150841461746,174.67906795813627,2537.475041930328,95.68709312373927,75.3028521941789,411.7132773943382,16.130523240208067,2700,12.505680881057652,0.13313877195936064
1875,733.87,725.1919609025728,2466.9002026249345,174.6780767558843,2537.474709847621,95.68700101407185,75.30292977505448,411.9885023980938,16.130727451127854,2700,12.505483234912884,0.13313877195936064
1876,733.88,725.1918295329962,2466.885367956021,174.6770887590116,2537.4743777680383,95.68690890514924,75.30300806640984,412.26372342483745,16.130931662408724,2700,12.505285211382082,0.13313877195936064
1877,733.89,725.191691519875,2466.8705801715714,174.6761039698455,2537.4740456915843,95.68681679697141,75.30308706874025,412.5389404689002,16.13113587405289,2700,12.505086811454845,0.13313877195936064
1878,733.9,725.1915468631994,2466.855839303455,174.67512239038354,2537.473713618261,95.68672468953832,75.3031667825385,412.81415352463586,16.131340086062583,2700,12.504888036121738,0.13313877195936064
1879,733.91,725.1913955567754,2466.841145383384,174.6741440229104,2537.4733815480686,95.68663258285001,75.30324720829218,413.08936258642154,16.131544298440016,2700,12.504688886374295,0.13313877195936064
1880,733.92,725.1912375960096,2466.8264984427246,174.6731688696128,2537.473049481008,95.68654047690643,75.30332834648601,413.3645676486573,16.131748511187418,2700,12.50448936320501,0.13313877195936064
1881,733.93,725.1910729763339,2466.811898512652,174.67219693250433,2537.4727174170807,95.68644837170756,75.30341019760083,413.63976870576624,16.131952724307013,2700,12.504289467607343,0.13313877195936064
1882,733.94,725.1909016932175,2466.797345624089,174.67122821380354,2537.4723853562905,95.68635626725339,75.30349276211363,413.91496575219463,16.13215693780102,2700,12.504089200575693,0.13313877195936064
1883,733.95,725.1907237421644,2466.7828398077017,174.67026271555468,2537.472053298635,95.68626416354388,75.30357604049779,414.1901587824118,16.132361151671674,2700,12.503888563105413,0.13313877195936064
1884,733.96,725.1905391202638,2466.7683810939225,174.6693004398731,2537.471721244117,95.68617206057908,75.30366003322293,414.4653477909102,16.13256536592119,2700,12.50368755619279,0.13313877195936064
1885,733.97,725.1903478199837,2466.753969512938,174.6683413888285,2537.471389192737,95.68607995835892,75.30374474075472,414.74053277220526,16.132769580551802,2700,12.503486180835047,0.13313877195936064
1886,733.98,725.1901498400359,2466.739605094664,174.66738556444557,2537.471057144498,95.6859878568834,75.30383016355579,415.01571372083566,16.13297379556573,2700,12.503284438030336,0.13313877195936064
1887,733.99,725.1899451729554,2466.725287868828,174.66643296878328,2537.470725099401,95.68589575615252,75.3039163020841,415.29089063136314,16.133178010965203,2700,12.503082328777738,0.13313877195936064
1888,734.0,725.1897338175233,2466.7110178648463,174.66548360386992,2537.4703930574456,95.68580365616623,75.30400315679482,415.56606349837256,16.13338222675245,2700,12.50287985407724,0.13313877195936064
1889,734.01,725.1895157663436,2466.6967951119464,174.66453747170874,2537.470061018634,95.68571155692453,75.30409072813852,415.84123231647186,16.133586442929694,2700,12.502677014929754,0.13313877195936064
1890,734.02,725.1892910182665,2466.68261963906,174.66359457423084,2537.4697289829683,95.68561945842742,75.3041790165629,416.1163970802922,16.13379065949917,2700,12.502473812337094,0.13313877195936064
1891,734.03,725.1890595675155,2466.6684914749294,174.66265491348454,2537.4693969504483,95.68552736067487,75.30426802251112,416.3915577844878,16.133994876463102,2700,12.502270247301972,0.13313877195936064
1892,734.04,725.1888214083554,2466.654410647994,174.66171849129321,2537.469064921076,95.68543526366686,75.30435774642322,416.6667144237362,16.13419909382372,2700,12.502066320828003,0.13313877195936064
1893,734.05,725.1885765381834,2466.640377186491,174.66078530972578,2537.468732894853,95.68534316740339,75.30444818873546,416.9418669927378,16.134403311583252,2700,12.501862033919686,0.13313877195936064
1894,734.0600000000001,725.1883249544312,2466.6263911184064,174.6598553706686,2537.468400871781,95.68525107188444,75.30453934988009,417.2170154862163,16.13460752974393,2700,12.501657387582412,0.13313877195936064
1895,734.07,725.1880666514645,2466.6124524714655,174.65892867598865,2537.4680688518592,95.68515897710998,75.30463123028564,417.4921598989187,16.13481174830799,2700,12.501452382822446,0.13313877195936064
1896,734.08,725.1878016236831,2466.598561273146,174.65800522752934,2537.467736835091,95.68506688308001,75.30472383037726,417.767300225615,16.135015967277653,2700,12.501247020646932,0.13313877195936064
1897,734.09,725.1875298686224,2466.5847175507047,174.6570850272805,2537.467404821475,95.6849747897945,75.30481715057635,418.04243646109825,16.135220186655154,2700,12.50104130206388,0.13313877195936064
1898,734.1,725.1872513822988,2466.5709213311516,174.65616807701517,2537.467072811016,95.68488269725344,75.30491119130026,418.31756860018504,16.135424406442723,2700,12.500835228082162,0.13313877195936064
1899,734.11,725.1869661623195,2466.55717264123,174.65525437849615,2537.4667408037126,95.68479060545681,75.30500595296289,418.5926966377149,16.135628626642593,2700,12.50062879971151,0.13313877195936064
1900,734.12,725.1866742016682,2466.5434715074553,174.65434393368122,2537.4664087995657,95.68469851440462,75.30510143597412,418.8678205685505,16.135832847257,2700,12.500422017962508,0.13313877195936064
1901,734.13,725.1863754980205,2466.5298179560828,174.6534367443151,2537.4660767985783,95.68460642409681,75.30519764074083,419.1429403875779,16.136037068288168,2700,12.500214883846592,0.13313877195936064
1902,734.14,725.1860700475276,2466.516212013161,174.65253281210684,2537.4657448007506,95.68451433453342,75.30529456766544,419.41805608970617,16.136241289738336,2700,12.500007398376027,0.13313877195936064
1903,734.15,725.1857578463829,2466.502653704455,174.65163213898236,2537.465412806083,95.68442224571439,75.30539221714699,419.69316766986765,16.136445511609736,2700,12.499799562563929,0.13313877195936064
1904,734.16,725.18543889081,2466.489143055503,174.65073472657156,2537.465080814579,95.68433015763972,75.30549058958076,419.96827512301803,16.1366497339046,2700,12.499591377424233,0.13313877195936064
1905,734.17,725.1851131770679,2466.4756800915998,174.64984057653726,2537.4647488262376,95.68423807030938,75.30558968535836,420.243378444136,16.136853956625167,2700,12.499382843971706,0.13313877195936064
1906,734.18,725.1847807014495,2466.46226483779,174.64894969077204,2537.464416841061,95.68414598372338,75.30568950486766,420.5184776282235,16.13705817977366,2700,12.49917396322193,0.13313877195936064
1907,734.19,725.184441460282,2466.448897318879,174.64806207096305,2537.46408485905,95.6840538978817,75.30579004849288,420.7935726703057,16.137262403352324,2700,12.498964736191306,0.13313877195936064
1908,734.2,725.1840954483748,2466.435577559435,174.6471777186145,2537.4637528802064,95.6839618127843,75.30589131661446,421.0686635654311,16.137466627363388,2700,12.498755163897039,0.13313877195936064
1909,734.21,725.1837426636748,2466.4223055837683,174.64629663555567,2537.4634209045303,95.68386972843118,75.30599330960929,421.3437503086714,16.137670851809087,2700,12.49854524735714,0.13313877195936064
1910,734.22,725.1833831041632,2466.4090814159676,174.64541882340342,2537.4630889320238,95.68377764482233,75.30609602785034,421.6188328951215,16.13787507669166,2700,12.498334987590415,0.13313877195936064
1911,734.23,725.1830167616494,2466.3959050798503,174.6445442837061,2537.462756962686,95.68368556195772,75.30619947170673,421.8939113198995,16.138079302013338,2700,12.498124385616467,0.13313877195936064
1912,734.24,725.182643638841,2466.382776598991,174.64367301823722,2537.4624249965213,95.68359347983734,75.30630364154477,422.16898557814665,16.13828352777636,2700,12.497913442455683,0.13313877195936064
1913,734.25,725.1822637260569,2466.3696959967738,174.64280502848902,2537.4620930335286,95.68350139846117,75.30640853772562,422.4440556650277,16.138487753982957,2700,12.497702159129233,0.13313877195936064
1914,734.26,725.1818770260784,2466.356663296253,174.641940316072,2537.4617610737096,95.68340931782922,75.30651416060842,422.7191215757304,16.138691980635368,2700,12.497490536659058,0.13313877195936064
1915,734.27,725.1814835277395,2466.343678520336,174.64107888248233,2537.4614291170647,95.68331723794144,75.30662051054688,422.994183305466,16.13889620773583,2700,12.497278576067878,0.13313877195936064
1916,734.28,725.1810832354419,2466.3307416915836,174.640220729387,2537.4610971635966,95.68322515879782,75.30672758789292,423.2692408494687,16.139100435286572,2700,12.497066278379165,0.13313877195936064
1917,734.29,725.1806761411884,2466.317852832439,174.63936585825527,2537.460765213305,95.68313308039838,75.30683539299277,423.54429420299624,16.13930466328984,2700,12.49685364461717,0.13313877195936064
1918,734.3,725.1802622432443,2466.3050119649656,174.6385142706631,2537.4604332661925,95.68304100274304,75.30694392619053,423.8193433613294,16.139508891747866,2700,12.496640675806878,0.13313877195936064
1919,734.3100000000001,725.1798415383404,2466.2922191110893,174.6376659680029,2537.4601013222573,95.68294892583185,75.30705318782583,424.0943883197724,16.139713120662886,2700,12.496427372974036,0.13313877195936064
1920,734.32,725.1794140216978,2466.279474292444,174.63682095185652,2537.459769381503,95.68285684966473,75.30716317823479,424.3694290736526,16.139917350037138,2700,12.49621373714513,0.13313877195936064
1921,734.33,725.1789796932251,2466.2667775304326,174.63597922364502,2537.459437443931,95.68276477424172,75.3072738977501,424.64446561832074,16.140121579872858,2700,12.49599976934738,0.13313877195936064
1922,734.34,725.1785385466553,2466.2541288462285,174.6351407848733,2537.4591055095407,95.68267269956277,75.30738534670012,424.9194979491506,16.140325810172282,2700,12.495785470608745,0.13313877195936064
1923,734.35,725.1780905804184,2466.2415282607258,174.63430563685336,2537.458773578334,95.68258062562789,75.30749752541031,425.19452606153953,16.14053004093765,2700,12.495570841957907,0.13313877195936064
1924,734.36,725.1776357898653,2466.228975794627,174.63347378108136,2537.458441650311,95.68248855243704,75.30761043420185,425.46954995090795,16.140734272171198,2700,12.495355884424267,0.13313877195936064
1925,734.37,725.1771741750431,2466.2164714683495,174.6326452189763,2537.4581097254745,95.68239647999022,75.30772407339269,425.7445696126997,16.140938503875166,2700,12.49514059903795,0.13313877195936064
1926,734.38,725.1767057298212,2466.2040153020985,174.63181995196265,2537.457777803825,95.6823044082874,75.30783844329649,426.01958504238166,16.141142736051783,2700,12.494924986829785,0.13313877195936064
1927,734.39,725.1762304527638,2466.1916073158054,174.63099798125666,2537.457445885363,95.68221233732858,75.30795354422402,426.29459623544426,16.141346968703296,2700,12.494709048831306,0.13313877195936064
1928,734.4,725.1757483409114,2466.1792475292023,174.63017930836148,2537.4571139700906,95.68212026711372,75.30806937648173,426.5696031874011,16.141551201831934,2700,12.494492786074748,0.13313877195936064
1929,734.41,725.1752593928934,2466.166935961744,174.62936393453137,2537.456782058007,95.68202819764284,75.30818594037275,426.8446058937891,16.141755435439944,2700,12.49427619959304,0.13313877195936064
1930,734.42,725.1747635996139,2466.1546726326605,174.6285518611238,2537.456450149115,95.6819361289159,75.30830323619614,427.1196043501684,16.14195966952955,2700,12.494059290419802,0.13313877195936064
1931,734.43,725.174260965979,2466.1424575609217,174.62774308941874,2537.456118243413,95.68184406093287,75.30842126424838,427.39459855212255,16.142163904103004,2700,12.493842059589333,0.13313877195936064
1932,734.44,725.1737514845046,2466.1302907653217,174.62693762066976,2537.455786340906,95.68175199369375,75.30854002482047,427.66958849525815,16.142368139162535,2700,12.493624508136614,0.13313877195936064
1933,734.45,725.1732351524126,2466.1181722642987,174.62613545623364,2537.4554544415923,95.68165992719855,75.30865951820132,427.94457417520545,16.142572374710383,2700,12.493406637097294,0.13313877195936064
1934,734.46,725.1727119684961,2466.106102076156,174.62533659726637,2537.455122545474,95.6815678614472,75.30877974467559,428.21955558761755,16.142776610748786,2700,12.493188447507691,0.13313877195936064
1935,734.47,725.1721819300363,2466.094080218905,174.62454104505628,2537.45479065255,95.68147579643973,75.30890070452404,428.49453272817135,16.14298084727998,2700,12.492969940404787,0.13313877195936064
1936,734.48,725.1716450343486,2466.082106710318,174.62374880085295,2537.4544587628234,95.6813837321761,75.30902239802407,428.76950559256653,16.1431850843062,2700,12.492751116826216,0.13313877195936064
1937,734.49,725.1711012772297,2466.0701815679367,174.62295986578175,2537.454126876296,95.6812916686563,75.30914482544931,429.04447417652653,16.14338932182969,2700,12.492531977810264,0.13313877195936064
1938,734.5,725.1705506576129,2466.0583048090552,174.6221742410718,2537.453794992966,95.68119960588031,75.30926798706997,429.31943847579777,16.143593559852683,2700,12.492312524395864,0.13313877195936064
1939,734.51,725.1699931729131,2466.0464764507456,174.6213919279033,2537.4534631128363,95.68110754384811,75.30939188315223,429.59439848615,16.143797798377417,2700,12.492092757622583,0.13313877195936064
1940,734.52,725.1694288205812,2466.034696509813,174.62061292739506,2537.4531312359077,95.68101548255972,75.30951651395881,429.8693542033765,16.14400203740613,2700,12.49187267853063,0.13313877195936064
1941,734.53,725.1688575949976,2466.02296500284,174.6198372406902,2537.452799362181,95.68092342201508,75.30964187974868,430.1443056232935,16.144206276941055,2700,12.49165228816084,0.13313877195936064
1942,734.54,725.1682794983336,2466.0112819461556,174.61906486892775,2537.452467491657,95.68083136221418,75.30976798077762,430.4192527417409,16.144410516984433,2700,12.491431587554667,0.13313877195936064
1943,734.55,725.1676945265858,2465.9996473558854,174.61829581326134,2537.452135624336,95.68073930315703,75.3098948172968,430.6941955545816,16.1446147575385,2700,12.491210577754185,0.13313877195936064
1944,734.5600000000001,725.1671026757926,2465.9880612478496,174.61753007464708,2537.4518037602193,95.68064724484357,75.31002238955452,430.96913405770187,16.14481899860549,2700,12.490989259802085,0.13313877195936064
1945,734.57,725.1665039451218,2465.9765236376843,174.61676765425483,2537.4514718993096,95.68055518727384,75.3101506977954,431.2440682470115,16.145023240187648,2700,12.490767634741664,0.13313877195936064
1946,734.58,725.1658983306714,2465.9650345407736,174.6160085531831,2537.4511400416054,95.68046313044778,75.31027974225998,431.5189981184433,16.1452274822872,2700,12.490545703616817,0.13313877195936064
1947,734.59,725.1652858316824,2465.9535939722446,174.6152527723323,2537.4508081871095,95.68037107436538,75.3104095231856,431.79392366795344,16.14543172490639,2700,12.490323467472034,0.13313877195936064
1948,734.6,725.164666445871,2465.942201947007,174.61450031283474,2537.4504763358213,95.68027901902664,75.31054004080558,432.06884489152145,16.14563596804745,2700,12.490100927352403,0.13313877195936064
1949,734.61,725.1640401694415,2465.930858479711,174.61375117562963,2537.4501444877433,95.68018696443154,75.31067129534978,432.34376178515015,16.145840211712617,2700,12.489878084303589,0.13313877195936064
1950,734.62,725.1634070017313,2465.919563584781,174.61300536176282,2537.4498126428757,95.68009491058007,75.31080328704458,432.6186743448656,16.14604445590413,2700,12.489654939371844,0.13313877195936064
1951,734.63,725.162766939008,2465.908317276403,174.61226287214015,2537.449480801219,95.68000285747218,75.31093601611232,432.8935825667173,16.146248700624216,2700,12.489431493603993,0.13313877195936064
1952,734.64,725.1621199822307,2465.8971195685112,174.61152370779217,2537.4491489627744,95.67991080510787,75.31106948277223,433.16848644677793,16.14645294587512,2700,12.489207748047424,0.13313877195936064
1953,734.65,725.1614661246298,2465.8859704748274,174.61078786957978,2537.4488171275425,95.67981875348714,75.31120368723913,433.44338598114336,16.14665719165907,2700,12.488983703750096,0.13313877195936064
1954,734.66,725.1608053703371,2465.8748700087854,174.61005535857296,2537.4484852955243,95.67972670260995,75.3113386297254,433.718281165933,16.14686143797831,2700,12.488759361760524,0.13313877195936064
1955,734.67,725.1601377095428,2465.8638181836577,174.60932617552956,2537.4481534667207,95.67963465247631,75.31147431043823,433.9931719972894,16.147065684835063,2700,12.488534723127774,0.13313877195936064
1956,734.68,725.159463146449,2465.8528150123793,174.6086003213267,2537.4478216411335,95.67954260308619,75.31161072958301,434.2680584713784,16.14726993223157,2700,12.48830978890146,0.13313877195936064
1957,734.69,725.1587816759655,2465.8418605077654,174.60787779696076,2537.4474898187623,95.67945055443955,75.31174788735972,434.54294058438927,16.147474180170068,2700,12.48808456013174,0.13313877195936064
1958,734.7,725.158093297707,2465.8309546822743,174.60715860319317,2537.4471579996084,95.67935850653643,75.31188578396592,434.8178183325344,16.147678428652785,2700,12.487859037869312,0.13313877195936064
1959,734.71,725.1573980082057,2465.8200975482087,174.60644274097598,2537.446826183673,95.67926645937676,75.31202441959493,435.09269171204954,16.14788267768196,2700,12.487633223165396,0.13313877195936064
1960,734.72,725.1566958086902,2465.809289117591,174.60573021101763,2537.4464943709568,95.67917441296055,75.31216379443694,435.36756071919365,16.148086927259822,2700,12.487407117071742,0.13313877195936064
1961,734.73,725.1559866926578,2465.7985294022396,174.60502101421966,2537.4461625614604,95.67908236728779,75.31230390867779,435.6424253502492,16.148291177388604,2700,12.487180720640623,0.13313877195936064
1962,734.74,725.1552706629578,2465.7878184136857,174.60431515127303,2537.445830755185,95.67899032235843,75.31244476250082,435.9172856015217,16.148495428070543,2700,12.486954034924825,0.13313877195936064
1963,734.75,725.1545477131505,2465.7771561632944,174.6036126230016,2537.445498952131,95.6788982781725,75.3125863560844,436.1921414693401,16.148699679307864,2700,12.486727060977643,0.13313877195936064
1964,734.76,725.1538178446018,2465.7665426621143,174.60291343024252,2537.4451671523007,95.67880623472995,75.31272868960458,436.4669929500565,16.148903931102808,2700,12.486499799852878,0.13313877195936064
1965,734.77,725.1530810555951,2465.755977921031,174.60221757362115,2537.4448353556922,95.67871419203077,75.31287176323283,436.7418400400464,16.149108183457603,2700,12.486272252604827,0.13313877195936064
1966,734.78,725.152337344457,2465.7454619506293,174.60152505400382,2537.444503562308,95.67862215007494,75.31301557713742,437.01668273570846,16.14931243637448,2700,12.486044420288282,0.13313877195936064
1967,734.79,725.151586707991,2465.7349947612934,174.6008358719641,2537.444171772149,95.67853010886246,75.31316013148297,437.2915210334647,16.149516689855673,2700,12.485816303958524,0.13313877195936064
1968,734.8,725.1508291445863,2465.724576363166,174.6001500282465,2537.4438399852165,95.67843806839329,75.31330542643066,437.5663549297604,16.149720943903407,2700,12.485587904671315,0.13313877195936064
1969,734.8100000000001,725.1500646542161,2465.7142067661525,174.5994675235027,2537.4435082015098,95.67834602866743,75.31345146213789,437.8411844210641,16.149925198519917,2700,12.485359223482897,0.13313877195936064
1970,734.82,725.1492932353356,2465.703885979923,174.59878835848156,2537.443176421031,95.67825398968488,75.31359823875832,438.11600950386753,16.150129453707432,2700,12.485130261449978,0.13313877195936064
1971,734.83,725.1485148833327,2465.6936140138996,174.59811253385965,2537.4428446437805,95.67816195144556,75.31374575644209,438.39083017468585,16.15033370946818,2700,12.48490101962974,0.13313877195936064
1972,734.84,725.1477296013849,2465.6833908772687,174.5974400500353,2537.442512869759,95.67806991394953,75.31389401533627,438.66564643005734,16.150537965804393,2700,12.484671499079818,0.13313877195936064
1973,734.85,725.1469373849408,2465.6732165790204,174.59677090786846,2537.442181098967,95.67797787719672,75.31404301558327,438.94045826654354,16.150742222718296,2700,12.48444170085831,0.13313877195936064
1974,734.86,725.1461382341453,2465.663091127839,174.59610510786928,2537.441849331405,95.67788584118716,75.31419275732296,439.2152656807294,16.15094648021212,2700,12.484211626023757,0.13313877195936064
1975,734.87,725.1453321460659,2465.6530145322354,174.5954426506312,2537.441517567075,95.67779380592079,75.31434324069096,439.49006866922286,16.151150738288095,2700,12.483981275635157,0.13313877195936064
1976,734.88,725.1445191209102,2465.6429868004516,174.5947835367141,2537.441185805977,95.67770177139761,75.31449446581978,439.76486722865536,16.151354996948445,2700,12.483750650751931,0.13313877195936064
1977,734.89,725.1436991558138,2465.633007940515,174.59412776661978,2537.4408540481118,95.6776097376176,75.31464643283785,440.0396613556814,16.151559256195398,2700,12.48351975243395,0.13313877195936064
1978,734.9,725.1428722494999,2465.623077960198,174.59347534099606,2537.44052229348,95.67751770458075,75.31479914187041,440.3144510469789,16.15176351603118,2700,12.483288581741498,0.13313877195936064
1979,734.91,725.1420384022719,2465.6131968670484,174.59282626028912,2537.4401905420827,95.67742567228704,75.31495259303897,440.58923629924885,16.151967776458022,2700,12.483057139735298,0.13313877195936064
1980,734.92,725.1411976129183,2465.6033646683877,174.59218052492415,2537.4398587939213,95.67733364073646,75.31510678646131,440.8640171092156,16.152172037478138,2700,12.48282542747648,0.13313877195936064
1981,734.93,725.1403498787093,2465.593581371276,174.59153813556784,2537.439527048996,95.67724160992897,75.31526172225176,441.13879347362655,16.152376299093763,2700,12.482593446026593,0.13313877195936064
1982,734.94,725.1394952000504,2465.583846982556,174.59089909254482,2537.4391953073055,95.67714957986459,75.31541740052135,441.4135653892526,16.152580561307122,2700,12.482361196447588,0.13313877195936064
1983,734.95,725.1386335727228,2465.57416150885,174.5902633963977,2537.4388635688542,95.67705755054328,75.315573821377,441.6883328528876,16.15278482412043,2700,12.482128679801827,0.13313877195936064
1984,734.96,725.1377650003031,2465.5645249565173,174.58963104748128,2537.4385318336394,95.67696552196502,75.3157309849228,441.96309586134885,16.15298908753592,2700,12.481895897152055,0.13313877195936064
1985,734.97,725.1368894786367,2465.5549373317194,174.58900204629887,2537.4382001016647,95.6768734941298,75.3158888912582,442.2378544114767,16.153193351555814,2700,12.481662849561422,0.13313877195936064
1986,734.98,725.1360070067149,2465.545398640331,174.58837639325196,2537.43786837293,95.67678146703761,75.31604754048011,442.51260850013483,16.15339761618233,2700,12.481429538093453,0.13313877195936064
1987,734.99,725.1351175851036,2465.535908888044,174.58775408866774,2537.4375366474337,95.67668944068842,75.31620693268147,442.7873581242099,16.153601881417686,2700,12.48119596381206,0.13313877195936064
1988,735.0,725.1342212113033,2465.526468080295,174.58713513288473,2537.4372049251797,95.67659741508223,75.31636706795146,443.062103280612,16.153806147264113,2700,12.480962127781533,0.13313877195936064
1989,735.01,725.1333178859513,2465.5170762222815,174.58651952642495,2537.4368732061657,95.676505390219,75.31652794637613,443.33684396627444,16.154010413723828,2700,12.48072803106652,0.13313877195936064
1990,735.02,725.132407608163,2465.507733318987,174.5859072695086,2537.4365414903946,95.67641336609873,75.31668956803757,443.61158017815353,16.15421468079905,2700,12.480493674732044,0.13313877195936064
1991,735.03,725.1314903739865,2465.498439375138,174.5852983625215,2537.4362097778667,95.67632134272142,75.31685193301449,443.8863119132289,16.154418948491998,2700,12.480259059843481,0.13313877195936064
1992,735.04,725.1305661857081,2465.4891943952384,174.5846928056869,2537.4358780685825,95.676229320087,75.31701504138243,444.16103916850335,16.154623216804893,2700,12.480024187466569,0.13313877195936064
1993,735.05,725.1296350425395,2465.479998383586,174.58409059940968,2537.4355463625434,95.67613729819551,75.31717889321261,444.43576194100285,16.154827485739954,2700,12.479789058667386,0.13313877195936064
1994,735.0600000000001,725.1286969421809,2465.4708513441956,174.58349174387538,2537.4352146597485,95.67604527704691,75.31734348857316,444.7104802277765,16.155031755299397,2700,12.479553674512356,0.13313877195936064
1995,735.07,725.1277518823632,2465.4617532808775,174.58289623937605,2537.4348829601986,95.67595325664118,75.31750882752871,444.9851940258966,16.15523602548544,2700,12.479318036068245,0.13313877195936064
1996,735.08,725.126799867052,2465.452704197218,174.58230408622572,2537.4345512638956,95.67586123697829,75.31767491014045,445.2599033324585,16.155440296300295,2700,12.479082144402138,0.13313877195936064
1997,735.09,725.1258408924896,2465.4437040965677,174.58171528461492,2537.4342195708405,95.67576921805826,75.3178417364653,445.534608144581,16.155644567746187,2700,12.478846000581468,0.13313877195936064
1998,735.1,725.1248749596118,2465.434752982006,174.58112983468126,2537.4338878810327,95.67567719988106,75.31800930655758,445.80930845940577,16.15584883982532,2700,12.478609605673968,0.13313877195936064
1999,735.11,725.1239020662755,2465.4258508564403,174.58054773669596,2537.433556194472,95.67558518244665,75.3181776204675,446.08400427409777,16.15605311253992,2700,12.47837296074771,0.13313877195936064
2000,735.12,725.1229222119264,2465.416997722505,174.57996899081388,2537.433224511161,95.67549316575501,75.31834667824208,446.358695585845,16.15625738589219,2700,12.478136066871057,0.13313877195936064
2001,735.13,725.1219353975919,2465.4081935826293,174.5793935972988,2537.4328928310993,95.67540114980618,75.31851647992465,446.6333823918586,16.15646165988435,2700,12.477898925112687,0.13313877195936064
2002,735.14,725.1209416212301,2465.399438439001,174.57882155614155,2537.4325611542877,95.67530913460008,75.31868702555484,446.9080646893729,16.15666593451861,2700,12.477661536541579,0.13313877195936064
2003,735.15,725.1199408839366,2465.3907322935593,174.5782528676191,2537.432229480726,95.67521712013674,75.31885831516912,447.18274247564534,16.15687020979718,2700,12.477423902227006,0.13313877195936064
2004,735.16,725.1189331837327,2465.3820751480453,174.57768753171683,2537.431897810417,95.6751251064161,75.31903034880008,447.4574157479565,16.157074485722273,2700,12.47718602323853,0.13313877195936064
2005,735.17,725.1179185202278,2465.3734670039353,174.5771255487358,2537.4315661433598,95.67503309343817,75.31920312647715,447.73208450361,16.1572787622961,2700,12.476947900646001,0.13313877195936064
2006,735.18,725.1168968930597,2465.3649078625085,174.57656691852938,2537.4312344795553,95.67494108120295,75.31937664822601,448.00674873993256,16.15748303952087,2700,12.476709535519545,0.13313877195936064
2007,735.19,725.1158683050047,2465.3563977247945,174.5760116414046,2537.430902819003,95.67484906971038,75.31955091406893,448.28140845427407,16.15768731739879,2700,12.476470928929558,0.13313877195936064
2008,735.2,725.1148327511123,2465.3479365915973,174.5754597172217,2537.4305711617058,95.67475705896047,75.31972592402423,448.5560636440075,16.157891595932064,2700,12.476232081946716,0.13313877195936064
2009,735.21,725.1137902342258,2465.339524463465,174.57491114610676,2537.430239507662,95.6746650489532,75.31990167810773,448.8307143065289,16.15809587512291,2700,12.475992995641949,0.13313877195936064
2010,735.22,725.1127407525585,2465.3311613407773,174.57436592809876,2537.4299078568724,95.67457303968854,75.32007817633067,449.10536043925725,16.158300154973528,2700,12.47575367108645,0.13313877195936064
2011,735.23,725.111684305916,2465.322847223625,174.57382406321807,2537.4295762093398,95.6744810311665,75.32025541870148,449.3800020396348,16.15850443548612,2700,12.475514109351659,0.13313877195936064
2012,735.24,725.1106208956827,2465.314582111899,174.5732855513599,2537.429244565062,95.67438902338704,75.32043340522486,449.6546391051269,16.158708716662897,2700,12.475274311509272,0.13313877195936064
2013,735.25,725.1095505217245,2465.3063660052576,174.5727503925447,2537.428912924042,95.67429701635015,75.32061213590185,449.92927163322156,16.158912998506057,2700,12.475034278631222,0.13313877195936064
2014,735.26,725.1084731823911,2465.2981989031173,174.57221858690824,2537.4285812862786,95.67420501005581,75.32079161073021,450.20389962143037,16.15911728101781,2700,12.474794011789678,0.13313877195936064
2015,735.27,725.1073888776128,2465.2900808046743,174.57169013414804,2537.4282496517717,95.67411300450402,75.32097182970436,450.4785230672876,16.159321564200354,2700,12.474553512057046,0.13313877195936064
2016,735.28,725.1062976073512,2465.282011708913,174.57116503435685,2537.427918020524,95.67402099969475,75.32115279281498,450.7531419683506,16.15952584805589,2700,12.474312780505953,0.13313877195936064
2017,735.29,725.1051993716031,2465.2739916145674,174.570643287346,2537.427586392536,95.67392899562797,75.32133450004932,451.02775632219993,16.159730132586617,2700,12.47407181820925,0.13313877195936064
2018,735.3,725.1040941734997,2465.2660205201496,174.5701248931502,2537.427254767806,95.67383699230369,75.32151695139116,451.302366126439,16.15993441779474,2700,12.473830626240003,0.13313877195936064
2019,735.3100000000001,725.1029820084452,2465.2580984239435,174.56960985147668,2537.4269231463372,95.67374498972188,75.32170014682045,451.5769713786942,16.160138703682456,2700,12.473589205671486,0.13313877195936064
2020,735.32,725.1018628796394,2465.2502253239822,174.56909816230572,2537.4265915281267,95.67365298788249,75.32188408631457,451.8515720766151,16.160342990251962,2700,12.47334755757719,0.13313877195936064
2021,735.33,725.1007367856489,2465.2424012181323,174.56858982546913,2537.426259913179,95.67356098678556,75.32206876984651,452.1261682178742,16.160547277505454,2700,12.47310568303079,0.13313877195936064
2022,735.34,725.0996037266343,2465.2346261039675,174.56808484081097,2537.425928301492,95.67346898643105,75.32225419738629,452.40075980016684,16.160751565445132,2700,12.472863583106164,0.13313877195936064
2023,735.35,725.098463704333,2465.226899978874,174.56758320816704,2537.4255966930664,95.67337698681894,75.32244036890033,452.67534682121146,16.160955854073187,2700,12.472621258877384,0.13313877195936064
2024,735.36,725.097316715864,2465.2192228399986,174.56708492732912,2537.4252650879034,95.6732849879492,75.32262728435138,452.94992927874955,16.161160143391815,2700,12.472378711418697,0.13313877195936064
2025,735.37,725.096162766135,2465.2115946842496,174.56658999810995,2537.424933486004,95.67319298982184,75.32281494369934,453.22450717054545,16.16136443340321,2700,12.472135941804535,0.13313877195936064
2026,735.38,725.0950018507731,2465.2040155083405,174.56609842020873,2537.4246018873687,95.67310099243683,75.32300334689963,453.49908049438636,16.161568724109564,2700,12.4718929511095,0.13313877195936064
2027,735.39,725.0938339732025,2465.1964853087034,174.5656101934766,2537.424270291995,95.67300899579415,75.32319249390541,453.7736492480827,16.161773015513067,2700,12.471649740408372,0.13313877195936064
2028,735.4,725.0926591337667,2465.189004081617,174.5651253175864,2537.4239386998875,95.67291699989379,75.32338238466546,454.0482134294676,16.161977307615913,2700,12.471406310776082,0.13313877195936064
2029,735.41,725.091477329746,2465.18157182307,174.5646437923356,2537.4236071110454,95.67282500473573,75.32357301912546,454.32277303639717,16.16218160042029,2700,12.471162663287725,0.13313877195936064
2030,735.42,725.0902885646562,2465.1741885288507,174.56416561737834,2537.4232755254666,95.67273301031996,75.32376439722799,454.59732806675055,16.162385893928388,2700,12.470918799018552,0.13313877195936064
2031,735.43,725.0890928373858,2465.166854194552,174.5636907924827,2537.4229439431538,95.67264101664644,75.32395651891143,454.8718785184296,16.16259018814239,2700,12.470674719043958,0.13313877195936064
2032,735.44,725.0878901484142,2465.159568815476,174.56321931726097,2537.4226123641074,95.67254902371518,75.32414938411132,455.14642438935925,16.162794483064488,2700,12.470430424439476,0.13313877195936064
2033,735.45,725.086680501351,2465.152332386755,174.56275119138422,2537.4222807883284,95.67245703152614,75.32434299275964,455.42096567748723,16.162998778696863,2700,12.470185916280792,0.13313877195936064
2034,735.46,725.0854638905295,2465.145144903273,174.56228641457375,2537.4219492158163,95.67236504007933,75.32453734478439,455.69550238078426,16.1632030750417,2700,12.469941195643704,0.13313877195936064
2035,735.47,725.0842403227298,2465.1380063596685,174.56182498638412,2537.421617646571,95.6722730493747,75.32473244011146,455.9700344972438,16.16340737210119,2700,12.469696263604154,0.13313877195936064
2036,735.48,725.0830097954444,2465.1309167504296,174.56136690649066,2537.421286080594,95.67218105941225,75.32492827866166,456.2445620248822,16.163611669877508,2700,12.469451121238192,0.13313877195936064
2037,735.49,725.0817723077648,2465.1238760697174,174.56091217450486,2537.4209545178865,95.67208907019197,75.32512486035355,456.51908496173877,16.163815968372838,2700,12.469205769621992,0.13313877195936064
2038,735.5,725.0805278650071,2465.1168843115465,174.56046078995146,2537.420622958446,95.67199708171385,75.32532218510214,456.79360330587554,16.164020267589358,2700,12.468960209831842,0.13313877195936064
2039,735.51,725.0792764647645,2465.109941469699,174.56001275253186,2537.420291402275,95.67190509397786,75.32552025281817,457.0681170553774,16.164224567529253,2700,12.468714442944128,0.13313877195936064
2040,735.52,725.0780181062206,2465.1030475376697,174.5595680616492,2537.419959849375,95.67181310698398,75.32571906340998,457.3426262083522,16.164428868194697,2700,12.468468470035342,0.13313877195936064
2041,735.53,725.076752793236,2465.096202508809,174.55912671695827,2537.4196282997436,95.67172112073217,75.32591861678223,457.61713076293046,16.164633169587866,2700,12.468222292182073,0.13313877195936064
2042,735.54,725.0754805250499,2465.089406376218,174.55868871797267,2537.419296753384,95.67162913522247,75.32611891283564,457.8916307172655,16.164837471710943,2700,12.467975910460995,0.13313877195936064
2043,735.55,725.0742013040424,2465.0826591327436,174.55825406414348,2537.4189652102946,95.67153715045482,75.32631995146815,458.1661260695336,16.165041774566095,2700,12.467729325948875,0.13313877195936064
2044,735.5600000000001,725.0729151279631,2465.0759607710443,174.55782275503037,2537.4186336704756,95.67144516642921,75.32652173257385,458.4406168179337,16.165246078155505,2700,12.467482539722551,0.13313877195936064
2045,735.57,725.0716220023559,2465.0693112835347,174.55739479008395,2537.418302133929,95.67135318314564,75.32672425604407,458.71510296068755,16.165450382481335,2700,12.467235552858945,0.13313877195936064
2046,735.58,725.0703219234812,2465.0627106624443,174.55697016883988,2537.417970600654,95.67126120060405,75.32692752176571,458.9895844960395,16.165654687545764,2700,12.466988366435043,0.13313877195936064
2047,735.59,725.0690148953969,2465.056158899717,174.55654889064573,2537.4176390706516,95.67116921880448,75.32713152962351,459.264061422257,16.165858993350966,2700,12.466740981527895,0.13313877195936064
2048,735.6,725.0677009175268,2465.0496559871467,174.55613095507613,2537.4173075439217,95.67107723774689,75.3273362794978,459.53853373762996,16.1660632998991,2700,12.466493399214617,0.13313877195936064
2049,735.61,725.0663799893373,2465.0432019162463,174.55571636138322,2537.4169760204654,95.67098525743124,75.32754177126604,459.8130014404711,16.166267607192342,2700,12.466245620572371,0.13313877195936064
2050,735.62,725.0650521180755,2465.0367966783374,174.55530510908488,2537.4166445002816,95.67089327785754,75.32774800480249,460.0874645291159,16.166471915232858,2700,12.465997646678378,0.13313877195936064
2051,735.63,725.0637172970575,2465.030440264535,174.55489719759169,2537.4163129833714,95.67080129902578,75.32795497997687,460.3619230019225,16.16667622402281,2700,12.465749478609892,0.13313877195936064
2052,735.64,725.0623755320514,2465.0241326656565,174.55449262618345,2537.4159814697355,95.67070932093591,75.32816269665742,460.6363768572719,16.16688053356437,2700,12.465501117444214,0.13313877195936064
2053,735.65,725.0610268226336,2465.0178738724185,174.554091394347,2537.4156499593746,95.67061734358792,75.3283711547073,460.9108260935676,16.167084843859698,2700,12.465252564258673,0.13313877195936064
2054,735.66,725.0596711699799,2465.011663875208,174.55369350134745,2537.415318452289,95.67052536698183,75.32858035398719,461.1852707092359,16.167289154910954,2700,12.465003820130635,0.13313877195936064
2055,735.67,725.0583085768397,2465.0055026642513,174.55329894649125,2537.4149869484772,95.67043339111758,75.3287902943542,461.4597107027257,16.167493466720305,2700,12.46475488613748,0.13313877195936064
2056,735.68,725.056939042892,2464.9993902295387,174.55290772917905,2537.414655447941,95.67034141599518,75.32900097566186,461.73414607250845,16.167697779289906,2700,12.464505763356614,0.13313877195936064
2057,735.69,725.0555625694011,2464.993326560825,174.55251984860487,2537.4143239506816,95.6702494416146,75.32921239776074,462.00857681707856,16.167902092621915,2700,12.46425645286545,0.13313877195936064
2058,735.7,725.0541791576586,2464.987311647677,174.55213530422893,2537.4139924566975,95.67015746797583,75.32942456049783,462.28300293495283,16.168106406718493,2700,12.464006955741413,0.13313877195936064
2059,735.71,725.0527888089896,2464.9813454794194,174.55175409516067,2537.4136609659895,95.67006549507883,75.32963746371674,462.5574244246707,16.168310721581793,2700,12.463757273061926,0.13313877195936064
2060,735.72,725.0513915278516,2464.975428045162,174.5513762207009,2537.4133294785593,95.66997352292361,75.32985110725787,462.83184128479434,16.168515037213975,2700,12.46350740590442,0.13313877195936064
2061,735.73,725.0499873109768,2464.9695593338056,174.55100168015966,2537.412997994406,95.66988155151014,75.3300654909578,463.1062535139084,16.168719353617192,2700,12.463257355346304,0.13313877195936064
2062,735.74,725.0485761613375,2464.96373933399,174.55063047260415,2537.4126665135277,95.66978958083841,75.33028061465069,463.3806611106202,16.16892367079359,2700,12.46300712246499,0.13313877195936064
2063,735.75,725.0471580803762,2464.9579680342117,174.55026259739074,2537.412335035928,95.6696976109084,75.3304964781666,463.65506407355963,16.169127988745327,2700,12.462756708337864,0.13313877195936064
2064,735.76,725.0457330711265,2464.952245422686,174.54989805372978,2537.412003561607,95.6696056417201,75.33071308133248,463.92946240137906,16.169332307474548,2700,12.46250611404229,0.13313877195936064
2065,735.77,725.0443011335461,2464.9465714874354,174.54953684073254,2537.411672090564,95.66951367327347,75.33093042397178,464.2038560927534,16.169536626983408,2700,12.462255340655606,0.13313877195936064
2066,735.78,725.042862270729,2464.9409462162453,174.5491789575831,2537.411340622799,95.66942170556852,75.33114850590502,464.47824514638035,16.16974094727405,2700,12.462004389255116,0.13313877195936064
2067,735.79,725.0414164811424,2464.9353695967147,174.5488244033812,2537.4110091583125,95.66932973860521,75.33136732694891,464.7526295609798,16.169945268348624,2700,12.461753260918087,0.13313877195936064
2068,735.8,725.0399637679413,2464.929841616191,174.54847317731753,2537.4106776971053,95.66923777238354,75.33158688691745,465.0270093352944,16.170149590209267,2700,12.461501956721742,0.13313877195936064
2069,735.8100000000001,725.0385041358586,2464.924362261841,174.54812527858505,2537.4103462391768,95.66914580690349,75.33180718562079,465.30138446808917,16.17035391285813,2700,12.46125047774326,0.13313877195936064
2070,735.82,725.0370375803548,2464.9189315205895,174.54778070616777,2537.410014784527,95.66905384216503,75.33202822286555,465.5757549581517,16.17055823629735,2700,12.460998825059757,0.13313877195936064
2071,735.83,725.0355641093323,2464.9135493791196,174.5474394592173,2537.4096833331573,95.66896187816816,75.33224999845618,465.85012080429203,16.17076256052907,2700,12.460746999748306,0.13313877195936064
2072,735.84,725.0340837198565,2464.9082158239785,174.5471015367643,2537.4093518850686,95.66886991491285,75.33247251219227,466.12448200534254,16.17096688555543,2700,12.460495002885901,0.13313877195936064
2073,735.85,725.0325964167918,2464.9029308413947,174.54676693793206,2537.4090204402582,95.6687779523991,75.33269576387151,466.39883856015837,16.17117121137857,2700,12.460242835549483,0.13313877195936064
2074,735.86,725.0311022003676,2464.8976944174715,174.546435661788,2537.408688998729,95.66868599062688,75.3329197532873,466.6731904676168,16.17137553800062,2700,12.459990498815904,0.13313877195936064
2075,735.87,725.0296010724054,2464.8925065380295,174.54610770729786,2537.4083575604795,95.66859402959616,75.33314448023032,466.94753772661767,16.171579865423723,2700,12.459737993761948,0.13313877195936064
2076,735.88,725.0280930363001,2464.8873671887145,174.54578307348032,2537.408026125512,95.66850206930695,75.33336994448774,467.2218803360831,16.171784193650005,2700,12.459485321464316,0.13313877195936064
2077,735.89,725.0265780908287,2464.8822763549438,174.54546175936517,2537.407694693825,95.66841010975922,75.33359614584325,467.4962182949578,16.171988522681602,2700,12.459232482999615,0.13313877195936064
2078,735.9,725.0250562394529,2464.877234021906,174.54514376400746,2537.407363265418,95.66831815095294,75.33382308407782,467.7705516022089,16.172192852520645,2700,12.45897947944436,0.13313877195936064
2079,735.91,725.0235274872084,2464.8722401746086,174.54482908628253,2537.4070318402937,95.66822619288813,75.33405075896863,468.0448802568256,16.172397183169267,2700,12.45872631187497,0.13313877195936064
2080,735.92,725.0219918314137,2464.867294797814,174.54451772517314,2537.406700418449,95.66813423556472,75.33427917028935,468.3192042578197,16.17260151462959,2700,12.458472981367759,0.13313877195936064
2081,735.93,725.0204492756227,2464.8623978760547,174.54420967964685,2537.406368999888,95.66804227898274,75.33450831781133,468.59352360422537,16.172805846903746,2700,12.458219488998933,0.13313877195936064
2082,735.94,725.0188998218589,2464.857549393713,174.54390494861812,2537.4060375846084,95.66795032314214,75.33473820130182,468.86783829509886,16.173010179993856,2700,12.457965835844586,0.13313877195936064
2083,735.95,725.0173434752877,2464.8527493348997,174.54360353095234,2537.4057061726094,95.66785836804291,75.33496882052513,469.14214832951905,16.173214513902046,2700,12.457712022980687,0.13313877195936064
2084,735.96,725.0157802317937,2464.8479976835383,174.54330542568434,2537.405374763893,95.66776641368506,75.3352001752418,469.41645370658694,16.17341884863044,2700,12.457458051483083,0.13313877195936064
2085,735.97,725.0142100997055,2464.8432944232995,174.54301063158255,2537.4050433584607,95.66767446006854,75.33543226521039,469.69075442542584,16.173623184181157,2700,12.457203922427503,0.13313877195936064
2086,735.98,725.0126330765129,2464.8386395377293,174.5427191475755,2537.4047119563097,95.66758250719334,75.3356650901845,469.9650504851814,16.173827520556316,2700,12.456949636889526,0.13313877195936064
2087,735.99,725.0110491675068,2464.8340330100464,174.54243097251884,2537.404380557441,95.66749055505946,75.33589864991599,470.2393418850215,16.17403185775803,2700,12.456695195944606,0.13313877195936064
2088,736.0,725.0094583733402,2464.8294748233616,174.5421461051791,2537.4040491618557,95.66739860366688,75.3361329441524,470.5136286241361,16.174236195788428,2700,12.456440600668047,0.13313877195936064
2089,736.01,725.0078606947072,2464.824964960489,174.54186454451306,2537.403717769553,95.66730665301554,75.33636797263856,470.7879107017377,16.174440534649616,2700,12.456185852135002,0.13313877195936064
2090,736.02,725.0062561369793,2464.820503404088,174.54158628926064,2537.403386380534,95.66721470310549,75.33660373511614,471.0621881170609,16.174644874343706,2700,12.455930951420479,0.13313877195936064
2091,736.03,725.0046447024565,2464.8160901365895,174.54131133820437,2537.403054994798,95.66712275393667,75.33684023132302,471.3364608693624,16.174849214872815,2700,12.455675899599317,0.13313877195936064
2092,736.04,725.0030263903694,2464.8117251401904,174.54103969013107,2537.402723612345,95.66703080550906,75.3370774609942,471.610728957921,16.17505355623905,2700,12.4554206977462,0.13313877195936064
2093,736.05,725.0014012061822,2464.807408396893,174.54077134383465,2537.4023922331753,95.66693885782264,75.33731542386182,471.8849923820381,16.175257898444517,2700,12.455165346935642,0.13313877195936064
2094,736.0600000000001,724.9997691507301,2464.803139888511,174.54050629812033,2537.40206085729,95.66684691087744,75.33755411965404,472.1592511410368,16.17546224149133,2700,12.454909848241977,0.13313877195936064
2095,736.07,724.9981302264378,2464.7989195966074,174.5402445516136,2537.401729484688,95.66675496467339,75.33779354809639,472.4335052342627,16.175666585381595,2700,12.454654202739365,0.13313877195936064
2096,736.08,724.996484437304,2464.7947475025635,174.53998610318843,2537.40139811537,95.66666301921049,75.33803370891094,472.70775466108324,16.17587093011741,2700,12.454398411501783,0.13313877195936064
2097,736.09,724.9948317827078,2464.7906235875403,174.53973095138363,2537.4010667493353,95.66657107448874,75.33827460181642,472.9819994208882,16.176075275700878,2700,12.454142475603025,0.13313877195936064
2098,736.1,724.9931722682622,2464.7865478324748,174.53947909500297,2537.4007353865845,95.6664791305081,75.33851622652885,473.25623951308927,16.176279622134103,2700,12.453886396116678,0.13313877195936064
2099,736.11,724.9915058949535,2464.782520218132,174.53923053275892,2537.4004040271193,95.66638718726857,75.33875858276033,473.5304749371204,16.17648396941918,2700,12.453630174116142,0.13313877195936064
2100,736.12,724.9898326653533,2464.7785407250194,174.53898526327242,2537.4000726709373,95.66629524477011,75.3390016702203,473.8047056924374,16.176688317558213,2700,12.453373810674615,0.13313877195936064
2101,736.13,724.9881525820596,2464.7746093334713,174.5387432851643,2537.3997413180387,95.66620330301272,75.33924548861484,474.0789317785183,16.176892666553297,2700,12.453117306865074,0.13313877195936064
2102,736.14,724.9864656492515,2464.770726023596,174.53850459716563,2537.3994099684246,95.66611136199637,75.33949003764678,474.35315319486324,16.177097016406524,2700,12.4528606637603,0.13313877195936064
2103,736.15,724.984771866486,2464.7668907753005,174.5382691977719,2537.399078622096,95.66601942172107,75.33973531701565,474.62736994099413,16.177301367119984,2700,12.45260388243284,0.13313877195936064
2104,736.16,724.9830712395544,2464.763103568264,174.53803708575737,2537.3987472790504,95.66592748218679,75.33998132641828,474.90158201645505,16.177505718695773,2700,12.45234696395503,0.13313877195936064
2105,736.17,724.9813637680686,2464.7593643820005,174.53780825961044,2537.3984159392908,95.6658355433935,75.34022806554756,475.17578942081207,16.177710071135984,2700,12.452089909398975,0.13313877195936064
2106,736.18,724.9796494594318,2464.7556731957598,174.5375827178925,2537.3980846028144,95.66574360534118,75.34047553409407,475.44999215365317,16.177914424442694,2700,12.45183271983654,0.13313877195936064
2107,736.19,724.9779283117639,2464.7520299886405,174.5373604592754,2537.397753269623,95.66565166802984,75.34072373174415,475.72419021458836,16.178118778618,2700,12.451575396339365,0.13313877195936064
2108,736.2,724.9762003294265,2464.748434739467,174.5371414822678,2537.3974219397155,95.66555973145944,75.34097265818218,475.99838360324964,16.178323133663977,2700,12.45131793997884,0.13313877195936064
2109,736.21,724.9744655168004,2464.7448874269367,174.53692578535768,2537.3970906130935,95.66546779562997,75.34122231308856,476.2725723192907,16.178527489582716,2700,12.451060351826108,0.13313877195936064
2110,736.22,724.9727238767515,2464.74138802948,174.5367133671558,2537.396759289757,95.6653758605414,75.34147269614063,476.5467563623874,16.178731846376294,2700,12.450802632952056,0.13313877195936064
2111,736.23,724.9709754075219,2464.7379365253328,174.53650422609076,2537.396427969704,95.66528392619374,75.34172380701261,476.8209357322373,16.178936204046792,2700,12.450544784427326,0.13313877195936064
2112,736.24,724.9692201166878,2464.7345328925294,174.53629836078284,2537.3960966529357,95.66519199258695,75.34197564537622,477.09511042855996,16.179140562596285,2700,12.450286807322282,0.13313877195936064
2113,736.25,724.9674580071962,2464.731177108935,174.53609576955097,2537.3957653394523,95.66510005972103,75.3422282108989,477.3692804510968,16.17934492202685,2700,12.450028702707037,0.13313877195936064
2114,736.26,724.9656890789317,2464.7278691521387,174.53589645104856,2537.3954340292526,95.66500812759593,75.34248150324542,477.6434457996111,16.179549282340567,2700,12.44977047165142,0.13313877195936064
2115,736.27,724.9639133380068,2464.7246089995533,174.53570040357772,2537.3951027223393,95.66491619621168,75.34273552207793,477.91760647388776,16.1797536435395,2700,12.449512115224987,0.13313877195936064
2116,736.28,724.9621307859057,2464.721396628421,174.53550762568022,2537.3947714187107,95.66482426556823,75.34299026705457,478.19176247373383,16.179958005625725,2700,12.44925363449702,0.13313877195936064
2117,736.29,724.9603414272525,2464.7182320157203,174.53531811570426,2537.3944401183667,95.66473233566556,75.34324573783103,478.4659137989779,16.180162368601312,2700,12.448995030536503,0.13313877195936064
2118,736.3,724.9585452604889,2464.7151151382755,174.53513187215208,2537.394108821306,95.66464040650368,75.34350193405932,478.7400604494704,16.180366732468325,2700,12.448736304412133,0.13313877195936064
2119,736.3100000000001,724.9567422964996,2464.7120459726634,174.5349488933364,2537.393777527532,95.66454847808255,75.34375885538925,479.01420242508345,16.18057109722883,2700,12.448477457192318,0.13313877195936064
2120,736.32,724.9549325306789,2464.7090244953206,174.53476917769257,2537.393446237041,95.66445655040215,75.34401650146586,479.2883397257111,16.180775462884895,2700,12.448218489945154,0.13313877195936064
2121,736.33,724.953115970874,2464.7060506823723,174.53459272359345,2537.3931149498353,95.66436462346249,75.34427487193308,479.562472351269,16.18097982943858,2700,12.447959403738436,0.13313877195936064
2122,736.34,724.9512926187377,2464.7031245098665,174.5344195293924,2537.392783665915,95.66427269726351,75.34453396643009,479.8366003016945,16.18118419689194,2700,12.447700199639652,0.13313877195936064
2123,736.35,724.9494624759674,2464.7002459535493,174.53424959342348,2537.3924523852775,95.66418077180523,75.34479378459378,480.11072357694667,16.181388565247044,2700,12.44744087871597,0.13313877195936064
2124,736.36,724.9476255520364,2464.6974149890084,174.5340829140472,2537.3921211079255,95.66408884708764,75.34505432605796,480.3848421770063,16.181592934505936,2700,12.447181442034243,0.13313877195936064
2125,736.37,724.9457818424869,2464.69463159164,174.53391948956374,2537.3917898338573,95.66399692311069,75.34531559045239,480.65895610187573,16.18179730467068,2700,12.446921890660994,0.13313877195936064
2126,736.38,724.9439313553092,2464.691895736564,174.53375931820315,2537.3914585630746,95.66390499987436,75.34557757740545,480.933065351579,16.18200167574333,2700,12.446662225662415,0.13313877195936064
2127,736.39,724.942074090748,2464.689207398819,174.53360239841388,2537.391127295575,95.66381307737866,75.34584028654076,481.2071699261617,16.18220604772593,2700,12.44640244810437,0.13313877195936064
2128,736.4,724.9402100552977,2464.6865665531277,174.5334487282724,2537.3907960313613,95.66372115562356,75.34610371747999,481.48126982569124,16.182410420620535,2700,12.44614255905238,0.13313877195936064
2129,736.41,724.9383392523695,2464.6839731740906,174.53329830618898,2537.3904647704308,95.66362923460905,75.34636786984088,481.75536505025633,16.18261479442919,2700,12.445882559571618,0.13313877195936064
2130,736.42,724.9364616838582,2464.6814272360434,174.53315113039082,2537.390133512785,95.66353731433512,75.34663274323854,482.0294555999675,16.182819169153937,2700,12.445622450726919,0.13313877195936064
2131,736.43,724.9345773516852,2464.6789287131633,174.53300719909126,2537.389802258422,95.6634453948017,75.34689833728513,482.30354147495655,16.18302354479683,2700,12.445362233582756,0.13313877195936064
2132,736.44,724.93268626245,2464.676477579417,174.53286651049578,2537.3894710073446,95.66335347600885,75.34716465158971,482.5776226753771,16.183227921359904,2700,12.445101909203242,0.13313877195936064
2133,736.45,724.9307884181294,2464.674073808585,174.53272906280972,2537.38913975955,95.6632615579565,75.34743168575773,482.85169920140413,16.183432298845197,2700,12.444841478652132,0.13313877195936064
2134,736.46,724.9288838222842,2464.6717173742004,174.53259485423618,2537.3888085150393,95.66316964064465,75.34769943939216,483.12577105323413,16.183636677254754,2700,12.44458094299281,0.13313877195936064
2135,736.47,724.9269724784982,2464.66940824964,174.53246388296503,2537.3884772738124,95.66307772407329,75.34796791209271,483.39983823108497,16.183841056590605,2700,12.444320303288292,0.13313877195936064
2136,736.48,724.9250543919354,2464.667146408071,174.53233614716868,2537.388146035869,95.66298580824238,75.34823710345609,483.6739007351962,16.184045436854788,2700,12.444059560601207,0.13313877195936064
2137,736.49,724.9231295646885,2464.6649318224536,174.53221164497964,2537.387814801209,95.66289389315192,75.34850701307569,483.9479585658287,16.184249818049334,2700,12.443798715993813,0.13313877195936064
2138,736.5,724.9211980004284,2464.662764465542,174.53209037450077,2537.387483569832,95.66280197880191,75.34877764054231,484.22201172326453,16.184454200176276,2700,12.443537770527973,0.13313877195936064
2139,736.51,724.9192597028521,2464.6606443099154,174.53197233387823,2537.3871523417383,95.66271006519229,75.34904898544346,484.49606020780766,16.184658583237642,2700,12.443276725265164,0.13313877195936064
2140,736.52,724.9173146756867,2464.65857132794,174.53185752128067,2537.3868211169274,95.66261815232306,75.3493210473636,484.770104019783,16.184862967235453,2700,12.443015581266462,0.13313877195936064
2141,736.53,724.9153629242392,2464.6565454917813,174.53174593475205,2537.3864898954007,95.66252624019423,75.34959382588424,485.04414315953693,16.185067352171743,2700,12.442754339592545,0.13313877195936064
2142,736.54,724.9134044491891,2464.654566773416,174.53163757236675,2537.386158677155,95.66243432880573,75.34986732058356,485.31817762743736,16.185271738048527,2700,12.442493001303681,0.13313877195936064
2143,736.55,724.9114392574531,2464.6526351445973,174.5315324322599,2537.385827462194,95.66234241815759,75.35014153103738,485.59220742387333,16.18547612486783,2700,12.442231567459736,0.13313877195936064
2144,736.5600000000001,724.9094673513151,2464.650750576932,174.53143051235833,2537.385496250515,95.6622505082498,75.35041645681768,485.86623254925524,16.18568051263167,2700,12.441970039120154,0.13313877195936064
2145,736.57,724.9074887361965,2464.648913041769,174.53133181086596,2537.385165042117,95.66215859908229,75.3506920974941,486.14025300401477,16.185884901342064,2700,12.441708417343955,0.13313877195936064
2146,736.58,724.9055034144403,2464.6471225103055,174.53123632565504,2537.3848338370026,95.66206669065508,75.35096845263284,486.4142687886049,16.186089291001025,2700,12.441446703189747,0.13313877195936064
2147,736.59,724.90351138842,2464.645378953516,174.53114405492025,2537.3845026351687,95.66197478296814,75.35124552179738,486.68827990349985,16.186293681610568,2700,12.441184897715699,0.13313877195936064
2148,736.6,724.9015126636366,2464.6436823421986,174.5310549964534,2537.3841714366185,95.66188287602147,75.35152330454822,486.962286349195,16.186498073172704,2700,12.440923001979549,0.13313877195936064
2149,736.61,724.8995072471685,2464.6420326469542,174.53096914845437,2537.383840241348,95.66179096981502,75.35180180044257,487.236288126207,16.186702465689443,2700,12.440661017038595,0.13313877195936064
2150,736.62,724.8974951383719,2464.640429838172,174.5308865087153,2537.3835090493603,95.66169906434881,75.35208100903442,487.5102852350738,16.18690685916279,2700,12.440398943949695,0.13313877195936064
2151,736.63,724.8954763428355,2464.638873886024,174.53080707531902,2537.383177860653,95.6616071596228,75.3523609298757,487.7842776763543,16.187111253594754,2700,12.440136783769256,0.13313877195936064
2152,736.64,724.893450866167,2464.637364760556,174.5307308461951,2537.382846675229,95.66151525563697,75.35264156251466,488.0582654506286,16.18731564898733,2700,12.439874537553234,0.13313877195936064
2153,736.65,724.8914187109068,2464.6359024315702,174.53065781922584,2537.382515493084,95.66142335239132,75.35292290649652,488.332248558498,16.187520045342524,2700,12.439612206357126,0.13313877195936064
2154,736.66,724.8893798811745,2464.634486868667,174.53058799239727,2537.382184314221,95.66133144988582,75.3532049613639,488.60622700058497,16.187724442662336,2700,12.439349791235967,0.13313877195936064
2155,736.67,724.8873343795623,2464.6331180412835,174.53052136354788,2537.3818531386373,95.66123954812046,75.35348772665623,488.880200777533,16.18792884094876,2700,12.43908729324433,0.13313877195936064
2156,736.68,724.8852822148958,2464.631795918643,174.53045793065166,2537.381521966334,95.66114764709522,75.35377120191022,489.1541698900066,16.18813324020379,2700,12.438824713436315,0.13313877195936064
2157,736.69,724.8832233867204,2464.6305204697974,174.53039769152267,2537.3811907973113,95.66105574681008,75.35405538665884,489.4281343386912,16.18833764042942,2700,12.438562052865539,0.13313877195936064
2158,736.7,724.8811579023715,2464.6292916635475,174.53034064407765,2537.3808596315685,95.66096384726501,75.3543402804333,489.70209412429375,16.188542041627645,2700,12.438299312585148,0.13313877195936064
2159,736.71,724.879085766098,2464.628109468584,174.53028678618938,2537.3805284691043,95.66087194846004,75.3546258827609,489.97604924754165,16.188746443800447,2700,12.438036493647802,0.13313877195936064
2160,736.72,724.8770069790837,2464.6269738533415,174.53023611564126,2537.3801973099207,95.6607800503951,75.3549121931663,490.2499997091836,16.188950846949815,2700,12.437773597105666,0.13313877195936064
2161,736.73,724.8749215471896,2464.625884786077,174.53018863027464,2537.379866154015,95.6606881530702,75.3551992111716,490.5239455099892,16.189155251077732,2700,12.437510624010415,0.13313877195936064
2162,736.74,724.8728294762999,2464.6248422348917,174.5301443279422,2537.3795350013893,95.6605962564853,75.35548693629543,490.7978866507489,16.189359656186184,2700,12.437247575413222,0.13313877195936064
2163,736.75,724.8707307692307,2464.623846167649,174.53010320635866,2537.379203852042,95.66050436064042,75.3557753680535,491.0718231322743,16.189564062277146,2700,12.436984452364758,0.13313877195936064
2164,736.76,724.8686254303748,2464.6228965520263,174.53006526343125,2537.378872705973,95.66041246553552,75.35606450595894,491.3457549553977,16.1897684693526,2700,12.436721255915188,0.13313877195936064
2165,736.77,724.8665134641491,2464.621993355531,174.53003049689022,2537.378541563183,95.66032057117057,75.35635434952177,491.6196821209723,16.18997287741452,2700,12.436457987114167,0.13313877195936064
2166,736.78,724.8643948749996,2464.6211365454697,174.52999890450963,2537.3782104236698,95.66022867754559,75.35664489824906,491.8936046298723,16.19017728646488,2700,12.436194647010822,0.13313877195936064
2167,736.79,724.8622696689498,2464.6203260889574,174.52997048402622,2537.3778792874355,95.66013678466054,75.35693615164504,492.16752248299264,16.190381696505654,2700,12.435931236653772,0.13313877195936064
2168,736.8,724.8601378489494,2464.6195619529212,174.52994523315115,2537.3775481544776,95.66004489251539,75.3572281092108,492.4414356812491,16.190586107538806,2700,12.435667757091096,0.13313877195936064
2169,736.8100000000001,724.8579994179769,2464.61884410408,174.52992314968432,2537.3772170247976,95.65995300111013,75.35752077044486,492.7153442255782,16.190790519566306,2700,12.435404209370354,0.13313877195936064
2170,736.82,724.8558543836854,2464.6181725089928,174.52990423121702,2537.376885898394,95.65986111044475,75.35781413484291,492.9892481169374,16.19099493259012,2700,12.435140594538566,0.13313877195936064
2171,736.83,724.8537027522051,2464.6175471340266,174.52988847554002,2537.3765547752655,95.65976922051925,75.35810820189718,493.2631473563047,16.191199346612212,2700,12.43487691364221,0.13313877195936064
2172,736.84,724.8515445219441,2464.616967945327,174.52987588036245,2537.3762236554157,95.6596773313336,75.35840297109719,493.53704194467906,16.19140376163454,2700,12.434613167727223,0.13313877195936064
2173,736.85,724.8493797021912,2464.6164349088626,174.52986644330568,2537.3758925388393,95.65958544288775,75.35869844193053,493.81093188307995,16.191608177659063,2700,12.434349357838991,0.13313877195936064
2174,736.86,724.8472082960493,2464.6159479904695,174.52986016204227,2537.3755614255406,95.65949355518173,75.35899461388045,494.08481717254773,16.191812594687743,2700,12.434085485022349,0.13313877195936064
2175,736.87,724.845030309764,2464.6155071557114,174.52985703416365,2537.3752303155165,95.6594016682155,75.35929148642828,494.3586978141432,16.192017012722523,2700,12.433821550321571,0.13313877195936064
2176,736.88,724.8428457464964,2464.6151123700197,174.5298570573777,2537.374899208767,95.65930978198904,75.35958905905198,494.6325738089481,16.19222143176537,2700,12.433557554780371,0.13313877195936064
2177,736.89,724.840654610991,2464.614763598603,174.5298602293396,2537.3745681052924,95.65921789650234,75.35988733122707,494.9064451580645,16.192425851818218,2700,12.433293499441893,0.13313877195936064
2178,736.9,724.8384569064627,2464.61446080652,174.52986654752388,2537.374237005093,95.65912601175539,75.36018630242594,495.18031186261527,16.192630272883022,2700,12.433029385348712,0.13313877195936064
2179,736.91,724.8362526408084,2464.6142039586143,174.52987600966497,2537.373905908167,95.65903412774816,75.36048597211831,495.4541739237438,16.19283469496173,2700,12.432765213542833,0.13313877195936064
2180,736.92,724.8340418188483,2464.613993019566,174.52988861327,2537.3735748145145,95.65894224448063,75.36078633977058,495.728031342614,16.19303911805628,2700,12.432500985065664,0.13313877195936064
2181,736.93,724.8318244438826,2464.613827953828,174.52990435598008,2537.373243724134,95.6588503619528,75.3610874048467,496.00188412041047,16.193243542168617,2700,12.432236700958043,0.13313877195936064
2182,736.94,724.8296005207852,2464.6137087257007,174.52992323525527,2537.3729126370285,95.65875848016464,75.36138916680785,496.2757322583382,16.193447967300678,2700,12.431972362260218,0.13313877195936064
2183,736.95,724.8273700544552,2464.6136352993044,174.5299452486712,2537.372581553196,95.65866659911613,75.36169162511226,496.5495757576226,16.193652393454396,2700,12.431707970011834,0.13313877195936064
2184,736.96,724.825133051371,2464.6136076385596,174.5299703938011,2537.372250472635,95.65857471880726,75.36199477921528,496.8234146195097,16.19385682063171,2700,12.431443525251943,0.13313877195936064
2185,736.97,724.8228895133841,2464.6136257072026,174.52999866813423,2537.3719193953466,95.65848283923802,75.36229862856922,497.097248845266,16.19406124883455,2700,12.431179029018995,0.13313877195936064
2186,736.98,724.8206394501279,2464.6136894687766,174.53003006916896,2537.3715883213295,95.65839096040838,75.36260317262428,497.37107843617827,16.194265678064845,2700,12.430914482350834,0.13313877195936064
2187,736.99,724.8183828619536,2464.613798886674,174.53006459443472,2537.371257250582,95.65829908231834,75.36290841082669,497.6449033935538,16.194470108324523,2700,12.430649886284685,0.13313877195936064
2188,737.0,724.8161197554487,2464.6139539240457,174.53010224132697,2537.3709261831077,95.65820720496787,75.36321434262115,497.9187237187203,16.194674539615505,2700,12.430385241857168,0.13313877195936064
2189,737.01,724.8138501356668,2464.6141545439255,174.53014300741032,2537.370595118903,95.65811532835694,75.36352096744865,498.1925394130256,16.194878971939723,2700,12.430120550104276,0.13313877195936064
2190,737.02,724.8115740092447,2464.6144007091198,174.53018689015116,2537.3702640579686,95.65802345248555,75.36382828474771,498.46635047783826,16.195083405299087,2700,12.429855812061374,0.13313877195936064
2191,737.03,724.8092913812935,2464.614692382261,174.53023388692526,2537.3699330003033,95.65793157735368,75.36413629395385,498.74015691454684,16.19528783969552,2700,12.429591028763207,0.13313877195936064
2192,737.04,724.8070022538493,2464.615029525791,174.53028399524086,2537.369601945907,95.65783970296133,75.3644449944999,499.0139587245603,16.19549227513094,2700,12.42932620124388,0.13313877195936064
2193,737.05,724.8047066351759,2464.615412101985,174.53033721241022,2537.36927089478,95.65774782930843,75.3647543858164,499.2877559093078,16.195696711607255,2700,12.429061330536857,0.13313877195936064
2194,737.0600000000001,724.8024045289073,2464.615840072953,174.53039353594966,2537.368939846923,95.65765595639503,75.36506446733017,499.56154847023885,16.195901149126378,2700,12.428796417674967,0.13313877195936064
2195,737.07,724.8000959418129,2464.61631340057,174.53045296315506,2537.3686088023333,95.65756408422108,75.36537523846604,499.83533640882314,16.19610558769022,2700,12.428531463690387,0.13313877195936064
2196,737.08,724.7977808760289,2464.616832046585,174.53051549144791,2537.3682777610106,95.65747221278656,75.36568669864548,500.1091197265505,16.196310027300683,2700,12.428266469614645,0.13313877195936064
2197,737.09,724.7954593399246,2464.61739597252,174.53058111825356,2537.367946722956,95.65738034209144,75.36599884728786,500.382898424931,16.196514467959673,2700,12.42800143647861,0.13313877195936064
2198,737.1,724.7931313372383,2464.618005139764,174.5306498408506,2537.367615688167,95.65728847213573,75.36631168380899,500.6566725054949,16.196718909669094,2700,12.427736365312498,0.13313877195936064
2199,737.11,724.7907968732897,2464.6186595094737,174.53072165658972,2537.3672846566456,95.65719660291941,75.36662520762249,500.93044196979247,16.196923352430844,2700,12.427471257145855,0.13313877195936064
2200,737.12,724.788455953422,2464.619359042662,174.5307965628986,2537.3669536283896,95.65710473444246,75.36693941813904,501.20420681939413,16.197127796246818,2700,12.42720611300756,0.13313877195936064
2201,737.13,724.7861085861038,2464.620103700153,174.5308745569577,2537.3666226033993,95.65701286670483,75.36725431476664,501.47796705589053,16.19733224111891,2700,12.42694093392582,0.13313877195936064
2202,737.14,724.7837547705279,2464.6208934425895,174.5309556362196,2537.3662915816744,95.65692099970656,75.36756989691006,501.7517226808921,16.197536687049016,2700,12.42667572092816,0.13313877195936064
2203,737.15,724.7813945183192,2464.621728230408,174.5310397978184,2537.3659605632142,95.6568291334476,75.36788616397256,502.0254736960295,16.19774113403902,2700,12.426410475041429,0.13313877195936064
2204,737.16,724.7790278318148,2464.622608023947,174.53112703915724,2537.3656295480187,95.65673726792794,75.36820311535307,502.29922010295337,16.197945582090817,2700,12.426145197291788,0.13313877195936064
2205,737.17,724.7766547164935,2464.623532783262,174.53121735743863,2537.365298536086,95.65664540314755,75.36852075044901,502.5729619033343,16.198150031206286,2700,12.425879888704706,0.13313877195936064
2206,737.18,724.7742751778466,2464.624502468306,174.53131075005624,2537.364967527417,95.65655353910644,75.36883906865461,502.84669909886287,16.19835448138731,2700,12.425614550304962,0.13313877195936064
2207,737.19,724.7718892229465,2464.6255170388295,174.53140721404975,2537.364636522011,95.65646167580456,75.36915806936145,503.1204316912495,16.198558932635766,2700,12.425349183116625,0.13313877195936064
2208,737.2,724.7694968542393,2464.626576454407,174.53150674684164,2537.3643055198677,95.65636981324191,75.36947775195807,503.39415968222477,16.19876338495354,2700,12.425083788163077,0.13313877195936064
2209,737.21,724.7670980819512,2464.6276806744136,174.53160934552088,2537.363974520986,95.65627795141847,75.36979811583107,503.66788307353875,16.1989678383425,2700,12.42481836646698,0.13313877195936064
2210,737.22,724.7646929070227,2464.6288296581033,174.53171500739714,2537.363643525365,95.65618609033424,75.37011916036326,503.9416018669618,16.199172292804523,2700,12.424552919050287,0.13313877195936064
2211,737.23,724.7622813381838,2464.630023364475,174.5318237295344,2537.363312533006,95.65609422998918,75.37044088493595,504.2153160642839,16.199376748341475,2700,12.424287446934242,0.13313877195936064
2212,737.24,724.7598633795261,2464.631261752434,174.53193550928796,2537.3629815439076,95.65600237038329,75.37076328892675,504.4890256673148,16.199581204955226,2700,12.424021951139359,0.13313877195936064
2213,737.25,724.7574390367259,2464.632544780646,174.53205034372857,2537.362650558069,95.65591051151655,75.37108637171119,504.7627306778841,16.199785662647642,2700,12.42375643268543,0.13313877195936064
2214,737.26,724.7550083170288,2464.633872407638,174.53216822999414,2537.3623195754894,95.65581865338892,75.37141013266191,505.03643109784133,16.199990121420587,2700,12.423490892591522,0.13313877195936064
2215,737.27,724.7525712261585,2464.635244591748,174.53228916536852,2537.361988596168,95.65572679600042,75.37173457114875,505.31012692905546,16.200194581275916,2700,12.423225331875964,0.13313877195936064
2216,737.28,724.7501277652118,2464.6366612911356,174.53241314685164,2537.3616576201057,95.655634939351,75.37205968653896,505.5838181734154,16.200399042215494,2700,12.42295975155635,0.13313877195936064
2217,737.29,724.7476779461642,2464.6381224637853,174.53254017161538,2537.361326647303,95.65554308344065,75.37238547819771,505.85750483282965,16.20060350424117,2700,12.422694152649537,0.13313877195936064
2218,737.3,724.7452217717057,2464.63962806755,174.53267023674235,2537.360995677755,95.65545122826938,75.37271194548622,506.13118690922647,16.2008079673548,2700,12.422428536171628,0.13313877195936064
2219,737.3100000000001,724.7427592492171,2464.6411780600247,174.53280333943823,2537.360664711466,95.65535937383714,75.37303908776421,506.4048644045536,16.201012431558237,2700,12.422162903137975,0.13313877195936064
2220,737.32,724.7402903814399,2464.642772398704,174.53293947674652,2537.360333748433,95.65526752014392,75.3733669043881,506.6785373207786,16.20121689685332,2700,12.421897254563188,0.13313877195936064
2221,737.33,724.7378151773493,2464.64441104087,174.53307864564377,2537.360002788655,95.65517566718972,75.37369539471229,506.9522056598885,16.201421363241902,2700,12.421631591461109,0.13313877195936064
2222,737.34,724.7353336412867,2464.646093943674,174.53322084334897,2537.359671832133,95.6550838149745,75.37402455808768,507.2258694238899,16.201625830725824,2700,12.421365914844817,0.13313877195936064
2223,737.35,724.7328457807276,2464.647821064032,174.533366066805,2537.3593408788656,95.65499196349828,75.37435439386326,507.499528614809,16.201830299306927,2700,12.421100225726626,0.13313877195936064
2224,737.36,724.730351600065,2464.649592358746,174.53351431309767,2537.359009928853,95.65490011276098,75.37468490138491,507.7731832346914,16.202034768987044,2700,12.420834525118082,0.13313877195936064
2225,737.37,724.7278511052706,2464.6514077844035,174.533665579289,2537.3586789820943,95.65480826276264,75.37501607999626,508.04683328560236,16.20223923976802,2700,12.420568814029949,0.13313877195936064
2226,737.38,724.7253443038877,2464.6532672974577,174.5338198623624,2537.358348038588,95.65471641350324,75.37534792903816,508.3204787696264,16.202443711651675,2700,12.42030309347222,0.13313877195936064
2227,737.39,724.722831200384,2464.6551708541674,174.53397715932547,2537.3580170983337,95.65462456498274,75.37568044784864,508.5941196888677,16.20264818463985,2700,12.420037364454101,0.13313877195936064
2228,737.4,724.720311799255,2464.657118410619,174.53413746713468,2537.3576861613324,95.65453271720112,75.37601363576343,508.8677560454497,16.202852658734365,2700,12.419771627984005,0.13313877195936064
2229,737.41,724.7177861127681,2464.65910992274,174.5343007828761,2537.3573552275816,95.65444087015838,75.37634749211578,509.1413878415153,16.203057133937047,2700,12.419505885069565,0.13313877195936064
2230,737.42,724.7152541392609,2464.661145346303,174.53446710340765,2537.357024297083,95.6543490238545,75.37668201623528,509.41501507922675,16.203261610249722,2700,12.419240136717603,0.13313877195936064
2231,737.43,724.7127158910587,2464.663224636836,174.53463642582798,2537.356693369834,95.65425717828944,75.37701720745073,509.6886377607656,16.203466087674204,2700,12.41897438393415,0.13313877195936064
2232,737.44,724.7101713711914,2464.6653477498216,174.53480874700247,2537.3563624458343,95.65416533346324,75.3773530650866,509.9622558883328,16.203670566212317,2700,12.418708627724435,0.13313877195936064
2233,737.45,724.7076205842808,2464.667514640451,174.53498406383096,2537.3560315250834,95.65407348937582,75.37768958846581,510.2358694641485,16.203875045865868,2700,12.418442869092873,0.13313877195936064
2234,737.46,724.7050635427127,2464.6697252638255,174.5351623732593,2537.3557006075816,95.65398164602719,75.37802677690868,510.5094784904521,16.204079526636672,2700,12.41817710904307,0.13313877195936064
2235,737.47,724.7025002449468,2464.671979574867,174.53534367225217,2537.3553696933277,95.65388980341734,75.37836462973186,510.78308296950235,16.204284008526542,2700,12.41791134857781,0.13313877195936064
2236,737.48,724.6999307018775,2464.6742775282655,174.53552795772515,2537.355038782322,95.65379796154623,75.37870314625123,511.056682903577,16.204488491537276,2700,12.417645588699067,0.13313877195936064
2237,737.49,724.6973549197562,2464.6766190786566,174.53571522651094,2537.354707874562,95.65370612041389,75.3790423257785,511.3302782949732,16.20469297567069,2700,12.41737983040798,0.13313877195936064
2238,737.5,724.6947729033229,2464.679004180403,174.5359054755337,2537.354376970047,95.65361428002025,75.37938216762349,511.6038691460071,16.20489746092857,2700,12.417114074704859,0.13313877195936064
2239,737.51,724.6921846588853,2464.681432787747,174.5360987016226,2537.354046068779,95.65352244036531,75.37972267109359,511.8774554590142,16.205101947312734,2700,12.416848322589193,0.13313877195936064
2240,737.52,724.6895901943238,2464.6839048547713,174.5362949016581,2537.3537151707565,95.65343060144907,75.38006383549347,512.1510372363488,16.205306434824962,2700,12.416582575059621,0.13313877195936064
2241,737.53,724.6869895144451,2464.68642033538,174.53649407248838,2537.353384275976,95.6533387632715,75.38040566012506,512.4246144803843,16.205510923467052,2700,12.416316833113944,0.13313877195936064
2242,737.54,724.6843826271804,2464.688979183298,174.53669621097606,2537.3530533844405,95.65324692583258,75.38074814428816,512.6981871935137,16.2057154132408,2700,12.416051097749124,0.13313877195936064
2243,737.55,724.6817695358297,2464.691581352119,174.536901313895,2537.3527224961485,95.65315508913231,75.3810912872796,512.9717553781481,16.205919904147986,2700,12.415785369961268,0.13313877195936064
2244,737.5600000000001,724.6791502514735,2464.694226795232,174.53710937807733,2537.3523916110985,95.65306325317066,75.38143508839433,513.2453190367185,16.206124396190404,2700,12.415519650745633,0.13313877195936064
2245,737.57,724.6765247774575,2464.696915465906,174.53732040028848,2537.3520607292885,95.6529714179476,75.38177954692375,513.5188781716743,16.206328889369832,2700,12.415253941096614,0.13313877195936064
2246,737.58,724.6738931187112,2464.6996473171866,174.53753437740014,2537.351729850722,95.65287958346313,75.38212466215772,513.7924327854838,16.20653338368805,2700,12.414988242007752,0.13313877195936064
2247,737.59,724.671255287929,2464.7024223020103,174.5377513061152,2537.351398975394,95.65278774971723,75.38247043338346,514.0659828806347,16.20673787914684,2700,12.414722554471714,0.13313877195936064
2248,737.6,724.6686112838789,2464.705240373143,174.53797118323752,2537.3510681033076,95.6526959167099,75.38281685988461,514.3395284596331,16.20694237574797,2700,12.414456879480305,0.13313877195936064
2249,737.61,724.6659611193132,2464.7081014831206,174.5381940055344,2537.350737234458,95.65260408444108,75.38316394094419,514.6130695250044,16.207146873493215,2700,12.414191218024456,0.13313877195936064
2250,737.62,724.6633047976901,2464.7110055844328,174.53841976966046,2537.350406368849,95.65251225291081,75.38351167584084,514.8866060792925,16.207351372384345,2700,12.413925571094218,0.13313877195936064
2251,737.63,724.6606423256071,2464.713952629291,174.5386484725615,2537.350075506476,95.65242042211902,75.38386006385196,515.1601381250601,16.20755587242313,2700,12.413659939678759,0.13313877195936064
2252,737.64,724.6579737096753,2464.716942569817,174.53888011064015,2537.349744647341,95.65232859206573,75.384209104252,515.433665664889,16.207760373611322,2700,12.41339432476637,0.13313877195936064
2253,737.65,724.6552989580821,2464.7199753579494,174.5391146809082,2537.349413791442,95.6522367627509,75.38455879631294,515.7071887013793,16.207964875950694,2700,12.413128727344441,0.13313877195936064
2254,737.66,724.652618077488,2464.7230509454603,174.53935217994382,2537.349082938779,95.65214493417453,75.38490913930426,515.9807072371503,16.208169379443003,2700,12.41286314839948,0.13313877195936064
2255,737.67,724.6499310730272,2464.726169283957,174.5395926044025,2537.348752089351,95.6520531063366,75.38526013249297,516.2542212748397,16.20837388409,2700,12.412597588917087,0.13313877195936064
2256,737.68,724.6472379529575,2464.7293303248916,174.5398359510402,2537.3484212431567,95.65196127923709,75.38561177514396,516.5277308171037,16.208578389893443,2700,12.412332049881973,0.13313877195936064
2257,737.69,724.6445387209048,2464.732534019572,174.54008221644443,2537.348090400197,95.65186945287597,75.38596406651912,516.8012358666177,16.20878289685508,2700,12.412066532277938,0.13313877195936064
2258,737.7,724.6418333882744,2464.735780319117,174.54033139739636,2537.347759560469,95.65177762725324,75.38631700587858,517.0747364260753,16.20898740497666,2700,12.411801037087868,0.13313877195936064
2259,737.71,724.6391219571881,2464.7390691745213,174.54058349040588,2537.347428723974,95.65168580236887,75.38667059247899,517.3482324981887,16.209191914259925,2700,12.411535565293745,0.13313877195936064
2260,737.72,724.6364044390989,2464.7424005365624,174.54083849211406,2537.3470978907108,95.65159397822288,75.38702482557578,517.6217240856888,16.20939642470662,2700,12.411270117876628,0.13313877195936064
2261,737.73,724.6336808361727,2464.745774355932,174.54109639925082,2537.3467670606783,95.65150215481522,75.3873797044207,517.8952111913251,16.209600936318477,2700,12.411004695816658,0.13313877195936064
2262,737.74,724.6309511599088,2464.7491905830866,174.54135720831673,2537.3464362338746,95.65141033214586,75.38773522826438,518.1686938178652,16.209805449097242,2700,12.410739300093052,0.13313877195936064
2263,737.75,724.628215412517,2464.7526491684034,174.54162091597604,2537.3461054103013,95.65131851021482,75.38809139635372,518.4421719680957,16.210009963044644,2700,12.4104739316841,0.13313877195936064
2264,737.76,724.6254736039923,2464.7561500620204,174.54188751887696,2537.345774589957,95.65122668902207,75.3884482079344,518.7156456448215,16.210214478162417,2700,12.410208591567152,0.13313877195936064
2265,737.77,724.6227257412414,2464.7596932139995,174.54215701345638,2537.34544377284,95.65113486856758,75.38880566224877,518.9891148508656,16.210418994452287,2700,12.409943280718629,0.13313877195936064
2266,737.78,724.6199718296511,2464.7632785741753,174.54242939637237,2537.34511295895,95.65104304885135,75.3891637585371,519.2625795890696,16.210623511915976,2700,12.40967800011401,0.13313877195936064
2267,737.79,724.6172118777286,2464.7669060922562,174.54270466421778,2537.344782148286,95.65095122987334,75.3895224960375,519.5360398622937,16.21082803055521,2700,12.40941275072783,0.13313877195936064
2268,737.8,724.6144458909005,2464.770575717808,174.5429828134763,2537.3444513408485,95.65085941163358,75.38988187398529,519.809495673416,16.21103255037171,2700,12.409147533533677,0.13313877195936064
2269,737.8100000000001,724.61167387772,2464.7742874002074,174.54326384070404,2537.344120536635,95.65076759413199,75.39024189161374,520.0829470253333,16.211237071367187,2700,12.408882349504184,0.13313877195936064
2270,737.82,724.6088958421088,2464.77804108871,174.5435477424313,2537.3437897356457,95.6506757773686,75.39060254815332,520.3563939209605,16.211441593543363,2700,12.40861719961103,0.13313877195936064
2271,737.83,724.6061117957659,2464.7818367323757,174.5438345151177,2537.343458937881,95.65058396134339,75.39096384283282,520.6298363632308,16.211646116901942,2700,12.408352084824935,0.13313877195936064
2272,737.84,724.6033217426557,2464.7856742801646,174.54412415542328,2537.343128143338,95.65049214605632,75.39132577487756,520.9032743550953,16.211850641444638,2700,12.40808700611566,0.13313877195936064
2273,737.85,724.6005256898735,2464.7895536808046,174.5444166596836,2537.3427973520165,95.65040033150738,75.39168834351155,521.1767078995239,16.21205516717315,2700,12.407821964451989,0.13313877195936064
2274,737.86,724.5977236476284,2464.7934748829425,174.54471202442426,2537.3424665639163,95.65030851769659,75.39205154795604,521.4501369995043,16.212259694089187,2700,12.407556960801742,0.13313877195936064
2275,737.87,724.5949156199559,2464.79743783504,174.5450102461727,2537.342135779037,95.65021670462389,75.39241538742957,521.7235616580422,16.21246422219445,2700,12.40729199613177,0.13313877195936064
2276,737.88,724.5921016140147,2464.8014424853886,174.54531132136796,2537.3418049973766,95.65012489228928,75.392779861149,521.9969818781617,16.212668751490625,2700,12.407027071407931,0.13313877195936064
2277,737.89,724.5892816369808,2464.805488782165,174.5456152464083,2537.341474218935,95.65003308069274,75.39314496832846,522.2703976629049,16.21287328197942,2700,12.406762187595112,0.13313877195936064
2278,737.9,724.5864556976046,2464.809576673369,174.54592201784567,2537.341143443711,95.64994126983424,75.39351070817976,522.5438090153319,16.213077813662515,2700,12.40649734565721,0.13313877195936064
2279,737.91,724.5836238046596,2464.813706106855,174.54623163199966,2537.340812671705,95.64984945971379,75.3938770799123,522.8172159385209,16.213282346541607,2700,12.406232546557135,0.13313877195936064
2280,737.92,724.580785960741,2464.8178770303048,174.54654408530206,2537.3404819029142,95.64975765033137,75.39424408273302,523.0906184355679,16.213486880618376,2700,12.4059677912568,0.13313877195936064
2281,737.93,724.5779421762168,2464.8220893912617,174.54685937426493,2537.3401511373386,95.64966584168694,75.39461171584739,523.3640165095873,16.213691415894505,2700,12.40570308071712,0.13313877195936064
2282,737.94,724.5750924568193,2464.8263431371515,174.54717749522393,2537.3398203749794,95.6495740337805,75.39497997845746,523.6374101637107,16.21389595237168,2700,12.405438415898013,0.13313877195936064
2283,737.95,724.5722368129624,2464.8306382151914,174.54749844452442,2537.339489615833,95.64948222661204,75.39534886976371,523.9107994010884,16.214100490051568,2700,12.40517379775839,0.13313877195936064
2284,737.96,724.5693752473244,2464.8349745724945,174.54782221866031,2537.3391588599,95.64939042018152,75.3957183889636,524.184184224888,16.214305028935847,2700,12.404909227256153,0.13313877195936064
2285,737.97,724.566507770363,2464.839352155967,174.5481488138657,2537.338828107179,95.64929861448896,75.39608853525334,524.4575646382954,16.21450956902619,2700,12.404644705348192,0.13313877195936064
2286,737.98,724.5636343878963,2464.8437709124496,174.54847822661793,2537.3384973576703,95.6492068095343,75.3964593078258,524.7309406445138,16.214714110324262,2700,12.404380232990382,0.13313877195936064
2287,737.99,724.5607551088747,2464.84823078855,174.54881045321102,2537.338166611371,95.64911500531757,75.39683070587218,525.0043122467646,16.214918652831734,2700,12.404115811137576,0.13313877195936064
2288,738.0,724.557869942263,2464.8527317307753,174.54914548990425,2537.3378358682826,95.6490232018387,75.3972027285811,525.2776794482869,16.21512319655026,2700,12.40385144074361,0.13313877195936064
2289,738.01,724.5549788908511,2464.857273685464,174.5494833332176,2537.337505128402,95.64893139909772,75.3975753751388,525.5510422523374,16.215327741481506,2700,12.403587122761284,0.13313877195936064
2290,738.02,724.5520819652013,2464.8618565987967,174.54982397935126,2537.3371743917296,95.64883959709458,75.39794864473006,525.8244006621906,16.215532287627124,2700,12.403322858142367,0.13313877195936064
2291,738.03,724.5491791712393,2464.8664804168616,174.55016742461086,2537.3368436582655,95.6487477958293,75.39832253653634,526.0977546811386,16.215736834988768,2700,12.403058647837609,0.13313877195936064
2292,738.04,724.546270518021,2464.8711450855244,174.5505136653013,2537.3365129280073,95.64865599530184,75.39869704973748,526.3711043124911,16.215941383568094,2700,12.402794492796703,0.13313877195936064
2293,738.05,724.5433560146187,2464.8758505505566,174.5508626977085,2537.3361822009538,95.64856419551218,75.39907218351075,526.6444495595756,16.21614593336674,2700,12.40253039396831,0.13313877195936064
2294,738.0600000000001,724.5404356639285,2464.8805967575495,174.5512145181757,2537.3358514771057,95.64847239646032,75.39944793703108,526.917790425737,16.21635048438636,2700,12.402266352300044,0.13313877195936064
2295,738.07,724.5375094766176,2464.8853836519515,174.55156912290013,2537.3355207564614,95.6483805981462,75.399824309472,527.1911269143378,16.216555036628588,2700,12.402002368738465,0.13313877195936064
2296,738.08,724.534577460268,2464.8902111791117,174.55192650807746,2537.33519003902,95.64828880056989,75.4002013000037,527.4644590287581,16.21675959009507,2700,12.401738444229096,0.13313877195936064
2297,738.09,724.5316396209403,2464.895079284168,174.55228667013142,2537.3348593247806,95.6481970037313,75.40057890779464,527.7377867723956,16.216964144787433,2700,12.401474579716382,0.13313877195936064
2298,738.1,724.5286959678145,2464.8999879121425,174.5526496051687,2537.3345286137423,95.64810520763042,75.40095713201121,528.0111101486649,16.217168700707315,2700,12.40121077614372,0.13313877195936064
2299,738.11,724.5257465069873,2464.904937007926,174.5530153094522,2537.334197905904,95.64801341226726,75.40133597181716,528.2844291609987,16.217373257856348,2700,12.400947034453448,0.13313877195936064
2300,738.12,724.5227912492314,2464.909926516229,174.55338377919048,2537.333867201266,95.6479216176418,75.40171542637451,528.5577438128468,16.217577816236155,2700,12.400683355586827,0.13313877195936064
2301,738.13,724.5198301975861,2464.914956381659,174.55375501062224,2537.3335364998266,95.64782982375401,75.40209549484234,528.8310541076763,16.21778237584836,2700,12.400419740484047,0.13313877195936064
2302,738.14,724.5168633644166,2464.920026548622,174.55412899992697,2537.333205801585,95.64773803060388,75.40247617637866,529.1043600489718,16.217986936694583,2700,12.400156190084235,0.13313877195936064
2303,738.15,724.5138907543505,2464.9251369614612,174.5545057433234,2537.3328751065383,95.64764623819138,75.40285747013797,529.3776616402353,16.21819149877644,2700,12.39989270532543,0.13313877195936064
2304,738.16,724.5109123766957,2464.930287564294,174.5548852369356,2537.332544414689,95.64755444651652,75.4032393752737,529.6509588849856,16.218396062095554,2700,12.39962928714459,0.13313877195936064
2305,738.17,724.5079282376726,2464.9354783011554,174.55526747690388,2537.332213726035,95.64746265557928,75.40362189093632,529.9242517867592,16.21860062665353,2700,12.399365936477594,0.13313877195936064
2306,738.18,724.5049383481763,2464.9407091159005,174.55565245950342,2537.3318830405738,95.64737086537963,75.40400501627471,530.1975403491099,16.218805192451978,2700,12.399102654259224,0.13313877195936064
2307,738.19,724.5019427113712,2464.945979952271,174.5560401808325,2537.3315523583055,95.64727907591755,75.4043887504348,530.4708245756083,16.219009759492504,2700,12.398839441423174,0.13313877195936064
2308,738.2,724.4989413381946,2464.951290753827,174.55643063696115,2537.3312216792306,95.64718728719302,75.40477309256144,530.7441044698425,16.219214327776708,2700,12.398576298902046,0.13313877195936064
2309,738.21,724.4959342380471,2464.956641464046,174.55682382416495,2537.330891003347,95.64709549920606,75.40515804179631,531.0173800354173,16.219418897306195,2700,12.39831322762734,0.13313877195936064
2310,738.22,724.4929214157078,2464.962032026206,174.55721973843123,2537.3305603306526,95.64700371195663,75.40554359727919,531.290651275955,16.219623468082556,2700,12.398050228529453,0.13313877195936064
2311,738.23,724.489902880624,2464.9674623834617,174.55761837588608,2537.3302296611487,95.6469119254447,75.40592975814823,531.5639181950951,16.21982804010739,2700,12.397787302537669,0.13313877195936064
2312,738.24,724.4868786376086,2464.9729324788586,174.55801973270005,2537.3298989948325,95.64682013967027,75.40631652353879,531.8371807964935,16.220032613382283,2700,12.397524450580175,0.13313877195936064
2313,738.25,724.4838486992492,2464.978442255259,174.5584238049228,2537.3295683317046,95.64672835463332,75.40670389258473,532.1104390838237,16.220237187908825,2700,12.397261673584033,0.13313877195936064
2314,738.26,724.4808130719484,2464.983991655434,174.55883058864802,2537.3292376717627,95.64663657033384,75.40709186441681,532.383693060776,16.220441763688598,2700,12.396998972475197,0.13313877195936064
2315,738.27,724.4777717621396,2464.9895806219456,174.55924007996026,2537.3289070150063,95.6465447867718,75.40748043816447,532.6569427310573,16.220646340723185,2700,12.396736348178495,0.13313877195936064
2316,738.28,724.4747247793654,2464.995209097274,174.55965227488053,2537.328576361436,95.6464530039472,75.40786961295498,532.9301880983919,16.22085091901416,2700,12.396473801617637,0.13313877195936064
2317,738.29,724.4716721316402,2465.000877023755,174.56006716948698,2537.3282457110477,95.64636122186,75.40825938791312,533.2034291665209,16.22105549856311,2700,12.396211333715197,0.13313877195936064
2318,738.3,724.4686138270027,2465.006584343563,174.56048475977695,2537.3279150638423,95.64626944051022,75.40864976216179,533.476665939202,16.221260079371596,2700,12.395948945392625,0.13313877195936064
2319,738.3100000000001,724.4655498719584,2465.0123309987516,174.56090504190004,2537.32758441982,95.64617765989783,75.40904073482169,533.7498984202099,16.22146466144119,2700,12.39568663757024,0.13313877195936064
2320,738.32,724.4624802761329,2465.0181169312314,174.56132801183333,2537.3272537789767,95.6460858800228,75.4094323050117,534.0231266133361,16.221669244773455,2700,12.39542441116721,0.13313877195936064
2321,738.33,724.4594050476198,2465.02394208279,174.5617536654754,2537.326923141314,95.64599410088512,75.40982447184818,534.2963505223887,16.22187382936996,2700,12.395162267101577,0.13313877195936064
2322,738.34,724.4563241929854,2465.0298063950536,174.56218199903145,2537.3265925068317,95.64590232248477,75.41021723444555,534.5695701511926,16.222078415232264,2700,12.394900206290231,0.13313877195936064
2323,738.35,724.4532377234657,2465.035709809522,174.5626130083281,2537.326261875526,95.64581054482174,75.41061059191648,534.8427855035895,16.22228300236192,2700,12.394638229648915,0.13313877195936064
2324,738.36,724.4501456425622,2465.041652267579,174.56304668946362,2537.325931247397,95.64571876789601,75.41100454337078,535.1159965834378,16.22248759076048,2700,12.394376338092226,0.13313877195936064
2325,738.37,724.4470479646516,2465.0476337104283,174.56348303834355,2537.3256006224447,95.64562699170757,75.4113990879174,535.3892033946121,16.222692180429497,2700,12.39411453253359,0.13313877195936064
2326,738.38,724.4439446917225,2465.0536540792077,174.56392205100127,2537.325270000667,95.64553521625642,75.41179422466163,535.6624059410043,16.222896771370518,2700,12.3938528138853,0.13313877195936064
2327,738.39,724.4408358350955,2465.0597133148267,174.56436372337967,2537.3249393820633,95.6454434415425,75.41218995270843,535.9356042265222,16.22310136358509,2700,12.393591183058463,0.13313877195936064
2328,738.4,724.4377214045427,2465.0658113581617,174.56480805139304,2537.3246087666325,95.64535166756582,75.41258627115944,536.2087982550904,16.223305957074754,2700,12.393329640963037,0.13313877195936064
2329,738.41,724.4346014036713,2465.0719481498836,174.5652550310392,2537.3242781543745,95.64525989432637,75.41298317911449,536.4819880306502,16.22351055184104,2700,12.39306818850781,0.13313877195936064
2330,738.42,724.4314758454021,2465.0781236305406,174.5657046581657,2537.323947545287,95.64516812182413,75.41338067567214,536.7551735571591,16.223715147885493,2700,12.392806826600392,0.13313877195936064
2331,738.43,724.428344736469,2465.0843377405995,174.56615692877503,2537.3236169393685,95.64507635005907,75.41377875992775,537.0283548385912,16.223919745209635,2700,12.392545556147223,0.13313877195936064
2332,738.44,724.4252080836382,2465.0905904203096,174.56661183874587,2537.32328633662,95.6449845790312,75.41417743097544,537.3015318789369,16.224124343815003,2700,12.392284378053564,0.13313877195936064
2333,738.45,724.4220658952339,2465.096881609857,174.56706938404284,2537.322955737039,95.64489280874048,75.41457668790721,537.5747046822029,16.224328943703117,2700,12.39202329322349,0.13313877195936064
2334,738.46,724.4189181858002,2465.1032112492744,174.56752956044832,2537.3226251406245,95.64480103918692,75.41497652981305,537.8478732524126,16.224533544875502,2700,12.391762302559902,0.13313877195936064
2335,738.47,724.4157649559544,2465.109579278468,174.56799236392715,2537.3222945473763,95.64470927037047,75.41537695578,538.1210375936053,16.224738147333674,2700,12.391501406964501,0.13313877195936064
2336,738.48,724.4126062140889,2465.115985637156,174.5684577903777,2537.321963957293,95.64461750229111,75.4157779648949,538.3941977098369,16.224942751079155,2700,12.391240607337801,0.13313877195936064
2337,738.49,724.4094419747958,2465.1224302650376,174.56892583563277,2537.3216333703745,95.64452573494887,75.4161795562415,538.6673536051793,16.22514735611345,2700,12.390979904579128,0.13313877195936064
2338,738.5,724.4062722403006,2465.1289131016124,174.56939649551862,2537.321302786616,95.6444339683437,75.41658172890088,538.9405052837208,16.225351962438072,2700,12.3907192995866,0.13313877195936064
2339,738.51,724.4030970252489,2465.135434086207,174.5698697659763,2537.320972206021,95.64434220247561,75.41698448195375,539.2136527495657,16.22555657005453,2700,12.390458793257135,0.13313877195936064
2340,738.52,724.3999163318962,2465.141993158124,174.57034564278595,2537.320641628586,95.64425043734455,75.4173878144772,539.4867960068347,16.225761178964323,2700,12.39019838648645,0.13313877195936064
2341,738.53,724.3967301749246,2465.1485902564314,174.57082412180932,2537.3203110543122,95.64415867295052,75.41779172554796,539.7599350596644,16.22596578916895,2700,12.389938080169054,0.13313877195936064
2342,738.54,724.3935385566268,2465.1552253201653,174.5713051988209,2537.3199804831956,95.64406690929351,75.41819621423916,540.0330699122076,16.226170400669915,2700,12.389677875198247,0.13313877195936064
2343,738.55,724.3903414917229,2465.1618982881396,174.57178886969712,2537.319649915237,95.64397514637349,75.41860127962364,540.3062005686331,16.226375013468704,2700,12.389417772466103,0.13313877195936064
2344,738.5600000000001,724.3871389825415,2465.1686090991448,174.57227513022073,2537.3193193504344,95.64388338419047,75.41900692077061,540.5793270331259,16.22657962756681,2700,12.389157772863495,0.13313877195936064
2345,738.57,724.3839310407412,2465.1753576917254,174.57276397617602,2537.318988788787,95.64379162274442,75.41941313674887,540.8524493098867,16.22678424296572,2700,12.38889787728006,0.13313877195936064
2346,738.58,724.3807176748865,2465.1821440044137,174.5732554033856,2537.3186582302937,95.64369986203532,75.41981992662414,541.1255674031322,16.22698885966692,2700,12.388638086604223,0.13313877195936064
2347,738.59,724.3774988935702,2465.188967975533,174.57374940764078,2537.318327674954,95.64360810206314,75.4202272894606,541.3986813170952,16.22719347767189,2700,12.388378401723172,0.13313877195936064
2348,738.6,724.3742747053994,2465.1958295433037,174.57424598466284,2537.3179971227664,95.64351634282788,75.42063522432052,541.6717910560244,16.227398096982103,2700,12.38811882352287,0.13313877195936064
2349,738.61,724.3710451189995,2465.202728645831,174.57474513021836,2537.31766657373,95.64342458432954,75.4210437302642,541.9448966241844,16.22760271759904,2700,12.38785935288805,0.13313877195936064
2350,738.62,724.3678101430147,2465.209665221085,174.57524684015502,2537.3173360278442,95.64333282656808,75.42145280635008,542.2179980258551,16.227807339524173,2700,12.387599990702196,0.13313877195936064
2351,738.63,724.3645697861067,2465.2166392069157,174.57575111008026,2537.317005485106,95.64324106954349,75.42186245163462,542.4910952653329,16.22801196275896,2700,12.387340737847566,0.13313877195936064
2352,738.64,724.3613240538557,2465.2236505410424,174.5762579358215,2537.3166749455168,95.64314931325578,75.42227266517233,542.7641883469297,16.228216587304875,2700,12.387081595205165,0.13313877195936064
2353,738.65,724.3580729611591,2465.230699161064,174.576767313126,2537.3163444090737,95.64305755770488,75.4226834460163,543.0372772749728,16.228421213163376,2700,12.38682256365475,0.13313877195936064
2354,738.66,724.3548165136297,2465.2377850044754,174.5772792376914,2537.3160138757758,95.64296580289083,75.42309479321652,543.3103620538058,16.22862584033592,2700,12.386563644074842,0.13313877195936064
2355,738.67,724.3515547200078,2465.2449080085808,174.5777937051841,2537.315683345623,95.64287404881357,75.42350670582235,543.5834426877875,16.228830468823965,2700,12.386304837342696,0.13313877195936064
2356,738.68,724.3482875859423,2465.252068110637,174.57831071135988,2537.315352818614,95.64278229547311,75.42391918288065,543.8565191812926,16.22903509862896,2700,12.386046144334314,0.13313877195936064
2357,738.69,724.3450151264013,2465.259265247742,174.57883025183668,2537.315022294746,95.64269054286942,75.42433222343699,544.129591538711,16.229239729752354,2700,12.385787565924446,0.13313877195936064
2358,738.7,724.341737347069,2465.266499356904,174.5793523224576,2537.3146917740205,95.6425987910025,75.42474582653382,544.4026597644488,16.229444362195593,2700,12.385529102986565,0.13313877195936064
2359,738.71,724.3384542536583,2465.2737703749317,174.57987691876306,2537.3143612564345,95.64250703987233,75.42515999121288,544.675723862927,16.22964899596012,2700,12.385270756392895,0.13313877195936064
2360,738.72,724.335165861185,2465.2810782385855,174.58040403651458,2537.314030741988,95.64241528947889,75.42557471651408,544.9487838385825,16.22985363104737,2700,12.385012527014386,0.13313877195936064
2361,738.73,724.331872175388,2465.288422884511,174.58093367128586,2537.313700230678,95.64232353982216,75.42599000147433,545.2218396958675,16.23005826745878,2700,12.384754415720714,0.13313877195936064
2362,738.74,724.3285732020321,2465.2958042491555,174.58146581875283,2537.313369722505,95.64223179090213,75.42640584512976,545.4948914392497,16.230262905195783,2700,12.384496423380277,0.13313877195936064
2363,738.75,724.3252689561863,2465.303222268909,174.58200047468125,2537.3130392174685,95.64214004271878,75.42682224651475,545.7679390732121,16.23046754425981,2700,12.38423855086021,0.13313877195936064
2364,738.76,724.3219594436403,2465.310676880059,174.58253763451418,2537.3127087155653,95.6420482952721,75.42723920466067,546.0409826022533,16.23067218465228,2700,12.383980799026354,0.13313877195936064
2365,738.77,724.3186446702122,2465.318168018691,174.58307729406087,2537.312378216797,95.64195654856208,75.42765671859814,546.3140220308868,16.230876826374622,2700,12.383723168743266,0.13313877195936064
2366,738.78,724.3153246510228,2465.3256956208375,174.58361944879246,2537.312047721159,95.6418648025887,75.42807478735605,546.5870573636419,16.23108146942825,2700,12.38346566087423,0.13313877195936064
2367,738.79,724.3119993919139,2465.3332596224295,174.5841640944467,2537.311717228653,95.64177305735193,75.42849340996027,546.8600886050626,16.231286113814587,2700,12.38320827628122,0.13313877195936064
2368,738.8,724.3086689018545,2465.3408599591876,174.58471122653916,2537.311386739276,95.64168131285177,75.42891258543608,547.1331157597089,16.231490759535035,2700,12.382951015824935,0.13313877195936064
2369,738.8100000000001,724.3053331867188,2465.348496566805,174.58526084073458,2537.3110562530283,95.6415895690882,75.4293323128064,547.4061388321552,16.23169540659101,2700,12.382693880364771,0.13313877195936064
2370,738.82,724.301992258603,2465.356169380813,174.58581293258854,2537.310725769908,95.6414978260612,75.42975259109275,547.6791578269915,16.231900054983917,2700,12.382436870758825,0.13313877195936064
2371,738.83,724.298646132713,2465.3638783366596,174.58636749769119,2537.3103952899146,95.64140608377076,75.43017341931431,547.9521727488228,16.232104704715155,2700,12.382179987863893,0.13313877195936064
2372,738.84,724.2952948056869,2465.371623369632,174.58692453164124,2537.3100648130453,95.64131434221687,75.4305947964879,548.2251836022695,16.23230935578613,2700,12.381923232535462,0.13313877195936064
2373,738.85,724.2919382958743,2465.379404414868,174.58748402991307,2537.3097343393015,95.6412226013995,75.43101672163095,548.4981903919664,16.232514008198226,2700,12.38166660562772,0.13313877195936064
2374,738.86,724.2885766061261,2465.3872214075486,174.58804598817554,2537.3094038686772,95.64113086131866,75.43143919375625,548.7711931225641,16.23271866195285,2700,12.38141010799354,0.13313877195936064
2375,738.87,724.2852097517314,2465.395074282545,174.5886104018139,2537.309073401178,95.6410391219743,75.43186221187696,549.0441917987276,16.23292331705138,2700,12.381153740484477,0.13313877195936064
2376,738.88,724.2818377417791,2465.4029629747574,174.58917726661207,2537.3087429367974,95.64094738336642,75.43228577500294,549.3171864251373,16.233127973495208,2700,12.380897503950772,0.13313877195936064
2377,738.89,724.2784605760938,2465.410887418868,174.5897465779045,2537.308412475538,95.64085564549502,75.43270988214292,549.5901770064879,16.233332631285712,2700,12.380641399241348,0.13313877195936064
2378,738.9,724.2750782731007,2465.4188475494852,174.5903183313243,2537.3080820173955,95.64076390836006,75.43313453230506,549.8631635474899,16.233537290424277,2700,12.380385427203809,0.13313877195936064
2379,738.91,724.2716908419358,2465.426843301187,174.59089252235123,2537.307751562369,95.64067217196154,75.43355972449355,550.1361460528678,16.233741950912272,2700,12.380129588684424,0.13313877195936064
2380,738.92,724.2682982824774,2465.434874608285,174.59146914647377,2537.3074211104595,95.64058043629944,75.43398545771186,550.4091245273615,16.233946612751073,2700,12.379873884528138,0.13313877195936064
2381,738.93,724.2649006162993,2465.442941405046,174.59204819918938,2537.3070906616636,95.64048870137376,75.43441173096303,550.6820989757255,16.23415127594205,2700,12.379618315578567,0.13313877195936064
2382,738.94,724.2614978401924,2465.451043625706,174.59262967605102,2537.3067602159817,95.64039696718444,75.43483854324545,550.9550694027288,16.23435594048657,2700,12.379362882677992,0.13313877195936064
2383,738.95,724.2580899757776,2465.4591812042067,174.59321357252603,2537.3064297734118,95.64030523373151,75.43526589355915,551.2280358131555,16.23456060638599,2700,12.37910758666735,0.13313877195936064
2384,738.96,724.2546770229733,2465.4673540745907,174.59379988404896,2537.3060993339527,95.64021350101494,75.43569378089917,551.5009982118044,16.234765273641674,2700,12.378852428386251,0.13313877195936064
2385,738.97,724.2512589941381,2465.475562170571,174.59438860615197,2537.3057688976032,95.6401217690347,75.43612220426161,551.7739566034886,16.234969942254974,2700,12.378597408672949,0.13313877195936064
2386,738.98,724.2478359016192,2465.483805425937,174.59497973426116,2537.3054384643615,95.64003003779081,75.43655116263935,552.046910993036,16.235174612227247,2700,12.378342528364362,0.13313877195936064
2387,738.99,724.2444077515995,2465.4920837742657,174.59557326386124,2537.305108034227,95.6399383072832,75.43698065502358,552.3198613852893,16.235379283559837,2700,12.378087788296051,0.13313877195936064
2388,739.0,724.2409745502766,2465.5003971490232,174.59616919031836,2537.304777607201,95.63984657751192,75.4374106804045,552.5928077851055,16.235583956254093,2700,12.377833189302232,0.13313877195936064
2389,739.01,724.2375363131533,2465.508745483612,174.59676750918558,2537.304447183277,95.6397548484769,75.43784123777061,552.8657501973561,16.235788630311358,2700,12.37757873221576,0.13313877195936064
2390,739.02,724.2340930433547,2465.517128711326,174.5973682158871,2537.3041167624574,95.63966312017816,75.43827232610758,553.1386886269271,16.235993305732965,2700,12.377324417868138,0.13313877195936064
2391,739.03,724.2306447564255,2465.5255467652673,174.59797130573926,2537.30378634474,95.63957139261564,75.43870394440101,553.4116230787192,16.236197982520256,2700,12.37707024708951,0.13313877195936064
2392,739.04,724.2271914617152,2465.5339995785416,174.59857677429383,2537.303455930124,95.63947966578937,75.43913609163336,553.6845535576472,16.23640266067456,2700,12.376816220708651,0.13313877195936064
2393,739.05,724.2237331593088,2465.542487084045,174.59918461684603,2537.303125518607,95.63938793969933,75.43956876678604,553.9574800686404,16.236607340197207,2700,12.376562339552978,0.13313877195936064
2394,739.0600000000001,724.2202698678896,2465.551009214608,174.5997948288456,2537.302795110191,95.63929621434549,75.44000196884,554.2304026166426,16.23681202108952,2700,12.376308604448534,0.13313877195936064
2395,739.07,724.2168015937519,2465.559565903029,174.6004074057455,2537.3024647048687,95.63920448972785,75.4404356967722,554.5033212066114,16.237016703352822,2700,12.37605501621999,0.13313877195936064
2396,739.08,724.2133283463287,2465.5681570818488,174.6010223428858,2537.302134302645,95.63911276584636,75.44086994955961,554.7762358435194,16.237221386988434,2700,12.375801575690646,0.13313877195936064
2397,739.09,724.2098501381472,2465.5767826836045,174.6016396356597,2537.3018039035155,95.63902104270106,75.44130472617718,555.0491465323529,16.237426071997668,2700,12.375548283682427,0.13313877195936064
2398,739.1,724.2063669724625,2465.5854426407077,174.60225927938177,2537.301473507479,95.63892932029188,75.44174002559777,555.3220532781125,16.237630758381837,2700,12.375295141015869,0.13313877195936064
2399,739.11,724.2028788649405,2465.594136885427,174.60288126953233,2537.3011431145355,95.63883759861884,75.44217584679382,555.5949560858132,16.237835446142245,2700,12.375042148510136,0.13313877195936064
2400,739.12,724.1993858219578,2465.6028653500075,174.60350560128992,2537.300812724683,95.63874587768191,75.4426121887346,555.867854960484,16.238040135280205,2700,12.374789306983006,0.13313877195936064
2401,739.13,724.1958878530177,2465.6116279664902,174.60413227024563,2537.300482337919,95.63865415748108,75.44304905038892,556.1407499071678,16.238244825797015,2700,12.37453661725086,0.13313877195936064
2402,739.14,724.1923849707268,2465.620424666878,174.60476127156514,2537.300151954246,95.63856243801634,75.4434864307237,556.4136409309218,16.23844951769397,2700,12.374284080128696,0.13313877195936064
2403,739.15,724.1888771784155,2465.629255383061,174.6053926006856,2537.2998215736584,95.63847071928765,75.44392432870369,556.6865280368172,16.238654210972364,2700,12.374031696430118,0.13313877195936064
2404,739.16,724.1853644856318,2465.6381200467795,174.6060262528651,2537.2994911961573,95.63837900129504,75.44436274329314,556.9594112299392,16.238858905633496,2700,12.373779466967331,0.13313877195936064
2405,739.17,724.1818469112194,2465.6470185897465,174.60666222347356,2537.299160821742,95.63828728403846,75.44480167345412,557.2322905153869,16.239063601678644,2700,12.373527392551148,0.13313877195936064
2406,739.1800000000001,724.1783244585563,2465.6559509435265,174.60730050780992,2537.2988304504083,95.63819556751788,75.44524111814599,557.5051658982735,16.2392682991091,2700,12.373275473990974,0.13313877195936064
2407,739.19,724.1747971341425,2465.664917039514,174.6079411012093,2537.2985000821573,95.63810385173332,75.44568107632838,557.7780373837256,16.23947299792614,2700,12.373023712094806,0.13313877195936064
2408,739.2,724.1712649568668,2465.6739168091203,174.6085839989162,2537.2981697169866,95.63801213668476,75.44612154695909,558.0509049768843,16.239677698131043,2700,12.372772107669247,0.13313877195936064
2409,739.21,724.1677279239511,2465.682950183633,174.60922919632566,2537.297839354897,95.63792042237218,75.44656252899254,558.3237686829042,16.239882399725083,2700,12.37252066151948,0.13313877195936064
2410,739.22,724.1641860543332,2465.692017094125,174.60987668866966,2537.2975089958845,95.63782870879555,75.44700402138456,558.5966285069536,16.24008710270953,2700,12.37226937444928,0.13313877195936064
2411,739.23,724.1606393576465,2465.7011174717554,174.61052647117447,2537.2971786399485,95.63773699595487,75.44744602308663,558.8694844542147,16.240291807085654,2700,12.372018247261005,0.13313877195936064
2412,739.24,724.1570878404648,2465.7102512474034,174.61117853916727,2537.296848287089,95.63764528385012,75.44788853304992,559.1423365298834,16.240496512854715,2700,12.371767280755602,0.13313877195936064
2413,739.25,724.1535315093661,2465.719418351929,174.61183288797164,2537.2965179373036,95.63755357248131,75.44833155022435,559.4151847391693,16.24070122001797,2700,12.371516475732584,0.13313877195936064
2414,739.26,724.1499703802344,2465.728618716106,174.61248951275107,2537.2961875905903,95.63746186184838,75.44877507355832,559.6880290872955,16.240905928576687,2700,12.371265832990058,0.13313877195936064
2415,739.27,724.1464044596745,2465.7378522706144,174.6131484088254,2537.29585724695,95.63737015195134,75.44921910199756,559.9608695794988,16.24111063853211,2700,12.371015353324694,0.13313877195936064
2416,739.28,724.1428337574137,2465.7471189459543,174.61380957139514,2537.2955269063796,95.63727844279019,75.44966363448742,560.2337062210297,16.24131534988549,2700,12.370765037531738,0.13313877195936064
2417,739.29,724.1392582862808,2465.756418672611,174.61447299581764,2537.295196568878,95.63718673436487,75.45010866997148,560.506539017152,16.241520062638074,2700,12.370514886405008,0.13313877195936064
2418,739.3,724.1356780498288,2465.7657513809413,174.61513867711696,2537.2948662344443,95.63709502667542,75.45055420739129,560.7793679731432,16.241724776791106,2700,12.370264900736885,0.13313877195936064
2419,739.3100000000001,724.1320930640208,2465.7751170011784,174.61580661070138,2537.2945359030764,95.63700331972179,75.45100024568808,561.052193094294,16.241929492345825,2700,12.370015081318314,0.13313877195936064
2420,739.32,724.1285033355292,2465.7845154635347,174.61647679171872,2537.2942055747735,95.63691161350397,75.45144678380008,561.325014385909,16.242134209303465,2700,12.369765428938809,0.13313877195936064
2421,739.33,724.124908874153,2465.7939466980242,174.61714921544666,2537.2938752495356,95.63681990802195,75.45189382066518,561.5978318533057,16.24233892766526,2700,12.369515944386428,0.13313877195936064
2422,739.34,724.1213096927919,2465.8034106346367,174.6178238769895,2537.2935449273596,95.63672820327571,75.45234135521945,561.8706455018153,16.242543647432438,2700,12.369266628447804,0.13313877195936064
2423,739.35,724.1177057950712,2465.8129072032502,174.61850077160958,2537.2932146082435,95.63663649926525,75.45278938639697,562.143455336782,16.24274836860623,2700,12.369017481908113,0.13313877195936064
2424,739.36,724.1140971939262,2465.822436333604,174.61917989453036,2537.292884292188,95.63654479599052,75.45323791313153,562.4162613635638,16.242953091187847,2700,12.368768505551085,0.13313877195936064
2425,739.37,724.110483905394,2465.83199795543,174.61986124084842,2537.2925539791913,95.63645309345155,75.45368693435445,562.6890635875315,16.243157815178517,2700,12.368519700158998,0.13313877195936064
2426,739.38,724.1068659300465,2465.8415919982867,174.62054480581614,2537.2922236692507,95.6363613916483,75.4541364489951,562.961862014069,16.243362540579447,2700,12.368271066512676,0.13313877195936064
2427,739.39,724.1032432808638,2465.8512183916155,174.62123058459176,2537.2918933623655,95.63626969058076,75.45458645598339,563.2346566485741,16.243567267391857,2700,12.368022605391491,0.13313877195936064
2428,739.4,724.0996159708236,2465.860877064886,174.62191857236567,2537.291563058535,95.63617799024891,75.45503695424614,563.5074474964568,16.24377199561695,2700,12.367774317573359,0.13313877195936064
2429,739.41,724.095984006735,2465.870567947369,174.6226087642835,2537.291232757758,95.63608629065273,75.45548794270881,563.7802345631411,16.24397672525593,2700,12.367526203834721,0.13313877195936064
2430,739.42,724.0923473985184,2465.88029096825,174.62330115548355,2537.2909024600317,95.63599459179223,75.45593942029625,564.0530178540635,16.24418145631,2700,12.36727826495057,0.13313877195936064
2431,739.4300000000001,724.0887061561014,2465.8900460566697,174.62399574111205,2537.290572165356,95.63590289366736,75.45639138593131,564.3257973746736,16.244386188780357,2700,12.367030501694424,0.13313877195936064
2432,739.44,724.0850602925257,2465.8998331416406,174.62469251635176,2537.2902418737294,95.63581119627814,75.45684383853563,564.5985731304344,16.244590922668195,2700,12.366782914838339,0.13313877195936064
2433,739.45,724.0814098115547,2465.909652152094,174.62539147624588,2537.28991158515,95.63571949962454,75.4572967770289,564.8713451268211,16.244795657974702,2700,12.366535505152893,0.13313877195936064
2434,739.46,724.0777547293587,2465.9195030168407,174.62609261609092,2537.2895812996157,95.63562780370656,75.45775020033062,565.1441133693227,16.245000394701066,2700,12.366288273407196,0.13313877195936064
2435,739.47,724.0740950528182,2465.92938566467,174.62679593081288,2537.2892510171273,95.63553610852415,75.45820410735735,565.4168778634405,16.245205132848476,2700,12.366041220368885,0.13313877195936064
2436,739.48,724.0704307950353,2465.939300024187,174.62750141570913,2537.2889207376825,95.63544441407733,75.45865849702548,565.689638614689,16.2454098724181,2700,12.365794346804106,0.13313877195936064
2437,739.49,724.0667619629207,2465.9492460239803,174.62820906575652,2537.2885904612795,95.63535272036607,75.45911336824925,565.9623956285952,16.245614613411128,2700,12.365547653477543,0.13313877195936064
2438,739.5,724.0630885695995,2465.959223592504,174.62891887612142,2537.288260187916,95.63526102739036,75.45956871994227,566.2351489106993,16.245819355828722,2700,12.365301141152377,0.13313877195936064
2439,739.51,724.0594106189103,2465.9692326581685,174.62963084196525,2537.2879299175934,95.6351693351502,75.4600245510159,566.5078984665537,16.246024099672056,2700,12.365054810590324,0.13313877195936064
2440,739.52,724.0557281240062,2465.9792731492334,174.63034495826705,2537.287599650307,95.63507764364553,75.4604808603813,566.780644301724,16.246228844942298,2700,12.364808662551598,0.13313877195936064
2441,739.53,724.0520410980419,2465.9893449939505,174.63106122012445,2537.2872693860572,95.63498595287638,75.46093764694707,567.0533864217883,16.246433591640603,2700,12.364562697794929,0.13313877195936064
2442,739.54,724.0483495480015,2465.999448120405,174.63177962271604,2537.286939124843,95.6348942628427,75.46139490962058,567.3261248323373,16.246638339768133,2700,12.364316917077547,0.13313877195936064
2443,739.55,724.0446534870755,2466.0095824566006,174.63250016101233,2537.2866088666624,95.63480257354452,75.4618526473087,567.5988595389744,16.246843089326045,2700,12.364071321155201,0.13313877195936064
2444,739.5600000000001,724.040952919168,2466.0197479305034,174.633222830147,2537.286278611513,95.63471088498177,75.46231085891597,567.8715905473153,16.247047840315492,2700,12.363825910782127,0.13313877195936064
2445,739.57,724.0372478636914,2466.029944469938,174.63394762510768,2537.2859483593957,95.63461919715449,75.46276954334697,568.1443178629887,16.247252592737617,2700,12.363580686711076,0.13313877195936064
2446,739.58,724.0335383214739,2466.040172002718,174.63467454104898,2537.285618110306,95.63452751006264,75.46322869950279,568.4170414916355,16.247457346593567,2700,12.363335649693289,0.13313877195936064
2447,739.59,724.0298243057665,2466.050430456446,174.63540357299155,2537.2852878642457,95.63443582370621,75.46368832628563,568.689761438909,16.247662101884483,2700,12.363090800478503,0.13313877195936064
2448,739.6,724.0261058298088,2466.060719758785,174.63613471591958,2537.2849576212116,95.63434413808517,75.4641484225948,568.962477710475,16.247866858611502,2700,12.362846139814952,0.13313877195936064
2449,739.61,724.0223829037719,2466.0710398372107,174.63686796494858,2537.2846273812015,95.63425245319952,75.46460898732839,569.2351903120118,16.24807161677576,2700,12.362601668449358,0.13313877195936064
2450,739.62,724.0186555316436,2466.081390619123,174.6376033150913,2537.284297144216,95.63416076904923,75.46507001938349,569.5078992492099,16.248276376378385,2700,12.36235738712693,0.13313877195936064
2451,739.63,724.0149237267129,2466.0917720318557,174.63834076131442,2537.2839669102523,95.63406908563432,75.46553151765659,569.7806045277722,16.2484811374205,2700,12.362113296591374,0.13313877195936064
2452,739.64,724.011187505372,2466.1021840027015,174.6390802987077,2537.2836366793094,95.63397740295476,75.46599348104183,570.0533061534138,16.248685899903236,2700,12.36186939758487,0.13313877195936064
2453,739.65,724.007446868549,2466.112626458806,174.639821922264,2537.2833064513866,95.6338857210105,75.46645590843168,570.3260041318622,16.24889066382771,2700,12.36162569084808,0.13313877195936064
2454,739.66,724.0037018326743,2466.1230993271947,174.64056562699727,2537.282976226482,95.63379403980159,75.4669187987193,570.5986984688567,16.249095429195034,2700,12.361382177120152,0.13313877195936064
2455,739.67,723.9999524048809,2466.1336025349465,174.64131140794626,2537.2826460045926,95.63370235932797,75.46738215079452,570.8713891701494,16.249300196006324,2700,12.361138857138709,0.13313877195936064
2456,739.6800000000001,723.9961985985268,2466.1441360089225,174.64205926003925,2537.282315785718,95.63361067958962,75.4678459635472,571.144076241504,16.249504964262684,2700,12.36089573163985,0.13313877195936064
2457,739.69,723.9924404207762,2466.1546996759876,174.6428091783106,2537.281985569859,95.63351900058656,75.4683102358651,571.4167596886964,16.249709733965226,2700,12.360652801358144,0.13313877195936064
2458,739.7,723.9886778819113,2466.1652934628614,174.64356115777338,2537.281655357012,95.63342732231877,75.46877496663546,571.6894395175148,16.24991450511505,2700,12.360410067026635,0.13313877195936064
2459,739.71,723.9849109953133,2466.175917296236,174.64431519329878,2537.2813251471744,95.6333356447862,75.46924015474396,571.9621157337591,16.250119277713253,2700,12.360167529376831,0.13313877195936064
2460,739.72,723.981139765092,2466.1865711027017,174.64507128000565,2537.280994940347,95.63324396798888,75.46970579907446,572.2347883432415,16.250324051760927,2700,12.359925189138714,0.13313877195936064
2461,739.73,723.9773642108555,2466.1972548087338,174.64582941276376,2537.2806647365264,95.63315229192676,75.47017189851103,572.5074573517858,16.250528827259167,2700,12.359683047040724,0.13313877195936064
2462,739.74,723.9735843336301,2466.2079683408083,174.6465895866081,2537.280334535713,95.63306061659983,75.4706384519343,572.780122765228,16.250733604209056,2700,12.359441103809765,0.13313877195936064
2463,739.75,723.9698001499593,2466.2187116251935,174.64735179647218,2537.2800043379043,95.6329689420081,75.47110545822623,573.0527845894159,16.250938382611686,2700,12.359199360171198,0.13313877195936064
2464,739.76,723.9660116639868,2466.229484588231,174.64811603728933,2537.2796741430984,95.63287726815156,75.47157291626534,573.3254428302091,16.251143162468125,2700,12.358957816848847,0.13313877195936064
2465,739.77,723.9622188953725,2466.2402871560466,174.6488823040057,2537.2793439512952,95.63278559503016,75.47204082493079,573.5980974934788,16.25134794377946,2700,12.358716474564991,0.13313877195936064
2466,739.78,723.9584218482873,2466.2511192548027,174.649650591643,2537.2790137624925,95.63269392264391,75.47250918309848,573.8707485851083,16.25155272654676,2700,12.358475334040358,0.13313877195936064
2467,739.79,723.9546205362227,2466.2619808104528,174.65042089502103,2537.2786835766888,95.63260225099278,75.47297798964519,574.1433961109926,16.251757510771093,2700,12.35823439599413,0.13313877195936064
2468,739.8,723.9508149664697,2466.272871749007,174.65119320912999,2537.278353393882,95.63251058007678,75.4734472434452,574.4160400770381,16.251962296453527,2700,12.35799366114394,0.13313877195936064
2469,739.8100000000001,723.9470051494378,2466.2837919963085,174.65196752889938,2537.278023214072,95.63241890989588,75.47391694337232,574.6886804891631,16.252167083595126,2700,12.357753130205865,0.13313877195936064
2470,739.82,723.9431910955429,2466.294741478176,174.65274384927676,2537.277693037256,95.63232724045007,75.47438708829883,574.9613173532973,16.252371872196946,2700,12.357512803894432,0.13313877195936064
2471,739.83,723.939372818313,2466.3057201203233,174.65352216512662,2537.2773628634336,95.63223557173932,75.47485767709584,575.2339506753824,16.25257666226004,2700,12.3572726829226,0.13313877195936064
2472,739.84,723.9355503250907,2466.3167278483916,174.6543024714183,2537.2770326926025,95.63214390376365,75.47532870863294,575.506580461371,16.252781453785463,2700,12.35703276800178,0.13313877195936064
2473,739.85,723.9317236294307,2466.3277645879225,174.65508476299243,2537.276702524762,95.63205223652301,75.47580018177938,575.7792067172278,16.25298624677426,2700,12.356793059841818,0.13313877195936064
2474,739.86,723.9278927386943,2466.3388302644316,174.65586903478732,2537.276372359909,95.6319605700174,75.47627209540241,576.0518294489286,16.253191041227478,2700,12.356553559151,0.13313877195936064
2475,739.87,723.9240576664566,2466.3499248033113,174.6566552816881,2537.2760421980433,95.63186890424682,75.476744448369,576.3244486624609,16.253395837146154,2700,12.356314266636035,0.13313877195936064
2476,739.88,723.9202184201039,2466.3610481299283,174.65744349858278,2537.2757120391634,95.63177723921122,75.47721723954409,576.5970643638233,16.253600634531328,2700,12.356075183002078,0.13313877195936064
2477,739.89,723.9163750101351,2466.3722001695173,174.6582336804197,2537.275381883269,95.63168557491065,75.47769046779229,576.869676559026,16.25380543338403,2700,12.355836308952709,0.13313877195936064
2478,739.9,723.912527450152,2466.3833808473014,174.65902582196782,2537.2750517303566,95.63159391134502,75.47816413197668,577.1422852540902,16.254010233705298,2700,12.355597645189935,0.13313877195936064
2479,739.91,723.9086757506728,2466.3945900883946,174.6598199181688,2537.2747215804243,95.63150224851435,75.47863823095892,577.4148904550487,16.25421503549615,2700,12.35535919241419,0.13313877195936064
2480,739.92,723.9048199160378,2466.405827817816,174.66061596394286,2537.274391433472,95.63141058641865,75.47911276359982,577.6874921679456,16.254419838757606,2700,12.355120951324334,0.13313877195936064
2481,739.9300000000001,723.9009599629799,2466.4170939605406,174.6614139540051,2537.274061289498,95.63131892505787,75.4795877287599,577.9600903988359,16.25462464349069,2700,12.354882922617646,0.13313877195936064
2482,739.94,723.8970958989465,2466.4283884415117,174.66221388333818,2537.2737311485016,95.63122726443201,75.48006312529692,578.232685153786,16.25482944969642,2700,12.354645106989835,0.13313877195936064
2483,739.95,723.8932277376041,2466.4397111855055,174.66301574680097,2537.273401010479,95.63113560454107,75.48053895206891,578.5052764388731,16.255034257375804,2700,12.354407505135015,0.13313877195936064
2484,739.96,723.8893554895204,2466.4510621173044,174.663819539197,2537.2730708754307,95.63104394538502,75.48101520793199,578.7778642601859,16.25523906652985,2700,12.354170117745724,0.13313877195936064
2485,739.97,723.885479162185,2466.4624411615728,174.66462525543878,2537.272740743354,95.63095228696385,75.48149189174157,579.050448623824,16.25544387715956,2700,12.353932945512916,0.13313877195936064
2486,739.98,723.8815987661907,2466.4738482429243,174.6654328902558,2537.2724106142477,95.63086062927754,75.48196900235229,579.3230295358981,16.25564868926594,2700,12.353695989125951,0.13313877195936064
2487,739.99,723.8777143183306,2466.4852832859287,174.66624243848895,2537.272080488112,95.63076897232607,75.48244653861742,579.5956070025294,16.25585350284998,2700,12.353459249272605,0.13313877195936064
2488,740.0,723.8738258168329,2466.4967462150635,174.66705389513945,2537.271750364942,95.63067731610944,75.48292449938823,579.8681810298507,16.256058317912682,2700,12.35322272663906,0.13313877195936064
2489,740.01,723.8699332878122,2466.5082369546712,174.66786725485693,2537.2714202447382,95.63058566062763,75.48340288351754,580.1407516240055,16.25626313445503,2700,12.352986421909907,0.13313877195936064
2490,740.02,723.8660367264056,2466.5197554292017,174.66868251252706,2537.2710901274986,95.63049400588064,75.48388168985322,580.413318791148,16.25646795247801,2700,12.35275033576814,0.13313877195936064
2491,740.03,723.8621361556636,2466.5313015627794,174.66949966300157,2537.2707600132217,95.63040235186843,75.48436091724632,580.6858825374434,16.256672771982604,2700,12.352514468895153,0.13313877195936064
2492,740.04,723.8582315831247,2466.5428752797384,174.67031870101056,2537.270429901907,95.630310698591,75.48484056454328,580.9584428690674,16.256877592969794,2700,12.35227882197075,0.13313877195936064
2493,740.05,723.8543230132769,2466.554476504108,174.67113962145567,2537.270099793552,95.63021904604835,75.48532063059136,581.2309997922071,16.257082415440554,2700,12.352043395673117,0.13313877195936064
2494,740.0600000000001,723.8504104629842,2466.566105159974,174.6719624191269,2537.2697696881555,95.63012739424047,75.48580111423722,581.5035533130596,16.257287239395854,2700,12.351808190678861,0.13313877195936064
2495,740.07,723.8464939429242,2466.577761171385,174.67278708870322,2537.2694395857156,95.63003574316731,75.48628201432496,581.776103437833,16.257492064836665,2700,12.351573207662966,0.13313877195936064
2496,740.08,723.8425734607033,2466.5894444622145,174.67361362510164,2537.2691094862307,95.62994409282888,75.48676332969843,582.0486501727459,16.257696891763953,2700,12.35133844729881,0.13313877195936064
2497,740.09,723.8386490301223,2466.6011549563327,174.67444202309386,2537.2687793896985,95.62985244322516,75.48724505920093,582.3211935240279,16.25790172017867,2700,12.351103910258175,0.13313877195936064
2498,740.1,723.834720658796,2466.6128925775574,174.6752722774302,2537.2684492961184,95.62976079435614,75.48772720167385,582.5937334979188,16.25810655008178,2700,12.350869597211217,0.13313877195936064
2499,740.11,723.8307883605486,2466.624657249601,174.67610438297172,2537.2681192054897,95.6296691462218,75.48820975595847,582.8662701006691,16.258311381474236,2700,12.350635508826496,0.13313877195936064
2500,740.12,723.8268521399186,2466.636448896152,174.67693833437573,2537.2677891178105,95.62957749882214,75.48869272089411,583.1388033385397,16.258516214356987,2700,12.350401645770942,0.13313877195936064
2501,740.13,723.8229120200385,2466.6482674407825,174.67777412645822,2537.267459033077,95.62948585215715,75.48917609532056,583.4113332178018,16.258721048730976,2700,12.350168008709879,0.13313877195936064
2502,740.14,723.8189679992695,2466.6601128070874,174.67861175402047,2537.2671289512896,95.62939420622679,75.48965987807412,583.6838597447374,16.258925884597147,2700,12.349934598307016,0.13313877195936064
2503,740.15,723.8150200914845,2466.6719849184383,174.67945121179494,2537.2667988724475,95.62930256103107,75.49014406799324,583.9563829256386,16.259130721956442,2700,12.34970141522443,0.13313877195936064
2504,740.16,723.8110683136343,2466.683883698345,174.68029249456336,2537.266468796547,95.62921091656996,75.4906286639135,584.2289027668079,16.25933556080979,2700,12.349468460122594,0.13313877195936064
2505,740.17,723.8071126703112,2466.6958090701332,174.68113559705816,2537.2661387235876,95.62911927284345,75.49111366466913,584.5014192745581,16.259540401158127,2700,12.34923573366034,0.13313877195936064
2506,740.1800000000001,723.8031531723146,2466.707760957042,174.68198051406299,2537.2658086535685,95.62902762985155,75.49159906909497,584.7739324552124,16.259745243002378,2700,12.349003236494886,0.13313877195936064
2507,740.19,723.7991898335325,2466.719739282339,174.6828272403125,2537.265478586487,95.6289359875942,75.49208487602408,585.046442315104,16.25995008634347,2700,12.34877096928182,0.13313877195936064
2508,740.2,723.7952226616788,2466.731743969188,174.68367577045566,2537.265148522342,95.62884434607145,75.49257108428816,585.3189488605764,16.26015493118232,2700,12.348538932675106,0.13313877195936064
2509,740.21,723.7912516737696,2466.7437749406618,174.68452609932302,2537.2648184611307,95.6287527052832,75.49305769271893,585.5914520979832,16.26035977751985,2700,12.348307127327075,0.13313877195936064
2510,740.22,723.7872768713385,2466.7558321198308,174.68537822168784,2537.2644884028546,95.62866106522951,75.49354470014588,585.8639520336884,16.260564625356963,2700,12.34807555388842,0.13313877195936064
2511,740.23,723.7832982714228,2466.7679154296197,174.68623213223248,2537.2641583475092,95.62856942591036,75.49403210539951,586.1364486740657,16.26076947469458,2700,12.34784421300821,0.13313877195936064
2512,740.24,723.7793158848585,2466.780024793028,174.68708782568484,2537.263828295094,95.6284777873257,75.4945199073075,586.4089420254991,16.260974325533596,2700,12.34761310533388,0.13313877195936064
2513,740.25,723.7753297225058,2466.7921601328567,174.68794529673653,2537.263498245606,95.62838614947555,75.49500810469752,586.6814320943822,16.261179177874922,2700,12.347382231511212,0.13313877195936064
2514,740.26,723.7713397890374,2466.8043213719143,174.6888045400991,2537.263168199047,95.62829451235987,75.49549669639609,586.9539188871192,16.26138403171945,2700,12.347151592184371,0.13313877195936064
2515,740.27,723.767346104614,2466.8165084329426,174.68966555053072,2537.262838155411,95.62820287597867,75.49598568122977,587.2264024101238,16.26158888706808,2700,12.346921187995862,0.13313877195936064
2516,740.28,723.7633486739171,2466.8287212386695,174.69052832274426,2537.2625081146994,95.62811124033192,75.49647505802226,587.4988826698195,16.261793743921697,2700,12.346691019586565,0.13313877195936064
2517,740.29,723.7593475109444,2466.8409597116474,174.69139285138107,2537.2621780769105,95.62801960541962,75.49696482559834,587.77135967264,16.261998602281192,2700,12.346461087595703,0.13313877195936064
2518,740.3,723.7553426234906,2466.8532237744944,174.6922591312082,2537.261848042041,95.62792797124176,75.49745498278068,588.0438334250284,16.26220346214745,2700,12.34623139266086,0.13313877195936064
2519,740.3100000000001,723.7513340255629,2466.865513349696,174.6931271568996,2537.2615180100906,95.6278363377983,75.49794552839192,588.3163039334381,16.26240832352135,2700,12.346001935417972,0.13313877195936064
2520,740.32,723.747321724977,2466.87782835973,174.6939969231336,2537.261187981058,95.62774470508924,75.49843646125298,588.5887712043318,16.262613186403765,2700,12.345772716501326,0.13313877195936064
2521,740.33,723.7433057388536,2466.8901687269645,174.69486842464013,2537.260857954941,95.62765307311457,75.49892778018484,588.8612352441819,16.26281805079557,2700,12.34554373654356,0.13313877195936064
2522,740.34,723.7392860688341,2466.9025343737744,174.69574165607347,2537.2605279317377,95.62756144187429,75.4994194840063,589.1336960594708,16.263022916697633,2700,12.345314996175658,0.13313877195936064
2523,740.35,723.735262732058,2466.9149252223883,174.6966166120914,2537.260197911447,95.62746981136836,75.49991157153734,589.4061536566903,16.26322778411082,2700,12.345086496026948,0.13313877195936064
2524,740.36,723.7312357425598,2466.9273411951094,174.69749328741938,2537.2598678940662,95.62737818159678,75.50040404159519,589.6786080423416,16.263432653035995,2700,12.344858236725113,0.13313877195936064
2525,740.37,723.7272051020165,2466.9397822140713,174.6983716766665,2537.259537879596,95.62728655255955,75.50089689299658,589.9510592229359,16.26363752347401,2700,12.344630218896167,0.13313877195936064
2526,740.38,723.7231708275903,2466.9522482013676,174.69925177460036,2537.2592078680323,95.62719492425664,75.50139012455897,590.2235072049936,16.263842395425723,2700,12.344402443164471,0.13313877195936064
2527,740.39,723.7191329302433,2466.964739079139,174.70013357584554,2537.258877859374,95.62710329668803,75.50188373509705,590.4959519950445,16.264047268891986,2700,12.344174910152729,0.13313877195936064
2528,740.4,723.7150914178696,2466.9772547693506,174.70101707506387,2537.2585478536207,95.62701166985373,75.50237772342548,590.768393599628,16.26425214387364,2700,12.343947620481977,0.13313877195936064
2529,740.41,723.7110463076506,2466.989795193959,174.70190226688908,2537.2582178507705,95.6269200437537,75.5028720883586,591.0408320252928,16.264457020371534,2700,12.343720574771595,0.13313877195936064
2530,740.42,723.7069976043889,2467.002360274904,174.70278914598387,2537.2578878508207,95.62682841838794,75.50336682870869,591.3132672785972,16.264661898386503,2700,12.343493773639292,0.13313877195936064
2531,740.4300000000001,723.7029453190974,2467.0149499339977,174.70367770702163,2537.257557853771,95.62673679375645,75.50386194328877,591.5856993661083,16.264866777919387,2700,12.343267217701113,0.13313877195936064
2532,740.44,723.6988894689737,2467.0275640930854,174.7045679446179,2537.257227859618,95.6266451698592,75.50435743091036,591.8581282944032,16.265071658971017,2700,12.343040907571437,0.13313877195936064
2533,740.45,723.6948300588484,2467.0402026739257,174.70545985350932,2537.256897868361,95.62655354669619,75.50485329038338,592.1305540700674,16.265276541542217,2700,12.342814843862973,0.13313877195936064
2534,740.46,723.6907670966624,2467.0528655981684,174.70635342824988,2537.2565678799997,95.6264619242674,75.50534952051837,592.4029766996964,16.265481425633812,2700,12.342589027186758,0.13313877195936064
2535,740.47,723.6867006058288,2467.0655527875065,174.70724866346293,2537.25623789453,95.62637030257281,75.50584612012494,592.6753961898943,16.265686311246633,2700,12.34236345815216,0.13313877195936064
2536,740.48,723.6826305881012,2467.0782641635724,174.70814555383078,2537.2559079119524,95.6262786816124,75.50634308800993,592.9478125472746,16.265891198381482,2700,12.342138137366865,0.13313877195936064
2537,740.49,723.6785570545459,2467.0909996478163,174.7090440940311,2537.2555779322647,95.62618706138619,75.50684042298214,593.2202257784597,16.266096087039184,2700,12.341913065436897,0.13313877195936064
2538,740.5,723.6744800193078,2467.1037591618133,174.7099442785374,2537.2552479554633,95.62609544189414,75.50733812384837,593.4926358900814,16.266300977220546,2700,12.34168824296659,0.13313877195936064
2539,740.51,723.6703994934537,2467.1165426270154,174.71084610211494,2537.254917981549,95.62600382313626,75.50783618941439,593.7650428887799,16.26650586892637,2700,12.34146367055861,0.13313877195936064
2540,740.52,723.6663154880624,2467.1293499648,174.71174955935498,2537.254588010519,95.6259122051125,75.50833461848565,594.0374467812052,16.266710762157462,2700,12.341239348813936,0.13313877195936064
2541,740.53,723.6622280111186,2467.142181096531,174.71265464483196,2537.2542580423737,95.62582058782287,75.50883340986678,594.3098475740154,16.26691565691462,2700,12.341015278331874,0.13313877195936064
2542,740.54,723.6581370768077,2467.1550359435123,174.7135613532364,2537.253928077108,95.62572897126736,75.50933256236208,594.5822452738781,16.26712055319864,2700,12.340791459710035,0.13313877195936064
2543,740.55,723.6540426931269,2467.167914427027,174.71446967912573,2537.2535981147216,95.62563735544596,75.50983207477428,594.8546398874695,16.26732545101031,2700,12.340567893544353,0.13313877195936064
2544,740.5600000000001,723.6499448773751,2467.1808164682643,174.71537961708574,2537.253268155214,95.62554574035865,75.51033194590637,595.1270314214746,16.267530350350423,2700,12.340344580429086,0.13313877195936064
2545,740.57,723.6458436344666,2467.1937419884175,174.71629116181848,2537.2529381985823,95.62545412600541,75.51083217455931,595.3994198825872,16.267735251219758,2700,12.340121520956789,0.13313877195936064
2546,740.58,723.6417389786229,2467.206690908557,174.71720430776185,2537.2526082448258,95.62536251238623,75.51133275953504,595.67180527751,16.267940153619097,2700,12.33989871571834,0.13313877195936064
2547,740.59,723.6376309178653,2467.2196631498105,174.71811904970505,2537.2522782939423,95.6252708995011,75.51183369963343,595.9441876129541,16.26814505754922,2700,12.33967616530292,0.13313877195936064
2548,740.6,723.6335194726144,2467.2326586331797,174.71903538213027,2537.25194834593,95.62517928735002,75.51233499365476,596.2165668956396,16.268349963010895,2700,12.339453870298025,0.13313877195936064
2549,740.61,723.6294046385287,2467.2456772796845,174.71995329963778,2537.251618400786,95.62508767593296,75.51283664039676,596.488943132295,16.26855487000489,2700,12.339231831289453,0.13313877195936064
2550,740.62,723.6252864391457,2467.2587190101813,174.7208727968092,2537.251288458512,95.62499606524992,75.51333863865973,596.7613163296576,16.268759778531976,2700,12.339010048861313,0.13313877195936064
2551,740.63,723.6211648825033,2467.271783745698,174.72179386831147,2537.250958519103,95.62490445530086,75.51384098723975,597.0336864944729,16.26896468859291,2700,12.33878852359602,0.13313877195936064
2552,740.64,723.6170399766801,2467.2848714069796,174.72271650861978,2537.2506285825584,95.6248128460858,75.51434368493425,597.3060536334954,16.26916960018845,2700,12.338567256074287,0.13313877195936064
2553,740.65,723.6129117359325,2467.2979819148673,174.72364071238485,2537.250298648878,95.62472123760473,75.51484673053993,597.5784177534874,16.269374513319352,2700,12.338346246875131,0.13313877195936064
2554,740.66,723.6087801714294,2467.3111151901467,174.72456647421828,2537.2499687180575,95.6246296298576,75.51535012285208,597.8507788612204,16.26957942798637,2700,12.338125496575877,0.13313877195936064
2555,740.67,723.6046452912569,2467.3242711535195,174.72549378860361,2537.249638790097,95.62453802284442,75.51585386066574,598.1231369634739,16.269784344190242,2700,12.337905005752136,0.13313877195936064
2556,740.6800000000001,723.6005071127908,2467.337449725663,174.7264226501536,2537.2493088649953,95.62444641656519,75.51635794277576,598.3954920670357,16.26998926193172,2700,12.337684774977829,0.13313877195936064
2557,740.69,723.5963656410282,2467.3506508272485,174.7273530533632,2537.248978942748,95.62435481101987,75.51686236797508,598.6678441787019,16.270194181211536,2700,12.337464804825169,0.13313877195936064
2558,740.7,723.5922208902689,2467.363874378825,174.72828499298484,2537.248649023357,95.62426320620847,75.5173671350577,598.9401933052771,16.27039910203043,2700,12.337245095864663,0.13313877195936064
2559,740.71,723.5880728717094,2467.3771203009987,174.7292184634453,2537.248319106818,95.62417160213099,75.51787224281574,599.2125394535741,16.270604024389137,2700,12.337025648665119,0.13313877195936064
2560,740.72,723.5839215934682,2467.3903885142677,174.7301534593212,2537.247989193131,95.62407999878737,75.51837769004108,599.4848826304138,16.270808948288376,2700,12.33680646379363,0.13313877195936064
2561,740.73,723.5797670729514,2467.4036789391034,174.73108997514697,2537.2476592822923,95.62398839617762,75.51888347552547,599.7572228426254,16.271013873728883,2700,12.336587541815588,0.13313877195936064
2562,740.74,723.5756093151891,2467.4169914959725,174.73202800555404,2537.247329374301,95.62389679430174,75.51938959805878,600.0295600970459,16.271218800711367,2700,12.336368883294671,0.13313877195936064
2563,740.75,723.5714483345107,2467.4303261052232,174.7329675449917,2537.2469994691564,95.62380519315973,75.51989605643196,600.3018944005208,16.271423729236552,2700,12.336150488792848,0.13313877195936064
2564,740.76,723.5672841421435,2467.443682687269,174.73390858810734,2537.2466695668563,95.62371359275153,75.52040284943409,600.5742257599035,16.271628659305154,2700,12.335932358870375,0.13313877195936064
2565,740.77,723.5631167462377,2467.4570611624017,174.73485112946904,2537.2463396673984,95.62362199307717,75.52090997585408,600.8465541820552,16.271833590917876,2700,12.335714494085797,0.13313877195936064
2566,740.78,723.558946161134,2467.470461450907,174.7357951634664,2537.2460097707817,95.62353039413661,75.52141743448064,601.1188796738456,16.27203852407543,2700,12.335496894995943,0.13313877195936064
2567,740.79,723.5547724011764,2467.48388347305,174.7367406847904,2537.245679877005,95.62343879592984,75.52192522410122,601.3912022421516,16.272243458778515,2700,12.335279562155929,0.13313877195936064
2568,740.8,723.5505954714358,2467.497327149019,174.73768768793389,2537.245349986065,95.62334719845687,75.52243334350273,601.6635218938587,16.272448395027826,2700,12.335062496119148,0.13313877195936064
2569,740.8100000000001,723.5464153831806,2467.510792398964,174.73863616733937,2537.24502009796,95.62325560171769,75.52294179147246,601.9358386358598,16.272653332824067,2700,12.334845697437284,0.13313877195936064
2570,740.82,723.5422321569565,2467.524279143066,174.73958611773924,2537.24469021269,95.62316400571224,75.52345056679665,602.2081524750558,16.27285827216792,2700,12.334629166660292,0.13313877195936064
2571,740.83,723.5380457916589,2467.5377873014336,174.7405375335308,2537.2443603302518,95.62307241044057,75.52395966825966,602.4804634183554,16.273063213060077,2700,12.33441290433642,0.13313877195936064
2572,740.84,723.5338563078648,2467.551316794047,174.74149040934066,2537.244030450645,95.62298081590262,75.52446909464814,602.752771472675,16.27326815550122,2700,12.334196911012176,0.13313877195936064
2573,740.85,723.5296637075598,2467.5648675410444,174.7424447394733,2537.243700573867,95.62288922209841,75.52497884474523,603.0250766449387,16.273473099492033,2700,12.333981187232364,0.13313877195936064
2574,740.86,723.5254680144271,2467.5784394623306,174.74340051868765,2537.243370699916,95.6227976290279,75.52548891733618,603.2973789420782,16.27367804503319,2700,12.333765733540051,0.13313877195936064
2575,740.87,723.5212692304677,2467.5920324779495,174.74435774147534,2537.243040828791,95.6227060366911,75.52599931120284,603.569678371033,16.27388299212536,2700,12.333550550476586,0.13313877195936064
2576,740.88,723.5170673669982,2467.6056465077268,174.74531640220363,2537.242710960489,95.62261444508799,75.52651002512931,603.84197493875,16.274087940769213,2700,12.333335638581593,0.13313877195936064
2577,740.89,723.5128624415046,2467.619281471627,174.74627649557956,2537.2423810950095,95.62252285421854,75.52702105789795,604.1142686521838,16.27429289096542,2700,12.333120998392964,0.13313877195936064
2578,740.9,723.5086544622055,2467.632937289509,174.74723801593578,2537.24205123235,95.62243126408276,75.52753240829,604.3865595182963,16.274497842714634,2700,12.332906630446864,0.13313877195936064
2579,740.91,723.5044434404252,2467.6466138811516,174.74820095794584,2537.24172137251,95.62233967468065,75.52804407508731,604.6588475440572,16.27470279601752,2700,12.332692535277728,0.13313877195936064
2580,740.92,723.5002293843875,2467.6603111663794,174.7491653160937,2537.2413915154857,95.62224808601216,75.52855605707077,604.9311327364434,16.27490775087473,2700,12.332478713418267,0.13313877195936064
2581,740.9300000000001,723.4960123085154,2467.6740290649486,174.75013108480658,2537.241061661278,95.6221564980773,75.52906835302115,605.2034151024392,16.27511270728691,2700,12.332265165399454,0.13313877195936064
2582,740.94,723.4917922241392,2467.6877674966167,174.75109825864928,2537.2407318098835,95.62206491087606,75.52958096171798,605.4756946490363,16.27531766525471,2700,12.332051891750531,0.13313877195936064
2583,740.95,723.4875691426003,2467.70152638105,174.75206683212403,2537.2404019613,95.62197332440842,75.5300938819408,605.7479713832339,16.275522624778777,2700,12.331838892999004,0.13313877195936064
2584,740.96,723.4833430783357,2467.7153056379234,174.75303679969676,2537.2400721155254,95.62188173867438,75.53060711246874,606.0202453120381,16.27572758585974,2700,12.331626169670649,0.13313877195936064
2585,740.97,723.4791140365026,2467.7291051868806,174.75400815590964,2537.2397422725608,95.62179015367391,75.53112065207999,606.2925164424626,16.275932548498243,2700,12.331413722289508,0.13313877195936064
2586,740.98,723.474882028458,2467.742924947506,174.75498089525476,2537.2394124324023,95.62169856940702,75.53163449955335,606.5647847815279,16.276137512694916,2700,12.331201551377875,0.13313877195936064
2587,740.99,723.4706470717404,2467.7567648394215,174.75595501217737,2537.239082595048,95.62160698587367,75.53214865366645,606.8370503362621,16.27634247845038,2700,12.330989657456321,0.13313877195936064
2588,741.0,723.466409171523,2467.770624782175,174.75693050129132,2537.238752760497,95.62151540307386,75.5326631131957,607.1093131137003,16.27654744576527,2700,12.330778041043665,0.13313877195936064
2589,741.01,723.4621683484629,2467.7845046952357,174.75790735698388,2537.238422928747,95.6214238210076,75.53317787691884,607.3815731208845,16.2767524146402,2700,12.330566702656997,0.13313877195936064
2590,741.02,723.4579246015447,2467.7984044981595,174.75888557375308,2537.2380930997974,95.62133223967484,75.53369294361099,607.653830364864,16.27695738507579,2700,12.330355642811659,0.13313877195936064
2591,741.03,723.4536779514381,2467.8123241103262,174.7598651461346,2537.237763273644,95.6212406590756,75.53420831204973,607.9260848526948,16.27716235707265,2700,12.330144862021251,0.13313877195936064
2592,741.04,723.4494284033191,2467.826263451281,174.76084606856946,2537.237433450288,95.62114907920983,75.5347239810093,608.1983365914401,16.277367330631392,2700,12.32993436079764,0.13313877195936064
2593,741.05,723.4451759716774,2467.84022244035,174.761828335588,2537.2371036297254,95.62105750007757,75.53523994926556,608.4705855881701,16.277572305752617,2700,12.329724139650935,0.13313877195936064
2594,741.0600000000001,723.4409206678946,2467.85420099697,174.76281194169064,2537.2367738119565,95.62096592167876,75.53575621559278,608.7428318499617,16.277777282436933,2700,12.329514199089513,0.13313877195936064
2595,741.07,723.4366625064615,2467.868199040466,174.76379688128054,2537.236443996977,95.62087434401342,75.53627277876542,609.0150753838988,16.277982260684936,2700,12.329304539619994,0.13313877195936064
2596,741.08,723.4324014956799,2467.882216490178,174.76478314885105,2537.2361141847873,95.62078276708154,75.53678963755705,609.287316197072,16.278187240497218,2700,12.329095161747261,0.13313877195936064
2597,741.09,723.4281376407645,2467.89625326539,174.7657707388873,2537.235784375385,95.62069119088308,75.53730679074148,609.5595542965787,16.278392221874373,2700,12.328886065974448,0.13313877195936064
2598,741.1,723.4238709654949,2467.910309285404,174.76675964592053,2537.235454568767,95.62059961541804,75.53782423709269,609.831789689523,16.278597204816986,2700,12.328677252802937,0.13313877195936064
2599,741.11,723.4196014719894,2467.924384469523,174.76774986442936,2537.2351247649335,95.62050804068643,75.53834197538184,610.1040223830161,16.278802189325646,2700,12.32846872273236,0.13313877195936064
2600,741.12,723.415329174771,2467.938478736878,174.76874138872876,2537.234794963882,95.6204164666882,75.53886000438257,610.3762523841751,16.27900717540092,2700,12.328260476260601,0.13313877195936064
2601,741.13,723.4110540852442,2467.9525920067567,174.76973421350957,2537.2344651656103,95.62032489342337,75.53937832286647,610.6484797001244,16.2792121630434,2700,12.328052513883794,0.13313877195936064
2602,741.14,723.4067762179288,2467.966724198306,174.77072833310865,2537.2341353701167,95.62023332089191,75.53989692960533,610.9207043379948,16.279417152253647,2700,12.32784483609632,0.13313877195936064
2603,741.15,723.40249557806,2467.9808752307054,174.77172374200816,2537.2338055774003,95.62014174909382,75.5404158233701,611.1929263049234,16.27962214303223,2700,12.327637443390808,0.13313877195936064
2604,741.16,723.3982121801636,2467.9950450230563,174.7727204347023,2537.2334757874596,95.62005017802908,75.54093500293253,611.4651456080542,16.27982713537972,2700,12.327430336258129,0.13313877195936064
2605,741.17,723.3939260356642,2468.009233494531,174.77371840560815,2537.2331460002906,95.61995860769768,75.54145446706285,611.7373622545373,16.280032129296675,2700,12.327223515187406,0.13313877195936064
2606,741.1800000000001,723.3896371590961,2468.0234405641904,174.77471764927523,2537.232816215894,95.61986703809963,75.54197421453146,612.0095762515294,16.280237124783653,2700,12.327016980666,0.13313877195936064
2607,741.19,723.3853455557096,2468.0376661511154,174.7757181600692,2537.232486434265,95.61977546923488,75.542494244108,612.2817876061937,16.280442121841205,2700,12.32681073317952,0.13313877195936064
2608,741.2,723.3810512400444,2468.051910174328,174.77671993253378,2537.232156655407,95.61968390110344,75.54301455456289,612.5539963256995,16.280647120469883,2700,12.326604773211818,0.13313877195936064
2609,741.21,723.37675422354,2468.066172552908,174.7777229610796,2537.2318268793124,95.61959233370528,75.54353514466504,612.8262024172226,16.280852120670232,2700,12.326399101244984,0.13313877195936064
2610,741.22,723.3724545207441,2468.0804532058387,174.77872724018258,2537.231497105984,95.61950076704042,75.54405601318365,613.0984058879451,16.281057122442796,2700,12.326193717759354,0.13313877195936064
2611,741.23,723.3681521369206,2468.094752052114,174.77973276422267,2537.231167335416,95.61940920110882,75.54457715888705,613.3706067450552,16.281262125788114,2700,12.325988623233501,0.13313877195936064
2612,741.24,723.363847086623,2468.109069010677,174.78073952779394,2537.2308375676103,95.61931763591049,75.54509858054446,613.6428049957475,16.281467130706723,2700,12.325783818144238,0.13313877195936064
2613,741.25,723.3595393843991,2468.1234040005324,174.78174752523125,2537.230507802563,95.61922607144541,75.54562027692371,613.9150006472223,16.28167213719915,2700,12.325579302966622,0.13313877195936064
2614,741.26,723.355229035525,2468.137756940585,174.7827567510982,2537.2301780402718,95.61913450771357,75.54614224679231,614.1871937066867,16.281877145265923,2700,12.325375078173941,0.13313877195936064
2615,741.27,723.3509160576591,2468.152127749724,174.7837671997641,2537.2298482807373,95.61904294471493,75.54666448891871,614.4593841813534,16.28208215490757,2700,12.325171144237723,0.13313877195936064
2616,741.28,723.3466004591679,2468.1665163468983,174.78477886572736,2537.2295185239554,95.61895138244954,75.54718700206949,614.7315720784411,16.282287166124608,2700,12.324967501627732,0.13313877195936064
2617,741.29,723.3422822515305,2468.1809226509404,174.78579174335357,2537.2291887699257,95.61885982091732,75.54770978501222,615.003757405175,16.282492178917558,2700,12.324764150811971,0.13313877195936064
2618,741.3,723.337961446217,2468.1953465807374,174.78680582707523,2537.2288590186463,95.61876826011832,75.54823283651366,615.2759401687857,16.282697193286925,2700,12.324561092256676,0.13313877195936064
2619,741.3100000000001,723.3336380516131,2468.2097880551355,174.7878211115328,2537.2285292701144,95.61867670005248,75.5487561553403,615.54812037651,16.282902209233225,2700,12.324358326426315,0.13313877195936064
2620,741.32,723.3293120884795,2468.224246992953,174.78883759099966,2537.22819952433,95.61858514071982,75.54927974025898,615.8202980355908,16.28310722675696,2700,12.324155853783587,0.13313877195936064
2621,741.33,723.3249835559211,2468.238723313036,174.78985525989563,2537.22786978129,95.6184935821203,75.54980359003453,616.0924731532764,16.283312245858635,2700,12.32395367478944,0.13313877195936064
2622,741.34,723.3206524747163,2468.2532169340984,174.79087411282978,2537.227540040991,95.61840202425392,75.55032770343436,616.3646457368211,16.283517266538745,2700,12.323751789903032,0.13313877195936064
2623,741.35,723.3163188563386,2468.267727775025,174.79189414412244,2537.2272103034343,95.6183104671207,75.55085207922303,616.6368157934852,16.283722288797787,2700,12.323550199581767,0.13313877195936064
2624,741.36,723.3119827061026,2468.282255754509,174.79291534824242,2537.226880568617,95.61821891072059,75.55137671616596,616.9089833305342,16.28392731263625,2700,12.323348904281277,0.13313877195936064
2625,741.37,723.3076440416892,2468.296800791308,174.7939377195781,2537.2265508365367,95.61812735505359,75.55190161302917,617.18114835524,16.284132338054622,2700,12.323147904455423,0.13313877195936064
2626,741.38,723.3033028684001,2468.3113628042115,174.79496125270356,2537.2262211071925,95.61803580011969,75.55242676857675,617.4533108748795,16.284337365053382,2700,12.322947200556296,0.13313877195936064
2627,741.39,723.2989592039289,2468.3259417118834,174.79598594195113,2537.225891380581,95.61794424591888,75.55295218157435,617.7254708967358,16.284542393633014,2700,12.322746793034211,0.13313877195936064
2628,741.4,723.2946130566752,2468.340537433098,174.79701178173195,2537.2255616567027,95.61785269245115,75.55347785078575,617.9976284280971,16.284747423793995,2700,12.322546682337721,0.13313877195936064
2629,741.41,723.2902644350568,2468.3551498864977,174.79803876652727,2537.2252319355553,95.61776113971649,75.55400377497568,618.2697834762573,16.284952455536793,2700,12.322346868913598,0.13313877195936064
2630,741.42,723.2859133567624,2468.3697789907883,174.79906689087346,2537.224902217134,95.61766958771489,75.55452995290872,618.541936048516,16.285157488861877,2700,12.322147353206844,0.13313877195936064
2631,741.4300000000001,723.2815598332977,2468.3844246646745,174.80009614898245,2537.2245725014413,95.61757803644632,75.55505638334823,618.8140861521781,16.285362523769717,2700,12.32194813566069,0.13313877195936064
2632,741.44,723.2772038730848,2468.399086826771,174.80112653552138,2537.2242427884717,95.61748648591079,75.55558306505813,619.0862337945538,16.28556756026077,2700,12.321749216716587,0.13313877195936064
2633,741.45,723.2728454845422,2468.4137653957337,174.8021580446968,2537.223913078226,95.61739493610828,75.55610999680248,619.3583789829589,16.28577259833549,2700,12.321550596814214,0.13313877195936064
2634,741.46,723.2684846853678,2468.4284602902308,174.80319067117088,2537.2235833707014,95.61730338703877,75.55663717734512,619.6305217247144,16.28597763799434,2700,12.32135227639148,0.13313877195936064
2635,741.47,723.2641214839804,2468.4431714289094,174.80422440917914,2537.2232536658967,95.61721183870227,75.5571646054487,619.9026620271468,16.286182679237758,2700,12.321154255884503,0.13313877195936064
2636,741.48,723.2597558919064,2468.457898730344,174.80525925331932,2537.222923963809,95.61712029109877,75.5576922798768,620.1747998975877,16.286387722066202,2700,12.320956535727639,0.13313877195936064
2637,741.49,723.2553879206614,2468.472642113168,174.8062951978755,2537.222594264437,95.61702874422822,75.55822019939248,620.446935343374,16.28659276648011,2700,12.320759116353459,0.13313877195936064
2638,741.5,723.2510175817682,2468.4874014959823,174.8073322373398,2537.2222645677793,95.61693719809067,75.55874836275864,620.7190683718477,16.286797812479918,2700,12.320561998192765,0.13313877195936064
2639,741.51,723.2466448867509,2468.5021767973763,174.80837036613153,2537.2219348738336,95.61684565268604,75.55927676873804,620.9911989903561,16.287002860066064,2700,12.320365181674568,0.13313877195936064
2640,741.52,723.2422698533219,2468.5169679359296,174.8094095787727,2537.221605182597,95.61675410801438,75.55980541609352,621.2633272062517,16.28720790923898,2700,12.320168667226106,0.13313877195936064
2641,741.53,723.2378924806336,2468.531774830229,174.81044986951943,2537.2212754940715,95.61666256407565,75.5603343035868,621.5354530268918,16.287412959999095,2700,12.319972455272842,0.13313877195936064
2642,741.54,723.2335127925959,2468.5465973987875,174.8114912329607,2537.2209458082507,95.61657102086983,75.56086342998196,621.8075764596389,16.28761801234683,2700,12.319776546238451,0.13313877195936064
2643,741.55,723.2291307914439,2468.561435560272,174.812533663387,2537.2206161251347,95.61647947839694,75.56139279403973,622.0796975118604,16.287823066282606,2700,12.319580940544837,0.13313877195936064
2644,741.5600000000001,723.2247464949107,2468.5762892331286,174.8135771553051,2537.2202864447218,95.61638793665693,75.56192239452358,622.3518161909291,16.28802812180684,2700,12.319385638612108,0.13313877195936064
2645,741.57,723.2203599114255,2468.591158335987,174.81462170314708,2537.2199567670114,95.61629639564983,75.56245223019484,622.6239325042219,16.28823317891995,2700,12.319190640858608,0.13313877195936064
2646,741.58,723.2159710494371,2468.6060427873354,174.81566730130373,2537.2196270919994,95.61620485537559,75.56298229981587,622.8960464591214,16.288438237622337,2700,12.318995947700886,0.13313877195936064
2647,741.59,723.2115799266647,2468.6209425057277,174.81671394420042,2537.2192974196846,95.61611331583423,75.56351260214902,623.1681580630146,16.288643297914412,2700,12.31880155955372,0.13313877195936064
2648,741.6,723.2071865546427,2468.6358574097203,174.8177616262885,2537.2189677500655,95.61602177702572,75.56404313595543,623.4402673232934,16.288848359796578,2700,12.318607476830088,0.13313877195936064
2649,741.61,723.2027909418222,2468.650787417784,174.8188103420004,2537.2186380831413,95.61593023895006,75.56457389999703,623.7123742473547,16.28905342326923,2700,12.318413699941203,0.13313877195936064
2650,741.62,723.1983931028361,2468.6657324484495,174.81986008569208,2537.218308418909,95.61583870160723,75.56510489303606,623.9844788425996,16.289258488332763,2700,12.31822022929649,0.13313877195936064
2651,741.63,723.1939930399409,2468.680692420267,174.82091085186823,2537.2179787573664,95.61574716499722,75.56563611383365,624.2565811164345,16.289463554987574,2700,12.318027065303575,0.13313877195936064
2652,741.64,723.1895907739631,2468.6956672517063,174.82196263492563,2537.2176490985125,95.61565562912004,75.56616756115254,624.52868107627,16.289668623234043,2700,12.31783420836832,0.13313877195936064
2653,741.65,723.1851863164353,2468.71065686135,174.82301542919495,2537.2173194423444,95.61556409397565,75.56669923375316,624.8007787295218,16.289873693072558,2700,12.317641658894786,0.13313877195936064
2654,741.66,723.1807796789118,2468.725661167628,174.82406922930804,2537.2169897888602,95.61547255956407,75.56723113039722,625.0728740836096,16.290078764503498,2700,12.31744941728526,0.13313877195936064
2655,741.67,723.176370863657,2468.7406800890544,174.82512402945162,2537.2166601380613,95.61538102588526,75.56776324984611,625.3449671459579,16.290283837527237,2700,12.317257483940232,0.13313877195936064
2656,741.6800000000001,723.1719598945895,2468.755713544122,174.8261798242271,2537.216330489943,95.6152894929392,75.56829559086252,625.617057923996,16.29048891214415,2700,12.317065859258417,0.13313877195936064
2657,741.69,723.1675467770582,2468.770761451407,174.82723660801372,2537.2160008445035,95.61519796072592,75.56882815220634,625.8891464251572,16.290693988354604,2700,12.316874543636736,0.13313877195936064
2658,741.7,723.1631315226253,2468.785823729304,174.8282943752054,2537.2156712017404,95.6151064292454,75.56936093263981,626.1612326568794,16.290899066158968,2700,12.316683537470322,0.13313877195936064
2659,741.71,723.1587141428308,2468.800900296361,174.8293531201792,2537.2153415616544,95.6150148984976,75.56989393092428,626.4333166266051,16.291104145557604,2700,12.316492841152526,0.13313877195936064
2660,741.72,723.1542946523166,2468.815991071071,174.830412837412,2537.215011924241,95.61492336848254,75.5704271458212,626.705398341781,16.291309226550865,2700,12.31630245507491,0.13313877195936064
2661,741.73,723.1498730595379,2468.831095971928,174.8314735213448,2537.2146822894993,95.61483183920019,75.57096057609162,626.9774778098579,16.291514309139114,2700,12.31611237962724,0.13313877195936064
2662,741.74,723.1454493760484,2468.846214917406,174.8325351663933,2537.2143526574287,95.61474031065057,75.57149422049731,627.2495550382912,16.29171939332269,2700,12.315922615197508,0.13313877195936064
2663,741.75,723.1410236164871,2468.86134782602,174.8335977668934,2537.214023028025,95.61464878283363,75.57202807779974,627.5216300345401,16.291924479101947,2700,12.3157331621719,0.13313877195936064
2664,741.76,723.1365957862192,2468.8764946162705,174.83466131742242,2537.2136934012888,95.61455725574936,75.57256214675986,627.7937028060686,16.29212956647723,2700,12.315544020934828,0.13313877195936064
2665,741.77,723.1321659060776,2468.8916552066207,174.8357258123376,2537.213363777217,95.61446572939778,75.57309642614004,628.0657733603445,16.292334655448872,2700,12.315355191868907,0.13313877195936064
2666,741.78,723.1277339783263,2468.9068295156308,174.83679124593166,2537.2130341558072,95.61437420377887,75.5736309147005,628.3378417048395,16.292539746017216,2700,12.315166675354963,0.13313877195936064
2667,741.79,723.123300020714,2468.9220174617144,174.8378576128152,2537.212704537059,95.61428267889261,75.574165611204,628.6099078470301,16.292744838182593,2700,12.314978471772028,0.13313877195936064
2668,741.8,723.1188640416887,2468.9372189634564,174.8389249073264,2537.2123749209695,95.61419115473899,75.57470051441126,628.881971794396,16.29294993194533,2700,12.314790581497354,0.13313877195936064
2669,741.8100000000001,723.1144260559017,2468.952433939308,174.8399931239392,2537.212045307537,95.61409963131801,75.57523562308438,629.1540335544215,16.29315502730575,2700,12.314603004906392,0.13313877195936064
2670,741.82,723.1099860687149,2468.967662307808,174.84106225699048,2537.21171569676,95.61400810862965,75.57577093598454,629.4260931345946,16.29336012426418,2700,12.314415742372804,0.13313877195936064
2671,741.83,723.1055440978705,2468.9829039874367,174.8421323009611,2537.211386088636,95.6139165866739,75.57630645187419,629.6981505424072,16.293565222820934,2700,12.31422879426847,0.13313877195936064
2672,741.84,723.1011001518195,2468.998158896758,174.84320325029245,2537.211056483164,95.61382506545075,75.5768421695143,629.9702057853553,16.293770322976325,2700,12.314042160963464,0.13313877195936064
2673,741.85,723.0966542483072,2469.013426954241,174.8442750993284,2537.210726880341,95.61373354496018,75.57737808766727,630.2422588709387,16.293975424730668,2700,12.313855842826081,0.13313877195936064
2674,741.86,723.0922063896018,2469.0287080784406,174.84534784258022,2537.2103972801665,95.61364202520222,75.57791420509422,630.5143098066609,16.29418052808427,2700,12.313669840222817,0.13313877195936064
2675,741.87,723.0877565934475,2469.0440021878408,174.84642147436847,2537.210067682639,95.61355050617682,75.57845052055836,630.7863586000292,16.294385633037425,2700,12.313484153518374,0.13313877195936064
2676,741.88,723.083304868291,2469.0593092010495,174.84749598924873,2537.209738087754,95.61345898788399,75.57898703282095,631.0584052585548,16.294590739590443,2700,12.313298783075668,0.13313877195936064
2677,741.89,723.0788512256911,2469.0746290365514,174.84857138155073,2537.209408495512,95.6133674703237,75.57952374064453,631.3304497897523,16.294795847743615,2700,12.31311372925582,0.13313877195936064
2678,741.9,723.0743956802868,2469.0899616129245,174.8496476457909,2537.2090789059093,95.61327595349594,75.58006064279137,631.6024922011402,16.295000957497237,2700,12.312928992418154,0.13313877195936064
2679,741.91,723.0699382405367,2469.105306848713,174.8507247762473,2537.208749318948,95.61318443740073,75.58059773802349,631.8745325002405,16.29520606885159,2700,12.31274457292021,0.13313877195936064
2680,741.92,723.0654789210853,2469.1206646624573,174.851802767525,2537.2084197346217,95.61309292203804,75.58113502510378,632.1465706945792,16.295411181806973,2700,12.312560471117724,0.13313877195936064
2681,741.9300000000001,723.0610177303855,2469.1360349727497,174.8528816139272,2537.20809015293,95.61300140740785,75.58167250279448,632.418606791685,16.295616296363654,2700,12.31237668736465,0.13313877195936064
2682,741.94,723.05655467999,2469.1514176981395,174.85396130990742,2537.2077605738714,95.61290989351016,75.58221016985863,632.6906407990908,16.295821412521914,2700,12.312193222013132,0.13313877195936064
2683,741.95,723.0520897814424,2469.166812757234,174.85504184995077,2537.207430997444,95.61281838034498,75.58274802505902,632.962672724333,16.29602653028203,2700,12.312010075413541,0.13313877195936064
2684,741.96,723.0476230524757,2469.1822200686142,174.85612322839418,2537.2071014236462,95.61272686791226,75.58328606715872,633.2347025749508,16.296231649644273,2700,12.311827247914442,0.13313877195936064
2685,741.97,723.043154498451,2469.1976395508896,174.85720543975265,2537.2067718524754,95.61263535621201,75.58382429492013,633.5067303584875,16.296436770608906,2700,12.311644739862603,0.13313877195936064
2686,741.98,723.0386841278286,2469.2130711226205,174.8582884784068,2537.206442283931,95.61254384524423,75.58436270710722,633.7787560824894,16.296641893176194,2700,12.311462551603004,0.13313877195936064
2687,741.99,723.0342119614231,2469.22851470247,174.85937233879926,2537.2061127180095,95.6124523350089,75.58490130248379,634.0507797545063,16.296847017346398,2700,12.311280683478833,0.13313877195936064
2688,742.0,723.0297380045907,2469.243970209095,174.8604570153655,2537.2057831547113,95.612360825506,75.58544007981224,634.3228013820909,16.297052143119775,2700,12.311099135831478,0.13313877195936064
2689,742.01,723.0252622688846,2469.259437561056,174.86154250248188,2537.2054535940324,95.61226931673554,75.58597903785711,634.5948209727997,16.297257270496573,2700,12.310917909000532,0.13313877195936064
2690,742.02,723.0207847689319,2469.274916677054,174.8626287946838,2537.2051240359706,95.61217780869748,75.5865181753823,634.8668385341917,16.297462399477045,2700,12.3107370033238,0.13313877195936064
2691,742.03,723.0163055131818,2469.2904074757457,174.8637158863887,2537.2047944805245,95.61208630139184,75.58705749115143,635.13885407383,16.29766753006143,2700,12.310556419137283,0.13313877195936064
2692,742.04,723.0118245162695,2469.3059098757826,174.86480377199354,2537.204464927695,95.6119947948186,75.58759698392919,635.41086759928,16.29787266224998,2700,12.310376156775195,0.13313877195936064
2693,742.05,723.0073417866383,2469.3214237958678,174.86589244587987,2537.2041353774775,95.61190328897776,75.58813665247962,635.6828791181106,16.29807779604292,2700,12.310196216569954,0.13313877195936064
2694,742.0600000000001,723.0028573358288,2469.336949154673,174.86698190253352,2537.20380582987,95.61181178386929,75.58867649556763,635.9548886378938,16.298282931440497,2700,12.310016598852183,0.13313877195936064
2695,742.07,722.9983711815587,2469.352485870929,174.86807213647478,2537.203476284871,95.61172027949317,75.58921651195814,636.2268961662041,16.298488068442936,2700,12.309837303950705,0.13313877195936064
2696,742.08,722.9938833291781,2469.3680338633603,174.869163142053,2537.203146742481,95.61162877584944,75.58975670041545,636.4989017106199,16.298693207050462,2700,12.309658332192553,0.13313877195936064
2697,742.09,722.9893937871346,2469.3835930506525,174.87025491361558,2537.202817202694,95.61153727293802,75.59029705970543,636.7709052787216,16.2988983472633,2700,12.309479683902964,0.13313877195936064
2698,742.1,722.9849025762312,2469.399163351599,174.87134744581866,2537.2024876655114,95.61144577075899,75.59083758859393,637.0429068780929,16.29910348908167,2700,12.309301359405382,0.13313877195936064
2699,742.11,722.9804097018101,2469.4147446849847,174.87244073295244,2537.2021581309286,95.61135426931226,75.5913782858454,637.3149065163205,16.29930863250579,2700,12.309123359021449,0.13313877195936064
2700,742.12,722.9759151754118,2469.430336969509,174.87353476956434,2537.2018285989466,95.61126276859785,75.5919191502265,637.5869042009939,16.29951377753587,2700,12.308945683071018,0.13313877195936064
2701,742.13,722.9714190147397,2469.4459401240138,174.87462954989778,2537.201499069562,95.61117126861576,75.59246018050341,637.8588999397051,16.299718924172122,2700,12.30876833187215,0.13313877195936064
2702,742.14,722.9669212220446,2469.4615540673103,174.8757250686324,2537.201169542772,95.61107976936597,75.59300137544162,638.1308937400493,16.29992407241475,2700,12.308591305741103,0.13313877195936064
2703,742.15,722.9624218150414,2469.4771787181608,174.87682132002627,2537.2008400185773,95.61098827084848,75.59354273380892,638.4028856096238,16.300129222263955,2700,12.30841460499234,0.13313877195936064
2704,742.16,722.9579208021496,2469.4928139954836,174.8779182986741,2537.2005104969735,95.61089677306326,75.5940842543712,638.6748755560291,16.300334373719938,2700,12.308238229938539,0.13313877195936064
2705,742.17,722.9534182010831,2469.5084598180697,174.87901599895042,2537.200180977961,95.61080527601031,75.59462593589609,638.9468635868682,16.300539526782888,2700,12.308062180890571,0.13313877195936064
2706,742.1800000000001,722.9489140171704,2469.524116104827,174.88011441534556,2537.1998514615357,95.61071377968963,75.59516777715018,639.2188497097467,16.300744681453004,2700,12.307886458157515,0.13313877195936064
2707,742.19,722.9444082619369,2469.53978277459,174.88121354221795,2537.199521947698,95.6106222841012,75.59570977690181,639.4908339322726,16.300949837730467,2700,12.307711062046666,0.13313877195936064
2708,742.2,722.9399009499814,2469.555459746314,174.88231337406512,2537.199192436443,95.610530789245,75.59625193391882,639.7628162620566,16.301154995615466,2700,12.30753599286351,0.13313877195936064
2709,742.21,722.9353920897265,2469.5711469389175,174.88341390542865,2537.198862927772,95.61043929512105,75.59679424696891,640.0347967067121,16.301360155108178,2700,12.307361250911745,0.13313877195936064
2710,742.22,722.930881692686,2469.5868442713127,174.88451513061503,2537.1985334216806,95.61034780172932,75.59733671482083,640.3067752738544,16.301565316208784,2700,12.307186836493273,0.13313877195936064
2711,742.23,722.9263697765501,2469.6025516624777,174.88561704416966,2537.1982039181703,95.61025630906983,75.59787933624332,640.5787519711017,16.301770478917447,2700,12.307012749908196,0.13313877195936064
2712,742.24,722.9218563466413,2469.6182690313917,174.8867196405071,2537.1978744172343,95.6101648171425,75.59842211000463,640.8507268060742,16.30197564323435,2700,12.306838991454834,0.13313877195936064
2713,742.25,722.9173414175629,2469.6339962970033,174.88782291413307,2537.197544918875,95.61007332594738,75.59896503487492,641.1226997863948,16.30218080915965,2700,12.306665561429703,0.13313877195936064
2714,742.26,722.9128249977176,2469.6497333783814,174.88892685943642,2537.197215423089,95.60998183548446,75.59950810962332,641.3946709196885,16.302385976693515,2700,12.306492460127528,0.13313877195936064
2715,742.27,722.9083070986088,2469.665480194534,174.89003147088576,2537.196885929873,95.60989034575371,75.60005133302003,641.6666402135825,16.3025911458361,2700,12.306319687841235,0.13313877195936064
2716,742.28,722.9037877379154,2469.6812366645377,174.89113674299412,2537.196556439228,95.60979885675513,75.60059470383534,641.9386076757063,16.30279631658756,2700,12.306147244861965,0.13313877195936064
2717,742.29,722.8992669178571,2469.697002707469,174.89224267020862,2537.19622695115,95.6097073684887,75.60113822083893,642.2105733136917,16.30300148894805,2700,12.305975131479054,0.13313877195936064
2718,742.3,722.8947446592082,2469.7127782423704,174.89334924700987,2537.195897465636,95.60961588095441,75.6016818828029,642.4825371351727,16.303206662917717,2700,12.305803347980051,0.13313877195936064
2719,742.3100000000001,722.8902209672659,2469.728563188443,174.89445646777233,2537.195567982688,95.60952439415227,75.60222568849723,642.7544991477849,16.303411838496704,2700,12.305631894650714,0.13313877195936064
2720,742.32,722.8856958566184,2469.7443574647473,174.89556432704768,2537.195238502301,95.60943290808225,75.60276963669428,643.0264593591667,16.303617015685152,2700,12.305460771775,0.13313877195936064
2721,742.33,722.8811693356532,2469.760160990499,174.89667281927413,2537.1949090244734,95.60934142274435,75.60331372616544,643.298417776958,16.303822194483203,2700,12.305289979635075,0.13313877195936064
2722,742.34,722.8766414189472,2469.7759736848575,174.8977819389802,2537.1945795492047,95.60924993813857,75.60385795568337,643.5703744088008,16.30402737489099,2700,12.305119518511317,0.13313877195936064
2723,742.35,722.872112114885,2469.79179546705,174.89889168058593,2537.194250076492,95.60915845426489,75.60440232402013,643.8423292623394,16.304232556908637,2700,12.304949388682303,0.13313877195936064
2724,742.36,722.8675814411312,2469.807626256281,174.90000203851432,2537.1939206063357,95.6090669711233,75.60494682994914,644.1142823452195,16.304437740536276,2700,12.304779590424825,0.13313877195936064
2725,742.37,722.8630494029715,2469.8234659718346,174.90111300732406,2537.193591138729,95.60897548871378,75.6054914722429,644.3862336650892,16.304642925774033,2700,12.304610124013879,0.13313877195936064
2726,742.38,722.858516008793,2469.8393145329414,174.90222458145647,2537.1932616736754,95.60888400703634,75.60603624967573,644.6581832295981,16.30484811262202,2700,12.304440989722664,0.13313877195936064
2727,742.39,722.8539812793318,2469.8551718589397,174.90333675538562,2537.192932211168,95.60879252609097,75.60658116102198,644.9301310463977,16.305053301080363,2700,12.304272187822594,0.13313877195936064
2728,742.4,722.849445222959,2469.8710378691826,174.9044495235629,2537.192602751209,95.60870104587765,75.60712620505494,645.2020771231414,16.305258491149168,2700,12.304103718583287,0.13313877195936064
2729,742.41,722.8449078511466,2469.8869124829494,174.9055628805411,2537.192273293795,95.60860956639638,75.60767138054992,645.4740214674841,16.305463682828545,2700,12.303935582272572,0.13313877195936064
2730,742.42,722.8403691722576,2469.9027956196487,174.90667682076122,2537.191943838924,95.60851808764716,75.60821668628209,645.7459640870828,16.305668876118602,2700,12.303767779156486,0.13313877195936064
2731,742.4300000000001,722.8358291977481,2469.9186871986826,174.90779133869003,2537.1916143865938,95.60842660962993,75.6087621210273,646.0179049895956,16.305874071019442,2700,12.303600309499268,0.13313877195936064
2732,742.44,722.8312879452508,2469.934587139499,174.90890642881877,2537.191284936804,95.60833513234476,75.60930768356155,646.2898441826828,16.306079267531157,2700,12.303433173563377,0.13313877195936064
2733,742.45,722.8267454200316,2469.9504953615515,174.91002208574008,2537.1909554895497,95.60824365579157,75.60985337266047,646.5617816740059,16.30628446565385,2700,12.303266371609476,0.13313877195936064
2734,742.46,722.8222016335445,2469.9664117842754,174.91113830380115,2537.1906260448322,95.60815217997039,75.61039918710156,646.8337174712282,16.306489665387605,2700,12.303099903896435,0.13313877195936064
2735,742.47,722.817656600317,2469.9823363272285,174.9122550775193,2537.190296602648,95.6080607048812,75.61094512566197,647.1056515820143,16.306694866732517,2700,12.30293377068134,0.13313877195936064
2736,742.48,722.8131103348802,2469.998268909936,174.91337240146063,2537.1899671629963,95.60796923052399,75.61149118711909,647.3775840140303,16.306900069688666,2700,12.30276797221948,0.13313877195936064
2737,742.49,722.8085628424896,2470.0142094519474,174.91449027010822,2537.189637725874,95.60787775689874,75.61203737025059,647.649514774944,16.307105274256138,2700,12.302602508764357,0.13313877195936064
2738,742.5,722.8040141345814,2470.0301578728336,174.9156086778913,2537.1893082912798,95.60778628400548,75.61258367383573,647.9214438724243,16.307310480435003,2700,12.30243738056769,0.13313877195936064
2739,742.51,722.7994642256689,2470.046114092262,174.91672761932207,2537.188978859211,95.60769481184415,75.61313009665336,648.1933713141417,16.307515688225344,2700,12.302272587879406,0.13313877195936064
2740,742.52,722.7949131271782,2470.062078029873,174.91784708894374,2537.1886494296673,95.60760334041478,75.6136766374825,648.4652971077679,16.30772089762722,2700,12.302108130947634,0.13313877195936064
2741,742.53,722.7903608505341,2470.0780496053285,174.91896708124784,2537.1883200026455,95.60751186971736,75.61422329510302,648.7372212609758,16.30792610864071,2700,12.301944010018726,0.13313877195936064
2742,742.54,722.785807407154,2470.0940287383337,174.92008759074167,2537.187990578144,95.60742039975185,75.61477006829529,649.00914378144,16.30813132126587,2700,12.301780225337241,0.13313877195936064
2743,742.55,722.78125280227,2470.1100153486364,174.92120861193092,2537.1876611561606,95.60732893051825,75.61531695583992,649.2810646768357,16.30833653550276,2700,12.301616777145954,0.13313877195936064
2744,742.5600000000001,722.7766970565659,2470.126009355991,174.9223301392868,2537.1873317366944,95.60723746201658,75.6158639565189,649.5529839548399,16.30854175135144,2700,12.301453665685854,0.13313877195936064
2745,742.57,722.7721401752598,2470.1420106802525,174.9234521674292,2537.1870023197434,95.6071459942468,75.61641106911264,649.8249016231301,16.30874696881196,2700,12.301290891196132,0.13313877195936064
2746,742.58,722.7675821759482,2470.158019241167,174.92457469074589,2537.1866729053045,95.60705452720893,75.6169582924043,650.0968176893854,16.308952187884373,2700,12.301128453914204,0.13313877195936064
2747,742.59,722.7630230638381,2470.1740349586557,174.92569770381152,2537.186343493377,95.60696306090291,75.61750562517565,650.3687321612858,16.309157408568723,2700,12.300966354075694,0.13313877195936064
2748,742.6,722.7584628534237,2470.1900577525616,174.92682120114515,2537.1860140839585,95.60687159532878,75.61805306621068,650.6406450465124,16.30936263086505,2700,12.300804591914448,0.13313877195936064
2749,742.61,722.7539015560874,2470.206087542862,174.92794517727052,2537.185684677047,95.60678013048653,75.6186006142926,650.9125563527473,16.309567854773395,2700,12.300643167662518,0.13313877195936064
2750,742.62,722.749339177038,2470.2221242494884,174.92906962667286,2537.1853552726416,95.60668866637613,75.61914826820541,651.1844660876734,16.309773080293795,2700,12.300482081550173,0.13313877195936064
2751,742.63,722.7447757369318,2470.2381677924213,174.93019454391552,2537.1850258707395,95.60659720299756,75.6196960267345,651.4563742589746,16.30997830742628,2700,12.300321333805902,0.13313877195936064
2752,742.64,722.7402112440489,2470.2542180917335,174.9313199235565,2537.1846964713372,95.60650574035085,75.62024388866385,651.728280874336,16.31018353617088,2700,12.30016092465641,0.13313877195936064
2753,742.65,722.7356457097741,2470.2702750674116,174.93244576000288,2537.1843670744374,95.60641427843596,75.62079185277963,652.000185941443,16.31038876652762,2700,12.300000854326608,0.13313877195936064
2754,742.66,722.7310791454719,2470.2863386395743,174.933572047906,2537.184037680034,95.6063228172529,75.62133991786806,652.2720894679824,16.31059399849652,2700,12.299841123039636,0.13313877195936064
2755,742.67,722.7265115594168,2470.302408728352,174.93469878185826,2537.183708288126,95.60623135680166,75.62188808271576,652.5439914616412,16.310799232077596,2700,12.299681731016847,0.13313877195936064
2756,742.6800000000001,722.72194296297,2470.318485253898,174.93582595615354,2537.1833788987133,95.60613989708222,75.62243634611025,652.8158919301076,16.31100446727087,2700,12.299522678477809,0.13313877195936064
2757,742.69,722.7173733767579,2470.334568136427,174.936953565522,2537.183049511791,95.60604843809456,75.62298470683936,653.0877908810702,16.311209704076347,2700,12.299363965640312,0.13313877195936064
2758,742.7,722.7128027997682,2470.3506572961737,174.93808160448953,2537.182720127359,95.60595697983871,75.62353316369023,653.3596883222186,16.311414942494036,2700,12.29920559272036,0.13313877195936064
2759,742.71,722.7082312526319,2470.3667526533213,174.93921006752683,2537.182390745417,95.60586552231463,75.62408171545333,653.6315842612428,16.311620182523942,2700,12.299047559932186,0.13313877195936064
2760,742.72,722.7036587404953,2470.382854128283,174.94033894931366,2537.1820613659606,95.60577406552233,75.62463036091681,653.9034787058333,16.311825424166067,2700,12.298889867488235,0.13313877195936064
2761,742.73,722.699085277798,2470.3989616413105,174.94146824420284,2537.1817319889874,95.60568260946177,75.62517909887141,654.1753716636814,16.31203066742041,2700,12.29873251559917,0.13313877195936064
2762,742.74,722.6945108758664,2470.415075112831,174.9425979468881,2537.181402614498,95.60559115413298,75.62572792810728,654.4472631424788,16.312235912286955,2700,12.298575504473877,0.13313877195936064
2763,742.75,722.6899355429431,2470.4311944632254,174.9437280519125,2537.181073242489,95.60549969953594,75.62627684741544,654.7191531499178,16.312441158765704,2700,12.29841883431947,0.13313877195936064
2764,742.76,722.6853592965326,2470.4473196129443,174.9448585538019,2537.18074387296,95.60540824567063,75.62682585558797,654.9910416936908,16.31264640685664,2700,12.298262505341272,0.13313877195936064
2765,742.77,722.6807821448599,2470.4634504824944,174.94598944705308,2537.1804145059077,95.60531679253705,75.62737495141641,655.2629287814913,16.312851656559744,2700,12.298106517742845,0.13313877195936064
2766,742.78,722.6762040961546,2470.479586992357,174.94712072638836,2537.1800851413295,95.60522534013519,75.62792413369398,655.5348144210122,16.313056907874998,2700,12.297950871725952,0.13313877195936064
2767,742.79,722.6716251648131,2470.4957290631187,174.94825238620476,2537.179755779225,95.60513388846505,75.62847340121444,655.8066986199478,16.313262160802378,2700,12.297795567490603,0.13313877195936064
2768,742.8,722.6670453621364,2470.5118766154014,174.94938442117595,2537.1794264195923,95.60504243752659,75.62902275277133,656.078581385992,16.313467415341858,2700,12.297640605235015,0.13313877195936064
2769,742.8100000000001,722.662464699427,2470.5280295698167,174.95051682585145,2537.1790970624274,95.60495098731984,75.62957218715934,656.3504627268392,16.313672671493407,2700,12.297485985155634,0.13313877195936064
2770,742.82,722.6578831879797,2470.544187847044,174.95164959479266,2537.178767707731,95.60485953784476,75.63012170317369,656.622342650184,16.313877929256996,2700,12.297331707447132,0.13313877195936064
2771,742.83,722.6533008359912,2470.560351367808,174.95278272250596,2537.1784383555005,95.60476808910138,75.63067129961013,656.8942211637212,16.31408318863258,2700,12.297177772302406,0.13313877195936064
2772,742.84,722.6487176609278,2470.5765200528626,174.95391620367585,2537.1781090057334,95.60467664108965,75.6312209752655,657.1660982751457,16.314288449620125,2700,12.297024179912585,0.13313877195936064
2773,742.85,722.6441336709723,2470.592693823029,174.9550500328315,2537.177779658428,95.6045851938096,75.63177072893616,657.4379739921527,16.314493712219583,2700,12.29687093046701,0.13313877195936064
2774,742.86,722.6395488743153,2470.6088725991044,174.95618420457978,2537.1774503135816,95.60449374726119,75.63232055942015,657.7098483224373,16.31469897643091,2700,12.296718024153263,0.13313877195936064
2775,742.87,722.6349632822207,2470.625056301992,174.95731871350722,2537.177120971194,95.60440230144442,75.632870465516,657.9817212736948,16.314904242254055,2700,12.296565461157154,0.13313877195936064
2776,742.88,722.6303769152196,2470.6412448526303,174.95845355411822,2537.1767916312638,95.6043108563593,75.63342044602274,658.2535928536206,16.315109509688963,2700,12.296413241662714,0.13313877195936064
2777,742.89,722.625789775297,2470.6574381719843,174.95958872113613,2537.1764622937862,95.6042194120058,75.63397049973882,658.5254630699095,16.315314778735576,2700,12.296261365852205,0.13313877195936064
2778,742.9,722.6212018768057,2470.6736361809917,174.96072420902325,2537.176132958761,95.60412796838393,75.63452062546568,658.7973319302571,16.315520049393832,2700,12.29610983390612,0.13313877195936064
2779,742.91,722.6166132278896,2470.6898388007735,174.9618600125188,2537.1758036261867,95.60403652549367,75.63507082200368,659.0691994423582,16.31572532166367,2700,12.29595864600319,0.13313877195936064
2780,742.92,722.6120238459745,2470.7060459523914,174.96299612610665,2537.175474296061,95.60394508333502,75.63562108815478,659.341065613908,16.315930595545016,2700,12.295807802320361,0.13313877195936064
2781,742.9300000000001,722.6074337392009,2470.722257557006,174.96413254444778,2537.1751449683816,95.60385364190795,75.63617142272044,659.6129304526012,16.316135871037808,2700,12.295657303032824,0.13313877195936064
2782,742.94,722.6028429157144,2470.7384735357446,174.96526926218496,2537.174815643147,95.60376220121248,75.63672182450387,659.8847939661322,16.316341148141966,2700,12.295507148314,0.13313877195936064
2783,742.95,722.5982513929154,2470.7546938098553,174.9664062738203,2537.1744863203567,95.60367076124857,75.63727229230902,660.1566561621956,16.31654642685741,2700,12.29535733833554,0.13313877195936064
2784,742.96,722.5936591789275,2470.770918300623,174.96754357403745,2537.1741570000067,95.60357932201626,75.63782282493938,660.4285170484856,16.316751707184064,2700,12.295207873267334,0.13313877195936064
2785,742.97,722.5890662818784,2470.7871469293186,174.96868115741876,2537.1738276820947,95.6034878835155,75.63837342120017,660.7003766326956,16.31695698912184,2700,12.295058753277495,0.13313877195936064
2786,742.98,722.5844727160613,2470.803379617314,174.96981901865604,2537.1734983666206,95.60339644574628,75.6389240798973,660.9722349225193,16.317162272670654,2700,12.294909978532386,0.13313877195936064
2787,742.99,722.5798784957631,2470.8196162860304,174.97095715224336,2537.173169053582,95.60330500870863,75.6394747998367,661.2440919256499,16.31736755783041,2700,12.294761549196597,0.13313877195936064
2788,743.0,722.575283626,2470.835856856893,174.97209555289646,2537.1728397429765,95.60321357240251,75.64002557982494,661.5159476497797,16.31757284460101,2700,12.294613465432954,0.13313877195936064
2789,743.01,722.570688121055,2470.8521012513615,174.97323421522697,2537.172510434803,95.60312213682793,75.64057641867043,661.7878021026011,16.317778132982365,2700,12.29446572740253,0.13313877195936064
2790,743.02,722.5660919951916,2470.8683493910276,174.97437313384293,2537.17218112906,95.60303070198486,75.64112731518122,662.0596552918057,16.31798342297437,2700,12.294318335264625,0.13313877195936064
2791,743.03,722.5614952534088,2470.884601197447,174.97551230342523,2537.1718518257435,95.60293926787332,75.64167826816599,662.3315072250849,16.318188714576916,2700,12.294171289176784,0.13313877195936064
2792,743.04,722.5568979099709,2470.9008565922272,174.9766517186146,2537.1715225248527,95.60284783449329,75.64222927643527,662.6033579101293,16.3183940077899,2700,12.294024589294786,0.13313877195936064
2793,743.05,722.5522999760327,2470.9171154970913,174.9777913740026,2537.171193226387,95.60275640184474,75.64278033879918,662.8752073546289,16.318599302613208,2700,12.29387823577266,0.13313877195936064
2794,743.0600000000001,722.5477014627561,2470.9333778337386,174.97893126420334,2537.1708639303415,95.6026649699277,75.64333145406894,663.1470555662729,16.318804599046725,2700,12.29373222876266,0.13313877195936064
2795,743.07,722.5431023843822,2470.949643523939,174.98007138393706,2537.170534636717,95.60257353874215,75.64388262105665,663.4189025527504,16.319009897090336,2700,12.293586568415305,0.13313877195936064
2796,743.08,722.5385027458742,2470.9659124895175,174.98121172779622,2537.170205345512,95.60248210828807,75.6444338385746,663.6907483217494,16.31921519674391,2700,12.293441254879333,0.13313877195936064
2797,743.09,722.533902564553,2470.9821846523173,174.9823522905313,2537.1698760567224,95.60239067856546,75.6449851054371,663.9625928809571,16.319420498007336,2700,12.293296288301745,0.13313877195936064
2798,743.1,722.5293018453636,2470.998459934309,174.9834930667257,2537.1695467703485,95.6022992495743,75.64553642045752,664.2344362380602,16.319625800880473,2700,12.293151668827768,0.13313877195936064
2799,743.11,722.5247006025282,2471.014738257408,174.98463405100992,2537.1692174863865,95.60220782131461,75.64608778245154,664.5062784007442,16.319831105363196,2700,12.29300739660089,0.13313877195936064
2800,743.12,722.5200988502487,2471.0310195436755,174.98577523805415,2537.168888204834,95.60211639378635,75.64663919023455,664.7781193766943,16.32003641145537,2700,12.292863471762837,0.13313877195936064
2801,743.13,722.5154965934605,2471.0473037151523,174.98691662260399,2537.168558925692,95.60202496698953,75.6471906426226,665.0499591735945,16.320241719156854,2700,12.292719894453583,0.13313877195936064
2802,743.14,722.5108938463625,2471.063590693929,174.98805819932767,2537.168229648956,95.60193354092415,75.64774213843367,665.3217977991278,16.320447028467505,2700,12.292576664811348,0.13313877195936064
2803,743.15,722.5062906231353,2471.079880402218,174.9891999627707,2537.1679003746262,95.60184211559017,75.64829367648545,665.5936352609765,16.320652339387184,2700,12.2924337829726,0.13313877195936064
2804,743.16,722.5016869286958,2471.096172762218,174.99034190772906,2537.1675711026987,95.60175069098763,75.64884525559629,665.8654715668217,16.320857651915738,2700,12.292291249072056,0.13313877195936064
2805,743.17,722.4970827803121,2471.112467696162,174.99148402883623,2537.1672418331727,95.60165926711649,75.6493968745866,666.1373067243438,16.321062966053017,2700,12.292149063242691,0.13313877195936064
2806,743.1800000000001,722.4924781828746,2471.128765126428,174.99262632082838,2537.1669125660464,95.60156784397674,75.64994853227589,666.4091407412217,16.321268281798865,2700,12.29200722561572,0.13313877195936064
2807,743.19,722.4878731567329,2471.1450649753306,174.99376877832808,2537.1665833013167,95.60147642156839,75.65050022748623,666.6809736251336,16.321473599153123,2700,12.291865736320615,0.13313877195936064
2808,743.2,722.4832677005835,2471.1613671653486,174.994911396063,2537.1662540389843,95.60138499989144,75.65105195903831,666.9528053837564,16.321678918115634,2700,12.291724595485102,0.13313877195936064
2809,743.21,722.4786618347646,2471.1776716188774,174.99605416871944,2537.1659247790444,95.60129357894584,75.65160372575646,667.2246360247658,16.321884238686227,2700,12.291583803235152,0.13313877195936064
2810,743.22,722.4740555672219,2471.193978258549,174.99719709094387,2537.165595521497,95.60120215873164,75.65215552646303,667.4964655558365,16.32208956086474,2700,12.291443359695,0.13313877195936064
2811,743.23,722.4694489090114,2471.210287006863,174.99834015753996,2537.16526626634,95.60111073924877,75.6527073599828,667.7682939846419,16.322294884650997,2700,12.291303264987134,0.13313877195936064
2812,743.24,722.4648418711647,2471.226597786479,174.99948336312016,2537.1649370135706,95.60101932049729,75.65325922514093,668.040121318854,16.322500210044826,2700,12.291163519232292,0.13313877195936064
2813,743.25,722.4602344647109,2471.2429105200836,175.0006267025179,2537.1646077631885,95.60092790247712,75.65381112076342,668.3119475661434,16.322705537046044,2700,12.291024122549477,0.13313877195936064
2814,743.26,722.4556267037626,2471.259225130418,175.0017701703029,2537.1642785151885,95.60083648518831,75.65436304567716,668.5837727341801,16.322910865654475,2700,12.290885075055943,0.13313877195936064
2815,743.27,722.4510185931541,2471.275541540283,175.00291376125352,2537.1639492695735,95.60074506863083,75.65491499870939,668.8555968306317,16.323116195869932,2700,12.29074637686721,0.13313877195936064
2816,743.28,722.4464101500762,2471.2918596724953,175.0040574701021,2537.1636200263365,95.60065365280468,75.65546697868942,669.1274198631653,16.323321527692233,2700,12.290608028097052,0.13313877195936064
2817,743.29,722.4418013824317,2471.3081794500226,175.00520129156436,2537.1632907854805,95.60056223770985,75.65601898444581,669.3992418394458,16.323526861121177,2700,12.290470028857508,0.13313877195936064
2818,743.3,722.4371922981313,2471.324500795765,175.00634522034554,2537.162961547,95.60047082334633,75.65657101480906,669.6710627671373,16.323732196156573,2700,12.290332379258869,0.13313877195936064
2819,743.3100000000001,722.4325829174257,2471.340823632765,175.00748925124117,2537.162632310895,95.6003794097141,75.65712306861069,669.942882653902,16.32393753279823,2700,12.290195079409704,0.13313877195936064
2820,743.32,722.4279732389308,2471.3571478841254,175.00863337889416,2537.1623030771625,95.60028799681318,75.65767514468128,670.2147015074006,16.32414287104594,2700,12.290058129416833,0.13313877195936064
2821,743.33,722.4233632859863,2471.3734734728832,175.0097775981321,2537.161973845801,95.60019658464354,75.65822724185524,670.4865193352923,16.324348210899498,2700,12.289921529385346,0.13313877195936064
2822,743.34,722.4187530602712,2471.38980032234,175.01092190365495,2537.16164461681,95.60010517320518,75.65877935896458,670.7583361452348,16.3245535523587,2700,12.289785279418597,0.13313877195936064
2823,743.35,722.414142578935,2471.406128355621,175.0120662901957,2537.1613153901867,95.6000137624981,75.65933149484502,671.030151944884,16.324758895423336,2700,12.289649379618206,0.13313877195936064
2824,743.36,722.4095318498229,2471.422457496113,175.01321075256266,2537.1609861659276,95.59992235252228,75.65988364833112,671.301966741894,16.32496424009319,2700,12.289513830084063,0.13313877195936064
2825,743.37,722.4049208807949,2471.438787667119,175.01435528546045,2537.1606569440323,95.59983094327772,75.66043581825943,671.5737805439175,16.325169586368048,2700,12.289378630914324,0.13313877195936064
2826,743.38,722.4003096889568,2471.4551187920692,175.01549988366315,2537.1603277244994,95.59973953476441,75.66098800346744,671.8455933586054,16.325374934247684,2700,12.289243782205412,0.13313877195936064
2827,743.39,722.3956982852308,2471.4714507944655,175.01664454190873,2537.159998507326,95.59964812698234,75.66154020279245,672.1174051936064,16.325580283731878,2700,12.289109284052028,0.13313877195936064
2828,743.4,722.3910866743605,2471.4877835977836,175.01778925500292,2537.159669292511,95.59955671993153,75.66209241507336,672.389216056568,16.325785634820402,2700,12.288975136547135,0.13313877195936064
2829,743.41,722.386474873433,2471.5041171256157,175.01893401775627,2537.159340080052,95.59946531361193,75.66264463915078,672.6610259551353,16.325990987513027,2700,12.288841339781976,0.13313877195936064
2830,743.42,722.3818628871633,2471.520451301662,175.02007882481706,2537.159010869948,95.59937390802355,75.66319687386452,672.932834896952,16.326196341809517,2700,12.288707893846066,0.13313877195936064
2831,743.4300000000001,722.3772507326303,2471.536786049573,175.0212236710645,2537.158681662196,95.5992825031664,75.66374911805697,673.2046428896597,16.32640169770964,2700,12.288574798827193,0.13313877195936064
2832,743.44,722.3726384207122,2471.553121293161,175.02236855129436,2537.1583524567945,95.59919109904045,75.66430137056997,673.4764499408976,16.32660705521315,2700,12.28844205481142,0.13313877195936064
2833,743.45,722.3680259561127,2471.5694569562124,175.02351346025202,2537.158023253741,95.59909969564572,75.66485363024694,673.7482560583038,16.326812414319807,2700,12.288309661883087,0.13313877195936064
2834,743.46,722.3634133527902,2471.585792962609,175.02465839267936,2537.157694053034,95.59900829298216,75.66540589593293,674.0200612495136,16.32701777502937,2700,12.288177620124811,0.13313877195936064
2835,743.47,722.3588006246864,2471.6021292363475,175.02580334342935,2537.1573648546732,95.59891689104983,75.66595816647285,674.2918655221606,16.32722313734158,2700,12.288045929617493,0.13313877195936064
2836,743.48,722.3541877795694,2471.6184657014055,175.02694830733964,2537.1570356586553,95.59882548984864,75.66651044071254,674.5636688838763,16.32742850125619,2700,12.287914590440305,0.13313877195936064
2837,743.49,722.3495748282859,2471.6348022818315,175.02809327917922,2537.1567064649785,95.59873408937864,75.66706271749956,674.8354713422899,16.327633866772945,2700,12.28778360267071,0.13313877195936064
2838,743.5,722.3449617847571,2471.65113890178,175.0292382536797,2537.1563772736404,95.59864268963982,75.66761499568203,675.1072729050288,16.327839233891584,2700,12.287652966384446,0.13313877195936064
2839,743.51,722.34034865672,2471.6674754854484,175.03038322583717,2537.1560480846406,95.59855129063213,75.66816727410863,675.3790735797178,16.328044602611843,2700,12.287522681655533,0.13313877195936064
2840,743.52,722.3357354519088,2471.6838119570634,175.03152819024035,2537.155718897976,95.59845989235562,75.66871955162962,675.6508733739797,16.32824997293346,2700,12.28739274855628,0.13313877195936064
2841,743.53,722.3311221903983,2471.7001482409632,175.03267314193724,2537.155389713644,95.59836849481025,75.6692718270964,675.9226722954351,16.328455344856163,2700,12.287263167157285,0.13313877195936064
2842,743.54,722.3265088737186,2471.7164842615553,175.03381807557986,2537.1550605316447,95.598277097996,75.66982409935966,676.194470351702,16.328660718379684,2700,12.287133937527418,0.13313877195936064
2843,743.55,722.3218955219421,2471.732819943204,175.03496298605208,2537.1547313519754,95.59818570191291,75.67037636727358,676.4662675503964,16.328866093503745,2700,12.28700505973385,0.13313877195936064
2844,743.5600000000001,722.3172821334858,2471.749155210498,175.0361078682018,2537.154402174635,95.59809430656094,75.67092862969065,676.7380638991318,16.32907147022807,2700,12.286876533842037,0.13313877195936064
2845,743.57,722.3126687314931,2471.7654899879267,175.03725271692542,2537.1540729996186,95.5980029119401,75.67148088546736,677.0098594055194,16.329276848552375,2700,12.286748359915721,0.13313877195936064
2846,743.58,722.3080553174503,2471.781824200224,175.03839752693753,2537.1537438269283,95.59791151805035,75.67203313345782,677.2816540771677,16.32948222847638,2700,12.28662053801694,0.13313877195936064
2847,743.59,722.3034419083094,2471.798157771982,175.0395422931634,2537.153414656561,95.59782012489173,75.67258537251998,677.5534479216832,16.32968760999979,2700,12.286493068206024,0.13313877195936064
2848,743.6,722.2988285117217,2471.8144906280427,175.04068701042982,2537.1530854885136,95.59772873246419,75.67313760151079,677.8252409466694,16.32989299312232,2700,12.286365950541596,0.13313877195936064
2849,743.61,722.2942151415238,2471.8308226931795,175.04183167365625,2537.152756322785,95.59763734076775,75.67368981928948,678.0970331597276,16.33009837784368,2700,12.28623918508056,0.13313877195936064
2850,743.62,722.2896018022666,2471.8471538923127,175.04297627761179,2537.1524271593726,95.5975459498024,75.67424202471531,678.3688245684566,16.330303764163563,2700,12.286112771878143,0.13313877195936064
2851,743.63,722.2849885108561,2471.8634841503704,175.04412081723368,2537.152097998276,95.59745455956813,75.67479421664979,678.6406151804522,16.330509152081675,2700,12.285986710987848,0.13313877195936064
2852,743.64,722.2803752780006,2471.879813392428,175.04526528729582,2537.151768839492,95.59736317006492,75.67534639395393,678.912405003308,16.330714541597708,2700,12.285861002461479,0.13313877195936064
2853,743.65,722.2757621082349,2471.896141543526,175.04640968276902,2537.15143968302,95.59727178129278,75.67589855549043,679.1841940446147,16.33091993271136,2700,12.285735646349142,0.13313877195936064
2854,743.66,722.2711490184339,2471.912468528817,175.04755399852704,2537.151110528856,95.59718039325172,75.67645070012387,679.4559823119605,16.33112532542232,2700,12.285610642699247,0.13313877195936064
2855,743.67,722.26653601619,2471.928794273572,175.04869822936897,2537.150781377001,95.59708900594168,75.6770028267182,679.7277698129305,16.33133071973028,2700,12.285485991558497,0.13313877195936064
2856,743.6800000000001,722.2619231152778,2471.945118703031,175.04984237026486,2537.150452227451,95.59699761936271,75.67755493413965,679.9995565551075,16.33153611563491,2700,12.285361692971906,0.13313877195936064
2857,743.69,722.2573103232742,2471.9614417425732,175.0509864161348,2537.150123080206,95.59690623351477,75.67810702125472,680.2713425460711,16.331741513135906,2700,12.285237746982789,0.13313877195936064
2858,743.7,722.2526976508442,2471.977763317604,175.05213036176872,2537.1497939352616,95.59681484839787,75.67865908693162,680.5431277933983,16.33194691223294,2700,12.285114153632765,0.13313877195936064
2859,743.71,722.2480851086356,2471.9940833536366,175.05327420208772,2537.149464792619,95.59672346401199,75.67921113003916,680.8149123046634,16.332152312925686,2700,12.284990912961762,0.13313877195936064
2860,743.72,722.2434727134681,2472.010401776225,175.0544179320819,2537.1491356522733,95.59663208035714,75.67976314944741,681.0866960874372,16.332357715213814,2700,12.284868025008011,0.13313877195936064
2861,743.73,722.2388604667088,2472.0267185110024,175.05556154658478,2537.1488065142244,95.59654069743328,75.68031514402658,681.3584791492883,16.332563119097,2700,12.28474548980806,0.13313877195936064
2862,743.74,722.2342483851647,2472.0430334836174,175.0567050405626,2537.1484773784696,95.59644931524045,75.68086711264988,681.6302614977819,16.3327685245749,2700,12.284623307396757,0.13313877195936064
2863,743.75,722.2296364732626,2472.059346619911,175.05784840889024,2537.148148245008,95.59635793377862,75.6814190541895,681.9020431404803,16.332973931647178,2700,12.284501477807273,0.13313877195936064
2864,743.76,722.225024750881,2472.0756578456603,175.05899164652294,2537.147819113837,95.59626655304778,75.68197096752044,682.1738240849427,16.3331793403135,2700,12.284380001071083,0.13313877195936064
2865,743.77,722.2204132224304,2472.091967086826,175.06013474841083,2537.147489984956,95.59617517304794,75.68252285151678,682.4456043387254,16.333384750573515,2700,12.284258877217985,0.13313877195936064
2866,743.78,722.2158018985075,2472.108274269304,175.0612777094144,2537.147160858361,95.59608379377906,75.68307470505559,682.7173839093816,16.33359016242688,2700,12.28413810627608,0.13313877195936064
2867,743.79,722.2111907927693,2472.124579319197,175.06242052454562,2537.1468317340523,95.59599241524117,75.68362652701424,682.9891628044612,16.333795575873246,2700,12.284017688271794,0.13313877195936064
2868,743.8,722.2065799126945,2472.140882162614,175.06356318868856,2537.1465026120263,95.59590103743425,75.68417831627075,683.2609410315112,16.334000990912255,2700,12.28389762322987,0.13313877195936064
2869,743.8100000000001,722.2019692688434,2472.1571827257208,175.0647056968627,2537.1461734922823,95.59580966035828,75.684730071705,683.532718598075,16.334206407543554,2700,12.283777911173372,0.13313877195936064
2870,743.82,722.1973588748491,2472.1734809347927,175.0658480439345,2537.145844374818,95.59571828401329,75.68528179219759,683.8044955116932,16.334411825766786,2700,12.283658552123681,0.13313877195936064
2871,743.83,722.1927487381606,2472.1897767161613,175.06699022499987,2537.145515259632,95.59562690839924,75.6858334766298,684.0762717799029,16.334617245581583,2700,12.283539546100503,0.13313877195936064
2872,743.84,722.1881388693097,2472.2060699961958,175.06813223485938,2537.1451861467217,95.59553553351611,75.68638512388476,684.348047410238,16.334822666987584,2700,12.283420893121862,0.13313877195936064
2873,743.85,722.183529281899,2472.2223607013966,175.06927406856323,2537.1448570360853,95.59544415936395,75.68693673284636,684.6198224102291,16.33502808998442,2700,12.283302593204116,0.13313877195936064
2874,743.86,722.1789199864378,2472.238648758304,175.07041572113218,2537.144527927722,95.59535278594271,75.68748830239927,684.8915967874033,16.33523351457172,2700,12.283184646361939,0.13313877195936064
2875,743.87,722.174310990339,2472.254934093515,175.0715571874535,2537.144198821628,95.5952614132524,75.68803983142962,685.1633705492844,16.335438940749107,2700,12.283067052608338,0.13313877195936064
2876,743.88,722.1697023040905,2472.271216633722,175.07269846259376,2537.1438697178037,95.595170041293,75.68859131882493,685.4351437033929,16.335644368516203,2700,12.282949811954646,0.13313877195936064
2877,743.89,722.1650939381682,2472.2874963057084,175.0738395414063,2537.143540616246,95.59507867006451,75.68914276347346,685.7069162572458,16.33584979787263,2700,12.282832924410531,0.13313877195936064
2878,743.9,722.1604859061287,2472.3037730363035,175.07498041903548,2537.1432115169537,95.59498729956694,75.68969416426461,685.9786882183563,16.336055228818005,2700,12.282716389983985,0.13313877195936064
2879,743.91,722.1558782184317,2472.320046752415,175.07612109043765,2537.142882419924,95.59489592980026,75.69024552008864,686.2504595942346,16.33626066135194,2700,12.28260020868134,0.13313877195936064
2880,743.92,722.1512708824403,2472.336317381007,175.07726155055204,2537.142553325155,95.59480456076447,75.69079682983725,686.5222303923869,16.336466095474044,2700,12.282484380507258,0.13313877195936064
2881,743.9300000000001,722.1466639085919,2472.3525848491404,175.07840179444656,2537.1422242326466,95.5947131924596,75.69134809240364,686.794000620316,16.336671531183924,2700,12.282368905464734,0.13313877195936064
2882,743.94,722.1420573104,2472.368849083966,175.07954181718299,2537.1418951423952,95.59462182488558,75.69189930668175,687.0657702855212,16.33687696848119,2700,12.28225378355511,0.13313877195936064
2883,743.95,722.1374510982827,2472.385110012691,175.08068161361808,2537.1415660544,95.59453045804246,75.69245047156636,687.3375393954981,16.337082407365433,2700,12.282139014778055,0.13313877195936064
2884,743.96,722.1328452795619,2472.4013675625747,175.08182117894233,2537.14123696866,95.59443909193021,75.69300158595374,687.6093079577385,16.33728784783626,2700,12.28202459913158,0.13313877195936064
2885,743.97,722.1282398677238,2472.41762166098,175.08296050813163,2537.1409078851707,95.59434772654882,75.69355264874171,687.8810759797304,16.337493289893263,2700,12.281910536612045,0.13313877195936064
2886,743.98,722.1236348669751,2472.4338722353623,175.08409959616435,2537.140578803931,95.59425636189827,75.69410365882834,688.1528434689584,16.337698733536037,2700,12.281796827214148,0.13313877195936064
2887,743.99,722.1190302938735,2472.450119213196,175.08523843814214,2537.140249724942,95.5941649979786,75.69465461511406,688.424610432903,16.33790417876417,2700,12.281683470930925,0.13313877195936064
2888,744.0,722.1144261587775,2472.4663625221197,175.08637702909908,2537.1399206481983,95.59407363478975,75.69520551649896,688.6963768790412,16.338109625577243,2700,12.281570467753768,0.13313877195936064
2889,744.01,722.109822472051,2472.48260208974,175.08751536406402,2537.1395915736994,95.59398227233176,75.69575636188523,688.9681428148459,16.338315073974847,2700,12.281457817672408,0.13313877195936064
2890,744.02,722.1052192409502,2472.498837843803,175.08865343815634,2537.1392625014437,95.5938909106046,75.69630715017608,689.239908247786,16.338520523956557,2700,12.281345520674924,0.13313877195936064
2891,744.03,722.1006164758095,2472.515069712125,175.0897912463177,2537.138933431429,95.59379954960826,75.69685788027626,689.5116731853271,16.338725975521953,2700,12.281233576747754,0.13313877195936064
2892,744.04,722.0960141900384,2472.5312976226173,175.0909287837407,2537.1386043636535,95.59370818934276,75.69740855109127,689.7834376349302,16.338931428670605,2700,12.281121985875679,0.13313877195936064
2893,744.05,722.091412390862,2472.547521503251,175.09206604545983,2537.138275298115,95.59361682980807,75.69795916152748,690.0552016040527,16.33913688340209,2700,12.281010748041837,0.13313877195936064
2894,744.0600000000001,722.0868110916756,2472.5637412820447,175.09320302644923,2537.137946234813,95.5935254710042,75.69850971049323,690.326965100148,16.339342339715976,2700,12.280899863227713,0.13313877195936064
2895,744.07,722.0822102996799,2472.5799568871494,175.0943397219395,2537.137617173745,95.59343411293112,75.69906019689721,690.5987281306651,16.33954779761183,2700,12.280789331413157,0.13313877195936064
2896,744.08,722.0776100282485,2472.5961682467437,175.09547612687555,2537.137288114909,95.59334275558885,75.6996106196502,690.8704907030495,16.339753257089203,2700,12.280679152576372,0.13313877195936064
2897,744.09,722.0730102876472,2472.6123752891367,175.09661223652077,2537.1369590583026,95.59325139897737,75.70016097766337,691.1422528247424,16.339958718147667,2700,12.28056932669392,0.13313877195936064
2898,744.1,722.0684110850523,2472.6285779426653,175.09774804583833,2537.136630003925,95.59316004309667,75.7007112698495,691.4140145031805,16.340164180786775,2700,12.280459853740721,0.13313877195936064
2899,744.11,722.0638124337999,2472.6447761357754,175.09888354999228,2537.1363009517736,95.59306868794677,75.70126149512292,691.685775745797,16.340369645006078,2700,12.280350733690064,0.13313877195936064
2900,744.12,722.0592143410369,2472.6609697970107,175.10001874400885,2537.1359719018474,95.59297733352766,75.70181165239836,691.9575365600201,16.34057511080513,2700,12.280241966513591,0.13313877195936064
2901,744.13,722.0546168169947,2472.677158854944,175.10115362312337,2537.1356428541444,95.59288597983931,75.70236174059251,692.2292969532747,16.340780578183473,2700,12.280133552181315,0.13313877195936064
2902,744.14,722.0500198780616,2472.6933432382775,175.1022881823487,2537.1353138086615,95.59279462688171,75.70291175862303,692.5010569329808,16.34098604714066,2700,12.280025490661615,0.13313877195936064
2903,744.15,722.0454235251794,2472.7095228757707,175.10342241689764,2537.1349847653987,95.5927032746549,75.70346170540789,692.7728165065542,16.34119151767623,2700,12.279917781921235,0.13313877195936064
2904,744.16,722.0408277747264,2472.7256976962144,175.1045563218313,2537.1346557243533,95.59261192315881,75.70401157986832,693.0445756814066,16.34139698978972,2700,12.279810425925293,0.13313877195936064
2905,744.17,722.0362326399608,2472.7418676286024,175.1056898923477,2537.134326685523,95.5925205723935,75.7045613809249,693.3163344649454,16.34160246348067,2700,12.279703422637274,0.13313877195936064
2906,744.1800000000001,722.0316381248867,2472.758032601895,175.10682312357108,2537.1339976489066,95.59242922235892,75.70511110749986,693.5880928645731,16.34180793874861,2700,12.279596772019039,0.13313877195936064
2907,744.19,722.0270442396686,2472.7741925451546,175.10795601059885,2537.1336686145023,95.59233787305507,75.7056607585177,693.8598508876886,16.34201341559307,2700,12.279490474030816,0.13313877195936064
2908,744.2,722.0224509975353,2472.7903473875967,175.10908854864817,2537.133339582308,95.59224652448196,75.7062103329034,694.1316085416856,16.342218894013577,2700,12.279384528631217,0.13313877195936064
2909,744.21,722.0178584055391,2472.806497058468,175.11022073280503,2537.133010552322,95.59215517663958,75.70675982958278,694.403365833954,16.342424374009656,2700,12.279278935777228,0.13313877195936064
2910,744.22,722.0132664768977,2472.8226414870646,175.11135255834031,2537.1326815245448,95.59206382952793,75.70730924748374,694.6751227718786,16.34262985558083,2700,12.279173695424207,0.13313877195936064
2911,744.23,722.0086752217235,2472.838780602828,175.11248402032348,2537.1323524989693,95.59197248314698,75.70785858553471,694.9468793628399,16.34283533872662,2700,12.279068807525908,0.13313877195936064
2912,744.24,722.0040846470373,2472.854914335232,175.11361511396368,2537.1320234755985,95.59188113749676,75.70840784266571,695.218635614214,16.343040823446536,2700,12.27896427203445,0.13313877195936064
2913,744.25,721.9994947660188,2472.871042613854,175.11474583453307,2537.1316944544287,95.59178979257725,75.70895701780843,695.4903915333723,16.343246309740096,2700,12.278860088900347,0.13313877195936064
2914,744.26,721.9949055856587,2472.8871653683755,175.1158761770397,2537.131365435458,95.59169844838841,75.70950610989502,695.7621471276815,16.343451797606804,2700,12.278756258072493,0.13313877195936064
2915,744.27,721.9903171191188,2472.903282528517,175.11700613678136,2537.1310364186857,95.5916071049303,75.71005511785968,696.0339024045037,16.343657287046174,2700,12.278652779498168,0.13313877195936064
2916,744.28,721.9857293764537,2472.9193940241316,175.11813570896103,2537.1307074041083,95.59151576220285,75.7106040406372,696.3056573711963,16.34386277805771,2700,12.278549653123047,0.13313877195936064
2917,744.29,721.9811423646266,2472.9354997851087,175.1192648887819,2537.130378391725,95.59142442020611,75.71115287716395,696.577412035112,16.344068270640904,2700,12.278446878891186,0.13313877195936064
2918,744.3,721.9765560967604,2472.9515997414433,175.12039367140474,2537.130049381534,95.59133307894002,75.71170162637804,696.8491664035988,16.344273764795265,2700,12.27834445674504,0.13313877195936064
2919,744.3100000000001,721.9719705828745,2472.9676938232415,175.12152205207758,2537.129720373533,95.59124173840462,75.71225028721807,697.1209204839998,16.344479260520288,2700,12.27824238662545,0.13313877195936064
2920,744.32,721.9673858329849,2472.98378196065,175.12265002609502,2537.1293913677214,95.5911503985999,75.71279885862438,697.3926742836536,16.344684757815457,2700,12.278140668471659,0.13313877195936064
2921,744.33,721.9628018509165,2472.9998640839217,175.12377758853023,2537.1290623640957,95.59105905952582,75.71334733953846,697.6644278098934,16.344890256680273,2700,12.278039302221302,0.13313877195936064
2922,744.34,721.9582186559212,2473.0159401233855,175.12490473471584,2537.1287333626556,95.59096772118241,75.71389572890395,697.9361810700481,16.34509575711422,2700,12.277938287810416,0.13313877195936064
2923,744.35,721.9536362517933,2473.032010009517,175.12603145993762,2537.1284043633987,95.59087638356965,75.71444402566382,698.2079340714413,16.345301259116777,2700,12.277837625173433,0.13313877195936064
2924,744.36,721.949054651597,2473.0480736727454,175.12715775932872,2537.1280753663227,95.59078504668754,75.71499222876439,698.479686821392,16.34550676268743,2700,12.277737314243188,0.13313877195936064
2925,744.37,721.9444738652768,2473.0641310437168,175.12828362820795,2537.127746371427,95.59069371053607,75.71554033715206,698.7514393272139,16.34571226782566,2700,12.277637354950924,0.13313877195936064
2926,744.38,721.9398938996909,2473.0801820530924,175.12940906177977,2537.1274173787083,95.59060237511522,75.71608834977498,699.0231915962161,16.345917774530943,2700,12.277537747226287,0.13313877195936064
2927,744.39,721.9353147678559,2473.09622663163,175.13053405540344,2537.127088388166,95.59051104042501,75.71663626558292,699.2949436357022,16.346123282802743,2700,12.277438490997318,0.13313877195936064
2928,744.4,721.9307364796857,2473.112264710214,175.13165860423769,2537.126759399798,95.59041970646544,75.71718408352629,699.5666954529713,16.34632879264054,2700,12.277339586190486,0.13313877195936064
2929,744.41,721.9261590450884,2473.1282962197597,175.13278270361403,2537.126430413602,95.5903283732365,75.71773180255727,699.8384470553169,16.3465343040438,2700,12.277241032730654,0.13313877195936064
2930,744.42,721.9215824708708,2473.144321091302,175.13390634875987,2537.1261014295774,95.59023704073816,75.71827942162922,700.1101984500277,16.346739817011983,2700,12.2771428305411,0.13313877195936064
2931,744.4300000000001,721.9170067700001,2473.160339255952,175.1350295350382,2537.1257724477214,95.59014570897044,75.71882693969728,700.3819496443873,16.346945331544557,2700,12.277044979543529,0.13313877195936064
2932,744.44,721.9124319492557,2473.1763506449406,175.13615225773827,2537.1254434680327,95.59005437793331,75.71937435571711,700.653700645674,16.34715084764098,2700,12.276947479658038,0.13313877195936064
2933,744.45,721.9078580246728,2473.192355189527,175.13727451207842,2537.125114490509,95.58996304762681,75.71992166864659,700.9254514611607,16.3473563653007,2700,12.276850330803157,0.13313877195936064
2934,744.46,721.9032849999172,2473.208352821128,175.13839629346666,2537.1247855151487,95.5898717180509,75.72046887744376,701.1972020981154,16.347561884523184,2700,12.276753532895835,0.13313877195936064
2935,744.47,721.8987128910029,2473.2243434711545,175.1395175971247,2537.124456541951,95.58978038920557,75.72101598106967,701.4689525638009,16.347767405307874,2700,12.27665708585143,0.13313877195936064
2936,744.48,721.8941416953943,2473.240327071227,175.14063841844927,2537.1241275709126,95.58968906109084,75.7215629784848,701.7407028654744,16.34797292765422,2700,12.276560989583729,0.13313877195936064
2937,744.49,721.8895714383432,2473.2563035529292,175.14175875266088,2537.123798602032,95.58959773370667,75.72210986865367,702.0124530103878,16.348178451561665,2700,12.276465244004946,0.13313877195936064
2938,744.5,721.8850021203683,2473.272272848102,175.14287859520792,2537.12346963531,95.58950640705308,75.72265665053851,702.2842030057878,16.348383977029656,2700,12.276369849025714,0.13313877195936064
2939,744.51,721.8804337512726,2473.2882348884455,175.14399794129636,2537.12314067074,95.58941508113008,75.72320332310608,702.5559528589159,16.34858950405763,2700,12.276274804555099,0.13313877195936064
2940,744.52,721.8758663469883,2473.3041896059513,175.14511678637462,2537.122811708324,95.58932375593764,75.72374988532333,702.8277025770077,16.348795032645025,2700,12.276180110500588,0.13313877195936064
2941,744.53,721.8712999141881,2473.3201369326234,175.14623512578805,2537.1224827480596,95.58923243147575,75.72429633615789,703.099452167294,16.349000562791275,2700,12.276085766768109,0.13313877195936064
2942,744.54,721.8667344595364,2473.3360768005136,175.14735295479318,2537.122153789944,95.58914110774442,75.72484267457992,703.3712016369993,16.349206094495813,2700,12.275991773262014,0.13313877195936064
2943,744.55,721.8621699958506,2473.35200914184,175.14847026881773,2537.121824833977,95.58904978474365,75.72538889956081,703.6429509933434,16.34941162775807,2700,12.275898129885093,0.13313877195936064
2944,744.5600000000001,721.8576065328477,2473.3679338888996,175.14958706322074,2537.1214958801543,95.58895846247343,75.7259350100727,703.9147002435403,16.349617162577463,2700,12.275804836538573,0.13313877195936064
2945,744.57,721.8530440740656,2473.383850974037,175.15070333339236,2537.121166928477,95.58886714093374,75.72648100508931,704.1864493947982,16.349822698953425,2700,12.275711893122118,0.13313877195936064
2946,744.58,721.8484826415485,2473.399760329706,175.15181907472797,2537.120837978942,95.58877582012461,75.72702688358675,704.4581984543199,16.350028236885368,2700,12.275619299533828,0.13313877195936064
2947,744.59,721.8439222357109,2473.415661888515,175.1529342825165,2537.1205090315466,95.588684500046,75.72757264454012,704.7299474293027,16.350233776372722,2700,12.275527055670251,0.13313877195936064
2948,744.6,721.8393628662383,2473.431555583007,175.1540489522621,2537.1201800862905,95.58859318069791,75.72811828692862,705.0016963269383,16.35043931741489,2700,12.275435161426373,0.13313877195936064
2949,744.61,721.8348045489488,2473.4474413459925,175.15516307926777,2537.119851143171,95.58850186208035,75.72866380973173,705.2734451544122,16.35064486001129,2700,12.275343616695633,0.13313877195936064
2950,744.62,721.8302472904027,2473.4633191102985,175.15627665900547,2537.1195222021875,95.58841054419331,75.7292092119296,705.5451939189048,16.350850404161328,2700,12.275252421369904,0.13313877195936064
2951,744.63,721.8256910971503,2473.479188808803,175.15738968685704,2537.1191932633365,95.58831922703679,75.72975449250491,705.8169426275907,16.351055949864417,2700,12.27516157533952,0.13313877195936064
2952,744.64,721.8211359849802,2473.495050374545,175.15850215823977,2537.1188643266187,95.58822791061078,75.7302996504418,706.0886912876383,16.35126149711996,2700,12.275071078493262,0.13313877195936064
2953,744.65,721.8165819542357,2473.510903740661,175.15961406856172,2537.1185353920296,95.58813659491527,75.73084468472446,706.3604399062107,16.351467045927354,2700,12.274980930718359,0.13313877195936064
2954,744.66,721.812029023777,2473.526748840291,175.16072541333455,2537.1182064595696,95.58804527995026,75.73138959434064,706.6321884904648,16.351672596286004,2700,12.274891131900498,0.13313877195936064
2955,744.67,721.8074771970006,2473.5425856068096,175.1618361878358,2537.117877529236,95.58795396571574,75.73193437827705,706.9039370475521,16.351878148195304,2700,12.274801681923822,0.13313877195936064
2956,744.6800000000001,721.8029264896583,2473.5584139735192,175.1629463876323,2537.1175486010266,95.58786265221173,75.73247903552394,707.1756855846178,16.35208370165465,2700,12.27471258067093,0.13313877195936064
2957,744.69,721.7983769020374,2473.574233873964,175.1640560081522,2537.1172196749408,95.5877713394382,75.73302356507124,707.4474341088013,16.35228925666343,2700,12.274623828022886,0.13313877195936064
2958,744.7,721.7938284560323,2473.5900452416604,175.16516504483317,2537.116890750977,95.58768002739515,75.73356796591248,707.7191826272361,16.35249481322103,2700,12.274535423859211,0.13313877195936064
2959,744.71,721.7892811519005,2473.605848010358,175.16627349318807,2537.116561829131,95.58758871608258,75.73411223703984,707.9909311470501,16.35270037132684,2700,12.274447368057896,0.13313877195936064
2960,744.72,721.7847350022575,2473.621642113725,175.16738134862553,2537.1162329094045,95.58749740550049,75.73465637744964,708.2626796753646,16.352905930980242,2700,12.27435966049538,0.13313877195936064
2961,744.73,721.7801900165942,2473.637427485702,175.16848860655892,2537.1159039917925,95.58740609564886,75.73520038613808,708.534428219295,16.353111492180616,2700,12.274272301046597,0.13313877195936064
2962,744.74,721.7756461982307,2473.6532040602156,175.16959526261945,2537.1155750762955,95.58731478652768,75.735744262103,708.8061767859512,16.35331705492734,2700,12.274185289584924,0.13313877195936064
2963,744.75,721.771103568988,2473.668971771304,175.17070131221362,2537.1152461629117,95.58722347813699,75.73628800434477,709.0779253824362,16.353522619219795,2700,12.274098625982228,0.13313877195936064
2964,744.76,721.7665621290625,2473.684730553173,175.17180675077947,2537.1149172516384,95.58713217047674,75.73683161186275,709.3496740158477,16.353728185057342,2700,12.274012310108835,0.13313877195936064
2965,744.77,721.7620218910043,2473.700480339962,175.17291157398176,2537.1145883424742,95.58704086354693,75.7373750836606,709.6214226932768,16.35393375243936,2700,12.273926341833558,0.13313877195936064
2966,744.78,721.7574828673223,2473.7162210660863,175.17401577716967,2537.1142594354174,95.58694955734758,75.73791841874183,709.8931714218085,16.35413932136521,2700,12.27384072102368,0.13313877195936064
2967,744.79,721.7529450581851,2473.7319526659626,175.17511935590866,2537.113930530466,95.58685825187867,75.73846161611132,710.1649202085215,16.354344891834263,2700,12.273755447544962,0.13313877195936064
2968,744.8,721.748408485349,2473.74767507409,175.17622230571396,2537.113601627618,95.58676694714019,75.73900467477718,710.4366690604886,16.354550463845875,2700,12.273670521261652,0.13313877195936064
2969,744.8100000000001,721.743873145854,2473.7633882251807,175.17732462210247,2537.113272726872,95.58667564313215,75.739547593746,710.7084179847764,16.35475603739941,2700,12.273585942036473,0.13313877195936064
2970,744.82,721.739339058355,2473.779092053852,175.17842630069657,2537.1129438282287,95.58658433985454,75.74009037202919,710.9801669884446,16.354961612494225,2700,12.273501709730635,0.13313877195936064
2971,744.83,721.7348062260336,2473.79478649503,175.1795273369077,2537.112614931683,95.58649303730736,75.74063300863672,711.2519160785471,16.355167189129673,2700,12.273417824203843,0.13313877195936064
2972,744.84,721.7302746613424,2473.810471483554,175.18062772637296,2537.1122860372334,95.5864017354906,75.74117550258208,711.5236652621315,16.355372767305102,2700,12.273334285314274,0.13313877195936064
2973,744.85,721.7257443767018,2473.82614695449,175.18172746456236,2537.111957144881,95.58631043440425,75.74171785287919,711.7954145462392,16.35557834701987,2700,12.273251092918612,0.13313877195936064
2974,744.86,721.7212153752707,2473.841812842937,175.1828265471441,2537.11162825462,95.58621913404832,75.74226005854334,712.0671639379044,16.35578392827331,2700,12.273168246872023,0.13313877195936064
2975,744.87,721.7166876694524,2473.8574690840774,175.18392496961317,2537.111299366452,95.58612783442278,75.74280211859255,712.3389134441558,16.35598951106478,2700,12.273085747028173,0.13313877195936064
2976,744.88,721.7121612716267,2473.8731156132794,175.1850227275249,2537.110970480375,95.58603653552767,75.74334403204517,712.6106630720151,16.356195095393616,2700,12.27300359323922,0.13313877195936064
2977,744.89,721.7076361849105,2473.88875236593,175.18611981653848,2537.1106415963845,95.58594523736294,75.74388579792104,712.8824128284979,16.356400681259153,2700,12.272921785355821,0.13313877195936064
2978,744.9,721.7031124185819,2473.90437927751,175.1872162322113,2537.110312714481,95.58585393992861,75.74442741524251,713.154162720613,16.35660626866073,2700,12.272840323227136,0.13313877195936064
2979,744.91,721.69858999115,2473.91999628368,175.1883119700776,2537.1099838346636,95.58576264322467,75.74496888303291,713.4259127553629,16.356811857597684,2700,12.272759206700828,0.13313877195936064
2980,744.92,721.6940688995173,2473.935603320149,175.18940702580483,2537.1096549569293,95.58567134725112,75.7455102003157,713.6976629397433,16.357017448069342,2700,12.272678435623057,0.13313877195936064
2981,744.9300000000001,721.6895491652704,2473.9512003226405,175.19050139497037,2537.1093260812763,95.58558005200796,75.74605136611888,713.9694132807437,16.357223040075038,2700,12.272598009838497,0.13313877195936064
2982,744.94,721.6850307852668,2473.966787227178,175.1915950732604,2537.108997207702,95.58548875749517,75.74659237946848,714.2411637853464,16.357428633614088,2700,12.272517929190329,0.13313877195936064
2983,744.95,721.6805137810708,2473.9823639696565,175.19268805617162,2537.1086683362078,95.58539746371277,75.74713323939555,714.512914460528,16.35763422868583,2700,12.27243819352024,0.13313877195936064
2984,744.96,721.675998149512,2473.9979304862973,175.1937803393849,2537.1083394667894,95.58530617066071,75.74767394492919,714.7846653132574,16.357839825289567,2700,12.272358802668435,0.13313877195936064
2985,744.97,721.6714839090404,2474.0134867131937,175.19487191854466,2537.1080105994456,95.58521487833906,75.74821449510337,715.0564163504976,16.358045423424635,2700,12.272279756473624,0.13313877195936064
2986,744.98,721.6669710657164,2474.0290325867627,175.19596278936618,2537.1076817341745,95.58512358674774,75.74875488895076,715.3281675792043,16.35825102309034,2700,12.272201054773051,0.13313877195936064
2987,744.99,721.6624596287,2474.044568043337,175.19705294734823,2537.1073528709753,95.58503229588679,75.74929512550725,715.5999190063269,16.358456624286,2700,12.272122697402454,0.13313877195936064
2988,745.0,721.657949604035,2474.0600930194537,175.19814238829846,2537.107024009846,95.58494100575619,75.74983520380964,715.8716706388078,16.35866222701092,2700,12.272044684196114,0.13313877195936064
2989,745.01,721.6534410070138,2474.0756074517194,175.1992311077062,2537.1066951507837,95.58484971635596,75.75037512289691,716.1434224835828,16.358867831264416,2700,12.271967014986823,0.13313877195936064
2990,745.02,721.648933843652,2474.091111276875,175.20031910142774,2537.106366293788,95.58475842768607,75.75091488180828,716.4151745475806,16.35907343704579,2700,12.271889689605896,0.13313877195936064
2991,745.03,721.6444281230483,2474.1066044316844,175.20140636502686,2537.106037438858,95.5846671397465,75.75145447958585,716.6869268377231,16.359279044354345,2700,12.271812707883178,0.13313877195936064
2992,745.04,721.6399238511908,2474.122086853096,175.20249289418274,2537.1057085859907,95.5845758525373,75.75199391527259,716.9586793609257,16.359484653189384,2700,12.271736069647046,0.13313877195936064
2993,745.05,721.6354210433145,2474.1375584781185,175.20357868466203,2537.105379735184,95.58448456605842,75.75253318791366,717.2304321240964,16.359690263550203,2700,12.271659774724402,0.13313877195936064
2994,745.0600000000001,721.6309197053797,2474.153019243905,175.20466373209678,2537.105050886437,95.58439328030988,75.7530722965545,717.5021851341367,16.359895875436102,2700,12.271583822940679,0.13313877195936064
2995,745.07,721.6264198464269,2474.168469087628,175.20574803219387,2537.104722039747,95.58430199529167,75.75361124024342,717.7739383979406,16.36010148884637,2700,12.271508214119851,0.13313877195936064
2996,745.08,721.6219214754738,2474.18390794664,175.2068315807294,2537.104393195114,95.58421071100376,75.75415001802975,718.0456919223957,16.360307103780304,2700,12.27143294808443,0.13313877195936064
2997,745.09,721.6174246015257,2474.1993357583738,175.20791437327856,2537.1040643525357,95.5841194274462,75.75468862896446,718.3174457143823,16.360512720237185,2700,12.27135802465546,0.13313877195936064
2998,745.1,721.6129292335742,2474.214752460361,175.20899640575888,2537.1037355120097,95.58402814461896,75.75522707210003,718.5891997807735,16.360718338216305,2700,12.271283443652525,0.13313877195936064
2999,745.11,721.6084353805971,2474.230157990236,175.21007767376133,2537.103406673535,95.58393686252201,75.75576534649058,718.8609541284359,16.36092395771695,2700,12.27120920489376,0.13313877195936064
3000,745.12,721.603943048472,2474.2455522857417,175.2111581730555,2537.10307783711,95.58384558115537,75.75630345119166,719.1327087642283,16.361129578738392,2700,12.271135308195841,0.13313877195936064
3001,745.13,721.5994522554041,2474.2609352847116,175.2122378994589,2537.102749002733,95.58375430051905,75.75684138526097,719.4044636950027,16.36133520127992,2700,12.271061753373994,0.13313877195936064
3002,745.14,721.5949630010671,2474.2763069251255,175.21331684871518,2537.102420170401,95.58366302061303,75.75737914775623,719.6762189276043,16.361540825340803,2700,12.270988540241987,0.13313877195936064
3003,745.15,721.590475297476,2474.2916671449607,175.21439501643485,2537.102091340113,95.5835717414373,75.757916737739,719.9479744688705,16.36174645092032,2700,12.27091566861214,0.13313877195936064
3004,745.16,721.5859891566104,2474.3070158824503,175.2154723985094,2537.1017625118693,95.58348046299187,75.75845415427094,720.2197303256319,16.361952078017744,2700,12.270843138295344,0.13313877195936064
3005,745.17,721.5815045811934,2474.322353075831,175.2165489907135,2537.101433685666,95.58338918527673,75.75899139641523,720.4914865047118,16.36215770663234,2700,12.27077094910102,0.13313877195936064
3006,745.1800000000001,721.577021586275,2474.3376786634426,175.21762478883628,2537.1011048615032,95.58329790829187,75.75952846323791,720.7632430129264,16.362363336763373,2700,12.27069910083717,0.13313877195936064
3007,745.19,721.5725401745377,2474.3529925838084,175.2186997886323,2537.100776039376,95.5832066320373,75.7600653538049,721.0349998570842,16.362568968410113,2700,12.270627593310339,0.13313877195936064
3008,745.2,721.5680603610067,2474.3682947754487,175.21977398587904,2537.1004472192863,95.583115356513,75.76060206718542,721.3067570439869,16.362774601571818,2700,12.270556426325637,0.13313877195936064
3009,745.21,721.5635821514206,2474.3835851771023,175.2208473765192,2537.1001184012307,95.58302408171899,75.76113860244871,721.5785145804285,16.36298023624775,2700,12.270485599686749,0.13313877195936064
3010,745.22,721.5591055515183,2474.398863727504,175.22191995617888,2537.0997895852083,95.58293280765525,75.76167495866673,721.8502724731959,16.363185872437164,2700,12.270415113195915,0.13313877195936064
3011,745.23,721.5546305762693,2474.4141303655665,175.22299172078485,2537.0994607712173,95.58284153432177,75.76221113491303,722.1220307290683,16.36339151013932,2700,12.270344966653948,0.13313877195936064
3012,745.24,721.5501572282872,2474.429385030316,175.2240626661659,2537.099131959255,95.58275026171856,75.76274713026162,722.393789354818,16.363597149353463,2700,12.270275159860232,0.13313877195936064
3013,745.25,721.5456855256073,2474.4446276608023,175.2251327880642,2537.0988031493202,95.58265898984561,75.76328294378986,722.6655483572093,16.363802790078847,2700,12.27020569261272,0.13313877195936064
3014,745.26,721.5412154677241,2474.4598581962987,175.22620208239087,2537.0984743414133,95.58256771870293,75.76381857457464,722.9373077429996,16.364008432314723,2700,12.270136564707947,0.13313877195936064
3015,745.27,721.5367470695617,2474.4750765760405,175.22727054498085,2537.0981455355295,95.58247644829049,75.76435402169692,723.2090675189382,16.36421407606033,2700,12.270067775941019,0.13313877195936064
3016,745.28,721.5322803336658,2474.4902827395413,175.22833817170076,2537.097816731668,95.5823851786083,75.76488928423714,723.4808276917676,16.364419721314913,2700,12.269999326105625,0.13313877195936064
3017,745.29,721.5278152749268,2474.505476626276,175.22940495842457,2537.0974879298287,95.58229390965639,75.7654243612791,723.7525882682221,16.364625368077718,2700,12.269931214994031,0.13313877195936064
3018,745.3,721.5233518989513,2474.520658175938,175.2304709009946,2537.097159130009,95.58220264143469,75.76595925190658,724.0243492550288,16.364831016347978,2700,12.269863442397092,0.13313877195936064
3019,745.3100000000001,721.5188902144286,2474.535827328222,175.23153599528126,2537.096830332208,95.58211137394323,75.76649395520623,724.2961106589074,16.36503666612493,2700,12.269796008104246,0.13313877195936064
3020,745.32,721.5144302269385,2474.550984023011,175.23260023722065,2537.0965015364222,95.58202010718203,75.76702847026576,724.5678724865695,16.365242317407805,2700,12.269728911903519,0.13313877195936064
3021,745.33,721.5099719513048,2474.566128200262,175.23366362264272,2537.096172742651,95.58192884115105,75.76756279617504,724.8396347447195,16.36544797019584,2700,12.269662153581528,0.13313877195936064
3022,745.34,721.5055153961617,2474.5812598000675,175.23472614750398,2537.0958439508927,95.58183757585032,75.76809693202453,725.1113974400538,16.365653624488264,2700,12.269595732923486,0.13313877195936064
3023,745.35,721.501060567053,2474.5963787625587,175.23578780772357,2537.095515161147,95.5817463112798,75.76863087690712,725.3831605792612,16.3658592802843,2700,12.269529649713187,0.13313877195936064
3024,745.36,721.4966074695013,2474.611485028036,175.23684859903517,2537.0951863734113,95.58165504743951,75.76916462991755,725.6549241690232,16.36606493758317,2700,12.269463903733042,0.13313877195936064
3025,745.37,721.4921561182655,2474.6265785369137,175.23790851757974,2537.094857587682,95.58156378432943,75.7696981901523,725.926688216013,16.366270596384105,2700,12.269398494764047,0.13313877195936064
3026,745.38,721.4877065188341,2474.6416592297187,175.23896755922257,2537.09452880396,95.58147252194959,75.7702315567083,726.1984527268962,16.36647625668632,2700,12.269333422585804,0.13313877195936064
3027,745.39,721.4832586797764,2474.6567270470186,175.24002571983732,2537.0942000222426,95.58138126029996,75.77076472868538,726.4702177083309,16.36668191848903,2700,12.269268686976519,0.13313877195936064
3028,745.4,721.4788126127204,2474.6717819295554,175.2410829954886,2537.0938712425286,95.58128999938053,75.77129770518465,726.7419831669671,16.36688758179145,2700,12.269204287713,0.13313877195936064
3029,745.41,721.4743683200282,2474.686823818174,175.24213938198034,2537.0935424648173,95.58119873919132,75.77183048530839,727.013749109447,16.367093246592795,2700,12.269140224570668,0.13313877195936064
3030,745.42,721.4699258163885,2474.701852653781,175.24319487537727,2537.0932136891042,95.58110747973231,75.77236306816181,727.2855155424049,16.36729891289228,2700,12.269076497323551,0.13313877195936064
3031,745.4300000000001,721.4654851072097,2474.7168683774835,175.24424947158266,2537.0928849153897,95.5810162210035,75.77289545285018,727.5572824724675,16.367504580689108,2700,12.26901310574429,0.13313877195936064
3032,745.44,721.4610462009853,2474.7318709303913,175.24530316660633,2537.092556143674,95.58092496300488,75.77342763848164,727.8290499062532,16.367710249982487,2700,12.26895004960414,0.13313877195936064
3033,745.45,721.4566091061813,2474.746860253802,175.24635595649073,2537.0922273739516,95.58083370573647,75.77395962416554,728.1008178503728,16.36791592077162,2700,12.268887328672978,0.13313877195936064
3034,745.46,721.4521738343375,2474.761836289097,175.24740783708882,2537.091898606224,95.58074244919824,75.77449140901307,728.372586311429,16.36812159305571,2700,12.268824942719291,0.13313877195936064
3035,745.47,721.4477403877228,2474.7767989777713,175.2484588044881,2537.091569840487,95.58065119339021,75.77502299213648,728.6443552960164,16.36832726683396,2700,12.2687628915102,0.13313877195936064
3036,745.48,721.4433087809349,2474.791748261398,175.24950885466066,2537.091241076742,95.58055993831236,75.77555437265109,728.9161248107217,16.368532942105553,2700,12.268701174811435,0.13313877195936064
3037,745.49,721.4388790192896,2474.8066840817473,175.2505579836392,2537.0909123149845,95.58046868396471,75.7760855496722,729.1878948621238,16.368738618869703,2700,12.268639792387367,0.13313877195936064
3038,745.5,721.4344511142716,2474.8216063805885,175.25160618743996,2537.0905835552135,95.58037743034721,75.77661652231816,729.4596654567932,16.368944297125587,2700,12.26857874400098,0.13313877195936064
3039,745.51,721.4300250711683,2474.836515099893,175.25265346212288,2537.090254797429,95.58028617745991,75.77714728970813,729.7314366012923,16.369149976872407,2700,12.268518029413904,0.13313877195936064
3040,745.52,721.425600895261,2474.8514101816845,175.2536998036441,2537.089926041629,95.58019492530279,75.77767785096361,730.0032083021758,16.369355658109342,2700,12.268457648386391,0.13313877195936064
3041,745.53,721.4211786041453,2474.866291568141,175.2547452080818,2537.08959728781,95.58010367387581,75.77820820520797,730.27498056599,16.369561340835585,2700,12.268397600677334,0.13313877195936064
3042,745.54,721.4167581968946,2474.8811592015677,175.2557896714758,2537.089268535973,95.58001242317903,75.77873835156463,730.5467533992728,16.369767025050315,2700,12.268337886044257,0.13313877195936064
3043,745.55,721.412339684919,2474.8960130242635,175.25683318992233,2537.088939786115,95.5799211732124,75.779268289161,730.8185268085543,16.36997271075272,2700,12.268278504243334,0.13313877195936064
3044,745.5600000000001,721.4079230795907,2474.9108529788027,175.25787575949556,2537.088611038234,95.57982992397595,75.77979801712475,731.0903008003564,16.37017839794197,2700,12.26821945502937,0.13313877195936064
3045,745.57,721.4035083861123,2474.925679007766,175.2589173761522,2537.088282292329,95.57973867546964,75.78032753458524,731.3620753811925,16.370384086617246,2700,12.268160738155823,0.13313877195936064
3046,745.58,721.3990956158394,2474.9404910538487,175.2599580361424,2537.087953548399,95.57964742769349,75.78085684067437,731.6338505575682,16.370589776777727,2700,12.268102353374793,0.13313877195936064
3047,745.59,721.3946847708495,2474.9552890599166,175.26099773544587,2537.08762480644,95.5795561806475,75.78138593452486,731.9056263359801,16.370795468422585,2700,12.268044300437026,0.13313877195936064
3048,745.6,721.3902758655526,2474.9700729688857,175.2620364701291,2537.0872960664537,95.57946493433165,75.78191481527236,732.1774027229172,16.371001161550986,2700,12.267986579091932,0.13313877195936064
3049,745.61,721.3858689050762,2474.984842723868,175.26307423645335,2537.086967328437,95.57937368874596,75.78244348205264,732.4491797248601,16.371206856162104,2700,12.26792918908756,0.13313877195936064
3050,745.62,721.3814639007161,2474.999598267982,175.26411103029736,2537.086638592387,95.5792824438904,75.78297193400452,732.7209573482805,16.3714125522551,2700,12.267872130170622,0.13313877195936064
3051,745.63,721.3770608575722,2475.0143395445434,175.26514684800344,2537.0863098583054,95.579191199765,75.78350017026763,732.9927355996424,16.371618249829144,2700,12.26781540208649,0.13313877195936064
3052,745.64,721.3726597838208,2475.0290664969298,175.2661816855932,2537.0859811261876,95.57909995636973,75.78402818998413,733.264514485401,16.371823948883392,2700,12.26775900457919,0.13313877195936064
3053,745.65,721.368260687614,2475.0437790686747,175.2672155392287,2537.0856523960333,95.5790087137046,75.78455599229744,733.5362940120032,16.37202964941701,2700,12.267702937391418,0.13313877195936064
3054,745.66,721.3638635801769,2475.058477203406,175.2682484049757,2537.0853236678417,95.5789174717696,75.78508357635283,733.8080741858876,16.372235351429147,2700,12.267647200264534,0.13313877195936064
3055,745.67,721.3594684665501,2475.073160844864,175.2692802791033,2537.0849949416092,95.57882623056473,75.7856109412969,734.079855013484,16.37244105491897,2700,12.267591792938559,0.13313877195936064
3056,745.6800000000001,721.3550753548452,2475.087829936879,175.27031115766647,2537.084666217335,95.57873499008998,75.78613808627867,734.3516365012141,16.372646759885622,2700,12.267536715152191,0.13313877195936064
3057,745.69,721.3506842562357,2475.1024844234475,175.27134103689252,2537.0843374950196,95.57864375034538,75.78666501044864,734.6234186554908,16.37285246632826,2700,12.267481966642807,0.13313877195936064
3058,745.7,721.3462951726285,2475.117124248655,175.27236991293003,2537.0840087746587,95.57855251133088,75.78719171295852,734.8952014827188,16.373058174246037,2700,12.26742754714644,0.13313877195936064
3059,745.71,721.3419081213417,2475.13174935667,175.27339778199985,2537.083680056251,95.57846127304651,75.78771819296307,735.1669849892937,16.373263883638092,2700,12.267373456397811,0.13313877195936064
3060,745.72,721.3375231011579,2475.146359691861,175.27442464029156,2537.0833513397974,95.57837003549227,75.78824444961677,735.4387691816032,16.37346959450357,2700,12.267319694130327,0.13313877195936064
3061,745.73,721.3331401262866,2475.1609551985803,175.27545048390581,2537.083022625293,95.57827879866812,75.78877048207825,735.7105540660259,16.373675306841623,2700,12.267266260076065,0.13313877195936064
3062,745.74,721.3287592016419,2475.175535821452,175.276475309183,2537.082693912738,95.57818756257409,75.78929628950584,735.9823396489319,16.373881020651385,2700,12.267213153965791,0.13313877195936064
3063,745.75,721.3243803383128,2475.1901015050794,175.27749911223265,2537.082365202132,95.57809632721018,75.78982187106097,736.2541259366828,16.374086735931996,2700,12.26716037552896,0.13313877195936064
3064,745.76,721.3200035381058,2475.204652194272,175.27852188934506,2537.082036493471,95.57800509257636,75.79034722590579,736.5259129356314,16.374292452682592,2700,12.267107924493715,0.13313877195936064
3065,745.77,721.3156288151572,2475.219187833885,175.27954363665052,2537.081707786755,95.57791385867264,75.79087235320556,736.7977006521216,16.37449817090231,2700,12.267055800586885,0.13313877195936064
3066,745.78,721.3112561774059,2475.2337083689795,175.28056435050235,2537.0813790819825,95.57782262549904,75.79139725212572,737.0694890924891,16.37470389059028,2700,12.267004003534,0.13313877195936064
3067,745.79,721.306885629706,2475.2482137446304,175.28158402713967,2537.08105037915,95.57773139305554,75.7919219218343,737.3412782630605,16.374909611745633,2700,12.266952533059282,0.13313877195936064
3068,745.8,721.3025171799718,2475.2627039060794,175.2826026627092,2537.0807216782587,95.57764016134213,75.79244636150143,737.6130681701538,16.375115334367496,2700,12.266901388885653,0.13313877195936064
3069,745.8100000000001,721.2981508391807,2475.277178798708,175.28362025357237,2537.0803929793055,95.57754893035882,75.79297057029862,737.8848588200781,16.375321058455,2700,12.26685057073474,0.13313877195936064
3070,745.82,721.2937866121309,2475.2916383679876,175.28463679595635,2537.080064282289,95.5774577001056,75.79349454739874,738.1566502191337,16.375526784007267,2700,12.266800078326865,0.13313877195936064
3071,745.83,721.2894245066924,2475.3060825594844,175.28565228612638,2537.079735587209,95.57736647058246,75.79401829197722,738.428442373612,16.375732511023415,2700,12.266749911381059,0.13313877195936064
3072,745.84,721.2850645337933,2475.320511318925,175.2866667204093,2537.079406894062,95.57727524178942,75.79454180321092,738.7002352897958,16.37593823950257,2700,12.266700069615068,0.13313877195936064
3073,745.85,721.2807066981821,2475.334924592138,175.28768009512194,2537.079078202847,95.57718401372645,75.79506508027804,738.972028973959,16.37614396944385,2700,12.266650552745336,0.13313877195936064
3074,745.86,721.2763510076788,2475.3493223250366,175.2886924063981,2537.0787495135633,95.57709278639356,75.79558812235933,739.2438234323662,16.376349700846365,2700,12.266601360487034,0.13313877195936064
3075,745.87,721.2719974731639,2475.363704463702,175.2897036507653,2537.0784208262094,95.57700155979076,75.79611092863698,739.5156186712737,16.376555433709235,2700,12.266552492554037,0.13313877195936064
3076,745.88,721.2676461024201,2475.3780709543084,175.29071382442717,2537.0780921407822,95.57691033391804,75.79663349829464,739.7874146969283,16.37676116803157,2700,12.266503948658949,0.13313877195936064
3077,745.89,721.2632969001323,2475.392421743131,175.29172292369506,2537.0777634572823,95.5768191087754,75.79715583051811,740.0592115155682,16.37696690381248,2700,12.266455728513083,0.13313877195936064
3078,745.9,721.258949874051,2475.4067567765846,175.29273094497594,2537.0774347757056,95.57672788436281,75.79767792449529,740.3310091334224,16.377172641051075,2700,12.26640783182648,0.13313877195936064
3079,745.91,721.2546050319057,2475.42107600122,175.2937378845347,2537.0771060960537,95.57663666068031,75.79819977941543,740.6028075567112,16.377378379746457,2700,12.266360258307914,0.13313877195936064
3080,745.92,721.2502623814144,2475.4353793636774,175.2947437387394,2537.076777418322,95.57654543772787,75.79872139446954,740.8746067916455,16.377584119897737,2700,12.266313007664873,0.13313877195936064
3081,745.9300000000001,721.2459219364451,2475.4496668107176,175.29574850396108,2537.076448742511,95.57645421550549,75.79924276885069,741.1464068444275,16.37778986150401,2700,12.266266079603582,0.13313877195936064
3082,745.94,721.2415836985139,2475.4639382892324,175.2967521766109,2537.076120068619,95.57636299401318,75.79976390175287,741.41820772125,16.37799560456438,2700,12.266219473828997,0.13313877195936064
3083,745.95,721.2372476752937,2475.4781937461757,175.29775475296952,2537.075791396643,95.57627177325092,75.8002847923734,741.6900094282968,16.378201349077944,2700,12.266173190044814,0.13313877195936064
3084,745.96,721.232913874427,2475.4924331287216,175.29875622950354,2537.0754627265846,95.57618055321872,75.80080543991055,741.9618119717429,16.378407095043798,2700,12.266127227953461,0.13313877195936064
3085,745.97,721.2285823066323,2475.506656384104,175.29975660257227,2537.075134058439,95.57608933391658,75.80132584356444,742.2336153577537,16.378612842461038,2700,12.26608158725611,0.13313877195936064
3086,745.98,721.2242529795267,2475.5208634596834,175.30075586853715,2537.074805392206,95.57599811534449,75.8018460025367,742.5054195924857,16.378818591328756,2700,12.266036267652673,0.13313877195936064
3087,745.99,721.2199258976286,2475.5350543029163,175.3017540238904,2537.0744767278848,95.57590689750246,75.80236591603116,742.7772246820863,16.379024341646037,2700,12.265991268841807,0.13313877195936064
3088,746.0,721.2156010716055,2475.549228861404,175.302751064906,2537.0741480654724,95.57581568039048,75.80288558325383,743.0490306326935,16.379230093411977,2700,12.265946590520917,0.13313877195936064
3089,746.01,721.2112785028515,2475.5633870828938,175.303746988183,2537.0738194049686,95.57572446400854,75.80340500341156,743.3208374504362,16.37943584662566,2700,12.265902232386162,0.13313877195936064
3090,746.02,721.2069582050894,2475.5775289151884,175.30474179002823,2537.073490746371,95.57563324835665,75.80392417571436,743.592645141434,16.37964160128617,2700,12.265858194132443,0.13313877195936064
3091,746.03,721.2026401858437,2475.5916543062926,175.3057354668731,2537.07316208968,95.5755420334348,75.80444309937248,743.8644537117972,16.379847357392592,2700,12.265814475453428,0.13313877195936064
3092,746.04,721.1983244495547,2475.6057632042366,175.30672801524588,2537.0728334348905,95.57545081924299,75.8049617735988,744.1362631676271,16.380053114943998,2700,12.265771076041538,0.13313877195936064
3093,746.05,721.1940110068042,2475.619855557217,175.3077194315445,2537.0725047820056,95.57535960578123,75.80548019760845,744.4080735150152,16.38025887393948,2700,12.265727995587952,0.13313877195936064
3094,746.0600000000001,721.1896998589035,2475.6339313135813,175.30870971229737,2537.0721761310197,95.5752683930495,75.80599837061743,744.6798847600442,16.3804646343781,2700,12.26568523378261,0.13313877195936064
3095,746.07,721.1853910256564,2475.647990421733,175.30969885389368,2537.0718474819328,95.57517718104779,75.806516291845,744.9516969087871,16.380670396258946,2700,12.265642790314226,0.13313877195936064
3096,746.08,721.181084502168,2475.662032830292,175.31068685285746,2537.0715188347444,95.57508596977613,75.80703396050977,745.2235099673075,16.380876159581085,2700,12.26560066487027,0.13313877195936064
3097,746.09,721.1767802989688,2475.676058487835,175.31167370565544,2537.071190189453,95.5749947592345,75.80755137583525,745.4953239416599,16.381081924343587,2700,12.26555885713699,0.13313877195936064
3098,746.1,721.1724784265415,2475.69006734326,175.31265940884387,2537.070861546054,95.57490354942288,75.80806853704482,745.7671388378892,16.381287690545527,2700,12.265517366799404,0.13313877195936064
3099,746.11,721.1681788922876,2475.704059345459,175.31364395881832,2537.070532904551,95.57481234034131,75.80858544336384,746.0389546620311,16.381493458185968,2700,12.265476193541307,0.13313877195936064
3100,746.12,721.1638816974238,2475.7180344434564,175.31462735221453,2537.070204264938,95.57472113198975,75.80910209401975,746.3107714201113,16.381699227263976,2700,12.265435337045263,0.13313877195936064
3101,746.13,721.1595868585636,2475.731992586404,175.3156095854764,2537.0698756272154,95.57462992436822,75.80961848824275,746.5825891181466,16.381904997778616,2700,12.265394796992627,0.13313877195936064
3102,746.14,721.1552943768792,2475.745933723645,175.31659065515072,2537.0695469913835,95.57453871747671,75.81013462526285,746.8544077621441,16.382110769728946,2700,12.265354573063538,0.13313877195936064
3103,746.15,721.1510042597098,2475.759857804509,175.31757055775986,2537.0692183574383,95.57444751131521,75.81065050431387,747.1262273581013,16.382316543114033,2700,12.265314664936904,0.13313877195936064
3104,746.16,721.1467165205268,2475.7737647785716,175.3185492898741,2537.068889725378,95.57435630588374,75.81116612463079,747.3980479120064,16.382522317932928,2700,12.26527507229044,0.13313877195936064
3105,746.17,721.1424311573751,2475.7876545954896,175.31952684807052,2537.068561095203,95.57426510118228,75.81168148544951,747.6698694298377,16.382728094184692,2700,12.26523579480064,0.13313877195936064
3106,746.1800000000001,721.1381481837055,2475.8015272049806,175.3205032288677,2537.068232466912,95.57417389721083,75.81219658600982,747.9416919175643,16.382933871868378,2700,12.265196832142792,0.13313877195936064
3107,746.19,721.1338676036854,2475.8153825570103,175.32147842885334,2537.0679038405005,95.57408269396939,75.8127114255513,748.2135153811454,16.383139650983036,2700,12.265158183990984,0.13313877195936064
3108,746.2,721.1295894307307,2475.8292206015467,175.32245244462314,2537.0675752159714,95.57399149145796,75.81322600331677,748.4853398265307,16.38334543152772,2700,12.265119850018095,0.13313877195936064
3109,746.21,721.1253136628143,2475.843041288755,175.3234252727137,2537.0672465933194,95.57390028967653,75.81374031854955,748.7571652596604,16.383551213501477,2700,12.26508182989581,0.13313877195936064
3110,746.22,721.1210403164013,2475.8568445688434,175.3243969098661,2537.0669179725455,95.57380908862511,75.81425437049694,749.0289916864649,16.383756996903358,2700,12.265044123294615,0.13313877195936064
3111,746.23,721.1167693894226,2475.8706303922777,175.32536735242627,2537.066589353647,95.5737178883037,75.81476815840557,749.3008191128648,16.383962781732404,2700,12.265006729883805,0.13313877195936064
3112,746.24,721.1125008952306,2475.8843987094824,175.32633659728316,2537.066260736624,95.57362668871228,75.81528168152632,749.5726475447715,16.38416856798766,2700,12.264969649331476,0.13313877195936064
3113,746.25,721.10823484097,2475.8981494711584,175.32730464084165,2537.0659321214735,95.57353548985087,75.81579493911006,749.844476988086,16.384374355668168,2700,12.264932881304544,0.13313877195936064
3114,746.26,721.1039712307055,2475.9118826280105,175.3282714799036,2537.0656035081943,95.57344429171944,75.81630793041028,750.1163074487,16.38458014477297,2700,12.264896425468725,0.13313877195936064
