,Time [s],Thrust [lb],Lift [lb],Drag [lb],Power [hp],Weight [lb],Percent [%],Velocity [knots],Altitude [ft],Range [nmi],RPM [rev/min],Ground Roll [ft],AOA [deg]
0,691.61,896.3935101107245,0.0,0.0,125090.1637625942,2538.169070304757,95.95239452351422,0.0,0.0,15.426007414061198,2700,562.7277337572528,0.0
1,691.615,901.2963377754685,0.0,0.0,124830.05516982,2538.339065415423,95.95239452351422,0.03384305156320239,0.0,15.426007414061198,2700,562.7277337572528,0.0
2,691.62,901.4523981662768,0.0004958683781197352,2.4446748455010604e-05,124830.05516982,2538.338931165835,95.95234790900349,0.06769489437375147,0.0,15.426007484567554,2700,562.7277337572528,0.0
3,691.625,901.6082871430602,0.0019839887833497157,9.781239712850062e-05,124830.05516982,2538.338796916247,95.95230129449278,0.1015350120742011,0.0,15.426007461070524,2700,562.7277337572528,0.0
4,691.63,901.7639102547929,0.004463330352311845,0.00022004612354658816,124830.05516982,2538.3386626666593,95.95225467998206,0.13538099326563652,0.0,15.426007484559753,2700,562.7277337572528,0.0
5,691.635,901.9193484425555,0.007934924061811446,0.00039119875577521746,124830.05516982,2538.338528417071,95.95220806547134,0.16923283419017524,0.0,15.426007555083752,2700,562.7277337572528,0.0
6,691.64,902.0746015789923,0.012399284877013859,0.0006112956820512989,124830.05516982,2538.3383941674833,95.95216145096063,0.2030905202437764,0.0,15.426007672603838,2700,562.7277337572528,0.0
7,691.645,902.2296694871817,0.0178569255044005,0.0008803621792566335,124830.05516982,2538.338259917895,95.9521148364499,0.23695404264851308,0.0,15.426007837128155,2700,562.7277337572528,0.0
8,691.65,902.3845520171775,0.02430835822214784,0.00119842350315721,124830.05516982,2538.338125668307,95.95206822193919,0.27082339262284605,0.0,15.426008048664855,2700,562.7277337572528,0.0
9,691.655,902.539249019218,0.03175409436662161,0.0015655048630869176,124830.05516982,2538.337991418719,95.95202160742846,0.30469856137671675,0.0,15.426008307222059,2700,562.7277337572528,0.0
10,691.66,902.6937603437043,0.04019464433010904,0.001981631421835742,124830.05516982,2538.337857169131,95.95197499291774,0.33857954011348185,0.0,15.42600861280788,2700,562.7277337572528,0.0
11,691.665,902.8480858412087,0.0496305175596936,0.0024468282955942893,124830.05516982,2538.337722919543,95.95192837840702,0.37246632002992264,0.0,15.42600896543042,2700,562.7277337572528,0.0
12,691.67,903.0022253624754,0.06006222255584954,0.002961120553884498,124830.05516982,2538.337588669955,95.95188176389631,0.4063588923162529,0.0,15.426009365097766,2700,562.7277337572528,0.0
13,691.6750000000001,903.1561787584208,0.07149026687103742,0.003524533219490394,124830.05516982,2538.337454420367,95.95183514938557,0.4402572481561269,0.0,15.426009811817993,2700,562.7277337572528,0.0
14,691.6800000000001,903.309945880134,0.08391515710830166,0.004137091268388949,124830.05516982,2538.337320170779,95.95178853487486,0.4741613787266474,0.0,15.426010305599165,2700,562.7277337572528,0.0
15,691.6850000000001,903.463526578877,0.09733739891986945,0.004798819629681008,124830.05516982,2538.3371859211907,95.95174192036414,0.5080712751983744,0.0,15.426010846449334,2700,562.7277337572528,0.0
16,691.69,903.6169207060849,0.11175749700575136,0.005509743185522296,124830.05516982,2538.337051671603,95.95169530585342,0.5419869287353327,0.0,15.426011434376536,2700,562.7277337572528,0.0
17,691.695,903.7701281133665,0.12717595511234372,0.006269886771054518,124830.05516982,2538.3369174220147,95.95164869134271,0.5759083304950209,0.0,15.426012069388799,2700,562.7277337572528,0.0
18,691.7,903.9231486525043,0.14359327603103256,0.007079275174336521,124830.05516982,2538.3367831724267,95.95160207683199,0.6098354716284188,0.0,15.426012751494136,2700,562.7277337572528,0.0
19,691.705,904.0759821754554,0.16100996159679906,0.00793793313627556,124830.05516982,2538.336648922839,95.95155546232125,0.6437683432799964,0.0,15.426013480700552,2700,562.7277337572528,0.0
20,691.71,904.2286285343508,0.1794265126868269,0.008845885350558616,124830.05516982,2538.336514673251,95.95150884781054,0.6777069365877219,0.0,15.426014257016035,2700,562.7277337572528,0.0
21,691.715,904.3810875814977,0.19884342921911108,0.009803156463583833,124830.05516982,2538.336380423663,95.95146223329982,0.7116512426830698,0.0,15.426015080448565,2700,562.7277337572528,0.0
22,691.72,904.533359169377,0.21926121015106845,0.010809771074391999,124830.05516982,2538.336246174075,95.9514156187891,0.7456012526910295,0.0,15.426015951006102,2700,562.7277337572528,0.0
23,691.725,904.6854431506463,0.24068035347815012,0.011865753734598144,124830.05516982,2538.336111924487,95.95136900427839,0.7795569577301139,0.0,15.426016868696603,2700,562.7277337572528,0.0
24,691.73,904.8373393781386,0.26310135623245523,0.012971128948323198,124830.05516982,2538.335977674899,95.95132238976767,0.813518348912367,0.0,15.426017833528007,2700,562.7277337572528,0.0
25,691.735,904.9890477048634,0.2865247144813464,0.014125921172125723,124830.05516982,2538.3358434253105,95.95127577525695,0.8474854173433728,0.0,15.426018845508242,2700,562.7277337572528,0.0
26,691.74,905.1405679840067,0.3109509233260674,0.015330154814933774,124830.05516982,2538.335709175723,95.95122916074622,0.8814581541222636,0.0,15.426019904645225,2700,562.7277337572528,0.0
27,691.745,905.2919000689313,0.3363804769003619,0.016583854237976797,124830.05516982,2538.3355749261345,95.9511825462355,0.9154365503417284,0.0,15.426021010946858,2700,562.7277337572528,0.0
28,691.75,905.4430438131774,0.3628138683690935,0.017887043754717606,124830.05516982,2538.335440676547,95.95113593172478,0.9494205970880211,0.0,15.426022164421036,2700,562.7277337572528,0.0
29,691.755,905.5939990704626,0.39025158992686965,0.01923974763078451,124830.05516982,2538.3353064269586,95.95108931721407,0.9834102854409693,0.0,15.426023365075634,2700,562.7277337572528,0.0
30,691.76,905.7447656946829,0.4186941327966644,0.02064199008390345,124830.05516982,2538.3351721773706,95.95104270270335,1.0174056064739823,0.0,15.42602461291852,2700,562.7277337572528,0.0
31,691.765,905.8953435399119,0.4481419872284442,0.022093795283830233,124830.05516982,2538.3350379277827,95.95099608819262,1.05140655125406,0.0,15.426025907957547,2700,562.7277337572528,0.0
32,691.77,906.0457324604023,0.4785956424977971,0.02359518735228294,124830.05516982,2538.3349036781947,95.9509494736819,1.085413110841801,0.0,15.426027250200558,2700,562.7277337572528,0.0
33,691.775,906.1959323105855,0.5100555869045595,0.02514619036287425,124830.05516982,2538.3347694286067,95.95090285917118,1.1194252762914114,0.0,15.426028639655383,2700,562.7277337572528,0.0
34,691.78,906.3459429450721,0.5425223077714492,0.026746828341044016,124830.05516982,2538.3346351790187,95.95085624466047,1.1534430386507128,0.0,15.426030076329837,2700,562.7277337572528,0.0
35,691.785,906.4957642186523,0.5759962914426969,0.02839712526399184,124830.05516982,2538.3345009294303,95.95080963014975,1.1874663889611519,0.0,15.426031560231728,2700,562.7277337572528,0.0
36,691.79,906.6453959862965,0.6104780232826817,0.030097105060609742,124830.05516982,2538.334366679843,95.95076301563903,1.2214953182578074,0.0,15.426033091368843,2700,562.7277337572528,0.0
37,691.795,906.7948381031548,0.6459679876745663,0.03184679161141494,124830.05516982,2538.3342324302544,95.9507164011283,1.2555298175694,0.0,15.426034669748967,2700,562.7277337572528,0.0
38,691.8000000000001,906.9440904245586,0.6824666680189361,0.033646208748482696,124830.05516982,2538.334098180667,95.95066978661758,1.2895698779183,0.0,15.426036295379863,2700,562.7277337572528,0.0
39,691.8050000000001,907.0931528060195,0.7199745467324374,0.03549538025537924,124830.05516982,2538.3339639310784,95.95062317210686,1.323615490320537,0.0,15.426037968269288,2700,562.7277337572528,0.0
40,691.8100000000001,907.2420251032305,0.7584921052464206,0.03739432986709481,124830.05516982,2538.3338296814904,95.95057655759615,1.3576666457858069,0.0,15.426039688424982,2700,562.7277337572528,0.0
41,691.815,907.3907071720665,0.7980198240055829,0.03934308126997678,124830.05516982,2538.3336954319025,95.95052994308543,1.3917233353174816,0.0,15.426041455854678,2700,562.7277337572528,0.0
42,691.82,907.5391988685842,0.8385581824666123,0.04134165810166283,124830.05516982,2538.3335611823145,95.9504833285747,1.4257855499126177,0.0,15.426043270566094,2700,562.7277337572528,0.0
43,691.825,907.687500049022,0.8801076590968366,0.04339008395101426,124830.05516982,2538.3334269327265,95.95043671406398,1.459853280561965,0.0,15.426045132566932,2700,562.7277337572528,0.0
44,691.83,907.8356105698015,0.9226687313728701,0.04548838235804935,124830.05516982,2538.3332926831386,95.95039009955326,1.4939265182499741,0.0,15.426047041864885,2700,562.7277337572528,0.0
45,691.835,907.983530287527,0.966241875779265,0.047636576813876855,124830.05516982,2538.33315843355,95.95034348504254,1.5280052539548066,0.0,15.426048998467634,2700,562.7277337572528,0.0
46,691.84,908.1312590589855,1.0108275678071634,0.04983469076062949,124830.05516982,2538.3330241839626,95.95029687053183,1.562089478648343,0.0,15.426051002382845,2700,562.7277337572528,0.0
47,691.845,908.2787967411485,1.0564262819529515,0.052082747591397686,124830.05516982,2538.332889934374,95.9502502560211,1.5961791832961916,0.0,15.426053053618176,2700,562.7277337572528,0.0
48,691.85,908.4261431911705,1.1030384917169156,0.054380770650163224,124830.05516982,2538.3327556847867,95.95020364151038,1.6302743588576971,0.0,15.426055152181265,2700,562.7277337572528,0.0
49,691.855,908.5732982663905,1.1506646696018998,0.05672878323173312,124830.05516982,2538.3326214351982,95.95015702699966,1.6643749962859489,0.0,15.426057298079744,2700,562.7277337572528,0.0
50,691.86,908.720261824332,1.199305287111964,0.059126808581673455,124830.05516982,2538.3324871856103,95.95011041248894,1.6984810865277908,0.0,15.426059491321233,2700,562.7277337572528,0.0
51,691.865,908.8670337227035,1.2489608147510485,0.06157486989624352,124830.05516982,2538.3323529360223,95.95006379797823,1.7325926205238293,0.0,15.426061731913332,2700,562.7277337572528,0.0
52,691.87,909.0136138193984,1.2996317220216342,0.06407299032232978,124830.05516982,2538.3322186864343,95.95001718346751,1.766709589208442,0.0,15.426064019863636,2700,562.7277337572528,0.0
53,691.875,909.1600019724958,1.3513184774234086,0.06662119295738012,124830.05516982,2538.3320844368463,95.94997056895679,1.8008319835097866,0.0,15.426066355179726,2700,562.7277337572528,0.0
54,691.88,909.3061980402606,1.4040215484519327,0.06921950084933803,124830.05516982,2538.3319501872584,95.94992395444606,1.83495979434981,0.0,15.426068737869166,2700,562.7277337572528,0.0
55,691.885,909.4522018811434,1.457741401597311,0.07186793699657722,124830.05516982,2538.33181593767,95.94987733993534,1.8690930126442569,0.0,15.426071167939511,2700,562.7277337572528,0.0
56,691.89,909.598013353782,1.5124785023428593,0.07456652434783573,124830.05516982,2538.3316816880824,95.94983072542462,1.903231629302679,0.0,15.426073645398304,2700,562.7277337572528,0.0
57,691.895,909.7436323170004,1.56823331516378,0.07731528580215079,124830.05516982,2538.331547438494,95.94978411091391,1.9373756352284428,0.0,15.426076170253076,2700,562.7277337572528,0.0
58,691.9,909.8890586298102,1.625006303525835,0.08011424420879326,124830.05516982,2538.3314131889065,95.94973749640319,1.9715250213187394,0.0,15.42607874251134,2700,562.7277337572528,0.0
59,691.905,910.03429215141,1.6827979298840212,0.08296342236720246,124830.05516982,2538.331278939318,95.94969088189247,2.005679778464593,0.0,15.426081362180602,2700,562.7277337572528,0.0
60,691.91,910.1793327411863,1.74160865568125,0.08586284302692093,124830.05516982,2538.33114468973,95.94964426738176,2.0398398975508703,0.0,15.42608402926835,2700,562.7277337572528,0.0
61,691.915,910.3241802587138,1.801438941347027,0.0888125288875295,124830.05516982,2538.331010440142,95.94959765287102,2.0740053694562883,0.0,15.42608674378207,2700,562.7277337572528,0.0
62,691.92,910.4688345637555,1.8622892462961338,0.09181250259858209,124830.05516982,2538.330876190554,95.9495510383603,2.1081761850534244,0.0,15.426089505729221,2700,562.7277337572528,0.0
63,691.9250000000001,910.6132955162633,1.9241600289273102,0.094862786759541,124830.05516982,2538.330741940966,95.94950442384959,2.142352335208725,0.0,15.42609231511726,2700,562.7277337572528,0.0
64,691.9300000000001,910.7575629763777,1.987051746621943,0.09796340391971202,124830.05516982,2538.330607691378,95.94945780933887,2.1765338107825136,0.0,15.426095171953628,2700,562.7277337572528,0.0
65,691.9350000000001,910.9016368044292,2.050964855742751,0.10111437657817976,124830.05516982,2538.33047344179,95.94941119482814,2.210720602629001,0.0,15.426098076245752,2700,562.7277337572528,0.0
66,691.94,911.0455168609376,2.1158998116324743,0.10431572718374302,124830.05516982,2538.3303391922022,95.94936458031744,2.244912701596294,0.0,15.426101028001048,2700,562.7277337572528,0.0
67,691.945,911.1892030066126,2.181857068612569,0.10756747813485029,124830.05516982,2538.330204942614,95.9493179658067,2.2791100985264037,0.0,15.426104027226916,2700,562.7277337572528,0.0
68,691.95,911.3326951023547,2.2488370799818957,0.11086965177953527,124830.05516982,2538.3300706930263,95.94927135129598,2.313312784255254,0.0,15.42610707393075,2700,562.7277337572528,0.0
69,691.955,911.4759930092547,2.316840298015419,0.11422227041535273,124830.05516982,2538.329936443438,95.94922473678527,2.3475207496126926,0.0,15.426110168119926,2700,562.7277337572528,0.0
70,691.96,911.6190965885944,2.385867173962902,0.11762535628931396,124830.05516982,2538.32980219385,95.94917812227455,2.3817339854224993,0.0,15.42611330980181,2700,562.7277337572528,0.0
71,691.965,911.762005701847,2.4559181580476075,0.121078931597823,124830.05516982,2538.329667944262,95.94913150776382,2.4159524825023935,0.0,15.426116498983749,2700,562.7277337572528,0.0
72,691.97,911.9047202106772,2.5269936994649966,0.12458301848661235,124830.05516982,2538.329533694674,95.94908489325312,2.450176231664045,0.0,15.426119735673089,2700,562.7277337572528,0.0
73,691.975,912.0472399769419,2.5990942463814344,0.12813763905067907,124830.05516982,2538.329399445086,95.94903827874238,2.4844052237130834,0.0,15.426123019877151,2700,562.7277337572528,0.0
74,691.98,912.18956486269,2.672220245932891,0.13174281533422105,124830.05516982,2538.329265195498,95.94899166423167,2.5186394494491045,0.0,15.426126351603251,2700,562.7277337572528,0.0
75,691.985,912.3316947301628,2.7463721442236566,0.13539856933057318,124830.05516982,2538.32913094591,95.94894504972095,2.5528788996656835,0.0,15.42612973085869,2700,562.7277337572528,0.0
76,691.99,912.473629441795,2.8215503863250406,0.1391049229821437,124830.05516982,2538.328996696322,95.94889843521022,2.5871235651503794,0.0,15.426133157650757,2700,562.7277337572528,0.0
77,691.995,912.6153688602142,2.897755416274087,0.1428618981803505,124830.05516982,2538.3288624467336,95.94885182069952,2.621373436684748,0.0,15.426136631986726,2700,562.7277337572528,0.0
78,692.0,912.7569128482413,2.97498767707229,0.1466695167655581,124830.05516982,2538.328728197146,95.9488052061888,2.6556285050443504,0.0,15.42614015387386,2700,562.7277337572528,0.0
79,692.005,912.8982612688918,3.0532476106843043,0.15052780052701378,124830.05516982,2538.3285939475577,95.94875859167806,2.689888760998759,0.0,15.426143723319408,2700,562.7277337572528,0.0
80,692.01,913.0394139853743,3.1325356580366615,0.15443677120278454,124830.05516982,2538.32845969797,95.94871197716735,2.724154195311571,0.0,15.426147340330608,2700,562.7277337572528,0.0
81,692.015,913.1803708610927,3.212852259016497,0.15839645047969414,124830.05516982,2538.3283254483817,95.94866536265663,2.7584247987404154,0.0,15.426151004914686,2700,562.7277337572528,0.0
82,692.02,913.3211317596454,3.294197852470261,0.16240685999325974,124830.05516982,2538.328191198794,95.9486187481459,2.792700562036962,0.0,15.426154717078848,2700,562.7277337572528,0.0
83,692.025,913.4616965448258,3.376572876202447,0.16646802132762903,124830.05516982,2538.328056949206,95.9485721336352,2.8269814759469303,0.0,15.426158476830297,2700,562.7277337572528,0.0
84,692.03,913.6020650806228,3.459977766974312,0.17057995601551726,124830.05516982,2538.327922699618,95.94852551912447,2.861267531210101,0.0,15.426162284176218,2700,562.7277337572528,0.0
85,692.035,913.7422372312213,3.544412960502612,0.17474268553814484,124830.05516982,2538.32778845003,95.94847890461374,2.8955587185603235,0.0,15.426166139123785,2700,562.7277337572528,0.0
86,692.04,913.882212861002,3.6298788914583207,0.17895623132517424,124830.05516982,2538.327654200442,95.94843229010303,2.929855028725525,0.0,15.426170041680155,2700,562.7277337572528,0.0
87,692.045,914.0219918345416,3.7163759934653684,0.18322061475464774,124830.05516982,2538.3275199508535,95.9483856755923,2.9641564524277197,0.0,15.426173991852478,2700,562.7277337572528,0.0
88,692.0500000000001,914.1615740166143,3.8039046990993697,0.18753585715292467,124830.05516982,2538.327385701266,95.94833906108158,2.9984629803830196,0.0,15.426177989647886,2700,562.7277337572528,0.0
89,692.0550000000001,914.3009592721905,3.892465439886362,0.19190197979461937,124830.05516982,2538.3272514516775,95.94829244657087,3.0327746033016423,0.0,15.426182035073502,2700,562.7277337572528,0.0
90,692.0600000000001,914.4401474664384,3.9820586463015433,0.19631900390253879,124830.05516982,2538.32711720209,95.94824583206015,3.06709131188792,0.0,15.426186128136434,2700,562.7277337572528,0.0
91,692.065,914.5791384647237,4.072684747768005,0.20078695064762017,124830.05516982,2538.3269829525016,95.94819921754943,3.1014130968403113,0.0,15.426190268843778,2700,562.7277337572528,0.0
92,692.07,914.7179321326097,4.164344172655478,0.20530584114886916,124830.05516982,2538.3268487029136,95.94815260303871,3.1357399488514073,0.0,15.426194457202616,2700,562.7277337572528,0.0
93,692.075,914.8565283358585,4.257037348279081,0.2098756964732979,124830.05516982,2538.3267144533256,95.94810598852798,3.1700718586079435,0.0,15.426198693220021,2700,562.7277337572528,0.0
94,692.08,914.9949269404303,4.350764700898053,0.2144965376358631,124830.05516982,2538.3265802037376,95.94805937401728,3.2044088167908082,0.0,15.426202976903046,2700,562.7277337572528,0.0
95,692.085,915.1331278124844,4.445526655714512,0.21916838559940405,124830.05516982,2538.3264459541497,95.94801275950655,3.238750814075051,0.0,15.426207308258736,2700,562.7277337572528,0.0
96,692.09,915.271130818379,4.541323636872201,0.22389126127458153,124830.05516982,2538.3263117045617,95.94796614499583,3.273097841129894,0.0,15.426211687294126,2700,562.7277337572528,0.0
97,692.095,915.4089358246724,4.638156067455235,0.2286651855198156,124830.05516982,2538.3261774549733,95.94791953048511,3.30744988861874,0.0,15.426216114016228,2700,562.7277337572528,0.0
98,692.1,915.5465426981218,4.736024369486861,0.23349017914122472,124830.05516982,2538.3260432053858,95.94787291597439,3.3418069471991827,0.0,15.42622058843205,2700,562.7277337572528,0.0
99,692.105,915.6839513056849,4.834928963928214,0.23836626289256396,124830.05516982,2538.3259089557973,95.94782630146366,3.376169007523014,0.0,15.426225110548586,2700,562.7277337572528,0.0
100,692.11,915.8211615145203,4.934870270677068,0.2432934574751641,124830.05516982,2538.32577470621,95.94777968695296,3.4105360602362373,0.0,15.426229680372813,2700,562.7277337572528,0.0
101,692.115,915.9581731919866,5.035848708566602,0.24827178353787038,124830.05516982,2538.3256404566214,95.94773307244223,3.444908095979074,0.0,15.426234297911698,2700,562.7277337572528,0.0
102,692.12,916.0949862056436,5.13786469536416,0.25330126167698125,124830.05516982,2538.3255062070334,95.94768645793151,3.479285105385973,0.0,15.426238963172194,2700,562.7277337572528,0.0
103,692.125,916.2316004232528,5.240918647770015,0.2583819124361878,124830.05516982,2538.3253719574454,95.94763984342079,3.513667079085622,0.0,15.426243676161242,2700,562.7277337572528,0.0
104,692.13,916.3680157127767,5.345010981416134,0.26351375630651275,124830.05516982,2538.3252377078575,95.94759322891007,3.5480540077009555,0.0,15.42624843688577,2700,562.7277337572528,0.0
105,692.135,916.5042319423803,5.450142110864953,0.2686968137262497,124830.05516982,2538.3251034582695,95.94754661439934,3.582445881849165,0.0,15.42625324535269,2700,562.7277337572528,0.0
106,692.14,916.6402489804309,5.556312449608139,0.2739311050809027,124830.05516982,2538.3249692086815,95.94749999988863,3.616842692141709,0.0,15.426258101568907,2700,562.7277337572528,0.0
107,692.145,916.7760666954978,5.663522410065368,0.2792166507031255,124830.05516982,2538.324834959093,95.94745338537791,3.6512444291843207,0.0,15.426263005541307,2700,562.7277337572528,0.0
108,692.15,916.9116849563536,5.7717724035830935,0.28455347087266125,124830.05516982,2538.3247007095056,95.94740677086719,3.685651083577019,0.0,15.426267957276764,2700,562.7277337572528,0.0
109,692.155,917.047103631974,5.881062840433334,0.2899415858162822,124830.05516982,2538.324566459917,95.94736015635647,3.7200626459141195,0.0,15.42627295678214,2700,562.7277337572528,0.0
110,692.16,917.1823225915379,5.991394129812446,0.29538101570772984,124830.05516982,2538.3244322103296,95.94731354184574,3.7544791067842405,0.0,15.426278004064288,2700,562.7277337572528,0.0
111,692.165,917.3173417044285,6.102766679839901,0.3008717806676541,124830.05516982,2538.324297960741,95.94726692733502,3.7889004567703153,0.0,15.426283099130043,2700,562.7277337572528,0.0
112,692.17,917.4521608402326,6.215180897557078,0.3064139007635538,124830.05516982,2538.3241637111532,95.94722031282431,3.8233266864496014,0.0,15.426288241986228,2700,562.7277337572528,0.0
113,692.1750000000001,917.5867798687417,6.32863718892604,0.31200739600971705,124830.05516982,2538.3240294615653,95.94717369831359,3.8577577863936896,0.0,15.426293432639651,2700,562.7277337572528,0.0
114,692.1800000000001,917.7211986599517,6.443135958828335,0.3176522863671611,124830.05516982,2538.3238952119773,95.94712708380287,3.892193747168514,0.0,15.426298671097111,2700,562.7277337572528,0.0
115,692.1850000000001,917.855417084064,6.558677611063767,0.3232596728145304,124830.05516982,2538.3237609623893,95.94708046929215,3.9266345607255544,0.0,15.426303957365393,2700,562.7277337572528,0.0
116,692.19,917.9894350168937,6.675262553079253,0.32831973630934125,124830.05516982,2538.3236267128013,95.94703385478142,3.9610802225356765,0.0,15.426309291451267,2700,562.7277337572528,0.0
117,692.195,918.1232523481096,6.792891203493712,0.3334172256401657,124830.05516982,2538.3234924632134,95.94698724027072,3.9955306997895566,0.0,15.426314673361489,2700,562.7277337572528,0.0
118,692.2,918.2568688578878,6.9115638826073456,0.33855209718846807,124830.05516982,2538.3233582136254,95.94694062575999,4.0299860256394044,0.0,15.426320103102789,2700,562.7277337572528,0.0
119,692.205,918.3902845824296,7.031281137037611,0.3437243176518075,124830.05516982,2538.323223964037,95.94689401124927,4.064446191155064,0.0,15.426325580681961,2700,562.7277337572528,0.0
120,692.21,918.5234993945321,7.152043369317722,0.3489338479934783,124830.05516982,2538.3230897144495,95.94684739673855,4.098911187388839,0.0,15.426331106105646,2700,562.7277337572528,0.0
121,692.215,918.6565131671389,7.273850980913715,0.3541806496355375,124830.05516982,2538.322955464861,95.94680078222783,4.133381005401064,0.0,15.426336679380585,2700,562.7277337572528,0.0
122,692.22,918.7893257734405,7.396704372312965,0.3594646844534314,124830.05516982,2538.3228212152735,95.9467541677171,4.167855636248767,0.0,15.426342300513506,2700,562.7277337572528,0.0
123,692.225,918.9219370868293,7.5206039429841125,0.3647859147653707,124830.05516982,2538.322686965685,95.9467075532064,4.202335070985658,0.0,15.426347969511122,2700,562.7277337572528,0.0
124,692.23,919.0543469809,7.645550091376146,0.3701443033234934,124830.05516982,2538.322552716097,95.94666093869567,4.23681930066212,0.0,15.426353686380136,2700,562.7277337572528,0.0
125,692.235,919.1865553294507,7.771543214917498,0.37553981330543945,124830.05516982,2538.322418466509,95.94661432418495,4.2713083163251975,0.0,15.426359451127244,2700,562.7277337572528,0.0
126,692.24,919.3185620064818,7.8985837100151475,0.38097240830600804,124830.05516982,2538.322284216921,95.94656770967424,4.305802109018592,0.0,15.426365263759118,2700,562.7277337572528,0.0
127,692.245,919.4503668861964,8.026671972053713,0.3864420523290705,124830.05516982,2538.322149967333,95.9465210951635,4.340300669782651,0.0,15.42637112428243,2700,562.7277337572528,0.0
128,692.25,919.5819698430014,8.15580839539456,0.39194870977973184,124830.05516982,2538.322015717745,95.94647448065278,4.37480398965436,0.0,15.426377032703826,2700,562.7277337572528,0.0
129,692.255,919.7133707515068,8.285993373374897,0.39749234545666445,124830.05516982,2538.321881468157,95.94642786614207,4.409312059667337,0.0,15.426382989029953,2700,562.7277337572528,0.0
130,692.26,919.8445694865259,8.417227298306866,0.4030729245445909,124830.05516982,2538.3217472185693,95.94638125163135,4.44382487085182,0.0,15.42638899326744,2700,562.7277337572528,0.0
131,692.265,919.9755659230752,8.549510561476646,0.40869041260702654,124830.05516982,2538.321612968981,95.94633463712063,4.478342414234665,0.0,15.426395045422899,2700,562.7277337572528,0.0
132,692.27,920.1063599363757,8.682843553143547,0.41434477557915933,124830.05516982,2538.3214787193933,95.94628802260992,4.512864680839334,0.0,15.426401145502933,2700,562.7277337572528,0.0
133,692.275,920.2369514018524,8.817226662539118,0.42003597976095297,124830.05516982,2538.321344469805,95.94624140809918,4.547391661685893,0.0,15.426407293514139,2700,562.7277337572528,0.0
134,692.28,920.3673401951331,8.95266027786624,0.4257639918103194,124830.05516982,2538.321210220217,95.94619479358848,4.581923347791004,0.0,15.42641348946309,2700,562.7277337572528,0.0
135,692.285,920.4975261920517,9.089144786298224,0.4315287787365882,124830.05516982,2538.321075970629,95.94614817907775,4.616459730167914,0.0,15.426419733356356,2700,562.7277337572528,0.0
136,692.29,920.6275092686448,9.226680573977912,0.43733030789402605,124830.05516982,2538.320941721041,95.94610156456703,4.651000799826459,0.0,15.426426025200488,2700,562.7277337572528,0.0
137,692.295,920.7572893011546,9.365268026016782,0.4431685469755857,124830.05516982,2538.320807471453,95.94605495005631,4.68554654777305,0.0,15.426432365002029,2700,562.7277337572528,0.0
138,692.3000000000001,920.886866166028,9.50490752649405,0.44904346400675504,124830.05516982,2538.320673221865,95.9460083355456,4.720096965010668,0.0,15.426438752767508,2700,562.7277337572528,0.0
139,692.3050000000001,921.0162397399159,9.645599458455756,0.45495502733956467,124830.05516982,2538.3205389722766,95.94596172103486,4.754652042538865,0.0,15.42644518850344,2700,562.7277337572528,0.0
140,692.3100000000001,921.1454098996754,9.787344203913895,0.46090320564676684,124830.05516982,2538.320404722689,95.94591510652415,4.789211771353754,0.0,15.42645167221633,2700,562.7277337572528,0.0
141,692.315,921.2743765223682,9.930142143845483,0.46688796791606296,124830.05516982,2538.3202704731007,95.94586849201343,4.823776142448004,0.0,15.426458203912668,2700,562.7277337572528,0.0
142,692.32,921.4031394852616,10.073993658191693,0.47290928344460886,124830.05516982,2538.320136223513,95.94582187750271,4.858345146810839,0.0,15.426464783598936,2700,562.7277337572528,0.0
143,692.325,921.5316986658286,10.218899125856934,0.4789671218335009,124830.05516982,2538.3200019739247,95.945775262992,4.892918775428031,0.0,15.426471411281597,2700,562.7277337572528,0.0
144,692.33,921.6600539417476,10.364858924707978,0.4850614529824806,124830.05516982,2538.3198677243367,95.94572864848128,4.927497019281895,0.0,15.426478086967107,2700,562.7277337572528,0.0
145,692.335,921.788205190903,10.511873431573044,0.49119224708472364,124830.05516982,2538.319733474749,95.94568203397054,4.9620798693512915,0.0,15.426484810661906,2700,562.7277337572528,0.0
146,692.34,921.9161522913859,10.65994302224092,0.49735947462174307,124830.05516982,2538.319599225161,95.94563541945983,4.996667316611614,0.0,15.426491582372424,2700,562.7277337572528,0.0
147,692.345,922.0438951214927,10.809068071460057,0.5035631063583997,124830.05516982,2538.319464975573,95.94558880494911,5.031259352034792,0.0,15.426498402105077,2700,562.7277337572528,0.0
148,692.35,922.1714335597272,10.95924895293769,0.5098031133380618,124830.05516982,2538.319330725985,95.94554219043839,5.065855966589286,0.0,15.426505269866269,2700,562.7277337572528,0.0
149,692.355,922.2987674847993,11.110486039338927,0.5160794668778814,124830.05516982,2538.3191964763964,95.94549557592768,5.100457151240085,0.0,15.42651218566239,2700,562.7277337572528,0.0
150,692.36,922.4258967756256,11.262779702285876,0.5223921385640278,124830.05516982,2538.319062226809,95.94544896141696,5.135062896948701,0.0,15.426519149499818,2700,562.7277337572528,0.0
151,692.365,922.5528213113298,11.41613031235675,0.5287411002472768,124830.05516982,2538.3189279772205,95.94540234690623,5.169673194673169,0.0,15.426526161384922,2700,562.7277337572528,0.0
152,692.37,922.6795409712428,11.570538239084966,0.5351263240384493,124830.05516982,2538.318793727633,95.94535573239551,5.204288035368046,0.0,15.426533221324055,2700,562.7277337572528,0.0
153,692.375,922.8060556349033,11.726003850958275,0.5415477823041264,124830.05516982,2538.3186594780445,95.94530911788479,5.238907409984404,0.0,15.426540329323554,2700,562.7277337572528,0.0
154,692.38,922.9323651820566,11.882527515417848,0.548005447662285,124830.05516982,2538.3185252284566,95.94526250337407,5.273531309469833,0.0,15.426547485389754,2700,562.7277337572528,0.0
155,692.385,923.0584694926564,12.040109598857434,0.5544992929782584,124830.05516982,2538.3183909788686,95.94521588886336,5.308159724768435,0.0,15.426554689528968,2700,562.7277337572528,0.0
156,692.39,923.184368446864,12.198750466622412,0.5610292913605632,124830.05516982,2538.3182567292806,95.94516927435264,5.342792646820826,0.0,15.426561941747499,2700,562.7277337572528,0.0
157,692.395,923.3100619250488,12.358450483008964,0.5675954161568941,124830.05516982,2538.3181224796926,95.94512265984191,5.377430066564131,0.0,15.426569242051638,2700,562.7277337572528,0.0
158,692.4,923.4355498077883,12.519210011263151,0.574197640950231,124830.05516982,2538.3179882301047,95.94507604533119,5.412071974931983,0.0,15.426576590447661,2700,562.7277337572528,0.0
159,692.405,923.5608319758686,12.681029413580056,0.5808359395549934,124830.05516982,2538.3178539805162,95.94502943082047,5.446718362854526,0.0,15.42658398694184,2700,562.7277337572528,0.0
160,692.41,923.6859083102847,12.843909051102885,0.5875102860132866,124830.05516982,2538.3177197309287,95.94498281630976,5.481369221258408,0.0,15.42659143154042,2700,562.7277337572528,0.0
161,692.415,923.8107786922396,13.007849283922095,0.5942206545912165,124830.05516982,2538.3175854813403,95.94493620179904,5.516024541066784,0.0,15.426598924249646,2700,562.7277337572528,0.0
162,692.42,923.9354430031459,13.172850471074504,0.6009670197752979,124830.05516982,2538.317451231753,95.94488958728832,5.550684313199314,0.0,15.426606465075746,2700,562.7277337572528,0.0
163,692.4250000000001,924.0599011246253,13.33891297054243,0.6077493562688616,124830.05516982,2538.3173169821644,95.9448429727776,5.585348528572163,0.0,15.426614054024936,2700,562.7277337572528,0.0
164,692.4300000000001,924.1841529385083,13.506037139252788,0.614567638988679,124830.05516982,2538.3171827325764,95.94479635826687,5.620017178097997,0.0,15.426621691103417,2700,562.7277337572528,0.0
165,692.4350000000001,924.3081983268358,13.674223333076243,0.6214218430614736,124830.05516982,2538.3170484829884,95.94474974375615,5.654690252685989,0.0,15.426629376317381,2700,562.7277337572528,0.0
166,692.44,924.4320371718576,13.843471906826304,0.6283119438207023,124830.05516982,2538.3169142334004,95.94470312924544,5.689367743241813,0.0,15.426637109673003,2700,562.7277337572528,0.0
167,692.445,924.555669356034,14.013783214258474,0.6352379168031079,124830.05516982,2538.3167799838125,95.94465651473472,5.724049640667649,0.0,15.426644891176448,2700,562.7277337572528,0.0
168,692.45,924.6790947620349,14.185157608069359,0.6421997377457707,124830.05516982,2538.3166457342245,95.944609900224,5.758735935862176,0.0,15.42665272083387,2700,562.7277337572528,0.0
169,692.455,924.8023132727408,14.357595439895812,0.6491973825827922,124830.05516982,2538.3165114846365,95.94456328571327,5.79342661972058,0.0,15.426660598651408,2700,562.7277337572528,0.0
170,692.46,924.9253247712425,14.531097060314039,0.6562308274422797,124830.05516982,2538.3163772350485,95.94451667120255,5.828121683134548,0.0,15.426668524635188,2700,562.7277337572528,0.0
171,692.465,925.0481291408415,14.705662818838757,0.6633000486432491,124830.05516982,2538.31624298546,95.94447005669183,5.862821116992275,0.0,15.426676498791325,2700,562.7277337572528,0.0
172,692.47,925.1707262650502,14.881293063922312,0.6704050226928217,124830.05516982,2538.3161087358726,95.94442344218112,5.897524912178455,0.0,15.426684521125923,2700,562.7277337572528,0.0
173,692.475,925.2931160275916,15.057988142953791,0.6775457262831645,124830.05516982,2538.315974486284,95.9443768276704,5.932233059574294,0.0,15.426692591645066,2700,562.7277337572528,0.0
174,692.48,925.4152983124005,15.235748402258205,0.6847221362887406,124830.05516982,2538.3158402366967,95.94433021315967,5.966945550057499,0.0,15.426700710354835,2700,562.7277337572528,0.0
175,692.485,925.5372730036229,15.414574187095571,0.6919342297634582,124830.05516982,2538.3157059871082,95.94428359864895,6.0016623745022875,0.0,15.42670887726129,2700,562.7277337572528,0.0
176,692.49,925.6590399856161,15.594465841660082,0.6991819839380088,124830.05516982,2538.3155717375203,95.94423698413823,6.0363835237793815,0.0,15.426717092370485,2700,562.7277337572528,0.0
177,692.495,925.7805991429494,15.775423709079236,0.7064653762170101,124830.05516982,2538.3154374879323,95.9441903696275,6.0711089887560155,0.0,15.426725355688458,2700,562.7277337572528,0.0
178,692.5,925.9019503604044,15.957448131412972,0.7137843841765679,124830.05516982,2538.3153032383443,95.9441437551168,6.105838760295934,0.0,15.426733667221232,2700,562.7277337572528,0.0
179,692.505,926.0230935229739,16.140539449652817,0.7211389855615108,124830.05516982,2538.3151689887563,95.94409714060608,6.140572829259393,0.0,15.426742026974823,2700,562.7277337572528,0.0
180,692.51,926.1440285158641,16.324698003721014,0.7285291582829111,124830.05516982,2538.3150347391684,95.94405052609535,6.17531118650316,0.0,15.426750434955231,2700,562.7277337572528,0.0
181,692.515,926.264755224493,16.50992413246967,0.7359548804156577,124830.05516982,2538.31490048958,95.94400391158463,6.210053822880521,0.0,15.426758891168443,2700,562.7277337572528,0.0
182,692.52,926.3852735344917,16.69621817367992,0.743416130195864,124830.05516982,2538.3147662399924,95.94395729707391,6.244800729241275,0.0,15.426767395620436,2700,562.7277337572528,0.0
183,692.525,926.5055833317041,16.883580464061044,0.7509128860185379,124830.05516982,2538.314631990404,95.9439106825632,6.279551896431743,0.0,15.426775948317166,2700,562.7277337572528,0.0
184,692.53,926.625684502187,17.072011339249634,0.7584451264351402,124830.05516982,2538.3144977408165,95.94386406805248,6.314307315294763,0.0,15.42678454926459,2700,562.7277337572528,0.0
185,692.535,926.7455769322111,17.261511133808728,0.766012830151374,124830.05516982,2538.314363491228,95.94381745354175,6.349066976669697,0.0,15.426793198468642,2700,562.7277337572528,0.0
186,692.54,926.8652605082597,17.45208018122698,0.773615976024862,124830.05516982,2538.31422924164,95.94377083903105,6.3838308713924325,0.0,15.426801895935245,2700,562.7277337572528,0.0
187,692.545,926.9847351170306,17.643718813917776,0.781254543062772,124830.05516982,2538.314094992052,95.94372422452031,6.41859899029538,0.0,15.426810641670313,2700,562.7277337572528,0.0
188,692.5500000000001,927.1040006454348,17.836427363218426,0.7889285104197423,124830.05516982,2538.313960742464,95.94367761000959,6.453371324207482,0.0,15.426819435679741,2700,562.7277337572528,0.0
189,692.5550000000001,927.2230569805979,18.030206159389305,0.7966378573957773,124830.05516982,2538.313826492876,95.94363099549888,6.488147863954211,0.0,15.42682827796942,2700,562.7277337572528,0.0
190,692.5600000000001,927.341904009859,18.225055531612988,0.8043825634338381,124830.05516982,2538.313692243288,95.94358438098816,6.522928600357573,0.0,15.42683716854522,2700,562.7277337572528,0.0
191,692.565,927.460541620773,18.420975807993436,0.8121626081181084,124830.05516982,2538.3135579936998,95.94353776647743,6.557713524236109,0.0,15.426846107413,2700,562.7277337572528,0.0
192,692.57,927.5789697011081,18.617967315555138,0.8199779711717021,124830.05516982,2538.3134237441122,95.94349115196673,6.592502626404902,0.0,15.426855094578611,2700,562.7277337572528,0.0
193,692.575,927.6971881388478,18.81603038024228,0.827828632454558,124830.05516982,2538.313289494524,95.94344453745599,6.627295897675572,0.0,15.426864130047887,2700,562.7277337572528,0.0
194,692.58,927.8151968221902,19.015165326917906,0.8357145719618196,124830.05516982,2538.3131552449363,95.94339792294527,6.6620933288562885,0.0,15.426873213826653,2700,562.7277337572528,0.0
195,692.585,927.9329956395496,19.215372479363058,0.8436357698214556,124830.05516982,2538.313020995348,95.94335130843456,6.696894910751762,0.0,15.426882345920713,2700,562.7277337572528,0.0
196,692.59,928.0505844795551,19.41665216027598,0.8515922062926079,124830.05516982,2538.31288674576,95.94330469392384,6.731700634163259,0.0,15.42689152633587,2700,562.7277337572528,0.0
197,692.595,928.1679632310511,19.619004691271268,0.85958386176358,124830.05516982,2538.312752496172,95.94325807941311,6.766510489888596,0.0,15.426900755077902,2700,562.7277337572528,0.0
198,692.6,928.2851317830981,19.822430392879006,0.8676107167500714,124830.05516982,2538.312618246584,95.9432114649024,6.801324468722144,0.0,15.426910032152584,2700,562.7277337572528,0.0
199,692.605,928.4020900249727,20.026929584544,0.8756727518932372,124830.05516982,2538.312483996996,95.94316485039167,6.836142561454839,0.0,15.426919357565673,2700,562.7277337572528,0.0
200,692.61,928.5188378461673,20.232502584624882,0.8837699479579573,124830.05516982,2538.312349747408,95.94311823588096,6.870964758874174,0.0,15.426928731322915,2700,562.7277337572528,0.0
201,692.615,928.6353751363911,20.439149710393338,0.8919022858310527,124830.05516982,2538.3122154978196,95.94307162137024,6.905791051764212,0.0,15.426938153430044,2700,562.7277337572528,0.0
202,692.62,928.7517017855693,20.64687127803323,0.900069746519538,124830.05516982,2538.312081248232,95.94302500685951,6.940621430905584,0.0,15.42694762389278,2700,562.7277337572528,0.0
203,692.625,928.8678176838445,20.85566760263983,0.9082723111488524,124830.05516982,2538.3119469986436,95.9429783923488,6.975455887075494,0.0,15.426957142716828,2700,562.7277337572528,0.0
204,692.63,928.9837227215755,21.065538998218944,0.9165099609614432,124830.05516982,2538.311812749056,95.94293177783808,7.010294411047723,0.0,15.426966709907886,2700,562.7277337572528,0.0
205,692.635,929.0994167893389,21.27648577768613,0.9247826773146183,124830.05516982,2538.3116784994677,95.94288516332735,7.045136993592632,0.0,15.426976325471632,2700,562.7277337572528,0.0
206,692.64,929.2148997779283,21.488508252865838,0.9330904416793265,124830.05516982,2538.3115442498797,95.94283854881664,7.079983625477166,0.0,15.426985989413737,2700,562.7277337572528,0.0
207,692.645,929.3301715783546,21.70160673449064,0.9414332356384487,124830.05516982,2538.3114100002917,95.94279193430592,7.114834297464859,0.0,15.426995701739857,2700,562.7277337572528,0.0
208,692.65,929.4452320818468,21.915781532200384,0.9498110408851262,124830.05516982,2538.3112757507038,95.9427453197952,7.149689000315834,0.0,15.427005462455638,2700,562.7277337572528,0.0
209,692.655,929.5600811798513,22.131032954541382,0.958223839221313,124830.05516982,2538.311141501116,95.94269870528449,7.184547724786813,0.0,15.427015271566706,2700,562.7277337572528,0.0
210,692.66,929.6747187640331,22.347361308965606,0.9666716125560926,124830.05516982,2538.311007251528,95.94265209077376,7.2194104616311146,0.0,15.42702512907868,2700,562.7277337572528,0.0
211,692.665,929.7891447262755,22.56476690182987,0.9751543429043855,124830.05516982,2538.31087300194,95.94260547626303,7.254277201598662,0.0,15.427035034997166,2700,562.7277337572528,0.0
212,692.67,929.90335895868,22.783250038395018,0.9836720123852436,124830.05516982,2538.310738752352,95.94255886175232,7.289147935435989,0.0,15.427044989327754,2700,562.7277337572528,0.0
213,692.6750000000001,930.0173613535662,23.00281102282513,0.9922246032206364,124830.05516982,2538.3106045027635,95.9425122472416,7.324022653886236,0.0,15.427054992076027,2700,562.7277337572528,0.0
214,692.6800000000001,930.1311518034738,23.223450158186722,1.000812097733654,124830.05516982,2538.310470253176,95.94246563273087,7.358901347689164,0.0,15.427065043247547,2700,562.7277337572528,0.0
215,692.6850000000001,930.2447302011605,23.445167746447886,1.0094344783475615,124830.05516982,2538.3103360035875,95.94241901822016,7.393784007581153,0.0,15.42707514284787,2700,562.7277337572528,0.0
216,692.69,930.3580964396039,23.667964088477564,1.018091727583921,124830.05516982,2538.3102017539995,95.94237240370944,7.428670624295208,0.0,15.427085290882536,2700,562.7277337572528,0.0
217,692.695,930.4712504120001,23.8918394840447,1.0267838280614752,124830.05516982,2538.3100675044116,95.94232578919872,7.463561188560963,0.0,15.427095487357073,2700,562.7277337572528,0.0
218,692.7,930.5841920117664,24.11679423181747,1.0355107624948925,124830.05516982,2538.3099332548236,95.942279174688,7.498455691104687,0.0,15.427105732276996,2700,562.7277337572528,0.0
219,692.705,930.6969211325379,24.342828629362444,1.0442725136931148,124830.05516982,2538.3097990052356,95.94223256017727,7.5333541226492855,0.0,15.427116025647805,2700,562.7277337572528,0.0
220,692.71,930.8094376681717,24.569942973143824,1.053069064558353,124830.05516982,2538.3096647556476,95.94218594566655,7.56825647391431,0.0,15.427126367474992,2700,562.7277337572528,0.0
221,692.715,930.9217415127434,24.798137558522654,1.0619003980847175,124830.05516982,2538.3095305060597,95.94213933115584,7.603162735615958,0.0,15.427136757764032,2700,562.7277337572528,0.0
222,692.72,931.0338325605501,25.027412679756004,1.0707664973566173,124830.05516982,2538.3093962564717,95.94209271664512,7.638072898467079,0.0,15.427147196520389,2700,562.7277337572528,0.0
223,692.725,931.1457107061087,25.2577686299962,1.079667345548066,124830.05516982,2538.3092620068833,95.9420461021344,7.67298695317718,0.0,15.427157683749511,2700,562.7277337572528,0.0
224,692.73,931.2573758441579,25.48920570129002,1.088602925920956,124830.05516982,2538.3091277572958,95.94199948762368,7.707904890452431,0.0,15.427168219456837,2700,562.7277337572528,0.0
225,692.735,931.3688278696562,25.721724184577912,1.0975732218242393,124830.05516982,2538.3089935077073,95.94195287311295,7.742826700995669,0.0,15.427178803647795,2700,562.7277337572528,0.0
226,692.74,931.4800666777835,25.955324369693233,1.1065782166922213,124830.05516982,2538.30885925812,95.94190625860224,7.7777523755064015,0.0,15.427189436327792,2700,562.7277337572528,0.0
227,692.745,931.5910921639417,26.190006545361435,1.1156178940439438,124830.05516982,2538.3087250085314,95.94185964409152,7.812681904680814,0.0,15.42720011750223,2700,562.7277337572528,0.0
228,692.75,931.7019042237533,26.425770999199273,1.1246922374816235,124830.05516982,2538.3085907589434,95.9418130295808,7.847615279211775,0.0,15.427210847176493,2700,562.7277337572528,0.0
229,692.755,931.8125027530637,26.662618017714095,1.133801230689535,124830.05516982,2538.3084565093554,95.94176641507008,7.882552489788839,0.0,15.427221625355957,2700,562.7277337572528,0.0
230,692.76,931.9228876479385,26.900547886302984,1.1429448574332635,124830.05516982,2538.3083222597675,95.94171980055935,7.917493527098253,0.0,15.42723245204598,2700,562.7277337572528,0.0
231,692.765,932.0330588046675,27.139560889252035,1.1521231015578366,124830.05516982,2538.3081880101795,95.94167318604863,7.952438381822962,0.0,15.427243327251908,2700,562.7277337572528,0.0
232,692.77,932.1430161197605,27.37965730973555,1.1613359469874995,124830.05516982,2538.3080537605915,95.94162657153792,7.987387044642611,0.0,15.427254250979077,2700,562.7277337572528,0.0
233,692.775,932.2527594899519,27.620837429815285,1.1705833777239296,124830.05516982,2538.307919511003,95.9415799570272,8.022339506233559,0.0,15.427265223232808,2700,562.7277337572528,0.0
234,692.78,932.3622888121969,27.86310153043969,1.1798653778455108,124830.05516982,2538.3077852614156,95.94153334251648,8.057295757268871,0.0,15.42727624401841,2700,562.7277337572528,0.0
235,692.785,932.4716039836749,28.106449891443095,1.1891819315061092,124830.05516982,2538.307651011827,95.94148672800576,8.09225578841834,0.0,15.427287313341177,2700,562.7277337572528,0.0
236,692.79,932.5807049017876,28.350882791545022,1.1985330229343623,124830.05516982,2538.3075167622396,95.94144011349503,8.127219590348473,0.0,15.427298431206394,2700,562.7277337572528,0.0
237,692.795,932.6895914641602,28.596400508349333,1.2079186364321135,124830.05516982,2538.307382512651,95.94139349898431,8.162187153722515,0.0,15.42730959761933,2700,562.7277337572528,0.0
238,692.8000000000001,932.7982635686416,28.843003318343527,1.217338756373871,124830.05516982,2538.3072482630632,95.9413468844736,8.197158469200442,0.0,15.427320812585238,2700,562.7277337572528,0.0
239,692.8050000000001,932.9067211133035,29.090691496897975,1.226793367205512,124830.05516982,2538.3071140134753,95.94130026996288,8.232133527438974,0.0,15.427332076109366,2700,562.7277337572528,0.0
240,692.8100000000001,933.014963996442,29.339465318265134,1.236282453443539,124830.05516982,2538.3069797638873,95.94125365545216,8.267112319091575,0.0,15.427343388196942,2700,562.7277337572528,0.0
241,692.815,933.1229921165772,29.589325055578794,1.2458059996738178,124830.05516982,2538.3068455142993,95.94120704094144,8.302094834808463,0.0,15.427354748853187,2700,562.7277337572528,0.0
242,692.82,933.2308053724528,29.840270980853376,1.2553639905508056,124830.05516982,2538.3067112647113,95.94116042643071,8.337081065236614,0.0,15.427366158083302,2700,562.7277337572528,0.0
243,692.825,933.3384036630376,30.092303364983117,1.2649564107967854,124830.05516982,2538.306577015123,95.94111381192,8.372071001019766,0.0,15.427377615892482,2700,562.7277337572528,0.0
244,692.83,933.445786887524,30.345422477741337,1.27458324520046,124830.05516982,2538.3064427655354,95.94106719740928,8.407064632798427,0.0,15.427389122285904,2700,562.7277337572528,0.0
245,692.835,933.5529549453305,30.599628587779712,1.2842444786163874,124830.05516982,2538.306308515947,95.94102058289856,8.442061951209885,0.0,15.427400677268734,2700,562.7277337572528,0.0
246,692.84,933.6599077360993,30.854921962627504,1.293940095963915,124830.05516982,2538.3061742663594,95.94097396838784,8.477062946888203,0.0,15.427412280846125,2700,562.7277337572528,0.0
247,692.845,933.7666451596975,31.111302868690824,1.3036700822265077,124830.05516982,2538.306040016771,95.94092735387711,8.51206761046424,0.0,15.427423933023217,2700,562.7277337572528,0.0
248,692.85,933.8731671162192,31.368771571251894,1.3134344224505186,124830.05516982,2538.305905767183,95.94088073936639,8.547075932565635,0.0,15.427435633805134,2700,562.7277337572528,0.0
249,692.855,933.9794735059816,31.627328334468313,1.3232331017445882,124830.05516982,2538.305771517595,95.94083412485568,8.582087903816838,0.0,15.427447383196995,2700,562.7277337572528,0.0
250,692.86,934.0855642295297,31.886973421372268,1.3330661052786241,124830.05516982,2538.305637268007,95.94078751034496,8.617103514839101,0.0,15.427459181203897,2700,562.7277337572528,0.0
251,692.865,934.1914391876329,32.1477070938699,1.342933418283139,124830.05516982,2538.305503018419,95.94074089583424,8.652122756250488,0.0,15.42747102783093,2700,562.7277337572528,0.0
252,692.87,934.2970982812875,32.40952961274045,1.3528350260479538,124830.05516982,2538.305368768831,95.94069428132353,8.687145618665879,0.0,15.427482923083168,2700,562.7277337572528,0.0
253,692.875,934.4025414117153,32.672441237635624,1.3627709139221071,124830.05516982,2538.3052345192427,95.9406476668128,8.722172092696978,0.0,15.427494866965672,2700,562.7277337572528,0.0
254,692.88,934.5077684803649,32.93644222707881,1.3727410673124985,124830.05516982,2538.305100269655,95.94060105230207,8.75720216895232,0.0,15.42750685948349,2700,562.7277337572528,0.0
255,692.885,934.6127793889116,33.20153283846437,1.3827454716829914,124830.05516982,2538.304966020067,95.94055443779136,8.792235838037278,0.0,15.42751890064166,2700,562.7277337572528,0.0
256,692.89,934.7175740392573,33.46771332805687,1.3927841125541147,124830.05516982,2538.3048317704793,95.94050782328064,8.827273090554066,0.0,15.427530990445204,2700,562.7277337572528,0.0
257,692.895,934.8221523335302,33.73498395099044,1.4028569755018825,124830.05516982,2538.304697520891,95.94046120876992,8.862313917101748,0.0,15.427543128899131,2700,562.7277337572528,0.0
258,692.9,934.926514174087,34.003344961267985,1.4129640461571138,124830.05516982,2538.304563271303,95.94041459425921,8.89735830827624,0.0,15.427555316008437,2700,562.7277337572528,0.0
259,692.905,935.0306594635101,34.272796611760484,1.4231053102045312,124830.05516982,2538.304429021715,95.94036797974847,8.932406254670326,0.0,15.427567551778107,2700,562.7277337572528,0.0
260,692.91,935.1345881046111,34.54333915420626,1.4332807533825118,124830.05516982,2538.304294772127,95.94032136523776,8.967457746873652,0.0,15.427579836213111,2700,562.7277337572528,0.0
261,692.915,935.238300000428,34.8149728392103,1.4434903614817831,124830.05516982,2538.304160522539,95.94027475072704,9.002512775472747,0.0,15.427592169318407,2700,562.7277337572528,0.0
262,692.92,935.3417950542271,35.0876979162435,1.4537341203447791,124830.05516982,2538.304026272951,95.94022813621632,9.037571331051009,0.0,15.427604551098936,2700,562.7277337572528,0.0
263,692.9250000000001,935.4450731695027,35.36151463364197,1.464012015865032,124830.05516982,2538.303892023363,95.9401815217056,9.072633404188734,0.0,15.427616981559634,2700,562.7277337572528,0.0
264,692.9300000000001,935.5481342499774,35.63642323860632,1.4743240339866308,124830.05516982,2538.303757773775,95.94013490719489,9.10769898546311,0.0,15.427629460705417,2700,562.7277337572528,0.0
265,692.9350000000001,935.6509781996017,35.91242397720097,1.4846701607031556,124830.05516982,2538.3036235241866,95.94008829268415,9.142768065448227,0.0,15.42764198854119,2700,562.7277337572528,0.0
266,692.94,935.7536049225557,36.189517094353455,1.4950503820572376,124830.05516982,2538.303489274599,95.94004167817344,9.177840634715077,0.0,15.427654565071842,2700,562.7277337572528,0.0
267,692.945,935.8560143232473,36.46770283385362,1.5054646841394765,124830.05516982,2538.3033550250107,95.93999506366272,9.212916683831574,0.0,15.427667190302259,2700,562.7277337572528,0.0
268,692.95,935.958206306314,36.746981438353075,1.5159130530884055,124830.05516982,2538.3032207754227,95.939948449152,9.247996203362549,0.0,15.427679864237302,2700,562.7277337572528,0.0
269,692.955,936.0601807766219,37.027353149364366,1.5263954750891406,124830.05516982,2538.3030865258347,95.93990183464129,9.283079183869761,0.0,15.427692586881822,2700,562.7277337572528,0.0
270,692.96,936.161937639267,37.30881820726038,1.536911936373256,124830.05516982,2538.3029522762467,95.93985522013057,9.318165615911907,0.0,15.427705358240663,2700,562.7277337572528,0.0
271,692.965,936.2634767995742,37.59137685127354,1.5474624232176575,124830.05516982,2538.3028180266588,95.93980860561983,9.35325549004462,0.0,15.427718178318651,2700,562.7277337572528,0.0
272,692.97,936.364798163098,37.87502931949519,1.558046921944361,124830.05516982,2538.302683777071,95.93976199110912,9.388348796820488,0.0,15.427731047120599,2700,562.7277337572528,0.0
273,692.975,936.4659016356237,38.15977584887493,1.568665418919485,124830.05516982,2538.302549527483,95.9397153765984,9.423445526789047,0.0,15.427743964651304,2700,562.7277337572528,0.0
274,692.98,936.5667871231657,38.445616675219824,1.57931790055284,124830.05516982,2538.302415277895,95.93966876208768,9.458545670496804,0.0,15.427756930915558,2700,562.7277337572528,0.0
275,692.985,936.6674545319689,38.732552033193805,1.5900043532972163,124830.05516982,2538.3022810283064,95.93962214757697,9.493649218487226,0.0,15.427769945918133,2700,562.7277337572528,0.0
276,692.99,936.7679037685085,39.020582156316955,1.6007247636479007,124830.05516982,2538.302146778719,95.93957553306625,9.528756161300763,0.0,15.427783009663791,2700,562.7277337572528,0.0
277,692.995,936.8681347394902,39.309707276964794,1.611479118141507,124830.05516982,2538.3020125291305,95.93952891855551,9.563866489474846,0.0,15.427796122157279,2700,562.7277337572528,0.0
278,693.0,936.9681473518509,39.599927626367695,1.6222674033562978,124830.05516982,2538.301878279543,95.9394823040448,9.598980193543893,0.0,15.427809283403331,2700,562.7277337572528,0.0
279,693.005,937.0679415127578,39.891243434610075,1.6330896059108182,124830.05516982,2538.3017440299545,95.93943568953408,9.634097264039323,0.0,15.42782249340667,2700,562.7277337572528,0.0
280,693.01,937.1675171296097,40.18365493062983,1.643945712463706,124830.05516982,2538.3016097803666,95.93938907502336,9.669217691489562,0.0,15.427835752172005,2700,562.7277337572528,0.0
281,693.015,937.2668741100366,40.4771623422176,1.654835709712786,124830.05516982,2538.3014755307786,95.93934246051265,9.70434146642004,0.0,15.427849059704027,2700,562.7277337572528,0.0
282,693.02,937.3660123618992,40.77176589601615,1.665759584394728,124830.05516982,2538.3013412811906,95.93929584600193,9.739468579353213,0.0,15.427862416007423,2700,562.7277337572528,0.0
283,693.025,937.4649317932905,41.06746581751963,1.6767173232845816,124830.05516982,2538.3012070316026,95.9392492314912,9.774599020808557,0.0,15.427875821086861,2700,562.7277337572528,0.0
284,693.03,937.563632312536,41.36426233107296,1.68770891319481,124830.05516982,2538.3010727820147,95.93920261698048,9.809732781302587,0.0,15.427889274946995,2700,562.7277337572528,0.0
285,693.035,937.6621138281913,41.662155659871146,1.698734340975133,124830.05516982,2538.3009385324262,95.93915600246976,9.844869851348856,0.0,15.427902777592468,2700,562.7277337572528,0.0
286,693.04,937.7603762490461,41.961146025958655,1.7097935935117357,124830.05516982,2538.3008042828387,95.93910938795904,9.880010221457956,0.0,15.427916329027914,2700,562.7277337572528,0.0
287,693.045,937.858419484121,42.26123365022867,1.7208866577267878,124830.05516982,2538.3006700332503,95.93906277344833,9.915153882137552,0.0,15.427929929257942,2700,562.7277337572528,0.0
288,693.0500000000001,937.9562434426696,42.56241875242253,1.7320135205779683,124830.05516982,2538.300535783663,95.9390161589376,9.950300823892354,0.0,15.427943578287161,2700,562.7277337572528,0.0
289,693.0550000000001,938.0538480341785,42.864701551129,1.7431741690577844,124830.05516982,2538.3004015340744,95.93896954442688,9.985451037224154,0.0,15.427957276120159,2700,562.7277337572528,0.0
290,693.0600000000001,938.1512331683667,43.16808226378369,1.7543685901931516,124830.05516982,2538.3002672844864,95.93892292991616,10.020604512631811,0.0,15.427971022761511,2700,562.7277337572528,0.0
291,693.065,938.2483987551865,43.472561106668294,1.7655967710448957,124830.05516982,2538.3001330348984,95.93887631540544,10.055761240611275,0.0,15.427984818215785,2700,562.7277337572528,0.0
292,693.07,938.345344704823,43.778138294910065,1.77685869870729,124830.05516982,2538.2999987853104,95.93882970089473,10.090921211655585,0.0,15.42799866248753,2700,562.7277337572528,0.0
293,693.075,938.4420709276951,44.08481404248108,1.78815436030705,124830.05516982,2538.2998645357225,95.938783086384,10.126084416254885,0.0,15.42801255558128,2700,562.7277337572528,0.0
294,693.08,938.5385773344549,44.39258856219765,1.7994837430037458,124830.05516982,2538.2997302861345,95.93873647187328,10.161250844896417,0.0,15.428026497501559,2700,562.7277337572528,0.0
295,693.085,938.6348638359887,44.70146206571964,1.8108468339884545,124830.05516982,2538.299596036546,95.93868985736256,10.196420488064541,0.0,15.428040488252883,2700,562.7277337572528,0.0
296,693.09,938.7309303434158,45.011434763549836,1.822243620483532,124830.05516982,2538.2994617869585,95.93864324285184,10.231593336240742,0.0,15.428054527839745,2700,562.7277337572528,0.0
297,693.095,938.8267767680904,45.32250686503333,1.8336740897426418,124830.05516982,2538.29932753737,95.93859662834112,10.26676937990363,0.0,15.428068616266632,2700,562.7277337572528,0.0
298,693.1,938.9224030216005,45.63467857835685,1.8451382290491594,124830.05516982,2538.2991932877826,95.93855001383041,10.301948609528957,0.0,15.428082753538014,2700,562.7277337572528,0.0
299,693.105,939.0178090157685,45.94795011054817,1.8566360257170247,124830.05516982,2538.299059038194,95.93850339931969,10.33713101558961,0.0,15.428096939658351,2700,562.7277337572528,0.0
300,693.11,939.1129946626517,46.262321667475426,1.8681674670889061,124830.05516982,2538.298924788606,95.93845678480896,10.372316588555641,0.0,15.428111174632086,2700,562.7277337572528,0.0
301,693.115,939.2079598745415,46.57779345384655,1.8797325405371303,124830.05516982,2538.2987905390182,95.93841017029824,10.407505318894255,0.0,15.428125458463649,2700,562.7277337572528,0.0
302,693.12,939.3027045639648,46.89436567320859,1.8913312334619115,124830.05516982,2538.2986562894303,95.93836355578752,10.442697197069823,0.0,15.428139791157461,2700,562.7277337572528,0.0
303,693.125,939.3972286436834,47.21203852794708,1.9029635332920272,124830.05516982,2538.2985220398423,95.9383169412768,10.477892213543894,0.0,15.428154172717926,2700,562.7277337572528,0.0
304,693.13,939.4915320266941,47.5308122192855,1.914629427483222,124830.05516982,2538.2983877902543,95.93827032676609,10.513090358775203,0.0,15.428168603149437,2700,562.7277337572528,0.0
305,693.135,939.5856146262291,47.850686947284565,1.9263289035190252,124830.05516982,2538.298253540666,95.93822371225536,10.548291623219669,0.0,15.428183082456371,2700,562.7277337572528,0.0
306,693.14,939.679476355757,48.171662910841626,1.9380619489094688,124830.05516982,2538.2981192910784,95.93817709774464,10.583495997330418,0.0,15.428197610643096,2700,562.7277337572528,0.0
307,693.145,939.7731171289807,48.493740307690125,1.949828551190301,124830.05516982,2538.29798504149,95.93813048323392,10.618703471557772,0.0,15.428212187713958,2700,562.7277337572528,0.0
308,693.15,939.8665368598402,48.81691933439887,1.9616286979239235,124830.05516982,2538.2978507919024,95.9380838687232,10.65391403634928,0.0,15.428226813673303,2700,562.7277337572528,0.0
309,693.155,939.9597354625108,49.14120018637153,1.9734623766976946,124830.05516982,2538.297716542314,95.93803725421249,10.6891276821497,0.0,15.428241488525455,2700,562.7277337572528,0.0
310,693.16,940.0527128514047,49.46658305784596,1.9853295751239664,124830.05516982,2538.297582292726,95.93799063970177,10.72434439940103,0.0,15.428256212274722,2700,562.7277337572528,0.0
311,693.165,940.1454689411701,49.793068141893606,1.9972302808395037,124830.05516982,2538.297448043138,95.93794402519104,10.759564178542501,0.0,15.428270984925406,2700,562.7277337572528,0.0
312,693.17,940.2380036466922,50.120655630418945,2.0091644815056062,124830.05516982,2538.29731379355,95.93789741068034,10.794787010010591,0.0,15.428285806481794,2700,562.7277337572528,0.0
313,693.1750000000001,940.3303168830917,50.44934571415883,2.0211321648071867,124830.05516982,2538.297179543962,95.9378507961696,10.830012884239034,0.0,15.428300676948156,2700,562.7277337572528,0.0
314,693.1800000000001,940.4224085657279,50.77913858268193,2.0331333184521334,124830.05516982,2538.297045294374,95.93780418165888,10.865241791658823,0.0,15.428315596328755,2700,562.7277337572528,0.0
315,693.1850000000001,940.5142786101961,51.11003442438805,2.045167930171679,124830.05516982,2538.296911044786,95.93775756714817,10.90047372269822,0.0,15.428330564627833,2700,562.7277337572528,0.0
316,693.19,940.6059269323289,51.44203342650773,2.0572359877193844,124830.05516982,2538.296776795198,95.93771095263745,10.935708667782766,0.0,15.428345581849626,2700,562.7277337572528,0.0
317,693.195,940.6973534481968,51.775135775101354,2.0693374788709553,124830.05516982,2538.2966425456098,95.93766433812672,10.970946617335288,0.0,15.428360647998351,2700,562.7277337572528,0.0
318,693.2,940.7885580741072,52.10934165505894,2.0814723914241036,124830.05516982,2538.2965082960222,95.93761772361601,11.00618756177591,0.0,15.428375763078215,2700,562.7277337572528,0.0
319,693.205,940.8795407266056,52.44465125009915,2.0936407131974057,124830.05516982,2538.296374046434,95.93757110910528,11.04143149152205,0.0,15.428390927093412,2700,562.7277337572528,0.0
320,693.21,940.9703013224754,52.78106474276906,2.1058424320306464,124830.05516982,2538.296239796846,95.93752449459456,11.076678396988443,0.0,15.42840614004812,2700,562.7277337572528,0.0
321,693.215,941.0608397787377,53.11858231444328,2.1180775357845016,124830.05516982,2538.296105547258,95.93747788008385,11.11192826858714,0.0,15.428421401946505,2700,562.7277337572528,0.0
322,693.22,941.1511560126522,53.45720414532366,2.1303460123394977,124830.05516982,2538.29597129767,95.93743126557312,11.147181096727518,0.0,15.42843671279272,2700,562.7277337572528,0.0
323,693.225,941.241249941717,53.79693041443842,2.142647849596195,124830.05516982,2538.295837048082,95.9373846510624,11.182436871816288,0.0,15.428452072590904,2700,562.7277337572528,0.0
324,693.23,941.3311214836683,54.13776129964185,2.154983035474594,124830.05516982,2538.295702798494,95.9373380365517,11.2176955842575,0.0,15.428467481345185,2700,562.7277337572528,0.0
325,693.235,941.4207705564814,54.47969697761353,2.1673515579138813,124830.05516982,2538.295568548906,95.93729142204096,11.252957224452565,0.0,15.428482939059675,2700,562.7277337572528,0.0
326,693.24,941.51019707837,54.82273762385786,2.179753404872123,124830.05516982,2538.295434299318,95.93724480753025,11.288221782800244,0.0,15.428498445738475,2700,562.7277337572528,0.0
327,693.245,941.599400967787,55.166883412703484,2.1921885643253933,124830.05516982,2538.2953000497296,95.93719819301953,11.323489249696669,0.0,15.428514001385668,2700,562.7277337572528,0.0
328,693.25,941.6883821434245,55.51213451730268,2.204657024268458,124830.05516982,2538.295165800142,95.9371515785088,11.358759615535345,0.0,15.428529606005332,2700,562.7277337572528,0.0
329,693.255,941.7771405242141,55.85849110963086,2.2171587727130304,124830.05516982,2538.2950315505536,95.93710496399808,11.39403287070716,0.0,15.428545259601522,2700,562.7277337572528,0.0
330,693.26,941.8656760293268,56.205953360486006,2.229693797689167,124830.05516982,2538.294897300966,95.93705834948737,11.4293090056004,0.0,15.428560962178286,2700,562.7277337572528,0.0
331,693.265,941.9539885781729,56.55452143948799,2.242262087243212,124830.05516982,2538.2947630513777,95.93701173497664,11.464588010600746,0.0,15.428576713739659,2700,562.7277337572528,0.0
332,693.27,942.0420780904028,56.90419551507821,2.254863629438513,124830.05516982,2538.2946288017897,95.93696512046593,11.499869876091289,0.0,15.428592514289658,2700,562.7277337572528,0.0
333,693.275,942.1299444859065,57.25497575451887,2.267498412354616,124830.05516982,2538.2944945522017,95.9369185059552,11.535154592452537,0.0,15.42860836383229,2700,562.7277337572528,0.0
334,693.28,942.2175876848149,57.60686232389252,2.280166424087406,124830.05516982,2538.2943603026138,95.93687189144448,11.570442150062423,0.0,15.428624262371548,2700,562.7277337572528,0.0
335,693.285,942.3050076074979,57.95985538810152,2.2928676527480416,124830.05516982,2538.294226053026,95.93682527693377,11.605732539296314,0.0,15.428640209911412,2700,562.7277337572528,0.0
336,693.29,942.3922041745672,58.31395511086742,2.305602086463599,124830.05516982,2538.294091803438,95.93677866242305,11.641025750527021,0.0,15.428656206455848,2700,562.7277337572528,0.0
337,693.295,942.4791773068739,58.66916165473044,2.3183697133758705,124830.05516982,2538.2939575538494,95.93673204791232,11.676321774124803,0.0,15.428672252008807,2700,562.7277337572528,0.0
338,693.3000000000001,942.5659269255109,59.02547518104897,2.331170521641664,124830.05516982,2538.293823304262,95.9366854334016,11.71162060045738,0.0,15.428688346574232,2700,562.7277337572528,0.0
339,693.3050000000001,942.6524529518105,59.38289584999902,2.3440044994318776,124830.05516982,2538.2936890546735,95.93663881889088,11.746922219889937,0.0,15.428704490156047,2700,562.7277337572528,0.0
340,693.3100000000001,942.7387553073478,59.741423820573665,2.3568716349317467,124830.05516982,2538.293554805086,95.93659220438016,11.782226622785137,0.0,15.428720682758165,2700,562.7277337572528,0.0
341,693.315,942.824833913938,60.101059250582466,2.3697719163405497,124830.05516982,2538.2934205554975,95.93654558986945,11.817533799503128,0.0,15.428736924384486,2700,562.7277337572528,0.0
342,693.32,942.9106886936374,60.46180229665106,2.3827053318706177,124830.05516982,2538.2932863059095,95.93649897535873,11.852843740401548,0.0,15.428753215038894,2700,562.7277337572528,0.0
343,693.325,942.9963195687451,60.82365311422045,2.3956718697477664,124830.05516982,2538.2931520563216,95.936452360848,11.88815643583554,0.0,15.428769554725264,2700,562.7277337572528,0.0
344,693.33,943.0817264618,61.18661185754673,2.4086715182105167,124830.05516982,2538.2930178067336,95.93640574633729,11.923471876157755,0.0,15.428785943447453,2700,562.7277337572528,0.0
345,693.335,943.1669092955843,61.550678679700304,2.4217042655105683,124830.05516982,2538.2928835571456,95.93635913182656,11.958790051718362,0.0,15.428802381209309,2700,562.7277337572528,0.0
346,693.34,943.2518679931216,61.915853732565495,2.434770099911358,124830.05516982,2538.2927493075576,95.93631251731584,11.994110952865059,0.0,15.428818868014664,2700,562.7277337572528,0.0
347,693.345,943.3366024776774,62.282137166840066,2.447869009688807,124830.05516982,2538.292615057969,95.93626590280513,12.02943456994308,0.0,15.428835403867337,2700,562.7277337572528,0.0
348,693.35,943.4211126727599,62.64952913203462,2.4610009831300514,124830.05516982,2538.2924808083817,95.93621928829441,12.064760893295201,0.0,15.428851988771132,2700,562.7277337572528,0.0
349,693.355,943.5053985021192,63.01802977647209,2.4741660085342128,124830.05516982,2538.2923465587933,95.93617267378369,12.100089913261753,0.0,15.428868622729844,2700,562.7277337572528,0.0
350,693.36,943.5894598897485,63.38763924728722,2.4873640742113956,124830.05516982,2538.2922123092058,95.93612605927296,12.135421620180628,0.0,15.428885305747249,2700,562.7277337572528,0.0
351,693.365,943.6732967598833,63.758357690426145,2.500595168482332,124830.05516982,2538.2920780596173,95.93607944476224,12.170756004387288,0.0,15.428902037827116,2700,562.7277337572528,0.0
352,693.37,943.7569090370017,64.13018525064581,2.51385927967891,124830.05516982,2538.2919438100294,95.93603283025153,12.206093056214774,0.0,15.428918818973193,2700,562.7277337572528,0.0
353,693.375,943.8402966458253,64.50312207151347,2.527156396143291,124830.05516982,2538.2918095604414,95.93598621574081,12.241432765993718,0.0,15.42893564918922,2700,562.7277337572528,0.0
354,693.38,943.9234595113187,64.87716829540621,2.540486506227183,124830.05516982,2538.2916753108534,95.93593960123009,12.27677512405234,0.0,15.428952528478924,2700,562.7277337572528,0.0
355,693.385,944.0063975586896,65.25232406351034,2.5538495982926412,124830.05516982,2538.2915410612654,95.93589298671937,12.312120120716477,0.0,15.428969456846014,2700,562.7277337572528,0.0
356,693.39,944.0891107133896,65.62858951582118,2.5672456607112664,124830.05516982,2538.2914068116775,95.93584637220864,12.347467746309569,0.0,15.428986434294188,2700,562.7277337572528,0.0
357,693.395,944.1715989011129,66.00596479114219,2.5806746818634116,124830.05516982,2538.291272562089,95.93579975769792,12.382817991152686,0.0,15.429003460827134,2700,562.7277337572528,0.0
358,693.4,944.2538620477986,66.38445002708475,2.5941366501392285,124830.05516982,2538.2911383125015,95.93575314318721,12.418170845564527,0.0,15.429020536448522,2700,562.7277337572528,0.0
359,693.405,944.3359000796289,66.76404536006761,2.607631553937156,124830.05516982,2538.291004062913,95.93570652867649,12.453526299861428,0.0,15.429037661162011,2700,562.7277337572528,0.0
360,693.41,944.4177129230301,67.14475092531629,2.621159381663844,124830.05516982,2538.2908698133256,95.93565991416577,12.488884344357379,0.0,15.429054834971243,2700,562.7277337572528,0.0
361,693.415,944.4993005046728,67.52656685686277,2.634720121735114,124830.05516982,2538.290735563737,95.93561329965505,12.524244969364023,0.0,15.42907205787985,2700,562.7277337572528,0.0
362,693.42,944.5806627514719,67.9094932875449,2.648313762574073,124830.05516982,2538.290601314149,95.93556668514432,12.559608165190678,0.0,15.42908932989145,2700,562.7277337572528,0.0
363,693.4250000000001,944.6617995905868,68.29353034900589,2.6619402926120586,124830.05516982,2538.290467064561,95.9355200706336,12.594973922144327,0.0,15.42910665100965,2700,562.7277337572528,0.0
364,693.4300000000001,944.7427109494215,68.67867817169396,2.6755997002870493,124830.05516982,2538.290332814973,95.93547345612289,12.630342230529642,0.0,15.429124021238037,2700,562.7277337572528,0.0
365,693.4350000000001,944.823396755624,69.06493688486177,2.6892919740452697,124830.05516982,2538.2901985653853,95.93542684161217,12.66571308064899,0.0,15.429141440580189,2700,562.7277337572528,0.0
366,693.44,944.9038569370884,69.45230661656586,2.7030171023393956,124830.05516982,2538.2900643157973,95.93538022710145,12.701086462802442,0.0,15.429158909039671,2700,562.7277337572528,0.0
367,693.445,944.9840914219533,69.84078749366653,2.7167750736292935,124830.05516982,2538.2899300662093,95.93533361259072,12.73646236728777,0.0,15.429176426620032,2700,562.7277337572528,0.0
368,693.45,945.0641001386016,70.23037964182686,2.7305658763812506,124830.05516982,2538.2897958166213,95.93528699808,12.771840784400476,0.0,15.42919399332481,2700,562.7277337572528,0.0
369,693.455,945.1438830156629,70.62108318551272,2.7443894990672466,124830.05516982,2538.289661567033,95.9352403835693,12.80722170443379,0.0,15.42921160915753,2700,562.7277337572528,0.0
370,693.46,945.2234399820112,71.01289824799203,2.7582459301662046,124830.05516982,2538.2895273174454,95.93519376905857,12.842605117678675,0.0,15.429229274121699,2700,562.7277337572528,0.0
371,693.465,945.3027709667663,71.40582495133438,2.772135158162694,124830.05516982,2538.289393067857,95.93514715454785,12.877991014423843,0.0,15.429246988220813,2700,562.7277337572528,0.0
372,693.47,945.3818758992941,71.79986341641059,2.786057171546542,124830.05516982,2538.289258818269,95.93510054003713,12.913379384955762,0.0,15.42926475145836,2700,562.7277337572528,0.0
373,693.475,945.460754709206,72.19501376289217,2.8000119588131267,124830.05516982,2538.289124568681,95.9350539255264,12.948770219558666,0.0,15.429282563837804,2700,562.7277337572528,0.0
374,693.48,945.5394073263594,72.59127610925107,2.8139995084633482,124830.05516982,2538.288990319093,95.93500731101568,12.984163508514563,0.0,15.429300425362603,2700,562.7277337572528,0.0
375,693.485,945.6178336808581,72.98865057275897,2.8280198090022335,124830.05516982,2538.288856069505,95.93496069650497,13.01955924210324,0.0,15.429318336036202,2700,562.7277337572528,0.0
376,693.49,945.6960337030515,73.38713726948706,2.84207284894068,124830.05516982,2538.288721819917,95.93491408199425,13.05495741060228,0.0,15.429336295862026,2700,562.7277337572528,0.0
377,693.495,945.7740073235364,73.78673631430537,2.856158616793082,124830.05516982,2538.288587570329,95.93486746748353,13.090358004287063,0.0,15.429354304843491,2700,562.7277337572528,0.0
378,693.5,945.851754473155,74.18744782088264,2.870277101078348,124830.05516982,2538.288453320741,95.93482085297282,13.125761013430788,0.0,15.429372362984003,2700,562.7277337572528,0.0
379,693.505,945.929275082997,74.58927190168552,2.884428290319912,124830.05516982,2538.2883190711527,95.93477423846208,13.16116642830446,0.0,15.429390470286949,2700,562.7277337572528,0.0
380,693.51,946.0065690843987,74.99220866797842,2.8986121730445102,124830.05516982,2538.288184821565,95.93472762395136,13.196574239176922,0.0,15.429408626755702,2700,562.7277337572528,0.0
381,693.515,946.0836364089429,75.3962582298229,2.9128287377830864,124830.05516982,2538.288050571977,95.93468100944065,13.23198443631485,0.0,15.429426832393625,2700,562.7277337572528,0.0
382,693.52,946.1604769884603,75.80142069607741,2.9270779730695002,124830.05516982,2538.2879163223893,95.93463439492993,13.267397009982767,0.0,15.429445087204066,2700,562.7277337572528,0.0
383,693.525,946.2370907550279,76.20769617439663,2.941359867440908,124830.05516982,2538.287782072801,95.9345877804192,13.302811950443054,0.0,15.429463391190358,2700,562.7277337572528,0.0
384,693.53,946.3134776409707,76.61508477123127,2.9556744094375613,124830.05516982,2538.287647823213,95.9345411659085,13.338229247955951,0.0,15.429481744355824,2700,562.7277337572528,0.0
385,693.535,946.3896375788611,77.0235865918275,2.9700215876031906,124830.05516982,2538.287513573625,95.93449455139776,13.37364889277958,0.0,15.429500146703772,2700,562.7277337572528,0.0
386,693.54,946.4655705015184,77.4332017402266,2.9844013904831344,124830.05516982,2538.287379324037,95.93444793688704,13.409070875169935,0.0,15.429518598237493,2700,562.7277337572528,0.0
387,693.545,946.5412763420106,77.84393031926452,2.998813806625465,124830.05516982,2538.287245074449,95.93440132237633,13.444495185380912,0.0,15.429537098960271,2700,562.7277337572528,0.0
388,693.5500000000001,946.6167550336532,78.25577243057144,3.0132588245807104,124830.05516982,2538.287110824861,95.93435470786561,13.479921813664307,0.0,15.42955564887537,2700,562.7277337572528,0.0
389,693.5550000000001,946.6920065100095,78.66872817457143,3.0277364329014,124830.05516982,2538.2869765752725,95.93430809335489,13.515350750269821,0.0,15.429574247986045,2700,562.7277337572528,0.0
390,693.5600000000001,946.7670307048908,79.08279765048198,3.04224662014178,124830.05516982,2538.286842325685,95.93426147884418,13.550781985445079,0.0,15.429592896295535,2700,562.7277337572528,0.0
391,693.565,946.8418275523574,79.49798095631357,3.056789374857315,124830.05516982,2538.2867080760966,95.93421486433344,13.586215509435634,0.0,15.429611593807067,2700,562.7277337572528,0.0
392,693.57,946.916396986717,79.91427818886935,3.071364685606136,124830.05516982,2538.286573826509,95.93416824982273,13.621651312484977,0.0,15.429630340523852,2700,562.7277337572528,0.0
393,693.575,946.9907389425266,80.33168944374464,3.0859725409463095,124830.05516982,2538.2864395769207,95.93412163531201,13.657089384834547,0.0,15.429649136449093,2700,562.7277337572528,0.0
394,693.58,947.0648533545913,80.7502148153266,3.1006129294377467,124830.05516982,2538.2863053273327,95.93407502080129,13.69252971672374,0.0,15.429667981585974,2700,562.7277337572528,0.0
395,693.585,947.1387401579657,81.16985439679384,3.1152858396403813,124830.05516982,2538.2861710777447,95.93402840629057,13.727972298389918,0.0,15.429686875937666,2700,562.7277337572528,0.0
396,693.59,947.212399287952,81.59060828011597,3.1299912601161943,124830.05516982,2538.2860368281567,95.93398179177986,13.763417120068416,0.0,15.429705819507326,2700,562.7277337572528,0.0
397,693.595,947.285830680103,82.0124765560532,3.1447291794267485,124830.05516982,2538.2859025785688,95.93393517726912,13.798864171992557,0.0,15.429724812298103,2700,562.7277337572528,0.0
398,693.6,947.3590342702196,82.43545931415603,3.159499586133945,124830.05516982,2538.285768328981,95.93388856275841,13.834313444393654,0.0,15.429743854313127,2700,562.7277337572528,0.0
399,693.605,947.4320099943519,82.85955664276484,3.1743024687999957,124830.05516982,2538.2856340793924,95.93384194824769,13.86976492750103,0.0,15.429762945555515,2700,562.7277337572528,0.0
400,693.61,947.5047577888004,83.28476862900945,3.189137815987458,124830.05516982,2538.285499829805,95.93379533373697,13.905218611542015,0.0,15.42978208602837,2700,562.7277337572528,0.0
401,693.615,947.5772775901139,83.71109535880875,3.2040056162583106,124830.05516982,2538.2853655802164,95.93374871922626,13.94067448674196,0.0,15.429801275734787,2700,562.7277337572528,0.0
402,693.62,947.6495693350917,84.13853691687036,3.218905858173973,124830.05516982,2538.285231330629,95.93370210471554,13.976132543324251,0.0,15.429820514677841,2700,562.7277337572528,0.0
403,693.625,947.7216329607826,84.56709338669027,3.2338385302957784,124830.05516982,2538.2850970810405,95.9336554902048,14.011592771510312,0.0,15.429839802860595,2700,562.7277337572528,0.0
404,693.63,947.7934684044848,84.99676485055241,3.24880362118363,124830.05516982,2538.2849628314525,95.93360887569409,14.047055161519621,0.0,15.4298591402861,2700,562.7277337572528,0.0
405,693.635,947.8650756037475,85.42755138952833,3.2638011193975958,124830.05516982,2538.2848285818645,95.93356226118337,14.082519703569712,0.0,15.429878526957392,2700,562.7277337572528,0.0
406,693.64,947.9364544963695,85.85945308347675,3.278831013495479,124830.05516982,2538.2846943322766,95.93351564667265,14.117986387876188,0.0,15.429897962877494,2700,562.7277337572528,0.0
407,693.645,948.0076050203999,86.29247001104329,3.2938932920354413,124830.05516982,2538.2845600826886,95.93346903216194,14.15345520465273,0.0,15.429917448049416,2700,562.7277337572528,0.0
408,693.65,948.0785271141376,86.72660224966006,3.3089879435723644,124830.05516982,2538.2844258331006,95.93342241765122,14.188926144111107,0.0,15.429936982476153,2700,562.7277337572528,0.0
409,693.655,948.1492207161334,87.16184987554529,3.324114956660544,124830.05516982,2538.284291583512,95.93337580314049,14.22439919646119,0.0,15.429956566160687,2700,562.7277337572528,0.0
410,693.66,948.2196857651873,87.59821296370299,3.3392743198527395,124830.05516982,2538.2841573339247,95.93332918862977,14.259874351910948,0.0,15.429976199105987,2700,562.7277337572528,0.0
411,693.665,948.2899222003509,88.03569158792264,3.354466021700071,124830.05516982,2538.2840230843362,95.93328257411905,14.295351600666473,0.0,15.429995881315007,2700,562.7277337572528,0.0
412,693.67,948.3599299609261,88.47428582077877,3.369690050750116,124830.05516982,2538.2838888347487,95.93323595960833,14.33083093293198,0.0,15.430015612790688,2700,562.7277337572528,0.0
413,693.6750000000001,948.4297089864664,88.91399573363057,3.384946395549757,124830.05516982,2538.2837545851603,95.93318934509762,14.366312338909815,0.0,15.43003539353596,2700,562.7277337572528,0.0
414,693.6800000000001,948.499259216776,89.35482139662165,3.4002350446429888,124830.05516982,2538.2836203355723,95.9331427305869,14.401795808800475,0.0,15.430055223553735,2700,562.7277337572528,0.0
415,693.6850000000001,948.5685805919102,89.79676287867966,3.4155559865716283,124830.05516982,2538.2834860859844,95.93309611607617,14.43728133280261,0.0,15.430075102846917,2700,562.7277337572528,0.0
416,693.69,948.6376730521758,90.23982024751594,3.4309092098737204,124830.05516982,2538.2833518363964,95.93304950156545,14.472768901113032,0.0,15.430095031418388,2700,562.7277337572528,0.0
417,693.695,948.7065365381314,90.68399356962517,3.446294703085863,124830.05516982,2538.2832175868084,95.93300288705473,14.508258503926722,0.0,15.430115009271026,2700,562.7277337572528,0.0
418,693.7,948.7751709905863,91.12928291028501,3.461712454740573,124830.05516982,2538.2830833372204,95.93295627254402,14.54375013143685,0.0,15.430135036407687,2700,562.7277337572528,0.0
419,693.705,948.8435763506023,91.57568833355585,3.477162453368097,124830.05516982,2538.2829490876325,95.9329096580333,14.579243773834776,0.0,15.430155112831219,2700,562.7277337572528,0.0
420,693.71,948.9117525594927,92.02320990228041,3.492644687494923,124830.05516982,2538.2828148380445,95.93286304352257,14.61473942131006,0.0,15.430175238544455,2700,562.7277337572528,0.0
421,693.715,948.9796995588226,92.47184767808339,3.508159145643931,124830.05516982,2538.282680588456,95.93281642901185,14.650237064050474,0.0,15.430195413550212,2700,562.7277337572528,0.0
422,693.72,949.0474172904092,92.92160172137125,3.5237058163350814,124830.05516982,2538.2825463388685,95.93276981450113,14.685736692242013,0.0,15.430215637851298,2700,562.7277337572528,0.0
423,693.725,949.1149056963218,93.37247209133172,3.5392846880839453,124830.05516982,2538.28241208928,95.9327231999904,14.7212382960689,0.0,15.430235911450504,2700,562.7277337572528,0.0
424,693.73,949.182164718882,93.82445884593369,3.554895749402719,124830.05516982,2538.282277839692,95.9326765854797,14.756741865713598,0.0,15.430256234350605,2700,562.7277337572528,0.0
425,693.735,949.2491943006637,94.27756204192674,3.570538988799068,124830.05516982,2538.282143590104,95.93262997096897,14.792247391356819,0.0,15.430276606554367,2700,562.7277337572528,0.0
426,693.74,949.3159943844933,94.7317817348409,3.586214394776872,124830.05516982,2538.282009340516,95.93258335645825,14.827754863177537,0.0,15.430297028064542,2700,562.7277337572528,0.0
427,693.745,949.38256491345,95.18711797898615,3.6019219558357047,124830.05516982,2538.281875090928,95.93253674194753,14.863264271352993,0.0,15.430317498883866,2700,562.7277337572528,0.0
428,693.75,949.4489058308656,95.6435708274525,3.617661660470547,124830.05516982,2538.2817408413403,95.93249012743681,14.898775606058708,0.0,15.430338019015064,2700,562.7277337572528,0.0
429,693.755,949.5150170803239,96.10114033210928,3.633433497172017,124830.05516982,2538.2816065917523,95.93244351292608,14.934288857468484,0.0,15.430358588460845,2700,562.7277337572528,0.0
430,693.76,949.580898605663,96.55982654360503,3.6492374544256303,124830.05516982,2538.2814723421643,95.93239689841538,14.969804015754432,0.0,15.430379207223904,2700,562.7277337572528,0.0
431,693.765,949.6465503509728,97.01962951136723,3.665073520712289,124830.05516982,2538.281338092576,95.93235028390465,15.005321071086964,0.0,15.430399875306923,2700,562.7277337572528,0.0
432,693.77,949.7119722605975,97.48054928360189,3.6809416845083165,124830.05516982,2538.2812038429884,95.93230366939393,15.040840013634808,0.0,15.430420592712574,2700,562.7277337572528,0.0
433,693.775,949.7771642791332,97.94258590729332,3.6968419342840075,124830.05516982,2538.2810695934,95.93225705488321,15.07636083356502,0.0,15.430441359443511,2700,562.7277337572528,0.0
434,693.78,949.8421263514302,98.40573942820382,3.712774258505042,124830.05516982,2538.2809353438124,95.93221044037249,15.111883521042996,0.0,15.430462175502376,2700,562.7277337572528,0.0
435,693.785,949.9068584225923,98.87000989087338,3.7287386456317653,124830.05516982,2538.280801094224,95.93216382586178,15.14740806623247,0.0,15.430483040891795,2700,562.7277337572528,0.0
436,693.79,949.9713604379762,99.3353973386195,3.7447350841186156,124830.05516982,2538.280666844636,95.93211721135106,15.182934459295542,0.0,15.430503955614384,2700,562.7277337572528,0.0
437,693.795,950.0356323431932,99.80190181353663,3.7607635624146747,124830.05516982,2538.280532595048,95.93207059684033,15.218462690392668,0.0,15.430524919672742,2700,562.7277337572528,0.0
438,693.8000000000001,950.0996740841077,100.26952335649622,3.7768240689630708,124830.05516982,2538.28039834546,95.93202398232961,15.253992749682686,0.0,15.430545933069459,2700,562.7277337572528,0.0
439,693.8050000000001,950.163485606838,100.73826200714623,3.7929165922008394,124830.05516982,2538.280264095872,95.93197736781889,15.289524627322818,0.0,15.430566995807105,2700,562.7277337572528,0.0
440,693.8100000000001,950.2270668577563,101.20811780391091,3.809041120559604,124830.05516982,2538.280129846284,95.93193075330817,15.325058313468675,0.0,15.43058810788824,2700,562.7277337572528,0.0
441,693.815,950.2904177834896,101.67909078399049,3.8251976424644276,124830.05516982,2538.2799955966957,95.93188413879746,15.36059379827428,0.0,15.430609269315413,2700,562.7277337572528,0.0
442,693.82,950.3535383309181,102.15118098336102,3.8413861463341323,124830.05516982,2538.279861347108,95.93183752428673,15.396131071892068,0.0,15.430630480091155,2700,562.7277337572528,0.0
443,693.825,950.4164284471773,102.62438843677397,3.8576066205805186,124830.05516982,2538.2797270975198,95.93179090977601,15.431670124472893,0.0,15.430651740217984,2700,562.7277337572528,0.0
444,693.83,950.479088079656,103.09871317775603,3.8738590536104356,124830.05516982,2538.2795928479322,95.9317442952653,15.46721094616605,0.0,15.430673049698404,2700,562.7277337572528,0.0
445,693.835,950.5415171759983,103.5741552386088,3.8901434338226477,124830.05516982,2538.279458598344,95.93169768075457,15.502753527119273,0.0,15.430694408534906,2700,562.7277337572528,0.0
446,693.84,950.6037156841024,104.05071465040862,3.906459749609342,124830.05516982,2538.279324348756,95.93165106624384,15.538297857478753,0.0,15.430715816729972,2700,562.7277337572528,0.0
447,693.845,950.6656835521217,104.52839144300624,3.9228079893564147,124830.05516982,2538.279190099168,95.93160445173314,15.573843927389138,0.0,15.430737274286061,2700,562.7277337572528,0.0
448,693.85,950.7274207284639,105.00718564502651,3.9391881414419143,124830.05516982,2538.27905584958,95.93155783722241,15.609391726993556,0.0,15.430758781205624,2700,562.7277337572528,0.0
449,693.855,950.788927161792,105.48709728386831,3.9556001942381256,124830.05516982,2538.278921599992,95.93151122271169,15.644941246433612,0.0,15.430780337491102,2700,562.7277337572528,0.0
450,693.86,950.8502028010236,105.96812638570407,3.9720441361085874,124830.05516982,2538.278787350404,95.93146460820098,15.680492475849409,0.0,15.430801943144914,2700,562.7277337572528,0.0
451,693.865,950.9112475953312,106.45027297547973,3.9885199554103785,124830.05516982,2538.2786531008155,95.93141799369025,15.716045405379548,0.0,15.430823598169468,2700,562.7277337572528,0.0
452,693.87,950.9720614941438,106.93353707691438,4.005027640492406,124830.05516982,2538.278518851228,95.93137137917952,15.751600025161146,0.0,15.430845302567162,2700,562.7277337572528,0.0
453,693.875,951.0326444471439,107.41791871249998,4.0215671796965555,124830.05516982,2538.2783846016396,95.93132476466882,15.787156325329837,0.0,15.430867056340379,2700,562.7277337572528,0.0
454,693.88,951.0929964042704,107.90341790350132,4.038138561357058,124830.05516982,2538.278250352052,95.9312781501581,15.822714296019795,0.0,15.430888859491484,2700,562.7277337572528,0.0
455,693.885,951.1531173157176,108.3900346699555,4.054741773800334,124830.05516982,2538.2781161024636,95.93123153564737,15.858273927363726,0.0,15.430910712022833,2700,562.7277337572528,0.0
456,693.89,951.213007131935,108.87776903067189,4.0713768053441575,124830.05516982,2538.2779818528757,95.93118492113666,15.893835209492897,0.0,15.430932613936767,2700,562.7277337572528,0.0
457,693.895,951.2726658036287,109.36662100323187,4.088043644299137,124830.05516982,2538.2778476032877,95.93113830662593,15.929398132537129,0.0,15.430954565235611,2700,562.7277337572528,0.0
458,693.9,951.332093281759,109.85659060398861,4.104742278967235,124830.05516982,2538.2777133536997,95.93109169211522,15.964962686624816,0.0,15.430976565921682,2700,562.7277337572528,0.0
459,693.905,951.3912895175436,110.34767784806671,4.121472697642589,124830.05516982,2538.2775791041117,95.9310450776045,16.00052886188294,0.0,15.430998615997277,2700,562.7277337572528,0.0
460,693.91,951.4502544624547,110.83988274936225,4.13823488860987,124830.05516982,2538.2774448545238,95.93099846309377,16.03609664843707,0.0,15.43102071546468,2700,562.7277337572528,0.0
461,693.915,951.508988068222,111.33320532054228,4.155028840147311,124830.05516982,2538.2773106049353,95.93095184858306,16.071666036411372,0.0,15.431042864326168,2700,562.7277337572528,0.0
462,693.92,951.5674902868307,111.82764557304476,4.171854540522229,124830.05516982,2538.277176355348,95.93090523407234,16.107237015928632,0.0,15.431065062583995,2700,562.7277337572528,0.0
463,693.9250000000001,951.6257610705214,112.32320351707835,4.188711977995137,124830.05516982,2538.2770421057594,95.9308586195616,16.142809577110246,0.0,15.43108731024041,2700,562.7277337572528,0.0
464,693.9300000000001,951.6838003717925,112.8198791616221,4.20560114081657,124830.05516982,2538.276907856172,95.9308120050509,16.17838371007625,0.0,15.431109607297639,2700,562.7277337572528,0.0
465,693.9350000000001,951.7416081433975,113.31767251442531,4.222522017229076,124830.05516982,2538.276773606584,95.93076539054017,16.21395940494532,0.0,15.431131953757903,2700,562.7277337572528,0.0
466,693.94,951.7991843383476,113.81658358200744,4.239474595465585,124830.05516982,2538.2766393569955,95.93071877602945,16.24953665183478,0.0,15.431154349623405,2700,562.7277337572528,0.0
467,693.945,951.8565289099093,114.3166123696576,4.256458863749842,124830.05516982,2538.276505107408,95.93067216151874,16.285115440860615,0.0,15.431176794896334,2700,562.7277337572528,0.0
468,693.95,951.913641811607,114.81775888143467,4.273474810297034,124830.05516982,2538.2763708578195,95.93062554700802,16.32069576213748,0.0,15.431199289578869,2700,562.7277337572528,0.0
469,693.955,951.9705229972208,115.32002312016685,4.290522423312292,124830.05516982,2538.276236608232,95.93057893249728,16.356277605778715,0.0,15.431221833673169,2700,562.7277337572528,0.0
470,693.96,952.0271724207881,115.82340508745177,4.307601690992246,124830.05516982,2538.2761023586436,95.93053231798658,16.391860961896345,0.0,15.431244427181381,2700,562.7277337572528,0.0
471,693.965,952.0835900366039,116.32790478365587,4.324712601523393,124830.05516982,2538.2759681090556,95.93048570347585,16.427445820601104,0.0,15.431267070105648,2700,562.7277337572528,0.0
472,693.97,952.1397757992191,116.83352220791461,4.341855143082845,124830.05516982,2538.2758338594676,95.93043908896513,16.46303217200243,0.0,15.431289762448083,2700,562.7277337572528,0.0
473,693.975,952.1957296634417,117.34025735813205,4.359029303837933,124830.05516982,2538.2756996098797,95.93039247445442,16.49862000620848,0.0,15.431312504210796,2700,562.7277337572528,0.0
474,693.98,952.2514515843385,117.84811023098085,4.376235071945566,124830.05516982,2538.2755653602917,95.9303458599437,16.534209313326148,0.0,15.431335295395884,2700,562.7277337572528,0.0
475,693.985,952.3069415172316,118.35708082190177,4.393472435554429,124830.05516982,2538.2754311107037,95.93029924543298,16.569800083461068,0.0,15.431358136005425,2700,562.7277337572528,0.0
476,693.99,952.3621994177016,118.8671691251039,4.410741382802172,124830.05516982,2538.2752968611157,95.93025263092225,16.605392306717622,0.0,15.431381026041485,2700,562.7277337572528,0.0
477,693.995,952.4172252415863,119.37837513356423,4.428041901816447,124830.05516982,2538.275162611528,95.93020601641153,16.64098597319895,0.0,15.431403965506114,2700,562.7277337572528,0.0
478,694.0,952.4720189449807,119.8906988390275,4.44537398071477,124830.05516982,2538.2750283619393,95.93015940190082,16.676581073006975,0.0,15.431426954401354,2700,562.7277337572528,0.0
479,694.005,952.5265804842379,120.40414023200599,4.4627376076041765,124830.05516982,2538.274894112352,95.9301127873901,16.712177596242384,0.0,15.431449992729231,2700,562.7277337572528,0.0
480,694.01,952.5809098159687,120.91869930177948,4.480132770581635,124830.05516982,2538.2747598627634,95.93006617287938,16.747775533004663,0.0,15.431473080491752,2700,562.7277337572528,0.0
481,694.015,952.6350068970413,121.43437603639516,4.497559457733878,124830.05516982,2538.2746256131754,95.93001955836866,16.78337487339211,0.0,15.431496217690919,2700,562.7277337572528,0.0
482,694.02,952.6888716845818,121.95117042266716,4.515017657137473,124830.05516982,2538.2744913635875,95.92997294385793,16.818975607501816,0.0,15.431519404328716,2700,562.7277337572528,0.0
483,694.025,952.7425041359746,122.4690824461766,4.5325073568568595,124830.05516982,2538.2743571139995,95.92992632934721,16.854577725429696,0.0,15.431542640407109,2700,562.7277337572528,0.0
484,694.03,952.7959042088615,122.98811209127142,4.550028544947692,124830.05516982,2538.2742228644115,95.9298797148365,16.890181217270513,0.0,15.431565925928057,2700,562.7277337572528,0.0
485,694.035,952.8490718611432,123.50825934106629,4.567581209452839,124830.05516982,2538.2740886148235,95.92983310032578,16.925786073117848,0.0,15.431589260893505,2700,562.7277337572528,0.0
486,694.04,952.9020070509778,124.02952417744223,4.585165338406167,124830.05516982,2538.2739543652356,95.92978648581506,16.961392283064153,0.0,15.431612645305377,2700,562.7277337572528,0.0
487,694.045,952.9547097367822,124.5519065810467,4.602780919830013,124830.05516982,2538.2738201156476,95.92973987130433,16.996999837200725,0.0,15.43163607916559,2700,562.7277337572528,0.0
488,694.0500000000001,953.0071798772314,125.0754065312933,4.620427941734128,124830.05516982,2538.273685866059,95.92969325679361,17.03260872561775,0.0,15.431659562476046,2700,562.7277337572528,0.0
489,694.0550000000001,953.0594174312587,125.60002400636183,4.638106392120016,124830.05516982,2538.2735516164717,95.92964664228289,17.06821893840428,0.0,15.431683095238633,2700,562.7277337572528,0.0
490,694.0600000000001,953.1114223580561,126.12575898319778,4.655816258975659,124830.05516982,2538.273417366883,95.92960002777218,17.103830465648265,0.0,15.431706677455223,2700,562.7277337572528,0.0
491,694.065,953.163194617074,126.65261143751273,4.67355753027816,124830.05516982,2538.2732831172957,95.92955341326146,17.13944329743656,0.0,15.431730309127678,2700,562.7277337572528,0.0
492,694.07,953.2147341680219,127.1805813437836,4.6913301939943155,124830.05516982,2538.2731488677073,95.92950679875074,17.175057423854927,0.0,15.43175399025784,2700,562.7277337572528,0.0
493,694.075,953.2660409708669,127.70966867525303,4.70913423807861,124830.05516982,2538.2730146181193,95.92946018424001,17.210672834988053,0.0,15.431777720847549,2700,562.7277337572528,0.0
494,694.08,953.3171149858362,128.23987340392893,4.726969650473681,124830.05516982,2538.2728803685313,95.92941356972929,17.246289520919557,0.0,15.431801500898617,2700,562.7277337572528,0.0
495,694.085,953.367956173415,128.77119550058458,4.744836419111001,124830.05516982,2538.2727461189434,95.92936695521857,17.281907471732,0.0,15.431825330412854,2700,562.7277337572528,0.0
496,694.09,953.418564494348,129.3036349347584,4.762734531910944,124830.05516982,2538.2726118693554,95.92932034070786,17.317526677506894,0.0,15.431849209392047,2700,562.7277337572528,0.0
497,694.095,953.468939909638,129.83719167475368,4.780663976780585,124830.05516982,2538.2724776197674,95.92927372619714,17.353147128324714,0.0,15.431873137837977,2700,562.7277337572528,0.0
498,694.1,953.519082380548,130.37186568763886,4.798624741616297,124830.05516982,2538.272343370179,95.92922711168642,17.388768814264917,0.0,15.431897115752404,2700,562.7277337572528,0.0
499,694.105,953.5689918685991,130.907656939247,4.816616814303067,124830.05516982,2538.2722091205915,95.9291804971757,17.42439172540593,0.0,15.43192114313708,2700,562.7277337572528,0.0
500,694.11,953.618668335573,131.44456539417584,4.834640182711532,124830.05516982,2538.272074871003,95.92913388266497,17.460015851825176,0.0,15.431945219993741,2700,562.7277337572528,0.0
501,694.115,953.6681117435089,131.9825910157877,4.852694834703,124830.05516982,2538.2719406214155,95.92908726815426,17.495641183599087,0.0,15.43196934632411,2700,562.7277337572528,0.0
502,694.12,953.7173220547064,132.5217337662095,4.870780758124807,124830.05516982,2538.271806371827,95.92904065364354,17.531267710803107,0.0,15.431993522129893,2700,562.7277337572528,0.0
503,694.125,953.7662992317248,133.06199360633235,4.8888979408132025,124830.05516982,2538.271672122239,95.92899403913282,17.566895423511696,0.0,15.432017747412788,2700,562.7277337572528,0.0
504,694.13,953.8150432373822,133.6033704958117,4.907046370590296,124830.05516982,2538.271537872651,95.9289474246221,17.602524311798362,0.0,15.432042022174473,2700,562.7277337572528,0.0
505,694.135,953.8635540347566,134.14586439306723,4.925226035268008,124830.05516982,2538.271403623063,95.92890081011137,17.638154365735645,0.0,15.432066346416619,2700,562.7277337572528,0.0
506,694.14,953.9118315871856,134.68947525528247,4.943436922644394,124830.05516982,2538.271269373475,95.92885419560065,17.673785575395147,0.0,15.432090720140875,2700,562.7277337572528,0.0
507,694.145,953.9598758582665,135.23420303840518,4.9616790205054935,124830.05516982,2538.2711351238872,95.92880758108994,17.709417930847525,0.0,15.432115143348886,2700,562.7277337572528,0.0
508,694.15,954.0076868118565,135.78004769714687,4.9799523166246535,124830.05516982,2538.271000874299,95.92876096657922,17.74505142216253,0.0,15.432139616042273,2700,562.7277337572528,0.0
509,694.155,954.0552644120717,136.32700918498293,4.998256798762531,124830.05516982,2538.2708666247113,95.9287143520685,17.78068603940897,0.0,15.43216413822265,2700,562.7277337572528,0.0
510,694.16,954.1026086232898,136.87508745415238,5.0165924546666325,124830.05516982,2538.270732375123,95.92866773755779,17.816321772654774,0.0,15.432188709891614,2700,562.7277337572528,0.0
511,694.165,954.149719410147,137.42428245565787,5.034959272072353,124830.05516982,2538.2705981255353,95.92862112304705,17.851958611966964,0.0,15.43221333105075,2700,562.7277337572528,0.0
512,694.17,954.1965967375402,137.97459413926575,5.053357238701973,124830.05516982,2538.270463875947,95.92857450853633,17.887596547411675,0.0,15.43223800170163,2700,562.7277337572528,0.0
513,694.1750000000001,954.2432405706257,138.52602245350573,5.071786342263848,124830.05516982,2538.270329626359,95.92852789402562,17.923235569054178,0.0,15.43226272184581,2700,562.7277337572528,0.0
514,694.1800000000001,954.2896508748215,139.07856734567096,5.090246570454691,124830.05516982,2538.270195376771,95.9284812795149,17.958875666958875,0.0,15.432287491484832,2700,562.7277337572528,0.0
515,694.1850000000001,954.3358276158036,139.63222876181803,5.108737910957331,124830.05516982,2538.270061127183,95.92843466500418,17.994516831189312,0.0,15.432312310620228,2700,562.7277337572528,0.0
516,694.19,954.3817707595103,140.18700664676658,5.127260351442572,124830.05516982,2538.269926877595,95.92838805049347,18.03015905180819,0.0,15.432337179253512,2700,562.7277337572528,0.0
517,694.195,954.427480272139,140.74290094409966,5.145813879565422,124830.05516982,2538.269792628007,95.92834143598273,18.065802318877388,0.0,15.432362097386186,2700,562.7277337572528,0.0
518,694.2,954.4729561201477,141.2999115961634,5.1643984829703005,124830.05516982,2538.2696583784186,95.92829482147202,18.10144662245795,0.0,15.432387065019737,2700,562.7277337572528,0.0
519,694.205,954.5181982702553,141.85803854406709,5.183014149286282,124830.05516982,2538.269524128831,95.9282482069613,18.137091952610117,0.0,15.43241208215564,2700,562.7277337572528,0.0
520,694.21,954.5632066894408,142.417281727683,5.201660866130389,124830.05516982,2538.2693898792427,95.92820159245058,18.172738299393323,0.0,15.432437148795355,2700,562.7277337572528,0.0
521,694.215,954.6079813449439,142.97764108564633,5.220338621106142,124830.05516982,2538.269255629655,95.92815497793985,18.20838565286621,0.0,15.432462264940328,2700,562.7277337572528,0.0
522,694.22,954.6525222042651,143.53911655535538,5.239047401801757,124830.05516982,2538.2691213800667,95.92810836342915,18.244034003086632,0.0,15.432487430591994,2700,562.7277337572528,0.0
523,694.225,954.696829235165,144.10170807297118,5.257787195794059,124830.05516982,2538.2689871304788,95.92806174891841,18.27968334011169,0.0,15.43251264575177,2700,562.7277337572528,0.0
524,694.23,954.7409024056656,144.66541557341768,5.27655799064421,124830.05516982,2538.268852880891,95.9280151344077,18.315333653997705,0.0,15.43253791042106,2700,562.7277337572528,0.0
525,694.235,954.7847416840491,145.2302389903816,5.295359773901012,124830.05516982,2538.268718631303,95.92796851989698,18.350984934800255,0.0,15.432563224601255,2700,562.7277337572528,0.0
526,694.24,954.8283470388593,145.79617825631246,5.31419253309903,124830.05516982,2538.268584381715,95.92792190538626,18.38663717257418,0.0,15.432588588293736,2700,562.7277337572528,0.0
527,694.245,954.8717184389005,146.36323330242254,5.3330562557584855,124830.05516982,2538.268450132127,95.92787529087555,18.422290357373587,0.0,15.432614001499864,2700,562.7277337572528,0.0
528,694.25,954.9148558532376,146.93140405868672,5.351950929386755,124830.05516982,2538.268315882539,95.92782867636483,18.45794447925186,0.0,15.43263946422099,2700,562.7277337572528,0.0
529,694.255,954.9577592511971,147.50069045384268,5.3708765414754565,124830.05516982,2538.268181632951,95.92778206185409,18.49359952826168,0.0,15.43266497645845,2700,562.7277337572528,0.0
530,694.26,955.0004286023665,148.07109241539064,5.389833079503905,124830.05516982,2538.2680473833625,95.92773544734338,18.529255494455022,0.0,15.432690538213564,2700,562.7277337572528,0.0
531,694.265,955.0428638765937,148.64260986959346,5.408820530936251,124830.05516982,2538.267913133775,95.92768883283266,18.564912367883178,0.0,15.432716149487643,2700,562.7277337572528,0.0
532,694.27,955.0850650439891,149.21524274147654,5.4278388832233775,124830.05516982,2538.2677788841866,95.92764221832194,18.600570138596762,0.0,15.43274181028198,2700,562.7277337572528,0.0
533,694.275,955.127032074923,149.78899095482797,5.44688812380083,124830.05516982,2538.2676446345986,95.92759560381123,18.63622879664571,0.0,15.432767520597858,2700,562.7277337572528,0.0
534,694.28,955.1687649400275,150.3638544321984,5.465968240089555,124830.05516982,2538.2675103850106,95.9275489893005,18.67188833207931,0.0,15.432793280436542,2700,562.7277337572528,0.0
535,694.285,955.2102636101968,150.93983309490093,5.485079219497618,124830.05516982,2538.2673761354226,95.92750237478978,18.7075487349462,0.0,15.432819089799287,2700,562.7277337572528,0.0
536,694.29,955.251528056585,151.5169268630112,5.504221049418766,124830.05516982,2538.2672418858347,95.92745576027906,18.743209995294375,0.0,15.432844948687329,2700,562.7277337572528,0.0
537,694.295,955.2925582506084,152.09513565536747,5.523393717229877,124830.05516982,2538.2671076362467,95.92740914576834,18.77887210317122,0.0,15.432870857101895,2700,562.7277337572528,0.0
538,694.3000000000001,955.3333541639454,152.67445938957056,5.542597210295618,124830.05516982,2538.2669733866587,95.92736253125761,18.81453504862348,0.0,15.432896815044199,2700,562.7277337572528,0.0
539,694.3050000000001,955.3739157685346,153.25489798198356,5.561831515965114,124830.05516982,2538.2668391370707,95.9273159167469,18.850198821697305,0.0,15.432922822515437,2700,562.7277337572528,0.0
540,694.3100000000001,955.414243036577,153.8364513477324,5.581096621574072,124830.05516982,2538.2667048874823,95.92726930223618,18.885863412438262,0.0,15.43294887951679,2700,562.7277337572528,0.0
541,694.315,955.4543359405354,154.4191194007054,5.600392514440688,124830.05516982,2538.266570637895,95.92722268772546,18.92152881089131,0.0,15.432974986049432,2700,562.7277337572528,0.0
542,694.32,955.4941944531336,155.00290205355338,5.619719181871847,124830.05516982,2538.2664363883064,95.92717607321474,18.957195007100843,0.0,15.433001142114518,2700,562.7277337572528,0.0
543,694.325,955.5338185473577,155.58779921768976,5.639076611156307,124830.05516982,2538.266302138719,95.92712945870402,18.992861991110694,0.0,15.433027347713194,2700,562.7277337572528,0.0
544,694.33,955.5732081964551,156.17381080329045,5.658464789570809,124830.05516982,2538.2661678891304,95.92708284419331,19.028529752964136,0.0,15.433053602846584,2700,562.7277337572528,0.0
545,694.335,955.6123633739352,156.7609367192941,5.677883704376007,124830.05516982,2538.2660336395425,95.92703622968259,19.064198282703902,0.0,15.433079907515806,2700,562.7277337572528,0.0
546,694.34,955.6512840535694,157.3491768734018,5.697333342816592,124830.05516982,2538.2658993899545,95.92698961517186,19.099867570372194,0.0,15.433106261721958,2700,562.7277337572528,0.0
547,694.345,955.6899702093907,157.93853117207738,5.716813692124571,124830.05516982,2538.2657651403665,95.92694300066114,19.13553760601068,0.0,15.43313266546613,2700,562.7277337572528,0.0
548,694.35,955.7284218156942,158.5289995205471,5.736324739513371,124830.05516982,2538.2656308907785,95.92689638615042,19.171208379660523,0.0,15.433159118749396,2700,562.7277337572528,0.0
549,694.355,955.766638847037,159.1205818228001,5.755866472185995,124830.05516982,2538.2654966411906,95.9268497716397,19.206879881362386,0.0,15.433185621572813,2700,562.7277337572528,0.0
550,694.36,955.8046212782381,159.71327798158808,5.775438877325683,124830.05516982,2538.265362391602,95.92680315712899,19.242552101156434,0.0,15.433212173937427,2700,562.7277337572528,0.0
551,694.365,955.8423690843786,160.30708789842558,5.795041942103516,124830.05516982,2538.2652281420146,95.92675654261826,19.278225029082353,0.0,15.433238775844272,2700,562.7277337572528,0.0
552,694.37,955.8798822408016,160.90201147358977,5.8146756536736985,124830.05516982,2538.265093892426,95.92670992810754,19.31389865517936,0.0,15.433265427294366,2700,562.7277337572528,0.0
553,694.375,955.9171607231126,161.49804860612076,5.83433999917588,124830.05516982,2538.2649596428387,95.92666331359682,19.34957296948621,0.0,15.433292128288711,2700,562.7277337572528,0.0
554,694.38,955.9542045071792,162.09519919382143,5.854034965734434,124830.05516982,2538.2648253932502,95.9266166990861,19.385247962041202,0.0,15.433318878828299,2700,562.7277337572528,0.0
555,694.385,955.9910135691309,162.6934631332575,5.873760540456647,124830.05516982,2538.2646911436623,95.92657008457537,19.420923622882206,0.0,15.433345678914105,2700,562.7277337572528,0.0
556,694.39,956.0275878853597,163.29284031975777,5.893516710437406,124830.05516982,2538.2645568940743,95.92652347006467,19.45659994204665,0.0,15.433372528547093,2700,562.7277337572528,0.0
557,694.395,956.0639274325201,163.89333064741385,5.913303462753204,124830.05516982,2538.2644226444863,95.92647685555394,19.492276909571558,0.0,15.433399427728213,2700,562.7277337572528,0.0
558,694.4,956.1000321875283,164.49493400908045,5.933120784466333,124830.05516982,2538.2642883948984,95.92643024104322,19.527954515493533,0.0,15.433426376458398,2700,562.7277337572528,0.0
559,694.405,956.1359021275638,165.0976502963755,5.952968662622451,124830.05516982,2538.2641541453104,95.9263836265325,19.56363274984878,0.0,15.433453374738571,2700,562.7277337572528,0.0
560,694.41,956.1715372300675,165.70147939967978,5.972847084254501,124830.05516982,2538.264019895722,95.92633701202178,19.599311602673122,0.0,15.433480422569637,2700,562.7277337572528,0.0
561,694.415,956.2069374727436,166.30642120813758,5.992756036374964,124830.05516982,2538.2638856461344,95.92629039751105,19.634991064002005,0.0,15.433507519952494,2700,562.7277337572528,0.0
562,694.42,956.2421028335579,166.91247560965627,6.012695505984733,124830.05516982,2538.263751396546,95.92624378300034,19.670671123870502,0.0,15.433534666888017,2700,562.7277337572528,0.0
563,694.4250000000001,956.2770332907394,167.5196424909067,6.0326654800669415,124830.05516982,2538.2636171469585,95.92619716848962,19.706351772313337,0.0,15.433561863377072,2700,562.7277337572528,0.0
564,694.4300000000001,956.3117288227794,168.12792173732305,6.05266594558943,124830.05516982,2538.26348289737,95.9261505539789,19.742032999364884,0.0,15.433589109420515,2700,562.7277337572528,0.0
565,694.4350000000001,956.3461894084318,168.73731323310295,6.072696889502855,124830.05516982,2538.263348647782,95.92610393946818,19.777714795059175,0.0,15.433616405019183,2700,562.7277337572528,0.0
566,694.44,956.3804150267126,169.34781686120763,6.09275829874398,124830.05516982,2538.263214398194,95.92605732495745,19.813397149429935,0.0,15.433643750173902,2700,562.7277337572528,0.0
567,694.445,956.4144056569019,169.95943250336197,6.112850160232528,124830.05516982,2538.263080148606,95.92601071044675,19.84908005251055,0.0,15.433671144885476,2700,562.7277337572528,0.0
568,694.45,956.4481612785405,170.57216004005454,6.132972460872097,124830.05516982,2538.262945899018,95.92596409593602,19.88476349433413,0.0,15.433698589154707,2700,562.7277337572528,0.0
569,694.455,956.4816818714335,171.1859993505377,6.153125187550913,124830.05516982,2538.26281164943,95.9259174814253,19.92044746493346,0.0,15.433726082982378,2700,562.7277337572528,0.0
570,694.46,956.5149674156476,171.8009503128277,6.173308327139948,124830.05516982,2538.262677399842,95.9258708669146,19.95613195434107,0.0,15.433753626369256,2700,562.7277337572528,0.0
571,694.465,956.5480178915129,172.4170128037048,6.193521866494329,124830.05516982,2538.2625431502543,95.92582425240386,19.9918169525892,0.0,15.433781219316097,2700,562.7277337572528,0.0
572,694.47,956.5808332796221,173.0341866987133,6.213765792455196,124830.05516982,2538.262408900666,95.92577763789313,20.027502449709832,0.0,15.43380886182364,2700,562.7277337572528,0.0
573,694.475,956.6134135608311,173.6524718721616,6.23404009184327,124830.05516982,2538.2622746510783,95.92573102338243,20.063188435734702,0.0,15.433836553892617,2700,562.7277337572528,0.0
574,694.48,956.6457587162575,174.2718681971225,6.254344751466763,124830.05516982,2538.26214040149,95.9256844088717,20.098874900695293,0.0,15.433864295523739,2700,562.7277337572528,0.0
575,694.485,956.6778687272833,174.892375545433,6.274679758115726,124830.05516982,2538.262006151902,95.92563779436098,20.134561834622865,0.0,15.433892086717705,2700,562.7277337572528,0.0
576,694.49,956.7097435755522,175.51399378769472,6.295045098563219,124830.05516982,2538.261871902314,95.92559117985027,20.170249227548457,0.0,15.433919927475204,2700,562.7277337572528,0.0
577,694.495,956.7413832429711,176.1367227932737,6.315440759569576,124830.05516982,2538.261737652726,95.92554456533954,20.205937069502895,0.0,15.433947817796906,2700,562.7277337572528,0.0
578,694.5,956.7727877117103,176.76056243030072,6.335866727873202,124830.05516982,2538.261603403138,95.92549795082881,20.241625350516813,0.0,15.433975757683468,2700,562.7277337572528,0.0
579,694.505,956.8039569642024,177.38551256567143,6.356322990200296,124830.05516982,2538.26146915355,95.9254513363181,20.277314060620647,0.0,15.434003747135536,2700,562.7277337572528,0.0
580,694.51,956.8348909831439,178.01157306504635,6.376809533259098,124830.05516982,2538.261334903962,95.92540472180738,20.31300318984466,0.0,15.434031786153742,2700,562.7277337572528,0.0
581,694.515,956.8655897514927,178.63874379285093,6.397326343741337,124830.05516982,2538.261200654374,95.92535810729666,20.348692728218943,0.0,15.4340598747387,2700,562.7277337572528,0.0
582,694.52,956.8960532524719,179.2670246122759,6.41787340832086,124830.05516982,2538.2610664047857,95.92531149278595,20.384382665773433,0.0,15.434088012891015,2700,562.7277337572528,0.0
583,694.525,956.9262814695659,179.89641538527704,6.438450713657981,124830.05516982,2538.260932155198,95.92526487827521,20.420072992537918,0.0,15.434116200611275,2700,562.7277337572528,0.0
584,694.53,956.9562743865225,180.5269159725758,6.459058246392635,124830.05516982,2538.2607979056097,95.9252182637645,20.455763698542054,0.0,15.434144437900054,2700,562.7277337572528,0.0
585,694.535,956.9860319873536,181.15852623365902,6.479695993151574,124830.05516982,2538.2606636560217,95.92517164925378,20.491454773815363,0.0,15.434172724757916,2700,562.7277337572528,0.0
586,694.54,957.0155542563331,181.79124602677916,6.50036394054231,124830.05516982,2538.2605294064338,95.92512503474306,20.527146208387258,0.0,15.434201061185407,2700,562.7277337572528,0.0
587,694.545,957.0448411779987,182.4250752089546,6.521062075156472,124830.05516982,2538.260395156846,95.92507842023235,20.56283799228704,0.0,15.43422944718306,2700,562.7277337572528,0.0
588,694.5500000000001,957.0738927371506,183.06001363596943,6.541790383569255,124830.05516982,2538.260260907258,95.92503180572163,20.59853011554393,0.0,15.434257882751396,2700,562.7277337572528,0.0
589,694.5550000000001,957.1027089188531,183.69606116237406,6.562548852337647,124830.05516982,2538.26012665767,95.9249851912109,20.634222568187045,0.0,15.43428636789092,2700,562.7277337572528,0.0
590,694.5600000000001,957.1312897084326,184.33321764148496,6.583337468002669,124830.05516982,2538.259992408082,95.92493857670019,20.669915340245442,0.0,15.434314902602125,2700,562.7277337572528,0.0
591,694.565,957.1596350914799,184.97148292538495,6.604156217089798,124830.05516982,2538.259858158494,95.92489196218946,20.705608421748117,0.0,15.43434348688549,2700,562.7277337572528,0.0
592,694.57,957.187745053848,185.6108568649234,6.625005086104339,124830.05516982,2538.2597239089055,95.92484534767874,20.741301802724003,0.0,15.434372120741477,2700,562.7277337572528,0.0
593,694.575,957.2156195816539,186.2513393097165,6.645884061538371,124830.05516982,2538.259589659318,95.92479873316803,20.776995473202,0.0,15.434400804170538,2700,562.7277337572528,0.0
594,694.58,957.243258661277,186.89293010814697,6.666793129862978,124830.05516982,2538.2594554097295,95.92475211865731,20.81268942321097,0.0,15.434429537173111,2700,562.7277337572528,0.0
595,694.585,957.270662279361,187.5356291073646,6.687732277535178,124830.05516982,2538.259321160142,95.92470550414657,20.848383642779762,0.0,15.434458319749616,2700,562.7277337572528,0.0
596,694.59,957.2978304228121,188.17943615328653,6.708701490993876,124830.05516982,2538.2591869105536,95.92465888963586,20.884078121937204,0.0,15.434487151900463,2700,562.7277337572528,0.0
597,694.595,957.3247630788002,188.8243510905968,6.729700756661552,124830.05516982,2538.2590526609656,95.92461227512514,20.91977285071214,0.0,15.43451603362605,2700,562.7277337572528,0.0
598,694.6,957.3514602347582,189.47037376274724,6.750730060940701,124830.05516982,2538.2589184113776,95.92456566061442,20.9554678191334,0.0,15.434544964926754,2700,562.7277337572528,0.0
599,694.605,957.3779218783827,190.1175040119572,6.771789390221237,124830.05516982,2538.2587841617897,95.92451904610371,20.99116301722986,0.0,15.434573945802944,2700,562.7277337572528,0.0
600,694.61,957.4041479976336,190.76574167921376,6.7928787308726495,124830.05516982,2538.2586499122017,95.92447243159299,21.026858435030416,0.0,15.434602976254975,2700,562.7277337572528,0.0
601,694.615,957.4301385807339,191.41508660427215,6.813998069247341,124830.05516982,2538.2585156626137,95.92442581708227,21.06255406256401,0.0,15.434632056283187,2700,562.7277337572528,0.0
602,694.62,957.4558936161701,192.0655386256556,6.835147391680288,124830.05516982,2538.2583814130253,95.92437920257154,21.098249889859634,0.0,15.4346611858879,2700,562.7277337572528,0.0
603,694.625,957.4814130926918,192.71709758065575,6.85632668449205,124830.05516982,2538.2582471634378,95.92433258806082,21.13394590694634,0.0,15.434690365069436,2700,562.7277337572528,0.0
604,694.63,957.5066969993122,193.36976330533275,6.877535933981761,124830.05516982,2538.2581129138493,95.9242859735501,21.169642103853267,0.0,15.434719593828088,2700,562.7277337572528,0.0
605,694.635,957.5317453253085,194.0235356345155,6.898775126434751,124830.05516982,2538.257978664262,95.92423935903939,21.205338470609625,0.0,15.434748872164137,2700,562.7277337572528,0.0
606,694.64,957.5565580602201,194.6784144018016,6.920044248115374,124830.05516982,2538.2578444146734,95.92419274452867,21.24103499724472,0.0,15.43477820007786,2700,562.7277337572528,0.0
607,694.645,957.581135193851,195.3343994395581,6.941343285274006,124830.05516982,2538.2577101650854,95.92414613001795,21.276731673787975,0.0,15.434807577569508,2700,562.7277337572528,0.0
608,694.65,957.6054767162675,195.99149057892095,6.9626722241402375,124830.05516982,2538.2575759154975,95.92409951550722,21.312428490268918,0.0,15.434837004639329,2700,562.7277337572528,0.0
609,694.655,957.6295826177998,196.64968764979577,6.98403105092895,124830.05516982,2538.2574416659095,95.9240529009965,21.3481254367172,0.0,15.434866481287546,2700,562.7277337572528,0.0
610,694.66,957.6534528890422,197.30899048085791,7.0054197518364,124830.05516982,2538.2573074163215,95.92400628648579,21.383822503162627,0.0,15.43489600751438,2700,562.7277337572528,0.0
611,694.665,957.6770875208513,197.96939889955246,7.026838313040932,124830.05516982,2538.2571731667335,95.92395967197507,21.419519679635137,0.0,15.434925583320029,2700,562.7277337572528,0.0
612,694.67,957.7004865043477,198.6309127320947,7.048286720705161,124830.05516982,2538.257038917145,95.92391305746435,21.455216956164833,0.0,15.434955208704682,2700,562.7277337572528,0.0
613,694.6750000000001,957.7236498309155,199.29353180347016,7.0697649609699855,124830.05516982,2538.2569046675576,95.92386644295362,21.490914322781983,0.0,15.43498488366851,2700,562.7277337572528,0.0
614,694.6800000000001,957.7465774922024,199.95725593743492,7.091273019963185,124830.05516982,2538.256770417969,95.9238198284429,21.52661176951704,0.0,15.435014608211675,2700,562.7277337572528,0.0
615,694.6850000000001,957.7692694801184,200.62208495651575,7.112810883791834,124830.05516982,2538.2566361683816,95.92377321393218,21.562309286400634,0.0,15.435044382334324,2700,562.7277337572528,0.0
616,694.69,957.7917257868386,201.28801868201035,7.1343785385471765,124830.05516982,2538.256501918793,95.92372659942147,21.598006863463617,0.0,15.435074206036587,2700,562.7277337572528,0.0
617,694.695,957.8139464048006,201.9550569339877,7.155975970302801,124830.05516982,2538.2563676692052,95.92367998491075,21.63370449073703,0.0,15.435104079318583,2700,562.7277337572528,0.0
618,694.7,957.8359313267056,202.62319953128787,7.177603165111523,124830.05516982,2538.2562334196173,95.92363337040003,21.66940215825215,0.0,15.435134002180414,2700,562.7277337572528,0.0
619,694.705,957.8576805455183,203.2924462915229,7.199260109011684,124830.05516982,2538.2560991700293,95.9235867558893,21.705099856040484,0.0,15.435163974622172,2700,562.7277337572528,0.0
620,694.71,957.8791940544663,203.9627970310765,7.220946788023653,124830.05516982,2538.2559649204413,95.92354014137858,21.740797574133772,0.0,15.435193996643935,2700,562.7277337572528,0.0
621,694.715,957.900471847042,204.63425156510434,7.242663188148251,124830.05516982,2538.2558306708534,95.92349352686786,21.776495302564022,0.0,15.435224068245766,2700,562.7277337572528,0.0
622,694.72,957.9215139169999,205.30680970753468,7.264409295368219,124830.05516982,2538.255696421265,95.92344691235715,21.812193031363492,0.0,15.435254189427713,2700,562.7277337572528,0.0
623,694.725,957.9423202583583,205.98047127106804,7.286185095649675,124830.05516982,2538.2555621716774,95.92340029784643,21.847890750564726,0.0,15.43528436018981,2700,562.7277337572528,0.0
624,694.73,957.9628908653998,206.65523606717795,7.307990574942373,124830.05516982,2538.255427922089,95.9233536833357,21.883588450200545,0.0,15.435314580532081,2700,562.7277337572528,0.0
625,694.735,957.983225732669,207.33110390611074,7.329825719174266,124830.05516982,2538.2552936725015,95.92330706882498,21.91928612030407,0.0,15.435344850454529,2700,562.7277337572528,0.0
626,694.74,958.0033248549748,208.00807459688616,7.351690514259125,124830.05516982,2538.255159422913,95.92326045431426,21.95498375090872,0.0,15.435375169957153,2700,562.7277337572528,0.0
627,694.745,958.0231882273899,208.68614794729748,7.373584946090108,124830.05516982,2538.255025173325,95.92321383980355,21.990681332048247,0.0,15.435405539039929,2700,562.7277337572528,0.0
628,694.75,958.0428158452496,209.3653237639117,7.3955090005424315,124830.05516982,2538.254890923737,95.92316722529283,22.026378853756714,0.0,15.435435957702824,2700,562.7277337572528,0.0
629,694.755,958.062207704153,210.0456018520699,7.417462663476749,124830.05516982,2538.254756674149,95.9231206107821,22.06207630606853,0.0,15.43546642594579,2700,562.7277337572528,0.0
630,694.76,958.0813637999626,210.72698201588733,7.4394459207293435,124830.05516982,2538.254622424561,95.92307399627138,22.097773679018445,0.0,15.435496943768765,2700,562.7277337572528,0.0
631,694.765,958.1002841288042,211.4094640582538,7.46145875812584,124830.05516982,2538.254488174973,95.92302738176066,22.133470962641578,0.0,15.435527511171674,2700,562.7277337572528,0.0
632,694.77,958.1189686870673,212.09304778083413,7.483501161467628,124830.05516982,2538.254353925385,95.92298076724994,22.169168146973412,0.0,15.435558128154426,2700,562.7277337572528,0.0
633,694.775,958.1374174714043,212.77773298406797,7.505573116540979,124830.05516982,2538.2542196757972,95.92293415273923,22.204865222049815,0.0,15.43558879471692,2700,562.7277337572528,0.0
634,694.78,958.1556304787313,213.4635194671704,7.5276746091145395,124830.05516982,2538.254085426209,95.92288753822851,22.240562177907034,0.0,15.435619510859038,2700,562.7277337572528,0.0
635,694.785,958.1736077062278,214.1504070281322,7.549805624935055,124830.05516982,2538.2539511766213,95.92284092371779,22.276259004581725,0.0,15.435650276580649,2700,562.7277337572528,0.0
636,694.79,958.1913491513368,214.8383954637198,7.571966149737039,124830.05516982,2538.253816927033,95.92279430920708,22.31195569211096,0.0,15.435681091881607,2700,562.7277337572528,0.0
637,694.795,958.2088548117644,215.5274845694761,7.594156169230337,124830.05516982,2538.253682677445,95.92274769469634,22.347652230532226,0.0,15.435711956761756,2700,562.7277337572528,0.0
638,694.8000000000001,958.22612468548,216.2176741397202,7.616375669114056,124830.05516982,2538.253548427857,95.92270108018562,22.38334860988345,0.0,15.43574287122092,2700,562.7277337572528,0.0
639,694.8050000000001,958.2431587707164,216.908963967548,7.638624635059297,124830.05516982,2538.253414178269,95.92265446567491,22.419044820202988,0.0,15.435773835258916,2700,562.7277337572528,0.0
640,694.8100000000001,958.2599570659697,217.60135384483235,7.6609030527281865,124830.05516982,2538.253279928681,95.92260785116419,22.454740851529667,0.0,15.435804848875541,2700,562.7277337572528,0.0
641,694.815,958.2765195699998,218.29484356222366,7.683210907759004,124830.05516982,2538.253145679093,95.92256123665346,22.490436693902776,0.0,15.435835912070583,2700,562.7277337572528,0.0
642,694.82,958.2928462818289,218.98943290914957,7.705548185773727,124830.05516982,2538.253011429505,95.92251462214276,22.526132337362064,0.0,15.435867024843814,2700,562.7277337572528,0.0
643,694.825,958.3089372007435,219.68512167381581,7.7279148723762345,124830.05516982,2538.252877179917,95.92246800763202,22.561827771947783,0.0,15.435898187194992,2700,562.7277337572528,0.0
644,694.83,958.3247923262924,220.3819096432063,7.75031095315117,124830.05516982,2538.2527429303286,95.92242139312131,22.597522987700675,0.0,15.435929399123859,2700,562.7277337572528,0.0
645,694.835,958.3404116582886,221.07979660308334,7.772736413663608,124830.05516982,2538.252608680741,95.92237477861059,22.63321797466199,0.0,15.435960660630148,2700,562.7277337572528,0.0
646,694.84,958.3557951968079,221.77878233798808,7.7951912394639775,124830.05516982,2538.2524744311527,95.92232816409987,22.668912722873486,0.0,15.435991971713579,2700,562.7277337572528,0.0
647,694.845,958.3709429421892,222.47886663124072,7.817675416080333,124830.05516982,2538.252340181565,95.92228154958914,22.704607222377472,0.0,15.436023332373848,2700,562.7277337572528,0.0
648,694.85,958.3858548950349,223.18004926494092,7.840188929026951,124830.05516982,2538.2522059319767,95.92223493507844,22.740301463216774,0.0,15.436054742610649,2700,562.7277337572528,0.0
649,694.855,958.4005310562097,223.88233001996798,7.862731763793174,124830.05516982,2538.2520716823888,95.9221883205677,22.77599543543477,0.0,15.436086202423656,2700,562.7277337572528,0.0
650,694.86,958.4149714268432,224.5857086759812,7.8853039058544505,124830.05516982,2538.251937432801,95.92214170605699,22.811689129075408,0.0,15.436117711812532,2700,562.7277337572528,0.0
651,694.865,958.4291760083263,225.29018501142033,7.907905340668572,124830.05516982,2538.251803183213,95.92209509154627,22.8473825341832,0.0,15.436149270776921,2700,562.7277337572528,0.0
652,694.87,958.4431448023144,225.99575880350565,7.930536053670397,124830.05516982,2538.251668933625,95.92204847703555,22.883075640803234,0.0,15.43618087931646,2700,562.7277337572528,0.0
653,694.875,958.4568778107248,226.70242982823854,7.953196030281612,124830.05516982,2538.251534684037,95.92200186252484,22.918768438981203,0.0,15.436212537430768,2700,562.7277337572528,0.0
654,694.88,958.4703750357392,227.41019786040152,7.975885255899801,124830.05516982,2538.2514004344484,95.92195524801411,22.95446091876339,0.0,15.43624424511945,2700,562.7277337572528,0.0
655,694.885,958.4836364798012,228.11906267355891,7.998603715908875,124830.05516982,2538.251266184861,95.92190863350338,22.990153070196698,0.0,15.436276002382101,2700,562.7277337572528,0.0
656,694.89,958.4966621456185,228.82902404005694,8.021351395670854,124830.05516982,2538.2511319352725,95.92186201899267,23.025844883328645,0.0,15.436307809218299,2700,562.7277337572528,0.0
657,694.895,958.5094520361607,229.540081731024,8.04412828053296,124830.05516982,2538.250997685685,95.92181540448195,23.061536348207394,0.0,15.436339665627607,2700,562.7277337572528,0.0
658,694.9,958.5220061546614,230.2522355163713,8.066934355817045,124830.05516982,2538.2508634360966,95.92176878997122,23.097227454881743,0.0,15.436371571609579,2700,562.7277337572528,0.0
659,694.905,958.5343245046164,230.9654851647929,8.089769606834507,124830.05516982,2538.2507291865086,95.92172217546052,23.132918193401146,0.0,15.436403527163746,2700,562.7277337572528,0.0
660,694.91,958.5464070897851,231.6798304437663,8.112634018871518,124830.05516982,2538.2505949369206,95.9216755609498,23.16860855381573,0.0,15.436435532289638,2700,562.7277337572528,0.0
661,694.915,958.5582539141894,232.3952711195525,8.13552757719995,124830.05516982,2538.2504606873326,95.92162894643906,23.204298526176288,0.0,15.43646758698676,2700,562.7277337572528,0.0
662,694.92,958.569864982114,233.1118069571965,8.158450267070174,124830.05516982,2538.2503264377447,95.92158233192835,23.23998810053431,0.0,15.436499691254609,2700,562.7277337572528,0.0
663,694.9250000000001,958.5812402981069,233.82943772052792,8.181402073716157,124830.05516982,2538.2501921881567,95.92153571741763,23.275677266941972,0.0,15.436531845092668,2700,562.7277337572528,0.0
664,694.9300000000001,958.592379866979,234.54816317216074,8.204382982352067,124830.05516982,2538.2500579385683,95.9214891029069,23.31136601545217,0.0,15.436564048500403,2700,562.7277337572528,0.0
665,694.9350000000001,958.6032836938032,235.2679830734943,8.227392978171533,124830.05516982,2538.2499236889807,95.9214424883962,23.347054336118507,0.0,15.43659630147727,2700,562.7277337572528,0.0
666,694.94,958.6139517839159,235.98889718471304,8.250432046353094,124830.05516982,2538.2497894393923,95.92139587388547,23.382742218995322,0.0,15.436628604022706,2700,562.7277337572528,0.0
667,694.945,958.6243841429164,236.71090526478739,8.273500172053119,124830.05516982,2538.249655189805,95.92134925937475,23.418429654137693,0.0,15.436660956136143,2700,562.7277337572528,0.0
668,694.95,958.6345807766667,237.43400707147413,8.296597340413504,124830.05516982,2538.2495209402164,95.92130264486403,23.454116631601448,0.0,15.436693357816987,2700,562.7277337572528,0.0
669,694.955,958.6445416912902,238.15820236131597,8.31972353655297,124830.05516982,2538.2493866906284,95.9212560303533,23.489803141443172,0.0,15.436725809064642,2700,562.7277337572528,0.0
670,694.96,958.6542668931752,238.88349088964316,8.34287874557282,124830.05516982,2538.2492524410404,95.92120941584258,23.525489173720228,0.0,15.43675830987849,2700,562.7277337572528,0.0
671,694.965,958.6637563889706,239.60987241057282,8.366062952554865,124830.05516982,2538.2491181914525,95.92116280133187,23.56117471849075,0.0,15.436790860257904,2700,562.7277337572528,0.0
672,694.97,958.6730101855894,240.33734667700972,8.389276142567407,124830.05516982,2538.2489839418645,95.92111618682115,23.59685976581368,0.0,15.43682346020224,2700,562.7277337572528,0.0
673,694.975,958.6820282902062,241.06591344064677,8.412518300651957,124830.05516982,2538.2488496922765,95.92106957231043,23.63254430574875,0.0,15.436856109710842,2700,562.7277337572528,0.0
674,694.98,958.6908107102587,241.7955724519651,8.435789411835543,124830.05516982,2538.248715442688,95.9210229577997,23.668228328356502,0.0,15.436888808783042,2700,562.7277337572528,0.0
675,694.985,958.6993574534467,242.52632346023492,8.459089461128482,124830.05516982,2538.2485811931006,95.92097634328898,23.703911823698324,0.0,15.436921557418154,2700,562.7277337572528,0.0
676,694.99,958.7076685277333,243.2581662135153,8.482418433514338,124830.05516982,2538.248446943512,95.92092972877828,23.739594781836416,0.0,15.43695435561548,2700,562.7277337572528,0.0
677,694.995,958.715743941343,243.9911004586549,8.505776313966944,124830.05516982,2538.2483126939246,95.92088311426755,23.775277192833833,0.0,15.436987203374311,2700,562.7277337572528,0.0
678,695.0,958.7235837027628,244.72512594129248,8.529163087437832,124830.05516982,2538.248178444336,95.92083649975683,23.810959046754487,0.0,15.437020100693918,2700,562.7277337572528,0.0
679,695.005,958.7311878207433,245.46024240585714,8.552578738856496,124830.05516982,2538.248044194748,95.92078988524611,23.84664033366315,0.0,15.437053047573562,2700,562.7277337572528,0.0
680,695.01,958.7385563042963,246.1964495955685,8.57602325313617,124830.05516982,2538.2479099451602,95.92074327073539,23.88232104362548,0.0,15.43708604401249,2700,562.7277337572528,0.0
681,695.015,958.7456891626956,246.9337472524375,8.599496615172383,124830.05516982,2538.2477756955723,95.92069665622466,23.918001166708017,0.0,15.43711909000994,2700,562.7277337572528,0.0
682,695.02,958.7525864054787,247.67213511726655,8.622998809841055,124830.05516982,2538.2476414459843,95.92065004171396,23.953680692978196,0.0,15.437152185565127,2700,562.7277337572528,0.0
683,695.025,958.759248042444,248.41161292965012,8.646529821996085,124830.05516982,2538.2475071963963,95.92060342720323,23.989359612504366,0.0,15.437185330677258,2700,562.7277337572528,0.0
684,695.03,958.7656740836527,249.15218042797477,8.670089636477217,124830.05516982,2538.2473729468084,95.92055681269251,24.025037915355792,0.0,15.437218525345521,2700,562.7277337572528,0.0
685,695.035,958.7718645394281,249.89383734942015,8.693678238102995,124830.05516982,2538.2472386972204,95.92051019818179,24.060715591602676,0.0,15.437251769569098,2700,562.7277337572528,0.0
686,695.04,958.7778194203554,250.6365834299589,8.71729561167004,124830.05516982,2538.247104447632,95.92046358367107,24.096392631316146,0.0,15.437285063347154,2700,562.7277337572528,0.0
687,695.045,958.7835387372819,251.38041840435727,8.740941741961958,124830.05516982,2538.2469701980444,95.92041696916034,24.132069024568295,0.0,15.437318406678836,2700,562.7277337572528,0.0
688,695.0500000000001,958.7890225013173,252.12534200617566,8.76461661374076,124830.05516982,2538.246835948456,95.92037035464963,24.167744761432175,0.0,15.437351799563283,2700,562.7277337572528,0.0
689,695.0550000000001,958.794270723833,252.8713539677687,8.788320211745972,124830.05516982,2538.246701698868,95.92032374013891,24.203419831981797,0.0,15.437385241999618,2700,562.7277337572528,0.0
690,695.0600000000001,958.7992834164622,253.61845402028607,8.812052520702254,124830.05516982,2538.24656744928,95.92027712562819,24.23909422629217,0.0,15.437418733986949,2700,562.7277337572528,0.0
691,695.065,958.8040605911004,254.3666418936727,8.835813525315007,124830.05516982,2538.246433199692,95.92023051111747,24.274767934439293,0.0,15.437452275524372,2700,562.7277337572528,0.0
692,695.07,958.8086022599044,255.11591731666923,8.859603210271628,124830.05516982,2538.246298950104,95.92018389660674,24.31044094650016,0.0,15.437485866610968,2700,562.7277337572528,0.0
693,695.075,958.812908435293,255.86628001681242,8.883421560232533,124830.05516982,2538.246164700516,95.92013728209604,24.34611325255279,0.0,15.437519507245804,2700,562.7277337572528,0.0
694,695.08,958.8169791299476,256.6177297204357,8.907268559850877,124830.05516982,2538.246030450928,95.92009066758531,24.381784842676222,0.0,15.437553197427937,2700,562.7277337572528,0.0
695,695.085,958.8208143568102,257.37026615266967,8.931144193752251,124830.05516982,2538.24589620134,95.92004405307459,24.417455706950523,0.0,15.437586937156404,2700,562.7277337572528,0.0
696,695.09,958.8244141290847,258.123889037442,8.955048446545963,124830.05516982,2538.245761951752,95.91999743856388,24.453125835456824,0.0,15.43762072643023,2700,562.7277337572528,0.0
697,695.095,958.8277784602373,258.8785980974786,8.978981302824984,124830.05516982,2538.2456277021643,95.91995082405315,24.48879521827729,0.0,15.437654565248431,2700,562.7277337572528,0.0
698,695.1,958.8309073639949,259.63439305430376,9.002942747155842,124830.05516982,2538.245493452576,95.91990420954242,24.524463845495173,0.0,15.437688453610003,2700,562.7277337572528,0.0
699,695.105,958.8338008543468,260.3912736282405,9.02693276409428,124830.05516982,2538.2453592029883,95.91985759503171,24.56013170719479,0.0,15.437722391513931,2700,562.7277337572528,0.0
700,695.11,958.8364589455427,261.14923953841117,9.050951338172855,124830.05516982,2538.2452249534,95.91981098052099,24.595798793461555,0.0,15.43775637895919,2700,562.7277337572528,0.0
701,695.115,958.8388816520951,261.90829050273794,9.07499845390205,124830.05516982,2538.245090703812,95.91976436601027,24.631465094381966,0.0,15.437790415944734,2700,562.7277337572528,0.0
702,695.12,958.841068988777,262.6684262379428,9.099074095782042,124830.05516982,2538.244956454224,95.91971775149956,24.667130600043645,0.0,15.437824502469507,2700,562.7277337572528,0.0
703,695.125,958.8430209706227,263.4296464595488,9.123178248285882,124830.05516982,2538.244822204636,95.91967113698882,24.70279530053533,0.0,15.43785863853244,2700,562.7277337572528,0.0
704,695.13,958.844737612928,264.1919508818801,9.147310895867546,124830.05516982,2538.244687955048,95.9196245224781,24.73845918594688,0.0,15.43789282413245,2700,562.7277337572528,0.0
705,695.135,958.8462189312502,264.955339218062,9.171472022968954,124830.05516982,2538.24455370546,95.9195779079674,24.77412224636931,0.0,15.437927059268436,2700,562.7277337572528,0.0
706,695.14,958.8474649414075,265.71981118002253,9.195661614005125,124830.05516982,2538.2444194558716,95.91953129345667,24.80978447189477,0.0,15.437961343939287,2700,562.7277337572528,0.0
707,695.145,958.848475659479,266.4853664784917,9.21987965337662,124830.05516982,2538.244285206284,95.91948467894595,24.845445852616585,0.0,15.437995678143881,2700,562.7277337572528,0.0
708,695.15,958.8492511018055,267.2520048230028,9.24412612546233,124830.05516982,2538.2441509566956,95.91943806443524,24.881106378629248,0.0,15.438030061881078,2700,562.7277337572528,0.0
709,695.155,958.8497912849882,268.0197259218923,9.268401014624725,124830.05516982,2538.244016707108,95.9193914499245,24.916766040028428,0.0,15.438064495149725,2700,562.7277337572528,0.0
710,695.16,958.8500962258898,268.7885294823011,9.292704305204659,124830.05516982,2538.2438824575197,95.9193448354138,24.952424826911,0.0,15.438098977948655,2700,562.7277337572528,0.0
711,695.165,958.8501659416335,269.55841521017425,9.317035981523334,124830.05516982,2538.2437482079317,95.91929822090307,24.98808272937503,0.0,15.438133510276687,2700,562.7277337572528,0.0
712,695.17,958.8500004496036,270.32938281026173,9.34139602788649,124830.05516982,2538.2436139583438,95.91925160639235,25.023739737519808,0.0,15.438168092132628,2700,562.7277337572528,0.0
713,695.1750000000001,958.849599767445,271.10143198611905,9.365784428576614,124830.05516982,2538.243479708756,95.91920499188163,25.059395841445845,0.0,15.438202723515271,2700,562.7277337572528,0.0
714,695.1800000000001,958.848963913064,271.8745624401076,9.390201167860255,124830.05516982,2538.243345459168,95.91915837737092,25.095051031254886,0.0,15.438237404423393,2700,562.7277337572528,0.0
715,695.1850000000001,958.8480929046268,272.64877387339504,9.41464622998027,124830.05516982,2538.24321120958,95.91911176286018,25.13070529704992,0.0,15.438272134855762,2700,562.7277337572528,0.0
716,695.19,958.8469867605603,273.4240659859561,9.439119599165668,124830.05516982,2538.2430769599914,95.91906514834947,25.1663586289352,0.0,15.438306914811125,2700,562.7277337572528,0.0
717,695.195,958.8456454995522,274.20043847657286,9.463621259624487,124830.05516982,2538.242942710404,95.91901853383875,25.202011017016243,0.0,15.438341744288222,2700,562.7277337572528,0.0
718,695.2,958.8440691405513,274.97789104283555,9.488151195543503,124830.05516982,2538.2428084608155,95.91897191932803,25.237662451399842,0.0,15.438376623285773,2700,562.7277337572528,0.0
719,695.205,958.8422577027657,275.7564233811423,9.512709391089773,124830.05516982,2538.242674211228,95.91892530481732,25.273312922194073,0.0,15.438411551802492,2700,562.7277337572528,0.0
720,695.21,958.8402112056647,276.53603518670064,9.53729583041813,124830.05516982,2538.2425399616395,95.9188786903066,25.30896241950832,0.0,15.438446529837075,2700,562.7277337572528,0.0
721,695.215,958.8379296689776,277.3167261535273,9.561910497654578,124830.05516982,2538.2424057120515,95.91883207579586,25.344610933453268,0.0,15.4384815573882,2700,562.7277337572528,0.0
722,695.22,958.8354131126947,278.098495974449,9.586553376914262,124830.05516982,2538.2422714624636,95.91878546128515,25.380258454140932,0.0,15.438516634454539,2700,562.7277337572528,0.0
723,695.225,958.8326615570651,278.88134434110293,9.611224452287034,124830.05516982,2538.2421372128756,95.91873884677443,25.41590497168464,0.0,15.438551761034743,2700,562.7277337572528,0.0
724,695.23,958.8296750225992,279.6652709439372,9.635923707845892,124830.05516982,2538.2420029632876,95.91869223226371,25.451550476199074,0.0,15.438586937127459,2700,562.7277337572528,0.0
725,695.235,958.8264535300673,280.4502754722116,9.660651127644227,124830.05516982,2538.2418687136997,95.918645617753,25.48719495780027,0.0,15.438622162731312,2700,562.7277337572528,0.0
726,695.24,958.8229971004996,281.23635761399794,9.685406695717576,124830.05516982,2538.2417344641112,95.91859900324226,25.522838406605608,0.0,15.438657437844913,2700,562.7277337572528,0.0
727,695.245,958.819305755186,282.02351705618037,9.71019039608353,124830.05516982,2538.2416002145237,95.91855238873154,25.55848081273386,0.0,15.438692762466866,2700,562.7277337572528,0.0
728,695.25,958.8153795156767,282.8117534844562,9.735002212732233,124830.05516982,2538.2414659649353,95.91850577422083,25.594122166305162,0.0,15.438728136595753,2700,562.7277337572528,0.0
729,695.255,958.8112184037817,283.6010665833366,9.759842129646785,124830.05516982,2538.2413317153478,95.91845915971011,25.62976245744106,0.0,15.438763560230148,2700,562.7277337572528,0.0
730,695.26,958.8068224415704,284.3914560361466,9.78471013078067,124830.05516982,2538.2411974657593,95.91841254519939,25.66540167626449,0.0,15.438799033368612,2700,562.7277337572528,0.0
731,695.265,958.8021916513723,285.18292152502613,9.809606200074084,124830.05516982,2538.2410632161714,95.91836593068868,25.701039812899808,0.0,15.438834556009686,2700,562.7277337572528,0.0
732,695.27,958.7973260557761,285.97546273093013,9.834530321444836,124830.05516982,2538.2409289665834,95.91831931617794,25.736676857472798,0.0,15.438870128151905,2700,562.7277337572528,0.0
733,695.275,958.792225677631,286.76907933362963,9.859482478792987,124830.05516982,2538.2407947169954,95.91827270166723,25.772312800110665,0.0,15.438905749793784,2700,562.7277337572528,0.0
734,695.28,958.7868905400444,287.56377101171165,9.884462656001705,124830.05516982,2538.2406604674075,95.91822608715651,25.807947630942078,0.0,15.438941420933828,2700,562.7277337572528,0.0
735,695.285,958.7813206663841,288.3595374425804,9.909470836929799,124830.05516982,2538.2405262178195,95.91817947264579,25.843581340097145,0.0,15.438977141570527,2700,562.7277337572528,0.0
736,695.29,958.7755160802767,289.1563783024574,9.934507005419482,124830.05516982,2538.2403919682315,95.91813285813508,25.87921391770745,0.0,15.439012911702358,2700,562.7277337572528,0.0
737,695.295,958.7694768056085,289.9542932663821,9.959571145296355,124830.05516982,2538.2402577186435,95.91808624362436,25.914845353906053,0.0,15.439048731327782,2700,562.7277337572528,0.0
738,695.3000000000001,958.7632028665247,290.75328200821247,9.984663240358456,124830.05516982,2538.240123469055,95.91803962911362,25.9504756388275,0.0,15.439084600445248,2700,562.7277337572528,0.0
739,695.3050000000001,958.7566942874297,291.5533442006256,10.009783274396906,124830.05516982,2538.2399892194676,95.91799301460291,25.986104762607827,0.0,15.439120519053192,2700,562.7277337572528,0.0
740,695.3100000000001,958.7499510929873,292.3544795151184,10.034931231171539,124830.05516982,2538.239854969879,95.91794640009219,26.021732715384594,0.0,15.439156487150036,2700,562.7277337572528,0.0
741,695.315,958.7429733081199,293.15668762200784,10.060107094432848,124830.05516982,2538.239720720291,95.91789978558147,26.057359487296864,0.0,15.439192504734187,2700,562.7277337572528,0.0
742,695.32,958.7357609580088,293.9599681904317,10.08531084790422,124830.05516982,2538.239586470703,95.91785317107076,26.09298506848524,0.0,15.43922857180404,2700,562.7277337572528,0.0
743,695.325,958.7283140680945,294.76432088834923,10.110542475295276,124830.05516982,2538.2394522211152,95.91780655656004,26.128609449091858,0.0,15.439264688357975,2700,562.7277337572528,0.0
744,695.33,958.7206326640763,295.5697453825415,10.135801960290866,124830.05516982,2538.2393179715273,95.9177599420493,26.164232619260403,0.0,15.439300854394359,2700,562.7277337572528,0.0
745,695.335,958.7127167719117,296.37624133861215,10.161089286564318,124830.05516982,2538.2391837219393,95.91771332753859,26.199854569136125,0.0,15.439337069911547,2700,562.7277337572528,0.0
746,695.34,958.7045664178172,297.1838084209879,10.186404437760665,124830.05516982,2538.2390494723513,95.91766671302787,26.235475288865846,0.0,15.439373334907874,2700,562.7277337572528,0.0
747,695.345,958.6961816282678,297.9924462929192,10.21174739751511,124830.05516982,2538.2389152227634,95.91762009851715,26.271094768597962,0.0,15.439409649381666,2700,562.7277337572528,0.0
748,695.35,958.687562429997,298.80215461648083,10.237118149437071,124830.05516982,2538.238780973175,95.91757348400644,26.306712998482467,0.0,15.439446013331239,2700,562.7277337572528,0.0
749,695.355,958.6787088499966,299.6129330525721,10.262516677115642,124830.05516982,2538.2386467235874,95.91752686949572,26.342329968670953,0.0,15.43948242675489,2700,562.7277337572528,0.0
750,695.36,958.6696209155169,300.42478126091817,10.287942964126245,124830.05516982,2538.238512473999,95.917480254985,26.37794566931663,0.0,15.4395188896509,2700,562.7277337572528,0.0
751,695.365,958.6602986540662,301.2376989000699,10.313396994023792,124830.05516982,2538.2383782244115,95.91743364047427,26.41356009057432,0.0,15.439555402017547,2700,562.7277337572528,0.0
752,695.37,958.6507420934114,302.05168562740494,10.33887875034064,124830.05516982,2538.238243974823,95.91738702596355,26.449173222600493,0.0,15.439591963853083,2700,562.7277337572528,0.0
753,695.375,958.6409512615764,302.8667410991282,10.364388216591719,124830.05516982,2538.238109725235,95.91734041145284,26.48478505555325,0.0,15.43962857515575,2700,562.7277337572528,0.0
754,695.38,958.6309261868447,303.6828649702723,10.389925376272817,124830.05516982,2538.237975475647,95.91729379694212,26.520395579592353,0.0,15.439665235923782,2700,562.7277337572528,0.0
755,695.385,958.6206668977567,304.5000568946983,10.415490212861345,124830.05516982,2538.237841226059,95.9172471824314,26.55600478487923,0.0,15.439701946155395,2700,562.7277337572528,0.0
756,695.39,958.6101734231106,305.3183165250964,10.441082709812365,124830.05516982,2538.237706976471,95.91720056792067,26.591612661576978,0.0,15.43973870584879,2700,562.7277337572528,0.0
757,695.395,958.5994457919628,306.13764351298624,10.466702850566362,124830.05516982,2538.237572726883,95.91715395340995,26.627219199850384,0.0,15.439775515002156,2700,562.7277337572528,0.0
758,695.4,958.5884840336272,306.95803750871806,10.492350618540385,124830.05516982,2538.2374384772947,95.91710733889923,26.66282438986593,0.0,15.439812373613668,2700,562.7277337572528,0.0
759,695.405,958.577288177675,307.77949816147265,10.51802599713598,124830.05516982,2538.237304227707,95.91706072438852,26.698428221791797,0.0,15.43984928168149,2700,562.7277337572528,0.0
760,695.41,958.5658582539356,308.60202511926224,10.543728969732864,124830.05516982,2538.237169978119,95.9170141098778,26.734030685797897,0.0,15.439886239203766,2700,562.7277337572528,0.0
761,695.415,958.5541942924953,309.4256180289314,10.569459519691007,124830.05516982,2538.2370357285313,95.91696749536708,26.76963177205586,0.0,15.439923246178633,2700,562.7277337572528,0.0
762,695.42,958.5422963236972,310.25027653615734,10.595217630354869,124830.05516982,2538.236901478943,95.91692088085635,26.805231470739052,0.0,15.43996030260421,2700,562.7277337572528,0.0
763,695.4250000000001,958.5301643781434,311.0760002854507,10.621003285044143,124830.05516982,2538.236767229355,95.91687426634563,26.84082977202259,0.0,15.439997408478606,2700,562.7277337572528,0.0
764,695.4300000000001,958.5177984866912,311.90278892015573,10.646816467064179,124830.05516982,2538.236632979767,95.91682765183491,26.876426666083354,0.0,15.44003456379991,2700,562.7277337572528,0.0
765,695.4350000000001,958.5051986804564,312.7306420824518,10.672657159697065,124830.05516982,2538.236498730179,95.9167810373242,26.91202214309998,0.0,15.440071768566208,2700,562.7277337572528,0.0
766,695.44,958.492364990811,313.55955941335304,10.698525346211493,124830.05516982,2538.236364480591,95.91673442281348,26.94761619325289,0.0,15.44010902277556,2700,562.7277337572528,0.0
767,695.445,958.479297449384,314.38954055270983,10.724421009851046,124830.05516982,2538.236230231003,95.91668780830275,26.983208806724303,0.0,15.440146326426023,2700,562.7277337572528,0.0
768,695.45,958.4659960880621,315.2205851392088,10.750344133843127,124830.05516982,2538.2360959814146,95.91664119379203,27.018799973698222,0.0,15.440183679515634,2700,562.7277337572528,0.0
769,695.455,958.4524609389874,316.0526928103739,10.776294701394928,124830.05516982,2538.235961731827,95.91659457928131,27.054389684360476,0.0,15.440221082042417,2700,562.7277337572528,0.0
770,695.46,958.4386920345593,316.8858632025667,10.802272695694612,124830.05516982,2538.2358274822386,95.91654796477059,27.089977928898705,0.0,15.440258534004384,2700,562.7277337572528,0.0
771,695.465,958.4246894074337,317.72009595098746,10.828278099910507,124830.05516982,2538.235693232651,95.91650135025988,27.125564697502377,0.0,15.440296035399532,2700,562.7277337572528,0.0
772,695.47,958.4104530905233,318.5553906896752,10.854310897193855,124830.05516982,2538.2355589830627,95.91645473574916,27.161149980362808,0.0,15.440333586225847,2700,562.7277337572528,0.0
773,695.475,958.3959831169966,319.39174705150884,10.880371070677201,124830.05516982,2538.2354247334747,95.91640812123843,27.196733767673166,0.0,15.4403711864813,2700,562.7277337572528,0.0
774,695.48,958.3812795202786,320.2291646682078,10.906458603466548,124830.05516982,2538.2352904838867,95.91636150672771,27.232316049628476,0.0,15.440408836163845,2700,562.7277337572528,0.0
775,695.485,958.3663423340506,321.0676431703324,10.932573478658757,124830.05516982,2538.2351562342988,95.91631489221699,27.26789681642564,0.0,15.440446535271429,2700,562.7277337572528,0.0
776,695.49,958.35117159225,321.9071821872846,10.958715679327533,124830.05516982,2538.235021984711,95.91626827770628,27.303476058263435,0.0,15.440484283801979,2700,562.7277337572528,0.0
777,695.495,958.33576732907,322.74778134730894,10.984885188523897,124830.05516982,2538.234887735123,95.91622166319556,27.339053765342545,0.0,15.44052208175341,2700,562.7277337572528,0.0
778,695.5,958.3201295789597,323.5894402774929,11.011081989285628,124830.05516982,2538.2347534855344,95.91617504868483,27.37462992786554,0.0,15.440559929123628,2700,562.7277337572528,0.0
779,695.505,958.304258376624,324.43215860376745,11.037306064625895,124830.05516982,2538.234619235947,95.91612843417411,27.41020453603692,0.0,15.440597825910519,2700,562.7277337572528,0.0
780,695.51,958.2881537570242,325.27593595090815,11.063557397540984,124830.05516982,2538.2344849863584,95.91608181966339,27.44577758006309,0.0,15.440635772111959,2700,562.7277337572528,0.0
781,695.515,958.2718157553765,326.12077194253567,11.089835971012956,124830.05516982,2538.234350736771,95.91603520515267,27.48134905015241,0.0,15.440673767725809,2700,562.7277337572528,0.0
782,695.52,958.2552444071522,326.966666201116,11.11614176799579,124830.05516982,2538.2342164871825,95.91598859064196,27.516918936515168,0.0,15.440711812749917,2700,562.7277337572528,0.0
783,695.525,958.2384397480793,327.813618347962,11.14247477143068,124830.05516982,2538.2340822375945,95.91594197613124,27.552487229363617,0.0,15.44074990718212,2700,562.7277337572528,0.0
784,695.53,958.2214018141399,328.66162800323326,11.168834964234753,124830.05516982,2538.2339479880065,95.91589536162051,27.58805391891197,0.0,15.440788051020235,2700,562.7277337572528,0.0
785,695.535,958.2041306415722,329.51069478593723,11.195222329314486,124830.05516982,2538.2338137384186,95.9158487471098,27.623618995376418,0.0,15.440826244262071,2700,562.7277337572528,0.0
786,695.54,958.1866262668691,330.36081831392994,11.221636849547018,124830.05516982,2538.2336794888306,95.91580213259907,27.65918244897514,0.0,15.440864486905422,2700,562.7277337572528,0.0
787,695.545,958.1688887267786,331.21199820391604,11.248078507796954,124830.05516982,2538.2335452392426,95.91575551808835,27.694744269928304,0.0,15.440902778948068,2700,562.7277337572528,0.0
788,695.5500000000001,958.150918058304,332.0642340714507,11.274547286907861,124830.05516982,2538.2334109896547,95.91570890357764,27.730304448458092,0.0,15.440941120387773,2700,562.7277337572528,0.0
789,695.5550000000001,958.1327142987024,332.91752553093903,11.30104316970331,124830.05516982,2538.2332767400667,95.91566228906692,27.7658629747887,0.0,15.440979511222293,2700,562.7277337572528,0.0
790,695.5600000000001,958.1142774854869,333.7718721956375,11.327566138990479,124830.05516982,2538.2331424904783,95.9156156745562,27.801419839146345,0.0,15.441017951449366,2700,562.7277337572528,0.0
791,695.565,958.0956076564242,334.6272736776547,11.354116177554104,124830.05516982,2538.2330082408907,95.91556906004548,27.836975031759295,0.0,15.441056441066719,2700,562.7277337572528,0.0
792,695.57,958.0767048495368,335.48372958795153,11.380693268162933,124830.05516982,2538.2328739913023,95.91552244553475,27.87252854285785,0.0,15.44109498007206,2700,562.7277337572528,0.0
793,695.575,958.0575691030999,336.34123953634224,11.407297393563873,124830.05516982,2538.232739741715,95.91547583102404,27.908080362674383,0.0,15.44113356846309,2700,562.7277337572528,0.0
794,695.58,958.0382004556445,337.1998031314952,11.433928536488764,124830.05516982,2538.2326054921264,95.91542921651332,27.943630481443318,0.0,15.441172206237496,2700,562.7277337572528,0.0
795,695.585,958.018598945955,338.0594199809332,11.460586679644274,124830.05516982,2538.2324712425384,95.9153826020026,27.979178889401176,0.0,15.441210893392947,2700,562.7277337572528,0.0
796,695.59,957.9987646130702,338.920089691035,11.487271805723964,124830.05516982,2538.2323369929504,95.91533598749187,28.014725576786557,0.0,15.4412496299271,2700,562.7277337572528,0.0
797,695.595,957.9786974962831,339.78181186703495,11.513983897396914,124830.05516982,2538.2322027433624,95.91528937298116,28.050270533840152,0.0,15.441288415837601,2700,562.7277337572528,0.0
798,695.6,957.95839763514,340.6445861130246,11.540722937321085,124830.05516982,2538.2320684937745,95.91524275847043,28.08581375080478,0.0,15.44132725112208,2700,562.7277337572528,0.0
799,695.605,957.9378650694416,341.5084120319528,11.567488908125966,124830.05516982,2538.2319342441865,95.91519614395972,28.12135521792536,0.0,15.441366135778154,2700,562.7277337572528,0.0
800,695.61,957.917099839242,342.3732892256269,11.594281792430612,124830.05516982,2538.231799994598,95.915149529449,28.156894925448956,0.0,15.441405069803427,2700,562.7277337572528,0.0
801,695.615,957.8961019848488,343.23921729471317,11.62110157282639,124830.05516982,2538.2316657450106,95.91510291493827,28.19243286362477,0.0,15.441444053195488,2700,562.7277337572528,0.0
802,695.62,957.8748715468237,344.1061958387376,11.647948231893514,124830.05516982,2538.231531495422,95.91505630042757,28.227969022704144,0.0,15.441483085951914,2700,562.7277337572528,0.0
803,695.625,957.8534085659808,344.97422445608686,11.67482175219008,124830.05516982,2538.2313972458346,95.91500968591684,28.26350339294059,0.0,15.441522168070268,2700,562.7277337572528,0.0
804,695.63,957.8317130833883,345.8433027440084,11.701722116255821,124830.05516982,2538.231262996246,95.9149630714061,28.29903596458978,0.0,15.441561299548098,2700,562.7277337572528,0.0
805,695.635,957.8097851403668,346.713430298612,11.728649306605789,124830.05516982,2538.231128746658,95.9149164568954,28.334566727909582,0.0,15.441600480382943,2700,562.7277337572528,0.0
806,695.64,957.7876247784908,347.58460671487,11.755603305745488,124830.05516982,2538.2309944970702,95.91486984238468,28.370095673160048,0.0,15.441639710572321,2700,562.7277337572528,0.0
807,695.645,957.7652320395867,348.4568315866179,11.782584096158617,124830.05516982,2538.2308602474823,95.91482322787395,28.405622790603427,0.0,15.441678990113745,2700,562.7277337572528,0.0
808,695.65,957.7426069657348,349.33010450655587,11.809591660304315,124830.05516982,2538.2307259978943,95.91477661336324,28.441148070504184,0.0,15.441718319004709,2700,562.7277337572528,0.0
809,695.655,957.7197495992674,350.20442506624835,11.836625980630915,124830.05516982,2538.2305917483063,95.91472999885252,28.47667150312901,0.0,15.441757697242693,2700,562.7277337572528,0.0
810,695.66,957.6966599827696,351.07979285612583,11.863687039558444,124830.05516982,2538.230457498718,95.9146833843418,28.512193078746815,0.0,15.441797124825166,2700,562.7277337572528,0.0
811,695.665,957.6733381590788,351.9562074654852,11.890774819497851,124830.05516982,2538.2303232491304,95.91463676983108,28.547712787628765,0.0,15.441836601749584,2700,562.7277337572528,0.0
812,695.67,957.649784171285,352.8336684824903,11.917889302834585,124830.05516982,2538.230188999542,95.91459015532035,28.583230620048273,0.0,15.441876128013385,2700,562.7277337572528,0.0
813,695.6750000000001,957.6259980627306,353.7121754941729,11.945030471937478,124830.05516982,2538.2300547499544,95.91454354080963,28.618746566281015,0.0,15.441915703613999,2700,562.7277337572528,0.0
814,695.6800000000001,957.6019798770094,354.59172808643365,11.972198309158523,124830.05516982,2538.229920500366,95.91449692629892,28.654260616604937,0.0,15.44195532854884,2700,562.7277337572528,0.0
815,695.6850000000001,957.5777296579682,355.4723258440422,11.999392796826909,124830.05516982,2538.229786250778,95.9144503117882,28.68977276130027,0.0,15.441995002815307,2700,562.7277337572528,0.0
816,695.69,957.5532474497052,356.35396835063875,12.026613917253638,124830.05516982,2538.22965200119,95.91440369727748,28.72528299064954,0.0,15.442034726410789,2700,562.7277337572528,0.0
817,695.695,957.5285332965702,357.2366551887342,12.05386165273362,124830.05516982,2538.229517751602,95.91435708276676,28.760791294937572,0.0,15.44207449933266,2700,562.7277337572528,0.0
818,695.7,957.5035872431649,358.1203859397112,12.081135985540076,124830.05516982,2538.229383502014,95.91431046825603,28.79629766445151,0.0,15.442114321578279,2700,562.7277337572528,0.0
819,695.705,957.4784093343429,359.00516018382496,12.10843689793034,124830.05516982,2538.229249252426,95.91426385374533,28.831802089480824,0.0,15.442154193144988,2700,562.7277337572528,0.0
820,695.71,957.4529996152086,359.890977500204,12.135764372136453,124830.05516982,2538.2291150028377,95.9142172392346,28.867304560317304,0.0,15.442194114030128,2700,562.7277337572528,0.0
821,695.715,957.4273581311181,360.7778374668506,12.163118390380736,124830.05516982,2538.22898075325,95.91417062472388,28.9028050672551,0.0,15.442234084231014,2700,562.7277337572528,0.0
822,695.72,957.4014849276784,361.6657396606421,12.19049893485909,124830.05516982,2538.2288465036618,95.91412401021316,28.9383036005907,0.0,15.442274103744953,2700,562.7277337572528,0.0
823,695.725,957.3753800507479,362.55468365733105,12.217905987755996,124830.05516982,2538.2287122540743,95.91407739570244,28.97380015062297,0.0,15.442314172569237,2700,562.7277337572528,0.0
824,695.73,957.3490435464364,363.44466903154694,12.245339531228144,124830.05516982,2538.228578004486,95.91403078119171,29.00929470765315,0.0,15.442354290701147,2700,562.7277337572528,0.0
825,695.735,957.3224754611032,364.33569535679584,12.272799547420961,124830.05516982,2538.228443754898,95.913984166681,29.044787261984858,0.0,15.442394458137946,2700,562.7277337572528,0.0
826,695.74,957.2956758413596,365.227762205462,12.30028601845913,124830.05516982,2538.22830950531,95.91393755217028,29.080277803924105,0.0,15.442434674876887,2700,562.7277337572528,0.0
827,695.745,957.2686447340669,366.1208691488083,12.327798926442632,124830.05516982,2538.228175255722,95.91389093765956,29.11576632377931,0.0,15.442474940915208,2700,562.7277337572528,0.0
828,695.75,957.2413821863368,367.0150157569773,12.355338253466073,124830.05516982,2538.228041006134,95.91384432314884,29.151252811861315,0.0,15.442515256250136,2700,562.7277337572528,0.0
829,695.755,957.2138882455318,367.91020159899165,12.382903981588951,124830.05516982,2538.227906756546,95.91379770863811,29.186737258483372,0.0,15.442555620878881,2700,562.7277337572528,0.0
830,695.76,957.1861629592643,368.8064262427553,12.41049609286474,124830.05516982,2538.2277725069575,95.91375109412739,29.222219653961183,0.0,15.442596034798646,2700,562.7277337572528,0.0
831,695.765,957.1582063753965,369.7036892550539,12.438114569323975,124830.05516982,2538.22763825737,95.91370447961668,29.25769998861288,0.0,15.442636498006609,2700,562.7277337572528,0.0
832,695.77,957.1300185420413,370.6019902015559,12.465759392975984,124830.05516982,2538.2275040077816,95.91365786510596,29.293178252759066,0.0,15.442677010499944,2700,562.7277337572528,0.0
833,695.775,957.1015995075614,371.5013286468133,12.493430545813904,124830.05516982,2538.227369758194,95.91361125059524,29.3286544367228,0.0,15.44271757227581,2700,562.7277337572528,0.0
834,695.78,957.0729493205683,372.4017041542623,12.521128009813857,124830.05516982,2538.2272355086056,95.91356463608452,29.364128530829618,0.0,15.442758183331353,2700,562.7277337572528,0.0
835,695.785,957.0440680299241,373.30311628622434,12.548851766930436,124830.05516982,2538.2271012590177,95.9135180215738,29.399600525407543,0.0,15.4427988436637,2700,562.7277337572528,0.0
836,695.79,957.01495568474,374.2055646039067,12.576601799099338,124830.05516982,2538.2269670094297,95.91347140706307,29.43507041078709,0.0,15.44283955326997,2700,562.7277337572528,0.0
837,695.795,956.9856123343765,375.10904866740344,12.604378088239873,124830.05516982,2538.2268327598417,95.91342479255236,29.47053817730129,0.0,15.442880312147269,2700,562.7277337572528,0.0
838,695.8000000000001,956.9560380284429,376.01356803569615,12.632180616250672,124830.05516982,2538.2266985102538,95.91337817804164,29.506003815285673,0.0,15.442921120292684,2700,562.7277337572528,0.0
839,695.8050000000001,956.9262328167989,376.9191222666548,12.660009365014055,124830.05516982,2538.226564260666,95.91333156353092,29.54146731507831,0.0,15.442961977703296,2700,562.7277337572528,0.0
840,695.8100000000001,956.8961967495519,377.82571091703875,12.687864316390803,124830.05516982,2538.226430011078,95.9132849490202,29.576928667019803,0.0,15.443002884376169,2700,562.7277337572528,0.0
841,695.815,956.8659298770584,378.733333542497,12.71574545222885,124830.05516982,2538.22629576149,95.91323833450947,29.6123878614533,0.0,15.443043840308349,2700,562.7277337572528,0.0
842,695.82,956.8354322499242,379.6419896975699,12.743652754345826,124830.05516982,2538.2261615119014,95.91319171999876,29.647844888724507,0.0,15.443084845496877,2700,562.7277337572528,0.0
843,695.825,956.8047039190028,380.5516789356891,12.771586204556215,124830.05516982,2538.226027262314,95.91314510548804,29.68329973918169,0.0,15.443125899938774,2700,562.7277337572528,0.0
844,695.83,956.7737449353966,381.46240080917886,12.799545784645423,124830.05516982,2538.2258930127255,95.91309849097732,29.718752403175696,0.0,15.443167003631054,2700,562.7277337572528,0.0
845,695.835,956.7425553504565,382.3741548692569,12.827531476381223,124830.05516982,2538.225758763138,95.91305187646661,29.75420287105996,0.0,15.44320815657071,2700,562.7277337572528,0.0
846,695.84,956.7111352157814,383.2869406660349,12.855543261513844,124830.05516982,2538.2256245135495,95.91300526195587,29.78965113319051,0.0,15.443249358754727,2700,562.7277337572528,0.0
847,695.845,956.6794845832179,384.2007577485197,12.883581121780434,124830.05516982,2538.2254902639615,95.91295864744515,29.825097179925976,0.0,15.443290610180075,2700,562.7277337572528,0.0
848,695.85,956.6476035048609,385.11560566461424,12.91164503889365,124830.05516982,2538.2253560143736,95.91291203293444,29.86054100162762,0.0,15.443331910843709,2700,562.7277337572528,0.0
849,695.855,956.615492033053,386.0314839611178,12.939734994545075,124830.05516982,2538.2252217647856,95.91286541842372,29.89598258865931,0.0,15.443373260742574,2700,562.7277337572528,0.0
850,695.86,956.5831502203846,386.94839218372715,12.967850970415109,124830.05516982,2538.2250875151976,95.912818803913,29.93142193138757,0.0,15.443414659873598,2700,562.7277337572528,0.0
851,695.865,956.5505781196932,387.8663298770379,12.995992948162769,124830.05516982,2538.2249532656097,95.91277218940229,29.96685902018155,0.0,15.443456108233699,2700,562.7277337572528,0.0
852,695.87,956.5177757840642,388.7852965845447,13.024160909427152,124830.05516982,2538.2248190160212,95.91272557489155,30.00229384541307,0.0,15.44349760581978,2700,562.7277337572528,0.0
853,695.875,956.4847432668296,389.70529184864205,13.052354835832007,124830.05516982,2538.2246847664337,95.91267896038083,30.037726397456616,0.0,15.44353915262873,2700,562.7277337572528,0.0
854,695.88,956.4514806215685,390.62631521062576,13.080574708977801,124830.05516982,2538.2245505168453,95.91263234587012,30.073156666689346,0.0,15.443580748657427,2700,562.7277337572528,0.0
855,695.885,956.4179879021084,391.5483662106934,13.108820510450307,124830.05516982,2538.2244162672578,95.9125857313594,30.10858464349111,0.0,15.443622393902729,2700,562.7277337572528,0.0
856,695.89,956.3842651625215,392.47144438794527,13.137092221817294,124830.05516982,2538.2242820176693,95.91253911684868,30.144010318244444,0.0,15.443664088361489,2700,562.7277337572528,0.0
857,695.895,956.3503124571281,393.3955492803848,13.165389824627436,124830.05516982,2538.2241477680814,95.91249250233797,30.179433681334594,0.0,15.443705832030544,2700,562.7277337572528,0.0
858,695.9,956.3161298404945,394.32068042492017,13.193713300408128,124830.05516982,2538.2240135184934,95.91244588782723,30.21485472314953,0.0,15.443747624906715,2700,562.7277337572528,0.0
859,695.905,956.2817173674335,395.246837357365,13.222062630673017,124830.05516982,2538.2238792689054,95.91239927331652,30.25027343407994,0.0,15.443789466986813,2700,562.7277337572528,0.0
860,695.91,956.2470750930048,396.17401961243877,13.250437796911621,124830.05516982,2538.2237450193174,95.9123526588058,30.285689804519254,0.0,15.44383135826763,2700,562.7277337572528,0.0
861,695.915,956.2122030725128,397.102226723768,13.27883878060684,124830.05516982,2538.2236107697295,95.91230604429508,30.321103824863645,0.0,15.443873298745952,2700,562.7277337572528,0.0
862,695.92,956.1771013615095,398.03145822388734,13.307265563208196,124830.05516982,2538.223476520141,95.91225942978437,30.356515485512034,0.0,15.443915288418548,2700,562.7277337572528,0.0
863,695.9250000000001,956.141770015791,398.96171364423975,13.335718126154749,124830.05516982,2538.2233422705535,95.91221281527365,30.391924776866126,0.0,15.443957327282176,2700,562.7277337572528,0.0
864,695.9300000000001,956.1062090914011,399.89299251517843,13.36419645087043,124830.05516982,2538.223208020965,95.91216620076291,30.427331689330384,0.0,15.443999415333574,2700,562.7277337572528,0.0
865,695.9350000000001,956.0704186446275,400.8252943659666,13.392700518750921,124830.05516982,2538.2230737713776,95.9121195862522,30.462736213312066,0.0,15.444041552569475,2700,562.7277337572528,0.0
866,695.94,956.0343987320041,401.7586187247793,13.42123031118424,124830.05516982,2538.222939521789,95.91207297174148,30.498138339221224,0.0,15.444083738986594,2700,562.7277337572528,0.0
867,695.945,955.9981494103099,402.69296511870357,13.449785809536268,124830.05516982,2538.222805272201,95.91202635723076,30.533538057470718,0.0,15.444125974581631,2700,562.7277337572528,0.0
868,695.95,955.9616707365691,403.6283330737397,13.478366995153658,124830.05516982,2538.222671022613,95.91197974272005,30.568935358476217,0.0,15.444168259351281,2700,562.7277337572528,0.0
869,695.955,955.9249627680507,404.5647221148023,13.50697384936016,124830.05516982,2538.2225367730252,95.91193312820933,30.60433023265622,0.0,15.444210593292215,2700,562.7277337572528,0.0
870,695.96,955.8880255622687,405.50213176572055,13.535606353470762,124830.05516982,2538.2224025234373,95.91188651369859,30.639722670432064,0.0,15.4442529764011,2700,562.7277337572528,0.0
871,695.965,955.8508591769819,406.44056154924,13.564264488781788,124830.05516982,2538.2222682738493,95.91183989918788,30.675112662227924,0.0,15.444295408674579,2700,562.7277337572528,0.0
872,695.97,955.8134636701931,407.3800109870226,13.592948236563227,124830.05516982,2538.222134024261,95.91179328467716,30.71050019847084,0.0,15.444337890109294,2700,562.7277337572528,0.0
873,695.975,955.7758391001504,408.32047959964797,13.621657578067769,124830.05516982,2538.2219997746733,95.91174667016644,30.745885269590705,0.0,15.444380420701865,2700,562.7277337572528,0.0
874,695.98,955.7379855253455,409.2619669066147,13.650392494541476,124830.05516982,2538.221865525085,95.91170005565573,30.781267866020293,0.0,15.444423000448904,2700,562.7277337572528,0.0
875,695.985,955.6999030045141,410.2044724263404,13.679152967200503,124830.05516982,2538.2217312754974,95.911653441145,30.816647978195263,0.0,15.444465629347004,2700,562.7277337572528,0.0
876,695.99,955.6615915966361,411.1479956761633,13.707938977248267,124830.05516982,2538.221597025909,95.91160682663428,30.85202559655417,0.0,15.444508307392748,2700,562.7277337572528,0.0
877,695.995,955.6230513609354,412.0925361723429,13.736750505866825,124830.05516982,2538.221462776321,95.91156021212356,30.887400711538472,0.0,15.444551034582709,2700,562.7277337572528,0.0
878,696.0,955.5842823568795,413.03809343006105,13.765587534222464,124830.05516982,2538.221328526733,95.91151359761284,30.922773313592533,0.0,15.444593810913439,2700,562.7277337572528,0.0
879,696.005,955.5452846441791,413.9846669634224,13.794450043462891,124830.05516982,2538.221194277145,95.91146698310212,30.958143393163652,0.0,15.444636636381484,2700,562.7277337572528,0.0
880,696.01,955.506058282788,414.932256285456,13.8233380147173,124830.05516982,2538.221060027557,95.91142036859141,30.993510940702063,0.0,15.444679510983374,2700,562.7277337572528,0.0
881,696.015,955.4666033329042,415.88086090811566,13.852251429098903,124830.05516982,2538.220925777969,95.91137375408069,31.028875946660932,0.0,15.444722434715622,2700,562.7277337572528,0.0
882,696.02,955.4269198549679,416.83048034228113,13.88119026770522,124830.05516982,2538.220791528381,95.91132713956996,31.064238401496393,0.0,15.444765407574733,2700,562.7277337572528,0.0
883,696.025,955.3870079096625,417.78111409775903,13.910154511606116,124830.05516982,2538.220657278793,95.91128052505924,31.099598295667526,0.0,15.444808429557199,2700,562.7277337572528,0.0
884,696.03,955.3468675579143,418.7327616832835,13.939144141862679,124830.05516982,2538.2205230292047,95.91123391054852,31.134955619636408,0.0,15.444851500659494,2700,562.7277337572528,0.0
885,696.035,955.3064988608918,419.6854226065179,13.968159139512606,124830.05516982,2538.220388779617,95.91118729603781,31.170310363868072,0.0,15.444894620878081,2700,562.7277337572528,0.0
886,696.04,955.265901880006,420.63909637405465,13.997199485579982,124830.05516982,2538.220254530029,95.91114068152709,31.20566251883056,0.0,15.444937790209414,2700,562.7277337572528,0.0
887,696.045,955.2250766769108,421.5937824914168,14.026265161070137,124830.05516982,2538.220120280441,95.91109406701636,31.241012074994917,0.0,15.444981008649926,2700,562.7277337572528,0.0
888,696.0500000000001,955.1840233135015,422.54948046305907,14.055356146968126,124830.05516982,2538.219986030853,95.91104745250564,31.276359022835194,0.0,15.445024276196042,2700,562.7277337572528,0.0
889,696.0550000000001,955.1427418519154,423.5061897923684,14.084472424241095,124830.05516982,2538.219851781265,95.91100083799492,31.311703352828463,0.0,15.445067592844172,2700,562.7277337572528,0.0
890,696.0600000000001,955.1012323545324,424.46390998166504,14.11361397384162,124830.05516982,2538.219717531677,95.9109542234842,31.34704505545484,0.0,15.445110958590714,2700,562.7277337572528,0.0
891,696.065,955.059494883973,425.4226405322039,14.142780776700205,124830.05516982,2538.219583282089,95.91090760897349,31.382384121197465,0.0,15.445154373432052,2700,562.7277337572528,0.0
892,696.07,955.0175295031003,426.3823809441748,14.171972813737364,124830.05516982,2538.219449032501,95.91086099446277,31.417720540542543,0.0,15.445197837364555,2700,562.7277337572528,0.0
893,696.075,954.9753362750173,427.343130716704,14.201190065843026,124830.05516982,2538.219314782913,95.91081437995204,31.453054303979332,0.0,15.445241350384583,2700,562.7277337572528,0.0
894,696.08,954.9329152630698,428.30488934785444,14.23043251389864,124830.05516982,2538.2191805333246,95.91076776544132,31.48838540200017,0.0,15.445284912488479,2700,562.7277337572528,0.0
895,696.085,954.8902665308437,429.2676563346276,14.259700138770134,124830.05516982,2538.219046283737,95.9107211509306,31.52371382510046,0.0,15.445328523672574,2700,562.7277337572528,0.0
896,696.09,954.8473901421661,430.2314311729637,14.2889929212983,124830.05516982,2538.2189120341486,95.91067453641988,31.55903956377871,0.0,15.445372183933184,2700,562.7277337572528,0.0
897,696.095,954.8042861611046,431.19621335774326,14.318310842307385,124830.05516982,2538.218777784561,95.91062792190917,31.594362608536525,0.0,15.445415893266619,2700,562.7277337572528,0.0
898,696.1,954.7609546519672,432.1620023827875,14.347653882610444,124830.05516982,2538.2186435349727,95.91058130739845,31.62968294987862,0.0,15.445459651669164,2700,562.7277337572528,0.0
899,696.105,954.7173956793029,433.12879774086,14.377022022992241,124830.05516982,2538.2185092853847,95.91053469288772,31.665000578312824,0.0,15.4455034591371,2700,562.7277337572528,0.0
900,696.11,954.6736093079002,434.09659892366653,14.406415244232162,124830.05516982,2538.2183750357967,95.910488078377,31.700315484350096,0.0,15.445547315666694,2700,562.7277337572528,0.0
901,696.115,954.6295956027883,435.0654054218573,14.435833527084254,124830.05516982,2538.2182407862088,95.91044146386628,31.73562765850454,0.0,15.445591221254196,2700,562.7277337572528,0.0
902,696.12,954.5853546292361,436.03521672502694,14.46527685228518,124830.05516982,2538.218106536621,95.91039484935557,31.770937091293405,0.0,15.445635175895845,2700,562.7277337572528,0.0
903,696.125,954.5408864527517,437.00603232171636,14.494745200554627,124830.05516982,2538.217972287033,95.91034823484485,31.806243773237096,0.0,15.445679179587865,2700,562.7277337572528,0.0
904,696.13,954.4961911390839,437.97785169941267,14.524238552595222,124830.05516982,2538.2178380374444,95.91030162033412,31.841547694859184,0.0,15.445723232326472,2700,562.7277337572528,0.0
905,696.135,954.4512687542201,438.95067434455103,14.553756889092595,124830.05516982,2538.217703787857,95.9102550058234,31.876848846686432,0.0,15.44576733410786,2700,562.7277337572528,0.0
906,696.14,954.4061193643868,439.92449974251537,14.583300190715823,124830.05516982,2538.2175695382684,95.91020839131268,31.91214721924877,0.0,15.44581148492822,2700,562.7277337572528,0.0
907,696.145,954.3607430360504,440.899327377639,14.612868438114912,124830.05516982,2538.217435288681,95.91016177680196,31.94744280307934,0.0,15.44585568478372,2700,562.7277337572528,0.0
908,696.15,954.3151398359155,441.8751567332064,14.642461611916943,124830.05516982,2538.2173010390925,95.91011516229125,31.982735588714487,0.0,15.445899933670525,2700,562.7277337572528,0.0
909,696.155,954.2693098309257,442.85198729145327,14.672079692745088,124830.05516982,2538.2171667895045,95.91006854778053,32.018025566693765,0.0,15.445944231584775,2700,562.7277337572528,0.0
910,696.16,954.2232530882633,443.82981853356813,14.7017226611921,124830.05516982,2538.2170325399165,95.9100219332698,32.05331272755996,0.0,15.445988578522611,2700,562.7277337572528,0.0
911,696.165,954.1769696753487,444.8086499396933,14.731390497836754,124830.05516982,2538.2168982903286,95.9099753187591,32.0885970618591,0.0,15.446032974480147,2700,562.7277337572528,0.0
912,696.17,954.1304596598414,445.78848098892513,14.76108318324594,124830.05516982,2538.2167640407406,95.90992870424836,32.12387856014043,0.0,15.446077419453491,2700,562.7277337572528,0.0
913,696.1750000000001,954.0837231096377,446.7693111593164,14.790800697960593,124830.05516982,2538.2166297911526,95.90988208973764,32.159157212956494,0.0,15.446121913438741,2700,562.7277337572528,0.0
914,696.1800000000001,954.036760092873,447.75113992787584,14.820543022511533,124830.05516982,2538.216495541564,95.90983547522693,32.194433010863065,0.0,15.446166456431973,2700,562.7277337572528,0.0
915,696.1850000000001,953.9895706779198,448.73396677057036,14.850310137410514,124830.05516982,2538.2163612919767,95.9097888607162,32.2297059444192,0.0,15.446211048429257,2700,562.7277337572528,0.0
916,696.19,953.9421549333882,449.7177911623248,14.880102023146543,124830.05516982,2538.2162270423883,95.90974224620548,32.26497600418725,0.0,15.446255689426646,2700,562.7277337572528,0.0
917,696.195,953.8945129281259,450.7026125770242,14.909918660195851,124830.05516982,2538.2160927928007,95.90969563169477,32.300243180732835,0.0,15.446300379420185,2700,562.7277337572528,0.0
918,696.2,953.846644731218,451.6884304875139,14.939760029018075,124830.05516982,2538.2159585432123,95.90964901718404,32.335507464624904,0.0,15.446345118405898,2700,562.7277337572528,0.0
919,696.205,953.7985504119865,452.6752443656012,14.969626110053325,124830.05516982,2538.2158242936243,95.90960240267333,32.3707688464357,0.0,15.446389906379801,2700,562.7277337572528,0.0
920,696.21,953.7502300399901,453.66305368205576,14.999516883728417,124830.05516982,2538.2156900440364,95.9095557881626,32.406027316740804,0.0,15.446434743337898,2700,562.7277337572528,0.0
921,696.215,953.7016836850241,454.65185790661087,15.029432330447689,124830.05516982,2538.2155557944484,95.90950917365188,32.44128286611912,0.0,15.446479629276176,2700,562.7277337572528,0.0
922,696.22,953.6529114171217,455.6416565079644,15.059372430598488,124830.05516982,2538.2154215448604,95.90946255914116,32.476535485152866,0.0,15.446524564190613,2700,562.7277337572528,0.0
923,696.225,953.6039133065505,456.63244895378,15.089337164555795,124830.05516982,2538.2152872952724,95.90941594463045,32.511785164427664,0.0,15.44656954807717,2700,562.7277337572528,0.0
924,696.23,953.5546894238156,457.6242347106882,15.119326512675022,124830.05516982,2538.215153045684,95.90936933011972,32.54703189453245,0.0,15.446614580931795,2700,562.7277337572528,0.0
925,696.235,953.5052398396579,458.617013244287,15.149340455292867,124830.05516982,2538.2150187960965,95.90932271560901,32.582275666059566,0.0,15.446659662750431,2700,562.7277337572528,0.0
926,696.24,953.4555646250541,459.6107840191433,15.17937897272728,124830.05516982,2538.214884546508,95.90927610109829,32.617516469604695,0.0,15.446704793528998,2700,562.7277337572528,0.0
927,696.245,953.4056638512161,460.6055464987935,15.209442045284549,124830.05516982,2538.2147502969206,95.90922948658756,32.65275429576694,0.0,15.446749973263403,2700,562.7277337572528,0.0
928,696.25,953.3555375895924,461.6013001457449,15.239529653250262,124830.05516982,2538.214616047332,95.90918287207685,32.68798913514879,0.0,15.446795201949547,2700,562.7277337572528,0.0
929,696.255,953.3051859118661,462.59804442147663,15.269641776894675,124830.05516982,2538.214481797744,95.90913625756613,32.723220978356125,0.0,15.446840479583315,2700,562.7277337572528,0.0
930,696.26,953.2546088899554,463.5957787864406,15.299778396467696,124830.05516982,2538.214347548156,95.9090896430554,32.75844981599828,0.0,15.446885806160575,2700,562.7277337572528,0.0
931,696.265,953.2038065960137,464.59450270006295,15.329939492204486,124830.05516982,2538.214213298568,95.90904302854469,32.793675638687986,0.0,15.446931181677188,2700,562.7277337572528,0.0
932,696.27,953.1527791024292,465.594215620744,15.360125044325775,124830.05516982,2538.2140790489802,95.90899641403396,32.82889843704142,0.0,15.446976606128997,2700,562.7277337572528,0.0
933,696.275,953.1015264818249,466.5949170058606,15.390335033023712,124830.05516982,2538.2139447993923,95.90894979952324,32.864118201678195,0.0,15.447022079511836,2700,562.7277337572528,0.0
934,696.28,953.0500488070578,467.5966063117662,15.420569438496601,124830.05516982,2538.2138105498043,95.90890318501253,32.89933492322139,0.0,15.447067601821525,2700,562.7277337572528,0.0
935,696.285,952.9983461512197,468.59928299379277,15.450828240897602,124830.05516982,2538.2136763002163,95.90885657050181,32.93454859229755,0.0,15.447113173053866,2700,562.7277337572528,0.0
936,696.29,952.9464185876357,469.6029465062508,15.481111420388995,124830.05516982,2538.213542050628,95.90880995599107,32.96975919953669,0.0,15.447158793204657,2700,562.7277337572528,0.0
937,696.295,952.8942661898662,470.607596302431,15.511418957093241,124830.05516982,2538.2134078010404,95.90876334148037,33.0049667355723,0.0,15.447204462269676,2700,562.7277337572528,0.0
938,696.3000000000001,952.8418890317039,471.61323183460576,15.541750831138488,124830.05516982,2538.213273551452,95.90871672696964,33.04017119104139,0.0,15.447250180244689,2700,562.7277337572528,0.0
939,696.3050000000001,952.7892871871758,472.61985255402897,15.57210702260991,124830.05516982,2538.213139301864,95.90867011245892,33.075372556584426,0.0,15.44729594712545,2700,562.7277337572528,0.0
940,696.3100000000001,952.7364607305419,473.6274579109381,15.602487511598074,124830.05516982,2538.213005052276,95.90862349794821,33.110570822845425,0.0,15.4473417629077,2700,562.7277337572528,0.0
941,696.315,952.683409736296,474.636047354555,15.63289227816695,124830.05516982,2538.212870802688,95.90857688343749,33.14576598047191,0.0,15.447387627587169,2700,562.7277337572528,0.0
942,696.32,952.6301342791643,475.6456203330865,15.663321302366034,124830.05516982,2538.2127365531,95.90853026892677,33.18095802011493,0.0,15.447433541159569,2700,562.7277337572528,0.0
943,696.325,952.5766344341062,476.6561762937264,15.693774564224945,124830.05516982,2538.212602303512,95.90848365441605,33.21614693242908,0.0,15.447479503620604,2700,562.7277337572528,0.0
944,696.33,952.5229102763133,477.6677146826557,15.724252043766596,124830.05516982,2538.212468053924,95.90843703990532,33.251332708072525,0.0,15.447525514965962,2700,562.7277337572528,0.0
945,696.335,952.4689618812101,478.6802349450439,15.75475372097813,124830.05516982,2538.212333804336,95.9083904253946,33.28651533770694,0.0,15.447571575191319,2700,562.7277337572528,0.0
946,696.34,952.4147893244532,479.6937365250501,15.785279575849184,124830.05516982,2538.212199554748,95.90834381088389,33.3216948119976,0.0,15.44761768429234,2700,562.7277337572528,0.0
947,696.345,952.3603926819316,480.7082188658242,15.815829588342133,124830.05516982,2538.21206530516,95.90829719637317,33.356871121613366,0.0,15.44766384226467,2700,562.7277337572528,0.0
948,696.35,952.3057720297652,481.72368140950795,15.846403738401069,124830.05516982,2538.211931055572,95.90825058186245,33.392044257226665,0.0,15.44771004910395,2700,562.7277337572528,0.0
949,696.355,952.2509274443072,482.74012359723554,15.877002005968913,124830.05516982,2538.2117968059842,95.90820396735172,33.42721420951352,0.0,15.447756304805804,2700,562.7277337572528,0.0
950,696.36,952.1958590021409,483.7575448691353,15.907624370946769,124830.05516982,2538.2116625563963,95.908157352841,33.462380969153564,0.0,15.447802609365842,2700,562.7277337572528,0.0
951,696.365,952.1405667800817,484.77594466433055,15.938270813244326,124830.05516982,2538.211528306808,95.9081107383303,33.497544526830055,0.0,15.447848962779664,2700,562.7277337572528,0.0
952,696.37,952.0850508551761,485.79532242094035,15.968941312737856,124830.05516982,2538.2113940572203,95.90806412381957,33.53270487322987,0.0,15.447895365042854,2700,562.7277337572528,0.0
953,696.375,952.0293113047013,486.81567757608155,15.999635849291018,124830.05516982,2538.211259807632,95.90801750930885,33.5678619990435,0.0,15.447941816150982,2700,562.7277337572528,0.0
954,696.38,951.9733482061655,487.83700956586836,16.03035440275513,124830.05516982,2538.211125558044,95.90797089479813,33.60301589496511,0.0,15.44798831609961,2700,562.7277337572528,0.0
955,696.385,951.9171616373075,488.8593178254149,16.061096952959705,124830.05516982,2538.210991308456,95.9079242802874,33.638166551692485,0.0,15.448034864884281,2700,562.7277337572528,0.0
956,696.39,951.8607516760961,489.88260178883525,16.091863479726392,124830.05516982,2538.210857058868,95.90787766577668,33.6733139599271,0.0,15.448081462500534,2700,562.7277337572528,0.0
957,696.395,951.8041184007312,490.9068608892452,16.12265396285069,124830.05516982,2538.21072280928,95.90783105126597,33.70845811037408,0.0,15.448128108943886,2700,562.7277337572528,0.0
958,696.4,951.7472618896421,491.93209455876297,16.153468382108006,124830.05516982,2538.210588559692,95.90778443675525,33.74359899374224,0.0,15.448174804209843,2700,562.7277337572528,0.0
959,696.405,951.6901822214878,492.9583022285106,16.184306717276815,124830.05516982,2538.210454310104,95.90773782224453,33.77873660074408,0.0,15.448221548293905,2700,562.7277337572528,0.0
960,696.41,951.6328794751571,493.9854833286146,16.215168948100416,124830.05516982,2538.210320060516,95.9076912077338,33.8138709220958,0.0,15.448268341191548,2700,562.7277337572528,0.0
961,696.415,951.5753537297687,495.01363728820763,16.246055054310293,124830.05516982,2538.2101858109277,95.90764459322308,33.84900194851731,0.0,15.448315182898245,2700,562.7277337572528,0.0
962,696.42,951.5176050646699,496.0427635354289,16.27696501562491,124830.05516982,2538.21005156134,95.90759797871236,33.88412967073223,0.0,15.448362073409449,2700,562.7277337572528,0.0
963,696.4250000000001,951.4596335594373,497.0728614974257,16.30789881174793,124830.05516982,2538.2099173117517,95.90755136420165,33.919254079467905,0.0,15.448409012720605,2700,562.7277337572528,0.0
964,696.4300000000001,951.4014392938772,498.10393060035466,16.33885642235872,124830.05516982,2538.209783062164,95.90750474969093,33.954375165455424,0.0,15.448456000827141,2700,562.7277337572528,0.0
965,696.4350000000001,951.3430223480228,499.13597026938265,16.36983782712744,124830.05516982,2538.209648812576,95.9074581351802,33.989492919429615,0.0,15.448503037724478,2700,562.7277337572528,0.0
966,696.44,951.2843828021375,500.1689799286875,16.40084300570992,124830.05516982,2538.209514562988,95.90741152066948,34.024607332129065,0.0,15.448550123408017,2700,562.7277337572528,0.0
967,696.445,951.2255207367125,501.20295900145993,16.4318719377338,124830.05516982,2538.2093803134,95.90736490615876,34.059718394296105,0.0,15.44859725787315,2700,562.7277337572528,0.0
968,696.45,951.1664362324663,502.23790690990376,16.46292460282388,124830.05516982,2538.209246063812,95.90731829164805,34.09482609667687,0.0,15.448644441115258,2700,562.7277337572528,0.0
969,696.455,951.1071293703465,503.27382307523817,16.49400098057696,124830.05516982,2538.209111814224,95.90727167713733,34.12993043002125,0.0,15.448691673129703,2700,562.7277337572528,0.0
970,696.46,951.0476002315273,504.31070691769713,16.525101050585615,124830.05516982,2538.208977564636,95.90722506262661,34.165031385082926,0.0,15.44873895391184,2700,562.7277337572528,0.0
971,696.465,950.9878488974116,505.3485578565323,16.556224792421403,124830.05516982,2538.2088433150475,95.9071784481159,34.2001289526194,0.0,15.44878628345701,2700,562.7277337572528,0.0
972,696.47,950.9278754496287,506.38737531001317,16.5873721856297,124830.05516982,2538.20870906546,95.90713183360516,34.23522312339196,0.0,15.44883366176054,2700,562.7277337572528,0.0
973,696.475,950.8676799700354,507.4271586954281,16.61854320976216,124830.05516982,2538.2085748158715,95.90708521909444,34.27031388816573,0.0,15.448881088817744,2700,562.7277337572528,0.0
974,696.48,950.8072625407152,508.4679074290861,16.64973784432953,124830.05516982,2538.208440566284,95.90703860458373,34.30540123770964,0.0,15.448928564623921,2700,562.7277337572528,0.0
975,696.485,950.7466232439788,509.509620926317,16.680956068844367,124830.05516982,2538.2083063166956,95.90699199007301,34.34048516279647,0.0,15.448976089174364,2700,562.7277337572528,0.0
976,696.49,950.6857621623627,510.55229860147375,16.71219786279001,124830.05516982,2538.2081720671076,95.90694537556229,34.37556565420286,0.0,15.449023662464345,2700,562.7277337572528,0.0
977,696.495,950.6246793786304,511.5959398679327,16.743463205649192,124830.05516982,2538.2080378175197,95.90689876105158,34.41064270270927,0.0,15.449071284489131,2700,562.7277337572528,0.0
978,696.5,950.5633749757712,512.6405441380947,16.774752076873103,124830.05516982,2538.2079035679317,95.90685214654084,34.44571629910004,0.0,15.449118955243968,2700,562.7277337572528,0.0
979,696.505,950.5018490370005,513.6861108233867,16.806064455907947,124830.05516982,2538.2077693183437,95.90680553203012,34.4807864341634,0.0,15.449166674724095,2700,562.7277337572528,0.0
980,696.51,950.4401016457592,514.7326393342627,16.83740032217738,124830.05516982,2538.2076350687557,95.90675891751941,34.51585309869143,0.0,15.449214442924736,2700,562.7277337572528,0.0
981,696.515,950.3781328857141,515.7801290802049,16.868759655091146,124830.05516982,2538.2075008191673,95.90671230300869,34.55091628348013,0.0,15.449262259841106,2700,562.7277337572528,0.0
982,696.52,950.315942840757,516.8285794697246,16.900142434047222,124830.05516982,2538.20736656958,95.90666568849797,34.58597597932937,0.0,15.449310125468402,2700,562.7277337572528,0.0
983,696.525,950.2535315950048,517.8779899103636,16.931548638419383,124830.05516982,2538.2072323199914,95.90661907398726,34.621032177042956,0.0,15.449358039801808,2700,562.7277337572528,0.0
984,696.53,950.1908992327997,518.9283598086954,16.962978247575577,124830.05516982,2538.207098070404,95.90657245947652,34.6560848674286,0.0,15.4494060028365,2700,562.7277337572528,0.0
985,696.535,950.128045838708,519.9796885703262,16.9944312408585,124830.05516982,2538.2069638208154,95.90652584496581,34.69113404129794,0.0,15.449454014567637,2700,562.7277337572528,0.0
986,696.54,950.0649714975212,521.031975599896,17.025907597598067,124830.05516982,2538.2068295712274,95.90647923045509,34.72617968946656,0.0,15.449502074990368,2700,562.7277337572528,0.0
987,696.545,950.0016762942548,522.08522030108,17.057407297108078,124830.05516982,2538.2066953216395,95.90643261594437,34.76122180275398,0.0,15.449550184099827,2700,562.7277337572528,0.0
988,696.5500000000001,949.9381603141486,523.1394220765892,17.088930318696384,124830.05516982,2538.2065610720515,95.90638600143365,34.796260371983664,0.0,15.449598341891138,2700,562.7277337572528,0.0
989,696.5550000000001,949.874423642666,524.1945803281722,17.120476641636827,124830.05516982,2538.2064268224635,95.90633938692294,34.83129538798306,0.0,15.44964654835941,2700,562.7277337572528,0.0
990,696.5600000000001,949.8104663654941,525.2506944566159,17.15204624520587,124830.05516982,2538.2062925728756,95.9062927724122,34.866326841583586,0.0,15.449694803499739,2700,562.7277337572528,0.0
991,696.565,949.746288568544,526.3077638617468,17.183639108649025,124830.05516982,2538.206158323287,95.90624615790149,34.90135472362062,0.0,15.44974310730721,2700,562.7277337572528,0.0
992,696.57,949.6818903379494,527.3657879424325,17.215255211205644,124830.05516982,2538.2060240736996,95.90619954339077,34.93637902493355,0.0,15.449791459776895,2700,562.7277337572528,0.0
993,696.575,949.6172717600675,528.4247660965822,17.246894532101198,124830.05516982,2538.205889824111,95.90615292888005,34.97139973636577,0.0,15.449839860903852,2700,562.7277337572528,0.0
994,696.58,949.5524329214787,529.4846977211485,17.278557050528736,124830.05516982,2538.2057555745237,95.90610631436934,35.00641684876465,0.0,15.449888310683125,2700,562.7277337572528,0.0
995,696.585,949.4873739089853,530.5455822121277,17.31024274568789,124830.05516982,2538.2056213249352,95.90605969985862,35.04143035298161,0.0,15.449936809109749,2700,562.7277337572528,0.0
996,696.59,949.4220948096129,531.6074189645622,17.34195159675189,124830.05516982,2538.2054870753473,95.90601308534788,35.076440239872085,0.0,15.449985356178745,2700,562.7277337572528,0.0
997,696.595,949.3565957106083,532.6702073725406,17.373683582875096,124830.05516982,2538.2053528257593,95.90596647083717,35.111446500295536,0.0,15.450033951885118,2700,562.7277337572528,0.0
998,696.6,949.2908766994414,533.7339468291997,17.4054386832059,124830.05516982,2538.2052185761713,95.90591985632645,35.14644912511548,0.0,15.450082596223865,2700,562.7277337572528,0.0
999,696.605,949.2249378638033,534.7986367267246,17.437216876873347,124830.05516982,2538.2050843265833,95.90587324181573,35.18144810519949,0.0,15.450131289189969,2700,562.7277337572528,0.0
1000,696.61,949.1587792916073,535.8642764563507,17.46901814297904,124830.05516982,2538.2049500769954,95.90582662730502,35.21644343141918,0.0,15.450180030778398,2700,562.7277337572528,0.0
1001,696.615,949.0924010709875,536.9308654083651,17.5008424606342,124830.05516982,2538.2048158274074,95.9057800127943,35.251435094650255,0.0,15.45022882098411,2700,562.7277337572528,0.0
1002,696.62,949.0258032902997,537.9984029721066,17.532689808907396,124830.05516982,2538.2046815778194,95.90573339828356,35.28642308577249,0.0,15.450277659802047,2700,562.7277337572528,0.0
1003,696.625,948.9589860381201,539.0668885359685,17.56456016687463,124830.05516982,2538.204547328231,95.90568678377285,35.32140739566976,0.0,15.450326547227144,2700,562.7277337572528,0.0
1004,696.63,948.8919494032467,540.1363214873983,17.59645351357915,124830.05516982,2538.2044130786435,95.90564016926213,35.35638801523002,0.0,15.450375483254318,2700,562.7277337572528,0.0
1005,696.635,948.8246934746969,541.2067012128999,17.628369828060556,124830.05516982,2538.204278829055,95.9055935547514,35.39136493534534,0.0,15.450424467878474,2700,562.7277337572528,0.0
1006,696.64,948.7572183417094,542.2780270980338,17.660309089333076,124830.05516982,2538.204144579467,95.9055469402407,35.42633814691192,0.0,15.450473501094509,2700,562.7277337572528,0.0
1007,696.645,948.6895240937425,543.3502985274197,17.692271276408967,124830.05516982,2538.204010329879,95.90550032572997,35.46130764083004,0.0,15.4505225828973,2700,562.7277337572528,0.0
1008,696.65,948.6216108204746,544.4235148847359,17.724256368273124,124830.05516982,2538.203876080291,95.90545371121925,35.49627340800417,0.0,15.450571713281716,2700,562.7277337572528,0.0
1009,696.655,948.5534786118042,545.497675552722,17.75626434390932,124830.05516982,2538.203741830703,95.90540709670853,35.53123543934289,0.0,15.450620892242616,2700,562.7277337572528,0.0
1010,696.66,948.4851275578486,546.5727799131798,17.78829518225767,124830.05516982,2538.203607581115,95.9053604821978,35.566193725758936,0.0,15.45067011977484,2700,562.7277337572528,0.0
1011,696.665,948.4165577489453,547.6488273469736,17.82034886227679,124830.05516982,2538.203473331527,95.9053138676871,35.6011482581692,0.0,15.450719395873218,2700,562.7277337572528,0.0
1012,696.67,948.3477692756496,548.7258172340324,17.852425362901773,124830.05516982,2538.2033390819392,95.90526725317638,35.63609902749473,0.0,15.450768720532569,2700,562.7277337572528,0.0
1013,696.6750000000001,948.2787622287372,549.8037489533505,17.884524663026262,124830.05516982,2538.203204832351,95.90522063866565,35.67104602466078,0.0,15.450818093747696,2700,562.7277337572528,0.0
1014,696.6800000000001,948.2095366992011,550.882621882989,17.91664674155892,124830.05516982,2538.2030705827633,95.90517402415493,35.705989240596786,0.0,15.450867515513394,2700,562.7277337572528,0.0
1015,696.6850000000001,948.140092778254,551.9624354000771,17.948791577381574,124830.05516982,2538.202936333175,95.90512740964421,35.74092866623636,0.0,15.45091698582444,2700,562.7277337572528,0.0
1016,696.69,948.0704305573255,553.043188880813,17.980959149373952,124830.05516982,2538.2028020835874,95.90508079513349,35.77586429251732,0.0,15.450966504675602,2700,562.7277337572528,0.0
1017,696.695,948.0005501280647,554.1248817004649,18.013149436371584,124830.05516982,2538.202667833999,95.90503418062278,35.81079611038171,0.0,15.451016072061636,2700,562.7277337572528,0.0
1018,696.7,947.9304515823367,555.2075132333732,18.045362417226205,124830.05516982,2538.202533584411,95.90498756611206,35.84572411077578,0.0,15.451065687977284,2700,562.7277337572528,0.0
1019,696.705,947.8601350122261,556.2910828529504,18.07759807075407,124830.05516982,2538.202399334823,95.90494095160133,35.88064828465003,0.0,15.451115352417274,2700,562.7277337572528,0.0
1020,696.71,947.7896005100333,557.3755899316831,18.10985637576382,124830.05516982,2538.202265085235,95.90489433709061,35.91556862295917,0.0,15.451165065376324,2700,562.7277337572528,0.0
1021,696.715,947.7188481682767,558.4610338411335,18.142137311058082,124830.05516982,2538.202130835647,95.90484772257989,35.950485116662186,0.0,15.451214826849139,2700,562.7277337572528,0.0
1022,696.72,947.6478780796913,559.5474139519392,18.1744408554075,124830.05516982,2538.201996586059,95.90480110806917,35.985397756722314,0.0,15.451264636830409,2700,562.7277337572528,0.0
1023,696.725,947.576690337229,560.6347296338166,18.2067669875772,124830.05516982,2538.2018623364706,95.90475449355846,36.02030653410702,0.0,15.451314495314813,2700,562.7277337572528,0.0
1024,696.73,947.5052850340577,561.72298025556,18.23911568631321,124830.05516982,2538.201728086883,95.90470787904773,36.055211439788096,0.0,15.451364402297019,2700,562.7277337572528,0.0
1025,696.735,947.4336622635624,562.812165185044,18.271486930355113,124830.05516982,2538.2015938372947,95.90466126453701,36.09011246474158,0.0,15.451414357771677,2700,562.7277337572528,0.0
1026,696.74,947.3618221193432,563.9022837892243,18.30388069842574,124830.05516982,2538.201459587707,95.90461465002629,36.12500959994782,0.0,15.451464361733434,2700,562.7277337572528,0.0
1027,696.745,947.2897646952167,564.9933354341396,18.336296969218875,124830.05516982,2538.2013253381187,95.90456803551557,36.15990283639146,0.0,15.451514414176916,2700,562.7277337572528,0.0
1028,696.75,947.2174900852152,566.0853194849117,18.36873572143321,124830.05516982,2538.201191088531,95.90452142100486,36.19479216506143,0.0,15.451564515096738,2700,562.7277337572528,0.0
1029,696.755,947.1449983835853,567.1782353057474,18.401196933739968,124830.05516982,2538.201056838943,95.90447480649414,36.22967757695101,0.0,15.451614664487508,2700,562.7277337572528,0.0
1030,696.76,947.07228968479,568.2720822599398,18.433680584800364,124830.05516982,2538.200922589355,95.90442819198341,36.26455906305778,0.0,15.451664862343813,2700,562.7277337572528,0.0
1031,696.765,946.9993640835067,569.366859709869,18.466186653264188,124830.05516982,2538.200788339767,95.90438157747269,36.29943661438367,0.0,15.451715108660235,2700,562.7277337572528,0.0
1032,696.77,946.9262216746276,570.4625670170043,18.498715117761996,124830.05516982,2538.200654090179,95.90433496296197,36.33431022193495,0.0,15.451765403431336,2700,562.7277337572528,0.0
1033,696.775,946.8528625532593,571.5592035419044,18.531265956905077,124830.05516982,2538.2005198405905,95.90428834845125,36.369179876722235,0.0,15.451815746651675,2700,562.7277337572528,0.0
1034,696.78,946.7792868147227,572.6567686442193,18.563839149299298,124830.05516982,2538.200385591003,95.90424173394054,36.4040455697605,0.0,15.451866138315793,2700,562.7277337572528,0.0
1035,696.785,946.7054945545524,573.755261682691,18.5964346735388,124830.05516982,2538.2002513414145,95.90419511942982,36.438907292069096,0.0,15.451916578418214,2700,562.7277337572528,0.0
1036,696.79,946.6314858684974,574.854682015155,18.629052508182948,124830.05516982,2538.200117091827,95.90414850491909,36.47376503467174,0.0,15.451967066953458,2700,562.7277337572528,0.0
1037,696.795,946.55726085252,575.955028998542,18.661692631800545,124830.05516982,2538.1999828422386,95.90410189040838,36.50861878859656,0.0,15.452017603916028,2700,562.7277337572528,0.0
1038,696.8000000000001,946.482819602796,577.0563019888787,18.694355022938957,124830.05516982,2538.1998485926506,95.90405527589765,36.54346854487605,0.0,15.452068189300414,2700,562.7277337572528,0.0
1039,696.8050000000001,946.4081622157142,578.1585003412885,18.727039660118173,124830.05516982,2538.1997143430626,95.90400866138692,36.57831429454711,0.0,15.452118823101097,2700,562.7277337572528,0.0
1040,696.8100000000001,946.3332887878762,579.261623409994,18.759746521858826,124830.05516982,2538.1995800934747,95.90396204687622,36.61315602865107,0.0,15.452169505312543,2700,562.7277337572528,0.0
1041,696.815,946.2581994160964,580.3656705483168,18.79247558666242,124830.05516982,2538.1994458438867,95.9039154323655,36.647993738233666,0.0,15.452220235929206,2700,562.7277337572528,0.0
1042,696.82,946.1828941974017,581.4706411086801,18.82522683302002,124830.05516982,2538.1993115942987,95.90386881785477,36.68282741434507,0.0,15.452271014945527,2700,562.7277337572528,0.0
1043,696.825,946.1073732290313,582.5765344426092,18.858000239397914,124830.05516982,2538.1991773447103,95.90382220334406,36.71765704803988,0.0,15.452321842355934,2700,562.7277337572528,0.0
1044,696.83,946.0316366084363,583.6833499007327,18.89079578425739,124830.05516982,2538.1990430951228,95.90377558883333,36.75248263037716,0.0,15.452372718154844,2700,562.7277337572528,0.0
1045,696.835,945.9556844332794,584.7910868327842,18.923613446040193,124830.05516982,2538.1989088455343,95.9037289743226,36.7873041524204,0.0,15.452423642336663,2700,562.7277337572528,0.0
1046,696.84,945.8795168014352,585.8997445876031,18.95645320317707,124830.05516982,2538.198774595947,95.9036823598119,36.82212160523756,0.0,15.452474614895781,2700,562.7277337572528,0.0
1047,696.845,945.8031338109894,587.009322513136,18.989315034081688,124830.05516982,2538.1986403463584,95.90363574530117,36.8569349799011,0.0,15.452525635826579,2700,562.7277337572528,0.0
1048,696.85,945.7265355602387,588.1198199564384,19.022198917158967,124830.05516982,2538.1985060967704,95.90358913079045,36.89174426748792,0.0,15.452576705123422,2700,562.7277337572528,0.0
1049,696.855,945.649722147691,589.2312362636752,19.055104830794324,124830.05516982,2538.1983718471824,95.90354251627974,36.92654945907944,0.0,15.452627822780665,2700,562.7277337572528,0.0
1050,696.86,945.5726936720644,590.3435707801226,19.088032753366456,124830.05516982,2538.1982375975945,95.903495901769,36.961350545761555,0.0,15.45267898879265,2700,562.7277337572528,0.0
1051,696.865,945.4954502322875,591.456822850169,19.12098266322242,124830.05516982,2538.1981033480065,95.9034492872583,36.99614751862468,0.0,15.452730203153708,2700,562.7277337572528,0.0
1052,696.87,945.4179919274991,592.5709918173166,19.15395453872137,124830.05516982,2538.1979690984185,95.90340267274757,37.03094036876373,0.0,15.452781465858155,2700,562.7277337572528,0.0
1053,696.875,945.3403188570481,593.6860770241818,19.186948358182118,124830.05516982,2538.1978348488306,95.90335605823685,37.06572908727815,0.0,15.452832776900296,2700,562.7277337572528,0.0
1054,696.88,945.2624311204931,594.8020778124975,19.219964099928855,124830.05516982,2538.1977005992426,95.90330944372613,37.10051366527192,0.0,15.452884136274424,2700,562.7277337572528,0.0
1055,696.885,945.1843288176022,595.9189935231143,19.253001742260732,124830.05516982,2538.197566349654,95.90326282921542,37.13529409385354,0.0,15.452935543974819,2700,562.7277337572528,0.0
1056,696.89,945.106012048352,597.036823496001,19.286061263474455,124830.05516982,2538.1974321000666,95.90321621470468,37.17007036413608,0.0,15.452986999995748,2700,562.7277337572528,0.0
1057,696.895,945.0274809129289,598.1555670702463,19.319142641838113,124830.05516982,2538.197297850478,95.90316960019398,37.20484246723715,0.0,15.453038504331468,2700,562.7277337572528,0.0
1058,696.9,944.948735511728,599.2752235840605,19.352245855617678,124830.05516982,2538.1971636008902,95.90312298568325,37.239610394278934,0.0,15.453090056976222,2700,562.7277337572528,0.0
1059,696.905,944.8697759453528,600.3957923747761,19.38537088304989,124830.05516982,2538.1970293513023,95.90307637117253,37.27437413638818,0.0,15.45314165792424,2700,562.7277337572528,0.0
1060,696.91,944.7906023146146,601.5172727788491,19.418517702381497,124830.05516982,2538.1968951017143,95.90302975666182,37.30913368469623,0.0,15.453193307169741,2700,562.7277337572528,0.0
1061,696.915,944.7112147205336,602.6396641318612,19.451686291824306,124830.05516982,2538.1967608521263,95.9029831421511,37.34388903033898,0.0,15.453245004706929,2700,562.7277337572528,0.0
1062,696.92,944.6316132643377,603.7629657685196,19.484876629588168,124830.05516982,2538.1966266025383,95.90293652764036,37.37864016445697,0.0,15.453296750529999,2700,562.7277337572528,0.0
1063,696.9250000000001,944.5517980474616,604.8871770226594,19.518088693866293,124830.05516982,2538.1964923529504,95.90288991312966,37.41338707819533,0.0,15.453348544633135,2700,562.7277337572528,0.0
1064,696.9300000000001,944.4717691715483,606.0122972272452,19.55132246283826,124830.05516982,2538.1963581033624,95.90284329861893,37.44812976270378,0.0,15.453400387010504,2700,562.7277337572528,0.0
1065,696.9350000000001,944.391526738447,607.138325714371,19.584577914658674,124830.05516982,2538.196223853774,95.90279668410821,37.48286820913669,0.0,15.45345227765626,2700,562.7277337572528,0.0
1066,696.94,944.3110708502152,608.2652618152626,19.617855027494546,124830.05516982,2538.1960896041865,95.9027500695975,37.517602408653055,0.0,15.453504216564552,2700,562.7277337572528,0.0
1067,696.945,944.2304016091151,609.3931048602781,19.651153779467478,124830.05516982,2538.195955354598,95.90270345508678,37.5523323524165,0.0,15.45355620372951,2700,562.7277337572528,0.0
1068,696.95,944.149519117617,610.5218541789102,19.684474148719307,124830.05516982,2538.1958211050105,95.90265684057606,37.587058031595305,0.0,15.453608239145254,2700,562.7277337572528,0.0
1069,696.955,944.0684234783967,611.6515090997865,19.717816113341325,124830.05516982,2538.195686855422,95.90261022606533,37.621779437362406,0.0,15.453660322805895,2700,562.7277337572528,0.0
1070,696.96,943.9871147943356,612.7820689506718,19.751179651447835,124830.05516982,2538.195552605834,95.90256361155461,37.65649656089539,0.0,15.453712454705522,2700,562.7277337572528,0.0
1071,696.965,943.9055931685217,613.9135330584679,19.784564741108493,124830.05516982,2538.195418356246,95.90251699704389,37.691209393376546,0.0,15.453764634838222,2700,562.7277337572528,0.0
1072,696.97,943.8238587042475,615.0459007492168,19.817971360404723,124830.05516982,2538.195284106658,95.90247038253318,37.725917925992796,0.0,15.453816863198067,2700,562.7277337572528,0.0
1073,696.975,943.7419115050111,616.1791713481001,19.851399487387113,124830.05516982,2538.19514985707,95.90242376802246,37.7606221499358,0.0,15.453869139779114,2700,562.7277337572528,0.0
1074,696.98,943.659751674516,617.313344179442,19.884849100097206,124830.05516982,2538.195015607482,95.90237715351174,37.795322056401886,0.0,15.453921464575407,2700,562.7277337572528,0.0
1075,696.985,943.5773793166696,618.4484185667092,19.918320176563075,124830.05516982,2538.194881357894,95.90233053900101,37.830017636592096,0.0,15.453973837580984,2700,562.7277337572528,0.0
1076,696.99,943.4947945355843,619.5843938325133,19.951812694809735,124830.05516982,2538.1947471083063,95.90228392449029,37.86470888171218,0.0,15.454026258789865,2700,562.7277337572528,0.0
1077,696.995,943.4119974355767,620.7212692986114,19.98532663283392,124830.05516982,2538.194612858718,95.90223730997958,37.89939578297262,0.0,15.454078728196059,2700,562.7277337572528,0.0
1078,697.0,943.3289881211678,621.8590442859075,20.01886196862767,124830.05516982,2538.1944786091303,95.90219069546886,37.93407833158861,0.0,15.454131245793565,2700,562.7277337572528,0.0
1079,697.005,943.2457666970812,622.9977181144542,20.05241868016751,124830.05516982,2538.194344359542,95.90214408095814,37.9687565187801,0.0,15.45418381157637,2700,562.7277337572528,0.0
1080,697.01,943.1623332682453,624.1372901034534,20.08599674541473,124830.05516982,2538.194210109954,95.90209746644742,38.003430335771775,0.0,15.45423642553844,2700,562.7277337572528,0.0
1081,697.015,943.0786879397913,625.2777595712583,20.11959614232049,124830.05516982,2538.194075860366,95.90205085193669,38.03809977379307,0.0,15.454289087673741,2700,562.7277337572528,0.0
1082,697.02,942.9948308170532,626.4191258353745,20.15321684882078,124830.05516982,2538.193941610778,95.90200423742597,38.072764824078206,0.0,15.45434179797622,2700,562.7277337572528,0.0
1083,697.025,942.910762005568,627.5613882124604,20.186858842846927,124830.05516982,2538.19380736119,95.90195762291526,38.10742547786615,0.0,15.454394556439816,2700,562.7277337572528,0.0
1084,697.03,942.8264816110755,628.7045460183305,20.22052210229402,124830.05516982,2538.193673111602,95.90191100840454,38.14208172640065,0.0,15.45444736305845,2700,562.7277337572528,0.0
1085,697.035,942.7419897395175,629.8485985679542,20.254206605065075,124830.05516982,2538.1935388620136,95.90186439389382,38.176733560930245,0.0,15.454500217826036,2700,562.7277337572528,0.0
1086,697.04,942.6572864970376,630.9935451754595,20.287912329056308,124830.05516982,2538.193404612426,95.9018177793831,38.21138097270828,0.0,15.454553120736472,2700,562.7277337572528,0.0
1087,697.045,942.5723719899821,632.1393851541327,20.321639252122928,124830.05516982,2538.1932703628377,95.90177116487237,38.246023952992886,0.0,15.454606071783646,2700,562.7277337572528,0.0
1088,697.0500000000001,942.4872463248984,633.2861178164206,20.355387352128396,124830.05516982,2538.19313611325,95.90172455036165,38.28066249304701,0.0,15.454659070961435,2700,562.7277337572528,0.0
1089,697.0550000000001,942.4019096085345,634.4337424739311,20.389156606928186,124830.05516982,2538.1930018636617,95.90167793585094,38.31529658413842,0.0,15.454712118263704,2700,562.7277337572528,0.0
1090,697.0600000000001,942.3163619478406,635.5822584374353,20.42294699433956,124830.05516982,2538.1928676140737,95.90163132134022,38.34992621753972,0.0,15.454765213684299,2700,562.7277337572528,0.0
1091,697.065,942.2306034499671,636.7316650168684,20.45675849219,124830.05516982,2538.192733364486,95.9015847068295,38.38455138452833,0.0,15.454818357217063,2700,562.7277337572528,0.0
1092,697.07,942.1446342222658,637.8819615213306,20.490591078291185,124830.05516982,2538.192599114898,95.90153809231877,38.419172076386516,0.0,15.454871548855822,2700,562.7277337572528,0.0
1093,697.075,942.0584543722879,639.0331472590897,20.52444473042807,124830.05516982,2538.19246486531,95.90149147780805,38.45378828440141,0.0,15.45492478859439,2700,562.7277337572528,0.0
1094,697.08,941.9720640077849,640.1852215375812,20.558319426376396,124830.05516982,2538.192330615722,95.90144486329734,38.488399999864995,0.0,15.45497807642657,2700,562.7277337572528,0.0
1095,697.085,941.8854632367082,641.3381836634101,20.592215143921106,124830.05516982,2538.1921963661334,95.90139824878662,38.52300721407412,0.0,15.455031412346154,2700,562.7277337572528,0.0
1096,697.09,941.7986521672091,642.4920329423521,20.62613186080959,124830.05516982,2538.192062116546,95.9013516342759,38.55760991833051,0.0,15.45508479634692,2700,562.7277337572528,0.0
1097,697.095,941.7116309076382,643.6467686793553,20.660069554774473,124830.05516982,2538.1919278669575,95.90130501976518,38.592208103940784,0.0,15.455138228422632,2700,562.7277337572528,0.0
1098,697.1,941.624399566545,644.8023901785416,20.69402820356477,124830.05516982,2538.19179361737,95.90125840525445,38.62680176221644,0.0,15.455191708567046,2700,562.7277337572528,0.0
1099,697.105,941.5369582526777,645.9588967432067,20.728007784875178,124830.05516982,2538.1916593677815,95.90121179074373,38.66139088447385,0.0,15.455245236773907,2700,562.7277337572528,0.0
1100,697.11,941.4493070749836,647.1162876758234,20.762008276430468,124830.05516982,2538.1915251181936,95.90116517623302,38.695975462034355,0.0,15.455298813036942,2700,562.7277337572528,0.0
1101,697.115,941.361446142608,648.2745622780413,20.79602965591059,124830.05516982,2538.1913908686056,95.9011185617223,38.730555486224155,0.0,15.455352437349868,2700,562.7277337572528,0.0
1102,697.12,941.2733755648944,649.4337198506897,20.83007190100401,124830.05516982,2538.1912566190176,95.90107194721158,38.7651309483744,0.0,15.455406109706395,2700,562.7277337572528,0.0
1103,697.125,941.185095451384,650.5937596937772,20.864134989370207,124830.05516982,2538.1911223694296,95.90102533270087,38.79970183982116,0.0,15.455459830100214,2700,562.7277337572528,0.0
1104,697.13,941.0966059118161,651.7546811064943,20.898218898666375,124830.05516982,2538.1909881198417,95.90097871819013,38.834268151905455,0.0,15.455513598525005,2700,562.7277337572528,0.0
1105,697.135,941.0079070561268,652.9164833872147,20.932323606528193,124830.05516982,2538.1908538702537,95.90093210367941,38.86882987597325,0.0,15.455567414974443,2700,562.7277337572528,0.0
1106,697.14,940.9189989944496,654.0791658334958,20.966449090595027,124830.05516982,2538.1907196206657,95.9008854891687,38.90338700337546,0.0,15.45562127944218,2700,562.7277337572528,0.0
1107,697.145,940.8298818371147,655.2427277420811,21.000595328478695,124830.05516982,2538.1905853710773,95.90083887465798,38.937939525467954,0.0,15.455675191921868,2700,562.7277337572528,0.0
1108,697.15,940.7405556946491,656.4071684089007,21.03476229778211,124830.05516982,2538.19045112149,95.90079226014726,38.97248743361158,0.0,15.455729152407137,2700,562.7277337572528,0.0
1109,697.155,940.6510206777757,657.5724871290727,21.068949976100676,124830.05516982,2538.1903168719014,95.90074564563655,39.00703071917217,0.0,15.45578316089161,2700,562.7277337572528,0.0
1110,697.16,940.5612768974146,658.7386831969053,21.103158341018688,124830.05516982,2538.190182622314,95.90069903112581,39.04156937352054,0.0,15.455837217368895,2700,562.7277337572528,0.0
1111,697.165,940.4713244646803,659.9057559058978,21.137387370094775,124830.05516982,2538.1900483727254,95.90065241661509,39.07610338803249,0.0,15.455891321832592,2700,562.7277337572528,0.0
1112,697.17,940.3811634908834,661.0737045487413,21.171637040883066,124830.05516982,2538.1899141231374,95.90060580210438,39.11063275408884,0.0,15.455945474276284,2700,562.7277337572528,0.0
1113,697.1750000000001,940.2907940875306,662.2425284173212,21.20590733092986,124830.05516982,2538.1897798735495,95.90055918759366,39.14515746307539,0.0,15.455999674693546,2700,562.7277337572528,0.0
1114,697.1800000000001,940.2002163663227,663.4122268027176,21.24019821776652,124830.05516982,2538.1896456239615,95.90051257308293,39.179677506382994,0.0,15.45605392307794,2700,562.7277337572528,0.0
1115,697.1850000000001,940.1094304391556,664.5827989952068,21.27450967891172,124830.05516982,2538.1895113743735,95.90046595857223,39.2141928754075,0.0,15.456108219423017,2700,562.7277337572528,0.0
1116,697.19,940.01843641812,665.7542442842637,21.308841691879653,124830.05516982,2538.1893771247856,95.90041934406149,39.24870356154981,0.0,15.456162563722314,2700,562.7277337572528,0.0
1117,697.195,939.9272344155011,666.9265619585616,21.343194234154424,124830.05516982,2538.189242875197,95.90037272955078,39.28320955621585,0.0,15.456216955969358,2700,562.7277337572528,0.0
1118,697.2,939.835824543777,668.0997513059747,21.37756728321676,124830.05516982,2538.1891086256096,95.90032611504006,39.31771085081661,0.0,15.456271396157659,2700,562.7277337572528,0.0
1119,697.205,939.7442069156214,669.2738116135788,21.41196081654,124830.05516982,2538.188974376021,95.90027950052934,39.35220743676813,0.0,15.456325884280723,2700,562.7277337572528,0.0
1120,697.21,939.6523816438997,670.4487421676531,21.44637481158006,124830.05516982,2538.1888401264337,95.90023288601863,39.38669930549152,0.0,15.456380420332039,2700,562.7277337572528,0.0
1121,697.215,939.5603488416722,671.6245422536814,21.480809245789672,124830.05516982,2538.1887058768452,95.9001862715079,39.42118644841293,0.0,15.456435004305083,2700,562.7277337572528,0.0
1122,697.22,939.468108622191,672.8012111563537,21.515264096600223,124830.05516982,2538.1885716272573,95.90013965699717,39.45566885696365,0.0,15.456489636193323,2700,562.7277337572528,0.0
1123,697.225,939.3756610989017,673.9787481595673,21.549739341428722,124830.05516982,2538.1884373776693,95.90009304248646,39.49014652258,0.0,15.456544315990214,2700,562.7277337572528,0.0
1124,697.23,939.2830063854421,675.1571525464278,21.584234957694783,124830.05516982,2538.1883031280813,95.90004642797574,39.52461943670342,0.0,15.456599043689199,2700,562.7277337572528,0.0
1125,697.235,939.1901445956424,676.3364235992516,21.618750922785594,124830.05516982,2538.1881688784933,95.89999981346502,39.55908759078046,0.0,15.456653819283703,2700,562.7277337572528,0.0
1126,697.24,939.0970758435249,677.5165605995659,21.653287214097702,124830.05516982,2538.1880346289054,95.89995319895431,39.59355097626276,0.0,15.45670864276715,2700,562.7277337572528,0.0
1127,697.245,939.0038002433033,678.6975628281115,21.687843809000338,124830.05516982,2538.187900379317,95.89990658444358,39.6280095846071,0.0,15.456763514132946,2700,562.7277337572528,0.0
1128,697.25,938.910317909383,679.8794295648426,21.72242068484981,124830.05516982,2538.1877661297294,95.89985996993285,39.662463407275354,0.0,15.456818433374485,2700,562.7277337572528,0.0
1129,697.255,938.8166289563604,681.0621600889298,21.7570178190161,124830.05516982,2538.187631880141,95.89981335542214,39.696912435734575,0.0,15.456873400485149,2700,562.7277337572528,0.0
1130,697.26,938.7227334990234,682.2457536787603,21.79163518881819,124830.05516982,2538.1874976305535,95.89976674091142,39.73135666145692,0.0,15.456928415458307,2700,562.7277337572528,0.0
1131,697.265,938.6286316523502,683.4302096119396,21.826272771598624,124830.05516982,2538.187363380965,95.8997201264007,39.7657960759197,0.0,15.456983478287325,2700,562.7277337572528,0.0
1132,697.27,938.5343235315092,684.6155271652932,21.860930544671767,124830.05516982,2538.187229131377,95.89967351188999,39.800230670605394,0.0,15.457038588965544,2700,562.7277337572528,0.0
1133,697.275,938.43980925186,685.8017056148678,21.895608485325877,124830.05516982,2538.187094881789,95.89962689737926,39.834660437001645,0.0,15.4570937474863,2700,562.7277337572528,0.0
1134,697.28,938.3450889289505,686.9887442359326,21.930306570881072,124830.05516982,2538.186960632201,95.89958028286854,39.869085366601254,0.0,15.457148953842923,2700,562.7277337572528,0.0
1135,697.285,938.2501626785196,688.1766423029803,21.965024778594657,124830.05516982,2538.186826382613,95.89953366835782,39.903505450902216,0.0,15.457204208028717,2700,562.7277337572528,0.0
1136,697.29,938.1550306164953,689.3653990897295,21.99976308574469,124830.05516982,2538.186692133025,95.8994870538471,39.93792068140769,0.0,15.457259510036986,2700,562.7277337572528,0.0
1137,697.295,938.0596928589946,690.5550138691256,22.03452146959545,124830.05516982,2538.1865578834368,95.89944043933639,39.972331049626064,0.0,15.457314859861015,2700,562.7277337572528,0.0
1138,697.3000000000001,937.9641495223229,691.7454859133413,22.06929990738986,124830.05516982,2538.1864236338492,95.89939382482567,40.0067365470709,0.0,15.457370257494084,2700,562.7277337572528,0.0
1139,697.3050000000001,937.868400722975,692.9368144937797,22.10409837636288,124830.05516982,2538.186289384261,95.89934721031494,40.04113716526098,0.0,15.457425702929456,2700,562.7277337572528,0.0
1140,697.3100000000001,937.7724465776341,694.1289988810742,22.138916853735296,124830.05516982,2538.1861551346733,95.89930059580422,40.07553289572029,0.0,15.457481196160384,2700,562.7277337572528,0.0
1141,697.315,937.6762872031705,695.3220383450905,22.17375531672333,124830.05516982,2538.186020885085,95.8992539812935,40.10992372997806,0.0,15.457536737180106,2700,562.7277337572528,0.0
1142,697.32,937.5799227166435,696.5159321549281,22.208613742520804,124830.05516982,2538.185886635497,95.89920736678278,40.14430965956874,0.0,15.457592325981857,2700,562.7277337572528,0.0
1143,697.325,937.4833532352989,697.7106795789218,22.243492108334287,124830.05516982,2538.185752385909,95.89916075227207,40.17869067603202,0.0,15.45764796255885,2700,562.7277337572528,0.0
1144,697.33,937.3865788765706,698.9062798846426,22.278390391328262,124830.05516982,2538.185618136321,95.89911413776134,40.21306677091284,0.0,15.45770364690429,2700,562.7277337572528,0.0
1145,697.335,937.289599758079,700.1027323388996,22.31330856867193,124830.05516982,2538.185483886733,95.89906752325062,40.2474379357614,0.0,15.457759379011375,2700,562.7277337572528,0.0
1146,697.34,937.1924159976318,701.3000362077408,22.34824661752436,124830.05516982,2538.185349637145,95.8990209087399,40.28180416213314,0.0,15.457815158873284,2700,562.7277337572528,0.0
1147,697.345,937.0950277132223,702.4981907564558,22.383204515029135,124830.05516982,2538.185215387557,95.89897429422918,40.316165441588794,0.0,15.457870986483188,2700,562.7277337572528,0.0
1148,697.35,936.9974350230312,703.6971952495745,22.418182238318543,124830.05516982,2538.185081137969,95.89892767971845,40.35052176569436,0.0,15.457926861834245,2700,562.7277337572528,0.0
1149,697.355,936.8996380454244,704.8970489508724,22.453179764524343,124830.05516982,2538.1849468883806,95.89888106520775,40.38487312602113,0.0,15.457982784919603,2700,562.7277337572528,0.0
1150,697.36,936.8016368989535,706.0977511233684,22.48819707074688,124830.05516982,2538.184812638793,95.89883445069702,40.41921951414566,0.0,15.458038755732396,2700,562.7277337572528,0.0
1151,697.365,936.7034317023558,707.2993010293284,22.523234134097393,124830.05516982,2538.1846783892047,95.8987878361863,40.453560921649846,0.0,15.458094774265748,2700,562.7277337572528,0.0
1152,697.37,936.6050225745539,708.5016979302655,22.558290931661755,124830.05516982,2538.1845441396167,95.89874122167558,40.48789734012085,0.0,15.45815084051277,2700,562.7277337572528,0.0
1153,697.375,936.5064096346547,709.7049410869424,22.59336744050052,124830.05516982,2538.1844098900287,95.89869460716486,40.52222876115118,0.0,15.458206954466563,2700,562.7277337572528,0.0
1154,697.38,936.4075930019505,710.9090297593723,22.628463637715267,124830.05516982,2538.184275640441,95.89864799265413,40.55655517633865,0.0,15.458263116120218,2700,562.7277337572528,0.0
1155,697.385,936.308572795917,712.1139632068199,22.6635795003384,124830.05516982,2538.184141390853,95.89860137814343,40.5908765772864,0.0,15.458319325466807,2700,562.7277337572528,0.0
1156,697.39,936.2093491362152,713.319740687804,22.69871500542509,124830.05516982,2538.184007141265,95.8985547636327,40.625192955602905,0.0,15.458375582499395,2700,562.7277337572528,0.0
1157,697.395,936.1099221426891,714.5263614600975,22.733870130000838,124830.05516982,2538.183872891677,95.89850814912198,40.65950430290201,0.0,15.458431887211038,2700,562.7277337572528,0.0
1158,697.4,936.0102919353664,715.7338247807294,22.769044851097924,124830.05516982,2538.183738642089,95.89846153461126,40.693810610802856,0.0,15.458488239594777,2700,562.7277337572528,0.0
1159,697.405,935.9104586344579,716.9421299059875,22.80423914573005,124830.05516982,2538.1836043925005,95.89841492010054,40.72811187092999,0.0,15.458544639643641,2700,562.7277337572528,0.0
1160,697.41,935.8104223603581,718.1512760914168,22.83945299090549,124830.05516982,2538.183470142913,95.89836830558983,40.762408074913324,0.0,15.458601087350647,2700,562.7277337572528,0.0
1161,697.415,935.7101832336433,719.3612625918241,22.87468636360097,124830.05516982,2538.1833358933245,95.8983216910791,40.7966992143881,0.0,15.458657582708806,2700,562.7277337572528,0.0
1162,697.42,935.6097413750734,720.5720886612779,22.909939240805784,124830.05516982,2538.183201643737,95.89827507656838,40.83098528099497,0.0,15.45871412571111,2700,562.7277337572528,0.0
1163,697.4250000000001,935.5090969055899,721.7837535531095,22.945211599494144,124830.05516982,2538.1830673941486,95.89822846205766,40.86526626637998,0.0,15.458770716350543,2700,562.7277337572528,0.0
1164,697.4300000000001,935.4082499463156,722.9962565199152,22.980503416617587,124830.05516982,2538.1829331445606,95.89818184754694,40.89954216219456,0.0,15.458827354620077,2700,562.7277337572528,0.0
1165,697.4350000000001,935.3072006185561,724.2095968135576,23.015814669122346,124830.05516982,2538.1827988949726,95.89813523303621,40.93381296009553,0.0,15.458884040512672,2700,562.7277337572528,0.0
1166,697.44,935.2059490437982,725.4237736851665,23.051145333970872,124830.05516982,2538.1826646453846,95.8980886185255,40.96807865174514,0.0,15.458940774021274,2700,562.7277337572528,0.0
1167,697.445,935.1044953437091,726.6387863851406,23.086495388067554,124830.05516982,2538.1825303957967,95.89804200401478,41.002339228811024,0.0,15.458997555138822,2700,562.7277337572528,0.0
1168,697.45,935.0028396401372,727.8546341631496,23.12186480833602,124830.05516982,2538.1823961462087,95.89799538950406,41.03659468296628,0.0,15.459054383858243,2700,562.7277337572528,0.0
1169,697.455,934.900982055112,729.0713162681349,23.1572535716931,124830.05516982,2538.1822618966203,95.89794877499335,41.07084500588942,0.0,15.459111260172449,2700,562.7277337572528,0.0
1170,697.46,934.7989227108425,730.2888319483104,23.192661655020125,124830.05516982,2538.1821276470328,95.89790216048262,41.105090189264374,0.0,15.459168184074342,2700,562.7277337572528,0.0
1171,697.465,934.6966617297189,731.5071804511657,23.228089035210644,124830.05516982,2538.1819933974443,95.8978555459719,41.13933022478054,0.0,15.459225155556815,2700,562.7277337572528,0.0
1172,697.47,934.5941992343095,732.7263610234659,23.263535689132542,124830.05516982,2538.181859147857,95.89780893146119,41.173565104132756,0.0,15.459282174612746,2700,562.7277337572528,0.0
1173,697.475,934.4915353473637,733.9463729112538,23.299001593676113,124830.05516982,2538.1817248982684,95.89776231695046,41.20779481902132,0.0,15.459339241234998,2700,562.7277337572528,0.0
1174,697.48,934.3886701918092,735.1672153598515,23.33448672566534,124830.05516982,2538.1815906486804,95.89771570243974,41.24201936115202,0.0,15.459396355416432,2700,562.7277337572528,0.0
1175,697.485,934.2856038907529,736.3888876138614,23.36999106197457,124830.05516982,2538.1814563990924,95.89766908792903,41.27623872223607,0.0,15.459453517149893,2700,562.7277337572528,0.0
1176,697.49,934.1823365674802,737.611388917167,23.40551457941423,124830.05516982,2538.1813221495045,95.8976224734183,41.31045289399021,0.0,15.459510726428212,2700,562.7277337572528,0.0
1177,697.495,934.0788683454552,738.8347185129368,23.441057254827417,124830.05516982,2538.1811878999165,95.89757585890759,41.34466186813663,0.0,15.45956798324421,2700,562.7277337572528,0.0
1178,697.5,933.9751993483201,740.0588756436221,23.476619065015935,124830.05516982,2538.1810536503285,95.89752924439686,41.378865636403056,0.0,15.459625287590697,2700,562.7277337572528,0.0
1179,697.505,933.8713296998944,741.283859550962,23.512199986780214,124830.05516982,2538.18091940074,95.89748262988614,41.41306419052268,0.0,15.45968263946047,2700,562.7277337572528,0.0
1180,697.51,933.7672595241763,742.5096694759824,23.547799996932884,124830.05516982,2538.1807851511526,95.89743601537542,41.44725752223421,0.0,15.45974003884632,2700,562.7277337572528,0.0
1181,697.515,933.6629889453403,743.7363046589979,23.58341907224134,124830.05516982,2538.180650901564,95.89738940086471,41.481445623281886,0.0,15.459797485741019,2700,562.7277337572528,0.0
1182,697.52,933.5585180877379,744.963764339615,23.619057189486043,124830.05516982,2538.1805166519766,95.89734278635397,41.51562848541546,0.0,15.459854980137333,2700,562.7277337572528,0.0
1183,697.525,933.4538470758981,746.1920477567306,23.654714325434608,124830.05516982,2538.180382402388,95.89729617184327,41.549806100390214,0.0,15.459912522028011,2700,562.7277337572528,0.0
1184,697.53,933.348976034526,747.4211541485361,23.690390456828837,124830.05516982,2538.1802481528002,95.89724955733254,41.58397845996695,0.0,15.459970111405797,2700,562.7277337572528,0.0
1185,697.535,933.2439050885024,748.6510827525168,23.72608556043164,124830.05516982,2538.1801139032123,95.89720294282182,41.61814555591205,0.0,15.46002774826342,2700,562.7277337572528,0.0
1186,697.54,933.1386343628848,749.8818328054554,23.76179961296289,124830.05516982,2538.1799796536243,95.89715632831111,41.652307379997424,0.0,15.460085432593598,2700,562.7277337572528,0.0
1187,697.545,933.033163982906,751.1134035434316,23.797532591148833,124830.05516982,2538.1798454040363,95.89710971380039,41.68646392400055,0.0,15.460143164389034,2700,562.7277337572528,0.0
1188,697.5500000000001,932.927494073974,752.3457942018242,23.83328447170856,124830.05516982,2538.1797111544483,95.89706309928965,41.720615179704446,0.0,15.460200943642429,2700,562.7277337572528,0.0
1189,697.5550000000001,932.8216247616724,753.5790040153133,23.869055231341484,124830.05516982,2538.17957690486,95.89701648477894,41.75476113889774,0.0,15.460258770346464,2700,562.7277337572528,0.0
1190,697.5600000000001,932.7155561717591,754.8130322178805,23.904844846740104,124830.05516982,2538.1794426552724,95.89696987026822,41.78890179337462,0.0,15.460316644493808,2700,562.7277337572528,0.0
1191,697.565,932.6092884301664,756.0478780428111,23.94065329460087,124830.05516982,2538.179308405684,95.8969232557575,41.82303713493484,0.0,15.460374566077128,2700,562.7277337572528,0.0
1192,697.57,932.5028216630018,757.2835407226956,23.976480551593212,124830.05516982,2538.1791741560965,95.89687664124679,41.85716715538379,0.0,15.460432535089069,2700,562.7277337572528,0.0
1193,697.575,932.3961559965456,758.5200194894308,24.012326594382113,124830.05516982,2538.179039906508,95.89683002673607,41.89129184653243,0.0,15.460490551522271,2700,562.7277337572528,0.0
1194,697.58,932.2892915572526,759.7573135742211,24.04819139962752,124830.05516982,2538.17890565692,95.89678341222535,41.925411200197324,0.0,15.46054861536936,2700,562.7277337572528,0.0
1195,697.585,932.1822284717505,760.9954222075809,24.084074943961717,124830.05516982,2538.178771407332,95.89673679771462,41.95952520820067,0.0,15.460606726622952,2700,562.7277337572528,0.0
1196,697.59,932.0749668668408,762.2343446193345,24.119977204044535,124830.05516982,2538.178637157744,95.8966901832039,41.99363386237026,0.0,15.460664885275648,2700,562.7277337572528,0.0
1197,697.595,931.9675068694972,763.4740800386198,24.155898156480763,124830.05516982,2538.178502908156,95.89664356869318,42.02773715453954,0.0,15.460723091320045,2700,562.7277337572528,0.0
1198,697.6,931.8598486068661,764.714627693887,24.191837777895692,124830.05516982,2538.178368658568,95.89659695418247,42.061835076547574,0.0,15.460781344748721,2700,562.7277337572528,0.0
1199,697.605,931.7519922062664,765.9559868129028,24.227796044912036,124830.05516982,2538.17823440898,95.89655033967175,42.09592762023908,0.0,15.460839645554248,2700,562.7277337572528,0.0
1200,697.61,931.643937795189,767.1981566227495,24.263772934112133,124830.05516982,2538.178100159392,95.89650372516103,42.13001477746441,0.0,15.460897993729182,2700,562.7277337572528,0.0
1201,697.615,931.5356855012964,768.4411363498281,24.29976842208779,124830.05516982,2538.177965909804,95.8964571106503,42.16409654007957,0.0,15.460956389266071,2700,562.7277337572528,0.0
1202,697.62,931.4272354524228,769.684925219859,24.335782485425376,124830.05516982,2538.1778316602163,95.89641049613958,42.19817289994624,0.0,15.461014832157451,2700,562.7277337572528,0.0
1203,697.625,931.3185877765732,770.9295224578836,24.37181510068126,124830.05516982,2538.177697410628,95.89636388162887,42.232243848931766,0.0,15.461073322395846,2700,562.7277337572528,0.0
1204,697.63,931.2097426019236,772.1749272882664,24.40786624444351,124830.05516982,2538.17756316104,95.89631726711815,42.266309378909156,0.0,15.46113185997377,2700,562.7277337572528,0.0
1205,697.635,931.100700056821,773.4211389346946,24.443935893227348,124830.05516982,2538.177428911452,95.89627065260743,42.30036948175712,0.0,15.461190444883727,2700,562.7277337572528,0.0
1206,697.64,930.9914602697825,774.6681566201821,24.480024023609175,124830.05516982,2538.177294661864,95.8962240380967,42.334424149360046,0.0,15.461249077118202,2700,562.7277337572528,0.0
1207,697.645,930.8820233694947,775.9159795670693,24.516130612102895,124830.05516982,2538.177160412276,95.89617742358598,42.368473373608005,0.0,15.461307756669676,2700,562.7277337572528,0.0
1208,697.65,930.7723894848148,777.1646069970245,24.552255635257975,124830.05516982,2538.177026162688,95.89613080907526,42.40251714639679,0.0,15.461366483530622,2700,562.7277337572528,0.0
1209,697.655,930.6625587447688,778.4140381310467,24.58839906955284,124830.05516982,2538.1768919131,95.89608419456455,42.4365554596279,0.0,15.46142525769349,2700,562.7277337572528,0.0
1210,697.66,930.5525312785528,779.6642721894656,24.624560891518097,124830.05516982,2538.176757663512,95.89603758005383,42.47058830520853,0.0,15.461484079150729,2700,562.7277337572528,0.0
1211,697.665,930.4423072155306,780.9153083919435,24.66074107763702,124830.05516982,2538.1766234139236,95.8959909655431,42.50461567505163,0.0,15.461542947894774,2700,562.7277337572528,0.0
1212,697.67,930.3318866852358,782.1671459574778,24.69693960441117,124830.05516982,2538.176489164336,95.89594435103238,42.53863756107586,0.0,15.461601863918046,2700,562.7277337572528,0.0
1213,697.6750000000001,930.2212698173694,783.4197841044011,24.733156448317533,124830.05516982,2538.1763549147477,95.89589773652166,42.57265395520561,0.0,15.461660827212956,2700,562.7277337572528,0.0
1214,697.6800000000001,930.110456741801,784.6732220503831,24.769391585824764,124830.05516982,2538.17622066516,95.89585112201094,42.60666484937102,0.0,15.461719837771904,2700,562.7277337572528,0.0
1215,697.6850000000001,929.999447588568,785.9274590124323,24.80564499338304,124830.05516982,2538.1760864155717,95.89580450750023,42.64067023550798,0.0,15.461778895587283,2700,562.7277337572528,0.0
1216,697.69,929.888242487875,787.1824942068977,24.841916647448354,124830.05516982,2538.1759521659837,95.89575789298951,42.67467010555814,0.0,15.461838000651468,2700,562.7277337572528,0.0
1217,697.695,929.7768415700938,788.4383268494693,24.878206524481307,124830.05516982,2538.1758179163958,95.89571127847879,42.70866445146891,0.0,15.461897152956826,2700,562.7277337572528,0.0
1218,697.7,929.6652449657635,789.694956155181,24.914514600902464,124830.05516982,2538.175683666808,95.89566466396806,42.74265326519347,0.0,15.461956352495713,2700,562.7277337572528,0.0
1219,697.705,929.5534528055897,790.9523813384106,24.95084085314363,124830.05516982,2538.17554941722,95.89561804945734,42.77663653869075,0.0,15.462015599260473,2700,562.7277337572528,0.0
1220,697.71,929.4414652204443,792.2106016128823,24.987185257608953,124830.05516982,2538.175415167632,95.89557143494662,42.81061426392551,0.0,15.462074893243441,2700,562.7277337572528,0.0
1221,697.715,929.3292823413651,793.4696161916678,25.023547790711653,124830.05516982,2538.1752809180434,95.89552482043591,42.844586432868255,0.0,15.462134234436936,2700,562.7277337572528,0.0
1222,697.72,929.2169042995557,794.7294242871878,25.05992842885909,124830.05516982,2538.175146668456,95.89547820592519,42.878553037495315,0.0,15.46219362283327,2700,562.7277337572528,0.0
1223,697.725,929.1043312263855,795.9900251112135,25.09632714843515,124830.05516982,2538.1750124188675,95.89543159141446,42.91251406978881,0.0,15.462253058424745,2700,562.7277337572528,0.0
1224,697.73,928.9915632533888,797.2514178748683,25.132743925827008,124830.05516982,2538.17487816928,95.89538497690374,42.94646952173666,0.0,15.462312541203644,2700,562.7277337572528,0.0
1225,697.735,928.878600512265,798.5136017886285,25.169178737405193,124830.05516982,2538.1747439196915,95.89533836239302,42.980419385332624,0.0,15.462372071162251,2700,562.7277337572528,0.0
1226,697.74,928.7654431348783,799.7765760623262,25.205631559534822,124830.05516982,2538.1746096701036,95.89529174788231,43.01436365257626,0.0,15.462431648292828,2700,562.7277337572528,0.0
1227,697.745,928.6520912532566,801.0403399051495,25.242102368570105,124830.05516982,2538.1744754205156,95.89524513337159,43.04830231547297,0.0,15.46249127258763,2700,562.7277337572528,0.0
1228,697.75,928.5385449995929,802.3048925256446,25.27859114085743,124830.05516982,2538.1743411709276,95.89519851886087,43.08223536603397,0.0,15.462550944038904,2700,562.7277337572528,0.0
1229,697.755,928.4248045062428,803.5702331317169,25.31509785274818,124830.05516982,2538.1742069213396,95.89515190435016,43.11616279627635,0.0,15.462610662638879,2700,562.7277337572528,0.0
1230,697.76,928.310869905726,804.8363609306326,25.351622480555033,124830.05516982,2538.1740726717517,95.89510528983942,43.15008459822301,0.0,15.462670428379779,2700,562.7277337572528,0.0
1231,697.765,928.1967413307261,806.1032751290211,25.38816500061771,124830.05516982,2538.1739384221632,95.8950586753287,43.184000763902745,0.0,15.462730241253814,2700,562.7277337572528,0.0
1232,697.77,928.0824189140877,807.3709749328747,25.424725389230797,124830.05516982,2538.1738041725757,95.89501206081799,43.21791128535016,0.0,15.462790101253187,2700,562.7277337572528,0.0
1233,697.775,927.9679027888201,808.6394595475516,25.461303622722298,124830.05516982,2538.1736699229873,95.89496544630727,43.25181615460578,0.0,15.46285000837008,2700,562.7277337572528,0.0
1234,697.78,927.8531930880936,809.9087281777768,25.497899677382073,124830.05516982,2538.1735356734,95.89491883179655,43.285715363715966,0.0,15.462909962596674,2700,562.7277337572528,0.0
1235,697.785,927.738289945241,811.1787800276437,25.534513529487043,124830.05516982,2538.1734014238114,95.89487221728584,43.31960890473297,0.0,15.462969963925136,2700,562.7277337572528,0.0
1236,697.79,927.623193493757,812.4496143006153,25.571145155339945,124830.05516982,2538.1732671742234,95.8948256027751,43.353496769714944,0.0,15.463030012347621,2700,562.7277337572528,0.0
1237,697.795,927.5079038672974,813.7212301995262,25.607794531188492,124830.05516982,2538.1731329246354,95.89477898826438,43.38737895072592,0.0,15.46309010785627,2700,562.7277337572528,0.0
1238,697.8000000000001,927.3924211996792,814.9936269265844,25.644461633308257,124830.05516982,2538.1729986750474,95.89473237375367,43.421255439835825,0.0,15.46315025044322,2700,562.7277337572528,0.0
1239,697.8050000000001,927.2767456248808,816.2668036833711,25.681146437961832,124830.05516982,2538.1728644254595,95.89468575924295,43.455126229120495,0.0,15.463210440100593,2700,562.7277337572528,0.0
1240,697.8100000000001,927.1608772770405,817.540759670844,25.717848921402172,124830.05516982,2538.1727301758715,95.89463914473222,43.48899131066168,0.0,15.463270676820496,2700,562.7277337572528,0.0
1241,697.815,927.0448162904574,818.815494089338,25.754569059859946,124830.05516982,2538.172595926283,95.89459253022152,43.52285067654706,0.0,15.463330960595034,2700,562.7277337572528,0.0
1242,697.82,926.9285627995904,820.0910061385669,25.791306829554006,124830.05516982,2538.1724616766955,95.89454591571078,43.55670431887021,0.0,15.463391291416293,2700,562.7277337572528,0.0
1243,697.825,926.8121169390581,821.3672950176251,25.828062206728497,124830.05516982,2538.172327427107,95.89449930120007,43.59055222973066,0.0,15.463451669276353,2700,562.7277337572528,0.0
1244,697.83,926.695478843639,822.6443599249878,25.864835167600447,124830.05516982,2538.1721931775196,95.89445268668935,43.624394401233886,0.0,15.46351209416728,2700,562.7277337572528,0.0
1245,697.835,926.5786486482697,823.9222000585149,25.90162568836707,124830.05516982,2538.172058927931,95.89440607217863,43.65823082549128,0.0,15.46357256608113,2700,562.7277337572528,0.0
1246,697.84,926.4616264880466,825.2008146154504,25.938433745229954,124830.05516982,2538.171924678343,95.89435945766792,43.6920614946202,0.0,15.463633085009949,2700,562.7277337572528,0.0
1247,697.845,926.3444124982243,826.4802027924245,25.97525931438453,124830.05516982,2538.1717904287552,95.8943128431572,43.725886400743946,0.0,15.463693650945771,2700,562.7277337572528,0.0
1248,697.85,926.2270068142159,827.7603637854556,26.012102372030622,124830.05516982,2538.1716561791673,95.89426622864646,43.7597055359918,0.0,15.463754263880617,2700,562.7277337572528,0.0
1249,697.855,926.1094095715921,829.0412967899513,26.04896289432378,124830.05516982,2538.1715219295793,95.89421961413575,43.793518892499016,0.0,15.463814923806503,2700,562.7277337572528,0.0
1250,697.86,925.9916209060813,830.3230010007104,26.085840857434167,124830.05516982,2538.1713876799913,95.89417299962503,43.827326462406795,0.0,15.463875630715426,2700,562.7277337572528,0.0
1251,697.865,925.8736409535697,831.6054756119229,26.12273623753466,124830.05516982,2538.1712534304033,95.8941263851143,43.86112823786233,0.0,15.46393638459938,2700,562.7277337572528,0.0
1252,697.87,925.7554698501003,832.8887198171736,26.159649010773183,124830.05516982,2538.1711191808154,95.8940797706036,43.894924211018825,0.0,15.463997185450342,2700,562.7277337572528,0.0
1253,697.875,925.6371077318731,834.1727328094429,26.196579153287725,124830.05516982,2538.170984931227,95.89403315609287,43.92871437403545,0.0,15.464058033260283,2700,562.7277337572528,0.0
1254,697.88,925.518554735244,835.4575137811074,26.233526641239887,124830.05516982,2538.1708506816394,95.89398654158214,43.96249871907739,0.0,15.464118928021158,2700,562.7277337572528,0.0
1255,697.885,925.3998109967259,836.7430619239425,26.27049145072998,124830.05516982,2538.170716432051,95.89393992707143,43.99627723831582,0.0,15.464179869724916,2700,562.7277337572528,0.0
1256,697.89,925.2808766529874,838.0293764291229,26.30747355791367,124830.05516982,2538.170582182463,95.8938933125607,44.03004992392793,0.0,15.464240858363492,2700,562.7277337572528,0.0
1257,697.895,925.1617518408522,839.3164564872253,26.344472938883346,124830.05516982,2538.170447932875,95.89384669804998,44.063816768096956,0.0,15.46430189392881,2700,562.7277337572528,0.0
1258,697.9,925.0424366973001,840.6043012882291,26.381489569755157,124830.05516982,2538.170313683287,95.89380008353928,44.097577763012126,0.0,15.464362976412783,2700,562.7277337572528,0.0
1259,697.905,924.9229313594657,841.8929100215177,26.418523426630923,124830.05516982,2538.170179433699,95.89375346902855,44.13133290086871,0.0,15.464424105807318,2700,562.7277337572528,0.0
1260,697.91,924.8032359646377,843.1822818758814,26.455574485599602,124830.05516982,2538.170045184111,95.89370685451783,44.16508217386803,0.0,15.464485282104304,2700,562.7277337572528,0.0
1261,697.915,924.6833506502603,844.4724160395167,26.492642722746776,124830.05516982,2538.169910934523,95.89366024000711,44.1988255742174,0.0,15.464546505295623,2700,562.7277337572528,0.0
1262,697.92,924.5632755539315,845.7633117000298,26.529728114161408,124830.05516982,2538.169776684935,95.89361362549639,44.232563094130256,0.0,15.464607775373146,2700,562.7277337572528,0.0
1263,697.9250000000001,924.4430108134026,847.0549680444374,26.56683063590428,124830.05516982,2538.1696424353468,95.89356701098566,44.266294725826036,0.0,15.464669092328736,2700,562.7277337572528,0.0
1264,697.9300000000001,924.3225565665787,848.3473842591678,26.603950264053235,124830.05516982,2538.1695081857592,95.89352039647495,44.30002046153025,0.0,15.464730456154237,2700,562.7277337572528,0.0
1265,697.9350000000001,924.2019129515187,849.6405595300628,26.64108697463819,124830.05516982,2538.169373936171,95.89347378196423,44.33374029347449,0.0,15.46479186684149,2700,562.7277337572528,0.0
1266,697.94,924.0810801064341,850.9344930423794,26.678240743732324,124830.05516982,2538.1692396865833,95.89342716745351,44.36745421389641,0.0,15.46485332438232,2700,562.7277337572528,0.0
1267,697.945,923.9600581696893,852.2291839807912,26.715411547384306,124830.05516982,2538.169105436995,95.89338055294279,44.40116221503974,0.0,15.464914828768546,2700,562.7277337572528,0.0
1268,697.95,923.8388472798006,853.5246315293894,26.752599361613587,124830.05516982,2538.168971187407,95.89333393843206,44.434864289154305,0.0,15.464976379991972,2700,562.7277337572528,0.0
1269,697.955,923.7174475754364,854.820834871685,26.789804162441982,124830.05516982,2538.168836937819,95.89328732392136,44.468560428496005,0.0,15.465037978044395,2700,562.7277337572528,0.0
1270,697.96,923.5958591954179,856.11779319061,26.82702592589925,124830.05516982,2538.168702688231,95.89324070941063,44.502250625326866,0.0,15.465099622917595,2700,562.7277337572528,0.0
1271,697.965,923.4740822787164,857.4155056685191,26.864264628016798,124830.05516982,2538.168568438643,95.89319409489991,44.53593487191498,0.0,15.46516131460335,2700,562.7277337572528,0.0
1272,697.97,923.3521169644555,858.7139714871907,26.901520244770325,124830.05516982,2538.168434189055,95.89314748038919,44.56961316053458,0.0,15.465223053093421,2700,562.7277337572528,0.0
1273,697.975,923.229963391909,860.0131898278298,26.938792752182923,124830.05516982,2538.1682999394666,95.89310086587847,44.603285483465996,0.0,15.465284838379558,2700,562.7277337572528,0.0
1274,697.98,923.1076217005018,861.3131598710671,26.97608212623672,124830.05516982,2538.168165689879,95.89305425136774,44.636951832995685,0.0,15.465346670453506,2700,562.7277337572528,0.0
1275,697.985,922.9850920298085,862.6138807969627,27.013388342921054,124830.05516982,2538.1680314402906,95.89300763685704,44.67061220141623,0.0,15.465408549306993,2700,562.7277337572528,0.0
1276,697.99,922.8623745195545,863.915351785007,27.05071137822054,124830.05516982,2538.167897190703,95.89296102234631,44.70426658102635,0.0,15.465470474931738,2700,562.7277337572528,0.0
1277,697.995,922.7394693096144,865.217572014122,27.088051208085364,124830.05516982,2538.1677629411147,95.89291440783559,44.73791496413091,0.0,15.46553244731945,2700,562.7277337572528,0.0
1278,698.0,922.616376540012,866.520540662663,27.125407808520833,124830.05516982,2538.1676286915267,95.89286779332487,44.77155734304089,0.0,15.46559446646183,2700,562.7277337572528,0.0
1279,698.005,922.493096350921,867.8242569084193,27.16278115545135,124830.05516982,2538.1674944419387,95.89282117881415,44.80519371007346,0.0,15.465656532350563,2700,562.7277337572528,0.0
1280,698.01,922.3696288826628,869.1287199286176,27.200171224859524,124830.05516982,2538.1673601923508,95.89277456430342,44.83882405755192,0.0,15.465718644977326,2700,562.7277337572528,0.0
1281,698.015,922.2459742757086,870.4339288999217,27.237577992653055,124830.05516982,2538.167225942763,95.89272794979271,44.87244837780573,0.0,15.465780804333786,2700,562.7277337572528,0.0
1282,698.02,922.1221326706766,871.7398829984345,27.275001434806345,124830.05516982,2538.167091693175,95.89268133528199,44.90606666317054,0.0,15.465843010411598,2700,562.7277337572528,0.0
1283,698.025,921.9981042083342,873.0465813997,27.312441527221768,124830.05516982,2538.1669574435864,95.89263472077127,44.93967890598817,0.0,15.465905263202409,2700,562.7277337572528,0.0
1284,698.03,921.8738890295955,874.3540232787049,27.349898245851676,124830.05516982,2538.166823193999,95.89258810626055,44.973285098606596,0.0,15.465967562697848,2700,562.7277337572528,0.0
1285,698.035,921.7494872755216,875.6622078098795,27.387371566591764,124830.05516982,2538.1666889444105,95.89254149174982,45.006885233380004,0.0,15.466029908889544,2700,562.7277337572528,0.0
1286,698.04,921.6248990873218,876.9711341670992,27.424861465381383,124830.05516982,2538.166554694823,95.89249487723912,45.04047930266876,0.0,15.466092301769107,2700,562.7277337572528,0.0
1287,698.045,921.500124606351,878.2808015236869,27.46236791810162,124830.05516982,2538.1664204452345,95.8924482627284,45.07406729883943,0.0,15.46615474132814,2700,562.7277337572528,0.0
1288,698.0500000000001,921.3751639741117,879.5912090524135,27.499890900667424,124830.05516982,2538.1662861956465,95.89240164821767,45.1076492142648,0.0,15.466217227558236,2700,562.7277337572528,0.0
1289,698.0550000000001,921.2500173322512,880.9023559255,27.53743038896041,124830.05516982,2538.1661519460586,95.89235503370695,45.14122504132382,0.0,15.466279760450973,2700,562.7277337572528,0.0
1290,698.0600000000001,921.1246848225636,882.2142413146196,27.57498635887827,124830.05516982,2538.1660176964706,95.89230841919623,45.17479477240171,0.0,15.466342339997924,2700,562.7277337572528,0.0
1291,698.065,920.999166586988,883.526864390897,27.61255878629518,124830.05516982,2538.1658834468826,95.8922618046855,45.208358399889875,0.0,15.466404966190646,2700,562.7277337572528,0.0
1292,698.07,920.8734627676095,884.840224324913,27.65014764708902,124830.05516982,2538.1657491972946,95.8922151901748,45.241915916185945,0.0,15.46646763902069,2700,562.7277337572528,0.0
1293,698.075,920.7475735066565,886.1543202867038,27.68775291712932,124830.05516982,2538.165614947706,95.89216857566407,45.2754673136938,0.0,15.466530358479597,2700,562.7277337572528,0.0
1294,698.08,920.6214989465041,887.469151445763,27.72537457226511,124830.05516982,2538.1654806981187,95.89212196115335,45.309012584823556,0.0,15.46659312455889,2700,562.7277337572528,0.0
1295,698.085,920.4952392296702,888.7847169710443,27.76301258836309,124830.05516982,2538.1653464485303,95.89207534664264,45.342551721991555,0.0,15.466655937250094,2700,562.7277337572528,0.0
1296,698.09,920.3687944988172,890.1010160309611,27.800666941275335,124830.05516982,2538.1652121989428,95.8920287321319,45.3760847176204,0.0,15.466718796544706,2700,562.7277337572528,0.0
1297,698.095,920.2421648967514,891.4180477933897,27.83833760684268,124830.05516982,2538.1650779493543,95.89198211762118,45.40961156413894,0.0,15.466781702434231,2700,562.7277337572528,0.0
1298,698.1,920.1153505664223,892.7358114256697,27.876024560892116,124830.05516982,2538.1649436997664,95.89193550311047,45.443132253982306,0.0,15.46684465491015,2700,562.7277337572528,0.0
1299,698.105,919.9883516509227,894.0543060946063,27.913727779266654,124830.05516982,2538.1648094501784,95.89188888859975,45.47664677959187,0.0,15.46690765396394,2700,562.7277337572528,0.0
1300,698.11,919.8611682934878,895.3735309664717,27.951447237790862,124830.05516982,2538.1646752005904,95.89184227408903,45.51015513341528,0.0,15.466970699587065,2700,562.7277337572528,0.0
1301,698.115,919.7338006374961,896.6934852070057,27.98918291226606,124830.05516982,2538.1645409510024,95.89179565957832,45.54365730790648,0.0,15.467033791770984,2700,562.7277337572528,0.0
1302,698.12,919.6062488264672,898.0141679814188,28.0269347785364,124830.05516982,2538.1644067014145,95.89174904506758,45.57715329552566,0.0,15.467096930507132,2700,562.7277337572528,0.0
1303,698.125,919.4785130040636,899.3355784543927,28.06470281237375,124830.05516982,2538.1642724518265,95.89170243055688,45.610643088739344,0.0,15.46716011578695,2700,562.7277337572528,0.0
1304,698.13,919.3505933140893,900.657715790082,28.10248698959833,124830.05516982,2538.1641382022385,95.89165581604615,45.64412668002031,0.0,15.467223347601857,2700,562.7277337572528,0.0
1305,698.135,919.2224899004888,901.9805791521155,28.1402872860114,124830.05516982,2538.16400395265,95.89160920153543,45.67760406184765,0.0,15.467286625943267,2700,562.7277337572528,0.0
1306,698.14,919.0942029073486,903.3041677035986,28.17810367739131,124830.05516982,2538.1638697030626,95.89156258702471,45.71107522670678,0.0,15.46734995080258,2700,562.7277337572528,0.0
1307,698.145,918.9657324788951,904.6284806071143,28.21593613952955,124830.05516982,2538.163735453474,95.891515972514,45.7445401670894,0.0,15.467413322171192,2700,562.7277337572528,0.0
1308,698.15,918.8370787594959,905.9535170247239,28.25378464820023,124830.05516982,2538.163601203886,95.89146935800326,45.77799887549353,0.0,15.467476740040476,2700,562.7277337572528,0.0
1309,698.155,918.7082418936576,907.2792761179705,28.291649179167287,124830.05516982,2538.163466954298,95.89142274349256,45.81145134442352,0.0,15.46754020440181,2700,562.7277337572528,0.0
1310,698.16,918.5792220260279,908.6057570478783,28.329529708217553,124830.05516982,2538.1633327047102,95.89137612898183,45.84489756639004,0.0,15.467603715246552,2700,562.7277337572528,0.0
1311,698.165,918.4500193013931,909.9329589749564,28.367426211080826,124830.05516982,2538.1631984551223,95.89132951447111,45.87833753391009,0.0,15.46766727256605,2700,562.7277337572528,0.0
1312,698.17,918.3206338646788,911.2608810591979,28.40533866354459,124830.05516982,2538.1630642055343,95.8912828999604,45.91177123950703,0.0,15.467730876351645,2700,562.7277337572528,0.0
1313,698.1750000000001,918.1910658609496,912.5895224600836,28.443267041346044,124830.05516982,2538.1629299559463,95.89123628544968,45.945198675710536,0.0,15.467794526594663,2700,562.7277337572528,0.0
1314,698.1800000000001,918.0613154354087,913.9188823365821,28.481211320210218,124830.05516982,2538.1627957063583,95.89118967093894,45.97861983505665,0.0,15.467858223286425,2700,562.7277337572528,0.0
1315,698.1850000000001,917.9313827333976,915.2489598471524,28.51917147590562,124830.05516982,2538.16266145677,95.89114305642823,46.01203471008775,0.0,15.467921966418238,2700,562.7277337572528,0.0
1316,698.19,917.801267900396,916.5797541497445,28.557147484152125,124830.05516982,2538.1625272071824,95.89109644191751,46.04544329335259,0.0,15.467985755981402,2700,562.7277337572528,0.0
1317,698.195,917.6709710820205,917.9112644018019,28.59513932066795,124830.05516982,2538.162392957594,95.89104982740679,46.078845577406284,0.0,15.468049591967201,2700,562.7277337572528,0.0
1318,698.2,917.5404924240257,919.2434897602619,28.633146961188658,124830.05516982,2538.1622587080064,95.89100321289608,46.112241554810325,0.0,15.468113474366916,2700,562.7277337572528,0.0
1319,698.205,917.4098320723032,920.5764293815587,28.671170381436173,124830.05516982,2538.162124458418,95.89095659838536,46.145631218132564,0.0,15.46817740317181,2700,562.7277337572528,0.0
1320,698.21,917.2789901728813,921.9100824216232,28.709209557105563,124830.05516982,2538.16199020883,95.89090998387462,46.17901455994724,0.0,15.46824137837314,2700,562.7277337572528,0.0
1321,698.215,917.1479668719244,923.2444480358857,28.747264463916398,124830.05516982,2538.161855959242,95.89086336936391,46.212391572834996,0.0,15.468305399962153,2700,562.7277337572528,0.0
1322,698.22,917.0167623157336,924.5795253792779,28.78533507754991,124830.05516982,2538.161721709654,95.89081675485319,46.245762249382835,0.0,15.468369467930083,2700,562.7277337572528,0.0
1323,698.225,916.8853766507455,925.9153136062332,28.823421373718336,124830.05516982,2538.161587460066,95.89077014034247,46.27912658218418,0.0,15.468433582268158,2700,562.7277337572528,0.0
1324,698.23,916.7538100235323,927.2518118706882,28.861523328123475,124830.05516982,2538.161453210478,95.89072352583176,46.31248456383886,0.0,15.46849774296759,2700,562.7277337572528,0.0
1325,698.235,916.6220625808015,928.5890193260855,28.899640916430723,124830.05516982,2538.1613189608897,95.89067691132104,46.34583618695309,0.0,15.468561950019586,2700,562.7277337572528,0.0
1326,698.24,916.4901344693955,929.9269351253748,28.93777411431485,124830.05516982,2538.161184711302,95.89063029681031,46.379181444139526,0.0,15.468626203415338,2700,562.7277337572528,0.0
1327,698.245,916.3580258362911,931.2655584210137,28.97592289746958,124830.05516982,2538.161050461714,95.89058368229959,46.4125203280172,0.0,15.468690503146034,2700,562.7277337572528,0.0
1328,698.25,916.2257368285999,932.6048883649695,29.014087241551405,124830.05516982,2538.1609162121263,95.89053706778887,46.445852831211624,0.0,15.468754849202842,2700,562.7277337572528,0.0
1329,698.255,916.0932675935667,933.9449241087215,29.052267122240067,124830.05516982,2538.160781962538,95.89049045327815,46.47917894635469,0.0,15.46881924157693,2700,562.7277337572528,0.0
1330,698.26,915.960618278571,935.2856648032623,29.0904625151689,124830.05516982,2538.16064771295,95.89044383876744,46.51249866608476,0.0,15.46888368025945,2700,562.7277337572528,0.0
1331,698.265,915.8277890311248,936.6271095990983,29.128673396022428,124830.05516982,2538.160513463362,95.89039722425672,46.545811983046605,0.0,15.468948165241546,2700,562.7277337572528,0.0
1332,698.27,915.6947799988737,937.9692576462526,29.166899740436403,124830.05516982,2538.160379213774,95.890350609746,46.57911888989146,0.0,15.469012696514351,2700,562.7277337572528,0.0
1333,698.275,915.561591329596,939.3121080942657,29.205141524053378,124830.05516982,2538.160244964186,95.89030399523527,46.61241937927701,0.0,15.469077274068985,2700,562.7277337572528,0.0
1334,698.28,915.4282231712025,940.6556600921975,29.243398722528617,124830.05516982,2538.160110714598,95.89025738072455,46.645713443867386,0.0,15.469141897896563,2700,562.7277337572528,0.0
1335,698.285,915.2946756717357,941.9999127886288,29.281671311467043,124830.05516982,2538.1599764650095,95.89021076621384,46.67900107633318,0.0,15.469206567988186,2700,562.7277337572528,0.0
1336,698.29,915.1609489793708,943.344865331662,29.31995926653985,124830.05516982,2538.159842215422,95.89016415170312,46.712282269351455,0.0,15.469271284334944,2700,562.7277337572528,0.0
1337,698.295,915.0270432424136,944.6905168689244,29.358262563341256,124830.05516982,2538.1597079658336,95.8901175371924,46.74555701560574,0.0,15.469336046927921,2700,562.7277337572528,0.0
1338,698.3000000000001,914.8929586093021,946.0368665475678,29.3965811774945,124830.05516982,2538.159573716246,95.89007092268167,46.77882530778605,0.0,15.469400855758192,2700,562.7277337572528,0.0
1339,698.3050000000001,914.7586952286046,947.383913514272,29.43491508464378,124830.05516982,2538.1594394666577,95.89002430817095,46.812087138588865,0.0,15.469465710816813,2700,562.7277337572528,0.0
1340,698.3100000000001,914.6242532490203,948.7316569152442,29.47326426036947,124830.05516982,2538.1593052170697,95.88997769366023,46.84534250071716,0.0,15.469530612094836,2700,562.7277337572528,0.0
1341,698.315,914.4896328193785,950.0800958962226,29.511628680295395,124830.05516982,2538.1591709674817,95.88993107914952,46.87859138688039,0.0,15.469595559583304,2700,562.7277337572528,0.0
1342,698.32,914.3548340886385,951.4292296024759,29.55000832001517,124830.05516982,2538.1590367178937,95.8898844646388,46.91183378979453,0.0,15.469660553273247,2700,562.7277337572528,0.0
1343,698.325,914.2198572058898,952.7790571788073,29.58840315513236,124830.05516982,2538.1589024683058,95.88983785012807,46.945069702182025,0.0,15.469725593155687,2700,562.7277337572528,0.0
1344,698.33,914.0847023203509,954.1295777695535,29.62681316124625,124830.05516982,2538.158768218718,95.88979123561735,46.97829911677186,0.0,15.469790679221632,2700,562.7277337572528,0.0
1345,698.335,913.9493695813692,955.4807905185885,29.665238313936,124830.05516982,2538.1586339691294,95.88974462110663,47.0115220262995,0.0,15.469855811462084,2700,562.7277337572528,0.0
1346,698.34,913.8138591384212,956.8326945693233,29.703678588793544,124830.05516982,2538.158499719542,95.8896980065959,47.04473842350695,0.0,15.469920989868035,2700,562.7277337572528,0.0
1347,698.345,913.678171141112,958.1852890647089,29.74213396138054,124830.05516982,2538.1583654699534,95.8896513920852,47.07794830114272,0.0,15.469986214430465,2700,562.7277337572528,0.0
1348,698.35,913.5423057391745,959.5385731472365,29.78060440729882,124830.05516982,2538.158231220366,95.88960477757448,47.111151651961855,0.0,15.47005148514034,2700,562.7277337572528,0.0
1349,698.355,913.4062630824698,960.8925459589404,29.8190899021138,124830.05516982,2538.1580969707775,95.88955816306375,47.14434846872593,0.0,15.470116801988626,2700,562.7277337572528,0.0
1350,698.36,913.2700433209864,962.2472066413991,29.857590421381875,124830.05516982,2538.1579627211895,95.88951154855303,47.177538744203055,0.0,15.470182164966268,2700,562.7277337572528,0.0
1351,698.365,913.1336466048397,963.602554335736,29.89610594066413,124830.05516982,2538.1578284716015,95.88946493404231,47.21072247116788,0.0,15.47024757406421,2700,562.7277337572528,0.0
1352,698.37,912.9970730842728,964.9585881826214,29.93463643553093,124830.05516982,2538.1576942220136,95.8894183195316,47.243899642401594,0.0,15.470313029273381,2700,562.7277337572528,0.0
1353,698.375,912.8603229096547,966.3153073222754,29.97318188154545,124830.05516982,2538.1575599724256,95.88937170502088,47.27707025069197,0.0,15.4703785305847,2700,562.7277337572528,0.0
1354,698.38,912.7233962314812,967.6727108944677,30.011742254228256,124830.05516982,2538.1574257228376,95.88932509051016,47.31023428883329,0.0,15.470444077989077,2700,562.7277337572528,0.0
1355,698.385,912.5862932003737,969.0307980385197,30.05031752916225,124830.05516982,2538.1572914732496,95.88927847599945,47.343391749626434,0.0,15.47050967147741,2700,562.7277337572528,0.0
1356,698.39,912.44901396708,970.3895678933061,30.088907681854288,124830.05516982,2538.1571572236617,95.88923186148871,47.376542625878834,0.0,15.470575311040593,2700,562.7277337572528,0.0
1357,698.395,912.3115586824722,971.7490195972568,30.127512687871338,124830.05516982,2538.1570229740732,95.88918524697799,47.40968691040449,0.0,15.470640996669502,2700,562.7277337572528,0.0
1358,698.4,912.1739274975483,973.1091522883579,30.16613252272366,124830.05516982,2538.1568887244857,95.88913863246728,47.44282459602397,0.0,15.47070672835501,2700,562.7277337572528,0.0
1359,698.405,912.0361205634312,974.4699651041533,30.204767161954823,124830.05516982,2538.1567544748973,95.88909201795656,47.47595567556444,0.0,15.470772506087973,2700,562.7277337572528,0.0
1360,698.41,911.8981380313675,975.8314571817467,30.243416581088976,124830.05516982,2538.1566202253093,95.88904540344583,47.509080141859656,0.0,15.470838329859244,2700,562.7277337572528,0.0
1361,698.415,911.7599800527287,977.1936276578036,30.28208075564667,124830.05516982,2538.1564859757214,95.88899878893513,47.54219798774994,0.0,15.470904199659664,2700,562.7277337572528,0.0
1362,698.42,911.6216467790094,978.5564756685507,30.320759661138784,124830.05516982,2538.1563517261334,95.88895217442439,47.57530920608223,0.0,15.470970115480059,2700,562.7277337572528,0.0
1363,698.4250000000001,911.4831383618287,979.92000034978,30.359453273104883,124830.05516982,2538.1562174765454,95.88890555991367,47.60841378971005,0.0,15.471036077311249,2700,562.7277337572528,0.0
1364,698.4300000000001,911.3444549529278,981.284200836849,30.398161567029202,124830.05516982,2538.1560832269574,95.88885894540296,47.64151173149354,0.0,15.471102085144047,2700,562.7277337572528,0.0
1365,698.4350000000001,911.2055967041719,982.6490762646821,30.436884518444852,124830.05516982,2538.1559489773695,95.88881233089224,47.674603024299444,0.0,15.47116813896925,2700,562.7277337572528,0.0
1366,698.44,911.0665637675479,984.0146257677732,30.47562210281419,124830.05516982,2538.1558147277815,95.88876571638151,47.70768766100111,0.0,15.471234238777651,2700,562.7277337572528,0.0
1367,698.445,910.9273562951659,985.3808484801864,30.514374295682558,124830.05516982,2538.155680478193,95.8887191018708,47.740765634478535,0.0,15.47130038456003,2700,562.7277337572528,0.0
1368,698.45,910.7879744392567,986.7477435355576,30.553141072517175,124830.05516982,2538.1555462286055,95.88867248736007,47.77383693761831,0.0,15.471366576307155,2700,562.7277337572528,0.0
1369,698.455,910.648418352174,988.1153100670967,30.591922408807797,124830.05516982,2538.155411979017,95.88862587284936,47.806901563313666,0.0,15.471432814009788,2700,562.7277337572528,0.0
1370,698.46,910.5086881863928,989.4835472075879,30.630718280071516,124830.05516982,2538.1552777294296,95.88857925833864,47.83995950446447,0.0,15.471499097658675,2700,562.7277337572528,0.0
1371,698.465,910.3687840945079,990.8524540893928,30.669528661754345,124830.05516982,2538.155143479841,95.88853264382792,47.87301075397721,0.0,15.471565427244565,2700,562.7277337572528,0.0
1372,698.47,910.2287062292362,992.2220298444512,30.70835352938077,124830.05516982,2538.155009230253,95.88848602931719,47.90605530476504,0.0,15.471631802758182,2700,562.7277337572528,0.0
1373,698.475,910.0884547434146,993.5922736042812,30.747192858388367,124830.05516982,2538.154874980665,95.88843941480648,47.93909314974776,0.0,15.471698224190249,2700,562.7277337572528,0.0
1374,698.48,909.94802979,994.963184499985,30.78604662427743,124830.05516982,2538.1547407310773,95.88839280029575,47.97212428185181,0.0,15.471764691531478,2700,562.7277337572528,0.0
1375,698.485,909.8074315220686,996.3347616622456,30.82491480250727,124830.05516982,2538.1546064814893,95.88834618578504,48.00514869401028,0.0,15.471831204772569,2700,562.7277337572528,0.0
1376,698.49,909.6666600928174,997.7070042213303,30.86379736854417,124830.05516982,2538.1544722319013,95.88829957127432,48.038166379162945,0.0,15.471897763904213,2700,562.7277337572528,0.0
1377,698.495,909.5257156555615,999.0799113070938,30.90269429785662,124830.05516982,2538.154337982313,95.8882529567636,48.07117733025622,0.0,15.471964368917092,2700,562.7277337572528,0.0
1378,698.5,909.384598363735,1000.453482048977,30.941605565923048,124830.05516982,2538.1542037327254,95.88820634225289,48.10418154024321,0.0,15.472031019801879,2700,562.7277337572528,0.0
1379,698.505,909.2433083708913,1001.8277155760104,30.980531148164136,124830.05516982,2538.154069483137,95.88815972774216,48.1371790020837,0.0,15.472097716549232,2700,562.7277337572528,0.0
1380,698.51,909.1018458307012,1003.2026110168161,31.019471020075017,124830.05516982,2538.1539352335494,95.88811311323143,48.17016970874412,0.0,15.472164459149807,2700,562.7277337572528,0.0
1381,698.515,908.9602108969539,1004.5781674996065,31.058425157075543,124830.05516982,2538.153800983961,95.88806649872072,48.203153653197624,0.0,15.472231247594243,2700,562.7277337572528,0.0
1382,698.52,908.8184037235558,1005.9543841521893,31.09739353462398,124830.05516982,2538.153666734373,95.88801988421,48.23613082842404,0.0,15.472298081873177,2700,562.7277337572528,0.0
1383,698.525,908.6764244645312,1007.3312601019667,31.13637612817231,124830.05516982,2538.153532484785,95.88797326969927,48.26910122740988,0.0,15.472364961977226,2700,562.7277337572528,0.0
1384,698.53,908.5342732740214,1008.7087944759379,31.17537291313866,124830.05516982,2538.153398235197,95.88792665518856,48.30206484314836,0.0,15.472431887897006,2700,562.7277337572528,0.0
1385,698.535,908.3919503062837,1010.0869864007013,31.214383864983784,124830.05516982,2538.153263985609,95.88788004067784,48.335021668639406,0.0,15.472498859623121,2700,562.7277337572528,0.0
1386,698.54,908.2494557156921,1011.4658350024547,31.253408959147766,124830.05516982,2538.153129736021,95.8878334261671,48.36797169688966,0.0,15.472565877146163,2700,562.7277337572528,0.0
1387,698.545,908.106789656737,1012.8453394069973,31.292448171048925,124830.05516982,2538.1529954864327,95.8877868116564,48.400914920912456,0.0,15.472632940456714,2700,562.7277337572528,0.0
1388,698.5500000000001,907.9639522840243,1014.2254987397316,31.331501476127276,124830.05516982,2538.152861236845,95.88774019714567,48.43385133372784,0.0,15.472700049545352,2700,562.7277337572528,0.0
1389,698.5550000000001,907.8209437522756,1015.6063121256652,31.37056884980433,124830.05516982,2538.1527269872568,95.88769358263495,48.466780928362596,0.0,15.47276720440264,2700,562.7277337572528,0.0
1390,698.5600000000001,907.677764216327,1016.987778689411,31.409650267497536,124830.05516982,2538.1525927376692,95.88764696812424,48.49970369785022,0.0,15.47283440501913,2700,562.7277337572528,0.0
1391,698.565,907.5344138311302,1018.36989755519,31.448745704632938,124830.05516982,2538.152458488081,95.88760035361352,48.53261963523095,0.0,15.47290165138537,2700,562.7277337572528,0.0
1392,698.57,907.3908927517508,1019.7526678468331,31.487855136627513,124830.05516982,2538.152324238493,95.8875537391028,48.56552873355175,0.0,15.472968943491896,2700,562.7277337572528,0.0
1393,698.575,907.2472011333693,1021.1360886877818,31.526978538913806,124830.05516982,2538.152189988905,95.88750712459208,48.59843098586632,0.0,15.473036281329227,2700,562.7277337572528,0.0
1394,698.58,907.1033391312792,1022.5201592010895,31.566115886870513,124830.05516982,2538.152055739317,95.88746051008135,48.63132638523513,0.0,15.473103664887885,2700,562.7277337572528,0.0
1395,698.585,906.9593069008879,1023.9048785094252,31.60526715593482,124830.05516982,2538.151921489729,95.88741389557065,48.664214924725336,0.0,15.473171094158374,2700,562.7277337572528,0.0
1396,698.59,906.8151045977168,1025.2902457350708,31.64443232150087,124830.05516982,2538.151787240141,95.88736728105992,48.69709659741091,0.0,15.473238569131192,2700,562.7277337572528,0.0
1397,698.595,906.6707323773992,1026.6762599999283,31.68361135897422,124830.05516982,2538.1516529905525,95.8873206665492,48.729971396372555,0.0,15.473306089796823,2700,562.7277337572528,0.0
1398,698.6,906.5261903956814,1028.0629204255163,31.722804243762653,124830.05516982,2538.151518740965,95.88727405203848,48.762839314697715,0.0,15.473373656145746,2700,562.7277337572528,0.0
1399,698.605,906.3814788084223,1029.4502261329742,31.76201095125032,124830.05516982,2538.1513844913766,95.88722743752776,48.79570034548063,0.0,15.473441268168427,2700,562.7277337572528,0.0
1400,698.61,906.2365977715925,1030.8381762430636,31.801231456866706,124830.05516982,2538.151250241789,95.88718082301703,48.8285544818223,0.0,15.473508925855327,2700,562.7277337572528,0.0
1401,698.615,906.0915474412745,1032.2267698761696,31.84046573597115,124830.05516982,2538.1511159922006,95.88713420850632,48.861401716830485,0.0,15.473576629196891,2700,562.7277337572528,0.0
1402,698.62,905.946327973662,1033.6160061523008,31.879713763980973,124830.05516982,2538.1509817426127,95.8870875939956,48.89424204361974,0.0,15.473644378183561,2700,562.7277337572528,0.0
1403,698.625,905.80093952506,1035.0058841910943,31.91897551625752,124830.05516982,2538.1508474930247,95.88704097948488,48.92707545531139,0.0,15.473712172805763,2700,562.7277337572528,0.0
1404,698.63,905.655382251884,1036.3964031118132,31.958250968213072,124830.05516982,2538.1507132434367,95.88699436497416,48.95990194503354,0.0,15.473780013053918,2700,562.7277337572528,0.0
1405,698.635,905.50965631066,1037.7875620333523,31.997540095206695,124830.05516982,2538.1505789938487,95.88694775046343,48.99272150592111,0.0,15.473847898918438,2700,562.7277337572528,0.0
1406,698.64,905.3637618580244,1039.1793600742358,32.03684287263171,124830.05516982,2538.1504447442608,95.88690113595271,49.02553413111579,0.0,15.473915830389721,2700,562.7277337572528,0.0
1407,698.645,905.217699050723,1040.5717963526213,32.07615927590111,124830.05516982,2538.150310494673,95.886854521442,49.058339813766096,0.0,15.473983807458158,2700,562.7277337572528,0.0
1408,698.65,905.0714680456117,1041.9648699863008,32.11548928033624,124830.05516982,2538.150176245085,95.88680790693128,49.09113854702732,0.0,15.47405183011413,2700,562.7277337572528,0.0
1409,698.655,904.9250689996549,1043.3585800927015,32.15483286136141,124830.05516982,2538.1500419954964,95.88676129242056,49.12393032406157,0.0,15.474119898348013,2700,562.7277337572528,0.0
1410,698.66,904.7785020699265,1044.7529257888887,32.194189994314584,124830.05516982,2538.149907745909,95.88671467790984,49.15671513803777,0.0,15.474188012150163,2700,562.7277337572528,0.0
1411,698.665,904.6317674136081,1046.1479061915668,32.23356065457569,124830.05516982,2538.1497734963204,95.88666806339911,49.18949298213166,0.0,15.474256171510937,2700,562.7277337572528,0.0
1412,698.67,904.484865187991,1047.543520417079,32.27294481750694,124830.05516982,2538.1496392467325,95.8866214488884,49.222263849525795,0.0,15.474324376420677,2700,562.7277337572528,0.0
1413,698.6750000000001,904.337795550473,1048.9397675814134,32.31234245850577,124830.05516982,2538.1495049971445,95.88657483437768,49.25502773340957,0.0,15.474392626869719,2700,562.7277337572528,0.0
1414,698.6800000000001,904.19055865856,1050.3366468001989,32.35175355288438,124830.05516982,2538.1493707475565,95.88652821986696,49.287784626979175,0.0,15.474460922848383,2700,562.7277337572528,0.0
1415,698.6850000000001,904.0431546698659,1051.7341571887114,32.391178076059006,124830.05516982,2538.1492364979686,95.88648160535624,49.32053452343767,0.0,15.474529264346987,2700,562.7277337572528,0.0
1416,698.69,903.8955837421105,1053.1322978618728,32.43061600335682,124830.05516982,2538.1491022483806,95.88643499084552,49.35327741599493,0.0,15.474597651355838,2700,562.7277337572528,0.0
1417,698.695,903.747846033121,1054.5310679342529,32.470067310145346,124830.05516982,2538.1489679987926,95.88638837633479,49.386013297867684,0.0,15.474666083865229,2700,562.7277337572528,0.0
1418,698.7,903.5999417008308,1055.9304665200723,32.50953197179212,124830.05516982,2538.1488337492046,95.88634176182408,49.41874216227948,0.0,15.474734561865445,2700,562.7277337572528,0.0
1419,698.705,903.4518709032794,1057.3304927332024,32.54900996362952,124830.05516982,2538.148699499616,95.88629514731336,49.451464002460746,0.0,15.474803085346766,2700,562.7277337572528,0.0
1420,698.71,903.3036337986118,1058.7311456871673,32.588501261025094,124830.05516982,2538.1485652500287,95.88624853280264,49.48417881164874,0.0,15.47487165429946,2700,562.7277337572528,0.0
1421,698.715,903.155230545079,1060.132424495146,32.628005839333774,124830.05516982,2538.1484310004403,95.88620191829193,49.5168865830876,0.0,15.474940268713784,2700,562.7277337572528,0.0
1422,698.72,903.0066613010363,1061.5343282699737,32.667523673874086,124830.05516982,2538.1482967508528,95.8861553037812,49.54958731002829,0.0,15.475008928579985,2700,562.7277337572528,0.0
1423,698.725,902.8579262249447,1062.9368561241429,32.70705474003501,124830.05516982,2538.1481625012643,95.88610868927047,49.582280985728694,0.0,15.475077633888306,2700,562.7277337572528,0.0
1424,698.73,902.7090254753688,1064.3400071698056,32.74659901311849,124830.05516982,2538.1480282516764,95.88606207475976,49.61496760345351,0.0,15.475146384628976,2700,562.7277337572528,0.0
1425,698.735,902.5599592109781,1065.7437805187742,32.786156468511855,124830.05516982,2538.147894002089,95.88601546024904,49.64764715647433,0.0,15.475215180792212,2700,562.7277337572528,0.0
1426,698.74,902.4107275905457,1067.1481752825232,32.82572708153804,124830.05516982,2538.1477597525004,95.88596884573832,49.68031963806963,0.0,15.47528402236823,2700,562.7277337572528,0.0
1427,698.745,902.2613307729481,1068.5531905721916,32.865310827530536,124830.05516982,2538.147625502913,95.88592223122761,49.71298504152477,0.0,15.475352909347233,2700,562.7277337572528,0.0
1428,698.75,902.1117689171654,1069.9588254985836,32.90490768184613,124830.05516982,2538.1474912533245,95.88587561671687,49.74564336013197,0.0,15.475421841719408,2700,562.7277337572528,0.0
1429,698.755,901.9620421822801,1071.3650791721693,32.94451761978462,124830.05516982,2538.1473570037365,95.88582900220615,49.77829458719037,0.0,15.475490819474942,2700,562.7277337572528,0.0
1430,698.76,901.8121507274777,1072.7719507030895,32.98414061672618,124830.05516982,2538.1472227541485,95.88578238769544,49.81093871600599,0.0,15.475559842604008,2700,562.7277337572528,0.0
1431,698.765,901.6620947120459,1074.1794392011527,33.02377664798716,124830.05516982,2538.1470885045605,95.88573577318472,49.84357573989174,0.0,15.47562891109677,2700,562.7277337572528,0.0
1432,698.77,901.5118742953745,1075.5875437758407,33.063425688921065,124830.05516982,2538.1469542549726,95.885689158674,49.87620565216744,0.0,15.475698024943386,2700,562.7277337572528,0.0
1433,698.775,901.3614896369546,1076.9962635363077,33.103087714796075,124830.05516982,2538.1468200053846,95.88564254416329,49.908828446159816,0.0,15.475767184133998,2700,562.7277337572528,0.0
1434,698.78,901.2109408963794,1078.4055975913827,33.14276270101274,124830.05516982,2538.146685755796,95.88559592965255,49.94144411520249,0.0,15.475836388658745,2700,562.7277337572528,0.0
1435,698.785,901.0602282333418,1079.815545049571,33.1824506228692,124830.05516982,2538.1465515062087,95.88554931514184,49.97405265263601,0.0,15.475905638507754,2700,562.7277337572528,0.0
1436,698.79,900.9093518076371,1081.226105019056,33.22215145568235,124830.05516982,2538.14641725662,95.88550270063112,50.006654051807836,0.0,15.475974933671143,2700,562.7277337572528,0.0
1437,698.795,900.7583117791596,1082.6372766077,33.26186517480599,124830.05516982,2538.1462830070327,95.8854560861204,50.03924830607235,0.0,15.47604427413902,2700,562.7277337572528,0.0
1438,698.8000000000001,900.6071083079044,1084.0490589230471,33.30159175553622,124830.05516982,2538.1461487574443,95.88540947160968,50.071835408790854,0.0,15.47611365990149,2700,562.7277337572528,0.0
1439,698.8050000000001,900.4557415539665,1085.4614510723227,33.3413311732116,124830.05516982,2538.1460145078563,95.88536285709897,50.10441535333159,0.0,15.476183090948634,2700,562.7277337572528,0.0
1440,698.8100000000001,900.3042116775397,1086.874452162438,33.38108340315539,124830.05516982,2538.1458802582683,95.88531624258823,50.13698813306971,0.0,15.47625256727054,2700,562.7277337572528,0.0
1441,698.815,900.1525188389174,1088.2880612999875,33.42084842070558,124830.05516982,2538.1457460086804,95.88526962807752,50.16955374138732,0.0,15.476322088857279,2700,562.7277337572528,0.0
1442,698.82,900.0006631984921,1089.702277591255,33.46062620113266,124830.05516982,2538.1456117590924,95.8852230135668,50.202112171673456,0.0,15.476391655698912,2700,562.7277337572528,0.0
1443,698.825,899.8486449167542,1091.1171001422113,33.500416719808946,124830.05516982,2538.1454775095044,95.88517639905608,50.2346634173241,0.0,15.476461267785492,2700,562.7277337572528,0.0
1444,698.83,899.696464154293,1092.532528058519,33.54021995201952,124830.05516982,2538.145343259916,95.88512978454537,50.26720747174219,0.0,15.476530925107065,2700,562.7277337572528,0.0
1445,698.835,899.5441210717948,1093.9485604455313,33.580035873099064,124830.05516982,2538.1452090103285,95.88508317003465,50.29974432833759,0.0,15.476600627653665,2700,562.7277337572528,0.0
1446,698.84,899.3916158300443,1095.3651964082956,33.61986445834938,124830.05516982,2538.14507476074,95.88503655552391,50.332273980527155,0.0,15.47667037541532,2700,562.7277337572528,0.0
1447,698.845,899.2389485899232,1096.7824350515539,33.65970568310585,124830.05516982,2538.1449405111525,95.8849899410132,50.36479642173466,0.0,15.476740168382046,2700,562.7277337572528,0.0
1448,698.85,899.0861195124099,1098.2002754797445,33.69955952264981,124830.05516982,2538.144806261564,95.88494332650248,50.39731164539087,0.0,15.476810006543847,2700,562.7277337572528,0.0
1449,698.855,898.9331287585799,1099.618716797004,33.73942595232739,124830.05516982,2538.144672011976,95.88489671199176,50.4298196449335,0.0,15.476879889890727,2700,562.7277337572528,0.0
1450,698.86,898.7799764896045,1101.0377581071689,33.77930494743614,124830.05516982,2538.144537762388,95.88485009748105,50.46232041380725,0.0,15.47694981841267,2700,562.7277337572528,0.0
1451,698.865,898.6266628667514,1102.4573985137756,33.8191964832918,124830.05516982,2538.1444035128,95.88480348297033,50.49481394546376,0.0,15.47701979209966,2700,562.7277337572528,0.0
1452,698.87,898.4731880513838,1103.877637120065,33.85910053520812,124830.05516982,2538.144269263212,95.8847568684596,50.52730023336169,0.0,15.477089810941669,2700,562.7277337572528,0.0
1453,698.875,898.3195522049604,1105.2984730289807,33.899017078482416,124830.05516982,2538.1441350136242,95.88471025394888,50.55977927096665,0.0,15.477159874928654,2700,562.7277337572528,0.0
1454,698.88,898.165755489035,1106.7199053431727,33.93894608843044,124830.05516982,2538.144000764036,95.88466363943816,50.59225105175125,0.0,15.477229984050574,2700,562.7277337572528,0.0
1455,698.885,898.0117980652557,1108.1419331649984,33.97888754036148,124830.05516982,2538.1438665144483,95.88461702492744,50.62471556919507,0.0,15.477300138297366,2700,562.7277337572528,0.0
1456,698.89,897.8576800953658,1109.5645555965245,34.01884140958738,124830.05516982,2538.14373226486,95.88457041041673,50.65717281678469,0.0,15.47737033765897,2700,562.7277337572528,0.0
1457,698.895,897.7034017412021,1110.9877717395266,34.0588076714137,124830.05516982,2538.1435980152723,95.884523795906,50.68962278801369,0.0,15.47744058212531,2700,562.7277337572528,0.0
1458,698.9,897.5489631646955,1112.4115806954942,34.09878630115045,124830.05516982,2538.143463765684,95.88447718139528,50.72206547638265,0.0,15.4775108716863,2700,562.7277337572528,0.0
1459,698.905,897.39436452787,1113.835981565629,34.13877727410044,124830.05516982,2538.143329516096,95.88443056688456,50.754500875399145,0.0,15.47758120633185,2700,562.7277337572528,0.0
1460,698.91,897.2396059928433,1115.260973450849,34.17878056556957,124830.05516982,2538.143195266508,95.88438395237384,50.78692897857775,0.0,15.47765158605186,2700,562.7277337572528,0.0
1461,698.915,897.0846877218261,1116.6865554517876,34.21879615085077,124830.05516982,2538.14306101692,95.88433733786313,50.81934977944006,0.0,15.477722010836215,2700,562.7277337572528,0.0
1462,698.92,896.9296098771206,1118.1127266687968,34.258824005280545,124830.05516982,2538.142926767332,95.88429072335241,50.85176327151466,0.0,15.4777924806748,2700,562.7277337572528,0.0
1463,698.9250000000001,896.7743726211223,1119.5394862019482,34.298864104136705,124830.05516982,2538.142792517744,95.88424410884168,50.8841694483372,0.0,15.477862995557484,2700,562.7277337572528,0.0
1464,698.9300000000001,896.6189761163183,1120.9668331510359,34.33891642273089,124830.05516982,2538.142658268156,95.88419749433096,50.91656830345029,0.0,15.47793355547413,2700,562.7277337572528,0.0
1465,698.9350000000001,896.463420525287,1122.3947666155748,34.37898093638004,124830.05516982,2538.142524018568,95.88415087982024,50.948959830403616,0.0,15.478004160414592,2700,562.7277337572528,0.0
1466,698.94,896.3077060106984,1123.8232856948064,34.41905762036368,124830.05516982,2538.1423897689797,95.88410426530952,50.981344022753845,0.0,15.478074810368714,2700,562.7277337572528,0.0
1467,698.945,896.1518327353134,1125.2523894876965,34.45914645001582,124830.05516982,2538.142255519392,95.88405765079881,51.013720874064695,0.0,15.47814550532633,2700,562.7277337572528,0.0
1468,698.95,895.9958008619836,1126.6820770929382,34.49924740059843,124830.05516982,2538.1421212698037,95.88401103628809,51.04609037790693,0.0,15.478216245277268,2700,562.7277337572528,0.0
1469,698.955,895.839610553651,1128.1123476089556,34.53936044744467,124830.05516982,2538.1419870202158,95.88396442177736,51.078452527858325,0.0,15.478287030211344,2700,562.7277337572528,0.0
1470,698.96,895.6832619733475,1129.5432001339004,34.57948556585315,124830.05516982,2538.141852770628,95.88391780726664,51.110807317503706,0.0,15.47835786011837,2700,562.7277337572528,0.0
1471,698.965,895.5267552841943,1130.97463376566,34.61962273112698,124830.05516982,2538.14171852104,95.88387119275592,51.14315474043495,0.0,15.478428734988142,2700,562.7277337572528,0.0
1472,698.97,895.3700906494029,1132.4066476018522,34.65977191856019,124830.05516982,2538.141584271452,95.8838245782452,51.17549479025097,0.0,15.478499654810452,2700,562.7277337572528,0.0
1473,698.975,895.2132682322735,1133.8392407398317,34.69993310345329,124830.05516982,2538.141450021864,95.88377796373449,51.20782746055774,0.0,15.478570619575082,2700,562.7277337572528,0.0
1474,698.98,895.0562881961947,1135.2724122766892,34.74010626113023,124830.05516982,2538.141315772276,95.88373134922377,51.24015274496827,0.0,15.478641629271804,2700,562.7277337572528,0.0
1475,698.985,894.899150704644,1136.7061613092555,34.780291366881364,124830.05516982,2538.141181522688,95.88368473471304,51.27247063710265,0.0,15.478712683890386,2700,562.7277337572528,0.0
1476,698.99,894.7418559211868,1138.1404869340988,34.82048839600504,124830.05516982,2538.1410472730995,95.88363812020232,51.304781130588026,0.0,15.478783783420578,2700,562.7277337572528,0.0
1477,698.995,894.5844040094764,1139.57538824753,34.86069732378934,124830.05516982,2538.140913023512,95.8835915056916,51.337084219058575,0.0,15.478854927852128,2700,562.7277337572528,0.0
1478,699.0,894.4267951332541,1141.0108643456024,34.90091812556658,124830.05516982,2538.1407787739236,95.88354489118089,51.369379896155586,0.0,15.478926117174773,2700,562.7277337572528,0.0
1479,699.005,894.2690294563473,1142.4469143241142,34.941150776623104,124830.05516982,2538.140644524336,95.88349827667017,51.401668155527396,0.0,15.478997351378242,2700,562.7277337572528,0.0
1480,699.01,894.1111071426717,1143.8835372786098,34.98139525228302,124830.05516982,2538.1405102747476,95.88345166215944,51.433948990829414,0.0,15.479068630452256,2700,562.7277337572528,0.0
1481,699.015,893.953028356228,1145.3207323043807,35.021651527821646,124830.05516982,2538.1403760251596,95.88340504764872,51.466222395724145,0.0,15.479139954386525,2700,562.7277337572528,0.0
1482,699.02,893.7947932611041,1146.7584984964676,35.06191957853866,124830.05516982,2538.1402417755717,95.883358433138,51.49848836388114,0.0,15.479211323170748,2700,562.7277337572528,0.0
1483,699.025,893.6364020214739,1148.196834949662,35.10219937977842,124830.05516982,2538.1401075259837,95.88331181862728,51.530746888977056,0.0,15.479282736794623,2700,562.7277337572528,0.0
1484,699.03,893.4778548015971,1149.6357407585072,35.14249090680388,124830.05516982,2538.1399732763957,95.88326520411657,51.56299796469564,0.0,15.479354195247831,2700,562.7277337572528,0.0
1485,699.035,893.3191517658174,1151.0752150173007,35.182794134951195,124830.05516982,2538.1398390268077,95.88321858960585,51.595241584727724,0.0,15.47942569852005,2700,562.7277337572528,0.0
1486,699.04,893.1602930785654,1152.5152568200951,35.22310903948799,124830.05516982,2538.1397047772193,95.88317197509512,51.627477742771234,0.0,15.479497246600946,2700,562.7277337572528,0.0
1487,699.045,893.0012789043548,1153.9558652607002,35.26343559578178,124830.05516982,2538.139570527632,95.88312536058442,51.65970643253119,0.0,15.479568839480176,2700,562.7277337572528,0.0
1488,699.0500000000001,892.8421094077845,1155.3970394326834,35.303773779061906,124830.05516982,2538.1394362780434,95.88307874607368,51.691927647719695,0.0,15.47964047714739,2700,562.7277337572528,0.0
1489,699.0550000000001,892.6827847535374,1156.838778429372,35.344123564681134,124830.05516982,2538.139302028456,95.88303213156296,51.72414138205598,0.0,15.479712159592228,2700,562.7277337572528,0.0
1490,699.0600000000001,892.5233051063793,1158.2810813438557,35.384484927914684,124830.05516982,2538.1391677788674,95.88298551705225,51.756347629266386,0.0,15.479783886804322,2700,562.7277337572528,0.0
1491,699.065,892.363670631161,1159.723947268986,35.424857844129406,124830.05516982,2538.1390335292795,95.88293890254153,51.78854638308433,0.0,15.479855658773296,2700,562.7277337572528,0.0
1492,699.07,892.2038814928152,1161.1673752973795,35.46524228858341,124830.05516982,2538.1388992796915,95.8828922880308,51.82073763725038,0.0,15.479927475488761,2700,562.7277337572528,0.0
1493,699.075,892.0439378563574,1162.6113645214198,35.50563823658072,124830.05516982,2538.1387650301035,95.8828456735201,51.85292138551219,0.0,15.479999336940327,2700,562.7277337572528,0.0
1494,699.08,891.8838398868863,1164.0559140332562,35.546045663465485,124830.05516982,2538.1386307805155,95.88279905900936,51.88509762162454,0.0,15.480071243117589,2700,562.7277337572528,0.0
1495,699.085,891.7235877495823,1165.501022924808,35.58646454450948,124830.05516982,2538.1384965309276,95.88275244449864,51.91726633934934,0.0,15.480143194010134,2700,562.7277337572528,0.0
1496,699.09,891.5631816097074,1166.946690287766,35.626894855063306,124830.05516982,2538.138362281339,95.88270582998793,51.94942753245562,0.0,15.480215189607545,2700,562.7277337572528,0.0
1497,699.095,891.402621632606,1168.3929152135918,35.66733657041677,124830.05516982,2538.1382280317516,95.8826592154772,51.98158119471953,0.0,15.480287229899389,2700,562.7277337572528,0.0
1498,699.1,891.2419079837028,1169.839696793521,35.70778966587071,124830.05516982,2538.138093782163,95.88261260096648,52.01372731992435,0.0,15.48035931487523,2700,562.7277337572528,0.0
1499,699.105,891.0810408285041,1171.287034118565,35.748254116763555,124830.05516982,2538.1379595325757,95.88256598645577,52.045865901860516,0.0,15.48043144452462,2700,562.7277337572528,0.0
1500,699.11,890.9200203325963,1172.734926279512,35.78872989838373,124830.05516982,2538.1378252829873,95.88251937194504,52.077996934325576,0.0,15.480503618837105,2700,562.7277337572528,0.0
1501,699.115,890.7588466616464,1174.183372366928,35.82921698607656,124830.05516982,2538.1376910333993,95.88247275743433,52.11012041112422,0.0,15.480575837802219,2700,562.7277337572528,0.0
1502,699.12,890.5975199814013,1175.63237147116,35.86971535510378,124830.05516982,2538.1375567838113,95.8824261429236,52.1422363260683,0.0,15.480648101409493,2700,562.7277337572528,0.0
1503,699.125,890.4360404576876,1177.0819226823346,35.91022498085114,124830.05516982,2538.1374225342233,95.88237952841288,52.174344672976794,0.0,15.480720409648445,2700,562.7277337572528,0.0
1504,699.13,890.274408256411,1178.5320250903626,35.9507458386046,124830.05516982,2538.1372882846354,95.88233291390218,52.20644544567584,0.0,15.480792762508583,2700,562.7277337572528,0.0
1505,699.135,890.1126235435565,1179.9826777849396,35.99127790366171,124830.05516982,2538.1371540350474,95.88228629939144,52.238538637998715,0.0,15.480865159979412,2700,562.7277337572528,0.0
1506,699.14,889.9506864851878,1181.4338798555461,36.03182115136845,124830.05516982,2538.137019785459,95.88223968488072,52.270624243785875,0.0,15.480937602050425,2700,562.7277337572528,0.0
1507,699.145,889.7885972474467,1182.8856303914513,36.07237555703696,124830.05516982,2538.1368855358714,95.88219307037001,52.3027022568849,0.0,15.481010088711102,2700,562.7277337572528,0.0
1508,699.15,889.6263559965536,1184.337928481712,36.11294109600737,124830.05516982,2538.136751286283,95.88214645585929,52.33477267115055,0.0,15.481082619950925,2700,562.7277337572528,0.0
1509,699.155,889.4639628988064,1185.7907732151768,36.153517743562965,124830.05516982,2538.1366170366955,95.88209984134856,52.36683548044476,0.0,15.481155195759357,2700,562.7277337572528,0.0
1510,699.16,889.3014181205803,1187.2441636804863,36.19410547504512,124830.05516982,2538.136482787107,95.88205322683785,52.398890678636604,0.0,15.481227816125857,2700,562.7277337572528,0.0
1511,699.165,889.1387218283277,1188.6980989660742,36.23470426581556,124830.05516982,2538.136348537519,95.88200661232712,52.43093825960235,0.0,15.481300481039879,2700,562.7277337572528,0.0
1512,699.17,888.9758741885782,1190.15257816017,36.275314091154414,124830.05516982,2538.136214287931,95.8819599978164,52.46297821722541,0.0,15.481373190490864,2700,562.7277337572528,0.0
1513,699.1750000000001,888.8128753679377,1191.6076003507992,36.31593492642309,124830.05516982,2538.136080038343,95.88191338330569,52.495010545396404,0.0,15.48144594446824,2700,562.7277337572528,0.0
1514,699.1800000000001,888.6497255330883,1193.0631646257864,36.356566746911696,124830.05516982,2538.135945788755,95.88186676879496,52.52703523801309,0.0,15.481518742961436,2700,562.7277337572528,0.0
1515,699.1850000000001,888.4864248507876,1194.519270072755,36.39720952797172,124830.05516982,2538.135811539167,95.88182015428424,52.55905228898045,0.0,15.48159158595987,2700,562.7277337572528,0.0
1516,699.19,888.3229734878694,1195.9759157791314,36.437863244935116,124830.05516982,2538.1356772895792,95.88177353977353,52.59106169221063,0.0,15.481664473452946,2700,562.7277337572528,0.0
1517,699.195,888.1593716112427,1197.4331008321424,36.478527873159194,124830.05516982,2538.1355430399913,95.8817269252628,52.62306344162296,0.0,15.481737405430065,2700,562.7277337572528,0.0
1518,699.2,887.995619387891,1198.8908243188216,36.5192033879445,124830.05516982,2538.135408790403,95.88168031075209,52.65505753114395,0.0,15.481810381880619,2700,562.7277337572528,0.0
1519,699.205,887.8317169848729,1200.3490853260068,36.55988976463338,124830.05516982,2538.1352745408153,95.88163369624137,52.68704395470731,0.0,15.481883402793988,2700,562.7277337572528,0.0
1520,699.21,887.667664569321,1201.8078829403437,36.6005869785612,124830.05516982,2538.135140291227,95.88158708173064,52.71902270625396,0.0,15.481956468159547,2700,562.7277337572528,0.0
1521,699.215,887.5034623084423,1203.2672162482872,36.641295005095074,124830.05516982,2538.135006041639,95.88154046721993,52.750993779732,0.0,15.482029577966662,2700,562.7277337572528,0.0
1522,699.22,887.3391103695172,1204.727084336102,36.68201381955114,124830.05516982,2538.134871792051,95.88149385270921,52.782957169096726,0.0,15.482102732204691,2700,562.7277337572528,0.0
1523,699.225,887.1746089198996,1206.1874862898662,36.72274339727412,124830.05516982,2538.134737542463,95.88144723819848,52.81491286831065,0.0,15.48217593086298,2700,562.7277337572528,0.0
1524,699.23,887.0099581270159,1207.6484211954694,36.76348371361626,124830.05516982,2538.134603292875,95.88140062368777,52.84686087134348,0.0,15.48224917393087,2700,562.7277337572528,0.0
1525,699.235,886.8451581583666,1209.109888138618,36.80423474392458,124830.05516982,2538.134469043287,95.88135400917704,52.878801172172146,0.0,15.482322461397692,2700,562.7277337572528,0.0
1526,699.24,886.6802091815239,1210.5718862048336,36.844996463540824,124830.05516982,2538.134334793699,95.88130739466632,52.91073376478077,0.0,15.482395793252772,2700,562.7277337572528,0.0
1527,699.245,886.5151113641313,1212.0344144794574,36.8857688478132,124830.05516982,2538.134200544111,95.88126078015561,52.9426586431607,0.0,15.482469169485423,2700,562.7277337572528,0.0
1528,699.25,886.3498648739055,1213.4974720476487,36.92655187209496,124830.05516982,2538.1340662945227,95.88121416564489,52.974575801310486,0.0,15.482542590084954,2700,562.7277337572528,0.0
1529,699.255,886.184469878634,1214.961057994388,36.967345511726236,124830.05516982,2538.133932044935,95.88116755113415,53.00648523323593,0.0,15.48261605504066,2700,562.7277337572528,0.0
1530,699.26,886.0189265461755,1216.42517140448,37.00814974207278,124830.05516982,2538.1337977953467,95.88112093662345,53.03838693295001,0.0,15.482689564341833,2700,562.7277337572528,0.0
1531,699.265,885.8532350444602,1217.8898113625519,37.048964538511036,124830.05516982,2538.133663545759,95.88107432211272,53.070280894472965,0.0,15.482763117977754,2700,562.7277337572528,0.0
1532,699.27,885.6873955414882,1219.3549769530575,37.08978987638095,124830.05516982,2538.1335292961708,95.881027707602,53.102167111832244,0.0,15.4828367159377,2700,562.7277337572528,0.0
1533,699.275,885.52140820533,1220.8206672602773,37.13062573103792,124830.05516982,2538.133395046583,95.8809810930913,53.13404557906253,0.0,15.48291035821093,2700,562.7277337572528,0.0
1534,699.28,885.3552732041259,1222.2868813683206,37.17147207787665,124830.05516982,2538.133260796995,95.88093447858057,53.16591629020573,0.0,15.4829840447867,2700,562.7277337572528,0.0
1535,699.285,885.1889907060864,1223.753618361127,37.212328892205754,124830.05516982,2538.133126547407,95.88088786406985,53.19777923931099,0.0,15.483057775654267,2700,562.7277337572528,0.0
1536,699.29,885.0225608794909,1225.2208773224681,37.25319614943281,124830.05516982,2538.132992297819,95.88084124955913,53.22963442043469,0.0,15.483131550802863,2700,562.7277337572528,0.0
1537,699.295,884.8559838926882,1226.688657335948,37.29407382489356,124830.05516982,2538.132858048231,95.8807946350484,53.26148182764048,0.0,15.483205370221722,2700,562.7277337572528,0.0
1538,699.3000000000001,884.6892599140951,1228.1569574850068,37.33496189400123,124830.05516982,2538.1327237986425,95.88074802053768,53.2933214549992,0.0,15.483279233900069,2700,562.7277337572528,0.0
1539,699.3050000000001,884.5223891121974,1229.62577685292,37.37586033212283,124830.05516982,2538.132589549055,95.88070140602697,53.32515329658897,0.0,15.483353141827116,2700,562.7277337572528,0.0
1540,699.3100000000001,884.3553716555488,1231.0951145228003,37.41676911460858,124830.05516982,2538.1324552994665,95.88065479151625,53.35697734649515,0.0,15.483427093992075,2700,562.7277337572528,0.0
1541,699.315,884.1882077127708,1232.5649695776017,37.45768821685017,124830.05516982,2538.132321049879,95.88060817700553,53.388793598810345,0.0,15.483501090384141,2700,562.7277337572528,0.0
1542,699.32,884.020897452552,1234.0353411001172,37.49861761423381,124830.05516982,2538.1321868002906,95.8805615624948,53.42060204763442,0.0,15.483575130992506,2700,562.7277337572528,0.0
1543,699.325,883.8534410436489,1235.506228172983,37.53955728210682,124830.05516982,2538.1320525507026,95.88051494798408,53.452402687074475,0.0,15.483649215806352,2700,562.7277337572528,0.0
1544,699.33,883.6858386548843,1236.9776298786785,37.580507195892295,124830.05516982,2538.1319183011146,95.88046833347337,53.48419551124489,0.0,15.483723344814852,2700,562.7277337572528,0.0
1545,699.335,883.5180904551474,1238.4495452995293,37.62146733097161,124830.05516982,2538.1317840515267,95.88042171896265,53.51598051426731,0.0,15.483797518007174,2700,562.7277337572528,0.0
1546,699.34,883.3501966133941,1239.9219735177076,37.66243766271718,124830.05516982,2538.1316498019387,95.88037510445193,53.54775769027061,0.0,15.483871735372475,2700,562.7277337572528,0.0
1547,699.345,883.1821572986458,1241.3949136152335,37.70341816652208,124830.05516982,2538.1315155523507,95.8803284899412,53.57952703339095,0.0,15.483945996899903,2700,562.7277337572528,0.0
1548,699.35,883.0139726799896,1242.8683646739776,37.744408817799986,124830.05516982,2538.1313813027623,95.88028187543048,53.61128853777176,0.0,15.484020302578601,2700,562.7277337572528,0.0
1549,699.355,882.845642926578,1244.342325775662,37.78540959194904,124830.05516982,2538.131247053175,95.88023526091976,53.64304219756374,0.0,15.484094652397703,2700,562.7277337572528,0.0
1550,699.36,882.6771682076283,1245.8167960018611,37.826420464318275,124830.05516982,2538.1311128035863,95.88018864640905,53.67478800692483,0.0,15.48416904634633,2700,562.7277337572528,0.0
1551,699.365,882.5085486924224,1247.2917744340039,37.867441410344476,124830.05516982,2538.130978553999,95.88014203189833,53.70652596002029,0.0,15.484243484413604,2700,562.7277337572528,0.0
1552,699.37,882.3397845503068,1248.767260153375,37.908472405459875,124830.05516982,2538.1308443044104,95.88009541738761,53.73825605102263,0.0,15.48431796658863,2700,562.7277337572528,0.0
1553,699.375,882.170875950692,1250.2432522411177,37.94951342502518,124830.05516982,2538.1307100548224,95.88004880287689,53.769978274111644,0.0,15.484392492860511,2700,562.7277337572528,0.0
1554,699.38,882.0018230630519,1251.7197497782336,37.99056444447291,124830.05516982,2538.1305758052345,95.88000218836616,53.8016926234744,0.0,15.484467063218338,2700,562.7277337572528,0.0
1555,699.385,881.8326260569243,1253.1967518455838,38.031625439206614,124830.05516982,2538.1304415556465,95.87995557385544,53.83339909330526,0.0,15.484541677651197,2700,562.7277337572528,0.0
1556,699.39,881.6632851019095,1254.6742575238918,38.07269638463547,124830.05516982,2538.1303073060585,95.87990895934473,53.86509767780587,0.0,15.484616336148164,2700,562.7277337572528,0.0
1557,699.395,881.493800367671,1256.152265893746,38.1137772562008,124830.05516982,2538.1301730564705,95.87986234483401,53.89678837118516,0.0,15.484691038698308,2700,562.7277337572528,0.0
1558,699.4,881.3241720239351,1257.630776035598,38.154868029284835,124830.05516982,2538.130038806882,95.87981573032329,53.928471167659346,0.0,15.484765785290687,2700,562.7277337572528,0.0
1559,699.405,881.1544002404892,1259.1097870297663,38.195968679348404,124830.05516982,2538.1299045572946,95.87976911581256,53.96014606145195,0.0,15.484840575914355,2700,562.7277337572528,0.0
1560,699.41,880.9844851871839,1260.5892979564378,38.2370791817815,124830.05516982,2538.129770307706,95.87972250130184,53.991813046793766,0.0,15.484915410558356,2700,562.7277337572528,0.0
1561,699.415,880.8144270339302,1262.069307895668,38.27819951205402,124830.05516982,2538.1296360581186,95.87967588679113,54.023472117922914,0.0,15.484990289211726,2700,562.7277337572528,0.0
1562,699.42,880.6442259507008,1263.5498159273848,38.31932964555572,124830.05516982,2538.12950180853,95.87962927228041,54.05512326908479,0.0,15.48506521186349,2700,562.7277337572528,0.0
1563,699.4250000000001,880.4738821075298,1265.0308211313875,38.360469557750285,124830.05516982,2538.1293675589422,95.87958265776969,54.08676649453209,0.0,15.485140178502672,2700,562.7277337572528,0.0
1564,699.4300000000001,880.3033956745111,1266.5123225873488,38.40161922405538,124830.05516982,2538.1292333093543,95.87953604325897,54.11840178852486,0.0,15.485215189118284,2700,562.7277337572528,0.0
1565,699.4350000000001,880.1327668217992,1267.9943193748186,38.44277861993989,124830.05516982,2538.1290990597663,95.87948942874824,54.150029145330365,0.0,15.485290243699328,2700,562.7277337572528,0.0
1566,699.44,879.9619957196093,1269.476810573222,38.48394772081194,124830.05516982,2538.1289648101783,95.87944281423752,54.18164855922326,0.0,15.4853653422348,2700,562.7277337572528,0.0
1567,699.445,879.7910825382147,1270.9597952618642,38.52512650212672,124830.05516982,2538.1288305605904,95.87939619972681,54.213260024485464,0.0,15.48544048471369,2700,562.7277337572528,0.0
1568,699.45,879.62002744795,1272.443272519928,38.56631493936055,124830.05516982,2538.1286963110024,95.87934958521609,54.24486353540623,0.0,15.485515671124976,2700,562.7277337572528,0.0
1569,699.455,879.448830619207,1273.9272414264804,38.60751300793862,124830.05516982,2538.1285620614144,95.87930297070537,54.27645908628211,0.0,15.48559090145763,2700,562.7277337572528,0.0
1570,699.46,879.277492222438,1275.4117010604693,38.64872068329933,124830.05516982,2538.128427811826,95.87925635619466,54.30804667141698,0.0,15.48566617570062,2700,562.7277337572528,0.0
1571,699.465,879.1060124281524,1276.8966505007281,38.689937940966495,124830.05516982,2538.1282935622385,95.87920974168392,54.33962628512204,0.0,15.4857414938429,2700,562.7277337572528,0.0
1572,699.47,878.9343914069185,1278.3820888259756,38.73116475634006,124830.05516982,2538.12815931265,95.8791631271732,54.37119792171579,0.0,15.485816855873416,2700,562.7277337572528,0.0
1573,699.475,878.7626293293621,1279.8680151148183,38.772401104917975,124830.05516982,2538.128025063062,95.87911651266249,54.40276157552408,0.0,15.48589226178111,2700,562.7277337572528,0.0
1574,699.48,878.5907263661667,1281.354428445751,38.81364696213254,124830.05516982,2538.127890813474,95.87906989815177,54.43431724088008,0.0,15.485967711554917,2700,562.7277337572528,0.0
1575,699.485,878.4186826880729,1282.8413278971598,38.85490230350651,124830.05516982,2538.127756563886,95.87902328364105,54.465864912124246,0.0,15.486043205183758,2700,562.7277337572528,0.0
1576,699.49,878.2464984658782,1284.3287125473219,38.89616710448529,124830.05516982,2538.127622314298,95.87897666913034,54.497404583604435,0.0,15.486118742656553,2700,562.7277337572528,0.0
1577,699.495,878.0741738704371,1285.8165814744084,38.93744134053955,124830.05516982,2538.12748806471,95.8789300546196,54.52893624967577,0.0,15.486194323962208,2700,562.7277337572528,0.0
1578,699.5,877.9017090726594,1287.3049337564855,38.97872498715443,124830.05516982,2538.127353815122,95.8788834401089,54.560459904700735,0.0,15.486269949089627,2700,562.7277337572528,0.0
1579,699.505,877.7291042435123,1288.7937684715143,39.020018019851335,124830.05516982,2538.1272195655342,95.87883682559817,54.59197554304916,0.0,15.486345618027698,2700,562.7277337572528,0.0
1580,699.51,877.5563595540171,1290.283084697356,39.0613204140859,124830.05516982,2538.127085315946,95.87879021108745,54.623483159098186,0.0,15.486421330765314,2700,562.7277337572528,0.0
1581,699.515,877.383475175252,1291.7728815117684,39.102632145351095,124830.05516982,2538.1269510663583,95.87874359657673,54.6549827472323,0.0,15.486497087291346,2700,562.7277337572528,0.0
1582,699.52,877.2104512783488,1293.263157992413,39.14395318914563,124830.05516982,2538.12681681677,95.87869698206602,54.686474301843354,0.0,15.486572887594665,2700,562.7277337572528,0.0
1583,699.525,877.0372880344952,1294.7539132168513,39.1852835209902,124830.05516982,2538.1266825671823,95.87865036755528,54.717957817330515,0.0,15.486648731664133,2700,562.7277337572528,0.0
1584,699.53,876.8639856149331,1296.24514626255,39.226623116358894,124830.05516982,2538.126548317594,95.87860375304457,54.74943328810029,0.0,15.486724619488605,2700,562.7277337572528,0.0
1585,699.535,876.6905441909579,1297.7368562068793,39.26797195073383,124830.05516982,2538.126414068006,95.87855713853385,54.78090070856656,0.0,15.486800551056927,2700,562.7277337572528,0.0
1586,699.54,876.5169639339194,1299.2290421271184,39.30932999972799,124830.05516982,2538.126279818418,95.87851052402313,54.812360073150536,0.0,15.486876526357939,2700,562.7277337572528,0.0
1587,699.545,876.3432450152209,1300.7217031004536,39.35069723873728,124830.05516982,2538.12614556883,95.87846390951242,54.8438113762808,0.0,15.486952545380468,2700,562.7277337572528,0.0
1588,699.5500000000001,876.1693876063188,1302.2148382039804,39.39207364337884,124830.05516982,2538.126011319242,95.8784172950017,54.87525461239324,0.0,15.48702860811334,2700,562.7277337572528,0.0
1589,699.5550000000001,875.9953918787221,1303.7084465147066,39.433459189081695,124830.05516982,2538.125877069654,95.87837068049096,54.90668977593116,0.0,15.487104714545367,2700,562.7277337572528,0.0
1590,699.5600000000001,875.8212580039931,1305.202527109552,39.47485385142872,124830.05516982,2538.1257428200656,95.87832406598025,54.93811686134517,0.0,15.48718086466536,2700,562.7277337572528,0.0
1591,699.565,875.6469861537455,1306.6970790653497,39.51625760593581,124830.05516982,2538.125608570478,95.87827745146953,54.96953586309326,0.0,15.487257058462118,2700,562.7277337572528,0.0
1592,699.57,875.4725764996459,1308.1921014588504,39.557670428146736,124830.05516982,2538.1254743208897,95.8782308369588,55.000946775640784,0.0,15.487333295924431,2700,562.7277337572528,0.0
1593,699.575,875.298029213412,1309.6875933667206,39.59909229355445,124830.05516982,2538.125340071302,95.8781842224481,55.03234959346045,0.0,15.487409577041083,2700,562.7277337572528,0.0
1594,699.58,875.1233444668128,1311.1835538655453,39.640523177770625,124830.05516982,2538.1252058217137,95.87813760793738,55.06374431103233,0.0,15.487485901800852,2700,562.7277337572528,0.0
1595,699.585,874.9485224316687,1312.67998203183,39.68196305627853,124830.05516982,2538.1250715721258,95.87809099342664,55.09513092284385,0.0,15.487562270192507,2700,562.7277337572528,0.0
1596,699.59,874.7735632798508,1314.1768769420014,39.723411904676716,124830.05516982,2538.124937322538,95.87804437891593,55.126509423389834,0.0,15.48763868220481,2700,562.7277337572528,0.0
1597,699.595,874.5984671832805,1315.6742376724098,39.76486969847377,124830.05516982,2538.12480307295,95.87799776440521,55.15787980717244,0.0,15.48771513782651,2700,562.7277337572528,0.0
1598,699.6,874.4232343139295,1317.1720632993286,39.80633641327088,124830.05516982,2538.124668823362,95.87795114989449,55.189242068701226,0.0,15.487791637046358,2700,562.7277337572528,0.0
1599,699.605,874.2478648438189,1318.6703528989592,39.847812024559424,124830.05516982,2538.124534573774,95.87790453538378,55.2205962024931,0.0,15.48786817985309,2700,562.7277337572528,0.0
1600,699.61,874.0723589450199,1320.1691055474284,39.88929650798645,124830.05516982,2538.1244003241854,95.87785792087305,55.251942203072346,0.0,15.487944766235437,2700,562.7277337572528,0.0
1601,699.615,873.8967167896528,1321.6683203207926,39.9307898390845,124830.05516982,2538.124266074598,95.87781130636233,55.28328006497064,0.0,15.488021396182122,2700,562.7277337572528,0.0
1602,699.62,873.7209385498865,1323.167996295039,39.972291993394755,124830.05516982,2538.1241318250095,95.87776469185161,55.314609782727025,0.0,15.488098069681858,2700,562.7277337572528,0.0
1603,699.625,873.5450243979387,1324.6681325460866,40.01380294653033,124830.05516982,2538.123997575422,95.87771807734089,55.34593135088793,0.0,15.488174786723356,2700,562.7277337572528,0.0
1604,699.63,873.3689745060757,1326.1687281497866,40.05532267408316,124830.05516982,2538.1238633258336,95.87767146283016,55.37724476400715,0.0,15.488251547295315,2700,562.7277337572528,0.0
1605,699.635,873.1927890466112,1327.6697821819262,40.096851151615155,124830.05516982,2538.1237290762456,95.87762484831946,55.408550016645876,0.0,15.488328351386425,2700,562.7277337572528,0.0
1606,699.64,873.0164681919072,1329.171293718228,40.13838835473624,124830.05516982,2538.1235948266576,95.87757823380873,55.439847103372685,0.0,15.488405198985376,2700,562.7277337572528,0.0
1607,699.645,872.8400121143724,1330.673261834353,40.179934259000824,124830.05516982,2538.1234605770696,95.87753161929801,55.47113601876353,0.0,15.488482090080844,2700,562.7277337572528,0.0
1608,699.65,872.6634209864634,1332.1756856059005,40.221488840065106,124830.05516982,2538.1233263274817,95.87748500478729,55.50241675740175,0.0,15.488559024661495,2700,562.7277337572528,0.0
1609,699.655,872.4866949806828,1333.6785641084111,40.26305207348546,124830.05516982,2538.1231920778937,95.87743839027657,55.533689313878085,0.0,15.488636002715992,2700,562.7277337572528,0.0
1610,699.66,872.3098342695803,1335.1818964173667,40.30462393489213,124830.05516982,2538.1230578283053,95.87739177576586,55.56495368279066,0.0,15.488713024232993,2700,562.7277337572528,0.0
1611,699.665,872.1328390257514,1336.685681608194,40.346204399901254,124830.05516982,2538.1229235787177,95.87734516125514,55.596209858744984,0.0,15.488790089201142,2700,562.7277337572528,0.0
1612,699.67,871.9557094218377,1338.189918756263,40.38779344412623,124830.05516982,2538.1227893291293,95.87729854674441,55.62745783635398,0.0,15.488867197609082,2700,562.7277337572528,0.0
1613,699.6750000000001,871.7784456305261,1339.6946069368917,40.42939104316663,124830.05516982,2538.122655079542,95.87725193223369,55.65869761023795,0.0,15.488944349445442,2700,562.7277337572528,0.0
1614,699.6800000000001,871.601047824549,1341.199745225345,40.47099717266025,124830.05516982,2538.1225208299534,95.87720531772297,55.68992917502461,0.0,15.489021544698845,2700,562.7277337572528,0.0
1615,699.6850000000001,871.4235161766834,1342.7053326968376,40.5126118082434,124830.05516982,2538.1223865803654,95.87715870321225,55.72115252534904,0.0,15.489098783357912,2700,562.7277337572528,0.0
1616,699.69,871.2458508597514,1344.2113684265346,40.55423492555542,124830.05516982,2538.1222523307774,95.87711208870154,55.75236765585375,0.0,15.489176065411252,2700,562.7277337572528,0.0
1617,699.695,871.0680520466193,1345.7178514895545,40.59586650023708,124830.05516982,2538.1221180811895,95.87706547419081,55.78357456118866,0.0,15.489253390847468,2700,562.7277337572528,0.0
1618,699.7,870.890119910197,1347.2247809609682,40.63750650792647,124830.05516982,2538.1219838316015,95.87701885968009,55.81477323601107,0.0,15.489330759655152,2700,562.7277337572528,0.0
1619,699.705,870.7120546234387,1348.7321559158022,40.67915492423993,124830.05516982,2538.1218495820135,95.87697224516937,55.84596367498568,0.0,15.489408171822895,2700,562.7277337572528,0.0
1620,699.71,870.5338563593422,1350.2399754290404,40.72081172490162,124830.05516982,2538.1217153324255,95.87692563065865,55.87714587278463,0.0,15.489485627339272,2700,562.7277337572528,0.0
1621,699.715,870.3555252909476,1351.7482385756234,40.76247688551906,124830.05516982,2538.1215810828376,95.87687901614792,55.90831982408743,0.0,15.48956312619286,2700,562.7277337572528,0.0
1622,699.72,870.1770615913383,1353.2569444304527,40.80415038176106,124830.05516982,2538.121446833249,95.87683240163722,55.93948552358102,0.0,15.489640668372221,2700,562.7277337572528,0.0
1623,699.725,869.9984654336406,1354.7660920683895,40.845832189278774,124830.05516982,2538.1213125836616,95.8767857871265,55.970642965959755,0.0,15.489718253865913,2700,562.7277337572528,0.0
1624,699.73,869.8197369910222,1356.275680564259,40.887522283779845,124830.05516982,2538.121178334073,95.87673917261577,56.00179214592539,0.0,15.489795882662488,2700,562.7277337572528,0.0
1625,699.735,869.6408764366935,1357.7857089928486,40.9292206409444,124830.05516982,2538.121044084485,95.87669255810505,56.0329330581871,0.0,15.489873554750488,2700,562.7277337572528,0.0
1626,699.74,869.4618839439057,1359.2961764289125,40.97092723641984,124830.05516982,2538.1209098348972,95.87664594359433,56.06406569746146,0.0,15.489951270118446,2700,562.7277337572528,0.0
1627,699.745,869.2827596859523,1360.807081947171,41.012642045926626,124830.05516982,2538.1207755853093,95.87659932908362,56.09519005847248,0.0,15.490029028754895,2700,562.7277337572528,0.0
1628,699.75,869.103503836167,1362.3184246223122,41.054365045117514,124830.05516982,2538.1206413357213,95.8765527145729,56.12630613595159,0.0,15.490106830648351,2700,562.7277337572528,0.0
1629,699.755,868.9241165679246,1363.8302035289946,41.09609620975503,124830.05516982,2538.1205070861333,95.87650610006217,56.15741392463761,0.0,15.490184675787333,2700,562.7277337572528,0.0
1630,699.76,868.74459805464,1365.342417741848,41.13783551547057,124830.05516982,2538.1203728365454,95.87645948555146,56.18851341927682,0.0,15.49026256416034,2700,562.7277337572528,0.0
1631,699.765,868.5649484697685,1366.8550663354738,41.17958293800069,124830.05516982,2538.1202385869574,95.87641287104073,56.219604614622895,0.0,15.490340495755875,2700,562.7277337572528,0.0
1632,699.77,868.3851679868054,1368.3681483844484,41.221338453074516,124830.05516982,2538.120104337369,95.87636625653,56.25068750543695,0.0,15.49041847056243,2700,562.7277337572528,0.0
1633,699.775,868.2052567792844,1369.8816629633227,41.26310203639746,124830.05516982,2538.1199700877814,95.8763196420193,56.2817620864875,0.0,15.490496488568487,2700,562.7277337572528,0.0
1634,699.78,868.0252150207801,1371.3956091466255,41.30487366369629,124830.05516982,2538.119835838193,95.87627302750857,56.312828352550504,0.0,15.490574549762524,2700,562.7277337572528,0.0
1635,699.785,867.8450428849045,1372.909986008863,41.346653310687934,124830.05516982,2538.1197015886055,95.87622641299785,56.343886298409345,0.0,15.49065265413301,2700,562.7277337572528,0.0
1636,699.79,867.664740545309,1374.4247926245218,41.388440953085066,124830.05516982,2538.119567339017,95.87617979848714,56.374935918854845,0.0,15.490730801668409,2700,562.7277337572528,0.0
1637,699.795,867.484308175683,1375.94002806807,41.43023656669336,124830.05516982,2538.119433089429,95.8761331839764,56.405977208685236,0.0,15.490808992357175,2700,562.7277337572528,0.0
1638,699.8000000000001,867.3037459497542,1377.4556914139566,41.4720401271763,124830.05516982,2538.119298839841,95.87608656946568,56.43701016270619,0.0,15.490887226187755,2700,562.7277337572528,0.0
1639,699.8050000000001,867.1230540412873,1378.9717817366172,41.51385161034141,124830.05516982,2538.119164590253,95.87603995495498,56.46803477573081,0.0,15.490965503148589,2700,562.7277337572528,0.0
1640,699.8100000000001,866.9422326240854,1380.488298110471,41.555670991914965,124830.05516982,2538.119030340665,95.87599334044425,56.49905104257964,0.0,15.491043823228111,2700,562.7277337572528,0.0
1641,699.815,866.7612818719876,1382.0052396099247,41.59749824765891,124830.05516982,2538.118896091077,95.87594672593353,56.53005895808063,0.0,15.491122186414747,2700,562.7277337572528,0.0
1642,699.82,866.5802019588705,1383.522605309374,41.63933335335897,124830.05516982,2538.118761841489,95.87590011142282,56.56105851706922,0.0,15.491200592696918,2700,562.7277337572528,0.0
1643,699.825,866.3989930586471,1385.0403942832033,41.68117628475684,124830.05516982,2538.1186275919013,95.87585349691209,56.59204971438824,0.0,15.491279042063034,2700,562.7277337572528,0.0
1644,699.83,866.2176553452666,1386.5586056057891,41.723027017655056,124830.05516982,2538.118493342313,95.87580688240138,56.62303254488796,0.0,15.491357534501498,2700,562.7277337572528,0.0
1645,699.835,866.0361889927137,1388.0772383515002,41.7648855278195,124830.05516982,2538.1183590927253,95.87576026789066,56.65400700342612,0.0,15.49143607000071,2700,562.7277337572528,0.0
1646,699.84,865.8545941750093,1389.5962915946996,41.80675179102604,124830.05516982,2538.118224843137,95.87571365337993,56.684973084867885,0.0,15.491514648549058,2700,562.7277337572528,0.0
1647,699.845,865.6728710662092,1391.1157644097452,41.84862578310952,124830.05516982,2538.118090593549,95.87566703886921,56.715930784085835,0.0,15.491593270134926,2700,562.7277337572528,0.0
1648,699.85,865.491019840404,1392.6356558709936,41.89050747981062,124830.05516982,2538.117956343961,95.8756204243585,56.74688009596004,0.0,15.49167193474669,2700,562.7277337572528,0.0
1649,699.855,865.3090406717193,1394.1559650527972,41.93239685698422,124830.05516982,2538.117822094373,95.87557380984777,56.77782101537798,0.0,15.491750642372716,2700,562.7277337572528,0.0
1650,699.86,865.1269337343153,1395.6766910295114,41.97429389038619,124830.05516982,2538.117687844785,95.87552719533706,56.8087535372346,0.0,15.491829393001371,2700,562.7277337572528,0.0
1651,699.865,864.9446992023861,1397.197832875489,42.01619855586899,124830.05516982,2538.117553595197,95.87548058082633,56.83967765643227,0.0,15.491908186621007,2700,562.7277337572528,0.0
1652,699.87,864.7623372501591,1398.7193896650892,42.05811082925201,124830.05516982,2538.1174193456086,95.87543396631561,56.87059336788083,0.0,15.49198702321997,2700,562.7277337572528,0.0
1653,699.875,864.579848051896,1400.2413604726726,42.100030686383214,124830.05516982,2538.117285096021,95.8753873518049,56.90150066649755,0.0,15.492065902786601,2700,562.7277337572528,0.0
1654,699.88,864.3972317818914,1401.7637443726069,42.14195810305496,124830.05516982,2538.1171508464327,95.87534073729418,56.93239954720716,0.0,15.492144825309234,2700,562.7277337572528,0.0
1655,699.885,864.2144886144721,1403.2865404392655,42.183893055110275,124830.05516982,2538.117016596845,95.87529412278344,56.96329000494185,0.0,15.492223790776192,2700,562.7277337572528,0.0
1656,699.89,864.0316187239988,1404.809747747031,42.22583551840557,124830.05516982,2538.1168823472567,95.87524750827274,56.99417203464123,0.0,15.492302799175798,2700,562.7277337572528,0.0
1657,699.895,863.8486222848635,1406.3333653702953,42.26778546877948,124830.05516982,2538.1167480976687,95.87520089376201,57.02504563125239,0.0,15.492381850496363,2700,562.7277337572528,0.0
1658,699.9,863.6654994714905,1407.8573923834615,42.309742882074346,124830.05516982,2538.1166138480808,95.87515427925129,57.055910789729865,0.0,15.492460944726192,2700,562.7277337572528,0.0
1659,699.905,863.482250458336,1409.3818278609458,42.35170773420499,124830.05516982,2538.116479598493,95.87510766474058,57.086767505035645,0.0,15.49254008185358,2700,562.7277337572528,0.0
1660,699.91,863.2988754198875,1410.9066708771775,42.39368000096836,124830.05516982,2538.116345348905,95.87506105022986,57.11761577213917,0.0,15.492619261866823,2700,562.7277337572528,0.0
1661,699.915,863.1153745306632,1412.431920506602,42.43565965830578,124830.05516982,2538.116211099317,95.87501443571912,57.14845558601734,0.0,15.4926984847542,2700,562.7277337572528,0.0
1662,699.92,862.9317479652129,1413.957575823681,42.4776466820498,124830.05516982,2538.1160768497284,95.87496782120841,57.17928694165453,0.0,15.49277775050399,2700,562.7277337572528,0.0
1663,699.9250000000001,862.7479958981162,1415.4836359028952,42.519641048088296,124830.05516982,2538.115942600141,95.87492120669769,57.21010983404255,0.0,15.492857059104464,2700,562.7277337572528,0.0
1664,699.9300000000001,862.5641185039833,1417.0100998187443,42.561642732339514,124830.05516982,2538.1158083505525,95.87487459218697,57.240924258180655,0.0,15.492936410543882,2700,562.7277337572528,0.0
1665,699.9350000000001,862.3801159574543,1418.5369666457484,42.60365171068417,124830.05516982,2538.115674100965,95.87482797767626,57.271730209075606,0.0,15.493015804810504,2700,562.7277337572528,0.0
1666,699.94,862.1959884331987,1420.064235458452,42.64566795902599,124830.05516982,2538.1155398513765,95.87478136316554,57.3025276817416,0.0,15.493095241892576,2700,562.7277337572528,0.0
1667,699.945,862.0117361059157,1421.5919053314224,42.687691453260186,124830.05516982,2538.1154056017886,95.87473474865482,57.333316671200286,0.0,15.49317472177834,2700,562.7277337572528,0.0
1668,699.95,861.8273591503331,1423.1199753392505,42.72972216933538,124830.05516982,2538.1152713522006,95.8746881341441,57.3640971724808,0.0,15.493254244456033,2700,562.7277337572528,0.0
1669,699.955,861.6428577412079,1424.648444556557,42.771760083158014,124830.05516982,2538.1151371026126,95.87464151963337,57.394869180619715,0.0,15.49333380991388,2700,562.7277337572528,0.0
1670,699.96,861.4582320533251,1426.1773120579885,42.813805170651456,124830.05516982,2538.1150028530246,95.87459490512266,57.42563269066109,0.0,15.493413418140104,2700,562.7277337572528,0.0
1671,699.965,861.2734822614982,1427.706576918222,42.855857407740636,124830.05516982,2538.1148686034367,95.87454829061194,57.45638769765644,0.0,15.493493069122922,2700,562.7277337572528,0.0
1672,699.97,861.0886085405687,1429.2362382119645,42.897916770391085,124830.05516982,2538.1147343538487,95.87450167610122,57.48713419666475,0.0,15.493572762850535,2700,562.7277337572528,0.0
1673,699.975,860.9036110654047,1430.766295013956,42.93998323451045,124830.05516982,2538.1146001042607,95.8744550615905,57.51787218275247,0.0,15.49365249931115,2700,562.7277337572528,0.0
1674,699.98,860.7184900109025,1432.2967463989714,42.982056776113886,124830.05516982,2538.1144658546723,95.87440844707977,57.54860165099351,0.0,15.493732278492956,2700,562.7277337572528,0.0
1675,699.985,860.5332455519855,1433.8275914418175,43.02413737108856,124830.05516982,2538.1143316050848,95.87436183256905,57.57932259646928,0.0,15.493812100384144,2700,562.7277337572528,0.0
1676,699.99,860.3478778636028,1435.35882921734,43.06622499546847,124830.05516982,2538.1141973554963,95.87431521805834,57.61003501426862,0.0,15.49389196497289,2700,562.7277337572528,0.0
1677,699.995,860.1623871207308,1436.8904588004218,43.108319625186816,124830.05516982,2538.1140631059084,95.87426860354762,57.640738899487864,0.0,15.49397187224737,2700,562.7277337572528,0.0
1678,700.0,859.9767734983714,1438.4224792659859,43.15042123621737,124830.05516982,2538.1139288563204,95.8742219890369,57.671434247230806,0.0,15.494051822195749,2700,562.7277337572528,0.0
1679,700.005,859.7910371715526,1439.9548896889944,43.19252980458165,124830.05516982,2538.1137946067324,95.87417537452617,57.70212105260872,0.0,15.494131814806185,2700,562.7277337572528,0.0
1680,700.01,859.6051783153279,1441.4876891444524,43.23464530623586,124830.05516982,2538.1136603571445,95.87412876001545,57.73279931074034,0.0,15.494211850066833,2700,562.7277337572528,0.0
1681,700.015,859.4191971047759,1443.0208767074087,43.2767677171932,124830.05516982,2538.1135261075565,95.87408214550473,57.763469016751905,0.0,15.494291927965838,2700,562.7277337572528,0.0
1682,700.02,859.2330937149999,1444.5544514529563,43.318897013455505,124830.05516982,2538.1133918579685,95.87403553099402,57.79413016577709,0.0,15.494372048491337,2700,562.7277337572528,0.0
1683,700.025,859.0468683211285,1446.0884124562342,43.361033171064555,124830.05516982,2538.1132576083805,95.8739889164833,57.82478275295707,0.0,15.494452211631465,2700,562.7277337572528,0.0
1684,700.03,858.8605210983136,1447.6227587924304,43.403176165953674,124830.05516982,2538.113123358792,95.87394230197258,57.85542677344048,0.0,15.494532417374348,2700,562.7277337572528,0.0
1685,700.035,858.674052221732,1449.1574895367803,43.4453259742404,124830.05516982,2538.1129891092046,95.87389568746185,57.88606222238343,0.0,15.4946126657081,2700,562.7277337572528,0.0
1686,700.04,858.487461866584,1450.6926037645705,43.487482571928346,124830.05516982,2538.112854859616,95.87384907295113,57.916689094949525,0.0,15.494692956620838,2700,562.7277337572528,0.0
1687,700.045,858.3007502080933,1452.228100551139,43.52964593502115,124830.05516982,2538.1127206100286,95.87380245844042,57.947307386309845,0.0,15.494773290100666,2700,562.7277337572528,0.0
1688,700.0500000000001,858.1139174215059,1453.7639789718778,43.57181603958776,124830.05516982,2538.11258636044,95.8737558439297,57.97791709164292,0.0,15.49485366613568,2700,562.7277337572528,0.0
1689,700.0550000000001,857.9269636820926,1455.3002381022318,43.61399286172039,124830.05516982,2538.1124521108522,95.87370922941898,58.0085182061348,0.0,15.494934084713975,2700,562.7277337572528,0.0
1690,700.0600000000001,857.7398891651449,1456.8368770177037,43.656176377412436,124830.05516982,2538.1123178612643,95.87366261490826,58.03911072497899,0.0,15.495014545823633,2700,562.7277337572528,0.0
1691,700.065,857.5526940459774,1458.3738947938534,43.69836656276016,124830.05516982,2538.1121836116763,95.87361600039753,58.069694643376465,0.0,15.495095049452734,2700,562.7277337572528,0.0
1692,700.07,857.365378499927,1459.9112905062966,43.74056339382872,124830.05516982,2538.1120493620883,95.87356938588681,58.100269956535705,0.0,15.49517559558935,2700,562.7277337572528,0.0
1693,700.075,857.1779427023514,1461.4490632307131,43.7827668467278,124830.05516982,2538.1119151125004,95.8735227713761,58.13083665967266,0.0,15.495256184221544,2700,562.7277337572528,0.0
1694,700.08,856.9903868286301,1462.9872120428408,43.82497689748794,124830.05516982,2538.111780862912,95.87347615686538,58.161394748010764,0.0,15.495336815337376,2700,562.7277337572528,0.0
1695,700.085,856.8027110541642,1464.5257360184833,43.86719352225747,124830.05516982,2538.1116466133244,95.87342954235466,58.19194421678093,0.0,15.495417488924899,2700,562.7277337572528,0.0
1696,700.09,856.614915554375,1466.0646342335058,43.90941669709565,124830.05516982,2538.111512363736,95.87338292784395,58.222485061221555,0.0,15.495498204972153,2700,562.7277337572528,0.0
1697,700.095,856.4270005047046,1467.6039057638402,43.951646398126876,124830.05516982,2538.1113781141485,95.87333631333321,58.253017276578525,0.0,15.49557896346718,2700,562.7277337572528,0.0
1698,700.1,856.2389660806149,1469.1435496854856,43.99388260145685,124830.05516982,2538.11124386456,95.87328969882249,58.2835408581052,0.0,15.495659764398013,2700,562.7277337572528,0.0
1699,700.105,856.0508124575883,1470.6835650745093,44.03612528321591,124830.05516982,2538.111109614972,95.87324308431178,58.31405580106243,0.0,15.495740607752674,2700,562.7277337572528,0.0
1700,700.11,855.8625398111268,1472.2239510070478,44.078374419549355,124830.05516982,2538.110975365384,95.87319646980106,58.344562100718555,0.0,15.495821493519184,2700,562.7277337572528,0.0
1701,700.115,855.6741483167514,1473.7647065593092,44.12062998657216,124830.05516982,2538.110841115796,95.87314985529034,58.3750597523494,0.0,15.495902421685553,2700,562.7277337572528,0.0
1702,700.12,855.4856381500024,1475.3058308075733,44.16289196039039,124830.05516982,2538.110706866208,95.87310324077963,58.405548751238264,0.0,15.495983392239788,2700,562.7277337572528,0.0
1703,700.125,855.2970094864389,1476.8473228281946,44.20516031722703,124830.05516982,2538.11057261662,95.87305662626889,58.43602909267594,0.0,15.496064405169884,2700,562.7277337572528,0.0
1704,700.13,855.1082625016384,1478.3891816976018,44.24743503318168,124830.05516982,2538.1104383670317,95.87301001175817,58.46650077196072,0.0,15.496145460463838,2700,562.7277337572528,0.0
1705,700.135,854.9193973711966,1479.9314064923008,44.289716084475245,124830.05516982,2538.1103041174442,95.87296339724746,58.49696378439835,0.0,15.496226558109631,2700,562.7277337572528,0.0
1706,700.14,854.7304142707272,1481.4739962888752,44.33200344719714,124830.05516982,2538.110169867856,95.87291678273674,58.52741812530212,0.0,15.496307698095244,2700,562.7277337572528,0.0
1707,700.145,854.5413133758616,1483.0169501639878,44.3742970976069,124830.05516982,2538.1100356182683,95.87287016822602,58.55786378999274,0.0,15.496388880408649,2700,562.7277337572528,0.0
1708,700.15,854.3520948622482,1484.5602671943814,44.416597011850136,124830.05516982,2538.10990136868,95.8728235537153,58.58830077379845,0.0,15.496470105037815,2700,562.7277337572528,0.0
1709,700.155,854.1627589055531,1486.1039464568819,44.458903166141226,124830.05516982,2538.109767119092,95.87277693920457,58.61872907205498,0.0,15.496551371970698,2700,562.7277337572528,0.0
1710,700.16,853.9733056814584,1487.647987028398,44.501215536624464,124830.05516982,2538.109632869504,95.87273032469386,58.64914868010555,0.0,15.496632681195251,2700,562.7277337572528,0.0
1711,700.165,853.7837353656629,1489.192387985922,44.54353409959415,124830.05516982,2538.109498619916,95.87268371018314,58.67955959330083,0.0,15.496714032699423,2700,562.7277337572528,0.0
1712,700.17,853.5940481338821,1490.7371484065343,44.58585883119287,124830.05516982,2538.109364370328,95.87263709567242,58.70996180699904,0.0,15.496795426471152,2700,562.7277337572528,0.0
1713,700.1750000000001,853.4042441618466,1492.282267367401,44.62818970766535,124830.05516982,2538.10923012074,95.8725904811617,58.740355316565854,0.0,15.496876862498373,2700,562.7277337572528,0.0
1714,700.1800000000001,853.214323625303,1493.8277439457775,44.67052670527705,124830.05516982,2538.1090958711516,95.87254386665099,58.77074011737444,0.0,15.49695834076901,2700,562.7277337572528,0.0
1715,700.1850000000001,853.0242867000135,1495.3735772190091,44.71286980023543,124830.05516982,2538.108961621564,95.87249725214025,58.80111620480545,0.0,15.497039861270988,2700,562.7277337572528,0.0
1716,700.19,852.834133561755,1496.9197662645336,44.755218968756544,124830.05516982,2538.1088273719756,95.87245063762954,58.831483574247066,0.0,15.497121423992217,2700,562.7277337572528,0.0
1717,700.195,852.6438643863191,1498.4663101598796,44.79757418715915,124830.05516982,2538.108693122388,95.87240402311882,58.86184222109491,0.0,15.497203028920609,2700,562.7277337572528,0.0
1718,700.2,852.4534793495119,1500.0132079826715,44.83993543166576,124830.05516982,2538.1085588727997,95.8723574086081,58.89219214075214,0.0,15.497284676044062,2700,562.7277337572528,0.0
1719,700.205,852.2629786271538,1501.560458810629,44.882302678533215,124830.05516982,2538.1084246232117,95.87231079409739,58.92253332862937,0.0,15.49736636535047,2700,562.7277337572528,0.0
1720,700.21,852.072362395079,1503.108061721567,44.92467590407018,124830.05516982,2538.1082903736237,95.87226417958667,58.95286578014474,0.0,15.497448096827725,2700,562.7277337572528,0.0
1721,700.215,851.8816308291355,1504.6560157934007,44.96705508454449,124830.05516982,2538.1081561240358,95.87221756507593,58.983189490723845,0.0,15.497529870463705,2700,562.7277337572528,0.0
1722,700.22,851.6907841051843,1506.2043201041436,45.009440196251326,124830.05516982,2538.108021874448,95.87217095056522,59.01350445579982,0.0,15.49761168624629,2700,562.7277337572528,0.0
1723,700.225,851.4998223990995,1507.7529737319103,45.05183121547365,124830.05516982,2538.10788762486,95.8721243360545,59.04381067081325,0.0,15.497693544163345,2700,562.7277337572528,0.0
1724,700.23,851.3087458867681,1509.3019757549184,45.09422811848877,124830.05516982,2538.107753375272,95.87207772154377,59.07410813121224,0.0,15.497775444202738,2700,562.7277337572528,0.0
1725,700.235,851.1175547440895,1510.8513252514872,45.136630881734284,124830.05516982,2538.107619125684,95.87203110703307,59.10439683245238,0.0,15.49785738635232,2700,562.7277337572528,0.0
1726,700.24,850.9262491469751,1512.4010213000429,45.17903948139582,124830.05516982,2538.1074848760954,95.87198449252234,59.13467676999675,0.0,15.497939370599948,2700,562.7277337572528,0.0
1727,700.245,850.7348292713484,1513.9510629791164,45.22145389388607,124830.05516982,2538.107350626508,95.87193787801162,59.16494793931594,0.0,15.49802139693346,2700,562.7277337572528,0.0
1728,700.25,850.5432952931444,1515.501449367347,45.26387409549134,124830.05516982,2538.1072163769195,95.8718912635009,59.195210335888,0.0,15.498103465340698,2700,562.7277337572528,0.0
1729,700.255,850.3516473883097,1517.0521795434825,45.30630006260043,124830.05516982,2538.1070821273315,95.87184464899018,59.22546395519852,0.0,15.498185575809488,2700,562.7277337572528,0.0
1730,700.26,850.1598857328016,1518.6032525863811,45.348731771555144,124830.05516982,2538.1069478777436,95.87179803447945,59.255708792740556,0.0,15.49826772832766,2700,562.7277337572528,0.0
1731,700.265,849.9680105025882,1520.1546675750126,45.3911691987032,124830.05516982,2538.1068136281556,95.87175141996875,59.28594484401466,0.0,15.498349922883031,2700,562.7277337572528,0.0
1732,700.27,849.776021873648,1521.706423588459,45.433612320419776,124830.05516982,2538.1066793785676,95.87170480545802,59.31617210452888,0.0,15.498432159463412,2700,562.7277337572528,0.0
1733,700.275,849.5839200219699,1523.2585197059177,45.47606111307512,124830.05516982,2538.1065451289796,95.8716581909473,59.34639056979877,0.0,15.498514438056613,2700,562.7277337572528,0.0
1734,700.28,849.3917051235526,1524.810955006701,45.51851555306886,124830.05516982,2538.1064108793917,95.87161157643658,59.37660023534737,0.0,15.498596758650432,2700,562.7277337572528,0.0
1735,700.285,849.1993773544045,1526.3637285702382,45.56097561681649,124830.05516982,2538.1062766298037,95.87156496192586,59.406801096705216,0.0,15.49867912123266,2700,562.7277337572528,0.0
1736,700.29,849.0069368905433,1527.9168394760763,45.60344128066364,124830.05516982,2538.1061423802153,95.87151834741515,59.43699314941035,0.0,15.49876152579109,2700,562.7277337572528,0.0
1737,700.295,848.8143839079953,1529.4702868038821,45.6459125210819,124830.05516982,2538.1060081306277,95.87147173290442,59.46717638900828,0.0,15.4988439723135,2700,562.7277337572528,0.0
1738,700.3000000000001,848.6217185827966,1531.0240696334438,45.68838931443778,124830.05516982,2538.1058738810393,95.8714251183937,59.49735081105205,0.0,15.498926460787663,2700,562.7277337572528,0.0
1739,700.3050000000001,848.4289410909907,1532.5781870446708,45.73087163718126,124830.05516982,2538.105739631452,95.87137850388298,59.52751641110216,0.0,15.499008991201352,2700,562.7277337572528,0.0
1740,700.3100000000001,848.23605160863,1534.1326381175968,45.773359465740974,124830.05516982,2538.1056053818634,95.87133188937226,59.55767318472663,0.0,15.499091563542326,2700,562.7277337572528,0.0
1741,700.315,848.0430503117747,1535.68742193238,45.815852776596785,124830.05516982,2538.1054711322754,95.87128527486153,59.58782112750097,0.0,15.499174177798345,2700,562.7277337572528,0.0
1742,700.32,847.8499373764922,1537.242537569305,45.85835154614614,124830.05516982,2538.1053368826874,95.87123866035083,59.61796023500819,0.0,15.499256833957157,2700,562.7277337572528,0.0
1743,700.325,847.6567129788577,1538.797984108783,45.900855750860714,124830.05516982,2538.1052026330995,95.8711920458401,59.64809050283879,0.0,15.499339532006507,2700,562.7277337572528,0.0
1744,700.33,847.4633772949536,1540.353760631355,45.94336536723368,124830.05516982,2538.1050683835115,95.87114543132938,59.678211926590755,0.0,15.499422271934133,2700,562.7277337572528,0.0
1745,700.335,847.2699305008686,1541.9098662176916,45.98588037174588,124830.05516982,2538.1049341339235,95.87109881681866,59.70832450186958,0.0,15.499505053727766,2700,562.7277337572528,0.0
1746,700.34,847.0763727726983,1543.466299948594,46.02840074083152,124830.05516982,2538.104799884335,95.87105220230794,59.738428224288256,0.0,15.499587877375133,2700,562.7277337572528,0.0
1747,700.345,846.8827042865448,1545.0230609049981,46.0709264510238,124830.05516982,2538.1046656347476,95.87100558779721,59.768523089467266,0.0,15.499670742863952,2700,562.7277337572528,0.0
1748,700.35,846.6889252185155,1546.5801481679716,46.113457478792384,124830.05516982,2538.104531385159,95.8709589732865,59.79860909303458,0.0,15.499753650181939,2700,562.7277337572528,0.0
1749,700.355,846.4950357447236,1548.1375608187188,46.1559938006989,124830.05516982,2538.1043971355716,95.87091235877578,59.82868623062567,0.0,15.499836599316799,2700,562.7277337572528,0.0
1750,700.36,846.3010360412881,1549.6952979385806,46.198535393211486,124830.05516982,2538.104262885983,95.87086574426506,59.85875449788352,0.0,15.499919590256235,2700,562.7277337572528,0.0
1751,700.365,846.1069262843328,1551.2533586090353,46.24108223286722,124830.05516982,2538.104128636395,95.87081912975434,59.888813890458565,0.0,15.50000262298794,2700,562.7277337572528,0.0
1752,700.37,845.9127066499865,1552.8117419117013,46.28363429623602,124830.05516982,2538.1039943868072,95.87077251524362,59.91886440400878,0.0,15.500085697499607,2700,562.7277337572528,0.0
1753,700.375,845.7183773143823,1554.3704469283357,46.326191559815626,124830.05516982,2538.1038601372193,95.87072590073291,59.94890603419961,0.0,15.500168813778915,2700,562.7277337572528,0.0
1754,700.38,845.523938453658,1555.9294727408399,46.36875400018463,124830.05516982,2538.1037258876313,95.87067928622218,59.97893877670401,0.0,15.500251971813544,2700,562.7277337572528,0.0
1755,700.385,845.3293902439553,1557.4888184312565,46.41132159389521,124830.05516982,2538.1035916380433,95.87063267171146,60.00896262720242,0.0,15.500335171591162,2700,562.7277337572528,0.0
1756,700.39,845.134732861419,1559.0484830817736,46.45389431751958,124830.05516982,2538.103457388455,95.87058605720074,60.03897758138278,0.0,15.500418413099437,2700,562.7277337572528,0.0
1757,700.395,844.9399664821984,1560.6084657747251,46.49647214764863,124830.05516982,2538.1033231388674,95.87053944269002,60.0689836349405,0.0,15.500501696326026,2700,562.7277337572528,0.0
1758,700.4,844.7450912824448,1562.1687655925907,46.53905506083163,124830.05516982,2538.103188889279,95.8704928281793,60.09898078357853,0.0,15.500585021258585,2700,562.7277337572528,0.0
1759,700.405,844.5501074383138,1563.729381618,46.58164303369944,124830.05516982,2538.1030546396914,95.87044621366859,60.128969023007265,0.0,15.500668387884756,2700,562.7277337572528,0.0
1760,700.41,844.3550151259623,1565.2903129337315,46.62423604284076,124830.05516982,2538.102920390103,95.87039959915786,60.158948348944634,0.0,15.500751796192185,2700,562.7277337572528,0.0
1761,700.415,844.1598145215498,1566.8515586227145,46.666834064877555,124830.05516982,2538.102786140515,95.87035298464714,60.18891875711603,0.0,15.500835246168503,2700,562.7277337572528,0.0
1762,700.42,843.9645058012387,1568.4131177680306,46.70943707642313,124830.05516982,2538.102651890927,95.87030637013643,60.218880243254354,0.0,15.500918737801344,2700,562.7277337572528,0.0
1763,700.4250000000001,843.7690891411922,1569.9749894529152,46.75204505414079,124830.05516982,2538.102517641339,95.8702597556257,60.24883280310001,0.0,15.501002271078326,2700,562.7277337572528,0.0
1764,700.4300000000001,843.5735647175752,1571.5371727607587,46.794657974601314,124830.05516982,2538.102383391751,95.87021314111497,60.27877643240087,0.0,15.501085845987067,2700,562.7277337572528,0.0
1765,700.4350000000001,843.3779327065546,1573.099666775107,46.83727581449065,124830.05516982,2538.102249142163,95.87016652660427,60.3087111269123,0.0,15.50116946251518,2700,562.7277337572528,0.0
1766,700.44,843.1821932842973,1574.662470579663,46.8798985504913,124830.05516982,2538.1021148925747,95.87011991209354,60.33863688239718,0.0,15.501253120650274,2700,562.7277337572528,0.0
1767,700.445,842.9863466269715,1576.2255832582896,46.92252615923724,124830.05516982,2538.101980642987,95.87007329758282,60.36855369462589,0.0,15.50133682037994,2700,562.7277337572528,0.0
1768,700.45,842.7903929107451,1577.7890038950086,46.96515861743328,124830.05516982,2538.101846393399,95.87002668307211,60.39846155937625,0.0,15.501420561691779,2700,562.7277337572528,0.0
1769,700.455,842.594332311787,1579.3527315740034,47.00779590172338,124830.05516982,2538.1017121438113,95.86998006856138,60.428360472433624,0.0,15.501504344573373,2700,562.7277337572528,0.0
1770,700.46,842.3981650062652,1580.91676537962,47.05043798880194,124830.05516982,2538.101577894223,95.86993345405065,60.458250429590834,0.0,15.501588169012308,2700,562.7277337572528,0.0
1771,700.465,842.2018911703481,1582.4811043963673,47.093084855415526,124830.05516982,2538.101443644635,95.86988683953994,60.48813142664821,0.0,15.501672034996156,2700,562.7277337572528,0.0
1772,700.47,842.0055109802024,1584.0457477089208,47.13573647824417,124830.05516982,2538.101309395047,95.86984022502922,60.51800345941357,0.0,15.50175594251249,2700,562.7277337572528,0.0
1773,700.475,841.8090246119943,1585.6106944021217,47.17839283399586,124830.05516982,2538.101175145459,95.8697936105185,60.547866523702226,0.0,15.501839891548872,2700,562.7277337572528,0.0
1774,700.48,841.6124322418891,1587.175943560978,47.221053899456045,124830.05516982,2538.101040895871,95.86974699600779,60.57772061533696,0.0,15.501923882092864,2700,562.7277337572528,0.0
1775,700.485,841.4157340460501,1588.7414942706678,47.263719651271394,124830.05516982,2538.100906646283,95.86970038149705,60.60756573014805,0.0,15.502007914132014,2700,562.7277337572528,0.0
1776,700.49,841.218930200639,1590.3073456165387,47.30639006626763,124830.05516982,2538.100772396695,95.86965376698635,60.637401863973295,0.0,15.502091987653872,2700,562.7277337572528,0.0
1777,700.495,841.0220208818155,1591.8734966841093,47.349065121149906,124830.05516982,2538.100638147107,95.86960715247562,60.66722901265795,0.0,15.502176102645976,2700,562.7277337572528,0.0
1778,700.5,840.8250062657364,1593.4399465590727,47.39174479274351,124830.05516982,2538.1005038975186,95.8695605379649,60.697047172054745,0.0,15.502260259095864,2700,562.7277337572528,0.0
1779,700.505,840.6278865285567,1595.006694327294,47.43442905776234,124830.05516982,2538.100369647931,95.86951392345419,60.726856338023936,0.0,15.502344456991066,2700,562.7277337572528,0.0
1780,700.51,840.430661846428,1596.5737390748145,47.477117893067344,124830.05516982,2538.1002353983426,95.86946730894347,60.756656506433245,0.0,15.502428696319102,2700,562.7277337572528,0.0
1781,700.515,840.2333323954992,1598.141079887852,47.51981127534671,124830.05516982,2538.100101148755,95.86942069443273,60.78644767315788,0.0,15.50251297706749,2700,562.7277337572528,0.0
1782,700.52,840.0358983519149,1599.7087158528016,47.56250918145921,124830.05516982,2538.0999668991667,95.86937407992203,60.816229834080545,0.0,15.502597299223744,2700,562.7277337572528,0.0
1783,700.525,839.838359891817,1601.2766460562382,47.60521158824897,124830.05516982,2538.0998326495787,95.8693274654113,60.84600298509142,0.0,15.502681662775371,2700,562.7277337572528,0.0
1784,700.53,839.6407171913428,1602.8448695849163,47.64791847249421,124830.05516982,2538.0996983999908,95.86928085090058,60.87576712208818,0.0,15.502766067709869,2700,562.7277337572528,0.0
1785,700.535,839.4429704266253,1604.4133855257728,47.690629811025865,124830.05516982,2538.099564150403,95.86923423638987,60.905522240975976,0.0,15.502850514014733,2700,562.7277337572528,0.0
1786,700.54,839.2451197737934,1605.9821929659267,47.733345580719956,124830.05516982,2538.099429900815,95.86918762187915,60.935268337667445,0.0,15.502935001677455,2700,562.7277337572528,0.0
1787,700.545,839.0471654089711,1607.551290992681,47.77606575833759,124830.05516982,2538.099295651227,95.86914100736841,60.96500540808272,0.0,15.503019530685515,2700,562.7277337572528,0.0
1788,700.5500000000001,838.8491075082769,1609.1206786935245,47.818790320853466,124830.05516982,2538.0991614016384,95.8690943928577,60.99473344814938,0.0,15.503104101026393,2700,562.7277337572528,0.0
1789,700.5550000000001,838.6509462478248,1610.6903551561325,47.86151924506293,124830.05516982,2538.099027152051,95.86904777834698,61.02445245380255,0.0,15.503188712687558,2700,562.7277337572528,0.0
1790,700.5600000000001,838.4526818037222,1612.2603194683684,47.904252507894796,124830.05516982,2538.0988929024625,95.86900116383626,61.054162420984795,0.0,15.50327336565648,2700,562.7277337572528,0.0
1791,700.565,838.2543143520717,1613.8305707182842,47.946990086190986,124830.05516982,2538.098758652875,95.86895454932555,61.08386334564615,0.0,15.503358059920616,2700,562.7277337572528,0.0
1792,700.57,838.0558440689684,1615.4011079941224,47.989731956864134,124830.05516982,2538.0986244032865,95.86890793481483,61.113555223744164,0.0,15.503442795467425,2700,562.7277337572528,0.0
1793,700.575,837.8572711305026,1616.971930384317,48.032478096812014,124830.05516982,2538.0984901536985,95.8688613203041,61.14323805124384,0.0,15.503527572284355,2700,562.7277337572528,0.0
1794,700.58,837.6585957127564,1618.5430369774951,48.0752284829522,124830.05516982,2538.0983559041106,95.86881470579338,61.1729118241177,0.0,15.50361239035885,2700,562.7277337572528,0.0
1795,700.585,837.4598179918061,1620.114426862478,48.11798309222373,124830.05516982,2538.0982216545226,95.86876809128266,61.20257653834569,0.0,15.503697249678346,2700,562.7277337572528,0.0
1796,700.59,837.2609381437203,1621.6860991282826,48.16074190159532,124830.05516982,2538.0980874049346,95.86872147677195,61.23223218991529,0.0,15.503782150230277,2700,562.7277337572528,0.0
1797,700.595,837.0619563445597,1623.2580528641213,48.203504887944746,124830.05516982,2538.0979531553467,95.86867486226123,61.26187877482141,0.0,15.50386709200207,2700,562.7277337572528,0.0
1798,700.6,836.8628727703781,1624.8302871594058,48.24627202825811,124830.05516982,2538.0978189057582,95.86862824775051,61.29151628906647,0.0,15.503952074981145,2700,562.7277337572528,0.0
1799,700.605,836.6636875972205,1626.4028011037449,48.28904329948391,124830.05516982,2538.0976846561707,95.86858163323978,61.321144728660364,0.0,15.504037099154921,2700,562.7277337572528,0.0
1800,700.61,836.4644010011245,1627.9755937869497,48.331818678656724,124830.05516982,2538.0975504065823,95.86853501872906,61.350764089620455,0.0,15.504122164510806,2700,562.7277337572528,0.0
1801,700.615,836.2650131581182,1629.5486642990325,48.37459814267494,124830.05516982,2538.0974161569948,95.86848840421834,61.38037436797157,0.0,15.504207271036204,2700,562.7277337572528,0.0
1802,700.62,836.0655242442213,1631.1220117302078,48.4173816685951,124830.05516982,2538.0972819074063,95.86844178970763,61.40997555974604,0.0,15.504292418718515,2700,562.7277337572528,0.0
1803,700.625,835.8659344354442,1632.695635170893,48.46016923336191,124830.05516982,2538.0971476578184,95.86839517519691,61.43956766098364,0.0,15.50437760754513,2700,562.7277337572528,0.0
1804,700.63,835.6662439077885,1634.2695337117138,48.50296081408148,124830.05516982,2538.0970134082304,95.86834856068619,61.46915066773164,0.0,15.504462837503443,2700,562.7277337572528,0.0
1805,700.635,835.4664528372456,1635.8437064434995,48.545756387679994,124830.05516982,2538.0968791586424,95.86830194617546,61.49872457604478,0.0,15.504548108580831,2700,562.7277337572528,0.0
1806,700.64,835.2665613997973,1637.4181524572891,48.58855593128379,124830.05516982,2538.0967449090545,95.86825533166474,61.52828938198525,0.0,15.504633420764673,2700,562.7277337572528,0.0
1807,700.645,835.0665697714148,1638.992870844328,48.63135942181083,124830.05516982,2538.0966106594665,95.86820871715402,61.55784508162276,0.0,15.504718774042342,2700,562.7277337572528,0.0
1808,700.65,834.8664781280598,1640.5678606960764,48.674166836474896,124830.05516982,2538.096476409878,95.86816210264331,61.58739167103443,0.0,15.5048041684012,2700,562.7277337572528,0.0
1809,700.655,834.6662866456821,1642.1431211042004,48.716978152196255,124830.05516982,2538.0963421602905,95.86811548813259,61.6169291463049,0.0,15.504889603828614,2700,562.7277337572528,0.0
1810,700.66,834.4659955002214,1643.718651160583,48.75979334613384,124830.05516982,2538.096207910702,95.86806887362187,61.64645750352625,0.0,15.504975080311933,2700,562.7277337572528,0.0
1811,700.665,834.265604867606,1645.2944499573184,48.80261239530043,124830.05516982,2538.0960736611146,95.86802225911114,61.67597673879805,0.0,15.505060597838508,2700,562.7277337572528,0.0
1812,700.67,834.0651149237528,1646.8705165867175,48.84543527689878,124830.05516982,2538.095939411526,95.86797564460042,61.70548684822731,0.0,15.505146156395686,2700,562.7277337572528,0.0
1813,700.6750000000001,833.8645258445663,1648.446850141307,48.888261967927036,124830.05516982,2538.095805161938,95.8679290300897,61.73498782792854,0.0,15.5052317559708,2700,562.7277337572528,0.0
1814,700.6800000000001,833.66383780594,1650.023449713831,48.931092445547705,124830.05516982,2538.09567091235,95.86788241557899,61.7644796740237,0.0,15.50531739655119,2700,562.7277337572528,0.0
1815,700.6850000000001,833.4630509837542,1651.600314397252,48.973926686856046,124830.05516982,2538.0955366627622,95.86783580106827,61.79396238264219,0.0,15.50540307812418,2700,562.7277337572528,0.0
1816,700.69,833.2621655538776,1653.1774432847533,49.01676466904315,124830.05516982,2538.0954024131743,95.86778918655754,61.82343594992092,0.0,15.505488800677094,2700,562.7277337572528,0.0
1817,700.695,833.0611816921647,1654.7548354697385,49.05960636918454,124830.05516982,2538.0952681635863,95.86774257204682,61.85290037200425,0.0,15.505574564197248,2700,562.7277337572528,0.0
1818,700.7,832.8600995744586,1656.3324900458344,49.10245176447735,124830.05516982,2538.0951339139983,95.8676959575361,61.88235564504398,0.0,15.505660368671954,2700,562.7277337572528,0.0
1819,700.705,832.6589193765878,1657.9104061068902,49.14530083207026,124830.05516982,2538.0949996644104,95.86764934302539,61.911801765199385,0.0,15.505746214088518,2700,562.7277337572528,0.0
1820,700.71,832.4576412743679,1659.4885827469825,49.18815354914161,124830.05516982,2538.094865414822,95.86760272851467,61.941238728637224,0.0,15.505832100434242,2700,562.7277337572528,0.0
1821,700.715,832.2562654436002,1661.0670190604098,49.23100989287773,124830.05516982,2538.0947311652344,95.86755611400395,61.97066653153168,0.0,15.505918027696422,2700,562.7277337572528,0.0
1822,700.72,832.0547920600723,1662.6457141417018,49.27386984045766,124830.05516982,2538.094596915646,95.86750949949322,62.00008517006441,0.0,15.506003995862347,2700,562.7277337572528,0.0
1823,700.725,831.853221299557,1664.2246670856146,49.31673336912295,124830.05516982,2538.094462666058,95.8674628849825,62.029494640424545,0.0,15.506090004919304,2700,562.7277337572528,0.0
1824,700.73,831.6515533378126,1665.803876987134,49.35960045605008,124830.05516982,2538.09432841647,95.86741627047178,62.05889493880865,0.0,15.50617605485457,2700,562.7277337572528,0.0
1825,700.735,831.4497883505832,1667.3833429414774,49.40247107848689,124830.05516982,2538.094194166882,95.86736965596107,62.08828606142076,0.0,15.506262145655423,2700,562.7277337572528,0.0
1826,700.74,831.2479265135962,1668.9630640440935,49.4453452136859,124830.05516982,2538.094059917294,95.86732304145035,62.11766800447236,0.0,15.506348277309128,2700,562.7277337572528,0.0
1827,700.745,831.0459680025649,1670.543039390665,49.488222838853375,124830.05516982,2538.093925667706,95.86727642693963,62.14704076418239,0.0,15.506434449802951,2700,562.7277337572528,0.0
1828,700.75,830.8439129931863,1672.1232680771086,49.53110393128023,124830.05516982,2538.093791418118,95.86722981242892,62.17640433677725,0.0,15.50652066312415,2700,562.7277337572528,0.0
1829,700.755,830.6417616611418,1673.7037491995764,49.57398846822217,124830.05516982,2538.09365716853,95.86718319791818,62.20575871849079,0.0,15.506606917259978,2700,562.7277337572528,0.0
1830,700.76,830.4395141820966,1675.2844818544572,49.61687642693959,124830.05516982,2538.0935229189417,95.86713658340746,62.2351039055643,0.0,15.506693212197684,2700,562.7277337572528,0.0
1831,700.765,830.237170731699,1676.8654651383786,49.659767784752425,124830.05516982,2538.093388669354,95.86708996889675,62.26443989424655,0.0,15.506779547924511,2700,562.7277337572528,0.0
1832,700.77,830.0347314855807,1678.4466981482076,49.702662518949275,124830.05516982,2538.093254419766,95.86704335438603,62.293766680793716,0.0,15.506865924427695,2700,562.7277337572528,0.0
1833,700.775,829.8321966193569,1680.0281799810505,49.74556060682457,124830.05516982,2538.0931201701783,95.8669967398753,62.32308426146947,0.0,15.506952341694468,2700,562.7277337572528,0.0
1834,700.78,829.6295663086248,1681.609909734256,49.78846202572071,124830.05516982,2538.09298592059,95.8669501253646,62.35239263254491,0.0,15.507038799712058,2700,562.7277337572528,0.0
1835,700.785,829.4268407289649,1683.1918865054154,49.83136675294681,124830.05516982,2538.092851671002,95.86690351085386,62.381691790298575,0.0,15.507125298467688,2700,562.7277337572528,0.0
1836,700.79,829.2240200559391,1684.7741093923648,49.874274765891606,124830.05516982,2538.092717421414,95.86685689634315,62.41098173101645,0.0,15.507211837948573,2700,562.7277337572528,0.0
1837,700.795,829.0211044650922,1686.3565774931828,49.917186041871695,124830.05516982,2538.092583171826,95.86681028183243,62.44026245099197,0.0,15.507298418141925,2700,562.7277337572528,0.0
1838,700.8000000000001,828.81809413195,1687.939289906198,49.96010055821338,124830.05516982,2538.092448922238,95.8667636673217,62.469533946526035,0.0,15.507385039034949,2700,562.7277337572528,0.0
1839,700.8050000000001,828.6149892320199,1689.5222457299835,50.003018292339824,124830.05516982,2538.09231467265,95.86671705281098,62.49879621392693,0.0,15.507471700614849,2700,562.7277337572528,0.0
1840,700.8100000000001,828.4117899407908,1691.105444063363,50.045939221662685,124830.05516982,2538.0921804230616,95.86667043830028,62.528049249510445,0.0,15.507558402868817,2700,562.7277337572528,0.0
1841,700.815,828.2084964337322,1692.688884005409,50.088863323492916,124830.05516982,2538.092046173474,95.86662382378954,62.557293049599785,0.0,15.507645145784048,2700,562.7277337572528,0.0
1842,700.82,828.0051088862948,1694.2725646554454,50.13179057528757,124830.05516982,2538.0919119238856,95.86657720927883,62.586527610525586,0.0,15.507731929347726,2700,562.7277337572528,0.0
1843,700.825,827.801627473909,1695.8564851130498,50.17472095450198,124830.05516982,2538.091777674298,95.86653059476811,62.61575292862592,0.0,15.507818753547031,2700,562.7277337572528,0.0
1844,700.83,827.5980523719859,1697.4406444780504,50.21765443850048,124830.05516982,2538.0916434247097,95.86648398025739,62.644969000246334,0.0,15.507905618369138,2700,562.7277337572528,0.0
1845,700.835,827.3943837559166,1699.0250418505325,50.26059100470121,124830.05516982,2538.0915091751217,95.86643736574668,62.67417582173975,0.0,15.50799252380122,2700,562.7277337572528,0.0
1846,700.84,827.1906218010714,1700.6096763308356,50.303530630660106,124830.05516982,2538.0913749255337,95.86639075123595,62.703373389466584,0.0,15.50807946983044,2700,562.7277337572528,0.0
1847,700.845,826.9867666828007,1702.1945470195571,50.346473293735,124830.05516982,2538.0912406759458,95.86634413672522,62.732561699794644,0.0,15.508166456443961,2700,562.7277337572528,0.0
1848,700.85,826.7828185764331,1703.7796530175524,50.389418971434374,124830.05516982,2538.091106426358,95.86629752221451,62.76174074909919,0.0,15.508253483628932,2700,562.7277337572528,0.0
1849,700.855,826.5787776572772,1705.364993425935,50.43236764122922,124830.05516982,2538.09097217677,95.86625090770379,62.79091053376291,0.0,15.508340551372509,2700,562.7277337572528,0.0
1850,700.86,826.3746441006191,1706.9505673460808,50.475319280623005,124830.05516982,2538.0908379271814,95.86620429319306,62.82007105017592,0.0,15.508427659661836,2700,562.7277337572528,0.0
1851,700.865,826.1704180817244,1708.536373879626,50.51827386712772,124830.05516982,2538.090703677594,95.86615767868236,62.849222294735775,0.0,15.508514808484051,2700,562.7277337572528,0.0
1852,700.87,825.9660997758363,1710.1224121284693,50.56123137825105,124830.05516982,2538.0905694280054,95.86611106417163,62.87836426384743,0.0,15.508601997826291,2700,562.7277337572528,0.0
1853,700.875,825.7616893581758,1711.708681194775,50.60419179152398,124830.05516982,2538.090435178418,95.86606444966091,62.90749695392331,0.0,15.508689227675685,2700,562.7277337572528,0.0
1854,700.88,825.5571870039417,1713.29518018097,50.64715508446659,124830.05516982,2538.0903009288295,95.86601783515019,62.93662036138322,0.0,15.508776498019358,2700,562.7277337572528,0.0
1855,700.885,825.3525928883101,1714.8819081897495,50.69012123464629,124830.05516982,2538.0901666792415,95.86597122063947,62.96573448265442,0.0,15.508863808844428,2700,562.7277337572528,0.0
1856,700.89,825.1479071864344,1716.468864324076,50.73309021959619,124830.05516982,2538.0900324296535,95.86592460612874,62.99483931417158,0.0,15.508951160138013,2700,562.7277337572528,0.0
1857,700.895,824.9431300734448,1718.0560476871797,50.776062016886854,124830.05516982,2538.0898981800656,95.86587799161804,63.02393485237679,0.0,15.50903855188722,2700,562.7277337572528,0.0
1858,700.9,824.738261724448,1719.6434573825597,50.81903660414981,124830.05516982,2538.0897639304776,95.86583137710731,63.053021093719586,0.0,15.509125984079157,2700,562.7277337572528,0.0
1859,700.905,824.5333023145272,1721.2310925139886,50.862013958939784,124830.05516982,2538.0896296808896,95.86578476259659,63.082098034656866,0.0,15.509213456700923,2700,562.7277337572528,0.0
1860,700.91,824.3282520187415,1722.818952185509,50.904994058849944,124830.05516982,2538.089495431301,95.86573814808587,63.11116567165301,0.0,15.509300969739613,2700,562.7277337572528,0.0
1861,700.915,824.1231110121267,1724.407035501437,50.947976881516226,124830.05516982,2538.0893611817137,95.86569153357514,63.14022400117978,0.0,15.509388523182317,2700,562.7277337572528,0.0
1862,700.92,823.9178794696927,1725.9953415663635,50.99096240454742,124830.05516982,2538.0892269321253,95.86564491906444,63.16927301971636,0.0,15.50947611701612,2700,562.7277337572528,0.0
1863,700.9250000000001,823.712557566426,1727.583869485155,51.03395060558277,124830.05516982,2538.0890926825377,95.86559830455371,63.198312723749346,0.0,15.509563751228102,2700,562.7277337572528,0.0
1864,700.9300000000001,823.5071454772878,1729.172618362953,51.07694146229538,124830.05516982,2538.0889584329493,95.86555169004299,63.227343109772754,0.0,15.509651425805338,2700,562.7277337572528,0.0
1865,700.9350000000001,823.3016433772144,1730.7615873051795,51.119934952353226,124830.05516982,2538.0888241833613,95.86550507553227,63.25636417428798,0.0,15.5097391407349,2700,562.7277337572528,0.0
1866,700.94,823.0960514411163,1732.3507754175328,51.162931053342284,124830.05516982,2538.0886899337734,95.86545846102155,63.28537591380388,0.0,15.509826896003856,2700,562.7277337572528,0.0
1867,700.945,822.8903698438793,1733.9401818059919,51.20592974304843,124830.05516982,2538.0885556841854,95.86541184651082,63.31437832483669,0.0,15.50991469159926,2700,562.7277337572528,0.0
1868,700.95,822.6845987603614,1735.5298055768183,51.24893099908494,124830.05516982,2538.0884214345974,95.86536523200012,63.343371403910055,0.0,15.510002527508172,2700,562.7277337572528,0.0
1869,700.955,822.4787383653965,1737.1196458365548,51.29193479921102,124830.05516982,2538.0882871850094,95.8653186174894,63.37235514755503,0.0,15.510090403717644,2700,562.7277337572528,0.0
1870,700.96,822.2727888337911,1738.7097016920277,51.33494112113911,124830.05516982,2538.0881529354215,95.86527200297867,63.401329552310045,0.0,15.510178320214722,2700,562.7277337572528,0.0
1871,700.965,822.0667503403256,1740.2999722503469,51.377949942562765,124830.05516982,2538.0880186858335,95.86522538846795,63.43029461472099,0.0,15.510266276986444,2700,562.7277337572528,0.0
1872,700.97,821.8606230597525,1741.89045661891,51.42096124122731,124830.05516982,2538.087884436245,95.86517877395723,63.45925033134112,0.0,15.510354274019852,2700,562.7277337572528,0.0
1873,700.975,821.6544071667986,1743.4811539054,51.463974994949055,124830.05516982,2538.0877501866576,95.8651321594465,63.48819669873108,0.0,15.510442311301972,2700,562.7277337572528,0.0
1874,700.98,821.4481028361624,1745.0720632177886,51.506991181423494,124830.05516982,2538.087615937069,95.8650855449358,63.51713371345894,0.0,15.510530388819834,2700,562.7277337572528,0.0
1875,700.985,821.2417102425148,1746.663183664336,51.55000977844124,124830.05516982,2538.087481687481,95.86503893042507,63.54606137210017,0.0,15.51061850656046,2700,562.7277337572528,0.0
1876,700.99,821.035229560499,1748.2545143535933,51.593030763768034,124830.05516982,2538.087347437893,95.86499231591435,63.5749796712376,0.0,15.510706664510867,2700,562.7277337572528,0.0
1877,700.995,820.8286609647303,1749.846054394402,51.636054115220055,124830.05516982,2538.087213188305,95.86494570140363,63.60388860746149,0.0,15.510794862658067,2700,562.7277337572528,0.0
1878,701.0,820.6220046297952,1751.437802895898,51.67907981058052,124830.05516982,2538.0870789387172,95.8648990868929,63.63278817736948,0.0,15.51088310098907,2700,562.7277337572528,0.0
1879,701.005,820.4152607302523,1753.0297589675065,51.72210782773821,124830.05516982,2538.0869446891293,95.86485247238218,63.66167837756658,0.0,15.510971379490876,2700,562.7277337572528,0.0
1880,701.01,820.2084294406302,1754.6219217189532,51.76513814446085,124830.05516982,2538.0868104395413,95.86480585787147,63.690559204665234,0.0,15.511059698150484,2700,562.7277337572528,0.0
1881,701.015,820.0015109354297,1756.2142902602557,51.808170738643184,124830.05516982,2538.0866761899533,95.86475924336075,63.71943065528524,0.0,15.51114805695489,2700,562.7277337572528,0.0
1882,701.02,819.7945053891211,1757.8068637017286,51.85120558807332,124830.05516982,2538.086541940365,95.86471262885003,63.748292726053805,0.0,15.51123645589108,2700,562.7277337572528,0.0
1883,701.025,819.5874129761462,1759.3996411539881,51.89424267067476,124830.05516982,2538.0864076907774,95.8646660143393,63.7771454136055,0.0,15.511324894946041,2700,562.7277337572528,0.0
1884,701.03,819.380233870916,1760.9926217279449,51.93728196427851,124830.05516982,2538.086273441189,95.86461939982858,63.80598871458229,0.0,15.511413374106748,2700,562.7277337572528,0.0
1885,701.035,819.1729682478118,1762.585804534813,51.980323446818886,124830.05516982,2538.0861391916014,95.86457278531788,63.83482262563353,0.0,15.51150189336018,2700,562.7277337572528,0.0
1886,701.04,818.9656162811849,1764.1791886861056,52.02336709616261,124830.05516982,2538.086004942013,95.86452617080715,63.86364714341593,0.0,15.511590452693307,2700,562.7277337572528,0.0
1887,701.045,818.7581781453558,1765.7727732936412,52.06641289025103,124830.05516982,2538.085870692425,95.86447955629643,63.89246226459361,0.0,15.511679052093093,2700,562.7277337572528,0.0
1888,701.0500000000001,818.5506540146137,1767.3665574695394,52.10946080699504,124830.05516982,2538.085736442837,95.86443294178572,63.92126798583806,0.0,15.511767691546497,2700,562.7277337572528,0.0
1889,701.0550000000001,818.3430440632173,1768.9605403262267,52.15251082432514,124830.05516982,2538.085602193249,95.86438632727499,63.95006430382812,0.0,15.511856371040478,2700,562.7277337572528,0.0
1890,701.0600000000001,818.1353484653945,1770.5547209764325,52.195562920212424,124830.05516982,2538.085467943661,95.86433971276426,63.97885121525004,0.0,15.511945090561987,2700,562.7277337572528,0.0
1891,701.065,817.9275673953401,1772.1490985331964,52.23861707261837,124830.05516982,2538.085333694073,95.86429309825355,64.00762871679743,0.0,15.51203385009797,2700,562.7277337572528,0.0
1892,701.07,817.7197010272184,1773.7436721098636,52.281673259469876,124830.05516982,2538.0851994444847,95.86424648374283,64.03639680517126,0.0,15.51212264963537,2700,562.7277337572528,0.0
1893,701.075,817.5117495351616,1775.3384408200902,52.32473145879503,124830.05516982,2538.085065194897,95.86419986923211,64.06515547707988,0.0,15.512211489161123,2700,562.7277337572528,0.0
1894,701.08,817.3037130932694,1776.9334037778399,52.36779164859762,124830.05516982,2538.0849309453088,95.8641532547214,64.093904729239,0.0,15.512300368662162,2700,562.7277337572528,0.0
1895,701.085,817.0955918756084,1778.528560097391,52.41085380686545,124830.05516982,2538.0847966957213,95.86410664021066,64.12264455837172,0.0,15.51238928812542,2700,562.7277337572528,0.0
1896,701.09,816.8873860562135,1780.1239088933323,52.45391791159624,124830.05516982,2538.084662446133,95.86406002569994,64.15137496120848,0.0,15.512478247537814,2700,562.7277337572528,0.0
1897,701.095,816.6790958090859,1781.7194492805656,52.496983940850306,124830.05516982,2538.084528196545,95.86401341118923,64.18009593448707,0.0,15.512567246886269,2700,562.7277337572528,0.0
1898,701.1,816.4707213081937,1783.3151803743094,52.5400518727181,124830.05516982,2538.084393946957,95.86396679667851,64.20880747495268,0.0,15.512656286157696,2700,562.7277337572528,0.0
1899,701.105,816.262262727472,1784.9111012900946,52.58312168513895,124830.05516982,2538.084259697369,95.86392018216779,64.23750957935783,0.0,15.512745365339008,2700,562.7277337572528,0.0
1900,701.11,816.0537202408213,1786.507211143773,52.626193356282286,124830.05516982,2538.084125447781,95.86387356765708,64.26620224446243,0.0,15.512834484417107,2700,562.7277337572528,0.0
1901,701.115,815.8450940221093,1788.1035090515106,52.669266864201454,124830.05516982,2538.083991198193,95.86382695314634,64.29488546703371,0.0,15.5129236433789,2700,562.7277337572528,0.0
1902,701.12,815.6363842451681,1789.699994129795,52.71234218696727,124830.05516982,2538.0838569486045,95.86378033863564,64.32355924384626,0.0,15.513012842211277,2700,562.7277337572528,0.0
1903,701.125,815.4275910837964,1791.2966654954314,52.7554193026955,124830.05516982,2538.083722699017,95.86373372412491,64.35222357168205,0.0,15.513102080901136,2700,562.7277337572528,0.0
1904,701.13,815.2187147117584,1792.8935222655482,52.79849818953219,124830.05516982,2538.083588449429,95.86368710961419,64.38087844733036,0.0,15.51319135943536,2700,562.7277337572528,0.0
1905,701.135,815.0097553027823,1794.490563557594,52.84157882556861,124830.05516982,2538.083454199841,95.86364049510348,64.40952386758786,0.0,15.513280677800834,2700,562.7277337572528,0.0
1906,701.14,814.8007130305623,1796.0877884893425,52.88466118893717,124830.05516982,2538.083319950253,95.86359388059276,64.43815982925854,0.0,15.513370035984437,2700,562.7277337572528,0.0
1907,701.145,814.5915880687566,1797.6851961788914,52.92774525783779,124830.05516982,2538.0831857006647,95.86354726608202,64.46678632915375,0.0,15.513459433973043,2700,562.7277337572528,0.0
1908,701.15,814.3823805909875,1799.2827857446619,52.970831010374866,124830.05516982,2538.083051451077,95.86350065157131,64.49540336409217,0.0,15.513548871753521,2700,562.7277337572528,0.0
1909,701.155,814.1730907708422,1800.8805563054057,53.01391842482086,124830.05516982,2538.0829172014887,95.86345403706059,64.52401093089985,0.0,15.513638349312739,2700,562.7277337572528,0.0
1910,701.16,813.9637187818715,1802.4785069801974,53.05700747926949,124830.05516982,2538.082782951901,95.86340742254987,64.55260902641015,0.0,15.513727866637552,2700,562.7277337572528,0.0
1911,701.165,813.75426479759,1804.0766368884429,53.10009815195593,124830.05516982,2538.082648702313,95.86336080803916,64.58119764746378,0.0,15.513817423714823,2700,562.7277337572528,0.0
1912,701.17,813.5447289914749,1805.6749451498772,53.14319042113056,124830.05516982,2538.082514452725,95.86331419352844,64.6097767909088,0.0,15.513907020531398,2700,562.7277337572528,0.0
1913,701.1750000000001,813.3351115369676,1807.2734308845666,53.18628426496963,124830.05516982,2538.082380203137,95.8632675790177,64.63834645360058,0.0,15.513996657074129,2700,562.7277337572528,0.0
1914,701.1800000000001,813.1254126074721,1808.8720932129083,53.22937966170386,124830.05516982,2538.082245953549,95.863220964507,64.66690663240182,0.0,15.514086333329859,2700,562.7277337572528,0.0
1915,701.1850000000001,812.9156323763553,1810.4709312556322,53.27247658967918,124830.05516982,2538.082111703961,95.86317434999627,64.6954573241826,0.0,15.514176049285426,2700,562.7277337572528,0.0
1916,701.19,812.7057710169461,1812.0699441338031,53.31557502700032,124830.05516982,2538.081977454373,95.86312773548555,64.72399852582028,0.0,15.514265804927662,2700,562.7277337572528,0.0
1917,701.195,812.495828702536,1813.6691309688215,53.358674952080584,124830.05516982,2538.0818432047845,95.86308112097484,64.75253023419957,0.0,15.514355600243402,2700,562.7277337572528,0.0
1918,701.2,812.2858056063785,1815.268490882422,53.40177634318889,124830.05516982,2538.081708955197,95.86303450646412,64.78105244621248,0.0,15.51444543521947,2700,562.7277337572528,0.0
1919,701.205,812.0757019016887,1816.8680229966762,53.44487917856544,124830.05516982,2538.0815747056085,95.8629878919534,64.80956515875839,0.0,15.514535309842685,2700,562.7277337572528,0.0
1920,701.21,811.8655177616439,1818.4677264339969,53.48798343657406,124830.05516982,2538.081440456021,95.86294127744267,64.83806836874395,0.0,15.514625224099865,2700,562.7277337572528,0.0
1921,701.215,811.6552533593817,1820.067600317133,53.531089095515334,124830.05516982,2538.0813062064326,95.86289466293195,64.86656207308319,0.0,15.514715177977825,2700,562.7277337572528,0.0
1922,701.22,811.4449088680018,1821.6676437691747,53.57419613373655,124830.05516982,2538.0811719568446,95.86284804842123,64.89504626869737,0.0,15.51480517146337,2700,562.7277337572528,0.0
1923,701.225,811.2344844605636,1823.2678559135534,53.61730452960157,124830.05516982,2538.0810377072567,95.86280143391052,64.92352095251518,0.0,15.514895204543306,2700,562.7277337572528,0.0
1924,701.23,811.0239803100885,1824.8682358740439,53.66041426146292,124830.05516982,2538.0809034576687,95.8627548193998,64.95198612147252,0.0,15.514985277204435,2700,562.7277337572528,0.0
1925,701.235,810.813396589557,1826.4687827747637,53.70352530769168,124830.05516982,2538.0807692080807,95.86270820488907,64.98044177251266,0.0,15.515075389433548,2700,562.7277337572528,0.0
1926,701.24,810.6027334719104,1828.0694957401731,53.74663764668257,124830.05516982,2538.0806349584927,95.86266159037835,65.0088879025862,0.0,15.51516554121744,2700,562.7277337572528,0.0
1927,701.245,810.39199113005,1829.670373895082,53.789751256820985,124830.05516982,2538.0805007089043,95.86261497586763,65.03732450865095,0.0,15.515255732542897,2700,562.7277337572528,0.0
1928,701.25,810.1811697368365,1831.2714163646422,53.83286611655381,124830.05516982,2538.080366459317,95.86256836135692,65.06575158767214,0.0,15.515345963396701,2700,562.7277337572528,0.0
1929,701.255,809.9702694650903,1832.872622274356,53.87598220429689,124830.05516982,2538.0802322097284,95.8625217468462,65.09416913662226,0.0,15.515436233765632,2700,562.7277337572528,0.0
1930,701.26,809.7592904875904,1834.4739907500746,53.9190994984434,124830.05516982,2538.080097960141,95.86247513233548,65.12257715248107,0.0,15.515526543636463,2700,562.7277337572528,0.0
1931,701.265,809.548232977076,1836.0755209179965,53.962217977524006,124830.05516982,2538.0799637105524,95.86242851782475,65.15097563223568,0.0,15.515616892995967,2700,562.7277337572528,0.0
1932,701.27,809.3370971062441,1837.677211904672,54.00533761990971,124830.05516982,2538.0798294609644,95.86238190331403,65.17936457288049,0.0,15.515707281830903,2700,562.7277337572528,0.0
1933,701.275,809.1258830477503,1839.2790628370055,54.04845840417013,124830.05516982,2538.0796952113765,95.86233528880331,65.20774397141714,0.0,15.515797710128039,2700,562.7277337572528,0.0
1934,701.28,808.9145909742087,1840.8810728422498,54.09158030876017,124830.05516982,2538.0795609617885,95.8622886742926,65.23611382485466,0.0,15.515888177874132,2700,562.7277337572528,0.0
1935,701.285,808.7032210581916,1842.4832410480155,54.13470331212935,124830.05516982,2538.0794267122005,95.86224205978188,65.2644741302093,0.0,15.51597868505593,2700,562.7277337572528,0.0
1936,701.29,808.491773472229,1844.0855665822653,54.17782739287467,124830.05516982,2538.0792924626126,95.86219544527115,65.29282488450463,0.0,15.51606923166019,2700,562.7277337572528,0.0
1937,701.295,808.2802483888086,1845.6880485733195,54.22095252948133,124830.05516982,2538.0791582130246,95.86214883076043,65.32116608477148,0.0,15.516159817673651,2700,562.7277337572528,0.0
1938,701.3000000000001,808.0686459803749,1847.2906861498545,54.26407870052297,124830.05516982,2538.0790239634366,95.86210221624971,65.34949772804802,0.0,15.516250443083058,2700,562.7277337572528,0.0
1939,701.3050000000001,807.8569664193308,1848.8934784409041,54.307205884502494,124830.05516982,2538.078889713848,95.86205560173899,65.37781981137967,0.0,15.516341107875144,2700,562.7277337572528,0.0
1940,701.3100000000001,807.6452098780351,1850.4964245758624,54.350334060025794,124830.05516982,2538.0787554642607,95.86200898722828,65.40613233181911,0.0,15.516431812036645,2700,562.7277337572528,0.0
1941,701.315,807.4333765288034,1852.0995236844824,54.393463205670095,124830.05516982,2538.0786212146722,95.86196237271756,65.43443528642634,0.0,15.516522555554287,2700,562.7277337572528,0.0
1942,701.32,807.221466543908,1853.7027748968783,54.436593299960414,124830.05516982,2538.0784869650843,95.86191575820683,65.46272867226861,0.0,15.516613338414793,2700,562.7277337572528,0.0
1943,701.325,807.0094800955779,1855.3061773435259,54.4797243216332,124830.05516982,2538.0783527154963,95.86186914369611,65.49101248642049,0.0,15.516704160604888,2700,562.7277337572528,0.0
1944,701.33,806.7974173559974,1856.9097301552647,54.52285624917535,124830.05516982,2538.0782184659083,95.86182252918539,65.51928672596375,0.0,15.516795022111284,2700,562.7277337572528,0.0
1945,701.335,806.585278497307,1858.5134324632984,54.565989061320536,124830.05516982,2538.0780842163203,95.86177591467468,65.5475513879875,0.0,15.516885922920695,2700,562.7277337572528,0.0
1946,701.34,806.3730636916024,1860.1172833991948,54.60912273664309,124830.05516982,2538.0779499667324,95.86172930016396,65.5758064695881,0.0,15.516976863019828,2700,562.7277337572528,0.0
1947,701.345,806.1607731109348,1861.721282094889,54.652257253798425,124830.05516982,2538.0778157171444,95.86168268565324,65.60405196786917,0.0,15.517067842395388,2700,562.7277337572528,0.0
1948,701.35,805.9484069273107,1863.3254276826817,54.69539259154293,124830.05516982,2538.0776814675564,95.86163607114251,65.63228787994157,0.0,15.517158861034074,2700,562.7277337572528,0.0
1949,701.355,805.7359653126916,1864.9297192952422,54.73852872844956,124830.05516982,2538.077547217968,95.86158945663179,65.66051420292348,0.0,15.517249918922584,2700,562.7277337572528,0.0
1950,701.36,805.5234484389933,1866.5341560656095,54.78166564328836,124830.05516982,2538.0774129683805,95.86154284212107,65.68873093394029,0.0,15.517341016047606,2700,562.7277337572528,0.0
1951,701.365,805.3108564780865,1868.1387371271917,54.824803314725855,124830.05516982,2538.077278718792,95.86149622761036,65.7169380701247,0.0,15.51743215239583,2700,562.7277337572528,0.0
1952,701.37,805.0981896017954,1869.7434616137687,54.86794172153974,124830.05516982,2538.0771444692045,95.86144961309964,65.74513560861661,0.0,15.51752332795394,2700,562.7277337572528,0.0
1953,701.375,804.8854479818986,1871.3483286594933,54.91108084239646,124830.05516982,2538.077010219616,95.86140299858891,65.7733235465632,0.0,15.517614542708616,2700,562.7277337572528,0.0
1954,701.38,804.6726317901289,1872.953337398888,54.954220656080025,124830.05516982,2538.076875970028,95.8613563840782,65.80150188111894,0.0,15.517705796646535,2700,562.7277337572528,0.0
1955,701.385,804.4597411981719,1874.5584869668533,54.9973611413767,124830.05516982,2538.07674172044,95.86130976956747,65.82967060944547,0.0,15.517797089754366,2700,562.7277337572528,0.0
1956,701.39,804.2467763776671,1876.1637764986638,55.04050227696388,124830.05516982,2538.076607470852,95.86126315505675,65.85782972871175,0.0,15.517888422018778,2700,562.7277337572528,0.0
1957,701.395,804.0337375002068,1877.7692051299675,55.083644041748194,124830.05516982,2538.076473221264,95.86121654054604,65.88597923609393,0.0,15.517979793426436,2700,562.7277337572528,0.0
1958,701.4,803.8206247373362,1879.374771996792,55.12678641448949,124830.05516982,2538.0763389716763,95.86116992603532,65.91411912877545,0.0,15.518071203963999,2700,562.7277337572528,0.0
1959,701.405,803.6074382605536,1880.9804762355436,55.16992937396144,124830.05516982,2538.076204722088,95.8611233115246,65.94224940394697,0.0,15.518162653618122,2700,562.7277337572528,0.0
1960,701.41,803.3941782413089,1882.586316983005,55.21307289902415,124830.05516982,2538.0760704725003,95.86107669701389,65.9703700588064,0.0,15.518254142375458,2700,562.7277337572528,0.0
1961,701.415,803.1808448510051,1884.1922933763403,55.25621696853347,124830.05516982,2538.075936222912,95.86103008250315,65.99848109055884,0.0,15.518345670222656,2700,562.7277337572528,0.0
1962,701.42,802.9674382609963,1885.798404553095,55.29936156134807,124830.05516982,2538.0758019733244,95.86098346799244,66.02658249641671,0.0,15.51843723714636,2700,562.7277337572528,0.0
1963,701.4250000000001,802.7539586425895,1887.4046496511965,55.34250665629756,124830.05516982,2538.075667723736,95.86093685348172,66.05467427359957,0.0,15.51852884313321,2700,562.7277337572528,5.0
1964,701.4300000000001,802.5404061670424,3098.6778469536216,55.38565223227562,124830.05516982,2538.075533474148,95.860890238971,66.08264165902574,0.0,15.518620488169843,2700,562.7277337572528,5.0
