,Time [s],Thrust [lb],Lift [lb],Drag [lb],Power [hp],Weight [lb],Percent [%],Velocity [knots],Altitude [ft],Range [nmi],RPM [rev/min],Ground Roll [ft],AOA [deg]
0,352.94000000000005,0.1654556750938608,2387.4450771980305,166.62759061182598,22.055423626601993,2549.6148797730807,89.87723782610392,68.38645649902585,0.0,7.940325311946712,1,1188,0.0
1,352.94500000000005,0.1654556750938608,3434.943425583755,166.62759061182598,22.055423626601993,2549.6148797730807,89.87723782610392,68.37400452533115,0.0,7.9404202931362935,1,1188,0.0
2,352.95000000000005,0.16556135514768602,3433.6926536219285,166.5687209379601,22.055423626601993,2549.6148797730807,89.87722795320693,68.36155915978016,0.0,7.940515248384263,1,1188,0.0
3,352.95500000000004,0.16566711775310908,3432.442773015944,166.50989261284633,22.055423626601993,2549.6148797730807,89.87721808030993,68.34910498208403,0.0,7.940610238224873,1,1188,0.0
4,352.96000000000004,0.16577309399091836,3431.192235175893,166.45103274878088,22.055423626601993,2549.6148797730807,89.87720820741293,68.33665521363395,0.0,7.940705210757563,1,1188,0.0
5,352.96500000000003,0.1658791714300061,3429.942367797156,166.3922038369163,22.055423626601993,2549.6148797730807,89.87719833451595,68.32420984439305,0.0,7.940800166018793,1,1188,0.0
6,352.97,0.16598535000869774,3428.6931696304705,166.33340581931625,22.055423626601993,2549.6148797730807,89.87718846161896,68.31176888101595,0.0,7.940895103979487,1,1188,0.0
7,352.9750000000001,0.16609162952313014,3427.4446411023296,166.27463871665398,22.055423626601993,2549.6148797730807,89.87717858872196,68.2993323211876,0.0,7.940990024645783,1,1188,0.0
8,352.9800000000001,0.16619800984597186,3426.196781738915,166.21590250749227,22.055423626601993,2549.6148797730807,89.87716871582496,68.28690016260404,0.0,7.941084928023785,1,1188,0.0
9,352.98500000000007,0.1663044908499541,3424.949591067771,166.15719717026226,22.055423626601993,2549.6148797730807,89.87715884292797,68.27447240295685,0.0,7.941179814119611,1,1188,0.0
10,352.99000000000007,0.16641107240799946,3423.7030686162484,166.0985226835239,22.055423626601993,2549.6148797730807,89.87714897003097,68.26204903993916,0.0,7.94127468293938,1,1188,0.0
11,352.99500000000006,0.166517754393171,3422.4572139121133,166.03987902565942,22.055423626601993,2549.6148797730807,89.87713909713399,68.24963007124578,0.0,7.941369534489206,1,1188,0.0
12,353.00000000000006,0.16662453667867086,3421.2120264835453,165.9812661752941,22.055423626601993,2549.6148797730807,89.87712922423698,68.23721549457305,0.0,7.9414643687752,1,1188,0.0
13,353.00500000000005,0.166731419137846,3419.9675058591392,165.92268411099542,22.055423626601993,2549.6148797730807,89.87711935134,68.22480530761898,0.0,7.941559185803469,1,1188,0.0
14,353.01000000000005,0.16683840164417926,3418.7236515679006,165.86413281122086,22.055423626601993,2549.6148797730807,89.87710947844299,68.21239950808315,0.0,7.94165398558012,1,1188,0.0
15,353.01500000000004,0.16694548407129722,3417.480463139253,165.80561225462608,22.055423626601993,2549.6148797730807,89.87709960554601,68.19999809366674,0.0,7.941748768111254,1,1188,0.0
16,353.02000000000004,0.16705266629296464,3416.237940103031,165.74712241979893,22.055423626601993,2549.6148797730807,89.87708973264901,68.18760106207253,0.0,7.941843533402969,1,1188,0.0
17,353.02500000000003,0.16715994818308483,3414.9960819894804,165.6886632853533,22.055423626601993,2549.6148797730807,89.87707985975202,68.17520841100492,0.0,7.94193828146136,1,1188,0.0
18,353.03000000000003,0.16726732961570404,3413.754888329261,165.6302348299297,22.055423626601993,2549.6148797730807,89.87706998685502,68.16282013816985,0.0,7.942033012292519,1,1188,0.0
19,353.0350000000001,0.16737481046500474,3412.514358653441,165.57183703216847,22.055423626601993,2549.6148797730807,89.87706011395802,68.1504362412749,0.0,7.942127725902536,1,1188,0.0
20,353.0400000000001,0.16748239060531236,3411.2744924935014,165.51346987079506,22.055423626601993,2549.6148797730807,89.87705024106104,68.13805671802925,0.0,7.942222422297495,1,1188,0.0
21,353.0450000000001,0.16759006991108732,3410.0352893813347,165.45513332449383,22.055423626601993,2549.6148797730807,89.87704036816405,68.12568156614364,0.0,7.9423171014834795,1,1188,0.0
22,353.05000000000007,0.16769784825693135,3408.796748849245,165.3968273718812,22.055423626601993,2549.6148797730807,89.87703049526705,68.1133107833304,0.0,7.94241176346657,1,1188,0.0
23,353.05500000000006,0.1678057255175864,3407.5588704299403,165.33855199182221,22.055423626601993,2549.6148797730807,89.87702062237005,68.1009443673035,0.0,7.942506408252839,1,1188,0.0
24,353.06000000000006,0.16791370156793098,3406.321653656544,165.28030716298602,22.055423626601993,2549.6148797730807,89.87701074947306,68.08858231577844,0.0,7.942601035848362,1,1188,0.0
25,353.06500000000005,0.16802177628298096,3405.085098062588,165.22209286414082,22.055423626601993,2549.6148797730807,89.87700087657606,68.07622462647231,0.0,7.942695646259209,1,1188,0.0
26,353.07000000000005,0.1681299495378944,3403.8492031820083,165.16390907408228,22.055423626601993,2549.6148797730807,89.87699100367908,68.06387129710384,0.0,7.942790239491447,1,1188,0.0
27,353.07500000000005,0.1682382212079635,3402.6139685491535,165.10575577168743,22.055423626601993,2549.6148797730807,89.87698113078207,68.05152232539328,0.0,7.942884815551137,1,1188,0.0
28,353.08000000000004,0.1683465911686223,3401.379393698777,165.04763293564233,22.055423626601993,2549.6148797730807,89.87697125788509,68.0391777090625,0.0,7.9429793744443415,1,1188,0.0
29,353.08500000000004,0.1684550592954381,3400.1454781660436,164.9895405448914,22.055423626601993,2549.6148797730807,89.87696138498808,68.02683744583491,0.0,7.943073916177116,1,1188,0.0
30,353.09000000000003,0.1685636254641217,3398.912221486517,164.93147857823914,22.055423626601993,2549.6148797730807,89.8769515120911,68.01450153343558,0.0,7.943168440755515,1,1188,0.0
31,353.095,0.1686722895505156,3397.6796231961775,164.87344701456277,22.055423626601993,2549.6148797730807,89.8769416391941,68.00216996959105,0.0,7.9432629481855885,1,1188,0.0
32,353.1000000000001,0.16878105143060368,3396.4476828314027,164.81544583283616,22.055423626601993,2549.6148797730807,89.8769317662971,67.98984275202953,0.0,7.943357438473386,1,1188,0.0
33,353.1050000000001,0.16888991098050518,3395.2163999289805,164.75747501186825,22.055423626601993,2549.6148797730807,89.87692189340012,67.97751987848078,0.0,7.94345191162495,1,1188,0.0
34,353.11000000000007,0.16899886807647754,3393.9857740261054,164.69953453067788,22.055423626601993,2549.6148797730807,89.87691202050311,67.96520134667607,0.0,7.943546367646324,1,1188,0.0
35,353.11500000000007,0.1691079225949128,3392.7558046603694,164.64162436812387,22.055423626601993,2549.6148797730807,89.87690214760613,67.95288715434835,0.0,7.943640806543542,1,1188,0.0
36,353.12000000000006,0.1692170744123419,3391.526491369776,164.58374450329046,22.055423626601993,2549.6148797730807,89.87689227470914,67.94057729923205,0.0,7.943735228322644,1,1188,0.0
37,353.12500000000006,0.16932632340543283,3390.29783369273,164.5258949150718,22.055423626601993,2549.6148797730807,89.87688240181214,67.92827177906321,0.0,7.943829632989657,1,1188,0.0
38,353.13000000000005,0.1694356694509877,3389.069831168038,164.46807558249722,22.055423626601993,2549.6148797730807,89.87687252891514,67.91597059157945,0.0,7.943924020550614,1,1188,0.0
39,353.13500000000005,0.16954511242594522,3387.8424833349122,164.41028648461128,22.055423626601993,2549.6148797730807,89.87686265601815,67.90367373451994,0.0,7.944018391011537,1,1188,0.0
40,353.14000000000004,0.16965465220738268,3386.6157897329663,164.35252760044736,22.055423626601993,2549.6148797730807,89.87685278312115,67.89138120562541,0.0,7.944112744378449,1,1188,0.0
41,353.14500000000004,0.16976428867251073,3385.3897499022164,164.2947989089795,22.055423626601993,2549.6148797730807,89.87684291022417,67.87909300263816,0.0,7.94420708065737,1,1188,0.0
42,353.15000000000003,0.16987402169867621,3384.164363383078,164.23710038945887,22.055423626601993,2549.6148797730807,89.87683303732716,67.86680912330203,0.0,7.944301399854316,1,1188,0.0
43,353.15500000000003,0.16998385116336134,3382.939629716373,164.1794320208037,22.055423626601993,2549.6148797730807,89.87682316443018,67.8545295653625,0.0,7.944395701975301,1,1188,0.0
44,353.1600000000001,0.17009377694418568,3381.7155484433206,164.1217937822649,22.055423626601993,2549.6148797730807,89.87681329153318,67.8422543265665,0.0,7.944489987026333,1,1188,0.0
45,353.1650000000001,0.1702037989189006,3380.492119105539,164.06418565285483,22.055423626601993,2549.6148797730807,89.87680341863619,67.82998340466264,0.0,7.944584255013418,1,1188,0.0
46,353.1700000000001,0.17031391696539686,3379.2693412450535,164.0066076118418,22.055423626601993,2549.6148797730807,89.87679354573919,67.81771679740098,0.0,7.944678505942562,1,1188,0.0
47,353.17500000000007,0.17042413096169615,3378.047214404279,163.94905963833978,22.055423626601993,2549.6148797730807,89.8767836728422,67.80545450253317,0.0,7.944772739819764,1,1188,0.0
48,353.18000000000006,0.1705344407859572,3376.825738126039,163.89154171148058,22.055423626601993,2549.6148797730807,89.87677379994521,67.79319651781246,0.0,7.944866956651021,1,1188,0.0
49,353.18500000000006,0.17064484631647245,3375.604911953549,163.83405381055442,22.055423626601993,2549.6148797730807,89.8767639270482,67.7809428409936,0.0,7.944961156442328,1,1188,0.0
50,353.19000000000005,0.17075534743166934,3374.3847354304276,163.77659591470643,22.055423626601993,2549.6148797730807,89.87675405415122,67.76869346983293,0.0,7.9450553391996745,1,1188,0.0
51,353.19500000000005,0.17086594401010877,3373.16520810069,163.7191680032505,22.055423626601993,2549.6148797730807,89.87674418125422,67.7564484020883,0.0,7.94514950492905,1,1188,0.0
52,353.20000000000005,0.17097663593048726,3371.9463295087467,163.66177005541988,22.055423626601993,2549.6148797730807,89.87673430835723,67.74420763551912,0.0,7.94524365363644,1,1188,0.0
53,353.20500000000004,0.17108742307163366,3370.7280991994076,163.60440205045077,22.055423626601993,2549.6148797730807,89.87672443546023,67.7319711678864,0.0,7.945337785327823,1,1188,0.0
54,353.21000000000004,0.17119830531251212,3369.51051671788,163.54706396764544,22.055423626601993,2549.6148797730807,89.87671456256324,67.71973899695261,0.0,7.945431900009178,1,1188,0.0
55,353.21500000000003,0.17130928253221936,3368.2935816097647,163.48975578636438,22.055423626601993,2549.6148797730807,89.87670468966624,67.70751112048185,0.0,7.945525997686484,1,1188,0.0
56,353.22,0.17142035460998514,3367.0772934210618,163.4324774858634,22.055423626601993,2549.6148797730807,89.87669481676926,67.69528753623972,0.0,7.945620078365709,1,1188,0.0
57,353.2250000000001,0.17153152142517455,3365.861651698164,163.37522904557179,22.055423626601993,2549.6148797730807,89.87668494387225,67.68306824199337,0.0,7.945714142052825,1,1188,0.0
58,353.2300000000001,0.17164278285728288,3364.6466559878622,163.3180104447805,22.055423626601993,2549.6148797730807,89.87667507097527,67.67085323551149,0.0,7.945808188753798,1,1188,0.0
59,353.23500000000007,0.17175413878594278,3363.4323058373407,163.26082166289984,22.055423626601993,2549.6148797730807,89.87666519807827,67.6586425145643,0.0,7.94590221847459,1,1188,0.0
60,353.24000000000007,0.1718655890909147,3362.218600794175,163.20366267935546,22.055423626601993,2549.6148797730807,89.87665532518128,67.64643607692359,0.0,7.945996231221161,1,1188,0.0
61,353.24500000000006,0.1719771336520953,3361.0055404063382,163.1465334735389,22.055423626601993,2549.6148797730807,89.87664545228428,67.63423392036266,0.0,7.946090226999467,1,1188,0.0
62,353.25000000000006,0.17208877234951256,3359.7931242221975,163.08943402488552,22.055423626601993,2549.6148797730807,89.87663557938728,67.62203604265635,0.0,7.946184205815463,1,1188,0.0
63,353.25500000000005,0.17220050506332787,3358.5813517905103,163.0323643128567,22.055423626601993,2549.6148797730807,89.8766257064903,67.60984244158105,0.0,7.9462781676751,1,1188,0.0
64,353.26000000000005,0.1723123316738332,3357.370222660427,162.9753243168711,22.055423626601993,2549.6148797730807,89.87661583359329,67.59765311491468,0.0,7.946372112584323,1,1188,0.0
65,353.26500000000004,0.1724242520614527,3356.1597363814917,162.91831401649293,22.055423626601993,2549.6148797730807,89.87660596069631,67.58546806043667,0.0,7.946466040549079,1,1188,0.0
66,353.27000000000004,0.17253626610674475,3354.9498925036387,162.86133339119345,22.055423626601993,2549.6148797730807,89.87659608779931,67.573287275928,0.0,7.946559951575308,1,1188,0.0
67,353.27500000000003,0.1726483736903962,3353.740690577197,162.80438242051298,22.055423626601993,2549.6148797730807,89.87658621490232,67.56111075917119,0.0,7.946653845668949,1,1188,0.0
68,353.28000000000003,0.17276057469322942,3352.5321301528825,162.74746108393882,22.055423626601993,2549.6148797730807,89.87657634200532,67.54893850795025,0.0,7.946747722835937,1,1188,0.0
69,353.2850000000001,0.17287286899619406,3351.324210781804,162.69056936107646,22.055423626601993,2549.6148797730807,89.87656646910833,67.53677052005078,0.0,7.946841583082203,1,1188,0.0
70,353.2900000000001,0.17298525648037238,3350.1169320154595,162.6337072315168,22.055423626601993,2549.6148797730807,89.87655659621133,67.52460679325984,0.0,7.946935426413677,1,1188,0.0
71,353.2950000000001,0.17309773702698125,3348.9102934057382,162.57687467480474,22.055423626601993,2549.6148797730807,89.87654672331435,67.51244732536605,0.0,7.947029252836284,1,1188,0.0
72,353.30000000000007,0.17321031051736327,3347.704294504919,162.52007167059114,22.055423626601993,2549.6148797730807,89.87653685041734,67.50029211415956,0.0,7.9471230623559475,1,1188,0.0
73,353.30500000000006,0.17332297683299533,3346.498934865667,162.46329819847958,22.055423626601993,2549.6148797730807,89.87652697752036,67.48814115743203,0.0,7.9472168549785875,1,1188,0.0
74,353.31000000000006,0.17343573585548355,3345.294214041038,162.40655423816344,22.055423626601993,2549.6148797730807,89.87651710462336,67.47599445297661,0.0,7.9473106307101204,1,1188,0.0
75,353.31500000000005,0.1735485874665648,3344.0901315844753,162.34983976923107,22.055423626601993,2549.6148797730807,89.87650723172636,67.46385199858803,0.0,7.94740438955646,1,1188,0.0
76,353.32000000000005,0.17366153154810676,3342.8866870498105,162.29315477138954,22.055423626601993,2549.6148797730807,89.87649735882938,67.45171379206249,0.0,7.947498131523516,1,1188,0.0
77,353.32500000000005,0.17377456798210708,3341.6838799912625,162.2364992243816,22.055423626601993,2549.6148797730807,89.87648748593237,67.43957983119773,0.0,7.947591856617197,1,1188,0.0
78,353.33000000000004,0.17388769665069345,3340.4817099634365,162.17987310787882,22.055423626601993,2549.6148797730807,89.87647761303539,67.427450113793,0.0,7.947685564843407,1,1188,0.0
79,353.33500000000004,0.17400091743612303,3339.2801765213253,162.12327640164614,22.055423626601993,2549.6148797730807,89.8764677401384,67.41532463764906,0.0,7.9477792562080465,1,1188,0.0
80,353.34000000000003,0.1741142302207835,3338.079279220307,162.06670908543416,22.055423626601993,2549.6148797730807,89.8764578672414,67.40320340056819,0.0,7.947872930717015,1,1188,0.0
81,353.345,0.17422763488719117,3336.879017616146,162.01017113896071,22.055423626601993,2549.6148797730807,89.8764479943444,67.39108640035417,0.0,7.9479665883762065,1,1188,0.0
82,353.3500000000001,0.17434113131799298,3335.6793912649923,161.95366254201915,22.055423626601993,2549.6148797730807,89.8764381214474,67.37897363481228,0.0,7.948060229191515,1,1188,0.0
83,353.3550000000001,0.17445471939596513,3334.4803997233776,161.89718327450495,22.055423626601993,2549.6148797730807,89.87642824855041,67.36686510174937,0.0,7.948153853168828,1,1188,0.0
84,353.36000000000007,0.17456839900401092,3333.2820425482255,161.84073331610372,22.055423626601993,2549.6148797730807,89.87641837565342,67.35476079897371,0.0,7.948247460314032,1,1188,0.0
85,353.36500000000007,0.17468217002516498,3332.0843192968355,161.78431264673117,22.055423626601993,2549.6148797730807,89.87640850275642,67.34266072429514,0.0,7.948341050633009,1,1188,0.0
86,353.37000000000006,0.17479603234258898,3330.887229526896,161.727921246267,22.055423626601993,2549.6148797730807,89.87639862985944,67.330564875525,0.0,7.94843462413164,1,1188,0.0
87,353.37500000000006,0.1749099858395759,3329.6907727964795,161.6715590945079,22.055423626601993,2549.6148797730807,89.87638875696243,67.31847325047609,0.0,7.948528180815803,1,1188,0.0
88,353.38000000000005,0.17502403039954376,3328.494948664037,161.61522617139136,22.055423626601993,2549.6148797730807,89.87637888406545,67.30638584696275,0.0,7.94862172069137,1,1188,0.0
89,353.38500000000005,0.175138165906042,3327.2997566884046,161.55892245681196,22.055423626601993,2549.6148797730807,89.87636901116845,67.29430266280085,0.0,7.948715243764213,1,1188,0.0
90,353.39000000000004,0.17525239224274655,3326.105196428802,161.50264793073038,22.055423626601993,2549.6148797730807,89.87635913827145,67.28222369580767,0.0,7.948808750040199,1,1188,0.0
91,353.39500000000004,0.17536670929346082,3324.9112674448293,161.44640257300298,22.055423626601993,2549.6148797730807,89.87634926537447,67.27014894380207,0.0,7.948902239525194,1,1188,0.0
92,353.40000000000003,0.17548111694211838,3323.717969296467,161.39018636366976,22.055423626601993,2549.6148797730807,89.87633939247746,67.25807840460436,0.0,7.9489957122250585,1,1188,0.0
93,353.40500000000003,0.17559561507277818,3322.5253015440767,161.33399928267193,22.055423626601993,2549.6148797730807,89.87632951958048,67.2460120760364,0.0,7.949089168145652,1,1188,0.0
94,353.4100000000001,0.17571020356963055,3321.3332637484045,161.2778413099876,22.055423626601993,2549.6148797730807,89.87631964668348,67.23394995592147,0.0,7.94918260729283,1,1188,0.0
95,353.4150000000001,0.1758248823169872,3320.141855470571,161.2217124256117,22.055423626601993,2549.6148797730807,89.87630977378649,67.22189204208442,0.0,7.949276029672443,1,1188,0.0
96,353.4200000000001,0.17593965119929253,3318.95107627208,161.16561260965713,22.055423626601993,2549.6148797730807,89.87629990088949,67.2098383323515,0.0,7.949369435290345,1,1188,0.0
97,353.42500000000007,0.17605451010111697,3317.7609257148133,161.10954184208555,22.055423626601993,2549.6148797730807,89.8762900279925,67.19778882455057,0.0,7.949462824152379,1,1188,0.0
98,353.43000000000006,0.17616945890715568,3316.5714033610348,161.05350010300924,22.055423626601993,2549.6148797730807,89.8762801550955,67.18574351651087,0.0,7.94955619626439,1,1188,0.0
99,353.43500000000006,0.1762844975022327,3315.382508773382,160.99748737242766,22.055423626601993,2549.6148797730807,89.8762702821985,67.17370240606319,0.0,7.949649551632218,1,1188,0.0
100,353.44000000000005,0.1763996257712984,3314.194241514875,160.94150363055235,22.055423626601993,2549.6148797730807,89.87626040930151,67.16166549103977,0.0,7.9497428902617004,1,1188,0.0
101,353.44500000000005,0.17651484359942998,3313.0066011489102,160.8855488573883,22.055423626601993,2549.6148797730807,89.87625053640453,67.1496327692744,0.0,7.949836212158672,1,1188,0.0
102,353.45000000000005,0.17663015087182973,3311.8195872392603,160.82962303310134,22.055423626601993,2549.6148797730807,89.87624066350752,67.1376042386023,0.0,7.9499295173289655,1,1188,0.0
103,353.45500000000004,0.1767455474738285,3310.633199350078,160.7737261378615,22.055423626601993,2549.6148797730807,89.87623079061053,67.12557989686016,0.0,7.950022805778407,1,1188,0.0
104,353.46000000000004,0.17686103329088096,3309.447437045889,160.7178581518444,22.055423626601993,2549.6148797730807,89.87622091771354,67.11355974188618,0.0,7.950116077512823,1,1188,0.0
105,353.46500000000003,0.17697660820856836,3308.2622998915986,160.66201905514717,22.055423626601993,2549.6148797730807,89.87621104481654,67.10154377152007,0.0,7.950209332538037,1,1188,0.0
106,353.47,0.1770922721125993,3307.077787452487,160.60620882801257,22.055423626601993,2549.6148797730807,89.87620117191956,67.08953198360297,0.0,7.950302570859868,1,1188,0.0
107,353.4750000000001,0.17720802488880624,3305.893899294208,160.5504274506762,22.055423626601993,2549.6148797730807,89.87619129902255,67.07752437597749,0.0,7.950395792484131,1,1188,0.0
108,353.4800000000001,0.1773238664231478,3304.7106349827923,160.49467490338552,22.055423626601993,2549.6148797730807,89.87618142612557,67.06552094648778,0.0,7.950488997416641,1,1188,0.0
109,353.48500000000007,0.17743979660170878,3303.5279940846463,160.43895116631205,22.055423626601993,2549.6148797730807,89.87617155322857,67.0535216929794,0.0,7.950582185663208,1,1188,0.0
110,353.49000000000007,0.17755581531069736,3302.3459761665504,160.38325621979467,22.055423626601993,2549.6148797730807,89.87616168033158,67.04152661329944,0.0,7.950675357229639,1,1188,0.0
111,353.49500000000006,0.1776719224364476,3301.164580795656,160.32759004406313,22.055423626601993,2549.6148797730807,89.87615180743458,67.02953570529641,0.0,7.95076851212174,1,1188,0.0
112,353.50000000000006,0.17778811786541926,3299.9838075394905,160.2719526194354,22.055423626601993,2549.6148797730807,89.87614193453759,67.01754896682033,0.0,7.950861650345311,1,1188,0.0
113,353.50500000000005,0.17790440148419753,3298.803655965956,160.2163439261926,22.055423626601993,2549.6148797730807,89.87613206164059,67.00556639572268,0.0,7.95095477190615,1,1188,0.0
114,353.51000000000005,0.17802077317948942,3297.6241256433245,160.16076394474885,22.055423626601993,2549.6148797730807,89.87612218874361,66.99358798985641,0.0,7.951047876810055,1,1188,0.0
115,353.51500000000004,0.17813723283812846,3296.4452161402414,160.10521265537386,22.055423626601993,2549.6148797730807,89.8761123158466,66.98161374707593,0.0,7.951140965062815,1,1188,0.0
116,353.52000000000004,0.17825378034707365,3295.266927025727,160.04969003848166,22.055423626601993,2549.6148797730807,89.87610244294962,66.96964366523711,0.0,7.951234036670223,1,1188,0.0
117,353.52500000000003,0.17837041559340416,3294.0892578691664,159.99419607439472,22.055423626601993,2549.6148797730807,89.8760925700526,66.95767774219732,0.0,7.951327091638063,1,1188,0.0
118,353.53000000000003,0.17848713846432734,3292.912208240325,159.93873074355832,22.055423626601993,2549.6148797730807,89.87608269715562,66.94571597581536,0.0,7.95142012997212,1,1188,0.0
119,353.5350000000001,0.17860394884717315,3291.7357777093303,159.8832940264023,22.055423626601993,2549.6148797730807,89.87607282425863,66.93375836395153,0.0,7.951513151678174,1,1188,0.0
120,353.5400000000001,0.17872084662939375,3290.5599658466867,159.8278859033197,22.055423626601993,2549.6148797730807,89.87606295136163,66.92180490446754,0.0,7.951606156762002,1,1188,0.0
121,353.5450000000001,0.17883783169856748,3289.3847722232663,159.7725063547602,22.055423626601993,2549.6148797730807,89.87605307846465,66.90985559522659,0.0,7.951699145229379,1,1188,0.0
122,353.55000000000007,0.1789549039423941,3288.210196410312,159.71715536120914,22.055423626601993,2549.6148797730807,89.87604320556764,66.89791043409335,0.0,7.951792117086078,1,1188,0.0
123,353.55500000000006,0.17907206324869718,3287.036237979433,159.6618329031825,22.055423626601993,2549.6148797730807,89.87603333267066,66.88596941893395,0.0,7.951885072337866,1,1188,0.0
124,353.56000000000006,0.17918930950542478,3285.862896502612,159.60653896110128,22.055423626601993,2549.6148797730807,89.87602345977366,66.87403254761595,0.0,7.95197801099051,1,1188,0.0
125,353.56500000000005,0.1793066426006461,3284.6901715521976,159.55127351551184,22.055423626601993,2549.6148797730807,89.87601358687667,66.86209981800837,0.0,7.952070933049772,1,1188,0.0
126,353.57000000000005,0.17942406242255485,3283.5180627009054,159.4960365469608,22.055423626601993,2549.6148797730807,89.87600371397967,66.8501712279817,0.0,7.95216383852141,1,1188,0.0
127,353.57500000000005,0.17954156885946615,3282.3465695218224,159.44082803601364,22.055423626601993,2549.6148797730807,89.87599384108267,66.83824677540788,0.0,7.952256727411184,1,1188,0.0
128,353.58000000000004,0.17965916179981775,3281.1756915884007,159.3856479631428,22.055423626601993,2549.6148797730807,89.87598396818568,66.82632645816032,0.0,7.952349599724847,1,1188,0.0
129,353.58500000000004,0.17977684113217077,3280.0054284744615,159.33049630905757,22.055423626601993,2549.6148797730807,89.8759740952887,66.81441027411383,0.0,7.952442455468148,1,1188,0.0
130,353.59000000000003,0.17989460674520935,3278.835779754188,159.27537305432259,22.055423626601993,2549.6148797730807,89.87596422239169,66.8024982211447,0.0,7.952535294646838,1,1188,0.0
131,353.595,0.18001245852773817,3277.666745002136,159.22027817945087,22.055423626601993,2549.6148797730807,89.8759543494947,66.79059029713069,0.0,7.952628117266658,1,1188,0.0
132,353.6000000000001,0.1801303963686842,3276.4983237932242,159.16521166517978,22.055423626601993,2549.6148797730807,89.87594447659771,66.77868649995096,0.0,7.952720923333355,1,1188,0.0
133,353.6050000000001,0.1802484201570961,3275.3305157027353,159.1101734920988,22.055423626601993,2549.6148797730807,89.87593460370071,66.76678682748616,0.0,7.952813712852663,1,1188,0.0
134,353.61000000000007,0.18036652978214565,3274.1633203063193,159.0551636409256,22.055423626601993,2549.6148797730807,89.87592473080372,66.75489127761836,0.0,7.952906485830322,1,1188,0.0
135,353.61500000000007,0.18048472513312516,3272.9967371799917,159.0001820922984,22.055423626601993,2549.6148797730807,89.87591485790672,66.74299984823105,0.0,7.952999242272064,1,1188,0.0
136,353.62000000000006,0.18060300609944752,3271.8307659001307,158.9452288268898,22.055423626601993,2549.6148797730807,89.87590498500974,66.73111253720924,0.0,7.953091982183619,1,1188,0.0
137,353.62500000000006,0.18072137257064982,3270.6654060434803,158.8903038254709,22.055423626601993,2549.6148797730807,89.87589511211273,66.7192293424393,0.0,7.953184705570713,1,1188,0.0
138,353.63000000000005,0.18083982443638746,3269.5006571871463,158.8354070687652,22.055423626601993,2549.6148797730807,89.87588523921575,66.70735026180908,0.0,7.953277412439073,1,1188,0.0
139,353.63500000000005,0.18095836158643752,3268.336518908599,158.7805385374968,22.055423626601993,2549.6148797730807,89.87587536631875,66.69547529320788,0.0,7.953370102794419,1,1188,0.0
140,353.64000000000004,0.1810769839106993,3267.172990785673,158.7256982124513,22.055423626601993,2549.6148797730807,89.87586549342176,66.68360443452639,0.0,7.953462776642469,1,1188,0.0
141,353.64500000000004,0.18119569129919072,3266.0100723965606,158.6708860743672,22.055423626601993,2549.6148797730807,89.87585562052476,66.67173768365677,0.0,7.95355543398894,1,1188,0.0
142,353.65000000000003,0.1813144836420519,3264.8477633198245,158.61610210406334,22.055423626601993,2549.6148797730807,89.87584574762776,66.65987503849261,0.0,7.953648074839542,1,1188,0.0
143,353.65500000000003,0.18143336082954362,3263.6860631343807,158.5613462823207,22.055423626601993,2549.6148797730807,89.87583587473077,66.64801649692893,0.0,7.9537406991999875,1,1188,0.0
144,353.6600000000001,0.18155232275204633,3262.524971419513,158.50661859000098,22.055423626601993,2549.6148797730807,89.87582600183379,66.63616205686219,0.0,7.953833307075982,1,1188,0.0
145,353.6650000000001,0.1816713693000592,3261.364487754862,158.4519190079545,22.055423626601993,2549.6148797730807,89.87581612893678,66.62431171619026,0.0,7.95392589847323,1,1188,0.0
146,353.6700000000001,0.1817905003642043,3260.2046117204304,158.39724751704958,22.055423626601993,2549.6148797730807,89.8758062560398,66.61246547281249,0.0,7.954018473397432,1,1188,0.0
147,353.67500000000007,0.1819097158352216,3259.045342896585,158.34260409814067,22.055423626601993,2549.6148797730807,89.8757963831428,66.6006233246296,0.0,7.954111031854286,1,1188,0.0
148,353.68000000000006,0.18202901560397086,3257.886680864046,158.287988732101,22.055423626601993,2549.6148797730807,89.8757865102458,66.58878526954375,0.0,7.954203573849486,1,1188,0.0
149,353.68500000000006,0.18214839956143317,3256.7286252039003,158.23340139983867,22.055423626601993,2549.6148797730807,89.87577663734882,66.57695130545855,0.0,7.954296099388726,1,1188,0.0
150,353.69000000000005,0.18226786759870708,3255.5711754975855,158.17884208233554,22.055423626601993,2549.6148797730807,89.87576676445181,66.56512143027904,0.0,7.954388608477693,1,1188,0.0
151,353.69500000000005,0.18238741960701252,3254.414331326907,158.12431076043362,22.055423626601993,2549.6148797730807,89.87575689155483,66.55329564191165,0.0,7.954481101122075,1,1188,0.0
152,353.70000000000005,0.18250705547768523,3253.258092274024,158.06980741520263,22.055423626601993,2549.6148797730807,89.87574701865782,66.54147393826425,0.0,7.954573577327555,1,1188,0.0
153,353.70500000000004,0.18262677510218436,3252.1024579214522,158.0153320275668,22.055423626601993,2549.6148797730807,89.87573714576084,66.52965631724614,0.0,7.9546660370998135,1,1188,0.0
154,353.71000000000004,0.18274657837208447,3250.9474278520706,157.96088457848643,22.055423626601993,2549.6148797730807,89.87572727286384,66.51784277676802,0.0,7.954758480444529,1,1188,0.0
155,353.71500000000003,0.18286646517908112,3249.793001649112,157.90646504900425,22.055423626601993,2549.6148797730807,89.87571739996685,66.50603331474203,0.0,7.9548509073673745,1,1188,0.0
156,353.72,0.18298643541498644,3248.6391788961646,157.85207342013362,22.055423626601993,2549.6148797730807,89.87570752706985,66.4942279290817,0.0,7.954943317874023,1,1188,0.0
157,353.7250000000001,0.1831064889717332,3247.485959177177,157.797709672899,22.055423626601993,2549.6148797730807,89.87569765417285,66.48242661770203,0.0,7.955035711970143,1,1188,0.0
158,353.7300000000001,0.1832266257413712,3246.3333420764525,157.7433737884167,22.055423626601993,2549.6148797730807,89.87568778127586,66.47062937851938,0.0,7.9551280896614,1,1188,0.0
159,353.73500000000007,0.18334684561606837,3245.1813271786514,157.68906574763156,22.055423626601993,2549.6148797730807,89.87567790837888,66.45883620945156,0.0,7.955220450953457,1,1188,0.0
160,353.74000000000007,0.1834671484881121,3244.029914068788,157.6347855317334,22.055423626601993,2549.6148797730807,89.87566803548187,66.44704710841775,0.0,7.955312795851976,1,1188,0.0
161,353.74500000000006,0.1835875342499064,3242.8791023322324,157.5805331217942,22.055423626601993,2549.6148797730807,89.87565816258488,66.43526207333859,0.0,7.955405124362612,1,1188,0.0
162,353.75000000000006,0.1837080027939734,3241.728891554711,157.52630849889485,22.055423626601993,2549.6148797730807,89.87564828968789,66.42348110213612,0.0,7.9554974364910205,1,1188,0.0
163,353.75500000000005,0.18382855401295273,3240.5792813223015,157.4721116442302,22.055423626601993,2549.6148797730807,89.87563841679089,66.41170419273377,0.0,7.955589732242853,1,1188,0.0
164,353.76000000000005,0.183949187799601,3239.43027122144,157.41794253892851,22.055423626601993,2549.6148797730807,89.87562854389391,66.39993134305638,0.0,7.955682011623757,1,1188,0.0
165,353.76500000000004,0.1840699040467946,3238.281860838912,157.36380116414935,22.055423626601993,2549.6148797730807,89.8756186709969,66.3881625510302,0.0,7.9557742746393805,1,1188,0.0
166,353.77000000000004,0.18419070264752496,3237.13404976186,157.30968750105393,22.055423626601993,2549.6148797730807,89.87560879809992,66.37639781458294,0.0,7.9558665212953645,1,1188,0.0
167,353.77500000000003,0.18431158349490168,3235.986837577778,157.2556015308825,22.055423626601993,2549.6148797730807,89.87559892520292,66.36463713164362,0.0,7.9559587515973496,1,1188,0.0
168,353.78000000000003,0.18443254648214935,3234.8402238745107,157.20154323482961,22.055423626601993,2549.6148797730807,89.87558905230593,66.35288050014273,0.0,7.956050965550973,1,1188,0.0
169,353.7850000000001,0.1845535915026117,3233.694208240261,157.1475125940996,22.055423626601993,2549.6148797730807,89.87557917940893,66.34112791801213,0.0,7.956143163161867,1,1188,0.0
170,353.7900000000001,0.18467471844974967,3232.5487902635778,157.09350958999207,22.055423626601993,2549.6148797730807,89.87556930651193,66.3293793831851,0.0,7.956235344435665,1,1188,0.0
171,353.7950000000001,0.18479592721713778,3231.403969533363,157.0395342036811,22.055423626601993,2549.6148797730807,89.87555943361494,66.31763489359633,0.0,7.956327509377995,1,1188,0.0
172,353.80000000000007,0.18491721769846944,3230.2597456388735,156.98558641651658,22.055423626601993,2549.6148797730807,89.87554956071794,66.30589444718187,0.0,7.9564196579944815,1,1188,0.0
173,353.80500000000006,0.18503858978755394,3229.116118169712,156.93166620979895,22.055423626601993,2549.6148797730807,89.87553968782095,66.2941580418792,0.0,7.956511790290749,1,1188,0.0
174,353.81000000000006,0.18516004337831515,3227.973086715836,156.87777356477596,22.055423626601993,2549.6148797730807,89.87552981492396,66.2824256756272,0.0,7.9566039062724165,1,1188,0.0
175,353.81500000000005,0.18528157836479514,3226.8306508675505,156.82390846284616,22.055423626601993,2549.6148797730807,89.87551994202695,66.2706973463661,0.0,7.956696005945101,1,1188,0.0
176,353.82000000000005,0.1854031946411514,3225.6888102155103,156.7700708853192,22.055423626601993,2549.6148797730807,89.87551006912997,66.25897305203759,0.0,7.956788089314417,1,1188,0.0
177,353.82500000000005,0.18552489210165607,3224.54756435072,156.7162608134914,22.055423626601993,2549.6148797730807,89.87550019623298,66.24725279058471,0.0,7.956880156385974,1,1188,0.0
178,353.83000000000004,0.1856466706406978,3223.406912864536,156.66247822878097,22.055423626601993,2549.6148797730807,89.87549032333598,66.23553655995188,0.0,7.956972207165383,1,1188,0.0
179,353.83500000000004,0.18576853015277991,3222.266855348659,156.60872311260022,22.055423626601993,2549.6148797730807,89.875480450439,66.22382435808495,0.0,7.957064241658247,1,1188,0.0
180,353.84000000000003,0.18589047053252236,3221.1273913951413,156.5549954463338,22.055423626601993,2549.6148797730807,89.87547057754199,66.21211618293115,0.0,7.95715625987017,1,1188,0.0
181,353.845,0.18601249167465925,3219.988520596383,156.50129521134505,22.055423626601993,2549.6148797730807,89.87546070464501,66.20041203243909,0.0,7.957248261806752,1,1188,0.0
182,353.8500000000001,0.186134593474041,3218.850242545131,156.44762238914691,22.055423626601993,2549.6148797730807,89.87545083174801,66.18871190455873,0.0,7.9573402474735895,1,1188,0.0
183,353.8550000000001,0.18625677582563008,3217.7125568344795,156.39397696119687,22.055423626601993,2549.6148797730807,89.87544095885102,66.17701579724151,0.0,7.957432216876276,1,1188,0.0
184,353.86000000000007,0.18637903862450728,3216.5754630578695,156.3403589088851,22.055423626601993,2549.6148797730807,89.87543108595402,66.16532370844016,0.0,7.9575241700204025,1,1188,0.0
185,353.86500000000007,0.186501381765866,3215.4389608090905,156.2867682137563,22.055423626601993,2549.6148797730807,89.87542121305702,66.15363563610883,0.0,7.9576161069115585,1,1188,0.0
186,353.87000000000006,0.18662380514501664,3214.3030496822753,156.23320485725702,22.055423626601993,2549.6148797730807,89.87541134016003,66.14195157820306,0.0,7.95770802755533,1,1188,0.0
187,353.87500000000006,0.18674630865737937,3213.167729271905,156.17966882090448,22.055423626601993,2549.6148797730807,89.87540146726303,66.13027153267977,0.0,7.957799931957298,1,1188,0.0
188,353.88000000000005,0.186868892198493,3212.0329991728067,156.12616008627734,22.055423626601993,2549.6148797730807,89.87539159436604,66.11859549749725,0.0,7.957891820123043,1,1188,0.0
189,353.88500000000005,0.1869915556640082,3210.8988589801493,156.0726786349041,22.055423626601993,2549.6148797730807,89.87538172146905,66.10692347061517,0.0,7.957983692058143,1,1188,0.0
190,353.89000000000004,0.18711429894969014,3209.7653082894503,156.01922444830123,22.055423626601993,2549.6148797730807,89.87537184857206,66.09525544999461,0.0,7.958075547768171,1,1188,0.0
191,353.89500000000004,0.1872371219514183,3208.6323466965714,155.96579750806376,22.055423626601993,2549.6148797730807,89.87536197567506,66.08359143359796,0.0,7.958167387258699,1,1188,0.0
192,353.90000000000003,0.18736002456518638,3207.4999737977146,155.91239779583066,22.055423626601993,2549.6148797730807,89.87535210277807,66.07193141938905,0.0,7.958259210535296,1,1188,0.0
193,353.90500000000003,0.18748300668709977,3206.3681891894303,155.85902529309791,22.055423626601993,2549.6148797730807,89.87534222988107,66.06027540533304,0.0,7.958351017603526,1,1188,0.0
194,353.9100000000001,0.1876060682133794,3205.23699246861,155.80567998159916,22.055423626601993,2549.6148797730807,89.87533235698409,66.04862338939648,0.0,7.958442808468954,1,1188,0.0
195,353.9150000000001,0.18772920904035836,3204.106383232489,155.7523618429054,22.055423626601993,2549.6148797730807,89.87532248408708,66.0369753695473,0.0,7.958534583137137,1,1188,0.0
196,353.9200000000001,0.18785242906448318,3202.9763610786445,155.69907085867493,22.055423626601993,2549.6148797730807,89.8753126111901,66.0253313437548,0.0,7.958626341613635,1,1188,0.0
197,353.92500000000007,0.18797572818231376,3201.846925604998,155.64580701064116,22.055423626601993,2549.6148797730807,89.8753027382931,66.01369130998962,0.0,7.958718083904001,1,1188,0.0
198,353.93000000000006,0.18809910629052304,3200.7180764098116,155.5925702803729,22.055423626601993,2549.6148797730807,89.8752928653961,66.00205526622385,0.0,7.958809810013786,1,1188,0.0
199,353.93500000000006,0.18822256328589537,3199.5898130916903,155.53936064964793,22.055423626601993,2549.6148797730807,89.87528299249911,65.99042321043082,0.0,7.958901519948541,1,1188,0.0
200,353.94000000000005,0.18834609906533015,3198.4621352495788,155.4861781001849,22.055423626601993,2549.6148797730807,89.87527311960211,65.97879514058535,0.0,7.95899321371381,1,1188,0.0
201,353.94500000000005,0.1884697135258365,3197.3350424827636,155.43302261366438,22.055423626601993,2549.6148797730807,89.87526324670512,65.96717105466352,0.0,7.959084891315136,1,1188,0.0
202,353.95000000000005,0.18859340656453985,3196.208534390873,155.37989417187904,22.055423626601993,2549.6148797730807,89.87525337380814,65.95555095064286,0.0,7.959176552758061,1,1188,0.0
203,353.95500000000004,0.18871717807867303,3195.0826105738724,155.32679275654394,22.055423626601993,2549.6148797730807,89.87524350091113,65.94393482650223,0.0,7.95926819804812,1,1188,0.0
204,353.96000000000004,0.18884102796558583,3193.9572706320732,155.27371834944927,22.055423626601993,2549.6148797730807,89.87523362801414,65.93232268022182,0.0,7.959359827190849,1,1188,0.0
205,353.96500000000003,0.18896495612273667,3192.8325141661185,155.22067093238508,22.055423626601993,2549.6148797730807,89.87522375511715,65.92071450978324,0.0,7.9594514401917795,1,1188,0.0
206,353.97,0.18908896244769705,3191.708340776999,155.167650487181,22.055423626601993,2549.6148797730807,89.87521388222015,65.90911031316942,0.0,7.9595430370564415,1,1188,0.0
207,353.9750000000001,0.18921304683815063,3190.5847500660375,155.11465699563743,22.055423626601993,2549.6148797730807,89.87520400932316,65.89751008836465,0.0,7.9596346177903605,1,1188,0.0
208,353.9800000000001,0.18933720919189248,3189.4617416349,155.0616904396036,22.055423626601993,2549.6148797730807,89.87519413642616,65.88591383335459,0.0,7.959726182399058,1,1188,0.0
209,353.98500000000007,0.1894614494068287,3188.339315085588,155.0087508009017,22.055423626601993,2549.6148797730807,89.87518426352918,65.87432154612624,0.0,7.959817730888058,1,1188,0.0
210,353.99000000000007,0.18958576738097763,3187.217470020442,154.9558380613959,22.055423626601993,2549.6148797730807,89.87517439063217,65.86273322466798,0.0,7.959909263262876,1,1188,0.0
211,353.99500000000006,0.189710163012467,3186.0962060421402,154.9029522030244,22.055423626601993,2549.6148797730807,89.87516451773519,65.85114886696951,0.0,7.960000779529028,1,1188,0.0
212,354.00000000000006,0.18983463619953833,3184.975522753696,154.8500932076337,22.055423626601993,2549.6148797730807,89.87515464483819,65.83956847102192,0.0,7.960092279692026,1,1188,0.0
213,354.00500000000005,0.189959186840543,3183.855419758465,154.79726105711146,22.055423626601993,2549.6148797730807,89.8751447719412,65.82799203481764,0.0,7.96018376375738,1,1188,0.0
214,354.01000000000005,0.1900838148339414,3182.7358966601346,154.74445573347128,22.055423626601993,2549.6148797730807,89.8751348990442,65.81641955635041,0.0,7.960275231730594,1,1188,0.0
215,354.01500000000004,0.19020852007830735,3181.616953062729,154.6916772185862,22.055423626601993,2549.6148797730807,89.8751250261472,65.80485103361539,0.0,7.960366683617176,1,1188,0.0
216,354.02000000000004,0.19033330247232527,3180.49858857061,154.63892549443975,22.055423626601993,2549.6148797730807,89.8751151532502,65.79328646460901,0.0,7.960458119422624,1,1188,0.0
217,354.02500000000003,0.19045816191478657,3179.380802788473,154.5862005430213,22.055423626601993,2549.6148797730807,89.87510528035322,65.78172584732913,0.0,7.960549539152437,1,1188,0.0
218,354.03000000000003,0.1905830983045985,3178.263595321351,154.53350234628965,22.055423626601993,2549.6148797730807,89.87509540745623,65.77016917977487,0.0,7.96064094281211,1,1188,0.0
219,354.0350000000001,0.19070811154077252,3177.1469657746097,154.480830886258,22.055423626601993,2549.6148797730807,89.87508553455923,65.75861645994677,0.0,7.9607323304071365,1,1188,0.0
220,354.0400000000001,0.1908332015224344,3176.03091375395,154.42818614491432,22.055423626601993,2549.6148797730807,89.87507566166224,65.74706768584666,0.0,7.9608237019430055,1,1188,0.0
221,354.0450000000001,0.19095836814881997,3174.915438865407,154.37556810432295,22.055423626601993,2549.6148797730807,89.87506578876524,65.73552285547774,0.0,7.960915057425205,1,1188,0.0
222,354.05000000000007,0.1910836113192714,3173.80054071535,154.32297674656834,22.055423626601993,2549.6148797730807,89.87505591586824,65.72398196684455,0.0,7.9610063968592195,1,1188,0.0
223,354.05500000000006,0.191208930933243,3172.6862189104813,154.2704120536229,22.055423626601993,2549.6148797730807,89.87504604297125,65.71244501795297,0.0,7.96109772025053,1,1188,0.0
224,354.06000000000006,0.19133432689030017,3171.572473057838,154.21787400762437,22.055423626601993,2549.6148797730807,89.87503617007427,65.7009120068102,0.0,7.9611890276046156,1,1188,0.0
225,354.06500000000005,0.19145979909011368,3170.459302764787,154.16536259072416,22.055423626601993,2549.6148797730807,89.87502629717726,65.68938293142479,0.0,7.961280318926951,1,1188,0.0
226,354.07000000000005,0.19158534743246777,3169.34670763903,154.11287778490944,22.055423626601993,2549.6148797730807,89.87501642428028,65.67785778980662,0.0,7.961371594223011,1,1188,0.0
227,354.07500000000005,0.1917109718172532,3168.234687288599,154.06041957234882,22.055423626601993,2549.6148797730807,89.87500655138328,65.66633657996694,0.0,7.961462853498266,1,1188,0.0
228,354.08000000000004,0.19183667214447106,3167.1232413218613,154.00798793522011,22.055423626601993,2549.6148797730807,89.87499667848628,65.65481929991829,0.0,7.961554096758183,1,1188,0.0
229,354.08500000000004,0.191962448314231,3166.0123693475107,153.95558285562365,22.055423626601993,2549.6148797730807,89.87498680558929,65.64330594767458,0.0,7.961645324008228,1,1188,0.0
230,354.09000000000003,0.19208830022674972,3164.902070974578,153.90320431574477,22.055423626601993,2549.6148797730807,89.87497693269229,65.63179652125099,0.0,7.961736535253863,1,1188,0.0
231,354.095,0.1922142277823573,3163.7923458124187,153.85085229782163,22.055423626601993,2549.6148797730807,89.8749670597953,65.62029101866413,0.0,7.961827730500546,1,1188,0.0
232,354.1000000000001,0.1923402308814861,3162.6831934707225,153.79852678394963,22.055423626601993,2549.6148797730807,89.87495718689831,65.60878943793186,0.0,7.961918909753734,1,1188,0.0
233,354.1050000000001,0.19246630942468307,3161.574613559511,153.74622775643428,22.055423626601993,2549.6148797730807,89.87494731400132,65.5972917770734,0.0,7.962010073018883,1,1188,0.0
234,354.11000000000007,0.19259246331260013,3160.466605689131,153.69395519741215,22.055423626601993,2549.6148797730807,89.87493744110432,65.58579803410927,0.0,7.962101220301442,1,1188,0.0
235,354.11500000000007,0.1927186924459963,3159.359169470261,153.64170908919428,22.055423626601993,2549.6148797730807,89.87492756820733,65.57430820706135,0.0,7.962192351606859,1,1188,0.0
236,354.12000000000006,0.192844996725742,3158.2523045139073,153.58948941404927,22.055423626601993,2549.6148797730807,89.87491769531033,65.56282229395286,0.0,7.9622834669405815,1,1188,0.0
237,354.12500000000006,0.19297137605281306,3157.1460104314096,153.53729615421474,22.055423626601993,2549.6148797730807,89.87490782241335,65.55134029280829,0.0,7.962374566308052,1,1188,0.0
238,354.13000000000005,0.19309783032829395,3156.040286834431,153.4851292919704,22.055423626601993,2549.6148797730807,89.87489794951634,65.53986220165349,0.0,7.9624656497147095,1,1188,0.0
239,354.13500000000005,0.1932243594533773,3154.9351333349637,153.43298880960384,22.055423626601993,2549.6148797730807,89.87488807661936,65.52838801851561,0.0,7.962556717165993,1,1188,0.0
240,354.14000000000004,0.19335096332936247,3153.8305495453283,153.38087468947847,22.055423626601993,2549.6148797730807,89.87487820372235,65.51691774142316,0.0,7.962647768667335,1,1188,0.0
241,354.14500000000004,0.19347764185765692,3152.726535078173,153.32878691394376,22.055423626601993,2549.6148797730807,89.87486833082536,65.50545136840594,0.0,7.96273880422417,1,1188,0.0
242,354.15000000000003,0.19360439493977408,3151.623089546477,153.27672546529163,22.055423626601993,2549.6148797730807,89.87485845792837,65.49398889749507,0.0,7.9628298238419255,1,1188,0.0
243,354.15500000000003,0.19373122247733665,3150.520212563539,153.22469032584556,22.055423626601993,2549.6148797730807,89.87484858503137,65.482530326723,0.0,7.962920827526028,1,1188,0.0
244,354.1600000000001,0.19385812437207403,3149.417903742989,153.1726814781325,22.055423626601993,2549.6148797730807,89.87483871213438,65.47107565412347,0.0,7.963011815281901,1,1188,0.0
245,354.1650000000001,0.1939851005258195,3148.3161626987817,153.1206989043784,22.055423626601993,2549.6148797730807,89.87482883923738,65.45962487773159,0.0,7.963102787114967,1,1188,0.0
246,354.1700000000001,0.1941121508405176,3147.214989045199,153.0687425870402,22.055423626601993,2549.6148797730807,89.87481896634038,65.4481779955837,0.0,7.963193743030643,1,1188,0.0
247,354.17500000000007,0.19423927521821727,3146.114382396845,153.01681250859625,22.055423626601993,2549.6148797730807,89.8748090934434,65.43673500571754,0.0,7.9632846830343444,1,1188,0.0
248,354.18000000000006,0.19436647356107356,3145.014342368653,152.9649086514095,22.055423626601993,2549.6148797730807,89.87479922054641,65.42529590617211,0.0,7.963375607131484,1,1188,0.0
249,354.18500000000006,0.194493745771349,3143.914868575879,152.91303099795772,22.055423626601993,2549.6148797730807,89.87478934764941,65.41386069498775,0.0,7.963466515327472,1,1188,0.0
250,354.19000000000005,0.19462109175141115,3142.8159606341032,152.86117953071005,22.055423626601993,2549.6148797730807,89.87477947475242,65.4024293702061,0.0,7.963557407627715,1,1188,0.0
251,354.19500000000005,0.19474851140373772,3141.7176181592326,152.80935423214655,22.055423626601993,2549.6148797730807,89.87476960185542,65.39100192987007,0.0,7.963648284037619,1,1188,0.0
252,354.20000000000005,0.19487600463090593,3140.6198407674924,152.7575550847626,22.055423626601993,2549.6148797730807,89.87475972895844,65.37957837202396,0.0,7.963739144562585,1,1188,0.0
253,354.20500000000004,0.19500357133560398,3139.522628075439,152.70578207103765,22.055423626601993,2549.6148797730807,89.87474985606143,65.3681586947133,0.0,7.963829989208013,1,1188,0.0
254,354.21000000000004,0.19513121142062512,3138.425979699947,152.65403517346627,22.055423626601993,2549.6148797730807,89.87473998316445,65.35674289598498,0.0,7.963920817979299,1,1188,0.0
255,354.21500000000003,0.1952589247888672,3137.329895258215,152.60231437472964,22.055423626601993,2549.6148797730807,89.87473011026744,65.34533097388714,0.0,7.964011630881836,1,1188,0.0
256,354.22,0.1953867113433331,3136.2343743677625,152.55061965719062,22.055423626601993,2549.6148797730807,89.87472023737045,65.3339229264693,0.0,7.9641024279210155,1,1188,0.0
257,354.2250000000001,0.19551457098713435,3135.1394166464365,152.4989510035514,22.055423626601993,2549.6148797730807,89.87471036447346,65.3225187517822,0.0,7.964193209102226,1,1188,0.0
258,354.2300000000001,0.19564250362348268,3134.045021712398,152.44730839631822,22.055423626601993,2549.6148797730807,89.87470049157646,65.31111844787792,0.0,7.9642839744308525,1,1188,0.0
259,354.23500000000007,0.19577050915570046,3132.9511891841366,152.3956918181229,22.055423626601993,2549.6148797730807,89.87469061867947,65.29972201280988,0.0,7.964374723912278,1,1188,0.0
260,354.24000000000007,0.1958985874872119,3131.857918680462,152.34410125151277,22.055423626601993,2549.6148797730807,89.87468074578247,65.28832944463271,0.0,7.964465457551883,1,1188,0.0
261,354.24500000000006,0.196026738521547,3130.7652098205017,152.29253667923408,22.055423626601993,2549.6148797730807,89.87467087288549,65.27694074140241,0.0,7.964556175355045,1,1188,0.0
262,354.25000000000006,0.19615496216234002,3129.6730622237037,152.24099808383096,22.055423626601993,2549.6148797730807,89.87466099998849,65.26555590117627,0.0,7.964646877327139,1,1188,0.0
263,354.25500000000005,0.1962832583133314,3128.581475509841,152.18948544795282,22.055423626601993,2549.6148797730807,89.8746511270915,65.25417492201284,0.0,7.964737563473537,1,1188,0.0
264,354.26000000000005,0.1964116268783647,3127.4904492990036,152.13799875431206,22.055423626601993,2549.6148797730807,89.8746412541945,65.242797801972,0.0,7.964828233799606,1,1188,0.0
265,354.26500000000004,0.1965400677613896,3126.399983211601,152.08653798557947,22.055423626601993,2549.6148797730807,89.8746313812975,65.2314245391149,0.0,7.964918888310716,1,1188,0.0
266,354.27000000000004,0.19666858086645847,3125.3100768683603,152.03510312441344,22.055423626601993,2549.6148797730807,89.87462150840051,65.22005513150398,0.0,7.965009527012229,1,1188,0.0
267,354.27500000000003,0.1967971660977283,3124.2207298903327,151.98369415358218,22.055423626601993,2549.6148797730807,89.87461163550353,65.208689577203,0.0,7.965100149909506,1,1188,0.0
268,354.28000000000003,0.1969258233594603,3123.1319418988815,151.9323110557502,22.055423626601993,2549.6148797730807,89.87460176260652,65.19732787427701,0.0,7.965190757007907,1,1188,0.0
269,354.2850000000001,0.1970545525560211,3122.043712515695,151.8809538136782,22.055423626601993,2549.6148797730807,89.87459188970954,65.1859700207923,0.0,7.965281348312786,1,1188,0.0
270,354.2900000000001,0.1971833535918788,3120.956041362774,151.82962241015832,22.055423626601993,2549.6148797730807,89.87458201681252,65.17461601481651,0.0,7.9653719238294975,1,1188,0.0
271,354.2950000000001,0.19731222637160808,3119.8689280624435,151.7783168278934,22.055423626601993,2549.6148797730807,89.87457214391554,65.16326585441854,0.0,7.9654624835633925,1,1188,0.0
272,354.30000000000007,0.19744117079988385,3118.782372237338,151.7270370497346,22.055423626601993,2549.6148797730807,89.87456227101855,65.15191953766858,0.0,7.965553027519818,1,1188,0.0
273,354.30500000000006,0.1975701867814885,3117.6963735104146,151.6757830584364,22.055423626601993,2549.6148797730807,89.87455239812155,65.14057706263809,0.0,7.965643555704118,1,1188,0.0
274,354.31000000000006,0.197699274221303,3116.610931504946,151.62455483679028,22.055423626601993,2549.6148797730807,89.87454252522456,65.12923842739981,0.0,7.9657340681216375,1,1188,0.0
275,354.31500000000005,0.19782843302431774,3115.5260458445205,151.57335236766113,22.055423626601993,2549.6148797730807,89.87453265232756,65.11790363002783,0.0,7.965824564777714,1,1188,0.0
276,354.32000000000005,0.1979576630956202,3114.4417161530423,151.52217563388356,22.055423626601993,2549.6148797730807,89.87452277943058,65.10657266859742,0.0,7.9659150456776855,1,1188,0.0
277,354.32500000000005,0.19808696434040446,3113.357942054733,151.47102461827734,22.055423626601993,2549.6148797730807,89.87451290653358,65.09524554118521,0.0,7.966005510826886,1,1188,0.0
278,354.33000000000004,0.1982163366639664,3112.2747231741287,151.41989930369792,22.055423626601993,2549.6148797730807,89.87450303363659,65.08392224586909,0.0,7.966095960230647,1,1188,0.0
279,354.33500000000004,0.19834577997170616,3111.192059136081,151.36879967311148,22.055423626601993,2549.6148797730807,89.87449316073959,65.07260278072819,0.0,7.966186393894298,1,1188,0.0
280,354.34000000000003,0.1984752941691241,3110.1099495657545,151.31772570938924,22.055423626601993,2549.6148797730807,89.8744832878426,65.06128714384299,0.0,7.966276811823166,1,1188,0.0
281,354.345,0.19860487916182565,3109.028394088633,151.26667739537808,22.055423626601993,2549.6148797730807,89.8744734149456,65.04997533329518,0.0,7.966367214022574,1,1188,0.0
282,354.3500000000001,0.19873453485551598,3107.9473923305095,151.21565471403576,22.055423626601993,2549.6148797730807,89.87446354204862,65.03866734716777,0.0,7.966457600497843,1,1188,0.0
283,354.3550000000001,0.1988642611560058,3106.8669439174946,151.1646576483126,22.055423626601993,2549.6148797730807,89.8744536691516,65.02736318354503,0.0,7.966547971254291,1,1188,0.0
284,354.36000000000007,0.19899405796920558,3105.7870484760106,151.1136861811792,22.055423626601993,2549.6148797730807,89.87444379625462,65.0160628405125,0.0,7.966638326297234,1,1188,0.0
285,354.36500000000007,0.19912392520112845,3104.707705632793,151.0627402955524,22.055423626601993,2549.6148797730807,89.87443392335763,65.00476631615699,0.0,7.966728665631985,1,1188,0.0
286,354.37000000000006,0.19925386275789014,3103.6289150148923,151.0118199744174,22.055423626601993,2549.6148797730807,89.87442405046063,64.99347360856657,0.0,7.966818989263855,1,1188,0.0
287,354.37500000000006,0.19938387054570786,3102.550676249669,150.9609252008268,22.055423626601993,2549.6148797730807,89.87441417756364,64.98218471583063,0.0,7.966909297198151,1,1188,0.0
288,354.38000000000005,0.19951394847090062,3101.4729889647956,150.91005595773908,22.055423626601993,2549.6148797730807,89.87440430466664,64.97089963603976,0.0,7.966999589440178,1,1188,0.0
289,354.38500000000005,0.19964409643988926,3100.39585278826,150.85921222821128,22.055423626601993,2549.6148797730807,89.87439443176966,64.95961836728587,0.0,7.967089865995238,1,1188,0.0
290,354.39000000000004,0.19977431435919565,3099.3192673483604,150.80839399519692,22.055423626601993,2549.6148797730807,89.87438455887265,64.94834090766213,0.0,7.967180126868631,1,1188,0.0
291,354.39500000000004,0.19990460213544353,3098.2432322737045,150.75760124187866,22.055423626601993,2549.6148797730807,89.87437468597567,64.93706725526296,0.0,7.967270372065656,1,1188,0.0
292,354.40000000000003,0.20003495967535806,3097.167747193214,150.70683395122026,22.055423626601993,2549.6148797730807,89.87436481307867,64.92579740818405,0.0,7.967360601591605,1,1188,0.0
293,354.40500000000003,0.200165386885765,3096.0928117361195,150.65609210635031,22.055423626601993,2549.6148797730807,89.87435494018168,64.91453136452238,0.0,7.967450815451771,1,1188,0.0
294,354.4100000000001,0.20029588367359072,3095.0184255319637,150.60537569033445,22.055423626601993,2549.6148797730807,89.87434506728468,64.90326912237612,0.0,7.967541013651443,1,1188,0.0
295,354.4150000000001,0.20042644994586514,3093.944588210595,150.55468468628763,22.055423626601993,2549.6148797730807,89.87433519438768,64.8920106798448,0.0,7.9676311961959065,1,1188,0.0
296,354.4200000000001,0.2005570856097143,3092.8712994021794,150.5040190773545,22.055423626601993,2549.6148797730807,89.87432532149069,64.88075603502917,0.0,7.967721363090447,1,1188,0.0
297,354.42500000000007,0.20068779057237052,3091.7985587371872,150.45337884664312,22.055423626601993,2549.6148797730807,89.8743154485937,64.86950518603119,0.0,7.967811514340344,1,1188,0.0
298,354.43000000000006,0.20081856474116197,3090.726365846397,150.40276397728283,22.055423626601993,2549.6148797730807,89.8743055756967,64.85825813095416,0.0,7.967901649950877,1,1188,0.0
299,354.43500000000006,0.20094940802352018,3089.6547203608993,150.35217445249003,22.055423626601993,2549.6148797730807,89.87429570279971,64.84701486790257,0.0,7.967991769927321,1,1188,0.0
300,354.44000000000005,0.20108032032697581,3088.583621912092,150.30161025542856,22.055423626601993,2549.6148797730807,89.87428582990272,64.83577539498224,0.0,7.968081874274951,1,1188,0.0
301,354.44500000000005,0.20121130155916012,3087.513070131682,150.25107136927272,22.055423626601993,2549.6148797730807,89.87427595700572,64.82453971030016,0.0,7.968171962999037,1,1188,0.0
302,354.45000000000005,0.20134235162780456,3086.4430646516835,150.20055777722717,22.055423626601993,2549.6148797730807,89.87426608410873,64.81330781196463,0.0,7.968262036104846,1,1188,0.0
303,354.45500000000004,0.20147347044074046,3085.3736051044184,150.15006946252,22.055423626601993,2549.6148797730807,89.87425621121173,64.80207969808522,0.0,7.968352093597645,1,1188,0.0
304,354.46000000000004,0.201604657905899,3084.3046911225165,150.09960640835925,22.055423626601993,2549.6148797730807,89.87424633831475,64.7908553667727,0.0,7.968442135482695,1,1188,0.0
305,354.46500000000003,0.20173591393131113,3083.236322338914,150.04916859803745,22.055423626601993,2549.6148797730807,89.87423646541774,64.77963481613911,0.0,7.968532161765257,1,1188,0.0
306,354.47,0.2018672384251069,3082.168498386855,149.99875601476063,22.055423626601993,2549.6148797730807,89.87422659252076,64.76841804429777,0.0,7.96862217245059,1,1188,0.0
307,354.4750000000001,0.20199863129551737,3081.101218899888,149.94836864187226,22.055423626601993,2549.6148797730807,89.87421671962376,64.75720504936321,0.0,7.968712167543946,1,1188,0.0
308,354.4800000000001,0.20213009245087266,3080.0344835118703,149.89800646259494,22.055423626601993,2549.6148797730807,89.87420684672676,64.74599582945123,0.0,7.968802147050579,1,1188,0.0
309,354.48500000000007,0.20226162179960108,3078.968291856964,149.8476694602568,22.055423626601993,2549.6148797730807,89.87419697382977,64.7347903826789,0.0,7.968892110975738,1,1188,0.0
310,354.49000000000007,0.2023932192502296,3077.9026435696355,149.7973576181699,22.055423626601993,2549.6148797730807,89.87418710093277,64.72358870716447,0.0,7.968982059324671,1,1188,0.0
311,354.49500000000006,0.20252488471138824,3076.8375382846593,149.74707091967068,22.055423626601993,2549.6148797730807,89.87417722803578,64.7123908010275,0.0,7.969071992102621,1,1188,0.0
312,354.50000000000006,0.20265661809180083,3075.772975637112,149.69680934807948,22.055423626601993,2549.6148797730807,89.8741673551388,64.70119666238875,0.0,7.969161909314831,1,1188,0.0
313,354.50500000000005,0.20278841930029345,3074.7089552623756,149.64657288679822,22.055423626601993,2549.6148797730807,89.87415748224178,64.69000628937027,0.0,7.969251810966539,1,1188,0.0
314,354.51000000000005,0.20292028824579006,3073.645476796136,149.59636151920463,22.055423626601993,2549.6148797730807,89.8741476093448,64.6788196800953,0.0,7.9693416970629825,1,1188,0.0
315,354.51500000000004,0.20305222483731353,3072.5825398743855,149.5461752286048,22.055423626601993,2549.6148797730807,89.8741377364478,64.66763683268839,0.0,7.969431567609395,1,1188,0.0
316,354.52000000000004,0.20318422898398353,3071.5201441334184,149.4960139984472,22.055423626601993,2549.6148797730807,89.87412786355081,64.65645774527522,0.0,7.969521422611008,1,1188,0.0
317,354.52500000000003,0.20331630059502065,3070.4582892098315,149.44587781211953,22.055423626601993,2549.6148797730807,89.87411799065382,64.64528241598283,0.0,7.969611262073051,1,1188,0.0
318,354.53000000000003,0.20344843957974298,3069.3969747405267,149.39576665307015,22.055423626601993,2549.6148797730807,89.87410811775682,64.63411084293945,0.0,7.9697010860007484,1,1188,0.0
319,354.5350000000001,0.2035806458475656,3068.3362003627094,149.3456805047727,22.055423626601993,2549.6148797730807,89.87409824485984,64.6229430242745,0.0,7.969790894399324,1,1188,0.0
320,354.5400000000001,0.2037129193080031,3067.2759657138818,149.295619350589,22.055423626601993,2549.6148797730807,89.87408837196284,64.61177895811872,0.0,7.969880687274,1,1188,0.0
321,354.5450000000001,0.20384525987066698,3066.216270431856,149.2455831740622,22.055423626601993,2549.6148797730807,89.87407849906585,64.60061864260402,0.0,7.969970464629994,1,1188,0.0
322,354.55000000000007,0.20397766744526755,3065.157114154741,149.19557195867515,22.055423626601993,2549.6148797730807,89.87406862616885,64.58946207586358,0.0,7.970060226472522,1,1188,0.0
323,354.55500000000006,0.204110141941612,3064.0984965209495,149.14558568779754,22.055423626601993,2549.6148797730807,89.87405875327185,64.57830925603182,0.0,7.970149972806797,1,1188,0.0
324,354.56000000000006,0.20424268326960587,3063.040417169196,149.09562434512787,22.055423626601993,2549.6148797730807,89.87404888037486,64.56716018124432,0.0,7.970239703638029,1,1188,0.0
325,354.56500000000005,0.20437529133925128,3061.9828757384917,149.04568791405802,22.055423626601993,2549.6148797730807,89.87403900747786,64.556014849638,0.0,7.970329418971426,1,1188,0.0
326,354.57000000000005,0.2045079660606486,3060.9258718681567,148.99577637814568,22.055423626601993,2549.6148797730807,89.87402913458087,64.54487325935095,0.0,7.9704191188121944,1,1188,0.0
327,354.57500000000005,0.2046407073439949,3059.869405197803,148.9458897209815,22.055423626601993,2549.6148797730807,89.87401926168388,64.53373540852249,0.0,7.970508803165536,1,1188,0.0
328,354.58000000000004,0.20477351509958575,3058.8134753673476,148.8960279260745,22.055423626601993,2549.6148797730807,89.87400938878687,64.52260129529316,0.0,7.9705984720366505,1,1188,0.0
329,354.58500000000004,0.20490638923781268,3057.7580820170065,148.84619097700897,22.055423626601993,2549.6148797730807,89.87399951588989,64.51147091780474,0.0,7.970688125430738,1,1188,0.0
330,354.59000000000003,0.20503932966916305,3056.7032247872926,148.79637885741332,22.055423626601993,2549.6148797730807,89.8739896429929,64.50034427420026,0.0,7.970777763352989,1,1188,0.0
331,354.595,0.2051723363042232,3055.6489033190237,148.74659155081844,22.055423626601993,2549.6148797730807,89.8739797700959,64.48922136262392,0.0,7.9708673858086,1,1188,0.0
332,354.6000000000001,0.20530540905367536,3054.5951172533096,148.69682904090786,22.055423626601993,2549.6148797730807,89.87396989719892,64.4781021812212,0.0,7.970956992802759,1,1188,0.0
333,354.6050000000001,0.205438547828298,3053.541866231564,148.647091311285,22.055423626601993,2549.6148797730807,89.87396002430191,64.46698672813878,0.0,7.9710465843406535,1,1188,0.0
334,354.61000000000007,0.2055717525389662,3052.489149895498,148.5973783456054,22.055423626601993,2549.6148797730807,89.87395015140493,64.45587500152456,0.0,7.971136160427468,1,1188,0.0
335,354.61500000000007,0.2057050230966525,3051.4369678871194,148.54769012748082,22.055423626601993,2549.6148797730807,89.87394027850793,64.44476699952766,0.0,7.971225721068386,1,1188,0.0
336,354.62000000000006,0.2058383594124241,3050.3853198487327,148.4980266406207,22.055423626601993,2549.6148797730807,89.87393040561093,64.43366272029843,0.0,7.971315266268585,1,1188,0.0
337,354.62500000000006,0.20597176139744558,3049.334205422943,148.44838786870835,22.055423626601993,2549.6148797730807,89.87392053271394,64.42256216198841,0.0,7.971404796033243,1,1188,0.0
338,354.63000000000005,0.20610522896297664,3048.28362425265,148.39877379541443,22.055423626601993,2549.6148797730807,89.87391065981694,64.4114653227504,0.0,7.971494310367534,1,1188,0.0
339,354.63500000000005,0.20623876202037356,3047.233575981051,148.34918440448737,22.055423626601993,2549.6148797730807,89.87390078691995,64.40037220073839,0.0,7.9715838092766305,1,1188,0.0
340,354.64000000000004,0.20637236048108928,3046.1840602516418,148.2996196796144,22.055423626601993,2549.6148797730807,89.87389091402295,64.3892827941076,0.0,7.971673292765701,1,1188,0.0
341,354.64500000000004,0.20650602425667058,3045.135076708211,148.25007960456026,22.055423626601993,2549.6148797730807,89.87388104112595,64.37819710101445,0.0,7.971762760839911,1,1188,0.0
342,354.65000000000003,0.20663975325876174,3044.0866249948454,148.20056416304075,22.055423626601993,2549.6148797730807,89.87387116822897,64.36711511961661,0.0,7.971852213504428,1,1188,0.0
343,354.65500000000003,0.20677354739910078,3043.0387047559284,148.15107333879914,22.055423626601993,2549.6148797730807,89.87386129533196,64.3560368480729,0.0,7.97194165076441,1,1188,0.0
344,354.6600000000001,0.20690740658952203,3041.991315636135,148.10160711571353,22.055423626601993,2549.6148797730807,89.87385142243498,64.3449622845434,0.0,7.9720310726250165,1,1188,0.0
345,354.6650000000001,0.20704133074195646,3040.944457280438,148.05216547750283,22.055423626601993,2549.6148797730807,89.87384154953799,64.3338914271894,0.0,7.972120479091406,1,1188,0.0
346,354.6700000000001,0.20717531976842687,3039.8981293341076,148.00274840795353,22.055423626601993,2549.6148797730807,89.87383167664099,64.32282427417339,0.0,7.972209870168731,1,1188,0.0
347,354.67500000000007,0.20730937358105506,3038.8523314427025,147.9533558908992,22.055423626601993,2549.6148797730807,89.87382180374401,64.31176082365906,0.0,7.972299245862143,1,1188,0.0
348,354.68000000000006,0.20744349209205476,3037.80706325208,147.90398791024344,22.055423626601993,2549.6148797730807,89.873811930847,64.30070107381131,0.0,7.972388606176791,1,1188,0.0
349,354.68500000000006,0.2075776752137363,3036.7623244083898,147.8546444497014,22.055423626601993,2549.6148797730807,89.87380205795002,64.2896450227963,0.0,7.9724779511178205,1,1188,0.0
350,354.69000000000005,0.207711922858503,3035.718114558076,147.80532549317033,22.055423626601993,2549.6148797730807,89.87379218505302,64.27859266878127,0.0,7.9725672806903765,1,1188,0.0
351,354.69500000000005,0.20784623493885657,3034.674433347874,147.75603102454167,22.055423626601993,2549.6148797730807,89.87378231215602,64.26754400993481,0.0,7.972656594899598,1,1188,0.0
352,354.70000000000005,0.20798061136738796,3033.631280424814,147.70676102772603,22.055423626601993,2549.6148797730807,89.87377243925903,64.25649904442663,0.0,7.972745893750624,1,1188,0.0
353,354.70500000000004,0.20811505205678657,3032.5886554362205,147.65751548658085,22.055423626601993,2549.6148797730807,89.87376256636203,64.24545777042766,0.0,7.972835177248593,1,1188,0.0
354,354.71000000000004,0.20824955691983468,3031.5465580297073,147.6082943850573,22.055423626601993,2549.6148797730807,89.87375269346504,64.23442018611004,0.0,7.972924445398635,1,1188,0.0
355,354.71500000000003,0.20838412586940974,3030.5049878531813,147.55909770699472,22.055423626601993,2549.6148797730807,89.87374282056805,64.22338628964712,0.0,7.973013698205884,1,1188,0.0
356,354.72,0.20851875881848095,3029.4639445548437,147.509925436391,22.055423626601993,2549.6148797730807,89.87373294767104,64.21235607921344,0.0,7.973102935675466,1,1188,0.0
357,354.7250000000001,0.20865345568011381,3028.423427783184,147.46077755721032,22.055423626601993,2549.6148797730807,89.87372307477406,64.20132955298469,0.0,7.973192157812508,1,1188,0.0
358,354.7300000000001,0.20878821636746764,3027.383437186984,147.41165405333675,22.055423626601993,2549.6148797730807,89.87371320187705,64.19030670913784,0.0,7.9732813646221325,1,1188,0.0
359,354.73500000000007,0.2089230407937944,3026.3439724153172,147.3625549088243,22.055423626601993,2549.6148797730807,89.87370332898007,64.17928754585103,0.0,7.973370556109462,1,1188,0.0
360,354.74000000000007,0.20905792887244035,3025.305033117548,147.31348010761567,22.055423626601993,2549.6148797730807,89.87369345608307,64.16827206130357,0.0,7.973459732279612,1,1188,0.0
361,354.74500000000006,0.20919288051684432,3024.2666189433294,147.26442963370963,22.055423626601993,2549.6148797730807,89.87368358318608,64.157260253676,0.0,7.9735488931377,1,1188,0.0
362,354.75000000000006,0.20932789564054022,3023.2287295426095,147.2154034711687,22.055423626601993,2549.6148797730807,89.8736737102891,64.14625212115001,0.0,7.973638038688839,1,1188,0.0
363,354.75500000000005,0.20946297415715423,3022.191364565617,147.16640160397213,22.055423626601993,2549.6148797730807,89.87366383739209,64.13524766190855,0.0,7.97372716893814,1,1188,0.0
364,354.76000000000005,0.20959811598040753,3021.1545236628813,147.11742401617,22.055423626601993,2549.6148797730807,89.8736539644951,64.1242468741357,0.0,7.97381628389071,1,1188,0.0
365,354.76500000000004,0.20973332102411119,3020.118206485213,147.06847069184974,22.055423626601993,2549.6148797730807,89.87364409159811,64.11324975601674,0.0,7.973905383551655,1,1188,0.0
366,354.77000000000004,0.20986858920217247,3019.0824126837138,147.01954161502664,22.055423626601993,2549.6148797730807,89.87363421870111,64.1022563057382,0.0,7.973994467926078,1,1188,0.0
367,354.77500000000003,0.21000392042858973,3018.0471419097767,146.97063676981483,22.055423626601993,2549.6148797730807,89.87362434580412,64.09126652148773,0.0,7.974083537019079,1,1188,0.0
368,354.78000000000003,0.21013931461745397,3017.01239381508,146.92175614029384,22.055423626601993,2549.6148797730807,89.87361447290712,64.08028040145419,0.0,7.974172590835758,1,1188,0.0
369,354.7850000000001,0.21027477168295083,3015.978168051593,146.87289971053784,22.055423626601993,2549.6148797730807,89.87360460001013,64.06929794382764,0.0,7.974261629381209,1,1188,0.0
370,354.7900000000001,0.21041029153935698,3014.9444642715684,146.8240674647405,22.055423626601993,2549.6148797730807,89.87359472711314,64.05831914679932,0.0,7.974350652660525,1,1188,0.0
371,354.7950000000001,0.21054587410104172,3013.911282127551,146.77525938697585,22.055423626601993,2549.6148797730807,89.87358485421613,64.04734400856165,0.0,7.974439660678796,1,1188,0.0
372,354.80000000000007,0.21068151928246706,3012.8786212723703,146.7264754614119,22.055423626601993,2549.6148797730807,89.87357498131915,64.03637252730825,0.0,7.974528653441112,1,1188,0.0
373,354.80500000000006,0.21081722699818803,3011.846481359146,146.6777156721928,22.055423626601993,2549.6148797730807,89.87356510842216,64.0254047012339,0.0,7.974617630952555,1,1188,0.0
374,354.81000000000006,0.2109529971628495,3010.814862041281,146.62898000350378,22.055423626601993,2549.6148797730807,89.87355523552516,64.01444052853458,0.0,7.974706593218211,1,1188,0.0
375,354.81500000000005,0.21108882969119136,3009.7837629724636,146.58026843949602,22.055423626601993,2549.6148797730807,89.87354536262816,64.00348000740745,0.0,7.97479554024316,1,1188,0.0
376,354.82000000000005,0.21122472449804341,3008.7531838066743,146.53158096443562,22.055423626601993,2549.6148797730807,89.87353548973117,63.992523136050835,0.0,7.974884472032477,1,1188,0.0
377,354.82500000000005,0.21136068149832887,3007.7231241981726,146.48291756243339,22.055423626601993,2549.6148797730807,89.87352561683419,63.98156991266427,0.0,7.974973388591241,1,1188,0.0
378,354.83000000000004,0.2114967006070616,3006.6935838015092,146.43427821774753,22.055423626601993,2549.6148797730807,89.87351574393718,63.97062033544842,0.0,7.975062289924523,1,1188,0.0
379,354.83500000000004,0.21163278173934688,3005.664562271514,146.38566291469854,22.055423626601993,2549.6148797730807,89.8735058710402,63.9596744026052,0.0,7.975151176037394,1,1188,0.0
380,354.84000000000003,0.21176892481038312,3004.63605926331,146.33707163743023,22.055423626601993,2549.6148797730807,89.8734959981432,63.94873211233766,0.0,7.975240046934921,1,1188,0.0
381,354.845,0.21190512973545772,3003.6080744322994,146.28850437021632,22.055423626601993,2549.6148797730807,89.8734861252462,63.93779346284999,0.0,7.975328902622171,1,1188,0.0
382,354.8500000000001,0.21204139642995234,3002.5806074341685,146.23996109738408,22.055423626601993,2549.6148797730807,89.8734762523492,63.92685845234762,0.0,7.975417743104205,1,1188,0.0
383,354.8550000000001,0.21217772480933766,3001.553657924891,146.19144180315106,22.055423626601993,2549.6148797730807,89.87346637945221,63.915927079037125,0.0,7.975506568386084,1,1188,0.0
384,354.86000000000007,0.2123141147891763,3000.527225560722,146.14294647189362,22.055423626601993,2549.6148797730807,89.87345650655521,63.90499934112624,0.0,7.975595378472867,1,1188,0.0
385,354.86500000000007,0.21245056628512263,2999.5013099982,146.09447508784706,22.055423626601993,2549.6148797730807,89.87344663365823,63.89407523682391,0.0,7.975684173369609,1,1188,0.0
386,354.87000000000006,0.2125870792129205,2998.4759108941507,146.0460276353964,22.055423626601993,2549.6148797730807,89.87343676076122,63.88315476434021,0.0,7.975772953081361,1,1188,0.0
387,354.87500000000006,0.21272365348840527,2997.451027905678,145.99760409882134,22.055423626601993,2549.6148797730807,89.87342688786424,63.872237921886416,0.0,7.975861717613175,1,1188,0.0
388,354.88000000000005,0.21286028902750365,2996.426660690173,145.9492044625305,22.055423626601993,2549.6148797730807,89.87341701496725,63.86132470767495,0.0,7.9759504669701,1,1188,0.0
389,354.88500000000005,0.21299698574623185,2995.4028089053045,145.90082871087634,22.055423626601993,2549.6148797730807,89.87340714207025,63.850415119919425,0.0,7.976039201157179,1,1188,0.0
390,354.89000000000004,0.21313374356069759,2994.3794722090274,145.852476828197,22.055423626601993,2549.6148797730807,89.87339726917327,63.8395091568346,0.0,7.976127920179457,1,1188,0.0
391,354.89500000000004,0.21327056238709913,2993.3566502595772,145.80414879889756,22.055423626601993,2549.6148797730807,89.87338739627626,63.82860681663641,0.0,7.976216624041974,1,1188,0.0
392,354.90000000000003,0.21340744214172425,2992.3343427154705,145.75584460738975,22.055423626601993,2549.6148797730807,89.87337752337928,63.81770809754197,0.0,7.9763053127497665,1,1188,0.0
393,354.90500000000003,0.21354438274094933,2991.312549235507,145.70756423811466,22.055423626601993,2549.6148797730807,89.87336765048227,63.80681299776951,0.0,7.976393986307872,1,1188,0.0
394,354.9100000000001,0.21368138410124632,2990.2912694787665,145.65930767543858,22.055423626601993,2549.6148797730807,89.87335777758528,63.7959215155385,0.0,7.976482644721322,1,1188,0.0
395,354.9150000000001,0.21381844613916964,2989.270503104609,145.61107490383188,22.055423626601993,2549.6148797730807,89.87334790468829,63.78503364906951,0.0,7.9765712879951485,1,1188,0.0
396,354.9200000000001,0.21395556877137092,2988.250249772676,145.56286590776367,22.055423626601993,2549.6148797730807,89.87333803179129,63.7741493965843,0.0,7.976659916134379,1,1188,0.0
397,354.92500000000007,0.21409275191458677,2987.230509142889,145.51468067163583,22.055423626601993,2549.6148797730807,89.8733281588943,63.76326875630577,0.0,7.976748529144038,1,1188,0.0
398,354.93000000000006,0.21422999548564525,2986.2112808754487,145.4665191800067,22.055423626601993,2549.6148797730807,89.8733182859973,63.752391726458015,0.0,7.97683712702915,1,1188,0.0
399,354.93500000000006,0.2143672994014635,2985.1925646308387,145.41838141729986,22.055423626601993,2549.6148797730807,89.8733084131003,63.741518305266254,0.0,7.976925709794734,1,1188,0.0
400,354.94000000000005,0.2145046635790485,2984.1743600698187,145.3702673680959,22.055423626601993,2549.6148797730807,89.87329854020332,63.73064849095688,0.0,7.97701427744581,1,1188,0.0
401,354.94500000000005,0.21464208793549702,2983.156666853428,145.32217701680656,22.055423626601993,2549.6148797730807,89.87328866730631,63.71978228175744,0.0,7.977102829987394,1,1188,0.0
402,354.95000000000005,0.21477957238799383,2982.139484642985,145.27411034805442,22.055423626601993,2549.6148797730807,89.87327879440933,63.70891967589664,0.0,7.977191367424497,1,1188,0.0
403,354.95500000000004,0.214917116853815,2981.1228131000894,145.2260673463342,22.055423626601993,2549.6148797730807,89.87326892151233,63.698060671604324,0.0,7.977279889762132,1,1188,0.0
404,354.96000000000004,0.21505472125032374,2980.106651886615,145.17804799619142,22.055423626601993,2549.6148797730807,89.87325904861534,63.68720526711153,0.0,7.977368397005306,1,1188,0.0
405,354.96500000000003,0.2151923854949731,2979.0910006647177,145.13005228219112,22.055423626601993,2549.6148797730807,89.87324917571836,63.676353460650404,0.0,7.977456889159026,1,1188,0.0
406,354.97,0.21533010950530396,2978.0758590968276,145.08208018895166,22.055423626601993,2549.6148797730807,89.87323930282135,63.66550525045427,0.0,7.977545366228293,1,1188,0.0
407,354.9750000000001,0.21546789319894788,2977.0612268456557,145.03413170104272,22.055423626601993,2549.6148797730807,89.87322942992436,63.654660634757604,0.0,7.977633828218111,1,1188,0.0
408,354.9800000000001,0.21560573649362386,2976.047103574187,144.98620680302892,22.055423626601993,2549.6148797730807,89.87321955702737,63.643819611796026,0.0,7.977722275133477,1,1188,0.0
409,354.98500000000007,0.21574363930714033,2975.0334889456894,144.93830547959533,22.055423626601993,2549.6148797730807,89.87320968413037,63.632982179806284,0.0,7.977810706979387,1,1188,0.0
410,354.99000000000007,0.21588160155739244,2974.020382623697,144.89042771532712,22.055423626601993,2549.6148797730807,89.87319981123338,63.622148337026324,0.0,7.977899123760834,1,1188,0.0
411,354.99500000000006,0.2160196231623663,2973.0077842720316,144.84257349483258,22.055423626601993,2549.6148797730807,89.87318993833638,63.61131808169521,0.0,7.977987525482812,1,1188,0.0
412,355.00000000000006,0.21615770404013399,2971.9956935547852,144.7947428028502,22.055423626601993,2549.6148797730807,89.87318006543939,63.60049141205313,0.0,7.978075912150306,1,1188,0.0
413,355.00500000000005,0.21629584410885574,2970.9841101363254,144.74693562398443,22.055423626601993,2549.6148797730807,89.87317019254239,63.58966832634146,0.0,7.9781642837683036,1,1188,0.0
414,355.01000000000005,0.21643404328678328,2969.9730336812986,144.69915194292878,22.055423626601993,2549.6148797730807,89.8731603196454,63.5788488228027,0.0,7.97825264034179,1,1188,0.0
415,355.01500000000004,0.2165723014922522,2968.9624638546243,144.6513917443607,22.055423626601993,2549.6148797730807,89.87315044674841,63.5680328996805,0.0,7.9783409818757445,1,1188,0.0
416,355.02000000000004,0.21671061864368873,2967.9524003214983,144.60365501300288,22.055423626601993,2549.6148797730807,89.8731405738514,63.557220555219644,0.0,7.978429308375147,1,1188,0.0
417,355.02500000000003,0.21684899465960455,2966.9428427473886,144.55594173357326,22.055423626601993,2549.6148797730807,89.87313070095442,63.54641178766607,0.0,7.978517619844974,1,1188,0.0
418,355.03000000000003,0.21698742945860125,2965.933790798042,144.50825189078424,22.055423626601993,2549.6148797730807,89.87312082805742,63.53560659526685,0.0,7.9786059162902,1,1188,0.0
419,355.0350000000001,0.2171259229593662,2964.9252441394783,144.4605854693695,22.055423626601993,2549.6148797730807,89.87311095516043,63.5248049762702,0.0,7.978694197715796,1,1188,0.0
420,355.0400000000001,0.21726447508067545,2963.9172024379886,144.4129424541065,22.055423626601993,2549.6148797730807,89.87310108226345,63.51400692892546,0.0,7.97878246412673,1,1188,0.0
421,355.0450000000001,0.2174030857413933,2962.9096653601396,144.36532282974164,22.055423626601993,2549.6148797730807,89.87309120936644,63.50321245148312,0.0,7.97887071552797,1,1188,0.0
422,355.05000000000007,0.21754175486046878,2961.902632572772,144.31772658108326,22.055423626601993,2549.6148797730807,89.87308133646945,63.492421542194826,0.0,7.97895895192448,1,1188,0.0
423,355.05500000000006,0.21768048235693946,2960.8961037429985,144.2701536928552,22.055423626601993,2549.6148797730807,89.87307146357246,63.48163419931334,0.0,7.979047173321223,1,1188,0.0
424,355.06000000000006,0.21781926814993086,2959.890078538207,144.222604149924,22.055423626601993,2549.6148797730807,89.87306159067546,63.47085042109255,0.0,7.9791353797231555,1,1188,0.0
425,355.06500000000005,0.21795811215865307,2958.884556626057,144.17507793703754,22.055423626601993,2549.6148797730807,89.87305171777847,63.4600702057875,0.0,7.979223571135238,1,1188,0.0
426,355.07000000000005,0.21809701430240613,2957.8795376744783,144.12757503910063,22.055423626601993,2549.6148797730807,89.87304184488147,63.44929355165436,0.0,7.979311747562422,1,1188,0.0
427,355.07500000000005,0.21823597450057586,2956.8750213516746,144.0800954409414,22.055423626601993,2549.6148797730807,89.87303197198447,63.43852045695042,0.0,7.979399909009662,1,1188,0.0
428,355.08000000000004,0.21837499267263238,2955.871007326123,144.03263912733703,22.055423626601993,2549.6148797730807,89.87302209908748,63.42775091993413,0.0,7.979488055481906,1,1188,0.0
429,355.08500000000004,0.21851406873813645,2954.867495266571,143.98520608320362,22.055423626601993,2549.6148797730807,89.87301222619048,63.41698493886504,0.0,7.979576186984103,1,1188,0.0
430,355.09000000000003,0.21865320261673193,2953.864484842036,143.93779629345593,22.055423626601993,2549.6148797730807,89.8730023532935,63.40622251200386,0.0,7.979664303521195,1,1188,0.0
431,355.095,0.21879239422815083,2952.861975721808,143.89040974288403,22.055423626601993,2549.6148797730807,89.87299248039649,63.3954636376124,0.0,7.979752405098128,1,1188,0.0
432,355.1000000000001,0.21893164349220975,2951.859967575447,143.84304641644349,22.055423626601993,2549.6148797730807,89.87298260749951,63.38470831395361,0.0,7.97984049171984,1,1188,0.0
433,355.1050000000001,0.21907095032881527,2950.858460072785,143.79570629908187,22.055423626601993,2549.6148797730807,89.87297273460251,63.37395653929158,0.0,7.979928563391269,1,1188,0.0
434,355.11000000000007,0.21921031465795462,2949.8574528839226,143.74838937566741,22.055423626601993,2549.6148797730807,89.87296286170552,63.36320831189152,0.0,7.9800166201173495,1,1188,0.0
435,355.11500000000007,0.21934973639970692,2948.856945679234,143.7010956311443,22.055423626601993,2549.6148797730807,89.87295298880854,63.35246363001975,0.0,7.980104661903015,1,1188,0.0
436,355.12000000000006,0.21948921547423156,2947.8569381293564,143.6538250505065,22.055423626601993,2549.6148797730807,89.87294311591153,63.34172249194373,0.0,7.9801926887531955,1,1188,0.0
437,355.12500000000006,0.21962875180177854,2946.857429905203,143.60657761865508,22.055423626601993,2549.6148797730807,89.87293324301454,63.33098489593204,0.0,7.98028070067282,1,1188,0.0
438,355.13000000000005,0.21976834530268036,2945.858420677953,143.55935332058175,22.055423626601993,2549.6148797730807,89.87292337011755,63.32025084025438,0.0,7.980368697666813,1,1188,0.0
439,355.13500000000005,0.21990799589735677,2944.8599101190557,143.51215214131173,22.055423626601993,2549.6148797730807,89.87291349722055,63.30952032318157,0.0,7.980456679740097,1,1188,0.0
440,355.14000000000004,0.22004770350631297,2943.861897900229,143.4649740658075,22.055423626601993,2549.6148797730807,89.87290362432356,63.298793342985576,0.0,7.980544646897596,1,1188,0.0
441,355.14500000000004,0.2201874680501382,2942.8643836934575,143.4178190790357,22.055423626601993,2549.6148797730807,89.87289375142656,63.28806989793944,0.0,7.980632599144225,1,1188,0.0
442,355.15000000000003,0.22032728944950822,2941.867367170997,143.3706871661424,22.055423626601993,2549.6148797730807,89.87288387852956,63.27734998631735,0.0,7.9807205364849,1,1188,0.0
443,355.15500000000003,0.22046716762518398,2940.8708480053697,143.32357831202546,22.055423626601993,2549.6148797730807,89.87287400563258,63.26663360639462,0.0,7.980808458924536,1,1188,0.0
444,355.1600000000001,0.22060710249801174,2939.8748258693654,143.27649250180323,22.055423626601993,2549.6148797730807,89.87286413273557,63.255920756447665,0.0,7.980896366468044,1,1188,0.0
445,355.1650000000001,0.22074709398892262,2938.879300436042,143.2294297205417,22.055423626601993,2549.6148797730807,89.87285425983859,63.24521143475402,0.0,7.980984259120332,1,1188,0.0
446,355.1700000000001,0.2208871420189313,2937.8842713787235,143.1823899532481,22.055423626601993,2549.6148797730807,89.8728443869416,63.23450563959234,0.0,7.981072136886307,1,1188,0.0
447,355.17500000000007,0.2210272465091391,2936.889738371001,143.13537318506508,22.055423626601993,2549.6148797730807,89.8728345140446,63.22380336924238,0.0,7.981159999770871,1,1188,0.0
448,355.18000000000006,0.22116740738073304,2935.895701086732,143.08837940108094,22.055423626601993,2549.6148797730807,89.8728246411476,63.21310462198504,0.0,7.981247847778929,1,1188,0.0
449,355.18500000000006,0.22130762455498149,2934.9021592000413,143.0414085863812,22.055423626601993,2549.6148797730807,89.8728147682506,63.2024093961023,0.0,7.981335680915377,1,1188,0.0
450,355.19000000000005,0.2214478979532398,2933.909112385321,142.99446072606088,22.055423626601993,2549.6148797730807,89.87280489535362,63.191717689877265,0.0,7.981423499185113,1,1188,0.0
451,355.19500000000005,0.2215882274969467,2932.9165603172246,142.9475358053075,22.055423626601993,2549.6148797730807,89.87279502245661,63.18102950159416,0.0,7.981511302593033,1,1188,0.0
452,355.20000000000005,0.22172861310762665,2931.9245026706762,142.9006338092316,22.055423626601993,2549.6148797730807,89.87278514955963,63.1703448295383,0.0,7.981599091144026,1,1188,0.0
453,355.20500000000004,0.22186905470688648,2930.9329391208626,142.85375472301143,22.055423626601993,2549.6148797730807,89.87277527666264,63.159663671996135,0.0,7.981686864842984,1,1188,0.0
454,355.21000000000004,0.2220095522164194,2929.9418693432353,142.80689853180044,22.055423626601993,2549.6148797730807,89.87276540376564,63.14898602725521,0.0,7.9817746236947915,1,1188,0.0
455,355.21500000000003,0.22215010555800058,2928.9512930135134,142.76006522073968,22.055423626601993,2549.6148797730807,89.87275553086864,63.13831189360417,0.0,7.981862367704335,1,1188,0.0
456,355.22,0.2222907146534909,2927.9612098076773,142.71325477508967,22.055423626601993,2549.6148797730807,89.87274565797165,63.127641269332756,0.0,7.981950096876499,1,1188,0.0
457,355.2250000000001,0.22243137942483424,2926.9716194019716,142.66646717996343,22.055423626601993,2549.6148797730807,89.87273578507465,63.11697415273185,0.0,7.98203781121616,1,1188,0.0
458,355.2300000000001,0.22257209979405765,2925.982521472907,142.6197024206688,22.055423626601993,2549.6148797730807,89.87272591217767,63.10631054209342,0.0,7.982125510728197,1,1188,0.0
459,355.23500000000007,0.22271287568327314,2924.993915697259,142.57296048236446,22.055423626601993,2549.6148797730807,89.87271603928066,63.09565043571053,0.0,7.982213195417486,1,1188,0.0
460,355.24000000000007,0.2228537070146767,2924.0058017520632,142.52624135032178,22.055423626601993,2549.6148797730807,89.87270616638368,63.08499383187738,0.0,7.982300865288901,1,1188,0.0
461,355.24500000000006,0.22299459371054475,2923.0181793146216,142.4795450097736,22.055423626601993,2549.6148797730807,89.87269629348668,63.074340728889226,0.0,7.98238852034731,1,1188,0.0
462,355.25000000000006,0.2231355356932417,2922.031048062497,142.4328714460117,22.055423626601993,2549.6148797730807,89.87268642058969,63.06369112504243,0.0,7.982476160597583,1,1188,0.0
463,355.25500000000005,0.22327653288521215,2921.0444076735143,142.38622064425937,22.055423626601993,2549.6148797730807,89.87267654769269,63.053045018634506,0.0,7.982563786044585,1,1188,0.0
464,355.26000000000005,0.22341758520898394,2920.0582578257645,142.33959258982892,22.055423626601993,2549.6148797730807,89.8726666747957,63.04240240796401,0.0,7.982651396693179,1,1188,0.0
465,355.26500000000004,0.22355869258717037,2919.0725981975975,142.29298726802298,22.055423626601993,2549.6148797730807,89.87265680189871,63.031763291330634,0.0,7.982738992548228,1,1188,0.0
466,355.27000000000004,0.22369985494246528,2918.087428467627,142.2464046641622,22.055423626601993,2549.6148797730807,89.8726469290017,63.02112766703516,0.0,7.982826573614589,1,1188,0.0
467,355.27500000000003,0.22384107219764549,2917.1027483147277,142.1998447635561,22.055423626601993,2549.6148797730807,89.87263705610472,63.01049553337944,0.0,7.982914139897119,1,1188,0.0
468,355.28000000000003,0.22398234427557373,2916.1185574180363,142.1533075515184,22.055423626601993,2549.6148797730807,89.87262718320773,62.999866888666446,0.0,7.983001691400672,1,1188,0.0
469,355.2850000000001,0.22412367109919257,2915.134855456949,142.10679301340306,22.055423626601993,2549.6148797730807,89.87261731031073,62.98924173120025,0.0,7.9830892281300985,1,1188,0.0
470,355.2900000000001,0.22426505259152765,2914.1516421111264,142.0603011345765,22.055423626601993,2549.6148797730807,89.87260743741373,62.978620059286,0.0,7.98317675009025,1,1188,0.0
471,355.2950000000001,0.2244064886756875,2913.168917060485,142.0138319004106,22.055423626601993,2549.6148797730807,89.87259756451674,62.96800187122995,0.0,7.983264257285971,1,1188,0.0
472,355.30000000000007,0.22454797927486386,2912.1866799852055,141.96738529627174,22.055423626601993,2549.6148797730807,89.87258769161974,62.95738716533945,0.0,7.983351749722109,1,1188,0.0
473,355.30500000000006,0.22468952431233077,2911.204930565729,141.9209613075638,22.055423626601993,2549.6148797730807,89.87257781872276,62.946775939922915,0.0,7.983439227403504,1,1188,0.0
474,355.31000000000006,0.22483112371144334,2910.2236684827535,141.87455991967764,22.055423626601993,2549.6148797730807,89.87256794582576,62.936168193289895,0.0,7.983526690334996,1,1188,0.0
475,355.31500000000005,0.22497277739563912,2909.2428934172403,141.82818111800083,22.055423626601993,2549.6148797730807,89.87255807292877,62.925563923750985,0.0,7.983614138521423,1,1188,0.0
476,355.32000000000005,0.22511448528843875,2908.2626050504064,141.7818248880405,22.055423626601993,2549.6148797730807,89.87254820003177,62.91496312961789,0.0,7.98370157196762,1,1188,0.0
477,355.32500000000005,0.2252562473134449,2907.2828030637315,141.7354912151796,22.055423626601993,2549.6148797730807,89.87253832713478,62.90436580920341,0.0,7.98378899067842,1,1188,0.0
478,355.33000000000004,0.22539806339434076,2906.303487138952,141.68918008486835,22.055423626601993,2549.6148797730807,89.8725284542378,62.893771960821425,0.0,7.983876394658654,1,1188,0.0
479,355.33500000000004,0.22553993345489354,2905.324656958063,141.64289148258086,22.055423626601993,2549.6148797730807,89.87251858134078,62.8831815827869,0.0,7.983963783913149,1,1188,0.0
480,355.34000000000003,0.22568185741895008,2904.3463122033204,141.59662539379667,22.055423626601993,2549.6148797730807,89.8725087084438,62.87259467341587,0.0,7.984051158446732,1,1188,0.0
481,355.345,0.22582383521043922,2903.3684525572353,141.5503818039642,22.055423626601993,2549.6148797730807,89.87249883554679,62.862011231025484,0.0,7.984138518264225,1,1188,0.0
482,355.3500000000001,0.2259658667533731,2902.391077702579,141.50416069864008,22.055423626601993,2549.6148797730807,89.87248896264981,62.85143125393395,0.0,7.984225863370449,1,1188,0.0
483,355.3550000000001,0.22610795197184363,2901.4141873223775,141.45796206327879,22.055423626601993,2549.6148797730807,89.87247908975282,62.840854740460586,0.0,7.984313193770225,1,1188,0.0
484,355.36000000000007,0.22625009079002395,2900.4377810999185,141.4117858834315,22.055423626601993,2549.6148797730807,89.87246921685582,62.83028168892577,0.0,7.984400509468368,1,1188,0.0
485,355.36500000000007,0.2263922831321701,2899.461858718745,141.36563214459989,22.055423626601993,2549.6148797730807,89.87245934395882,62.81971209765097,0.0,7.984487810469692,1,1188,0.0
486,355.37000000000006,0.22653452892261774,2898.486419862656,141.31950083241261,22.055423626601993,2549.6148797730807,89.87244947106183,62.80914596495872,0.0,7.984575096779008,1,1188,0.0
487,355.37500000000006,0.22667682808578463,2897.511464215706,141.27339193228093,22.055423626601993,2549.6148797730807,89.87243959816483,62.798583289172655,0.0,7.9846623684011275,1,1188,0.0
488,355.38000000000005,0.22681918054616754,2896.536991462211,141.22730542989538,22.055423626601993,2549.6148797730807,89.87242972526785,62.78802406861746,0.0,7.984749625340856,1,1188,0.0
489,355.38500000000005,0.2269615862283476,2895.5630012867364,141.18124131078224,22.055423626601993,2549.6148797730807,89.87241985237085,62.77746830161893,0.0,7.984836867602998,1,1188,0.0
490,355.39000000000004,0.22710404505698514,2894.58949337411,141.13519956055768,22.055423626601993,2549.6148797730807,89.87240997947386,62.76691598650392,0.0,7.9849240951923575,1,1188,0.0
491,355.39500000000004,0.22724655695681975,2893.6164674094102,141.08918016479015,22.055423626601993,2549.6148797730807,89.87240010657686,62.756367121600356,0.0,7.985011308113733,1,1188,0.0
492,355.40000000000003,0.22738912185267293,2892.6439230779743,141.0431831090946,22.055423626601993,2549.6148797730807,89.87239023367987,62.74582170523726,0.0,7.985098506371923,1,1188,0.0
493,355.40500000000003,0.22753173966944684,2891.671860065394,140.99720837913222,22.055423626601993,2549.6148797730807,89.87238036078288,62.7352797357447,0.0,7.985185689971723,1,1188,0.0
494,355.4100000000001,0.22767441033212585,2890.700278057515,140.95125596053265,22.055423626601993,2549.6148797730807,89.87237048788587,62.72474121145384,0.0,7.985272858917925,1,1188,0.0
495,355.4150000000001,0.2278171337657699,2889.729176740437,140.905325838874,22.055423626601993,2549.6148797730807,89.87236061498889,62.714206130696894,0.0,7.985360013215322,1,1188,0.0
496,355.4200000000001,0.2279599098955239,2888.7585558005176,140.85941799988558,22.055423626601993,2549.6148797730807,89.87235074209188,62.70367449180717,0.0,7.985447152868701,1,1188,0.0
497,355.42500000000007,0.22810273864661165,2887.7884149243637,140.81353242924703,22.055423626601993,2549.6148797730807,89.8723408691949,62.69314629311904,0.0,7.985534277882849,1,1188,0.0
498,355.43000000000006,0.22824561994433507,2886.8187537988406,140.76766911259455,22.055423626601993,2549.6148797730807,89.8723309962979,62.68262153296795,0.0,7.9856213882625475,1,1188,0.0
499,355.43500000000006,0.22838855371407887,2885.8495721110667,140.721828035668,22.055423626601993,2549.6148797730807,89.87232112340091,62.6721002096904,0.0,7.98570848401258,1,1188,0.0
500,355.44000000000005,0.22853153988130512,2884.88086954841,140.67600918411864,22.055423626601993,2549.6148797730807,89.87231125050391,62.66158232162397,0.0,7.985795565137726,1,1188,0.0
501,355.44500000000005,0.2286745783715595,2883.9126457984967,140.6302125436734,22.055423626601993,2549.6148797730807,89.87230137760692,62.6510678671073,0.0,7.985882631642762,1,1188,0.0
502,355.45000000000005,0.22881766911046172,2882.944900549202,140.58443810009064,22.055423626601993,2549.6148797730807,89.87229150470992,62.6405568444801,0.0,7.985969683532463,1,1188,0.0
503,355.45500000000004,0.22896081202371704,2881.9776334886574,140.5386858390963,22.055423626601993,2549.6148797730807,89.87228163181294,62.63004925208315,0.0,7.9860567208116,1,1188,0.0
504,355.46000000000004,0.22910400703710737,2881.0108443052436,140.49295574646123,22.055423626601993,2549.6148797730807,89.87227175891594,62.6195450882583,0.0,7.986143743484944,1,1188,0.0
505,355.46500000000003,0.22924725407649282,2880.0445326875965,140.44724780788653,22.055423626601993,2549.6148797730807,89.87226188601895,62.60904435134844,0.0,7.986230751557263,1,1188,0.0
506,355.47,0.22939055306781628,2879.0786983246007,140.40156200922826,22.055423626601993,2549.6148797730807,89.87225201312195,62.59854703969754,0.0,7.986317745033321,1,1188,0.0
507,355.4750000000001,0.2295339039370968,2878.113340905396,140.35589833620116,22.055423626601993,2549.6148797730807,89.87224214022496,62.588053151650634,0.0,7.9864047239178815,1,1188,0.0
508,355.4800000000001,0.2296773066104346,2877.148460119371,140.31025677464046,22.055423626601993,2549.6148797730807,89.87223226732797,62.577562685553815,0.0,7.986491688215707,1,1188,0.0
509,355.48500000000007,0.22982076101400828,2876.1840556561665,140.26463731033087,22.055423626601993,2549.6148797730807,89.87222239443096,62.567075639754215,0.0,7.986578637931553,1,1188,0.0
510,355.49000000000007,0.22996426707407594,2875.220127205676,140.2190399291232,22.055423626601993,2549.6148797730807,89.87221252153398,62.55659201260007,0.0,7.986665573070177,1,1188,0.0
511,355.49500000000006,0.2301078247169736,2874.25667445804,140.17346461679534,22.055423626601993,2549.6148797730807,89.87220264863697,62.54611180244064,0.0,7.9867524936363345,1,1188,0.0
512,355.50000000000006,0.2302514338691171,2873.2936971036547,140.1279113592384,22.055423626601993,2549.6148797730807,89.87219277573999,62.53563500762626,0.0,7.986839399634775,1,1188,0.0
513,355.50500000000005,0.23039509445700113,2872.3311948331625,140.08238014228735,22.055423626601993,2549.6148797730807,89.872182902843,62.52516162650831,0.0,7.986926291070247,1,1188,0.0
514,355.51000000000005,0.23053880640719787,2871.3691673374574,140.0368709518079,22.055423626601993,2549.6148797730807,89.872173029946,62.51469165743923,0.0,7.9870131679475005,1,1188,0.0
515,355.51500000000004,0.23068256964635903,2870.407614307683,139.9913837736844,22.055423626601993,2549.6148797730807,89.872163157049,62.504225098772515,0.0,7.987100030271278,1,1188,0.0
516,355.52000000000004,0.23082638410121492,2869.44653543523,139.94591859377363,22.055423626601993,2549.6148797730807,89.872153284152,62.49376194886272,0.0,7.987186878046322,1,1188,0.0
517,355.52500000000003,0.2309702496985741,2868.4859304117454,139.9004753980169,22.055423626601993,2549.6148797730807,89.87214341125502,62.483302206065446,0.0,7.987273711277373,1,1188,0.0
518,355.53000000000003,0.2311141663653235,2867.525798929117,139.85505417227435,22.055423626601993,2549.6148797730807,89.87213353835803,62.472845868737366,0.0,7.98736052996917,1,1188,0.0
519,355.5350000000001,0.23125813402842724,2866.566140679489,139.80965490249648,22.055423626601993,2549.6148797730807,89.87212366546103,62.46239293523617,0.0,7.987447334126446,1,1188,0.0
520,355.5400000000001,0.2314021526149297,2865.606955355245,139.76427757464103,22.055423626601993,2549.6148797730807,89.87211379256404,62.45194340392063,0.0,7.987534123753936,1,1188,0.0
521,355.5450000000001,0.23154622205195138,2864.648242649028,139.718922174577,22.055423626601993,2549.6148797730807,89.87210391966704,62.44149727315055,0.0,7.987620898856371,1,1188,0.0
522,355.55000000000007,0.23169034226669066,2863.69000225372,139.67358868835655,22.055423626601993,2549.6148797730807,89.87209404677004,62.43105454128681,0.0,7.987707659438479,1,1188,0.0
523,355.55500000000006,0.23183451318642656,2862.7322338624563,139.62827710183916,22.055423626601993,2549.6148797730807,89.87208417387306,62.4206152066913,0.0,7.987794405504987,1,1188,0.0
524,355.56000000000006,0.23197873473851316,2861.774937168619,139.58298740108287,22.055423626601993,2549.6148797730807,89.87207430097605,62.41017926772698,0.0,7.987881137060619,1,1188,0.0
525,355.56500000000005,0.23212300685038245,2860.818111865832,139.53771957206203,22.055423626601993,2549.6148797730807,89.87206442807907,62.39974672275787,0.0,7.987967854110096,1,1188,0.0
526,355.57000000000005,0.23226732944954545,2859.8617576479764,139.49247360071962,22.055423626601993,2549.6148797730807,89.87205455518207,62.389317570149,0.0,7.988054556658137,1,1188,0.0
527,355.57500000000005,0.23241170246358928,2858.905874209172,139.44724947312082,22.055423626601993,2549.6148797730807,89.87204468228508,62.37889180826647,0.0,7.988141244709462,1,1188,0.0
528,355.58000000000004,0.23255612582018031,2857.9504612437895,139.40204717528746,22.055423626601993,2549.6148797730807,89.87203480938808,62.36846943547742,0.0,7.988227918268783,1,1188,0.0
529,355.58500000000004,0.23270059944705926,2856.9955184464434,139.35686669321117,22.055423626601993,2549.6148797730807,89.87202493649109,62.358050450150046,0.0,7.988314577340816,1,1188,0.0
530,355.59000000000003,0.23284512327204818,2856.041045511996,139.31170801299183,22.055423626601993,2549.6148797730807,89.87201506359409,62.34763485065357,0.0,7.988401221930269,1,1188,0.0
531,355.595,0.23298969722304172,2855.087042135558,139.26657112062728,22.055423626601993,2549.6148797730807,89.8720051906971,62.337222635358266,0.0,7.988487852041851,1,1188,0.0
532,355.6000000000001,0.23313432122801594,2854.1335080124804,139.22145600223902,22.055423626601993,2549.6148797730807,89.87199531780011,62.326813802635435,0.0,7.988574467680268,1,1188,0.0
533,355.6050000000001,0.2332789952150212,2853.180442838364,139.1763626438901,22.055423626601993,2549.6148797730807,89.87198544490312,62.31640835085744,0.0,7.988661068850223,1,1188,0.0
534,355.61000000000007,0.23342371911218593,2852.227846309052,139.13129103158363,22.055423626601993,2549.6148797730807,89.87197557200612,62.30600627839765,0.0,7.988747655556417,1,1188,0.0
535,355.61500000000007,0.23356849284771442,2851.275718120636,139.08624115157,22.055423626601993,2549.6148797730807,89.87196569910913,62.2956075836305,0.0,7.988834227803552,1,1188,0.0
536,355.62000000000006,0.2337133163498888,2850.324057969449,139.0412129898056,22.055423626601993,2549.6148797730807,89.87195582621213,62.285212264931474,0.0,7.9889207855963225,1,1188,0.0
537,355.62500000000006,0.23385818954706836,2849.3728655520713,138.99620653254797,22.055423626601993,2549.6148797730807,89.87194595331513,62.27482032067705,0.0,7.989007328939422,1,1188,0.0
538,355.63000000000005,0.23400311236768578,2848.422140565325,138.95122176583598,22.055423626601993,2549.6148797730807,89.87193608041815,62.26443174924479,0.0,7.989093857837545,1,1188,0.0
539,355.63500000000005,0.23414808474025448,2847.471882706278,138.90625867584748,22.055423626601993,2549.6148797730807,89.87192620752114,62.25404654901327,0.0,7.989180372295382,1,1188,0.0
540,355.64000000000004,0.2342931065933619,2846.5220916722433,138.86131724876023,22.055423626601993,2549.6148797730807,89.87191633462416,62.243664718362076,0.0,7.98926687231762,1,1188,0.0
541,355.64500000000004,0.23443817785567156,2845.572767160774,138.81639747063585,22.055423626601993,2549.6148797730807,89.87190646172716,62.23328625567189,0.0,7.989353357908944,1,1188,0.0
542,355.65000000000003,0.23458329845592413,2844.6239088696707,138.77149932776663,22.055423626601993,2549.6148797730807,89.87189658883017,62.222911159324354,0.0,7.989439829074037,1,1188,0.0
543,355.65500000000003,0.23472846832293687,2843.6755164969723,138.7266228063284,22.055423626601993,2549.6148797730807,89.87188671593317,62.21253942770219,0.0,7.989526285817583,1,1188,0.0
544,355.6600000000001,0.2348736873856023,2842.727589740966,138.6817678924829,22.055423626601993,2549.6148797730807,89.87187684303618,62.20217105918914,0.0,7.989612728144257,1,1188,0.0
545,355.6650000000001,0.2350189555728881,2841.7801283001777,138.63693457242476,22.055423626601993,2549.6148797730807,89.8718669701392,62.19180605216997,0.0,7.989699156058738,1,1188,0.0
546,355.6700000000001,0.23516427281384078,2840.8331318733767,138.59212283243764,22.055423626601993,2549.6148797730807,89.87185709724218,62.181444405030476,0.0,7.989785569565701,1,1188,0.0
547,355.67500000000007,0.23530963903757768,2839.8866001595757,138.54733265868003,22.055423626601993,2549.6148797730807,89.8718472243452,62.171086116157504,0.0,7.989871968669815,1,1188,0.0
548,355.68000000000006,0.23545505417329812,2838.940532858029,138.50256403740562,22.055423626601993,2549.6148797730807,89.8718373514482,62.1607311839389,0.0,7.989958353375753,1,1188,0.0
549,355.68500000000006,0.2356005181502724,2837.9949296682325,138.45781695495475,22.055423626601993,2549.6148797730807,89.87182747855121,62.150379606763536,0.0,7.990044723688181,1,1188,0.0
550,355.69000000000005,0.23574603089784749,2837.049790289921,138.41309139747295,22.055423626601993,2549.6148797730807,89.87181760565421,62.140031383021345,0.0,7.990131079611764,1,1188,0.0
551,355.69500000000005,0.23589159234544677,2836.105114423077,138.36838735130968,22.055423626601993,2549.6148797730807,89.87180773275722,62.129686511103245,0.0,7.990217421151168,1,1188,0.0
552,355.70000000000005,0.2360372024225679,2835.160901767917,138.3237048027448,22.055423626601993,2549.6148797730807,89.87179785986022,62.119344989401206,0.0,7.9903037483110495,1,1188,0.0
553,355.70500000000004,0.23618286105878578,2834.217152024902,138.27904373803315,22.055423626601993,2549.6148797730807,89.87178798696324,62.10900681630822,0.0,7.99039006109607,1,1188,0.0
554,355.71000000000004,0.2363285681837475,2833.2738648947347,138.23440414352197,22.055423626601993,2549.6148797730807,89.87177811406623,62.09867199021827,0.0,7.990476359510886,1,1188,0.0
555,355.71500000000003,0.23647432372717708,2832.331040078355,138.18978600552316,22.055423626601993,2549.6148797730807,89.87176824116925,62.08834050952642,0.0,7.990562643560151,1,1188,0.0
556,355.72,0.23662012761887474,2831.3886772769456,138.14518931035326,22.055423626601993,2549.6148797730807,89.87175836827225,62.07801237262869,0.0,7.990648913248516,1,1188,0.0
557,355.7250000000001,0.23676597978871344,2830.4467761919277,138.10061404438483,22.055423626601993,2549.6148797730807,89.87174849537526,62.06768757792217,0.0,7.990735168580633,1,1188,0.0
558,355.7300000000001,0.23691188016664239,2829.505336524962,138.0560601939006,22.055423626601993,2549.6148797730807,89.87173862247826,62.057366123804954,0.0,7.990821409561148,1,1188,0.0
559,355.73500000000007,0.2370578286826853,2828.56435797795,138.01152774530985,22.055423626601993,2549.6148797730807,89.87172874958127,62.04704800867614,0.0,7.990907636194706,1,1188,0.0
560,355.74000000000007,0.2372038252669397,2827.6238402530307,137.96701668498184,22.055423626601993,2549.6148797730807,89.87171887668428,62.03673323093587,0.0,7.99099384848595,1,1188,0.0
561,355.74500000000006,0.2373498698495801,2826.6837830525833,137.9225269993251,22.055423626601993,2549.6148797730807,89.87170900378729,62.02642178898528,0.0,7.991080046439523,1,1188,0.0
562,355.75000000000006,0.23749596236085174,2825.7441860792255,137.87805867471724,22.055423626601993,2549.6148797730807,89.87169913089029,62.01611368122656,0.0,7.991166230060061,1,1188,0.0
563,355.75500000000005,0.23764210273107872,2824.8050490358155,137.83361169751996,22.055423626601993,2549.6148797730807,89.8716892579933,62.00580890606285,0.0,7.991252399352201,1,1188,0.0
564,355.76000000000005,0.23778829089065684,2823.8663716254446,137.7891860541854,22.055423626601993,2549.6148797730807,89.8716793850963,61.99550746189837,0.0,7.991338554320579,1,1188,0.0
565,355.76500000000004,0.23793452677005628,2822.928153551448,137.7447817311869,22.055423626601993,2549.6148797730807,89.8716695121993,61.98520934713833,0.0,7.991424694969824,1,1188,0.0
566,355.77000000000004,0.23808081029982267,2821.9903945173937,137.700398714877,22.055423626601993,2549.6148797730807,89.87165963930231,61.97491456018894,0.0,7.991510821304568,1,1188,0.0
567,355.77500000000003,0.23822714141057474,2821.0530942270934,137.65603699172058,22.055423626601993,2549.6148797730807,89.87164976640531,61.96462309945744,0.0,7.991596933329437,1,1188,0.0
568,355.78000000000003,0.23837352003300546,2820.1162523845883,137.61169654825474,22.055423626601993,2549.6148797730807,89.87163989350833,61.954334963352075,0.0,7.991683031049058,1,1188,0.0
569,355.7850000000001,0.23851994609788268,2819.1798686941643,137.5673773708516,22.055423626601993,2549.6148797730807,89.87163002061132,61.944050150282116,0.0,7.991769114468052,1,1188,0.0
570,355.7900000000001,0.2386664195360458,2818.24394286034,137.52307944602455,22.055423626601993,2549.6148797730807,89.87162014771434,61.93376865865781,0.0,7.991855183591041,1,1188,0.0
571,355.7950000000001,0.23881294027841218,2817.3084745878714,137.47880276028675,22.055423626601993,2549.6148797730807,89.87161027481734,61.923490486890444,0.0,7.991941238422643,1,1188,0.0
572,355.80000000000007,0.23895950825596796,2816.373463581752,137.43454730014236,22.055423626601993,2549.6148797730807,89.87160040192035,61.91321563339231,0.0,7.992027278967476,1,1188,0.0
573,355.80500000000006,0.23910612339977688,2815.4389095472097,137.39031305207004,22.055423626601993,2549.6148797730807,89.87159052902335,61.9029440965767,0.0,7.992113305230152,1,1188,0.0
574,355.81000000000006,0.23925278564097327,2814.504812189712,137.3461000025788,22.055423626601993,2549.6148797730807,89.87158065612635,61.8926758748579,0.0,7.992199317215285,1,1188,0.0
575,355.81500000000005,0.23939949491076778,2813.5711712149578,137.30190813831618,22.055423626601993,2549.6148797730807,89.87157078322937,61.882410966651236,0.0,7.992285314927484,1,1188,0.0
576,355.82000000000005,0.2395462511404431,2812.6379863288835,137.2577374456634,22.055423626601993,2549.6148797730807,89.87156091033238,61.872149370373016,0.0,7.992371298371356,1,1188,0.0
577,355.82500000000005,0.23969305426135346,2811.705257237662,137.21358791128475,22.055423626601993,2549.6148797730807,89.87155103743538,61.86189108444054,0.0,7.992457267551507,1,1188,0.0
578,355.83000000000004,0.23983990420493007,2810.7729836477006,137.16945952173177,22.055423626601993,2549.6148797730807,89.87154116453839,61.85163610727215,0.0,7.99254322247254,1,1188,0.0
579,355.83500000000004,0.23998680090267396,2809.8411652656396,137.12535226355192,22.055423626601993,2549.6148797730807,89.87153129164139,61.84138443728717,0.0,7.992629163139057,1,1188,0.0
580,355.84000000000003,0.2401337442861617,2808.909801798358,137.08126612334507,22.055423626601993,2549.6148797730807,89.8715214187444,61.83113607290591,0.0,7.992715089555656,1,1188,0.0
581,355.845,0.24028073428704028,2807.978892952965,137.03720108770597,22.055423626601993,2549.6148797730807,89.8715115458474,61.82089101254971,0.0,7.992801001726933,1,1188,0.0
582,355.8500000000001,0.24042777083703218,2807.0484384368065,136.9931571432574,22.055423626601993,2549.6148797730807,89.8715016729504,61.8106492546409,0.0,7.992886899657483,1,1188,0.0
583,355.8550000000001,0.24057485386793137,2806.1184379574624,136.9491342766187,22.055423626601993,2549.6148797730807,89.87149180005342,61.8004107976028,0.0,7.992972783351899,1,1188,0.0
584,355.86000000000007,0.24072198331160452,2805.1888912227455,136.90513247441504,22.055423626601993,2549.6148797730807,89.87148192715641,61.79017563985975,0.0,7.99305865281477,1,1188,0.0
585,355.86500000000007,0.24086915909999115,2804.259797940702,136.86115172325,22.055423626601993,2549.6148797730807,89.87147205425943,61.779943779837055,0.0,7.993144508050682,1,1188,0.0
586,355.87000000000006,0.2410163811651033,2803.3311578196135,136.81719200981368,22.055423626601993,2549.6148797730807,89.87146218136243,61.76971521596105,0.0,7.993230349064225,1,1188,0.0
587,355.87500000000006,0.2411636494390264,2802.4029705679905,136.77325332077157,22.055423626601993,2549.6148797730807,89.87145230846544,61.75948994665906,0.0,7.99331617585998,1,1188,0.0
588,355.88000000000005,0.2413109638539167,2801.475235894581,136.7293356427839,22.055423626601993,2549.6148797730807,89.87144243556845,61.7492679703594,0.0,7.993401988442528,1,1188,0.0
589,355.88500000000005,0.24145832434200418,2800.547953508364,136.68543896251376,22.055423626601993,2549.6148797730807,89.87143256267144,61.73904928549137,0.0,7.9934877868164484,1,1188,0.0
590,355.89000000000004,0.24160573083559062,2799.6211231185507,136.64156326668046,22.055423626601993,2549.6148797730807,89.87142268977446,61.72883389048529,0.0,7.993573570986318,1,1188,0.0
591,355.89500000000004,0.2417531832670498,2798.6947444345833,136.5977085419569,22.055423626601993,2549.6148797730807,89.87141281687747,61.71862178377245,0.0,7.993659340956712,1,1188,0.0
592,355.90000000000003,0.24190068156882724,2797.7688171661384,136.5538747751282,22.055423626601993,2549.6148797730807,89.87140294398047,61.708412963785136,0.0,7.993745096732202,1,1188,0.0
593,355.90500000000003,0.24204822567344192,2796.8433410231223,136.510061952843,22.055423626601993,2549.6148797730807,89.87139307108347,61.69820742895665,0.0,7.99383083831736,1,1188,0.0
594,355.9100000000001,0.24219581551348307,2795.918315715675,136.4662700618539,22.055423626601993,2549.6148797730807,89.87138319818648,61.68800517772125,0.0,7.993916565716753,1,1188,0.0
595,355.9150000000001,0.24234345102161267,2794.9937409541653,136.42249908892816,22.055423626601993,2549.6148797730807,89.87137332528948,61.67780620851421,0.0,7.994002278934947,1,1188,0.0
596,355.9200000000001,0.2424911321305637,2794.069616449195,136.37874902076197,22.055423626601993,2549.6148797730807,89.8713634523925,61.667610519771785,0.0,7.994087977976505,1,1188,0.0
597,355.92500000000007,0.2426388587731431,2793.145941911597,136.33501984420874,22.055423626601993,2549.6148797730807,89.87135357949549,61.657418109931214,0.0,7.99417366284599,1,1188,0.0
598,355.93000000000006,0.2427866308822258,2792.222717052434,136.2913115459953,22.055423626601993,2549.6148797730807,89.87134370659851,61.647228977430736,0.0,7.994259333547961,1,1188,0.0
599,355.93500000000006,0.24293444839076211,2791.2999415829986,136.24762411290905,22.055423626601993,2549.6148797730807,89.8713338337015,61.63704312070957,0.0,7.994344990086976,1,1188,0.0
600,355.94000000000005,0.24308231123177096,2790.3776152148157,136.20395753174682,22.055423626601993,2549.6148797730807,89.87132396080452,61.626860538207914,0.0,7.994430632467589,1,1188,0.0
601,355.94500000000005,0.2432302193383444,2789.455737659637,136.16031178934986,22.055423626601993,2549.6148797730807,89.87131408790752,61.61668122836697,0.0,7.994516260694352,1,1188,0.0
602,355.95000000000005,0.24337817264364373,2788.5343086294474,136.11668687248778,22.055423626601993,2549.6148797730807,89.87130421501053,61.60650518962891,0.0,7.994601874771818,1,1188,0.0
603,355.95500000000004,0.24352617108090474,2787.613327836461,136.07308276801223,22.055423626601993,2549.6148797730807,89.87129434211354,61.596332420436894,0.0,7.994687474704534,1,1188,0.0
604,355.96000000000004,0.2436742145834301,2786.6927949931173,136.0294994627893,22.055423626601993,2549.6148797730807,89.87128446921653,61.586162919235065,0.0,7.994773060497048,1,1188,0.0
605,355.96500000000003,0.24382230308459782,2785.7727098120895,135.98593694359073,22.055423626601993,2549.6148797730807,89.87127459631955,61.57599668446856,0.0,7.994858632153903,1,1188,0.0
606,355.97,0.24397043651785447,2784.853072006278,135.94239519734484,22.055423626601993,2549.6148797730807,89.87126472342256,61.565833714583476,0.0,7.994944189679642,1,1188,0.0
607,355.9750000000001,0.24411861481671782,2783.933881288812,135.8988742108965,22.055423626601993,2549.6148797730807,89.87125485052556,61.55567400802691,0.0,7.9950297330788045,1,1188,0.0
608,355.9800000000001,0.24426683791477627,2783.0151373730496,135.85537397114683,22.055423626601993,2549.6148797730807,89.87124497762856,61.545517563246925,0.0,7.995115262355928,1,1188,0.0
609,355.98500000000007,0.2444151057456903,2782.0968399725753,135.81189446496205,22.055423626601993,2549.6148797730807,89.87123510473157,61.535364378692584,0.0,7.995200777515549,1,1188,0.0
610,355.99000000000007,0.24456341824319033,2781.1789888012045,135.7684356792361,22.055423626601993,2549.6148797730807,89.87122523183457,61.52521445281391,0.0,7.9952862785622,1,1188,0.0
611,355.99500000000006,0.24471177534107535,2780.2615835729785,135.72499760093348,22.055423626601993,2549.6148797730807,89.87121535893759,61.515067784061905,0.0,7.995371765500413,1,1188,0.0
612,356.00000000000006,0.24486017697321896,2779.3446240021676,135.6815802169248,22.055423626601993,2549.6148797730807,89.87120548604058,61.50492437088856,0.0,7.995457238334717,1,1188,0.0
613,356.00500000000005,0.24500862307356136,2778.4281098032675,135.63818351414713,22.055423626601993,2549.6148797730807,89.8711956131436,61.49478421174684,0.0,7.995542697069639,1,1188,0.0
614,356.01000000000005,0.24515711357611528,2777.5120406910037,135.594807479557,22.055423626601993,2549.6148797730807,89.8711857402466,61.48464730509067,0.0,7.9956281417097035,1,1188,0.0
615,356.01500000000004,0.24530564841496308,2776.596416380326,135.55145210010392,22.055423626601993,2549.6148797730807,89.8711758673496,61.47451364937496,0.0,7.995713572259434,1,1188,0.0
616,356.02000000000004,0.24545422752425747,2775.6812365864134,135.50811736270225,22.055423626601993,2549.6148797730807,89.87116599445261,61.464383243055615,0.0,7.99579898872335,1,1188,0.0
617,356.02500000000003,0.2456028508382212,2774.76650102467,135.46480325441206,22.055423626601993,2549.6148797730807,89.87115612155561,61.454256084589474,0.0,7.995884391105971,1,1188,0.0
618,356.03000000000003,0.24575151829114691,2773.8522094107257,135.4215097622071,22.055423626601993,2549.6148797730807,89.87114624865863,61.44413217243439,0.0,7.995969779411812,1,1188,0.0
619,356.0350000000001,0.24590022981739776,2772.938361460439,135.37823687298024,22.055423626601993,2549.6148797730807,89.87113637576162,61.43401150504915,0.0,7.996055153645388,1,1188,0.0
620,356.0400000000001,0.24604898535140593,2772.024956889892,135.33498457382422,22.055423626601993,2549.6148797730807,89.87112650286464,61.423894080893525,0.0,7.996140513811212,1,1188,0.0
621,356.0450000000001,0.24619778482767515,2771.111995415393,135.29175285175535,22.055423626601993,2549.6148797730807,89.87111662996764,61.413779898428274,0.0,7.996225859913792,1,1188,0.0
622,356.05000000000007,0.24634662818077577,2770.1994767534748,135.2485416937749,22.055423626601993,2549.6148797730807,89.87110675707065,61.403668956115105,0.0,7.996311191957636,1,1188,0.0
623,356.05500000000006,0.24649551534535072,2769.287400620898,135.20535108689964,22.055423626601993,2549.6148797730807,89.87109688417365,61.39356125241671,0.0,7.99639650994725,1,1188,0.0
624,356.06000000000006,0.2466444462561111,2768.3757667346476,135.1621810181863,22.055423626601993,2549.6148797730807,89.87108701127666,61.383456785796724,0.0,7.996481813887137,1,1188,0.0
625,356.06500000000005,0.24679342084783856,2767.46457481193,135.11903147471065,22.055423626601993,2549.6148797730807,89.87107713837966,61.37335555471978,0.0,7.996567103781799,1,1188,0.0
626,356.07000000000005,0.24694243905538285,2766.553824570182,135.07590244350786,22.055423626601993,2549.6148797730807,89.87106726548268,61.36325755765146,0.0,7.9966523796357345,1,1188,0.0
627,356.07500000000005,0.24709150081366418,2765.64351572706,135.03279391166544,22.055423626601993,2549.6148797730807,89.87105739258567,61.35316279305832,0.0,7.996737641453442,1,1188,0.0
628,356.08000000000004,0.24724060605767104,2764.7336480004456,134.98970586627777,22.055423626601993,2549.6148797730807,89.87104751968869,61.34307125940786,0.0,7.996822889239414,1,1188,0.0
629,356.08500000000004,0.2473897547224626,2763.824221108446,134.94663829438187,22.055423626601993,2549.6148797730807,89.87103764679169,61.33298295516859,0.0,7.996908122998145,1,1188,0.0
630,356.09000000000003,0.24753894674316476,2762.9152347693926,134.90359118320634,22.055423626601993,2549.6148797730807,89.8710277738947,61.32289787880992,0.0,7.996993342734125,1,1188,0.0
631,356.095,0.24768818205497545,2762.0066887018356,134.86056451976978,22.055423626601993,2549.6148797730807,89.87101790099771,61.31281602880229,0.0,7.997078548451843,1,1188,0.0
632,356.1000000000001,0.24783746059315953,2761.0985826245555,134.81755829120368,22.055423626601993,2549.6148797730807,89.8710080281007,61.30273740361705,0.0,7.997163740155784,1,1188,0.0
633,356.1050000000001,0.24798678229305068,2760.1909162565507,134.77457248468457,22.055423626601993,2549.6148797730807,89.87099815520372,61.29266200172654,0.0,7.997248917850434,1,1188,0.0
634,356.11000000000007,0.2481361470900526,2759.2836893170447,134.73160708730134,22.055423626601993,2549.6148797730807,89.87098828230671,61.28258982160404,0.0,7.997334081540274,1,1188,0.0
635,356.11500000000007,0.24828555491963653,2758.376901525483,134.68866208625872,22.055423626601993,2549.6148797730807,89.87097840940973,61.27252086172381,0.0,7.997419231229783,1,1188,0.0
636,356.12000000000006,0.24843500571734406,2757.4705526015327,134.64573746870246,22.055423626601993,2549.6148797730807,89.87096853651273,61.262455120561064,0.0,7.99750436692344,1,1188,0.0
637,356.12500000000006,0.2485844994187827,2756.564642265087,134.60283322181684,22.055423626601993,2549.6148797730807,89.87095866361574,61.25239259659197,0.0,7.997589488625722,1,1188,0.0
638,356.13000000000005,0.24873403595963117,2755.6591702362557,134.55994933277154,22.055423626601993,2549.6148797730807,89.87094879071874,61.242333288293636,0.0,7.997674596341101,1,1188,0.0
639,356.13500000000005,0.24888361527563596,2754.754136235375,134.51708578878672,22.055423626601993,2549.6148797730807,89.87093891782175,61.23227719414416,0.0,7.997759690074049,1,1188,0.0
640,356.14000000000004,0.24903323730260996,2753.8495399830003,134.47424257706254,22.055423626601993,2549.6148797730807,89.87092904492475,61.222224312622586,0.0,7.997844769829034,1,1188,0.0
641,356.14500000000004,0.24918290197643603,2752.9453811999097,134.431419684785,22.055423626601993,2549.6148797730807,89.87091917202777,61.21217464220889,0.0,7.997929835610526,1,1188,0.0
642,356.15000000000003,0.24933260923306685,2752.041659607101,134.38861709923287,22.055423626601993,2549.6148797730807,89.87090929913076,61.20212818138404,0.0,7.998014887422988,1,1188,0.0
643,356.15500000000003,0.24948235900851906,2751.138374925795,134.34583480758667,22.055423626601993,2549.6148797730807,89.87089942623378,61.19208492862993,0.0,7.998099925270884,1,1188,0.0
644,356.1600000000001,0.2496321512388817,2750.2355268774318,134.30307279715834,22.055423626601993,2549.6148797730807,89.87088955333678,61.18204488242941,0.0,7.9981849491586745,1,1188,0.0
645,356.1650000000001,0.24978198586030856,2749.3331151836724,134.26033105511888,22.055423626601993,2549.6148797730807,89.87087968043978,61.172008041266295,0.0,7.99826995909082,1,1188,0.0
646,356.1700000000001,0.24993186280902313,2748.431139566399,134.21760956878893,22.055423626601993,2549.6148797730807,89.8708698075428,61.16197440362533,0.0,7.998354955071774,1,1188,0.0
647,356.17500000000007,0.2500817820213157,2747.529599747712,134.17490832545298,22.055423626601993,2549.6148797730807,89.8708599346458,61.151943967992246,0.0,7.998439937105993,1,1188,0.0
648,356.18000000000006,0.2502317434335452,2746.6284954499365,134.1322273123667,22.055423626601993,2549.6148797730807,89.87085006174881,61.14191673285369,0.0,7.998524905197931,1,1188,0.0
649,356.18500000000006,0.25038174698213783,2745.727826395611,134.08956651685793,22.055423626601993,2549.6148797730807,89.87084018885182,61.13189269669727,0.0,7.998609859352035,1,1188,0.0
650,356.19000000000005,0.25053179260358716,2744.827592307497,134.04692592618593,22.055423626601993,2549.6148797730807,89.87083031595482,61.12187185801156,0.0,7.998694799572755,1,1188,0.0
651,356.19500000000005,0.25068188023445553,2743.927792908576,134.00430552770675,22.055423626601993,2549.6148797730807,89.87082044305782,61.111854215286044,0.0,7.998779725864537,1,1188,0.0
652,356.20000000000005,0.25083200981137044,2743.0284279220473,133.9617053087826,22.055423626601993,2549.6148797730807,89.87081057016083,61.10183976701119,0.0,7.998864638231826,1,1188,0.0
653,356.20500000000004,0.25098218127102895,2742.12949707133,133.9191252566251,22.055423626601993,2549.6148797730807,89.87080069726383,61.09182851167839,0.0,7.998949536679063,1,1188,0.0
654,356.21000000000004,0.2511323945501938,2741.231000080061,133.87656535869334,22.055423626601993,2549.6148797730807,89.87079082436684,61.08182044777999,0.0,7.999034421210688,1,1188,0.0
655,356.21500000000003,0.2512826495856967,2740.3329366720955,133.83402560230743,22.055423626601993,2549.6148797730807,89.87078095146984,61.07181557380928,0.0,7.999119291831138,1,1188,0.0
656,356.22,0.2514329463144351,2739.435306571508,133.79150597480776,22.055423626601993,2549.6148797730807,89.87077107857286,61.061813888260495,0.0,7.99920414854485,1,1188,0.0
657,356.2250000000001,0.25158328467337393,2738.538109502592,133.74900646358697,22.055423626601993,2549.6148797730807,89.87076120567585,61.05181538962882,0.0,7.999288991356258,1,1188,0.0
658,356.2300000000001,0.25173366459954527,2737.641345189857,133.70652705606057,22.055423626601993,2549.6148797730807,89.87075133277887,61.04182007641035,0.0,7.999373820269792,1,1188,0.0
659,356.23500000000007,0.25188408603004797,2736.7450133580296,133.6640677395827,22.055423626601993,2549.6148797730807,89.87074145988187,61.03182794710219,0.0,7.999458635289883,1,1188,0.0
660,356.24000000000007,0.25203454890204813,2735.849113732057,133.6216285015909,22.055423626601993,2549.6148797730807,89.87073158698487,61.02183900020229,0.0,7.999543436420956,1,1188,0.0
661,356.24500000000006,0.2521850531527777,2734.953646037102,133.579209329475,22.055423626601993,2549.6148797730807,89.87072171408789,61.01185323420964,0.0,7.999628223667438,1,1188,0.0
662,356.25000000000006,0.25233559871953665,2734.058609998544,133.5368102106753,22.055423626601993,2549.6148797730807,89.87071184119088,61.00187064762409,0.0,7.999712997033752,1,1188,0.0
663,356.25500000000005,0.2524861855396915,2733.1640053419783,133.49443113258843,22.055423626601993,2549.6148797730807,89.8707019682939,60.99189123894648,0.0,7.99979775652432,1,1188,0.0
664,356.26000000000005,0.2526368135506731,2732.2698317932204,133.4520720826877,22.055423626601993,2549.6148797730807,89.8706920953969,60.981915006678555,0.0,7.999882502143558,1,1188,0.0
665,356.26500000000004,0.2527874826899812,2731.3760890782983,133.40973304845082,22.055423626601993,2549.6148797730807,89.87068222249991,60.971941949323025,0.0,7.999967233895885,1,1188,0.0
666,356.27000000000004,0.2529381928951821,2730.482776923459,133.36741401730845,22.055423626601993,2549.6148797730807,89.87067234960291,60.961972065383534,0.0,8.000051951785716,1,1188,0.0
667,356.27500000000003,0.2530889441039071,2729.589895055165,133.32511497675742,22.055423626601993,2549.6148797730807,89.87066247670592,60.95200535336463,0.0,8.000136655817462,1,1188,0.0
668,356.28000000000003,0.2532397362538532,2728.6974432000943,133.28283591422195,22.055423626601993,2549.6148797730807,89.87065260380892,60.942041811771844,0.0,8.000221345995536,1,1188,0.0
669,356.2850000000001,0.2533905692827862,2727.8054210851406,133.24057681726967,22.055423626601993,2549.6148797730807,89.87064273091192,60.93208143911159,0.0,8.000306022324345,1,1188,0.0
670,356.2900000000001,0.2535414431285358,2726.913828437413,133.1983376733805,22.055423626601993,2549.6148797730807,89.87063285801493,60.92212423389127,0.0,8.000390684808297,1,1188,0.0
671,356.2950000000001,0.2536923577289976,2726.0226649842357,133.15611847004652,22.055423626601993,2549.6148797730807,89.87062298511795,60.91217019461917,0.0,8.000475333451792,1,1188,0.0
672,356.30000000000007,0.2538433130221359,2725.1319304531494,133.11391919480388,22.055423626601993,2549.6148797730807,89.87061311222094,60.90221931980454,0.0,8.000559968259237,1,1188,0.0
673,356.30500000000006,0.2539943089459775,2724.2416245719055,133.0717398351728,22.055423626601993,2549.6148797730807,89.87060323932396,60.89227160795755,0.0,8.000644589235034,1,1188,0.0
674,356.31000000000006,0.2541453454386179,2723.3517470684756,133.02958037872781,22.055423626601993,2549.6148797730807,89.87059336642696,60.88232705758929,0.0,8.000729196383574,1,1188,0.0
675,356.31500000000005,0.25429642243821554,2722.4622976710425,132.98744081300342,22.055423626601993,2549.6148797730807,89.87058349352996,60.87238566721182,0.0,8.000813789709259,1,1188,0.0
676,356.32000000000005,0.2544475398829974,2721.5732761080035,132.94532112550945,22.055423626601993,2549.6148797730807,89.87057362063298,60.86244743533809,0.0,8.00089836921648,1,1188,0.0
677,356.32500000000005,0.25459869771125376,2720.684682107971,132.9032213038939,22.055423626601993,2549.6148797730807,89.87056374773597,60.85251236048198,0.0,8.000982934909633,1,1188,0.0
678,356.33000000000004,0.25474989586134167,2719.7965153997698,132.86114133570985,22.055423626601993,2549.6148797730807,89.87055387483899,60.842580441158326,0.0,8.001067486793103,1,1188,0.0
679,356.33500000000004,0.2549011342716847,2718.9087757124394,132.81908120855593,22.055423626601993,2549.6148797730807,89.870544001942,60.83265167588286,0.0,8.00115202487128,1,1188,0.0
680,356.34000000000003,0.25505241288076824,2718.021462775232,132.77704090999458,22.055423626601993,2549.6148797730807,89.870534129045,60.82272606317226,0.0,8.00123654914855,1,1188,0.0
681,356.345,0.2552037316271464,2717.134576317614,132.73502042767285,22.055423626601993,2549.6148797730807,89.870524256148,60.81280360154413,0.0,8.001321059629296,1,1188,0.0
682,356.3500000000001,0.2553550904494386,2716.2481160692637,132.69301974918156,22.055423626601993,2549.6148797730807,89.870514383251,60.802884289516996,0.0,8.001405556317902,1,1188,0.0
683,356.3550000000001,0.25550648928632674,2715.3620817600736,132.65103886217963,22.055423626601993,2549.6148797730807,89.87050451035401,60.7929681256103,0.0,8.001490039218742,1,1188,0.0
684,356.36000000000007,0.2556579280765596,2714.476473120148,132.6090777543177,22.055423626601993,2549.6148797730807,89.87049463745703,60.78305510834442,0.0,8.001574508336201,1,1188,0.0
685,356.36500000000007,0.2558094067589509,2713.591289879803,132.56713641317154,22.055423626601993,2549.6148797730807,89.87048476456002,60.77314523624066,0.0,8.001658963674648,1,1188,0.0
686,356.37000000000006,0.25596092527238024,2712.706531769568,132.52521482643638,22.055423626601993,2549.6148797730807,89.87047489166304,60.76323850782121,0.0,8.00174340523846,1,1188,0.0
687,356.37500000000006,0.2561124835557904,2711.8221985201835,132.48331298180594,22.055423626601993,2549.6148797730807,89.87046501876604,60.75333492160923,0.0,8.001827833032008,1,1188,0.0
688,356.38000000000005,0.25626408154818864,2710.9382898626036,132.4414308669524,22.055423626601993,2549.6148797730807,89.87045514586904,60.74343447612878,0.0,8.00191224705966,1,1188,0.0
689,356.38500000000005,0.2564157191886499,2710.054805527991,132.39956846953103,22.055423626601993,2549.6148797730807,89.87044527297205,60.73353716990484,0.0,8.001996647325784,1,1188,0.0
690,356.39000000000004,0.2565673964163109,2709.171745247724,132.35772577725902,22.055423626601993,2549.6148797730807,89.87043540007505,60.72364300146331,0.0,8.002081033834747,1,1188,0.0
691,356.39500000000004,0.2567191131703735,2708.2891087533876,132.31590277783306,22.055423626601993,2549.6148797730807,89.87042552717807,60.713751969331,0.0,8.002165406590908,1,1188,0.0
692,356.40000000000003,0.25687086939010656,2707.406895776782,132.27409945898216,22.055423626601993,2549.6148797730807,89.87041565428106,60.70386407203566,0.0,8.002249765598632,1,1188,0.0
693,356.40500000000003,0.25702266501483906,2706.5251060499136,132.2323158084009,22.055423626601993,2549.6148797730807,89.87040578138408,60.69397930810593,0.0,8.002334110862275,1,1188,0.0
694,356.4100000000001,0.25717449998396874,2705.643739305005,132.19055181387657,22.055423626601993,2549.6148797730807,89.87039590848708,60.68409767607139,0.0,8.002418442386197,1,1188,0.0
695,356.4150000000001,0.2573263742369546,2704.7627952744847,132.1488074631125,22.055423626601993,2549.6148797730807,89.87038603559009,60.67421917446253,0.0,8.002502760174751,1,1188,0.0
696,356.4200000000001,0.25747828771332165,2703.8822736909938,132.10708274385038,22.055423626601993,2549.6148797730807,89.87037616269309,60.664343801810745,0.0,8.00258706423229,1,1188,0.0
697,356.42500000000007,0.2576302403526579,2703.0021742873823,132.0653776438763,22.055423626601993,2549.6148797730807,89.8703662897961,60.654471556648346,0.0,8.002671354563168,1,1188,0.0
698,356.43000000000006,0.2577822320946165,2702.1224967967096,132.02369215096618,22.055423626601993,2549.6148797730807,89.8703564168991,60.64460243750857,0.0,8.002755631171729,1,1188,0.0
699,356.43500000000006,0.2579342628789148,2701.2432409522476,131.98202625288604,22.055423626601993,2549.6148797730807,89.87034654400212,60.63473644292556,0.0,8.00283989406232,1,1188,0.0
700,356.44000000000005,0.2580863326453321,2700.3644064874743,131.94037993742907,22.055423626601993,2549.6148797730807,89.87033667110511,60.62487357143437,0.0,8.00292414323929,1,1188,0.0
701,356.44500000000005,0.25823844133371376,2699.485993136079,131.89875319242412,22.055423626601993,2549.6148797730807,89.87032679820813,60.61501382157097,0.0,8.00300837870698,1,1188,0.0
702,356.45000000000005,0.25839058888396793,2698.6080006319594,131.85714600564071,22.055423626601993,2549.6148797730807,89.87031692531113,60.60515719187224,0.0,8.00309260046973,1,1188,0.0
703,356.45500000000004,0.2585427752360681,2697.7304287092225,131.81555836491236,22.055423626601993,2549.6148797730807,89.87030705241413,60.59530368087595,0.0,8.003176808531878,1,1188,0.0
704,356.46000000000004,0.2586950003300482,2696.853277102183,131.77399025808052,22.055423626601993,2549.6148797730807,89.87029717951714,60.58545328712082,0.0,8.00326100289776,1,1188,0.0
705,356.46500000000003,0.258847264106009,2695.976545545364,131.73244167297256,22.055423626601993,2549.6148797730807,89.87028730662014,60.57560600914644,0.0,8.003345183571714,1,1188,0.0
706,356.47,0.2589995665041139,2695.1002337734994,131.69091259745417,22.055423626601993,2549.6148797730807,89.87027743372316,60.565761845493334,0.0,8.003429350558068,1,1188,0.0
707,356.4750000000001,0.2591519074645889,2694.2243415215275,131.6494030193615,22.055423626601993,2549.6148797730807,89.87026756082615,60.55592079470293,0.0,8.003513503861157,1,1188,0.0
708,356.4800000000001,0.2593042869277244,2693.348868524597,131.6079129265268,22.055423626601993,2549.6148797730807,89.87025768792917,60.54608285531754,0.0,8.003597643485307,1,1188,0.0
709,356.48500000000007,0.2594567048338732,2692.473814518064,131.56644230689756,22.055423626601993,2549.6148797730807,89.87024781503217,60.536248025880404,0.0,8.003681769434847,1,1188,0.0
710,356.49000000000007,0.2596091611234525,2691.5991792374916,131.52499114835712,22.055423626601993,2549.6148797730807,89.87023794213518,60.526416304935665,0.0,8.003765881714097,1,1188,0.0
711,356.49500000000006,0.2597616557369415,2690.7249624186497,131.48355943873102,22.055423626601993,2549.6148797730807,89.87022806923818,60.51658769102837,0.0,8.00384998032738,1,1188,0.0
712,356.50000000000006,0.2599141886148839,2689.8511637975175,131.44214716599828,22.055423626601993,2549.6148797730807,89.87021819634118,60.506762182704456,0.0,8.003934065279022,1,1188,0.0
713,356.50500000000005,0.26006675969788556,2688.9777831102774,131.40075431800452,22.055423626601993,2549.6148797730807,89.87020832344419,60.496939778510786,0.0,8.004018136573336,1,1188,0.0
714,356.51000000000005,0.26021936892661524,2688.1048200933224,131.3593808827236,22.055423626601993,2549.6148797730807,89.8701984505472,60.4871204769951,0.0,8.004102194214639,1,1188,0.0
715,356.51500000000004,0.2603720162418049,2687.232274483249,131.3180268480751,22.055423626601993,2549.6148797730807,89.8701885776502,60.47730427670607,0.0,8.004186238207247,1,1188,0.0
716,356.52000000000004,0.2605247015842499,2686.3601460168625,131.27669220201975,22.055423626601993,2549.6148797730807,89.87017870475322,60.46749117619325,0.0,8.004270268555471,1,1188,0.0
717,356.52500000000003,0.26067742489480783,2685.488434431173,131.23537693243082,22.055423626601993,2549.6148797730807,89.87016883185622,60.457681174007085,0.0,8.004354285263622,1,1188,0.0
718,356.53000000000003,0.26083018611439857,2684.6171394633966,131.19408102736398,22.055423626601993,2549.6148797730807,89.87015895895922,60.44787426869894,0.0,8.004438288336008,1,1188,0.0
719,356.5350000000001,0.26098298518400537,2683.7462608509545,131.15280447471372,22.055423626601993,2549.6148797730807,89.87014908606224,60.438070458821066,0.0,8.004522277776935,1,1188,0.0
720,356.5400000000001,0.2611358220446741,2682.8757983314754,131.11154726252082,22.055423626601993,2549.6148797730807,89.87013921316523,60.428269742926624,0.0,8.004606253590708,1,1188,0.0
721,356.5450000000001,0.26128869663751225,2682.005751642792,131.07030937877823,22.055423626601993,2549.6148797730807,89.87012934026825,60.418472119569664,0.0,8.004690215781629,1,1188,0.0
722,356.55000000000007,0.2614416089036914,2681.136120522942,131.02909081140615,22.055423626601993,2549.6148797730807,89.87011946737124,60.40867758730514,0.0,8.004774164353998,1,1188,0.0
723,356.55500000000006,0.26159455878444354,2680.26690471017,130.98789154847864,22.055423626601993,2549.6148797730807,89.87010959447426,60.39888614468888,0.0,8.004858099312113,1,1188,0.0
724,356.56000000000006,0.26174754622106366,2679.398103942922,130.94671157797129,22.055423626601993,2549.6148797730807,89.87009972157726,60.38909779027763,0.0,8.00494202066027,1,1188,0.0
725,356.56500000000005,0.26190057115491044,2678.5297179598515,130.9055508879383,22.055423626601993,2549.6148797730807,89.87008984868027,60.379312522629036,0.0,8.005025928402764,1,1188,0.0
726,356.57000000000005,0.2620536335274037,2677.661746499815,130.8644094664043,22.055423626601993,2549.6148797730807,89.87007997578327,60.36953034030162,0.0,8.005109822543886,1,1188,0.0
727,356.57500000000005,0.26220673328002386,2676.7941893018747,130.8232873014315,22.055423626601993,2549.6148797730807,89.87007010288627,60.3597512418548,0.0,8.005193703087928,1,1188,0.0
728,356.58000000000004,0.2623598703543159,2675.9270461052947,130.78218438104585,22.055423626601993,2549.6148797730807,89.87006022998928,60.34997522584891,0.0,8.005277570039176,1,1188,0.0
729,356.58500000000004,0.26251304469188497,2675.0603166495443,130.7411006933162,22.055423626601993,2549.6148797730807,89.8700503570923,60.340202290845134,0.0,8.005361423401917,1,1188,0.0
730,356.59000000000003,0.2626662562343984,2674.194000674297,130.7000362263183,22.055423626601993,2549.6148797730807,89.8700404841953,60.33043243540558,0.0,8.005445263180437,1,1188,0.0
731,356.595,0.26281950492358647,2673.3280979194283,130.6589909681415,22.055423626601993,2549.6148797730807,89.8700306112983,60.32066565809324,0.0,8.005529089379015,1,1188,0.0
732,356.6000000000001,0.2629727907012411,2672.462608125018,130.61796490688667,22.055423626601993,2549.6148797730807,89.87002073840131,60.31090195747199,0.0,8.005612902001934,1,1188,0.0
733,356.6050000000001,0.2631261135092142,2671.597531031348,130.5769580305703,22.055423626601993,2549.6148797730807,89.87001086550431,60.30114133210661,0.0,8.00569670105347,1,1188,0.0
734,356.61000000000007,0.26327947328942,2670.732866378905,130.5359703274145,22.055423626601993,2549.6148797730807,89.87000099260733,60.29138378056273,0.0,8.0057804865379,1,1188,0.0
735,356.61500000000007,0.2634328699838361,2669.8686139083743,130.49500178547993,22.055423626601993,2549.6148797730807,89.86999111971032,60.28162930140692,0.0,8.005864258459498,1,1188,0.0
736,356.62000000000006,0.26358630353449897,2669.0047733606502,130.45405239289857,22.055423626601993,2549.6148797730807,89.86998124681334,60.271877893206614,0.0,8.005948016822538,1,1188,0.0
737,356.62500000000006,0.2637397738835091,2668.1413444768236,130.41312213781526,22.055423626601993,2549.6148797730807,89.86997137391633,60.26212955453012,0.0,8.006031761631288,1,1188,0.0
738,356.63000000000005,0.26389328097302506,2667.27832699819,130.37221100835453,22.055423626601993,2549.6148797730807,89.86996150101935,60.25238428394664,0.0,8.006115492890016,1,1188,0.0
739,356.63500000000005,0.2640468247452706,2666.4157206662467,130.331318992695,22.055423626601993,2549.6148797730807,89.86995162812235,60.24264208002628,0.0,8.00619921060299,1,1188,0.0
740,356.64000000000004,0.26420040514252724,2665.553525222692,130.2904460789852,22.055423626601993,2549.6148797730807,89.86994175522535,60.23290294134,0.0,8.006282914774472,1,1188,0.0
741,356.64500000000004,0.26435402210714026,2664.691740409428,130.24959225539064,22.055423626601993,2549.6148797730807,89.86993188232836,60.22316686645967,0.0,8.006366605408727,1,1188,0.0
742,356.65000000000003,0.2645076755815136,2663.8303659685535,130.20875751012403,22.055423626601993,2549.6148797730807,89.86992200943136,60.21343385395802,0.0,8.006450282510013,1,1188,0.0
743,356.65500000000003,0.264661365508115,2662.969401642374,130.16794183134158,22.055423626601993,2549.6148797730807,89.86991213653437,60.20370390240869,0.0,8.00653394608259,1,1188,0.0
744,356.6600000000001,0.26481509182947066,2662.108847173392,130.12714520727093,22.055423626601993,2549.6148797730807,89.86990226363739,60.19397701038617,0.0,8.006617596130711,1,1188,0.0
745,356.6650000000001,0.2649688544881696,2661.248702304313,130.08636762610507,22.055423626601993,2549.6148797730807,89.86989239074039,60.18425317646586,0.0,8.006701232658633,1,1188,0.0
746,356.6700000000001,0.2651226534268604,2660.3889667780422,130.0456090760592,22.055423626601993,2549.6148797730807,89.8698825178434,60.17453239922401,0.0,8.00678485567061,1,1188,0.0
747,356.67500000000007,0.2652764885882521,2659.529640337686,130.00486954536547,22.055423626601993,2549.6148797730807,89.8698726449464,60.164814677237786,0.0,8.00686846517089,1,1188,0.0
748,356.68000000000006,0.26543035991511615,2658.67072272655,129.96414902229193,22.055423626601993,2549.6148797730807,89.8698627720494,60.1551000090852,0.0,8.00695206116372,1,1188,0.0
749,356.68500000000006,0.2655842673502826,2657.812213688141,129.9234474950364,22.055423626601993,2549.6148797730807,89.86985289915242,60.14538839334518,0.0,8.00703564365335,1,1188,0.0
750,356.69000000000005,0.2657382108366436,2656.9541129661648,129.88276495186315,22.055423626601993,2549.6148797730807,89.86984302625541,60.13567982859749,0.0,8.007119212644021,1,1188,0.0
751,356.69500000000005,0.26589219031715133,2656.096420304527,129.8421013810262,22.055423626601993,2549.6148797730807,89.86983315335843,60.12597431342279,0.0,8.007202768139976,1,1188,0.0
752,356.70000000000005,0.2660462057348192,2655.2391354473325,129.80145677083863,22.055423626601993,2549.6148797730807,89.86982328046142,60.11627184640261,0.0,8.007286310145457,1,1188,0.0
753,356.70500000000004,0.2662002570327181,2654.3822581388868,129.76083110957612,22.055423626601993,2549.6148797730807,89.86981340756444,60.106572426119385,0.0,8.007369838664703,1,1188,0.0
754,356.71000000000004,0.26635434415398224,2653.525788123694,129.72022438547702,22.055423626601993,2549.6148797730807,89.86980353466744,60.096876051156386,0.0,8.007453353701948,1,1188,0.0
755,356.71500000000003,0.2665084670418054,2652.6697251464557,129.67963658690698,22.055423626601993,2549.6148797730807,89.86979366177044,60.08718272009777,0.0,8.007536855261428,1,1188,0.0
756,356.72,0.2666626256394404,2651.8140689520737,129.63906770213092,22.055423626601993,2549.6148797730807,89.86978378887345,60.07749243152858,0.0,8.007620343347375,1,1188,0.0
757,356.7250000000001,0.2668168198902017,2650.9588192856495,129.59851771945225,22.055423626601993,2549.6148797730807,89.86977391597645,60.067805184034725,0.0,8.00770381796402,1,1188,0.0
758,356.7300000000001,0.2669710497374628,2650.10397589248,129.55798662724692,22.055423626601993,2549.6148797730807,89.86976404307946,60.05812097620297,0.0,8.007787279115592,1,1188,0.0
759,356.73500000000007,0.267125315124657,2649.2495385180623,129.51747441384893,22.055423626601993,2549.6148797730807,89.86975417018247,60.048439806621,0.0,8.007870726806315,1,1188,0.0
760,356.74000000000007,0.26727961599527783,2648.395506908091,129.4769810675406,22.055423626601993,2549.6148797730807,89.86974429728548,60.0387616738773,0.0,8.007954161040418,1,1188,0.0
761,356.74500000000006,0.26743395229287886,2647.54188080846,129.4365065767482,22.055423626601993,2549.6148797730807,89.86973442438848,60.029086576561276,0.0,8.008037581822121,1,1188,0.0
762,356.75000000000006,0.2675883239610733,2646.688659965259,129.39605092979983,22.055423626601993,2549.6148797730807,89.86972455149149,60.01941451326321,0.0,8.008120989155646,1,1188,0.0
763,356.75500000000005,0.2677427309435349,2645.8358441247747,129.35561411504958,22.055423626601993,2549.6148797730807,89.86971467859449,60.00974548257421,0.0,8.00820438304521,1,1188,0.0
764,356.76000000000005,0.26789717318399464,2644.9834330334934,129.3151961208999,22.055423626601993,2549.6148797730807,89.86970480569751,60.00007948308628,0.0,8.008287763495032,1,1188,0.0
765,356.76500000000004,0.268051650626245,2644.1314264380967,129.27479693576086,22.055423626601993,2549.6148797730807,89.8696949328005,59.990416513392304,0.0,8.008371130509326,1,1188,0.0
766,356.77000000000004,0.26820616321413865,2643.2798240854636,129.23441654799583,22.055423626601993,2549.6148797730807,89.86968505990352,59.980756572086,0.0,8.008454484092306,1,1188,0.0
767,356.77500000000003,0.26836071089158536,2642.4286257226718,129.19405494601637,22.055423626601993,2549.6148797730807,89.86967518700652,59.97109965776198,0.0,8.008537824248181,1,1188,0.0
768,356.78000000000003,0.26851529360255644,2641.5778310969913,129.15371211826766,22.055423626601993,2549.6148797730807,89.86966531410953,59.9614457690157,0.0,8.00862115098116,1,1188,0.0
769,356.7850000000001,0.2686699112910815,2640.7274399558914,129.11338805311047,22.055423626601993,2549.6148797730807,89.86965544121253,59.951794904443496,0.0,8.008704464295452,1,1188,0.0
770,356.7900000000001,0.2688245639012493,2639.877452047038,129.07308273904997,22.055423626601993,2549.6148797730807,89.86964556831553,59.94214706264257,0.0,8.00878776419526,1,1188,0.0
771,356.7950000000001,0.2689792513772085,2639.0278671182923,129.03279616448836,22.055423626601993,2549.6148797730807,89.86963569541854,59.93250224221097,0.0,8.008871050684789,1,1188,0.0
772,356.80000000000007,0.269133973663165,2638.1786849177106,128.99252831790466,22.055423626601993,2549.6148797730807,89.86962582252154,59.92286044174763,0.0,8.00895432376824,1,1188,0.0
773,356.80500000000006,0.26928873070338677,2637.329905193545,128.95227918775223,22.055423626601993,2549.6148797730807,89.86961594962456,59.91322165985234,0.0,8.00903758344981,1,1188,0.0
774,356.81000000000006,0.26944352244219866,2636.4815276942445,128.91204876247596,22.055423626601993,2549.6148797730807,89.86960607672756,59.90358589512572,0.0,8.009120829733698,1,1188,0.0
775,356.81500000000005,0.2695983488239845,2635.6335521684523,128.87183703056706,22.055423626601993,2549.6148797730807,89.86959620383057,59.89395314616931,0.0,8.009204062624102,1,1188,0.0
776,356.82000000000005,0.2697532097931878,2634.7859783650056,128.83164398051852,22.055423626601993,2549.6148797730807,89.86958633093357,59.884323411585456,0.0,8.00928728212521,1,1188,0.0
777,356.82500000000005,0.2699081052943103,2633.938806032939,128.7914696007953,22.055423626601993,2549.6148797730807,89.86957645803658,59.8746966899774,0.0,8.009370488241219,1,1188,0.0
778,356.83000000000004,0.2700630352719131,2633.09203492148,128.75131387997698,22.055423626601993,2549.6148797730807,89.86956658513958,59.86507297994921,0.0,8.009453680976314,1,1188,0.0
779,356.83500000000004,0.2702179996706153,2632.2456647800514,128.71117680650605,22.055423626601993,2549.6148797730807,89.8695567122426,59.85545228010586,0.0,8.009536860334686,1,1188,0.0
780,356.84000000000003,0.27037299843509455,2631.3996953582714,128.67105836891318,22.055423626601993,2549.6148797730807,89.86954683934559,59.845834589053126,0.0,8.009620026320517,1,1188,0.0
781,356.845,0.2705280315100874,2630.55412640595,128.63095855577353,22.055423626601993,2549.6148797730807,89.8695369664486,59.836219905397684,0.0,8.009703178937995,1,1188,0.0
782,356.8500000000001,0.27068309884039005,2629.7089576730928,128.59087735559,22.055423626601993,2549.6148797730807,89.86952709355161,59.82660822774705,0.0,8.0097863181913,1,1188,0.0
783,356.8550000000001,0.2708382003708543,2628.8641889098985,128.55081475691088,22.055423626601993,2549.6148797730807,89.86951722065461,59.81699955470959,0.0,8.00986944408461,1,1188,0.0
784,356.86000000000007,0.27099333604639203,2628.019819866761,128.5107707482942,22.055423626601993,2549.6148797730807,89.86950734775762,59.80739388489453,0.0,8.009952556622103,1,1188,0.0
785,356.86500000000007,0.2711485058119739,2627.1758502942657,128.4707453183289,22.055423626601993,2549.6148797730807,89.86949747486062,59.79779121691195,0.0,8.010035655807958,1,1188,0.0
786,356.87000000000006,0.27130370961262806,2626.3322799431926,128.43073845557512,22.055423626601993,2549.6148797730807,89.86948760196363,59.788191549372804,0.0,8.010118741646348,1,1188,0.0
787,356.87500000000006,0.27145894739344106,2625.489108564516,128.390750148598,22.055423626601993,2549.6148797730807,89.86947772906663,59.77859488088887,0.0,8.010201814141444,1,1188,0.0
788,356.88000000000005,0.2716142190995563,2624.6463359093977,128.3507803860408,22.055423626601993,2549.6148797730807,89.86946785616965,59.76900121007277,0.0,8.010284873297417,1,1188,0.0
789,356.88500000000005,0.27176952467617804,2623.8039617291997,128.31082915647727,22.055423626601993,2549.6148797730807,89.86945798327265,59.759410535538024,0.0,8.010367919118433,1,1188,0.0
790,356.89000000000004,0.27192486406856536,2622.9619857754715,128.27089644847027,22.055423626601993,2549.6148797730807,89.86944811037566,59.74982285589897,0.0,8.010450951608663,1,1188,0.0
791,356.89500000000004,0.272080237222038,2622.1204077999582,128.2309822506964,22.055423626601993,2549.6148797730807,89.86943823747866,59.7402381697708,0.0,8.010533970772268,1,1188,0.0
792,356.90000000000003,0.2722356440819706,2621.2792275545935,128.19108655176365,22.055423626601993,2549.6148797730807,89.86942836458167,59.73065647576955,0.0,8.010616976613411,1,1188,0.0
793,356.90500000000003,0.2723910845937983,2620.4384447915063,128.1512093403442,22.055423626601993,2549.6148797730807,89.86941849168467,59.721077772512125,0.0,8.010699969136251,1,1188,0.0
794,356.9100000000001,0.2725465587030124,2619.5980592630153,128.1113506050219,22.055423626601993,2549.6148797730807,89.86940861878769,59.71150205861626,0.0,8.01078294834495,1,1188,0.0
795,356.9150000000001,0.2727020663551619,2618.7580707216334,128.07151033448437,22.055423626601993,2549.6148797730807,89.86939874589068,59.70192933270056,0.0,8.010865914243663,1,1188,0.0
796,356.9200000000001,0.2728576074958554,2617.9184789200635,128.03168851736697,22.055423626601993,2549.6148797730807,89.8693888729937,59.69235959338444,0.0,8.010948866836543,1,1188,0.0
797,356.92500000000007,0.2730131820707559,2617.0792836111978,127.99188514240173,22.055423626601993,2549.6148797730807,89.8693790000967,59.6827928392882,0.0,8.011031806127745,1,1188,0.0
798,356.93000000000006,0.27316879002558636,2616.2404845481237,127.9521001981875,22.055423626601993,2549.6148797730807,89.8693691271997,59.67322906903296,0.0,8.01111473212142,1,1188,0.0
799,356.93500000000006,0.2733244313061255,2615.402081484117,127.91233367347226,22.055423626601993,2549.6148797730807,89.86935925430271,59.66366828124071,0.0,8.011197644821717,1,1188,0.0
800,356.94000000000005,0.2734801058582106,2614.5640741726447,127.87258555691612,22.055423626601993,2549.6148797730807,89.86934938140571,59.65411047453426,0.0,8.011280544232783,1,1188,0.0
801,356.94500000000005,0.2736358136277348,2613.726462367366,127.83285583727628,22.055423626601993,2549.6148797730807,89.86933950850873,59.644555647537274,0.0,8.011363430358761,1,1188,0.0
802,356.95000000000005,0.27379155456065063,2612.8892458221276,127.79314450321945,22.055423626601993,2549.6148797730807,89.86932963561173,59.635003798874266,0.0,8.011446303203797,1,1188,0.0
803,356.95500000000004,0.2739473286029652,2612.052424290969,127.75345154346108,22.055423626601993,2549.6148797730807,89.86931976271474,59.62545492717058,0.0,8.011529162772032,1,1188,0.0
804,356.96000000000004,0.2741031357007451,2611.2159975281193,127.71377694678912,22.055423626601993,2549.6148797730807,89.86930988981774,59.61590903105241,0.0,8.011612009067605,1,1188,0.0
805,356.96500000000003,0.2742589758001124,2610.3799652879966,127.67412070190102,22.055423626601993,2549.6148797730807,89.86930001692075,59.6063661091468,0.0,8.011694842094652,1,1188,0.0
806,356.97,0.2744148488472461,2609.5443273252095,127.63448279751955,22.055423626601993,2549.6148797730807,89.86929014402375,59.59682616008161,0.0,8.011777661857312,1,1188,0.0
807,356.9750000000001,0.2745707547883829,2608.7090833945567,127.59486322245536,22.055423626601993,2549.6148797730807,89.86928027112675,59.587289182485556,0.0,8.011860468359716,1,1188,0.0
808,356.9800000000001,0.2747266935698167,2607.874233251025,127.55526196543111,22.055423626601993,2549.6148797730807,89.86927039822976,59.577755174988205,0.0,8.011943261605996,1,1188,0.0
809,356.98500000000007,0.2748826651378967,2607.0397766497917,127.51567901522442,22.055423626601993,2549.6148797730807,89.86926052533278,59.56822413621994,0.0,8.012026041600283,1,1188,0.0
810,356.99000000000007,0.27503866943902966,2606.2057133462213,127.47611436069504,22.055423626601993,2549.6148797730807,89.86925065243577,59.558696064812,0.0,8.012108808346703,1,1188,0.0
811,356.99500000000006,0.27519470641967975,2605.3720430958706,127.43656799056313,22.055423626601993,2549.6148797730807,89.86924077953879,59.54917095939645,0.0,8.012191561849384,1,1188,0.0
812,357.00000000000006,0.2753507760263661,2604.538765654482,127.39703989360711,22.055423626601993,2549.6148797730807,89.86923090664179,59.539648818606196,0.0,8.01227430211245,1,1188,0.0
813,357.00500000000005,0.2755068782056658,2603.705880777987,127.35753005868327,22.055423626601993,2549.6148797730807,89.8692210337448,59.53012964107498,0.0,8.012357029140023,1,1188,0.0
814,357.01000000000005,0.27566301290421097,2602.8733882225074,127.31803847461184,22.055423626601993,2549.6148797730807,89.8692111608478,59.520613425437375,0.0,8.012439742936223,1,1188,0.0
815,357.01500000000004,0.275819180068693,2602.0412877443496,127.27856513019621,22.055423626601993,2549.6148797730807,89.8692012879508,59.51110017032882,0.0,8.012522443505171,1,1188,0.0
816,357.02000000000004,0.2759753796458558,2601.2095791000115,127.2391100142498,22.055423626601993,2549.6148797730807,89.86919141505382,59.50158987438553,0.0,8.012605130850979,1,1188,0.0
817,357.02500000000003,0.27613161158250193,2600.378262046178,127.19967311566836,22.055423626601993,2549.6148797730807,89.86918154215682,59.4920825362446,0.0,8.012687804977766,1,1188,0.0
818,357.03000000000003,0.27628787582548936,2599.5473363397195,127.16025442323917,22.055423626601993,2549.6148797730807,89.86917166925983,59.48257815454395,0.0,8.012770465889641,1,1188,0.0
819,357.0350000000001,0.276444172321734,2598.716801737697,127.12085392591213,22.055423626601993,2549.6148797730807,89.86916179636283,59.473076727922326,0.0,8.012853113590719,1,1188,0.0
820,357.0400000000001,0.2766005010182045,2597.8866579973574,127.08147161246399,22.055423626601993,2549.6148797730807,89.86915192346584,59.46357825501931,0.0,8.012935748085104,1,1188,0.0
821,357.0450000000001,0.2767568618619286,2597.0569048761345,127.04210747183622,22.055423626601993,2549.6148797730807,89.86914205056884,59.45408273447529,0.0,8.013018369376908,1,1188,0.0
822,357.05000000000007,0.2769132547999893,2596.2275421316485,127.00276149284194,22.055423626601993,2549.6148797730807,89.86913217767184,59.44459016493154,0.0,8.013100977470234,1,1188,0.0
823,357.05500000000006,0.27706967977952357,2595.398569521709,126.96343366444592,22.055423626601993,2549.6148797730807,89.86912230477485,59.43510054503011,0.0,8.013183572369185,1,1188,0.0
824,357.06000000000006,0.277226136747727,2594.5699868043084,126.92412397551196,22.055423626601993,2549.6148797730807,89.86911243187787,59.42561387341391,0.0,8.013266154077863,1,1188,0.0
825,357.06500000000005,0.2773826256518501,2593.741793737629,126.88483241498184,22.055423626601993,2549.6148797730807,89.86910255898086,59.41613014872665,0.0,8.013348722600368,1,1188,0.0
826,357.07000000000005,0.2775391464391978,2592.913990080038,126.8455589717441,22.055423626601993,2549.6148797730807,89.86909268608387,59.40664936961292,0.0,8.013431277940796,1,1188,0.0
827,357.07500000000005,0.2776956990571324,2592.0865755900886,126.80630363474454,22.055423626601993,2549.6148797730807,89.86908281318688,59.39717153471808,0.0,8.013513820103245,1,1188,0.0
828,357.08000000000004,0.27785228345307056,2591.259550026521,126.76706639290221,22.055423626601993,2549.6148797730807,89.86907294028988,59.38769664268836,0.0,8.013596349091808,1,1188,0.0
829,357.08500000000004,0.27800889957448555,2590.4329131482586,126.72784723517978,22.055423626601993,2549.6148797730807,89.86906306739289,59.378224692170775,0.0,8.013678864910576,1,1188,0.0
830,357.09000000000003,0.2781655473689051,2589.6066647144144,126.6886461504981,22.055423626601993,2549.6148797730807,89.86905319449589,59.368755681813205,0.0,8.01376136756364,1,1188,0.0
831,357.095,0.2783222267839141,2588.780804484282,126.64946312786873,22.055423626601993,2549.6148797730807,89.86904332159891,59.35928961026433,0.0,8.01384385705509,1,1188,0.0
832,357.1000000000001,0.27847893776714977,2587.9553322173438,126.6102981562063,22.055423626601993,2549.6148797730807,89.86903344870191,59.34982647617367,0.0,8.013926333389009,1,1188,0.0
833,357.1050000000001,0.2786356802663091,2587.130247673268,126.57115122453628,22.055423626601993,2549.6148797730807,89.86902357580492,59.34036627819155,0.0,8.014008796569483,1,1188,0.0
834,357.11000000000007,0.2787924542291397,2586.3055506119044,126.53202232181614,22.055423626601993,2549.6148797730807,89.86901370290792,59.33090901496916,0.0,8.014091246600595,1,1188,0.0
835,357.11500000000007,0.27894925960344724,2585.48124079329,126.49291143704345,22.055423626601993,2549.6148797730807,89.86900383001093,59.321454685158436,0.0,8.014173683486426,1,1188,0.0
836,357.12000000000006,0.2791060963370918,2584.6573179776447,126.45381855922058,22.055423626601993,2549.6148797730807,89.86899395711393,59.31200328741221,0.0,8.014256107231054,1,1188,0.0
837,357.12500000000006,0.2792629643779881,2583.8337819253743,126.41474367737024,22.055423626601993,2549.6148797730807,89.86898408421695,59.3025548203841,0.0,8.014338517838555,1,1188,0.0
838,357.13000000000005,0.2794198636741068,2583.010632397068,126.37568678051424,22.055423626601993,2549.6148797730807,89.86897421131994,59.293109282728565,0.0,8.014420915313007,1,1188,0.0
839,357.13500000000005,0.2795767941734734,2582.1878691535007,126.33664785768124,22.055423626601993,2549.6148797730807,89.86896433842296,59.28366667310085,0.0,8.014503299658482,1,1188,0.0
840,357.14000000000004,0.2797337558241664,2581.365491955629,126.29762689785515,22.055423626601993,2549.6148797730807,89.86895446552595,59.27422699015706,0.0,8.01458567087905,1,1188,0.0
841,357.14500000000004,0.2798907485743219,2580.5435005645945,126.25862389014843,22.055423626601993,2549.6148797730807,89.86894459262896,59.264790232554084,0.0,8.014668028978782,1,1188,0.0
842,357.15000000000003,0.2800477723721289,2579.721894741721,126.2196388236087,22.055423626601993,2549.6148797730807,89.86893471973197,59.255356398949644,0.0,8.014750373961745,1,1188,0.0
843,357.15500000000003,0.28020482716583206,2578.900674248518,126.18067168722936,22.055423626601993,2549.6148797730807,89.86892484683497,59.24592548800228,0.0,8.014832705832006,1,1188,0.0
844,357.1600000000001,0.2803619129037306,2578.0798388466756,126.14172247017436,22.055423626601993,2549.6148797730807,89.86891497393799,59.23649749837136,0.0,8.014915024593627,1,1188,0.0
845,357.1650000000001,0.28051902953417823,2577.2593882980696,126.10279116147237,22.055423626601993,2549.6148797730807,89.86890510104098,59.22707242871704,0.0,8.01499733025067,1,1188,0.0
846,357.1700000000001,0.28067617700558284,2576.439322364757,126.06387775018018,22.055423626601993,2549.6148797730807,89.868895228144,59.217650277700315,0.0,8.015079622807198,1,1188,0.0
847,357.17500000000007,0.28083335526640696,2575.6196408089786,126.02498222547558,22.055423626601993,2549.6148797730807,89.868885355247,59.20823104398298,0.0,8.015161902267266,1,1188,0.0
848,357.18000000000006,0.28099056426516733,2574.8003433931553,125.98610457637504,22.055423626601993,2549.6148797730807,89.86887548235,59.19881472622767,0.0,8.015244168634933,1,1188,0.0
849,357.18500000000006,0.2811478039504358,2573.9814298798938,125.9472447920252,22.055423626601993,2549.6148797730807,89.86886560945301,59.1894013230978,0.0,8.015326421914251,1,1188,0.0
850,357.19000000000005,0.28130507427083823,2573.162900031981,125.90840286154953,22.055423626601993,2549.6148797730807,89.86885573655601,59.17999083325762,0.0,8.015408662109275,1,1188,0.0
851,357.19500000000005,0.2814623751750551,2572.3447536123867,125.86957877407676,22.055423626601993,2549.6148797730807,89.86884586365902,59.170583255372186,0.0,8.015490889224056,1,1188,0.0
852,357.20000000000005,0.28161970661182,2571.526990384262,125.83077251875146,22.055423626601993,2549.6148797730807,89.86883599076204,59.16117858810736,0.0,8.015573103262641,1,1188,0.0
853,357.20500000000004,0.2817770685299206,2570.7096101109396,125.79198408470212,22.055423626601993,2549.6148797730807,89.86882611786503,59.15177683012984,0.0,8.015655304229078,1,1188,0.0
854,357.21000000000004,0.2819344608782007,2569.8926125559346,125.75321346104971,22.055423626601993,2549.6148797730807,89.86881624496804,59.1423779801071,0.0,8.015737492127414,1,1188,0.0
855,357.21500000000003,0.2820918836055564,2569.0759974829434,125.71446063702092,22.055423626601993,2549.6148797730807,89.86880637207105,59.13298203670743,0.0,8.01581966696169,1,1188,0.0
856,357.22,0.28224933666093704,2568.2597646558415,125.67572560173244,22.055423626601993,2549.6148797730807,89.86879649917405,59.12358899859997,0.0,8.015901828735949,1,1188,0.0
857,357.2250000000001,0.2824068199933483,2567.443913838689,125.63700834438453,22.055423626601993,2549.6148797730807,89.86878662627706,59.114198864454615,0.0,8.01598397745423,1,1188,0.0
858,357.2300000000001,0.2825643335518473,2566.6284447957246,125.59830885418413,22.055423626601993,2549.6148797730807,89.86877675338006,59.1048116329421,0.0,8.016066113120571,1,1188,0.0
859,357.23500000000007,0.2827218772855463,2565.8133572913684,125.55962712027272,22.055423626601993,2549.6148797730807,89.86876688048308,59.09542730273397,0.0,8.01614823573901,1,1188,0.0
860,357.24000000000007,0.2828794511436106,2564.9986510902204,125.52096313187852,22.055423626601993,2549.6148797730807,89.86875700758607,59.086045872502545,0.0,8.016230345313577,1,1188,0.0
861,357.24500000000006,0.2830370550752599,2564.184325957062,125.4823168782292,22.055423626601993,2549.6148797730807,89.86874713468909,59.076667340920984,0.0,8.016312441848308,1,1188,0.0
862,357.25000000000006,0.2831946890297674,2563.370381656853,125.44368834852764,22.055423626601993,2549.6148797730807,89.86873726179209,59.06729170666324,0.0,8.016394525347232,1,1188,0.0
863,357.25500000000005,0.28335235295645944,2562.5568179547367,125.40507753196705,22.055423626601993,2549.6148797730807,89.8687273888951,59.057918968404074,0.0,8.016476595814378,1,1188,0.0
864,357.26000000000005,0.28351004680471487,2561.7436346160334,125.36648441781364,22.055423626601993,2549.6148797730807,89.8687175159981,59.04854912481905,0.0,8.016558653253774,1,1188,0.0
865,357.26500000000004,0.28366777052396824,2560.9308314062446,125.32790899531301,22.055423626601993,2549.6148797730807,89.8687076431011,59.039182174584525,0.0,8.016640697669445,1,1188,0.0
866,357.27000000000004,0.28382552406370626,2560.1184080910484,125.28935125373224,22.055423626601993,2549.6148797730807,89.86869777020411,59.029818116377676,0.0,8.01672272906541,1,1188,0.0
867,357.27500000000003,0.2839833073734682,2559.3063644363074,125.25081118229217,22.055423626601993,2549.6148797730807,89.86868789730713,59.02045694887648,0.0,8.016804747445695,1,1188,0.0
868,357.28000000000003,0.28414112040284817,2558.494700208059,125.21228877026327,22.055423626601993,2549.6148797730807,89.86867802441012,59.01109867075971,0.0,8.016886752814317,1,1188,0.0
869,357.2850000000001,0.28429896310149294,2557.6834151725216,125.17378400695279,22.055423626601993,2549.6148797730807,89.86866815151313,59.00174328070694,0.0,8.016968745175294,1,1188,0.0
870,357.2900000000001,0.2844568354191008,2556.8725090960925,125.13529688161834,22.055423626601993,2549.6148797730807,89.86865827861614,58.992390777398555,0.0,8.017050724532643,1,1188,0.0
871,357.2950000000001,0.2846147373054258,2556.0619817453485,125.0968273835487,22.055423626601993,2549.6148797730807,89.86864840571914,58.98304115951572,0.0,8.017132690890378,1,1188,0.0
872,357.30000000000007,0.28477266871027374,2555.251832887043,125.05837550205499,22.055423626601993,2549.6148797730807,89.86863853282216,58.973694425740426,0.0,8.01721464425251,1,1188,0.0
873,357.30500000000006,0.284930629583503,2554.4420622881084,125.01994122642839,22.055423626601993,2549.6148797730807,89.86862865992515,58.96435057475544,0.0,8.017296584623049,1,1188,0.0
874,357.31000000000006,0.285088619875025,2553.6326697156574,124.98152454601677,22.055423626601993,2549.6148797730807,89.86861878702817,58.95500960524434,0.0,8.017378512006003,1,1188,0.0
875,357.31500000000005,0.2852466395348048,2552.8236549369776,124.9431254501228,22.055423626601993,2549.6148797730807,89.86860891413116,58.94567151589151,0.0,8.017460426405382,1,1188,0.0
876,357.32000000000005,0.28540468851285977,2552.015017719538,124.90474392806196,22.055423626601993,2549.6148797730807,89.86859904123418,58.936336305382106,0.0,8.017542327825186,1,1188,0.0
877,357.32500000000005,0.2855627667592597,2551.2067578309825,124.86637996920369,22.055423626601993,2549.6148797730807,89.86858916833718,58.9270039724021,0.0,8.017624216269423,1,1188,0.0
878,357.33000000000004,0.28572087422412706,2550.398875039133,124.82803356288707,22.055423626601993,2549.6148797730807,89.86857929544018,58.917674515638254,0.0,8.01770609174209,1,1188,0.0
879,357.33500000000004,0.2858790108576386,2549.591369111991,124.78970469845652,22.055423626601993,2549.6148797730807,89.86856942254319,58.90834778729401,0.0,8.017787954247186,1,1188,0.0
880,357.34000000000003,0.2860371790947979,2548.7842271418926,124.75139276357805,22.055423626601993,2549.6148797730807,89.86855954964619,58.899019372379264,0.0,8.017869803788628,1,1188,0.0
881,357.345,0.28619545379460226,2547.9770670309135,124.71307962168723,22.055423626601993,2549.6148797730807,89.8685496767492,58.88970421999627,0.0,8.017951640368041,1,1188,0.0
882,357.3500000000001,0.2863535811715957,2547.17118204278,124.67482666026969,22.055423626601993,2549.6148797730807,89.86853980385222,58.880379874771336,0.0,8.018033464003485,1,1188,0.0
883,357.3550000000001,0.28651194236124616,2546.3646294044115,124.63654166195674,22.055423626601993,2549.6148797730807,89.8685299309552,58.87104631379061,0.0,8.018115274660595,1,1188,0.0
884,357.36000000000007,0.28667053798310876,2545.557407511982,124.59822454964488,22.055423626601993,2549.6148797730807,89.86852005805822,58.86170357190549,0.0,8.018197072386362,1,1188,0.0
885,357.36500000000007,0.2868293676754621,2544.749519757994,124.55987548335833,22.055423626601993,2549.6148797730807,89.86851018516123,58.852351641569264,0.0,8.01827885716807,1,1188,0.0
886,357.37000000000006,0.28698843179695954,2543.9409658680183,124.521494449117,22.055423626601993,2549.6148797730807,89.86850031226423,58.84299051514739,0.0,8.01836062899287,1,1188,0.0
887,357.37500000000006,0.28714773070822996,2543.1317455608246,124.48308143261607,22.055423626601993,2549.6148797730807,89.86849043936725,58.83362018508238,0.0,8.018442387848017,1,1188,0.0
888,357.38000000000005,0.28730726476907154,2542.3218585626314,124.44463641982384,22.055423626601993,2549.6148797730807,89.86848056647024,58.824240643813795,0.0,8.018524133720753,1,1188,0.0
889,357.38500000000005,0.28746703433981274,2541.511304600192,124.40615939686028,22.055423626601993,2549.6148797730807,89.86847069357326,58.814851883778,0.0,8.018605866598312,1,1188,0.0
890,357.39000000000004,0.2876270397813209,2540.700083400776,124.36765034974833,22.055423626601993,2549.6148797730807,89.86846082067626,58.80545389740831,0.0,8.018687586467916,1,1188,0.0
891,357.39500000000004,0.28778728145499455,2539.88819469218,124.32910926458322,22.055423626601993,2549.6148797730807,89.86845094777927,58.79604667713504,0.0,8.018769293316776,1,1188,0.0
892,357.40000000000003,0.2879477597227673,2539.0756382027334,124.29053612748463,22.055423626601993,2549.6148797730807,89.86844107488227,58.78663021538544,0.0,8.018850987132096,1,1188,0.0
893,357.40500000000003,0.2881084749471092,2538.2624136612944,124.25193092459294,22.055423626601993,2549.6148797730807,89.86843120198527,58.77720450458378,0.0,8.018932667901064,1,1188,0.0
894,357.4100000000001,0.2882694274910256,2537.4485207972602,124.21329364210322,22.055423626601993,2549.6148797730807,89.86842132908828,58.767769537151274,0.0,8.019014335610862,1,1188,0.0
895,357.4150000000001,0.288430617718059,2536.6339593405623,124.17462426616635,22.055423626601993,2549.6148797730807,89.86841145619128,58.75832530550616,0.0,8.019095990248658,1,1188,0.0
896,357.4200000000001,0.2885920459922875,2535.818729021669,124.13592278300564,22.055423626601993,2549.6148797730807,89.86840158329429,58.748871802063654,0.0,8.019177631801615,1,1188,0.0
897,357.42500000000007,0.2887537126783291,2535.0028295715892,124.09718917885162,22.055423626601993,2549.6148797730807,89.8683917103973,58.73940901923599,0.0,8.019259260256877,1,1188,0.0
898,357.43000000000006,0.28891561814133937,2534.186260721875,124.05842343996476,22.055423626601993,2549.6148797730807,89.8683818375003,58.72993694943242,0.0,8.019340875601587,1,1188,0.0
899,357.43500000000006,0.28907776274701374,2533.369022204618,124.01962555263806,22.055423626601993,2549.6148797730807,89.86837196460331,58.72045558505918,0.0,8.01942247782287,1,1188,0.0
900,357.44000000000005,0.2892401468615864,2532.551113752458,123.9807955031603,22.055423626601993,2549.6148797730807,89.86836209170632,58.710964918519565,0.0,8.019504066907844,1,1188,0.0
901,357.44500000000005,0.2894027708518329,2531.7325350985816,123.94193327788139,22.055423626601993,2549.6148797730807,89.86835221880932,58.70146494221389,0.0,8.019585642843616,1,1188,0.0
902,357.45000000000005,0.28956563508506944,2530.913285976722,123.9030388631312,22.055423626601993,2549.6148797730807,89.86834234591234,58.6919556485395,0.0,8.019667205617282,1,1188,0.0
903,357.45500000000004,0.2897287399291547,2530.093366121165,123.86411224533464,22.055423626601993,2549.6148797730807,89.86833247301533,58.68243702989078,0.0,8.019748755215925,1,1188,0.0
904,357.46000000000004,0.28989208575248926,2529.272775266747,123.82515341082852,22.055423626601993,2549.6148797730807,89.86832260011835,58.67290907865918,0.0,8.019830291626626,1,1188,0.0
905,357.46500000000003,0.29005567292401774,2528.4515131488592,123.78616234610286,22.055423626601993,2549.6148797730807,89.86831272722135,58.66337178723318,0.0,8.019911814836444,1,1188,0.0
906,357.47,0.29021950181322576,2527.6295795034493,123.74713903758492,22.055423626601993,2549.6148797730807,89.86830285432436,58.65382514799836,0.0,8.019993324832434,1,1188,0.0
907,357.4750000000001,0.2903835727901478,2526.8069740670207,123.70808347173998,22.055423626601993,2549.6148797730807,89.86829298142736,58.644269153337326,0.0,8.020074821601643,1,1188,0.0
908,357.4800000000001,0.2905478862253592,2525.9836965766385,123.66899563507731,22.055423626601993,2549.6148797730807,89.86828310853036,58.6347037956298,0.0,8.0201563051311,1,1188,0.0
909,357.48500000000007,0.2907124424899833,2525.159746769928,123.62987551412556,22.055423626601993,2549.6148797730807,89.86827323563337,58.625129067252544,0.0,8.020237775407827,1,1188,0.0
910,357.49000000000007,0.2908772419556894,2524.335124385077,123.59072309547625,22.055423626601993,2549.6148797730807,89.86826336273637,58.615544960579435,0.0,8.020319232418839,1,1188,0.0
911,357.49500000000006,0.2910422849946934,2523.5098291608397,123.5515383656462,22.055423626601993,2549.6148797730807,89.86825348983938,58.60595146798145,0.0,8.020400676151132,1,1188,0.0
912,357.50000000000006,0.2912075719797591,2522.6838608365356,123.51232131124523,22.055423626601993,2549.6148797730807,89.8682436169424,58.59634858182663,0.0,8.0204821065917,1,1188,0.0
913,357.50500000000005,0.29137310328419874,2521.857219152053,123.47307191890602,22.055423626601993,2549.6148797730807,89.86823374404538,58.58673629448018,0.0,8.020563523727525,1,1188,0.0
914,357.51000000000005,0.29153887928187305,2521.029903847852,123.43379017531743,22.055423626601993,2549.6148797730807,89.8682238711484,58.57711459830437,0.0,8.020644927545572,1,1188,0.0
915,357.51500000000004,0.2917049003471935,2520.2019146649623,123.39447606711074,22.055423626601993,2549.6148797730807,89.8682139982514,58.567483485658606,0.0,8.020726318032802,1,1188,0.0
916,357.52000000000004,0.29187116685512043,2519.37325134499,123.35512958102234,22.055423626601993,2549.6148797730807,89.86820412535441,58.55784294889944,0.0,8.020807695176162,1,1188,0.0
917,357.52500000000003,0.2920376791811663,2518.543913630116,123.31575070374066,22.055423626601993,2549.6148797730807,89.86819425245743,58.548192980380534,0.0,8.020889058962588,1,1188,0.0
918,357.53000000000003,0.29220443770139426,2517.713901263099,123.27633942203458,22.055423626601993,2549.6148797730807,89.86818437956042,58.5385335724527,0.0,8.02097040937901,1,1188,0.0
919,357.5350000000001,0.2923714427924194,2516.883213987278,123.23689572270575,22.055423626601993,2549.6148797730807,89.86817450666344,58.528864717463904,0.0,8.021051746412345,1,1188,0.0
920,357.5400000000001,0.2925386948314111,2516.0518515465715,123.19741959252315,22.055423626601993,2549.6148797730807,89.86816463376644,58.519186407759264,0.0,8.021133070049494,1,1188,0.0
921,357.5450000000001,0.29270619419609173,2515.219813685484,123.15791101834417,22.055423626601993,2549.6148797730807,89.86815476086944,58.50949863568105,0.0,8.021214380277357,1,1188,0.0
922,357.55000000000007,0.29287394126473737,2514.3871001491007,123.1183699870066,22.055423626601993,2549.6148797730807,89.86814488797245,58.4998013935687,0.0,8.021295677082815,1,1188,0.0
923,357.55500000000006,0.293041936416179,2513.5537106831,123.07879648538723,22.055423626601993,2549.6148797730807,89.86813501507545,58.49009467375885,0.0,8.021376960452741,1,1188,0.0
924,357.56000000000006,0.2932101800298026,2512.7196450337424,123.03919050043919,22.055423626601993,2549.6148797730807,89.86812514217846,58.48037846858528,0.0,8.021458230374003,1,1188,0.0
925,357.56500000000005,0.2933786724855519,2511.8849029478833,122.99955201904092,22.055423626601993,2549.6148797730807,89.86811526928147,58.47065277037899,0.0,8.021539486833449,1,1188,0.0
926,357.57000000000005,0.2935474141639267,2511.0494841729696,122.9598810282045,22.055423626601993,2549.6148797730807,89.86810539638446,58.46091757146817,0.0,8.021620729817922,1,1188,0.0
927,357.57500000000005,0.29371640544598315,2510.213388457043,122.92017751485773,22.055423626601993,2549.6148797730807,89.86809552348748,58.451172864178204,0.0,8.021701959314253,1,1188,0.0
928,357.58000000000004,0.2938856467133371,2509.376615548738,122.88044146604929,22.055423626601993,2549.6148797730807,89.86808565059047,58.441418640831685,0.0,8.021783175309265,1,1188,0.0
929,357.58500000000004,0.2940551383481629,2508.539165197293,122.84067286882667,22.055423626601993,2549.6148797730807,89.86807577769349,58.43165489374842,0.0,8.021864377789765,1,1188,0.0
930,357.59000000000003,0.294224880733193,2507.701037152542,122.80087171023395,22.055423626601993,2549.6148797730807,89.8680659047965,58.42188161524546,0.0,8.021945566742554,1,1188,0.0
931,357.595,0.29439487425172073,2506.8622311649215,122.76103797739495,22.055423626601993,2549.6148797730807,89.8680560318995,58.41209879763705,0.0,8.022026742154418,1,1188,0.0
932,357.6000000000001,0.2945651192876011,2506.022746985472,122.72117165737936,22.055423626601993,2549.6148797730807,89.86804615900252,58.40230643323471,0.0,8.022107904012138,1,1188,0.0
933,357.6050000000001,0.2947356162252487,2505.1825843658407,122.68127273736953,22.055423626601993,2549.6148797730807,89.86803628610551,58.39250451434718,0.0,8.022189052302481,1,1188,0.0
934,357.61000000000007,0.2949063654496428,2504.3417430582813,122.64134120454027,22.055423626601993,2549.6148797730807,89.86802641320853,58.382693033280454,0.0,8.022270187012202,1,1188,0.0
935,357.61500000000007,0.29507736734632173,2503.500222815656,122.60137704607246,22.055423626601993,2549.6148797730807,89.86801654031153,58.37287198233779,0.0,8.022351308128046,1,1188,0.0
936,357.62000000000006,0.2952486223013902,2502.6580233914387,122.5613802491927,22.055423626601993,2549.6148797730807,89.86800666741453,58.36304135381972,0.0,8.022432415636752,1,1188,0.0
937,357.62500000000006,0.2954201307015154,2501.815144539717,122.52135080117499,22.055423626601993,2549.6148797730807,89.86799679451754,58.353201140024005,0.0,8.02251350952504,1,1188,0.0
938,357.63000000000005,0.2955918929339303,2500.971586015193,122.48128868926975,22.055423626601993,2549.6148797730807,89.86798692162054,58.34335133324575,0.0,8.022594589779628,1,1188,0.0
939,357.63500000000005,0.2957639093864321,2500.127347573185,122.44119390083299,22.055423626601993,2549.6148797730807,89.86797704872355,58.33349192577731,0.0,8.022675656387216,1,1188,0.0
940,357.64000000000004,0.29593618044738423,2499.2824289696314,122.40106642315224,22.055423626601993,2549.6148797730807,89.86796717582656,58.32362290990833,0.0,8.022756709334498,1,1188,0.0
941,357.64500000000004,0.2961087065057168,2498.4368299610924,122.3609062436502,22.055423626601993,2549.6148797730807,89.86795730292955,58.313744277925764,0.0,8.022837748608156,1,1188,0.0
942,357.65000000000003,0.2962814879509287,2497.590550304746,122.32071334964151,22.055423626601993,2549.6148797730807,89.86794743003257,58.303856022113884,0.0,8.02291877419486,1,1188,0.0
943,357.65500000000003,0.29645452517308357,2496.7435897583987,122.28048772861283,22.055423626601993,2549.6148797730807,89.86793755713558,58.29395813475425,0.0,8.022999786081272,1,1188,0.0
944,357.6600000000001,0.29662781856281667,2495.8959480804815,122.2402293679537,22.055423626601993,2549.6148797730807,89.86792768423858,58.28405060812578,0.0,8.023080784254038,1,1188,0.0
945,357.6650000000001,0.2968013685113308,2495.0476250300576,122.19993825518398,22.055423626601993,2549.6148797730807,89.86791781134158,58.2741334345047,0.0,8.0231617686998,1,1188,0.0
946,357.6700000000001,0.2969751754103994,2494.1986203668125,122.15961437780093,22.055423626601993,2549.6148797730807,89.86790793844459,58.26420660616457,0.0,8.023242739405188,1,1188,0.0
947,357.67500000000007,0.29714923965236656,2493.3489338510717,122.11925772330414,22.055423626601993,2549.6148797730807,89.8678980655476,58.254270115376315,0.0,8.023323696356817,1,1188,0.0
948,357.68000000000006,0.2973235616301467,2492.4985652437904,122.07886827928287,22.055423626601993,2549.6148797730807,89.8678881926506,58.24432395440819,0.0,8.023404639541292,1,1188,0.0
949,357.68500000000006,0.2974981417372271,2491.6475143065604,122.03844603329664,22.055423626601993,2549.6148797730807,89.86787831975361,58.23436811552582,0.0,8.023485568945212,1,1188,0.0
950,357.69000000000005,0.29767298036766715,2490.795780801612,121.99799097300821,22.055423626601993,2549.6148797730807,89.86786844685662,58.22440259099219,0.0,8.023566484555161,1,1188,0.0
951,357.69500000000005,0.297848077916099,2489.943364491815,121.95750308602362,22.055423626601993,2549.6148797730807,89.86785857395962,58.214427373067686,0.0,8.023647386357714,1,1188,0.0
952,357.70000000000005,0.29802343477773013,2489.0902651406827,121.91698235999165,22.055423626601993,2549.6148797730807,89.86784870106263,58.204442454010035,0.0,8.023728274339435,1,1188,0.0
953,357.70500000000004,0.29819905134834124,2488.2364825123677,121.87642878265778,22.055423626601993,2549.6148797730807,89.86783882816563,58.19444782607437,0.0,8.023809148486876,1,1188,0.0
954,357.71000000000004,0.2983749280242882,2487.38201637167,121.83584234174742,22.055423626601993,2549.6148797730807,89.86782895526864,58.18444348151323,0.0,8.023890008786582,1,1188,0.0
955,357.71500000000003,0.2985510652025041,2486.5268664840405,121.79522302499676,22.055423626601993,2549.6148797730807,89.86781908237165,58.17442941257655,0.0,8.02397085522508,1,1188,0.0
956,357.72,0.29872746328049615,2485.671032615575,121.75457082021568,22.055423626601993,2549.6148797730807,89.86780920947464,58.16440561151167,0.0,8.024051687788896,1,1188,0.0
957,357.7250000000001,0.2989041226563501,2484.814514533023,121.71388571520069,22.055423626601993,2549.6148797730807,89.86779933657766,58.15437207056336,0.0,8.024132506464536,1,1188,0.0
958,357.7300000000001,0.2990810437287296,2483.957312003786,121.67316769780084,22.055423626601993,2549.6148797730807,89.86778946368067,58.144328781973826,0.0,8.024213311238501,1,1188,0.0
959,357.73500000000007,0.29925822689687787,2483.0994247959225,121.63241675591064,22.055423626601993,2549.6148797730807,89.86777959078367,58.13427573798267,0.0,8.02429410209728,1,1188,0.0
960,357.74000000000007,0.29943567256061393,2482.2408526781464,121.59163287738426,22.055423626601993,2549.6148797730807,89.86776971788669,58.12421293082698,0.0,8.024374879027349,1,1188,0.0
961,357.74500000000006,0.29961338112033997,2481.3815954198317,121.55081605022195,22.055423626601993,2549.6148797730807,89.86775984498968,58.11414035274126,0.0,8.024455642015175,1,1188,0.0
962,357.75000000000006,0.2997913529770366,2480.521652791013,121.50996626232185,22.055423626601993,2549.6148797730807,89.8677499720927,58.10405799595749,0.0,8.024536391047217,1,1188,0.0
963,357.75500000000005,0.29996958853226596,2479.6610245623897,121.46908350170946,22.055423626601993,2549.6148797730807,89.86774009919569,58.09396585270512,0.0,8.02461712610992,1,1188,0.0
964,357.76000000000005,0.30014808818817346,2478.799710505323,121.42816775642132,22.055423626601993,2549.6148797730807,89.8677302262987,58.08386391521104,0.0,8.024697847189715,1,1188,0.0
965,357.76500000000004,0.3003268523474833,2477.9377103918437,121.38721901445926,22.055423626601993,2549.6148797730807,89.86772035340171,58.07375217569966,0.0,8.02477855427303,1,1188,0.0
966,357.77000000000004,0.30050588141350737,2477.07502399465,121.34623726395236,22.055423626601993,2549.6148797730807,89.86771048050471,58.06363062639285,0.0,8.024859247346276,1,1188,0.0
967,357.77500000000003,0.3006851757901381,2476.2116510871133,121.30522249298807,22.055423626601993,2549.6148797730807,89.86770060760772,58.05349925951,0.0,8.024939926395856,1,1188,0.0
968,357.78000000000003,0.30086473588185303,2475.347591443275,121.26417468970028,22.055423626601993,2549.6148797730807,89.86769073471072,58.04335806726797,0.0,8.025020591408161,1,1188,0.0
969,357.7850000000001,0.3010445620937144,2474.482844837853,121.22309384225723,22.055423626601993,2549.6148797730807,89.86768086181372,58.03320704188116,0.0,8.025101242369573,1,1188,0.0
970,357.7900000000001,0.30122465483137084,2473.6174110462416,121.18197993888477,22.055423626601993,2549.6148797730807,89.86767098891674,58.02304617556148,0.0,8.025181879266459,1,1188,0.0
971,357.7950000000001,0.3014050145010581,2472.7512898445148,121.14083296777422,22.055423626601993,2549.6148797730807,89.86766111601973,58.01287546051837,0.0,8.02526250208518,1,1188,0.0
972,357.80000000000007,0.3015856415095978,2471.8844810094247,121.09965291721824,22.055423626601993,2549.6148797730807,89.86765124312275,58.0026948889588,0.0,8.025343110812086,1,1188,0.0
973,357.80500000000006,0.3017665362643979,2471.01698431841,121.05843977550501,22.055423626601993,2549.6148797730807,89.86764137022575,57.99250445308727,0.0,8.02542370543351,1,1188,0.0
974,357.81000000000006,0.3019476991734572,2470.148799549591,121.01719353094757,22.055423626601993,2549.6148797730807,89.86763149732876,57.982304145105864,0.0,8.025504285935783,1,1188,0.0
975,357.81500000000005,0.30212913064536334,2469.279926481776,120.97591417188387,22.055423626601993,2549.6148797730807,89.86762162443178,57.9720939572142,0.0,8.025584852305219,1,1188,0.0
976,357.82000000000005,0.30231083108929097,2468.410364894462,120.93460168673683,22.055423626601993,2549.6148797730807,89.86761175153477,57.96187388160946,0.0,8.025665404528123,1,1188,0.0
977,357.82500000000005,0.30249280091500846,2467.540114567837,120.89325606390481,22.055423626601993,2549.6148797730807,89.86760187863779,57.951643910486425,0.0,8.025745942590788,1,1188,0.0
978,357.83000000000004,0.30267504053287225,2466.6691752827824,120.85187729177439,22.055423626601993,2549.6148797730807,89.86759200574078,57.941404036037426,0.0,8.025826466479499,1,1188,0.0
979,357.83500000000004,0.3028575503538331,2465.797546820872,120.81046535890778,22.055423626601993,2549.6148797730807,89.8675821328438,57.93115425045241,0.0,8.025906976180528,1,1188,0.0
980,357.84000000000003,0.30304033078943104,2464.9252289643764,120.76902025376133,22.055423626601993,2549.6148797730807,89.8675722599468,57.920894545918905,0.0,8.025987471680136,1,1188,0.0
981,357.845,0.3032233822518024,2464.052221496269,120.72754196487855,22.055423626601993,2549.6148797730807,89.8675623870498,57.91062491462207,0.0,8.026067952964574,1,1188,0.0
982,357.8500000000001,0.3034067051536736,2463.1785242002193,120.68603048085618,22.055423626601993,2549.6148797730807,89.8675525141528,57.90034534874465,0.0,8.026148420020084,1,1188,0.0
983,357.8550000000001,0.30359029990836806,2462.304136860602,120.64448579024973,22.055423626601993,2549.6148797730807,89.86754264125581,57.89005584046703,0.0,8.026228872832892,1,1188,0.0
984,357.86000000000007,0.3037741669298038,2461.4290592624952,120.60290788171328,22.055423626601993,2549.6148797730807,89.86753276835881,57.87975638196722,0.0,8.026309311389218,1,1188,0.0
985,357.86500000000007,0.30395830663249257,2460.553291191685,120.56129674393766,22.055423626601993,2549.6148797730807,89.86752289546183,57.86944696542088,0.0,8.02638973567527,1,1188,0.0
986,357.87000000000006,0.3041427194315446,2459.676832434665,120.51965236554813,22.055423626601993,2549.6148797730807,89.86751302256484,57.8591275830013,0.0,8.026470145677242,1,1188,0.0
987,357.87500000000006,0.3043274057426651,2458.7996827786415,120.47797473535515,22.055423626601993,2549.6148797730807,89.86750314966784,57.848798226879445,0.0,8.026550541381322,1,1188,0.0
988,357.88000000000005,0.30451236598215814,2457.921842011531,120.43626384205774,22.055423626601993,2549.6148797730807,89.86749327677084,57.83845888922393,0.0,8.026630922773686,1,1188,0.0
989,357.88500000000005,0.3046976005669259,2457.043309921968,120.39451967447354,22.055423626601993,2549.6148797730807,89.86748340387385,57.828109562201035,0.0,8.026711289840494,1,1188,0.0
990,357.89000000000004,0.3048831099144682,2456.1640862993004,120.35274222137664,22.055423626601993,2549.6148797730807,89.86747353097687,57.81775023797475,0.0,8.0267916425679,1,1188,0.0
991,357.89500000000004,0.30506889444288693,2455.284170933598,120.31093147167584,22.055423626601993,2549.6148797730807,89.86746365807986,57.80738090870673,0.0,8.026871980942051,1,1188,0.0
992,357.90000000000003,0.3052549545708805,2454.403563615649,120.26908741423765,22.055423626601993,2549.6148797730807,89.86745378518287,57.79700156655633,0.0,8.026952304949072,1,1188,0.0
993,357.90500000000003,0.30544129071775217,2453.522264136968,120.2272100380092,22.055423626601993,2549.6148797730807,89.86744391228586,57.786612203680626,0.0,8.027032614575086,1,1188,0.0
994,357.9100000000001,0.3056279033034044,2452.6402722897906,120.18529933188006,22.055423626601993,2549.6148797730807,89.86743403938888,57.776212812234384,0.0,8.027112909806204,1,1188,0.0
995,357.9150000000001,0.3058147927483417,2451.7575878670823,120.14335528485624,22.055423626601993,2549.6148797730807,89.86742416649189,57.76580338437011,0.0,8.027193190628521,1,1188,0.0
996,357.9200000000001,0.3060019594736719,2450.8742106625364,120.10137788600312,22.055423626601993,2549.6148797730807,89.86741429359489,57.75538391223802,0.0,8.02727345702813,1,1188,0.0
997,357.92500000000007,0.3061894039011066,2449.9901404705765,120.05936712431587,22.055423626601993,2549.6148797730807,89.8674044206979,57.744954387986105,0.0,8.027353708991104,1,1188,0.0
998,357.93000000000006,0.30637712645296156,2449.1053770863628,120.01732298886999,22.055423626601993,2549.6148797730807,89.8673945478009,57.73451480376008,0.0,8.027433946503509,1,1188,0.0
999,357.93500000000006,0.3065651275521567,2448.219920305787,119.97524546883015,22.055423626601993,2549.6148797730807,89.8673846749039,57.72406515170341,0.0,8.027514169551402,1,1188,0.0
1000,357.94000000000005,0.30675340762221726,2447.3337699254803,119.93313455327247,22.055423626601993,2549.6148797730807,89.86737480200692,57.71360542395735,0.0,8.027594378120826,1,1188,0.0
1001,357.94500000000005,0.3069419670872766,2446.4469257428123,119.8909902314735,22.055423626601993,2549.6148797730807,89.86736492910993,57.703135612660894,0.0,8.027674572197814,1,1188,0.0
1002,357.95000000000005,0.3071308063720718,2445.559387555894,119.84881249255012,22.055423626601993,2549.6148797730807,89.86735505621293,57.692655709950856,0.0,8.02775475176839,1,1188,0.0
1003,357.95500000000004,0.30731992590195095,2444.671155163581,119.80660132579524,22.055423626601993,2549.6148797730807,89.86734518331593,57.6821657079618,0.0,8.027834916818563,1,1188,0.0
1004,357.96000000000004,0.3075093261028664,2443.782228365472,119.76435672048038,22.055423626601993,2549.6148797730807,89.86733531041894,57.67166559882613,0.0,8.027915067334336,1,1188,0.0
1005,357.96500000000003,0.30769900740138145,2442.892606961916,119.72207866591901,22.055423626601993,2549.6148797730807,89.86732543752196,57.66115537467403,0.0,8.027995203301694,1,1188,0.0
1006,357.97,0.3078889702246694,2442.002290754011,119.67976715146072,22.055423626601993,2549.6148797730807,89.86731556462495,57.65063502763351,0.0,8.028075324706624,1,1188,0.0
1007,357.9750000000001,0.3080792150005118,2441.1112795436056,119.63742216647918,22.055423626601993,2549.6148797730807,89.86730569172796,57.640104549830404,0.0,8.028155431535085,1,1188,0.0
1008,357.9800000000001,0.3082697421573026,2440.2195731333027,119.59504370041033,22.055423626601993,2549.6148797730807,89.86729581883097,57.629563933388376,0.0,8.02823552377304,1,1188,0.0
1009,357.98500000000007,0.30846055212404555,2439.3271713264617,119.55263174265045,22.055423626601993,2549.6148797730807,89.86728594593397,57.61901317042894,0.0,8.028315601406431,1,1188,0.0
1010,357.99000000000007,0.3086516453303584,2438.434073927199,119.5101862827204,22.055423626601993,2549.6148797730807,89.86727607303698,57.60845225307147,0.0,8.028395664421195,1,1188,0.0
1011,357.99500000000006,0.30884302220646886,2437.540280740392,119.46770731012862,22.055423626601993,2549.6148797730807,89.86726620013998,57.597881173433166,0.0,8.028475712803257,1,1188,0.0
1012,358.00000000000006,0.30903468318322125,2436.645791571681,119.42519481442773,22.055423626601993,2549.6148797730807,89.86725632724298,57.58729992362913,0.0,8.028555746538528,1,1188,0.0
1013,358.00500000000005,0.3092266286920715,2435.7506062274674,119.3826487852029,22.055423626601993,2549.6148797730807,89.86724645434599,57.57670849577234,0.0,8.02863576561291,1,1188,0.0
1014,358.01000000000005,0.30941885916509104,2434.854724514923,119.34006921205557,22.055423626601993,2549.6148797730807,89.867236581449,57.56610688197364,0.0,8.028715770012294,1,1188,0.0
1015,358.01500000000004,0.30961137503496716,2433.958146241984,119.29745608467789,22.055423626601993,2549.6148797730807,89.86722670855201,57.55549507434178,0.0,8.028795759722563,1,1188,0.0
1016,358.02000000000004,0.3098041767350015,2433.060871217361,119.25480939270052,22.055423626601993,2549.6148797730807,89.86721683565501,57.54487306498343,0.0,8.028875734729585,1,1188,0.0
1017,358.02500000000003,0.30999726469911393,2432.1628992505343,119.21212912588211,22.055423626601993,2549.6148797730807,89.86720696275802,57.53424084600313,0.0,8.028955695019215,1,1188,0.0
1018,358.03000000000003,0.310190639361842,2431.264230151759,119.16941527396916,22.055423626601993,2549.6148797730807,89.86719708986102,57.5235984095034,0.0,8.029035640577307,1,1188,0.0
1019,358.0350000000001,0.3103843011583393,2430.3648637320684,119.12666782673139,22.055423626601993,2549.6148797730807,89.86718721696403,57.512945747584645,0.0,8.029115571389692,1,1188,0.0
1020,358.0400000000001,0.3105782505243793,2429.464799803275,119.08388677403512,22.055423626601993,2549.6148797730807,89.86717734406704,57.502282852345246,0.0,8.029195487442196,1,1188,0.0
1021,358.0450000000001,0.31077248789635553,2428.564038177972,119.04107210570804,22.055423626601993,2549.6148797730807,89.86716747117003,57.4916097158815,0.0,8.029275388720636,1,1188,0.0
1022,358.05000000000007,0.31096701371127883,2427.662578669533,118.99822381166005,22.055423626601993,2549.6148797730807,89.86715759827305,57.48092633028769,0.0,8.029355275210815,1,1188,0.0
1023,358.05500000000006,0.3111618284067832,2426.760421092122,118.95534188184774,22.055423626601993,2549.6148797730807,89.86714772537606,57.470232687656036,0.0,8.029435146898523,1,1188,0.0
1024,358.06000000000006,0.3113569324211232,2425.857565260685,118.91242630618478,22.055423626601993,2549.6148797730807,89.86713785247906,57.45952878007678,0.0,8.029515003769545,1,1188,0.0
1025,358.06500000000005,0.31155232619317486,2424.954010990962,118.86947707468276,22.055423626601993,2549.6148797730807,89.86712797958207,57.4488145996381,0.0,8.029594845809648,1,1188,0.0
1026,358.07000000000005,0.31174801016243603,2424.049758099481,118.82649417743353,22.055423626601993,2549.6148797730807,89.86711810668507,57.4380901384262,0.0,8.029674673004594,1,1188,0.0
1027,358.07500000000005,0.3119439847690312,2423.144806403566,118.78347760444271,22.055423626601993,2549.6148797730807,89.86710823378807,57.42735538852528,0.0,8.029754485340131,1,1188,0.0
1028,358.08000000000004,0.31214025045370314,2422.239155721336,118.74042734583963,22.055423626601993,2549.6148797730807,89.86709836089108,57.41661034201755,0.0,8.029834282801996,1,1188,0.0
1029,358.08500000000004,0.3123368076578251,2421.3328058717084,118.69734339177327,22.055423626601993,2549.6148797730807,89.8670884879941,57.40585499098325,0.0,8.029914065375918,1,1188,0.0
1030,358.09000000000003,0.3125336568233907,2420.4257566744004,118.65422573242749,22.055423626601993,2549.6148797730807,89.8670786150971,57.39508932750065,0.0,8.02999383304761,1,1188,0.0
1031,358.095,0.3127307983930227,2419.518007949932,118.6110743580103,22.055423626601993,2549.6148797730807,89.8670687422001,57.38431334364605,0.0,8.030073585802779,1,1188,0.0
1032,358.1000000000001,0.31292823280996807,2418.6095595196266,118.56788925880474,22.055423626601993,2549.6148797730807,89.86705886930311,57.373527031493815,0.0,8.030153323627115,1,1188,0.0
1033,358.1050000000001,0.3131259605181029,2417.700411205615,118.52467042503677,22.055423626601993,2549.6148797730807,89.86704899640611,57.362730383116364,0.0,8.030233046506304,1,1188,0.0
1034,358.11000000000007,0.31332398196192973,2416.7905628308354,118.48141784707033,22.055423626601993,2549.6148797730807,89.86703912350912,57.35192339058417,0.0,8.030312754426017,1,1188,0.0
1035,358.11500000000007,0.3135222975865796,2415.880014219038,118.43813151525562,22.055423626601993,2549.6148797730807,89.86702925061213,57.34110604596581,0.0,8.030392447371913,1,1188,0.0
1036,358.12000000000006,0.31372090783781353,2414.968765194787,118.3948114200125,22.055423626601993,2549.6148797730807,89.86701937771512,57.33027834132793,0.0,8.030472125329643,1,1188,0.0
1037,358.12500000000006,0.31391981316202083,2414.0568155834585,118.35145755173568,22.055423626601993,2549.6148797730807,89.86700950481814,57.31944026873529,0.0,8.030551788284846,1,1188,0.0
1038,358.13000000000005,0.31411901400622383,2413.14416521125,118.3080699009212,22.055423626601993,2549.6148797730807,89.86699963192115,57.30859182025075,0.0,8.03063143622315,1,1188,0.0
1039,358.13500000000005,0.31431851081807255,2412.230813905174,118.26464845806578,22.055423626601993,2549.6148797730807,89.86698975902415,57.29773298793527,0.0,8.03071106913017,1,1188,0.0
1040,358.14000000000004,0.31451830404585207,2411.316761493067,118.22119321370978,22.055423626601993,2549.6148797730807,89.86697988612715,57.28686376384795,0.0,8.030790686991512,1,1188,0.0
1041,358.14500000000004,0.31471839413847774,2410.402007803591,118.1777041584696,22.055423626601993,2549.6148797730807,89.86697001323016,57.27598414004603,0.0,8.030870289792771,1,1188,0.0
1042,358.15000000000003,0.31491878154549835,2409.4865526662293,118.13418128288319,22.055423626601993,2549.6148797730807,89.86696014033316,57.26509410858489,0.0,8.03094987751953,1,1188,0.0
1043,358.15500000000003,0.3151194667170967,2408.570395911299,118.09062457768276,22.055423626601993,2549.6148797730807,89.86695026743618,57.25419366151805,0.0,8.031029450157362,1,1188,0.0
1044,358.1600000000001,0.3153204501040893,2407.6535373699408,118.04703403354476,22.055423626601993,2549.6148797730807,89.86694039453918,57.24328279089722,0.0,8.031109007691828,1,1188,0.0
1045,358.1650000000001,0.31552173215792895,2406.735976874133,118.00340964116269,22.055423626601993,2549.6148797730807,89.86693052164219,57.23236148877226,0.0,8.03118855010848,1,1188,0.0
1046,358.1700000000001,0.3157233133307028,2405.817714256687,117.95975139134289,22.055423626601993,2549.6148797730807,89.8669206487452,57.221429747191216,0.0,8.031268077392856,1,1188,0.0
1047,358.17500000000007,0.31592519407513586,2404.8987493512486,117.91605927488094,22.055423626601993,2549.6148797730807,89.8669107758482,57.21048755820035,0.0,8.031347589530485,1,1188,0.0
1048,358.18000000000006,0.31612737484458775,2403.979081992308,117.87233328259194,22.055423626601993,2549.6148797730807,89.8669009029512,57.1995349138441,0.0,8.031427086506882,1,1188,0.0
1049,358.18500000000006,0.31632985609305786,2403.05871201519,117.82857340536964,22.055423626601993,2549.6148797730807,89.8668910300542,57.18857180616512,0.0,8.031506568307556,1,1188,0.0
1050,358.19000000000005,0.31653263827518285,2402.1376392560664,117.78477963417556,22.055423626601993,2549.6148797730807,89.86688115715722,57.17759822720429,0.0,8.031586034918002,1,1188,0.0
1051,358.19500000000005,0.31673572184623877,2401.215863551955,117.7409519599103,22.055423626601993,2549.6148797730807,89.86687128426021,57.16661416900074,0.0,8.031665486323702,1,1188,0.0
1052,358.20000000000005,0.3169391072621397,2400.2933847407194,117.69709037357872,22.055423626601993,2549.6148797730807,89.86686141136323,57.15561962359181,0.0,8.031744922510132,1,1188,0.0
1053,358.20500000000004,0.31714279497944314,2399.370202661073,117.65319486621293,22.055423626601993,2549.6148797730807,89.86685153846624,57.14461458301311,0.0,8.031824343462752,1,1188,0.0
1054,358.21000000000004,0.31734678545534406,2398.446317152583,117.60926542888444,22.055423626601993,2549.6148797730807,89.86684166556924,57.1335990392985,0.0,8.031903749167014,1,1188,0.0
1055,358.21500000000003,0.31755107914768127,2397.5217280556694,117.56530205273732,22.055423626601993,2549.6148797730807,89.86683179267224,57.12257298448012,0.0,8.031983139608359,1,1188,0.0
1056,358.22,0.31775567651493464,2396.596435211609,117.52130472885597,22.055423626601993,2549.6148797730807,89.86682191977525,57.1115364105884,0.0,8.032062514772212,1,1188,0.0
1057,358.2250000000001,0.3179605780162264,2395.670438462537,117.47727344846665,22.055423626601993,2549.6148797730807,89.86681204687827,57.10048930965203,0.0,8.032141874643996,1,1188,0.0
1058,358.2300000000001,0.31816578411132435,2394.7437376514495,117.43320820276077,22.055423626601993,2549.6148797730807,89.86680217398127,57.08943167369803,0.0,8.032221219209115,1,1188,0.0
1059,358.23500000000007,0.31837129526063873,2393.816332622206,117.38910898307056,22.055423626601993,2549.6148797730807,89.86679230108427,57.07836349475171,0.0,8.032300548452962,1,1188,0.0
1060,358.24000000000007,0.3185771119252241,2392.888223219531,117.34497578064446,22.055423626601993,2549.6148797730807,89.86678242818728,57.06728476483673,0.0,8.032379862360928,1,1188,0.0
1061,358.24500000000006,0.3187832345667819,2391.959409289016,117.30080858680194,22.055423626601993,2549.6148797730807,89.86677255529028,57.05619547597504,0.0,8.032459160918382,1,1188,0.0
1062,358.25000000000006,0.318989663647659,2391.029890677124,117.25660739296997,22.055423626601993,2549.6148797730807,89.86676268239329,57.04509562018696,0.0,8.032538444110688,1,1188,0.0
1063,358.25500000000005,0.319196399630848,2390.0996672311876,117.2123721905603,22.055423626601993,2549.6148797730807,89.86675280949629,57.03398518949116,0.0,8.032617711923196,1,1188,0.0
1064,358.26000000000005,0.31940344297999157,2389.168738799413,117.1681029709949,22.055423626601993,2549.6148797730807,89.8667429365993,57.02286417590465,0.0,8.03269696434125,1,1188,0.0
1065,358.26500000000004,0.31961079415937815,2388.237105230886,117.12379972579899,22.055423626601993,2549.6148797730807,89.86673306370231,57.01173257144283,0.0,8.032776201350174,1,1188,0.0
1066,358.27000000000004,0.3198184536339449,2387.304766375568,117.07946244650505,22.055423626601993,2549.6148797730807,89.8667231908053,57.000590368119475,0.0,8.03285542293529,1,1188,0.0
1067,358.27500000000003,0.32002642186927943,2386.3717220843023,117.0350911247332,22.055423626601993,2549.6148797730807,89.86671331790832,56.98943755794675,0.0,8.032934629081904,1,1188,0.0
1068,358.28000000000003,0.3202346993316178,2385.437972208815,116.99068575204156,22.055423626601993,2549.6148797730807,89.86670344501132,56.97827413293523,0.0,8.033013819775311,1,1188,0.0
1069,358.2850000000001,0.3204432864878487,2384.5035166017187,116.94624632008792,22.055423626601993,2549.6148797730807,89.86669357211433,56.96710008509389,0.0,8.033092995000798,1,1188,0.0
1070,358.2900000000001,0.32065218380550997,2383.5683551165107,116.90177282060715,22.055423626601993,2549.6148797730807,89.86668369921733,56.95591540643012,0.0,8.033172154743637,1,1188,0.0
1071,358.2950000000001,0.320861391752793,2382.6324876075796,116.8572652453088,22.055423626601993,2549.6148797730807,89.86667382632034,56.94472008894978,0.0,8.033251298989091,1,1188,0.0
1072,358.30000000000007,0.3210709107985409,2381.6959139302057,116.81272358595557,22.055423626601993,2549.6148797730807,89.86666395342336,56.93351412465712,0.0,8.033330427722413,1,1188,0.0
1073,358.30500000000006,0.32128074141225077,2380.7586339405643,116.76814783440973,22.055423626601993,2549.6148797730807,89.86665408052636,56.92229750555489,0.0,8.033409540928842,1,1188,0.0
1074,358.31000000000006,0.32149088406407167,2379.8206474957256,116.72353798250424,22.055423626601993,2549.6148797730807,89.86664420762936,56.91107022364426,0.0,8.033488638593608,1,1188,0.0
1075,358.31500000000005,0.3217013392248102,2378.881954453659,116.67889402212793,22.055423626601993,2549.6148797730807,89.86663433473237,56.89983227092491,0.0,8.033567720701928,1,1188,0.0
1076,358.32000000000005,0.3219121073659248,2377.9425546732355,116.63421594522495,22.055423626601993,2549.6148797730807,89.86662446183537,56.88858363939499,0.0,8.033646787239013,1,1188,0.0
1077,358.32500000000005,0.322123188959532,2377.002448014228,116.58950374375603,22.055423626601993,2549.6148797730807,89.86661458893838,56.877324321051134,0.0,8.033725838190055,1,1188,0.0
1078,358.33000000000004,0.3223345844784044,2376.061634337316,116.54475740981547,22.055423626601993,2549.6148797730807,89.8666047160414,56.8660543078885,0.0,8.033804873540241,1,1188,0.0
1079,358.33500000000004,0.3225462943959706,2375.120113504086,116.49997693534382,22.055423626601993,2549.6148797730807,89.86659484314438,56.85477359190075,0.0,8.033883893274744,1,1188,0.0
1080,358.34000000000003,0.32275831918631814,2374.1778853770347,116.45516231256754,22.055423626601993,2549.6148797730807,89.8665849702474,56.84348216508007,0.0,8.033962897378728,1,1188,0.0
1081,358.345,0.32297065932419167,2373.234949819569,116.4103135335308,22.055423626601993,2549.6148797730807,89.86657509735039,56.83218001941719,0.0,8.034041885837343,1,1188,0.0
1082,358.3500000000001,0.32318331528499694,2372.291306696015,116.36543059044456,22.055423626601993,2549.6148797730807,89.86656522445341,56.820867146901385,0.0,8.03412085863573,1,1188,0.0
1083,358.3550000000001,0.3233962875447964,2371.3469558716106,116.32051347559933,22.055423626601993,2549.6148797730807,89.86655535155641,56.809543539520476,0.0,8.034199815759019,1,1188,0.0
1084,358.36000000000007,0.3236095765803151,2370.4018972125127,116.27556218116223,22.055423626601993,2549.6148797730807,89.86654547865942,56.798209189260874,0.0,8.034278757192329,1,1188,0.0
1085,358.36500000000007,0.32382318286893846,2369.456130585804,116.23057669949472,22.055423626601993,2549.6148797730807,89.86653560576242,56.786864088107535,0.0,8.034357682920765,1,1188,0.0
1086,358.37000000000006,0.32403710688871395,2368.509655859486,116.1855570229351,22.055423626601993,2549.6148797730807,89.86652573286543,56.775508228044046,0.0,8.034436592929424,1,1188,0.0
1087,358.37500000000006,0.32425134911834924,2367.562472902489,116.14050314388795,22.055423626601993,2549.6148797730807,89.86651585996844,56.76414160105257,0.0,8.034515487203393,1,1188,0.0
1088,358.38000000000005,0.32446591003721675,2366.614581584669,116.09541505479274,22.055423626601993,2549.6148797730807,89.86650598707145,56.752764199113884,0.0,8.034594365727742,1,1188,0.0
1089,358.38500000000005,0.324680790125353,2365.6659817768145,116.0502927480918,22.055423626601993,2549.6148797730807,89.86649611417445,56.74137601420738,0.0,8.034673228487536,1,1188,0.0
1090,358.39000000000004,0.3248959898634561,2364.7166733506447,116.00513621629747,22.055423626601993,2549.6148797730807,89.86648624127746,56.729977038311084,0.0,8.034752075467827,1,1188,0.0
1091,358.39500000000004,0.325111509732891,2363.7666561788133,115.9599454520121,22.055423626601993,2549.6148797730807,89.86647636838046,56.71856726340168,0.0,8.034830906653655,1,1188,0.0
1092,358.40000000000003,0.32532735021568826,2362.8159301349137,115.91472044781047,22.055423626601993,2549.6148797730807,89.86646649548346,56.707146681454496,0.0,8.034909722030047,1,1188,0.0
1093,358.40500000000003,0.32554351179454183,2361.864495093477,115.8694611963342,22.055423626601993,2549.6148797730807,89.86645662258648,56.69571528444352,0.0,8.034988521582022,1,1188,0.0
1094,358.4100000000001,0.3257599949528162,2360.9123509299766,115.82416769028784,22.055423626601993,2549.6148797730807,89.86644674968947,56.68427306434142,0.0,8.03506730529459,1,1188,0.0
1095,358.4150000000001,0.32597680017454067,2359.9594975208283,115.77883992238847,22.055423626601993,2549.6148797730807,89.86643687679249,56.67282001311955,0.0,8.035146073152742,1,1188,0.0
1096,358.4200000000001,0.3261939279444121,2359.0059347433976,115.73347788539499,22.055423626601993,2549.6148797730807,89.8664270038955,56.66135612274796,0.0,8.035224825141468,1,1188,0.0
1097,358.42500000000007,0.32641137874779835,2358.0516624759944,115.68808157215923,22.055423626601993,2549.6148797730807,89.8664171309985,56.649881385195414,0.0,8.035303561245737,1,1188,0.0
1098,358.43000000000006,0.32662915307073453,2357.0966805978824,115.64265097549215,22.055423626601993,2549.6148797730807,89.8664072581015,56.63839579242939,0.0,8.035382281450513,1,1188,0.0
1099,358.43500000000006,0.32684725139992643,2356.140988989279,115.59718608832111,22.055423626601993,2549.6148797730807,89.86639738520451,56.62689933641609,0.0,8.035460985740746,1,1188,0.0
1100,358.44000000000005,0.32706567422275007,2355.184587531353,115.55168690356652,22.055423626601993,2549.6148797730807,89.86638751230753,56.61539200912047,0.0,8.03553967410138,1,1188,0.0
1101,358.44500000000005,0.3272844220272532,2354.2274761062363,115.50615341425558,22.055423626601993,2549.6148797730807,89.86637763941052,56.60387380250624,0.0,8.035618346517339,1,1188,0.0
1102,358.45000000000005,0.3275034953021542,2353.269654597017,115.4605856133789,22.055423626601993,2549.6148797730807,89.86636776651353,56.592344708535855,0.0,8.035697002973542,1,1188,0.0
1103,358.45500000000004,0.32772289453684506,2352.3111228877488,115.41498349404978,22.055423626601993,2549.6148797730807,89.86635789361654,56.58080471917056,0.0,8.035775643454897,1,1188,0.0
1104,358.46000000000004,0.32794262022139087,2351.351880863446,115.3693470493183,22.055423626601993,2549.6148797730807,89.86634802071954,56.569253826370385,0.0,8.0358542679463,1,1188,0.0
1105,358.46500000000003,0.32816267284652845,2350.391928410095,115.32367627240976,22.055423626601993,2549.6148797730807,89.86633814782255,56.55769202209414,0.0,8.035932876432634,1,1188,0.0
1106,358.47,0.3283830529036728,2349.431265414646,115.2779711565218,22.055423626601993,2549.6148797730807,89.86632827492555,56.546119298299466,0.0,8.03601146889877,1,1188,0.0
1107,358.4750000000001,0.32860376088490884,2348.4698917650257,115.23223169484707,22.055423626601993,2549.6148797730807,89.86631840202855,56.53453564694282,0.0,8.036090045329574,1,1188,0.0
1108,358.4800000000001,0.32882479728300223,2347.5078073501336,115.18645788077546,22.055423626601993,2549.6148797730807,89.86630852913157,56.52294105997947,0.0,8.036168605709896,1,1188,0.0
1109,358.48500000000007,0.3290461625913912,2346.545012059843,115.1406497075363,22.055423626601993,2549.6148797730807,89.86629865623456,56.51133552936355,0.0,8.036247150024572,1,1188,0.0
1110,358.49000000000007,0.32926785730419295,2345.5815057850086,115.09480716855829,22.055423626601993,2549.6148797730807,89.86628878333758,56.499719047048025,0.0,8.036325678258434,1,1188,0.0
1111,358.49500000000006,0.3294898819161996,2344.6172884174653,115.04893025730597,22.055423626601993,2549.6148797730807,89.86627891044058,56.48809160498473,0.0,8.036404190396299,1,1188,0.0
1112,358.50000000000006,0.32971223692288565,2343.6523598500303,115.00301896715423,22.055423626601993,2549.6148797730807,89.86626903754359,56.47645319512441,0.0,8.036482686422971,1,1188,0.0
1113,358.50500000000005,0.3299349228203995,2342.6867199765097,114.95707329171647,22.055423626601993,2549.6148797730807,89.86625916464659,56.46480380941662,0.0,8.036561166323246,1,1188,0.0
1114,358.51000000000005,0.3301579401055725,2341.720368691693,114.91109322447639,22.055423626601993,2549.6148797730807,89.8662492917496,56.45314343980991,0.0,8.036639630081908,1,1188,0.0
1115,358.51500000000004,0.33038128927591537,2340.7533058913637,114.86507875907968,22.055423626601993,2549.6148797730807,89.86623941885262,56.44147207825165,0.0,8.03671807768373,1,1188,0.0
1116,358.52000000000004,0.33060497082961765,2339.785531472295,114.81902988915175,22.055423626601993,2549.6148797730807,89.8662295459556,56.4297897166882,0.0,8.036796509113472,1,1188,0.0
1117,358.52500000000003,0.3308289852655526,2338.817045332258,114.77294660840353,22.055423626601993,2549.6148797730807,89.86621967305862,56.41809634706481,0.0,8.036874924355885,1,1188,0.0
1118,358.53000000000003,0.33105333308327384,2337.8478473700206,114.72682891055634,22.055423626601993,2549.6148797730807,89.86620980016163,56.40639196132569,0.0,8.036953323395709,1,1188,0.0
1119,358.5350000000001,0.33127801478301727,2336.8779374853484,114.6806767894026,22.055423626601993,2549.6148797730807,89.86619992726463,56.39467655141401,0.0,8.037031706217668,1,1188,0.0
1120,358.5400000000001,0.33150303086570365,2335.9073155790106,114.63449023877253,22.055423626601993,2549.6148797730807,89.86619005436764,56.3829501092719,0.0,8.037110072806483,1,1188,0.0
1121,358.5450000000001,0.3317283818329361,2334.93598155278,114.58826925252475,22.055423626601993,2549.6148797730807,89.86618018147064,56.37121262684047,0.0,8.037188423146857,1,1188,0.0
1122,358.55000000000007,0.3319540681870027,2333.9639353094376,114.54201382460332,22.055423626601993,2549.6148797730807,89.86617030857364,56.35946409605981,0.0,8.037266757223485,1,1188,0.0
1123,358.55500000000006,0.3321800904308758,2332.991176752771,114.49572394895388,22.055423626601993,2549.6148797730807,89.86616043567666,56.34770450886904,0.0,8.037345075021051,1,1188,0.0
1124,358.56000000000006,0.33240644906821565,2332.017705787583,114.44939961958714,22.055423626601993,2549.6148797730807,89.86615056277965,56.33593385720627,0.0,8.037423376524226,1,1188,0.0
1125,358.56500000000005,0.3326331446033662,2331.043522319687,114.40304083056408,22.055423626601993,2549.6148797730807,89.86614068988267,56.32415213300865,0.0,8.03750166171767,1,1188,0.0
1126,358.57000000000005,0.3328601775413589,2330.068626255913,114.35664757597586,22.055423626601993,2549.6148797730807,89.86613081698567,56.31235932821235,0.0,8.037579930586032,1,1188,0.0
1127,358.57500000000005,0.3330875483879138,2329.093017504112,114.31021984999391,22.055423626601993,2549.6148797730807,89.86612094408868,56.3005554347526,0.0,8.037658183113951,1,1188,0.0
1128,358.58000000000004,0.3333152576494385,2328.116695973152,114.26375764680428,22.055423626601993,2549.6148797730807,89.8661110711917,56.2887404445637,0.0,8.037736419286057,1,1188,0.0
1129,358.58500000000004,0.33354330583302944,2327.139661572928,114.21726096066409,22.055423626601993,2549.6148797730807,89.86610119829469,56.276914349579,0.0,8.03781463908696,1,1188,0.0
1130,358.59000000000003,0.3337716934464727,2326.1619142143586,114.17072978580862,22.055423626601993,2549.6148797730807,89.8660913253977,56.26507714173095,0.0,8.03789284250127,1,1188,0.0
1131,358.595,0.3340004209982435,2325.1834538093904,114.12416411661587,22.055423626601993,2549.6148797730807,89.86608145250071,56.253228812951086,0.0,8.037971029513578,1,1188,0.0
1132,358.6000000000001,0.3342294889975088,2324.2042802710007,114.07756394745527,22.055423626601993,2549.6148797730807,89.86607157960371,56.241369355170065,0.0,8.038049200108468,1,1188,0.0
1133,358.6050000000001,0.334458897954127,2323.2243935132005,114.03092927276103,22.055423626601993,2549.6148797730807,89.86606170670672,56.22949876031767,0.0,8.038127354270507,1,1188,0.0
1134,358.61000000000007,0.3346886483786466,2322.2437934510363,113.98426008698787,22.055423626601993,2549.6148797730807,89.86605183380972,56.217617020322784,0.0,8.03820549198426,1,1188,0.0
1135,358.61500000000007,0.3349187407823106,2321.262480000589,113.93755638467671,22.055423626601993,2549.6148797730807,89.86604196091272,56.20572412711347,0.0,8.03828361323427,1,1188,0.0
1136,358.62000000000006,0.3351491756770548,2320.2804530789845,113.89081816039814,22.055423626601993,2549.6148797730807,89.86603208801573,56.19382007261692,0.0,8.038361718005081,1,1188,0.0
1137,358.62500000000006,0.33537995357550715,2319.2977126043843,113.84404540873119,22.055423626601993,2549.6148797730807,89.86602221511873,56.181904848759515,0.0,8.038439806281215,1,1188,0.0
1138,358.63000000000005,0.3356110749909917,2318.314258496002,113.79723812437607,22.055423626601993,2549.6148797730807,89.86601234222175,56.16997844746679,0.0,8.038517878047188,1,1188,0.0
1139,358.63500000000005,0.3358425404375271,2317.330090674091,113.75039630205026,22.055423626601993,2549.6148797730807,89.86600246932474,56.1580408606635,0.0,8.038595933287503,1,1188,0.0
1140,358.64000000000004,0.3360743504298274,2316.345209059961,113.70351993646317,22.055423626601993,2549.6148797730807,89.86599259642776,56.146092080273576,0.0,8.038673971986654,1,1188,0.0
1141,358.64500000000004,0.3363065054833035,2315.3596135759694,113.65660902246205,22.055423626601993,2549.6148797730807,89.86598272353076,56.134132098220206,0.0,8.038751994129122,1,1188,0.0
1142,358.65000000000003,0.3365390061140613,2314.3733041455293,113.60966355488219,22.055423626601993,2549.6148797730807,89.86597285063377,56.12216090642576,0.0,8.038829999699377,1,1188,0.0
1143,358.65500000000003,0.33677185283890554,2313.3862806931093,113.56268352862848,22.055423626601993,2549.6148797730807,89.86596297773679,56.110178496811876,0.0,8.038907988681878,1,1188,0.0
1144,358.6600000000001,0.3370050461753402,2312.3985431442384,113.51566893862743,22.055423626601993,2549.6148797730807,89.86595310483978,56.098184861299444,0.0,8.038985961061073,1,1188,0.0
1145,358.6650000000001,0.337238586641566,2311.4100914255073,113.46861977992428,22.055423626601993,2549.6148797730807,89.8659432319428,56.086179991808606,0.0,8.039063916821398,1,1188,0.0
1146,358.6700000000001,0.33747247475648284,2310.4209254645684,113.42153604754013,22.055423626601993,2549.6148797730807,89.8659333590458,56.074163880258794,0.0,8.039141855947278,1,1188,0.0
1147,358.67500000000007,0.3377067110396928,2309.431045190143,113.37441773654939,22.055423626601993,2549.6148797730807,89.8659234861488,56.06213651856872,0.0,8.039219778423128,1,1188,0.0
1148,358.68000000000006,0.33794129601149536,2308.44045053202,113.32726484209606,22.055423626601993,2549.6148797730807,89.8659136132518,56.05009789865641,0.0,8.03929768423335,1,1188,0.0
1149,358.68500000000006,0.3381762301928935,2307.4491414210593,113.28007735941964,22.055423626601993,2549.6148797730807,89.86590374035481,56.038048012439184,0.0,8.039375573362337,1,1188,0.0
1150,358.69000000000005,0.3384115141055916,2306.457117789193,113.23285528370795,22.055423626601993,2549.6148797730807,89.86589386745781,56.025986851833714,0.0,8.039453445794468,1,1188,0.0
1151,358.69500000000005,0.3386471482719956,2305.464379569434,113.1855986102558,22.055423626601993,2549.6148797730807,89.86588399456082,56.01391440875599,0.0,8.039531301514112,1,1188,0.0
1152,358.70000000000005,0.3388831332152139,2304.470926695867,113.13830733440024,22.055423626601993,2549.6148797730807,89.86587412166382,56.00183067512136,0.0,8.039609140505629,1,1188,0.0
1153,358.70500000000004,0.33911946945906085,2303.4767591036625,113.09098145155728,22.055423626601993,2549.6148797730807,89.86586424876684,55.98973564284455,0.0,8.039686962753363,1,1188,0.0
1154,358.71000000000004,0.33935615752805254,2302.481876729072,113.04362095710151,22.055423626601993,2549.6148797730807,89.86585437586983,55.97762930383964,0.0,8.039764768241652,1,1188,0.0
1155,358.71500000000003,0.33959319794741083,2301.4862795094323,112.99622584658341,22.055423626601993,2549.6148797730807,89.86584450297285,55.965511650020105,0.0,8.039842556954818,1,1188,0.0
1156,358.72,0.3398305912430632,2300.4899673831696,112.94879611551627,22.055423626601993,2549.6148797730807,89.86583463007585,55.95338267329883,0.0,8.039920328877177,1,1188,0.0
1157,358.7250000000001,0.34006833794164176,2299.4929402898006,112.90133175943711,22.055423626601993,2549.6148797730807,89.86582475717886,55.941242365588124,0.0,8.039998083993028,1,1188,0.0
1158,358.7300000000001,0.34030643857048865,2298.495198169934,112.85383277403744,22.055423626601993,2549.6148797730807,89.86581488428187,55.929090718799685,0.0,8.040075822286664,1,1188,0.0
1159,358.73500000000007,0.3405448936576479,2297.496740965274,112.80629915493385,22.055423626601993,2549.6148797730807,89.86580501138486,55.91692772484469,0.0,8.040153543742361,1,1188,0.0
1160,358.74000000000007,0.34078370373187644,2296.497568618623,112.75873089794389,22.055423626601993,2549.6148797730807,89.86579513848788,55.90475337563374,0.0,8.04023124834439,1,1188,0.0
1161,358.74500000000006,0.34102286932263626,2295.497681073883,112.71112799880503,22.055423626601993,2549.6148797730807,89.86578526559089,55.89256766307692,0.0,8.040308936077007,1,1188,0.0
1162,358.75000000000006,0.3412623909601004,2294.4970782760593,112.66349045333519,22.055423626601993,2549.6148797730807,89.86577539269389,55.880370579083774,0.0,8.040386606924459,1,1188,0.0
1163,358.75500000000005,0.3415022691751498,2293.495760171262,112.6158182573991,22.055423626601993,2549.6148797730807,89.8657655197969,55.86816211556335,0.0,8.040464260870978,1,1188,0.0
1164,358.76000000000005,0.3417425044993774,2292.49372670671,112.56811140697573,22.055423626601993,2549.6148797730807,89.8657556468999,55.85594226442419,0.0,8.040541897900788,1,1188,0.0
1165,358.76500000000004,0.34198309746508504,2291.4909778307288,112.520369898059,22.055423626601993,2549.6148797730807,89.8657457740029,55.84371101757437,0.0,8.040619517998103,1,1188,0.0
1166,358.77000000000004,0.3422240486052883,2290.4875134927606,112.47259372660999,22.055423626601993,2549.6148797730807,89.86573590110592,55.83146836692148,0.0,8.04069712114712,1,1188,0.0
1167,358.77500000000003,0.3424653584537116,2289.4833336433594,112.42478288875756,22.055423626601993,2549.6148797730807,89.86572602820891,55.81921430437263,0.0,8.040774707332032,1,1188,0.0
1168,358.78000000000003,0.3427070275447957,2288.4784382341977,112.37693738064968,22.055423626601993,2549.6148797730807,89.86571615531193,55.80694882183452,0.0,8.040852276537017,1,1188,0.0
1169,358.7850000000001,0.342949056413692,2287.4728272180682,112.32905719844544,22.055423626601993,2549.6148797730807,89.86570628241492,55.7946719112134,0.0,8.040929828746238,1,1188,0.0
1170,358.7900000000001,0.34319144559626596,2286.466500548885,112.28114233838339,22.055423626601993,2549.6148797730807,89.86569640951794,55.7823835644151,0.0,8.041007363943855,1,1188,0.0
1171,358.7950000000001,0.3434341956290975,2285.459458181687,112.233192796767,22.055423626601993,2549.6148797730807,89.86568653662094,55.77008377334505,0.0,8.04108488211401,1,1188,0.0
1172,358.80000000000007,0.3436773070494831,2284.4517000726414,112.18520856992231,22.055423626601993,2549.6148797730807,89.86567666372395,55.75777252990829,0.0,8.041162383240838,1,1188,0.0
1173,358.80500000000006,0.34392078039543317,2283.443226179043,112.1371896542299,22.055423626601993,2549.6148797730807,89.86566679082696,55.74544982600945,0.0,8.04123986730846,1,1188,0.0
1174,358.81000000000006,0.3441646162056744,2282.434036459321,112.08913604613743,22.055423626601993,2549.6148797730807,89.86565691792995,55.73311565355282,0.0,8.041317334300988,1,1188,0.0
1175,358.81500000000005,0.3444088150196509,2281.424130873037,112.04104774215351,22.055423626601993,2549.6148797730807,89.86564704503297,55.720770004442336,0.0,8.04139478420252,1,1188,0.0
1176,358.82000000000005,0.3446533773775239,2280.413509380891,111.99292473879056,22.055423626601993,2549.6148797730807,89.86563717213598,55.708412870581576,0.0,8.041472216997146,1,1188,0.0
1177,358.82500000000005,0.3448983038201723,2279.4021719447223,111.94476703264488,22.055423626601993,2549.6148797730807,89.86562729923898,55.696044243873786,0.0,8.041549632668941,1,1188,0.0
1178,358.83000000000004,0.34514359488919405,2278.3901185275117,111.89657462041852,22.055423626601993,2549.6148797730807,89.86561742634198,55.68366411622192,0.0,8.041627031201973,1,1188,0.0
1179,358.83500000000004,0.3453892511269064,2277.377349093385,111.84834749875199,22.055423626601993,2549.6148797730807,89.86560755344499,55.67127247952862,0.0,8.041704412580295,1,1188,0.0
1180,358.84000000000003,0.34563527307634434,2276.3638636076143,111.80008566439008,22.055423626601993,2549.6148797730807,89.86559768054799,55.65886932569622,0.0,8.04178177678795,1,1188,0.0
1181,358.845,0.3458816612812663,2275.349662036622,111.75178911417773,22.055423626601993,2549.6148797730807,89.86558780765101,55.6464546466268,0.0,8.041859123808972,1,1188,0.0
1182,358.8500000000001,0.34612841628615026,2274.33474434798,111.70345784497998,22.055423626601993,2549.6148797730807,89.865577934754,55.634028434222174,0.0,8.04193645362738,1,1188,0.0
1183,358.8550000000001,0.34637553863619375,2273.319110510419,111.6550918536693,22.055423626601993,2549.6148797730807,89.86556806185702,55.6215906803839,0.0,8.042013766227186,1,1188,0.0
1184,358.86000000000007,0.3466230288773194,2272.302760493822,111.6066911372151,22.055423626601993,2549.6148797730807,89.86555818896001,55.6091413770133,0.0,8.042091061592386,1,1188,0.0
1185,358.86500000000007,0.3468708875561707,2271.285694269233,111.5582556926474,22.055423626601993,2549.6148797730807,89.86554831606303,55.596680516011475,0.0,8.042168339706967,1,1188,0.0
1186,358.87000000000006,0.34711911522011574,2270.267911808858,111.50978551701172,22.055423626601993,2549.6148797730807,89.86553844316603,55.58420808927932,0.0,8.042245600554907,1,1188,0.0
1187,358.87500000000006,0.3473677124172436,2269.2494130860687,111.46128060741782,22.055423626601993,2549.6148797730807,89.86552857026903,55.57172408871753,0.0,8.042322844120168,1,1188,0.0
1188,358.88000000000005,0.34761667969637206,2268.2301980753996,111.41274096105988,22.055423626601993,2549.6148797730807,89.86551869737205,55.55922850622662,0.0,8.042400070386705,1,1188,0.0
1189,358.88500000000005,0.34786601760703995,2267.2102667525587,111.36416657518195,22.055423626601993,2549.6148797730807,89.86550882447504,55.546721333706934,0.0,8.042477279338462,1,1188,0.0
1190,358.89000000000004,0.3481157266995148,2266.1896190944235,111.31555744703556,22.055423626601993,2549.6148797730807,89.86549895157806,55.53420256305865,0.0,8.042554470959365,1,1188,0.0
1191,358.89500000000004,0.34836580752478696,2265.168255079045,111.26691357393607,22.055423626601993,2549.6148797730807,89.86548907868107,55.52167218618184,0.0,8.042631645233337,1,1188,0.0
1192,358.90000000000003,0.34861626063457646,2264.146174685655,111.21823495331097,22.055423626601993,2549.6148797730807,89.86547920578407,55.50913019497639,0.0,8.042708802144286,1,1188,0.0
1193,358.90500000000003,0.34886708658132903,2263.123377894658,111.16952158258964,22.055423626601993,2549.6148797730807,89.86546933288707,55.49657658134214,0.0,8.042785941676108,1,1188,0.0
1194,358.9100000000001,0.34911828591821903,2262.0998646876465,111.12077345924247,22.055423626601993,2549.6148797730807,89.86545945999008,55.484011337178764,0.0,8.042863063812689,1,1188,0.0
1195,358.9150000000001,0.3493698591991493,2261.0756350473935,111.07199058083054,22.055423626601993,2549.6148797730807,89.86544958709308,55.471434454385886,0.0,8.042940168537907,1,1188,0.0
1196,358.9200000000001,0.34962180697875,2260.050688957861,111.02317294495394,22.055423626601993,2549.6148797730807,89.8654397141961,55.45884592486305,0.0,8.04301725583562,1,1188,0.0
1197,358.92500000000007,0.34987412981238347,2259.0250264041974,110.97432054925451,22.055423626601993,2549.6148797730807,89.86542984129909,55.44624574050973,0.0,8.043094325689683,1,1188,0.0
1198,358.93000000000006,0.350126828256142,2257.9986473727467,110.9254333914667,22.055423626601993,2549.6148797730807,89.86541996840211,55.43363389322536,0.0,8.043171378083938,1,1188,0.0
1199,358.93500000000006,0.3503799028668455,2256.971551851044,110.87651146935876,22.055423626601993,2549.6148797730807,89.86541009550511,55.421010374909336,0.0,8.043248413002214,1,1188,0.0
1200,358.94000000000005,0.35063335420204816,2255.9437398278214,110.82755478071506,22.055423626601993,2549.6148797730807,89.86540022260812,55.40837517746105,0.0,8.043325430428327,1,1188,0.0
1201,358.94500000000005,0.3508871828200363,2254.9152112930124,110.77856332342853,22.055423626601993,2549.6148797730807,89.86539034971113,55.39572829277988,0.0,8.043402430346084,1,1188,0.0
1202,358.95000000000005,0.35114138927982663,2253.885966237751,110.72953709541328,22.055423626601993,2549.6148797730807,89.86538047681412,55.383069712765206,0.0,8.043479412739286,1,1188,0.0
1203,358.95500000000004,0.3513959741411694,2252.8560046543744,110.68047609468198,22.055423626601993,2549.6148797730807,89.86537060391714,55.37039942931642,0.0,8.043556377591711,1,1188,0.0
1204,358.96000000000004,0.3516509379645507,2251.8253265364297,110.63138031922546,22.055423626601993,2549.6148797730807,89.86536073102013,55.357717434333,0.0,8.043633324887137,1,1188,0.0
1205,358.96500000000003,0.3519062813111879,2250.7939318786703,110.5822497671902,22.055423626601993,2549.6148797730807,89.86535085812315,55.345023719714405,0.0,8.043710254609325,1,1188,0.0
1206,358.97,0.3521620047430355,2249.761820677063,110.53308443666964,22.055423626601993,2549.6148797730807,89.86534098522615,55.332318277360216,0.0,8.043787166742025,1,1188,0.0
1207,358.9750000000001,0.3524181088227802,2248.728992928788,110.48388432591065,22.055423626601993,2549.6148797730807,89.86533111232916,55.31960109917005,0.0,8.043864061268975,1,1188,0.0
1208,358.9800000000001,0.35267459411384805,2247.6954486322447,110.43464943314547,22.055423626601993,2549.6148797730807,89.86532123943216,55.30687217704366,0.0,8.043940938173908,1,1188,0.0
1209,358.98500000000007,0.3529314611803994,2246.661187787049,110.38537975669756,22.055423626601993,2549.6148797730807,89.86531136653517,55.29413150288086,0.0,8.044017797440537,1,1188,0.0
1210,358.99000000000007,0.35318871058733126,2245.6262103940408,110.33607529493469,22.055423626601993,2549.6148797730807,89.86530149363817,55.281379068581614,0.0,8.04409463905257,1,1188,0.0
1211,358.99500000000006,0.3534463429002815,2244.5905164552837,110.2867360462686,22.055423626601993,2549.6148797730807,89.86529162074119,55.26861486604601,0.0,8.0441714629937,1,1188,0.0
1212,359.00000000000006,0.3537043586856207,2243.5541059740685,110.23736200919572,22.055423626601993,2549.6148797730807,89.86528174784418,55.255838887174285,0.0,8.044248269247612,1,1188,0.0
1213,359.00500000000005,0.3539627585104633,2242.516978954916,110.18795318225489,22.055423626601993,2549.6148797730807,89.8652718749472,55.24305112386684,0.0,8.044325057797979,1,1188,0.0
1214,359.01000000000005,0.3542215429426593,2241.4791354035783,110.1385095640261,22.055423626601993,2549.6148797730807,89.8652620020502,55.23025156802425,0.0,8.044401828628457,1,1188,0.0
1215,359.01500000000004,0.3544807125508006,2240.4405753270426,110.08903115316922,22.055423626601993,2549.6148797730807,89.8652521291532,55.217440211547284,0.0,8.0444785817227,1,1188,0.0
1216,359.02000000000004,0.3547402679042192,2239.401298733533,110.03951794838538,22.055423626601993,2549.6148797730807,89.86524225625622,55.20461704633693,0.0,8.044555317064347,1,1188,0.0
1217,359.02500000000003,0.355000209572986,2238.361305632515,109.989969948428,22.055423626601993,2549.6148797730807,89.86523238335921,55.191782064294365,0.0,8.04463203463702,1,1188,0.0
1218,359.03000000000003,0.3552605381279169,2237.3205960346945,109.94038715212668,22.055423626601993,2549.6148797730807,89.86522251046223,55.178935257321015,0.0,8.044708734424342,1,1188,0.0
1219,359.0350000000001,0.35552125414056596,2236.2791699520217,109.8907695583716,22.055423626601993,2549.6148797730807,89.86521263756522,55.166076617318566,0.0,8.044785416409912,1,1188,0.0
1220,359.0400000000001,0.355782358183233,2235.2370273976967,109.84111716604947,22.055423626601993,2549.6148797730807,89.86520276466824,55.153206136188956,0.0,8.044862080577325,1,1188,0.0
1221,359.0450000000001,0.3560438508289589,2234.194168386167,109.7914299741922,22.055423626601993,2549.6148797730807,89.86519289177124,55.14032380583439,0.0,8.044938726910162,1,1188,0.0
1222,359.05000000000007,0.356305732651529,2233.1505929331342,109.74170798184024,22.055423626601993,2549.6148797730807,89.86518301887425,55.127429618157386,0.0,8.045015355391998,1,1188,0.0
1223,359.05500000000006,0.3565680042254724,2232.1063010555536,109.69195118807194,22.055423626601993,2549.6148797730807,89.86517314597725,55.11452356506075,0.0,8.045091966006387,1,1188,0.0
1224,359.06000000000006,0.3568306661260644,2231.0612927716393,109.64215959206777,22.055423626601993,2549.6148797730807,89.86516327308026,55.10160563844761,0.0,8.045168558736881,1,1188,0.0
1225,359.06500000000005,0.3570937189293232,2230.0155681008655,109.59233319305316,22.055423626601993,2549.6148797730807,89.86515340018326,55.08867583022144,0.0,8.045245133567017,1,1188,0.0
1226,359.07000000000005,0.35735716321201444,2228.969127063968,109.54247199028049,22.055423626601993,2549.6148797730807,89.86514352728628,55.075734132286065,0.0,8.04532169048032,1,1188,0.0
1227,359.07500000000005,0.35762099955165,2227.9219696829473,109.49257598311111,22.055423626601993,2549.6148797730807,89.86513365438927,55.06278053654565,0.0,8.045398229460304,1,1188,0.0
1228,359.08000000000004,0.3578852285264895,2226.8740959810752,109.4426451709121,22.055423626601993,2549.6148797730807,89.86512378149229,55.04981503490476,0.0,8.045474750490474,1,1188,0.0
1229,359.08500000000004,0.3581498507155371,2225.8255059828903,109.39267955314031,22.055423626601993,2549.6148797730807,89.86511390859529,55.03683761926835,0.0,8.045551253554319,1,1188,0.0
1230,359.09000000000003,0.35841486669854833,2224.7761997142043,109.34267912928662,22.055423626601993,2549.6148797730807,89.8651040356983,55.02384828154178,0.0,8.045627738635323,1,1188,0.0
1231,359.095,0.35868027705602534,2223.726177202106,109.29264389895317,22.055423626601993,2549.6148797730807,89.86509416280131,55.01084701363082,0.0,8.045704205716955,1,1188,0.0
1232,359.1000000000001,0.35894608236922015,2222.6754384749624,109.24257386175371,22.055423626601993,2549.6148797730807,89.8650842899043,54.997833807441715,0.0,8.045780654782673,1,1188,0.0
1233,359.1050000000001,0.359212283220134,2221.6239835624197,109.1924690173208,22.055423626601993,2549.6148797730807,89.86507441700732,54.984808654881114,0.0,8.045857085815925,1,1188,0.0
1234,359.11000000000007,0.35947888019151886,2220.571812495408,109.1423293654865,22.055423626601993,2549.6148797730807,89.86506454411031,54.97177154785616,0.0,8.045933498800146,1,1188,0.0
1235,359.11500000000007,0.3597458738668771,2219.518925306142,109.09215490595113,22.055423626601993,2549.6148797730807,89.86505467121333,54.95872247827448,0.0,8.046009893718761,1,1188,0.0
1236,359.12000000000006,0.36001326483046103,2218.4653220281266,109.04194563863831,22.055423626601993,2549.6148797730807,89.86504479831633,54.94566143804418,0.0,8.046086270555183,1,1188,0.0
1237,359.12500000000006,0.36028105366727836,2217.4110026961575,108.9917015634545,22.055423626601993,2549.6148797730807,89.86503492541934,54.932588419073895,0.0,8.046162629292814,1,1188,0.0
1238,359.13000000000005,0.36054924096308427,2216.3559673463214,108.9414226803733,22.055423626601993,2549.6148797730807,89.86502505252234,54.919503413272786,0.0,8.046238969915047,1,1188,0.0
1239,359.13500000000005,0.360817827304391,2215.3002160160036,108.89110898939188,22.055423626601993,2549.6148797730807,89.86501517962535,54.906406412550524,0.0,8.046315292405259,1,1188,0.0
1240,359.14000000000004,0.3610868132784614,2214.2437487438874,108.84076049064153,22.055423626601993,2549.6148797730807,89.86500530672835,54.89329740881737,0.0,8.04639159674682,1,1188,0.0
1241,359.14500000000004,0.3613561994733139,2213.186565569955,108.7903771843022,22.055423626601993,2549.6148797730807,89.86499543383137,54.88017639398415,0.0,8.046467882923087,1,1188,0.0
1242,359.15000000000003,0.3616259864777206,2212.128666535496,108.73995907051895,22.055423626601993,2549.6148797730807,89.86498556093437,54.86704335996227,0.0,8.046544150917407,1,1188,0.0
1243,359.15500000000003,0.36189617488120784,2211.0700516831057,108.68950614962492,22.055423626601993,2549.6148797730807,89.86497568803738,54.85389829866373,0.0,8.046620400713113,1,1188,0.0
1244,359.1600000000001,0.36216676527405955,2210.0107210566857,108.63901842195028,22.055423626601993,2549.6148797730807,89.86496581514038,54.84074120200115,0.0,8.046696632293528,1,1188,0.0
1245,359.1650000000001,0.362437758247314,2208.9506747014507,108.58849588782853,22.055423626601993,2549.6148797730807,89.86495594224338,54.8275720618878,0.0,8.046772845641968,1,1188,0.0
1246,359.1700000000001,0.3627091543927653,2207.88991266393,108.53793854778256,22.055423626601993,2549.6148797730807,89.8649460693464,54.81439087023757,0.0,8.04684904074173,1,1188,0.0
1247,359.17500000000007,0.36298095430296784,2206.8284349919686,108.48734640225486,22.055423626601993,2549.6148797730807,89.86493619644939,54.80119761896502,0.0,8.046925217576106,1,1188,0.0
1248,359.18000000000006,0.36325315857122903,2205.7662417347324,108.43671945187411,22.055423626601993,2549.6148797730807,89.86492632355241,54.78799229998538,0.0,8.047001376128375,1,1188,0.0
1249,359.18500000000006,0.3635257677916181,2204.703332942706,108.38605769726045,22.055423626601993,2549.6148797730807,89.86491645065541,54.774774905214606,0.0,8.047077516381801,1,1188,0.0
1250,359.19000000000005,0.3637987825589622,2203.639708667703,108.33536113909547,22.055423626601993,2549.6148797730807,89.86490657775842,54.76154542656931,0.0,8.047153638319644,1,1188,0.0
1251,359.19500000000005,0.3640722034688459,2202.5753689628596,108.28462977814083,22.055423626601993,2549.6148797730807,89.86489670486142,54.74830385596686,0.0,8.047229741925147,1,1188,0.0
1252,359.20000000000005,0.36434603111761454,2201.510313882644,108.23386361521516,22.055423626601993,2549.6148797730807,89.86488683196443,54.735050185325356,0.0,8.047305827181544,1,1188,0.0
1253,359.20500000000004,0.364620266102374,2200.444543482857,108.18306265117464,22.055423626601993,2549.6148797730807,89.86487695906743,54.72178440656364,0.0,8.047381894072059,1,1188,0.0
1254,359.21000000000004,0.3648949090209905,2199.378057820633,108.13222688699483,22.055423626601993,2549.6148797730807,89.86486708617043,54.708506511601335,0.0,8.0474579425799,1,1188,0.0
1255,359.21500000000003,0.36516996047209094,2198.310856954444,108.08135632364511,22.055423626601993,2549.6148797730807,89.86485721327344,54.695216492358846,0.0,8.04753397268827,1,1188,0.0
1256,359.22,0.36544542105506467,2197.2429409441024,108.03045096217558,22.055423626601993,2549.6148797730807,89.86484734037646,54.68191434075736,0.0,8.047609984380356,1,1188,0.0
1257,359.2250000000001,0.36572129137006354,2196.174309850763,107.97951080372792,22.055423626601993,2549.6148797730807,89.86483746747946,54.668600048718886,0.0,8.047685977639338,1,1188,0.0
1258,359.2300000000001,0.36599757201799965,2195.104963736925,107.92853584950868,22.055423626601993,2549.6148797730807,89.86482759458247,54.65527360816628,0.0,8.04776195244838,1,1188,0.0
1259,359.23500000000007,0.36627426360055226,2194.034902666438,107.87752610068478,22.055423626601993,2549.6148797730807,89.86481772168547,54.641935011023236,0.0,8.047837908790637,1,1188,0.0
1260,359.24000000000007,0.3665513667201617,2192.9641267045,107.8264815586347,22.055423626601993,2549.6148797730807,89.86480784878847,54.6285842492143,0.0,8.047913846649251,1,1188,0.0
1261,359.24500000000006,0.3668288819800323,2191.8926359176617,107.77540222469456,22.055423626601993,2549.6148797730807,89.86479797589149,54.61522131466489,0.0,8.047989766007362,1,1188,0.0
1262,359.25000000000006,0.3671068099841344,2190.820430373831,107.72428810026949,22.055423626601993,2549.6148797730807,89.86478810299448,54.601846199301335,0.0,8.048065666848084,1,1188,0.0
1263,359.25500000000005,0.36738515133720345,2189.747510142273,107.673139186928,22.055423626601993,2549.6148797730807,89.8647782300975,54.58845889505084,0.0,8.04814154915453,1,1188,0.0
1264,359.26000000000005,0.36766390664474,2188.6738752936126,107.62195548613153,22.055423626601993,2549.6148797730807,89.8647683572005,54.57505939384159,0.0,8.048217412909798,1,1188,0.0
1265,359.26500000000004,0.3679430765130109,2187.599525899842,107.57073699957675,22.055423626601993,2549.6148797730807,89.86475848430351,54.56164768760266,0.0,8.048293258096978,1,1188,0.0
1266,359.27000000000004,0.36822266154905137,2186.5244620343146,107.5194837288722,22.055423626601993,2549.6148797730807,89.86474861140651,54.54822376826408,0.0,8.048369084699145,1,1188,0.0
1267,359.27500000000003,0.3685026623606609,2185.448683771757,107.46819567580496,22.055423626601993,2549.6148797730807,89.86473873850952,54.53478762775687,0.0,8.048444892699365,1,1188,0.0
1268,359.28000000000003,0.3687830795564091,2184.3721911882626,107.41687284216444,22.055423626601993,2549.6148797730807,89.86472886561252,54.521339258013036,0.0,8.048520682080692,1,1188,0.0
1269,359.2850000000001,0.36906391374563285,2183.294984361303,107.36551522980386,22.055423626601993,2549.6148797730807,89.86471899271552,54.50787865096557,0.0,8.048596452826168,1,1188,0.0
1270,359.2900000000001,0.3693451655384382,2182.2170633697224,107.3141228406721,22.055423626601993,2549.6148797730807,89.86470911981854,54.4944057985485,0.0,8.048672204918827,1,1188,0.0
1271,359.2950000000001,0.36962683554570036,2181.1384282937483,107.262695676745,22.055423626601993,2549.6148797730807,89.86469924692155,54.480920692696884,0.0,8.048747938341688,1,1188,0.0
1272,359.30000000000007,0.3699089243790632,2180.059079214987,107.2112337401229,22.055423626601993,2549.6148797730807,89.86468937402455,54.467423325346815,0.0,8.04882365307776,1,1188,0.0
1273,359.30500000000006,0.3701914326509422,2178.979016216431,107.15973703285846,22.055423626601993,2549.6148797730807,89.86467950112755,54.45391368843547,0.0,8.04889934911004,1,1188,0.0
1274,359.31000000000006,0.3704743609745224,2177.8982393824567,107.10820555718624,22.055423626601993,2549.6148797730807,89.86466962823056,54.44039177390109,0.0,8.048975026421518,1,1188,0.0
1275,359.31500000000005,0.3707577099637616,2176.8167487988344,107.05663931530981,22.055423626601993,2549.6148797730807,89.86465975533356,54.42685757368304,0.0,8.049050684995168,1,1188,0.0
1276,359.32000000000005,0.37104148023338784,2175.734544552724,107.0050383095696,22.055423626601993,2549.6148797730807,89.86464988243658,54.41331107972176,0.0,8.049126324813956,1,1188,0.0
1277,359.32500000000005,0.37132567239890135,2174.651626732681,106.9534025423329,22.055423626601993,2549.6148797730807,89.86464000953957,54.39975228395885,0.0,8.049201945860833,1,1188,0.0
1278,359.33000000000004,0.37161028707657484,2173.567995428658,106.90173201602597,22.055423626601993,2549.6148797730807,89.86463013664259,54.38618117833704,0.0,8.049277548118743,1,1188,0.0
1279,359.33500000000004,0.3718953248834557,2172.4836507320088,106.85002673316723,22.055423626601993,2549.6148797730807,89.86462026374559,54.37259775480024,0.0,8.049353131570616,1,1188,0.0
1280,359.34000000000003,0.37218078643736213,2171.398592735488,106.79828669629221,22.055423626601993,2549.6148797730807,89.8646103908486,54.359002005293526,0.0,8.049428696199373,1,1188,0.0
1281,359.345,0.37246667235689,2170.312821533258,106.74651190810016,22.055423626601993,2549.6148797730807,89.8646005179516,54.34539392176315,0.0,8.04950424198792,1,1188,0.0
1282,359.3500000000001,0.3727529832614068,2169.2263372208877,106.69470237120416,22.055423626601993,2549.6148797730807,89.8645906450546,54.331773496156615,0.0,8.049579768919155,1,1188,0.0
1283,359.3550000000001,0.3730397197710556,2168.139139895358,106.64285808840548,22.055423626601993,2549.6148797730807,89.86458077215761,54.31814072042261,0.0,8.049655276975967,1,1188,0.0
1284,359.36000000000007,0.37332688250675533,2167.05122965506,106.59097906249966,22.055423626601993,2549.6148797730807,89.86457089926063,54.30449558651109,0.0,8.049730766141229,1,1188,0.0
1285,359.36500000000007,0.3736144720902013,2165.9626065998045,106.53906529641975,22.055423626601993,2549.6148797730807,89.86456102636363,54.29083808637326,0.0,8.049806236397805,1,1188,0.0
1286,359.37000000000006,0.3739024891438652,2164.87327083082,106.48711679311538,22.055423626601993,2549.6148797730807,89.86455115346664,54.277168211961616,0.0,8.049881687728549,1,1188,0.0
1287,359.37500000000006,0.3741909342909942,2163.7832224507542,106.43513355555667,22.055423626601993,2549.6148797730807,89.86454128056964,54.26348595522992,0.0,8.049957120116298,1,1188,0.0
1288,359.38000000000005,0.3744798081556141,2162.69246156368,106.38311558685585,22.055423626601993,2549.6148797730807,89.86453140767264,54.24979130813325,0.0,8.050032533543888,1,1188,0.0
1289,359.38500000000005,0.374769111362529,2161.6009882750973,106.33106289017265,22.055423626601993,2549.6148797730807,89.86452153477565,54.23608426262802,0.0,8.050107927994135,1,1188,0.0
1290,359.39000000000004,0.37505884453731925,2160.508802691934,106.27897546871932,22.055423626601993,2549.6148797730807,89.86451166187865,54.222364810671976,0.0,8.050183303449847,1,1188,0.0
1291,359.39500000000004,0.37534900830634715,2159.41590492255,106.22685332574316,22.055423626601993,2549.6148797730807,89.86450178898167,54.208632944224235,0.0,8.05025865989382,1,1188,0.0
1292,359.40000000000003,0.3756396032967503,2158.322295076741,106.1746964646539,22.055423626601993,2549.6148797730807,89.86449191608466,54.19488865524525,0.0,8.050333997308844,1,1188,0.0
1293,359.40500000000003,0.37593063013644956,2157.2279732657385,106.12250488880875,22.055423626601993,2549.6148797730807,89.86448204318768,54.18113193569692,0.0,8.050409315677687,1,1188,0.0
1294,359.4100000000001,0.37622208945414304,2156.1329396022134,106.0702786016916,22.055423626601993,2549.6148797730807,89.86447217029068,54.1673627775425,0.0,8.050484614983118,1,1188,0.0
1295,359.4150000000001,0.3765139818793112,2155.037194200279,106.01801760687168,22.055423626601993,2549.6148797730807,89.86446229739369,54.15358117274669,0.0,8.050559895207885,1,1188,0.0
1296,359.4200000000001,0.37680630804221593,2153.9407371754937,105.96572190792978,22.055423626601993,2549.6148797730807,89.86445242449669,54.13978711327564,0.0,8.05063515633473,1,1188,0.0
1297,359.42500000000007,0.377099068573899,2152.8435686448656,105.91339150856736,22.055423626601993,2549.6148797730807,89.8644425515997,54.12598059109693,0.0,8.050710398346384,1,1188,0.0
1298,359.43000000000006,0.377392264106186,2151.7456887268495,105.86102641253065,22.055423626601993,2549.6148797730807,89.8644326787027,54.11216159817964,0.0,8.050785621225565,1,1188,0.0
1299,359.43500000000006,0.377685895271682,2150.647097541355,105.8086266236002,22.055423626601993,2549.6148797730807,89.86442280580572,54.09833012649433,0.0,8.050860824954977,1,1188,0.0
1300,359.44000000000005,0.3779799627037786,2149.5477952097476,105.75619214568029,22.055423626601993,2549.6148797730807,89.86441293290872,54.08448616801306,0.0,8.050936009517322,1,1188,0.0
1301,359.44500000000005,0.378274467036648,2148.4477818548503,105.703722982678,22.055423626601993,2549.6148797730807,89.86440306001172,54.07062971470942,0.0,8.051011174895283,1,1188,0.0
1302,359.45000000000005,0.3785694089052474,2147.3470576009468,105.65121913866615,22.055423626601993,2549.6148797730807,89.86439318711473,54.05676075855853,0.0,8.051086321071532,1,1188,0.0
1303,359.45500000000004,0.37886478894531744,2146.245622573785,105.59868061765545,22.055423626601993,2549.6148797730807,89.86438331421773,54.0428792915371,0.0,8.051161448028733,1,1188,0.0
1304,359.46000000000004,0.3791606077933847,2145.1434769005787,105.54610742381503,22.055423626601993,2549.6148797730807,89.86437344132074,54.02898530562336,0.0,8.05123655574954,1,1188,0.0
1305,359.46500000000003,0.37945686608675905,2144.0406207100104,105.49349956137902,22.055423626601993,2549.6148797730807,89.86436356842374,54.01507879279718,0.0,8.05131164421659,1,1188,0.0
1306,359.47,0.3797535644635369,2142.9370541322337,105.44085703459314,22.055423626601993,2549.6148797730807,89.86435369552676,54.00115974504003,0.0,8.051386713412512,1,1188,0.0
1307,359.4750000000001,0.3800507035626011,2141.8327772988773,105.38817984782776,22.055423626601993,2549.6148797730807,89.86434382262975,53.987228154334964,0.0,8.051461763319928,1,1188,0.0
1308,359.4800000000001,0.38034828402361986,2140.7277903430463,105.33546800548199,22.055423626601993,2549.6148797730807,89.86433394973277,53.97328401266673,0.0,8.051536793921443,1,1188,0.0
1309,359.48500000000007,0.3806463064870487,2139.622093399325,105.28272151204828,22.055423626601993,2549.6148797730807,89.86432407683577,53.9593273120217,0.0,8.051611805199652,1,1188,0.0
1310,359.49000000000007,0.3809447715941307,2138.5156866037796,105.22994037207572,22.055423626601993,2549.6148797730807,89.86431420393878,53.94535804438794,0.0,8.051686797137142,1,1188,0.0
1311,359.49500000000006,0.38124367998689646,2137.4085700939613,105.17712459016992,22.055423626601993,2549.6148797730807,89.86430433104178,53.9313762017552,0.0,8.051761769716485,1,1188,0.0
1312,359.50000000000006,0.3815430323081641,2136.3007440089086,105.12427417105471,22.055423626601993,2549.6148797730807,89.86429445814478,53.91738177611494,0.0,8.051836722920243,1,1188,0.0
1313,359.50500000000005,0.38184282920154095,2135.1922084891503,105.07138911942606,22.055423626601993,2549.6148797730807,89.8642845852478,53.90337475946035,0.0,8.051911656730969,1,1188,0.0
1314,359.51000000000005,0.3821430713114227,2134.082963676709,105.0184694401726,22.055423626601993,2549.6148797730807,89.8642747123508,53.889355143786354,0.0,8.051986571131202,1,1188,0.0
1315,359.51500000000004,0.3824437592829958,2132.973009715099,104.96551513812712,22.055423626601993,2549.6148797730807,89.86426483945381,53.87532292108967,0.0,8.052061466103474,1,1188,0.0
1316,359.52000000000004,0.38274489376223564,2131.862346749337,104.91252621828586,22.055423626601993,2549.6148797730807,89.86425496655681,53.861278083368745,0.0,8.052136341630298,1,1188,0.0
1317,359.52500000000003,0.3830464753959068,2130.750974925939,104.85950268566964,22.055423626601993,2549.6148797730807,89.86424509365982,53.847220622623865,0.0,8.052211197694186,1,1188,0.0
1318,359.53000000000003,0.38334850483156685,2129.6388943929223,104.80644454538393,22.055423626601993,2549.6148797730807,89.86423522076282,53.833150530857104,0.0,8.05228603427763,1,1188,0.0
1319,359.5350000000001,0.3836509827175618,2128.526105299813,104.75335180257952,22.055423626601993,2549.6148797730807,89.86422534786584,53.81906780007238,0.0,8.052360851363117,1,1188,0.0
1320,359.5400000000001,0.3839539097030322,2127.412607797645,104.70022446252585,22.055423626601993,2549.6148797730807,89.86421547496883,53.80497242227545,0.0,8.052435648933121,1,1188,0.0
1321,359.5450000000001,0.38425728643790824,2126.2984020389636,104.64706253049657,22.055423626601993,2549.6148797730807,89.86420560207185,53.79086438947393,0.0,8.052510426970102,1,1188,0.0
1322,359.55000000000007,0.38456111357291345,2125.1834881778263,104.59386601188817,22.055423626601993,2549.6148797730807,89.86419572917484,53.77674369367733,0.0,8.052585185456513,1,1188,0.0
1323,359.55500000000006,0.38486539175956336,2124.06786636981,104.54063491213456,22.055423626601993,2549.6148797730807,89.86418585627786,53.762610326897075,0.0,8.052659924374794,1,1188,0.0
1324,359.56000000000006,0.38517012165016695,2122.951536772011,104.48736923674586,22.055423626601993,2549.6148797730807,89.86417598338086,53.74846428114647,0.0,8.052734643707375,1,1188,0.0
1325,359.56500000000005,0.3854753038978277,2121.8344995430443,104.4340689913292,22.055423626601993,2549.6148797730807,89.86416611048386,53.73430554844077,0.0,8.052809343436673,1,1188,0.0
1326,359.57000000000005,0.385780939156442,2120.716754843054,104.38073418150896,22.055423626601993,2549.6148797730807,89.86415623758687,53.720134120797205,0.0,8.052884023545094,1,1188,0.0
1327,359.57500000000005,0.3860870280807007,2119.5983028337073,104.3273648130594,22.055423626601993,2549.6148797730807,89.86414636468987,53.70594999023494,0.0,8.052958684015035,1,1188,0.0
1328,359.58000000000004,0.38639357132609,2118.4791436782048,104.27396089172109,22.055423626601993,2549.6148797730807,89.86413649179289,53.69175314877516,0.0,8.053033324828883,1,1188,0.0
1329,359.58500000000004,0.3867005695488904,2117.359277541279,104.22052242339942,22.055423626601993,2549.6148797730807,89.8641266188959,53.677543588441026,0.0,8.053107945969007,1,1188,0.0
1330,359.59000000000003,0.38700802340617974,2116.2387045891965,104.1670494140023,22.055423626601993,2549.6148797730807,89.8641167459989,53.66332130125774,0.0,8.053182547417773,1,1188,0.0
1331,359.595,0.3873159335558302,2115.117424989763,104.11354186957196,22.055423626601993,2549.6148797730807,89.8641068731019,53.649086279252536,0.0,8.053257129157531,1,1188,0.0
1332,359.6000000000001,0.38762430065651066,2113.995438912326,104.05999979614846,22.055423626601993,2549.6148797730807,89.86409700020491,53.634838514454714,0.0,8.053331691170623,1,1188,0.0
1333,359.6050000000001,0.38793312536768687,2112.8727465277734,104.00642319992663,22.055423626601993,2549.6148797730807,89.86408712730791,53.62057799889564,0.0,8.053406233439377,1,1188,0.0
1334,359.61000000000007,0.3882424083496223,2111.749348008542,103.95281208708003,22.055423626601993,2549.6148797730807,89.86407725441093,53.60630472460878,0.0,8.053480755946111,1,1188,0.0
1335,359.61500000000007,0.38855215026337636,2110.6252435286165,103.89916646392551,22.055423626601993,2549.6148797730807,89.86406738151392,53.59201868362972,0.0,8.053555258673134,1,1188,0.0
1336,359.62000000000006,0.3888623517708098,2109.5004332635312,103.84548633680858,22.055423626601993,2549.6148797730807,89.86405750861694,53.577719867996144,0.0,8.053629741602741,1,1188,0.0
1337,359.62500000000006,0.38917301353457795,2108.3749173903784,103.79177171218333,22.055423626601993,2549.6148797730807,89.86404763571994,53.56340826974792,0.0,8.053704204717215,1,1188,0.0
1338,359.63000000000005,0.38948413621813666,2107.2486960878027,103.7380225965445,22.055423626601993,2549.6148797730807,89.86403776282295,53.54908388092706,0.0,8.053778647998834,1,1188,0.0
1339,359.63500000000005,0.3897957204857409,2106.121769536012,103.68423899647648,22.055423626601993,2549.6148797730807,89.86402788992595,53.53474669357775,0.0,8.05385307142986,1,1188,0.0
1340,359.64000000000004,0.39010776700244437,2104.9941379167735,103.63042091863188,22.055423626601993,2549.6148797730807,89.86401801702895,53.52039669974642,0.0,8.053927474992541,1,1188,0.0
1341,359.64500000000004,0.39042027643410276,2103.865801413421,103.57656836969923,22.055423626601993,2549.6148797730807,89.86400814413197,53.506033891481664,0.0,8.054001858669123,1,1188,0.0
1342,359.65000000000003,0.39073324944736787,2102.736760210855,103.5226813564944,22.055423626601993,2549.6148797730807,89.86399827123496,53.491658260834356,0.0,8.054076222441832,1,1188,0.0
1343,359.65500000000003,0.39104668670969744,2101.6070144955465,103.46875988590729,22.055423626601993,2549.6148797730807,89.86398839833798,53.477269799857595,0.0,8.05415056629289,1,1188,0.0
1344,359.6600000000001,0.39136058888934594,2100.476564455539,103.41480396482457,22.055423626601993,2549.6148797730807,89.86397852544098,53.46286850060677,0.0,8.054224890204502,1,1188,0.0
1345,359.6650000000001,0.3916749566553708,2099.3454102804517,103.36081360031714,22.055423626601993,2549.6148797730807,89.86396865254399,53.448454355139546,0.0,8.054299194158867,1,1188,0.0
1346,359.6700000000001,0.3919897906776312,2098.213552161482,103.30678879941475,22.055423626601993,2549.6148797730807,89.86395877964699,53.43402735551592,0.0,8.054373478138167,1,1188,0.0
1347,359.67500000000007,0.39230509162678895,2097.080990291407,103.25272956929729,22.055423626601993,2549.6148797730807,89.86394890675,53.4195874937982,0.0,8.05444774212458,1,1188,0.0
1348,359.68000000000006,0.3926208601743073,2095.9477248645894,103.19863591718445,22.055423626601993,2549.6148797730807,89.863939033853,53.405134762051034,0.0,8.05452198610027,1,1188,0.0
1349,359.68500000000006,0.3929370969924534,2094.813756076978,103.14450785036539,22.055423626601993,2549.6148797730807,89.86392916095602,53.39066915234145,0.0,8.054596210047386,1,1188,0.0
1350,359.69000000000005,0.3932538027542968,2093.6790841261077,103.0903453762505,22.055423626601993,2549.6148797730807,89.86391928805901,53.37619065673884,0.0,8.054670413948072,1,1188,0.0
1351,359.69500000000005,0.39357097813371017,2092.543709211108,103.0361485022674,22.055423626601993,2549.6148797730807,89.86390941516203,53.361699267315025,0.0,8.054744597784456,1,1188,0.0
1352,359.70000000000005,0.3938886238053712,2091.407631532702,102.98191723592994,22.055423626601993,2549.6148797730807,89.86389954226503,53.347194976144216,0.0,8.054818761538662,1,1188,0.0
1353,359.70500000000004,0.3942067404447622,2090.2708512932086,102.92765158483499,22.055423626601993,2549.6148797730807,89.86388966936804,53.33267777530306,0.0,8.054892905192794,1,1188,0.0
1354,359.71000000000004,0.3945253287281685,2089.1333686965477,102.87335155666186,22.055423626601993,2549.6148797730807,89.86387979647104,53.318147656870686,0.0,8.054967028728951,1,1188,0.0
1355,359.71500000000003,0.394844389332682,2087.9951839482405,102.81901715912667,22.055423626601993,2549.6148797730807,89.86386992357404,53.30360461292867,0.0,8.055041132129222,1,1188,0.0
1356,359.72,0.3951639229361982,2086.856297255414,102.76464840008262,22.055423626601993,2549.6148797730807,89.86386005067706,53.28904863556109,0.0,8.055115215375679,1,1188,0.0
1357,359.7250000000001,0.39548393021742084,2085.716708826802,102.71024528738636,22.055423626601993,2549.6148797730807,89.86385017778005,53.274479716854536,0.0,8.055189278450387,1,1188,0.0
1358,359.7300000000001,0.3958044118558577,2084.57641887275,102.65580782902147,22.055423626601993,2549.6148797730807,89.86384030488307,53.259897848898134,0.0,8.055263321335401,1,1188,0.0
1359,359.73500000000007,0.3961253685318233,2083.435427605214,102.60133603300757,22.055423626601993,2549.6148797730807,89.86383043198607,53.24530302378354,0.0,8.055337344012761,1,1188,0.0
1360,359.74000000000007,0.3964468009264387,2082.293735237769,102.54682990746404,22.055423626601993,2549.6148797730807,89.86382055908908,53.23069523360498,0.0,8.0554113464645,1,1188,0.0
1361,359.74500000000006,0.39676870972163375,2081.151341985606,102.49228946059569,22.055423626601993,2549.6148797730807,89.86381068619208,53.21607447045928,0.0,8.055485328672637,1,1188,0.0
1362,359.75000000000006,0.3970910956001433,2080.0082480655374,102.43771470063585,22.055423626601993,2549.6148797730807,89.86380081329509,53.20144072644587,0.0,8.055559290619183,1,1188,0.0
1363,359.75500000000005,0.3974139592455107,2078.8644536960014,102.3831056359464,22.055423626601993,2549.6148797730807,89.86379094039809,53.18679399366676,0.0,8.055633232286137,1,1188,0.0
1364,359.76000000000005,0.3977373013420893,2077.71995909706,102.32846227492121,22.055423626601993,2549.6148797730807,89.86378106750111,53.17213426422666,0.0,8.055707153655485,1,1188,0.0
1365,359.76500000000004,0.39806112257503773,2076.574764490405,102.2737846260474,22.055423626601993,2549.6148797730807,89.8637711946041,53.1574615302329,0.0,8.055781054709204,1,1188,0.0
1366,359.77000000000004,0.3983854236303259,2075.4288700993616,102.21907269788457,22.055423626601993,2549.6148797730807,89.86376132170712,53.1427757837955,0.0,8.055854935429258,1,1188,0.0
1367,359.77500000000003,0.39871020519473205,2074.2822761488874,102.16432649909629,22.055423626601993,2549.6148797730807,89.86375144881012,53.12807701702717,0.0,8.055928795797605,1,1188,0.0
1368,359.78000000000003,0.3990354679558428,2073.1349828655784,102.10954603834239,22.055423626601993,2549.6148797730807,89.86374157591312,53.11336522204335,0.0,8.056002635796185,1,1188,0.0
1369,359.7850000000001,0.3993612126020551,2071.98699047767,102.05473132446615,22.055423626601993,2549.6148797730807,89.86373170301613,53.098640390962196,0.0,8.056076455406934,1,1188,0.0
1370,359.7900000000001,0.39968743982257815,2070.8382992150414,101.99988236627266,22.055423626601993,2549.6148797730807,89.86372183011913,53.08390251590463,0.0,8.05615025461177,1,1188,0.0
1371,359.7950000000001,0.4000141503074282,2069.688909309215,101.9449991727508,22.055423626601993,2549.6148797730807,89.86371195722215,53.06915158899435,0.0,8.056224033392608,1,1188,0.0
1372,359.80000000000007,0.40034134474743316,2068.538820993362,101.89008175289852,22.055423626601993,2549.6148797730807,89.86370208432515,53.054387602357835,0.0,8.056297791731344,1,1188,0.0
1373,359.80500000000006,0.4006690238342336,2067.3880345023044,101.83513011580425,22.055423626601993,2549.6148797730807,89.86369221142816,53.03961054812438,0.0,8.05637152960987,1,1188,0.0
1374,359.81000000000006,0.40099718826027875,2066.2365500725177,101.78014427063847,22.055423626601993,2549.6148797730807,89.86368233853116,53.024820418426096,0.0,8.05644524701006,1,1188,0.0
1375,359.81500000000005,0.4013258387188323,2065.0843679421337,101.72512422662126,22.055423626601993,2549.6148797730807,89.86367246563417,53.01001720539796,0.0,8.056518943913785,1,1188,0.0
1376,359.82000000000005,0.40165497590396787,2063.931488350941,101.67006999309923,22.055423626601993,2549.6148797730807,89.86366259273717,52.9952009011778,0.0,8.056592620302897,1,1188,0.0
1377,359.82500000000005,0.401984600510572,2062.777911540391,101.61498157948992,22.055423626601993,2549.6148797730807,89.86365271984018,52.98037149790635,0.0,8.056666276159245,1,1188,0.0
1378,359.83000000000004,0.40231471323434465,2061.6236377535993,101.55985899521147,22.055423626601993,2549.6148797730807,89.86364284694318,52.96552898772723,0.0,8.05673991146466,1,1188,0.0
1379,359.83500000000004,0.40264531477179627,2060.4686672353478,101.50470224983269,22.055423626601993,2549.6148797730807,89.8636329740462,52.95067336278699,0.0,8.056813526200969,1,1188,0.0
1380,359.84000000000003,0.40297640582025374,2059.3130002320877,101.44951135301866,22.055423626601993,2549.6148797730807,89.86362310114919,52.93580461523514,0.0,8.05688712034998,1,1188,0.0
1381,359.845,0.40330798707785376,2058.156636991942,101.39428631441619,22.055423626601993,2549.6148797730807,89.8636132282522,52.920922737224124,0.0,8.056960693893497,1,1188,0.0
1382,359.8500000000001,0.4036400592435504,2056.9995777647096,101.33902714384541,22.055423626601993,2549.6148797730807,89.86360335535521,52.906027720909385,0.0,8.057034246813311,1,1188,0.0
1383,359.8550000000001,0.40397262301710973,2055.841822801865,101.28373385115003,22.055423626601993,2549.6148797730807,89.86359348245821,52.89111955844936,0.0,8.057107779091199,1,1188,0.0
1384,359.86000000000007,0.40430567909911225,2054.683372356565,101.22840644626346,22.055423626601993,2549.6148797730807,89.86358360956123,52.87619824200552,0.0,8.057181290708932,1,1188,0.0
1385,359.86500000000007,0.4046392281909533,2053.5242266836476,101.17304493920436,22.055423626601993,2549.6148797730807,89.86357373666422,52.86126376374237,0.0,8.057254781648266,1,1188,0.0
1386,359.87000000000006,0.404973270994844,2052.3643860396373,101.11764934006355,22.055423626601993,2549.6148797730807,89.86356386376724,52.846316115827456,0.0,8.05732825189095,1,1188,0.0
1387,359.87500000000006,0.4053078082138085,2051.2038506827457,101.06221965901483,22.055423626601993,2549.6148797730807,89.86355399087024,52.83135529043143,0.0,8.057401701418721,1,1188,0.0
1388,359.88000000000005,0.40564284055168964,2050.042620872877,101.00675590628542,22.055423626601993,2549.6148797730807,89.86354411797325,52.81638127972803,0.0,8.0574751302133,1,1188,0.0
1389,359.88500000000005,0.405978368713144,2048.880696871626,100.95125809223273,22.055423626601993,2549.6148797730807,89.86353424507625,52.801394075894095,0.0,8.057548538256404,1,1188,0.0
1390,359.89000000000004,0.4063143934036442,2047.7180789422864,100.89572622722739,22.055423626601993,2549.6148797730807,89.86352437217926,52.786393671109636,0.0,8.057621925529734,1,1188,0.0
1391,359.89500000000004,0.40665091532947917,2046.5547673498506,100.84016032176987,22.055423626601993,2549.6148797730807,89.86351449928226,52.77138005755779,0.0,8.057695292014985,1,1188,0.0
1392,359.90000000000003,0.40698793519775583,2045.3907623610112,100.78456038640753,22.055423626601993,2549.6148797730807,89.86350462638526,52.756353227424874,0.0,8.057768637693838,1,1188,0.0
1393,359.90500000000003,0.40732545371639695,2044.2260642441659,100.72892643180434,22.055423626601993,2549.6148797730807,89.86349475348827,52.741313172900426,0.0,8.057841962547965,1,1188,0.0
1394,359.9100000000001,0.40766347159414146,2043.060673269419,100.67325846867213,22.055423626601993,2549.6148797730807,89.86348488059129,52.72625988617717,0.0,8.057915266559025,1,1188,0.0
1395,359.9150000000001,0.4080019895405486,2041.894589708585,100.61755650776632,22.055423626601993,2549.6148797730807,89.86347500769428,52.71119335945107,0.0,8.057988549708664,1,1188,0.0
1396,359.9200000000001,0.4083410082659922,2040.7278138351915,100.5618205599979,22.055423626601993,2549.6148797730807,89.8634651347973,52.696113584921356,0.0,8.058061811978526,1,1188,0.0
1397,359.92500000000007,0.40868052848166553,2039.560345924478,100.50605063632372,22.055423626601993,2549.6148797730807,89.8634552619003,52.68102055479052,0.0,8.058135053350233,1,1188,0.0
1398,359.93000000000006,0.40902055089958034,2038.392186253405,100.45024674780151,22.055423626601993,2549.6148797730807,89.8634453890033,52.66591426126437,0.0,8.058208273805405,1,1188,0.0
1399,359.93500000000006,0.4093610762325672,2037.2233351006523,100.39440890545944,22.055423626601993,2549.6148797730807,89.86343551610632,52.65079469655199,0.0,8.058281473325644,1,1188,0.0
1400,359.94000000000005,0.4097021051942737,2036.0537927466216,100.33853712056568,22.055423626601993,2549.6148797730807,89.86342564320931,52.635661852865816,0.0,8.05835465189255,1,1188,0.0
1401,359.94500000000005,0.4100436384991679,2034.8835594734417,100.28263140439067,22.055423626601993,2549.6148797730807,89.86341577031233,52.62051572242165,0.0,8.058427809487704,1,1188,0.0
1402,359.95000000000005,0.4103856768625359,2033.712635564969,100.22669176824589,22.055423626601993,2549.6148797730807,89.86340589741533,52.605356297438654,0.0,8.058500946092678,1,1188,0.0
1403,359.95500000000004,0.41072822100048517,2032.5410213067917,100.17071822360327,22.055423626601993,2549.6148797730807,89.86339602451834,52.590183570139374,0.0,8.058574061689038,1,1188,0.0
1404,359.96000000000004,0.4110712716299412,2031.3687169862308,100.1147107819556,22.055423626601993,2549.6148797730807,89.86338615162134,52.57499753274979,0.0,8.058647156258333,1,1188,0.0
1405,359.96500000000003,0.41141482946865005,2030.195722892344,100.05866945488285,22.055423626601993,2549.6148797730807,89.86337627872435,52.5597981774993,0.0,8.058720229782105,1,1188,0.0
1406,359.97,0.41175889523517895,2029.0220393159302,100.00259425408855,22.055423626601993,2549.6148797730807,89.86336640582735,52.544585496620755,0.0,8.058793282241883,1,1188,0.0
1407,359.9750000000001,0.4121034696489139,2027.8476665495266,99.94648519129818,22.055423626601993,2549.6148797730807,89.86335653293037,52.529359482350486,0.0,8.058866313619186,1,1188,0.0
1408,359.9800000000001,0.41244855343006215,2026.6726048874166,99.8903422783664,22.055423626601993,2549.6148797730807,89.86334666003336,52.514120126928304,0.0,8.058939323895522,1,1188,0.0
1409,359.98500000000007,0.41279414729965236,2025.496854625632,99.83416552719063,22.055423626601993,2549.6148797730807,89.86333678713638,52.49886742259754,0.0,8.05901231305239,1,1188,0.0
1410,359.99000000000007,0.41314025197953536,2024.3204160619516,99.77795494977657,22.055423626601993,2549.6148797730807,89.86332691423937,52.48360136160507,0.0,8.059085281071278,1,1188,0.0
1411,359.99500000000006,0.41348686819238106,2023.1432894959091,99.72171055820823,22.055423626601993,2549.6148797730807,89.86331704134238,52.46832193620129,0.0,8.059158227933658,1,1188,0.0
1412,360.00000000000006,0.41383399666168236,2021.9654752287925,99.66543236462424,22.055423626601993,2549.6148797730807,89.86330716844539,52.45302913864022,0.0,8.059231153620997,1,1188,0.0
1413,360.00500000000005,0.41418163811175357,2020.7869735636468,99.60912038125484,22.055423626601993,2549.6148797730807,89.86329729554839,52.43772296117941,0.0,8.059304058114751,1,1188,0.0
1414,360.01000000000005,0.41452979326773254,2019.6077848052792,99.55277462046105,22.055423626601993,2549.6148797730807,89.86328742265141,52.42240339608007,0.0,8.059376941396362,1,1188,0.0
1415,360.01500000000004,0.4148784628555776,2018.4279092602587,99.49639509462087,22.055423626601993,2549.6148797730807,89.8632775497544,52.40707043560703,0.0,8.059449803447263,1,1188,0.0
1416,360.02000000000004,0.4152276476020693,2017.247347236921,99.43998181622301,22.055423626601993,2549.6148797730807,89.86326767685742,52.39172407202877,0.0,8.059522644248878,1,1188,0.0
1417,360.02500000000003,0.4155773482348138,2016.06609904537,99.38353479780547,22.055423626601993,2549.6148797730807,89.86325780396042,52.37636429761746,0.0,8.059595463782616,1,1188,0.0
1418,360.03000000000003,0.4159275654822368,2014.8841649974809,99.32705405204311,22.055423626601993,2549.6148797730807,89.86324793106343,52.36099110464892,0.0,8.059668262029879,1,1188,0.0
1419,360.0350000000001,0.41627830007359007,2013.7015454069024,99.27053959165552,22.055423626601993,2549.6148797730807,89.86323805816643,52.34560448540274,0.0,8.059741038972057,1,1188,0.0
1420,360.0400000000001,0.4166295527389463,2012.5182405890598,99.21399142946869,22.055423626601993,2549.6148797730807,89.86322818526943,52.33020443216221,0.0,8.059813794590529,1,1188,0.0
1421,360.0450000000001,0.41698132420920314,2011.3342508611584,99.15740957834979,22.055423626601993,2549.6148797730807,89.86321831237244,52.3147909372144,0.0,8.059886528866663,1,1188,0.0
1422,360.05000000000007,0.41733361521608175,2010.1495765421846,99.10079405129026,22.055423626601993,2549.6148797730807,89.86320843947546,52.299363992850125,0.0,8.059959241781819,1,1188,0.0
1423,360.05500000000006,0.4176864264921275,2008.9642179529092,99.04414486135425,22.055423626601993,2549.6148797730807,89.86319856657845,52.28392359136402,0.0,8.06003193331734,1,1188,0.0
1424,360.06000000000006,0.41803975877071015,2007.7781754158914,98.98746202165462,22.055423626601993,2549.6148797730807,89.86318869368147,52.26846972505454,0.0,8.060104603454565,1,1188,0.0
1425,360.06500000000005,0.41839361278602255,2006.5914492554791,98.93074554546811,22.055423626601993,2549.6148797730807,89.86317882078446,52.25300238622395,0.0,8.060177252174821,1,1188,0.0
1426,360.07000000000005,0.41874798927308343,2005.4040397978133,98.87399544602415,22.055423626601993,2549.6148797730807,89.86316894788747,52.237521567178405,0.0,8.06024987945942,1,1188,0.0
1427,360.07500000000005,0.41910288896773584,2004.21594737083,98.81721173677697,22.055423626601993,2549.6148797730807,89.86315907499048,52.222027260227904,0.0,8.060322485289666,1,1188,0.0
1428,360.08000000000004,0.419458312606648,2003.0271723042622,98.76039443116522,22.055423626601993,2549.6148797730807,89.86314920209348,52.2065194576864,0.0,8.060395069646855,1,1188,0.0
1429,360.08500000000004,0.4198142609273131,2001.837714929646,98.70354354276017,22.055423626601993,2549.6148797730807,89.8631393291965,52.19099815187169,0.0,8.060467632512267,1,1188,0.0
1430,360.09000000000003,0.4201707346680501,2000.647575580318,98.646659085205,22.055423626601993,2549.6148797730807,89.86312945629949,52.17546333510558,0.0,8.060540173867178,1,1188,0.0
1431,360.095,0.4205277345680022,1999.4567545914224,98.58974107219856,22.055423626601993,2549.6148797730807,89.86311958340251,52.15991499971381,0.0,8.060612693692846,1,1188,0.0
1432,360.1000000000001,0.4208852613671394,1998.2652522999108,98.53278951756808,22.055423626601993,2549.6148797730807,89.86310971050551,52.1443531380261,0.0,8.060685191970522,1,1188,0.0
1433,360.1050000000001,0.4212433158062576,1997.0730690445466,98.47580443519688,22.055423626601993,2549.6148797730807,89.86309983760852,52.12877774237616,0.0,8.060757668681449,1,1188,0.0
1434,360.11000000000007,0.4216018986269778,1995.8802051659075,98.4187858390477,22.055423626601993,2549.6148797730807,89.86308996471152,52.11318880510174,0.0,8.060830123806854,1,1188,0.0
1435,360.11500000000007,0.4219610105717488,1994.6866610063857,98.36173374322871,22.055423626601993,2549.6148797730807,89.86308009181452,52.09758631854465,0.0,8.060902557327955,1,1188,0.0
1436,360.12000000000006,0.42232065238384414,1993.4924369101955,98.30464816182217,22.055423626601993,2549.6148797730807,89.86307021891753,52.081970275050736,0.0,8.060974969225963,1,1188,0.0
1437,360.12500000000006,0.4226808248073645,1992.297533223371,98.2475291090647,22.055423626601993,2549.6148797730807,89.86306034602055,52.06634066696994,0.0,8.061047359482075,1,1188,0.0
1438,360.13000000000005,0.4230415285872377,1991.1019502937716,98.19037659927464,22.055423626601993,2549.6148797730807,89.86305047312354,52.05069748665632,0.0,8.061119728077475,1,1188,0.0
1439,360.13500000000005,0.42340276446921754,1989.9056884710828,98.13319064687899,22.055423626601993,2549.6148797730807,89.86304060022655,52.035040726468054,0.0,8.061192074993341,1,1188,0.0
1440,360.14000000000004,0.42376453319988594,1988.7087481068215,98.0759712663298,22.055423626601993,2549.6148797730807,89.86303072732954,52.01937037876746,0.0,8.06126440021084,1,1188,0.0
1441,360.14500000000004,0.42412683552665087,1987.5111295543354,98.01871847216155,22.055423626601993,2549.6148797730807,89.86302085443256,52.003686435921054,0.0,8.061336703711126,1,1188,0.0
1442,360.15000000000003,0.424489672197749,1986.312833168809,97.96143227909238,22.055423626601993,2549.6148797730807,89.86301098153558,51.987988890299505,0.0,8.06140898547534,1,1188,0.0
1443,360.15500000000003,0.42485304396224227,1985.1138593072633,97.9041127018013,22.055423626601993,2549.6148797730807,89.86300110863857,51.972277734277725,0.0,8.061481245484622,1,1188,0.0
1444,360.1600000000001,0.4252169515700222,1983.9142083285592,97.84675975513494,22.055423626601993,2549.6148797730807,89.86299123574159,51.956552960234845,0.0,8.061553483720092,1,1188,0.0
1445,360.1650000000001,0.4255813957718083,1982.7138805934026,97.78937345400382,22.055423626601993,2549.6148797730807,89.86298136284458,51.94081456055426,0.0,8.061625700162862,1,1188,0.0
1446,360.1700000000001,0.42594637731914603,1981.5128764643434,97.73195381338918,22.055423626601993,2549.6148797730807,89.8629714899476,51.92506252762363,0.0,8.061697894794033,1,1188,0.0
1447,360.17500000000007,0.42631189696440946,1980.3111963057806,97.6745008483511,22.055423626601993,2549.6148797730807,89.8629616170506,51.90929685383492,0.0,8.061770067594699,1,1188,0.0
1448,360.18000000000006,0.4266779554608034,1979.1088404839643,97.6170145740797,22.055423626601993,2549.6148797730807,89.8629517441536,51.89351753158439,0.0,8.061842218545939,1,1188,0.0
1449,360.18500000000006,0.4270445535623573,1977.9058093669971,97.55949500580445,22.055423626601993,2549.6148797730807,89.86294187125661,51.877724553272685,0.0,8.061914347628825,1,1188,0.0
1450,360.19000000000005,0.42741169202393064,1976.7021033248398,97.50194215887412,22.055423626601993,2549.6148797730807,89.86293199835961,51.86191791130476,0.0,8.061986454824416,1,1188,0.0
1451,360.19500000000005,0.42777937160121193,1975.4977227293093,97.44435604870112,22.055423626601993,2549.6148797730807,89.86292212546262,51.84609759808999,0.0,8.062058540113759,1,1188,0.0
1452,360.20000000000005,0.42814759305071887,1974.2926679540876,97.38673669078383,22.055423626601993,2549.6148797730807,89.86291225256564,51.83026360604214,0.0,8.062130603477895,1,1188,0.0
1453,360.20500000000004,0.4285163571297952,1973.0869393747178,97.3290841007479,22.055423626601993,2549.6148797730807,89.86290237966863,51.81441592757939,0.0,8.062202644897852,1,1188,0.0
1454,360.21000000000004,0.42888566459661615,1971.880537368612,97.27139829424604,22.055423626601993,2549.6148797730807,89.86289250677164,51.798554555124376,0.0,8.062274664354645,1,1188,0.0
1455,360.21500000000003,0.4292555162101858,1970.673462315051,97.21367928703454,22.055423626601993,2549.6148797730807,89.86288263387465,51.7826794811042,0.0,8.062346661829284,1,1188,0.0
1456,360.22,0.42962591273033635,1969.4657145951871,97.15592709498092,22.055423626601993,2549.6148797730807,89.86287276097765,51.76679069795046,0.0,8.062418637302763,1,1188,0.0
1457,360.2250000000001,0.4299968549177292,1968.2572945920476,97.09814173404247,22.055423626601993,2549.6148797730807,89.86286288808067,51.75088819809925,0.0,8.062490590756068,1,1188,0.0
1458,360.2300000000001,0.4303683435338571,1967.0482026905381,97.040323220233,22.055423626601993,2549.6148797730807,89.86285301518366,51.7349719739912,0.0,8.062562522170175,1,1188,0.0
1459,360.23500000000007,0.43074037934103904,1965.8384392774437,96.98247156964804,22.055423626601993,2549.6148797730807,89.86284314228668,51.719042018071505,0.0,8.06263443152605,1,1188,0.0
1460,360.24000000000007,0.43111296310242675,1964.6280047414316,96.92458679851713,22.055423626601993,2549.6148797730807,89.86283326938967,51.703098322789906,0.0,8.062706318804645,1,1188,0.0
1461,360.24500000000006,0.43148609558199985,1963.4168994730546,96.86666892311035,22.055423626601993,2549.6148797730807,89.86282339649269,51.687140880600786,0.0,8.062778183986905,1,1188,0.0
1462,360.25000000000006,0.43185977754456784,1962.205123864754,96.80871795980381,22.055423626601993,2549.6148797730807,89.86281352359569,51.6711696839631,0.0,8.062850027053763,1,1188,0.0
1463,360.25500000000005,0.43223400975577114,1960.9926783108606,96.75073392505261,22.055423626601993,2549.6148797730807,89.8628036506987,51.65518472534047,0.0,8.062921847986143,1,1188,0.0
1464,360.26000000000005,0.43260879298207866,1959.7795632075993,96.69271683546498,22.055423626601993,2549.6148797730807,89.8627937778017,51.639185997201174,0.0,8.062993646764955,1,1188,0.0
1465,360.26500000000004,0.43298412799079034,1958.5657789530885,96.63466670759615,22.055423626601993,2549.6148797730807,89.8627839049047,51.623173492018175,0.0,8.063065423371102,1,1188,0.0
1466,360.27000000000004,0.4333600155500356,1957.3513259473502,96.5765835582603,22.055423626601993,2549.6148797730807,89.8627740320077,51.60714720226913,0.0,8.063137177785476,1,1188,0.0
1467,360.27500000000003,0.4337364564287751,1956.1362045923022,96.51846740418652,22.055423626601993,2549.6148797730807,89.86276415911072,51.59110712043645,0.0,8.063208909988957,1,1188,0.0
1468,360.28000000000003,0.4341134513967982,1954.9204152917684,96.46031826236091,22.055423626601993,2549.6148797730807,89.86275428621371,51.575053239007254,0.0,8.063280619962415,1,1188,0.0
1469,360.2850000000001,0.43449100122472656,1953.7039584514782,96.40213614971603,22.055423626601993,2549.6148797730807,89.86274441331673,51.55898555047347,0.0,8.063352307686712,1,1188,0.0
1470,360.2900000000001,0.43486910668401074,1952.4868344790705,96.34392108335598,22.055423626601993,2549.6148797730807,89.86273454041974,51.5429040473318,0.0,8.063423973142696,1,1188,0.0
1471,360.2950000000001,0.43524776854693215,1951.2690437840947,96.2856730804514,22.055423626601993,2549.6148797730807,89.86272466752274,51.52680872208375,0.0,8.063495616311204,1,1188,0.0
1472,360.30000000000007,0.4356269875866031,1950.050586778016,96.22739215826734,22.055423626601993,2549.6148797730807,89.86271479462576,51.51069956723569,0.0,8.06356723717307,1,1188,0.0
1473,360.30500000000006,0.43600676457696697,1948.8314638742143,96.16907833414149,22.055423626601993,2549.6148797730807,89.86270492172875,51.49457657529882,0.0,8.063638835709108,1,1188,0.0
1474,360.31000000000006,0.43638710029279576,1947.6116754879904,96.11073162548888,22.055423626601993,2549.6148797730807,89.86269504883177,51.47843973878925,0.0,8.063710411900129,1,1188,0.0
1475,360.31500000000005,0.4367679955096949,1946.391222036566,96.0523520498765,22.055423626601993,2549.6148797730807,89.86268517593476,51.46228905022795,0.0,8.063781965726927,1,1188,0.0
1476,360.32000000000005,0.4371494510040991,1945.1701039390891,95.99393962491972,22.055423626601993,2549.6148797730807,89.86267530303778,51.44612450214087,0.0,8.06385349717029,1,1188,0.0
1477,360.32500000000005,0.43753146755327366,1943.9483216166325,95.9354943682826,22.055423626601993,2549.6148797730807,89.86266543014078,51.42994608705886,0.0,8.063925006210996,1,1188,0.0
1478,360.33000000000004,0.43791404593531635,1942.7258754922007,95.87701629778059,22.055423626601993,2549.6148797730807,89.86265555724378,51.41375379751776,0.0,8.06399649282981,1,1188,0.0
1479,360.33500000000004,0.4382971869291539,1941.5027659907294,95.81850543130051,22.055423626601993,2549.6148797730807,89.86264568434679,51.39754762605838,0.0,8.06406795700749,1,1188,0.0
1480,360.34000000000003,0.43868089131454563,1940.27899353909,95.75996178681042,22.055423626601993,2549.6148797730807,89.86263581144979,51.38132756522658,0.0,8.064139398724778,1,1188,0.0
1481,360.345,0.43906515987208095,1939.0545585660905,95.70138538238905,22.055423626601993,2549.6148797730807,89.8626259385528,51.36509360757322,0.0,8.064210817962412,1,1188,0.0
1482,360.3500000000001,0.43944999338318075,1937.8294615024813,95.64277623616866,22.055423626601993,2549.6148797730807,89.86261606565581,51.34884574565425,0.0,8.064282214701114,1,1188,0.0
1483,360.3550000000001,0.4398353926300969,1936.603702780953,95.5841343664224,22.055423626601993,2549.6148797730807,89.8626061927588,51.332583972030655,0.0,8.0643535889216,1,1188,0.0
1484,360.36000000000007,0.4402213583959125,1935.3772828361425,95.52545979146265,22.055423626601993,2549.6148797730807,89.86259631986182,51.31630827926856,0.0,8.064424940604576,1,1188,0.0
1485,360.36500000000007,0.44060789146454177,1934.150202104636,95.46675252970176,22.055423626601993,2549.6148797730807,89.86258644696483,51.30001865993921,0.0,8.064496269730732,1,1188,0.0
1486,360.37000000000006,0.44099499262072944,1932.922461024968,95.40801259969366,22.055423626601993,2549.6148797730807,89.86257657406783,51.28371510661897,0.0,8.064567576280753,1,1188,0.0
1487,360.37500000000006,0.4413826626500529,1931.6940600376277,95.3492400199932,22.055423626601993,2549.6148797730807,89.86256670117085,51.26739761188941,0.0,8.064638860235315,1,1188,0.0
1488,360.38000000000005,0.4417709023389198,1930.4649995850589,95.29043480933788,22.055423626601993,2549.6148797730807,89.86255682827384,51.25106616833725,0.0,8.064710121575075,1,1188,0.0
1489,360.38500000000005,0.4421597124745688,1929.2352801116663,95.23159698650551,22.055423626601993,2549.6148797730807,89.86254695537686,51.234720768554475,0.0,8.064781360280689,1,1188,0.0
1490,360.39000000000004,0.4425490938450702,1928.0049020638119,95.17272657037886,22.055423626601993,2549.6148797730807,89.86253708247986,51.21836140513826,0.0,8.064852576332799,1,1188,0.0
1491,360.39500000000004,0.4429390472393253,1926.7738658898238,95.11382357992112,22.055423626601993,2549.6148797730807,89.86252720958286,51.20198807069107,0.0,8.064923769712033,1,1188,0.0
1492,360.40000000000003,0.44332957344706725,1925.5421720399954,95.0548880341708,22.055423626601993,2549.6148797730807,89.86251733668587,51.18560075782063,0.0,8.064994940399018,1,1188,0.0
1493,360.40500000000003,0.4437206732588598,1924.309820966589,94.99591995233052,22.055423626601993,2549.6148797730807,89.86250746378887,51.16919945913998,0.0,8.065066088374362,1,1188,0.0
1494,360.4100000000001,0.44411234746609835,1923.076813123837,94.93691935361515,22.055423626601993,2549.6148797730807,89.86249759089188,51.152784167267484,0.0,8.065137213618668,1,1188,0.0
1495,360.4150000000001,0.44450459686100946,1921.8431489679474,94.87788625735898,22.055423626601993,2549.6148797730807,89.86248771799488,51.13635487482686,0.0,8.065208316112523,1,1188,0.0
1496,360.4200000000001,0.44489742223665074,1920.608828957103,94.81882068301942,22.055423626601993,2549.6148797730807,89.86247784509789,51.11991157444717,0.0,8.065279395836512,1,1188,0.0
1497,360.42500000000007,0.4452908243869111,1919.3738535514663,94.75972265007742,22.055423626601993,2549.6148797730807,89.8624679722009,51.10345425876292,0.0,8.065350452771202,1,1188,0.0
1498,360.43000000000006,0.4456848041065109,1918.1382232131825,94.70059217815283,22.055423626601993,2549.6148797730807,89.86245809930391,51.086982920413995,0.0,8.065421486897153,1,1188,0.0
1499,360.43500000000006,0.44607936219100214,1916.9019384063783,94.64142928696683,22.055423626601993,2549.6148797730807,89.86244822640691,51.07049755204573,0.0,8.065492498194915,1,1188,0.0
1500,360.44000000000005,0.4464744994367662,1915.6649995971684,94.58223399631073,22.055423626601993,2549.6148797730807,89.86243835350992,51.05399814630893,0.0,8.06556348664503,1,1188,0.0
1501,360.44500000000005,0.4468702166410177,1914.4274072536577,94.5230063260856,22.055423626601993,2549.6148797730807,89.86242848061292,51.03748469585987,0.0,8.065634452228023,1,1188,0.0
1502,360.45000000000005,0.44726651460180117,1913.1891618459422,94.46374629622821,22.055423626601993,2549.6148797730807,89.86241860771594,51.02095719336034,0.0,8.065705394924416,1,1188,0.0
1503,360.45500000000004,0.44766339411799283,1911.9502638461115,94.40445392686901,22.055423626601993,2549.6148797730807,89.86240873481893,51.00441563147767,0.0,8.065776314714718,1,1188,0.0
1504,360.46000000000004,0.4480608559892998,1910.7107137282521,94.34512923815669,22.055423626601993,2549.6148797730807,89.86239886192195,50.98786000288474,0.0,8.065847211579424,1,1188,0.0
1505,360.46500000000003,0.4484589010162598,1909.470511968452,94.28577225034341,22.055423626601993,2549.6148797730807,89.86238898902495,50.97129030026,0.0,8.065918085499026,1,1188,0.0
1506,360.47,0.44885753000024164,1908.2296590447986,94.22638298378212,22.055423626601993,2549.6148797730807,89.86237911612795,50.954706516287494,0.0,8.065988936454001,1,1188,0.0
1507,360.4750000000001,0.4492567437434464,1906.988155437385,94.16696145890053,22.055423626601993,2549.6148797730807,89.86236924323096,50.93810864365692,0.0,8.066059764424816,1,1188,0.0
1508,360.4800000000001,0.4496565430489039,1905.7460016283126,94.1075076962981,22.055423626601993,2549.6148797730807,89.86235937033396,50.92149667506357,0.0,8.06613056939193,1,1188,0.0
1509,360.48500000000007,0.45005692872047676,1904.5031981016903,94.04802171656408,22.055423626601993,2549.6148797730807,89.86234949743697,50.90487060320846,0.0,8.06620135133579,1,1188,0.0
1510,360.49000000000007,0.45045790156285687,1903.259745343641,93.98850354042608,22.055423626601993,2549.6148797730807,89.86233962453997,50.88823042079825,0.0,8.066272110236834,1,1188,0.0
1511,360.49500000000006,0.45085946238156804,1902.0156438423,93.92895318872613,22.055423626601993,2549.6148797730807,89.86232975164297,50.871576120545356,0.0,8.06634284607549,1,1188,0.0
1512,360.50000000000006,0.4512616119829641,1900.7708940878235,93.869370682369,22.055423626601993,2549.6148797730807,89.86231987874599,50.8549076951679,0.0,8.066413558832172,1,1188,0.0
1513,360.50500000000005,0.45166435117422943,1899.525496572385,93.80975604234979,22.055423626601993,2549.6148797730807,89.862310005849,50.838225137389784,0.0,8.06648424848729,1,1188,0.0
1514,360.51000000000005,0.45206768076337955,1898.2794517901807,93.75010928978124,22.055423626601993,2549.6148797730807,89.862300132952,50.82152843994069,0.0,8.066554915021243,1,1188,0.0
1515,360.51500000000004,0.4524716015592598,1897.0327602374316,93.69043044588746,22.055423626601993,2549.6148797730807,89.862290260055,50.8048175955561,0.0,8.066625558414412,1,1188,0.0
1516,360.52000000000004,0.45287611437154596,1895.785422412387,93.63071953192285,22.055423626601993,2549.6148797730807,89.86228038715801,50.788092596977336,0.0,8.066696178647177,1,1188,0.0
1517,360.52500000000003,0.4532812200107447,1894.5374388153261,93.57097656927917,22.055423626601993,2549.6148797730807,89.86227051426103,50.77135343695157,0.0,8.066766775699907,1,1188,0.0
1518,360.53000000000003,0.45368691928819327,1893.2888099485594,93.51120157946367,22.055423626601993,2549.6148797730807,89.86226064136402,50.75460010823185,0.0,8.066837349552955,1,1188,0.0
1519,360.5350000000001,0.45409321301605715,1892.0395363164337,93.45139458401208,22.055423626601993,2549.6148797730807,89.86225076846704,50.737832603577125,0.0,8.066907900186667,1,1188,0.0
1520,360.5400000000001,0.4545001020073339,1890.7896184253323,93.39155560463725,22.055423626601993,2549.6148797730807,89.86224089557004,50.721050915752265,0.0,8.066978427581383,1,1188,0.0
1521,360.5450000000001,0.4549075870758501,1889.53905678368,93.33168466308275,22.055423626601993,2549.6148797730807,89.86223102267304,50.7042550375281,0.0,8.067048931717425,1,1188,0.0
1522,360.55000000000007,0.455315669036263,1888.287851901942,93.2717817811921,22.055423626601993,2549.6148797730807,89.86222114977605,50.687444961681415,0.0,8.067119412575112,1,1188,0.0
1523,360.55500000000006,0.4557243487040584,1887.0360042926316,93.21184698095489,22.055423626601993,2549.6148797730807,89.86221127687905,50.67062068099499,0.0,8.06718987013475,1,1188,0.0
1524,360.56000000000006,0.45613362689555326,1885.7835144703063,93.15188028440214,22.055423626601993,2549.6148797730807,89.86220140398206,50.65378218825764,0.0,8.067260304376635,1,1188,0.0
1525,360.56500000000005,0.4565435044278926,1884.530382951577,93.09188171368501,22.055423626601993,2549.6148797730807,89.86219153108507,50.63692947626419,0.0,8.067330715281052,1,1188,0.0
1526,360.57000000000005,0.4569539821190519,1883.276610255104,93.0318512910403,22.055423626601993,2549.6148797730807,89.86218165818808,50.62006253781558,0.0,8.067401102828278,1,1188,0.0
1527,360.57500000000005,0.457365060787836,1882.022196901606,92.97178903881652,22.055423626601993,2549.6148797730807,89.86217178529108,50.60318136571877,0.0,8.067471466998578,1,1188,0.0
1528,360.58000000000004,0.4577767412538788,1880.7671434138565,92.91169497945098,22.055423626601993,2549.6148797730807,89.86216191239409,50.586285952786895,0.0,8.06754180777221,1,1188,0.0
1529,360.58500000000004,0.4581890243376428,1879.5114503166915,92.85156913545563,22.055423626601993,2549.6148797730807,89.86215203949709,50.56937629183918,0.0,8.067612125129418,1,1188,0.0
1530,360.59000000000003,0.458601910860421,1878.2551181370081,92.79141152948303,22.055423626601993,2549.6148797730807,89.8621421666001,50.55245237570103,0.0,8.06768241905044,1,1188,0.0
1531,360.595,0.45901540164433374,1876.998147403768,92.73122218422621,22.055423626601993,2549.6148797730807,89.8621322937031,50.53551419720403,0.0,8.067752689515501,1,1188,0.0
1532,360.6000000000001,0.4594294975123303,1875.7405386480027,92.67100112251329,22.055423626601993,2549.6148797730807,89.86212242080612,50.51856174918598,0.0,8.067822936504816,1,1188,0.0
1533,360.6050000000001,0.4598441992881895,1874.4822924028122,92.61074836726986,22.055423626601993,2549.6148797730807,89.8621125479091,50.501595024490875,0.0,8.067893159998594,1,1188,0.0
1534,360.61000000000007,0.46025950779651775,1873.2234092033693,92.55046394149744,22.055423626601993,2549.6148797730807,89.86210267501212,50.48461401596901,0.0,8.067963359977028,1,1188,0.0
1535,360.61500000000007,0.46067542386275073,1871.9638895869227,92.49014786830715,22.055423626601993,2549.6148797730807,89.86209280211513,50.46761871647693,0.0,8.068033536420305,1,1188,0.0
1536,360.62000000000006,0.4610919483131513,1870.7037340927973,92.42980017089307,22.055423626601993,2549.6148797730807,89.86208292921813,50.45060911887748,0.0,8.068103689308604,1,1188,0.0
1537,360.62500000000006,0.46150908197481155,1869.442943262399,92.36942087259354,22.055423626601993,2549.6148797730807,89.86207305632114,50.43358521603984,0.0,8.068173818622087,1,1188,0.0
1538,360.63000000000005,0.4619268256756495,1868.1815176392163,92.30900999676031,22.055423626601993,2549.6148797730807,89.86206318342414,50.416547000839536,0.0,8.068243924340912,1,1188,0.0
1539,360.63500000000005,0.4623451802444135,1866.9194577688227,92.24856756692108,22.055423626601993,2549.6148797730807,89.86205331052714,50.399494466158465,0.0,8.068314006445227,1,1188,0.0
1540,360.64000000000004,0.46276414651067715,1865.6567641988781,92.18809360665048,22.055423626601993,2549.6148797730807,89.86204343763016,50.382427604884924,0.0,8.068384064915168,1,1188,0.0
1541,360.64500000000004,0.463183725304843,1864.3934374791336,92.12758813966079,22.055423626601993,2549.6148797730807,89.86203356473317,50.36534640991361,0.0,8.068454099730861,1,1188,0.0
1542,360.65000000000003,0.4636039174581408,1863.1294781614322,92.06705118972481,22.055423626601993,2549.6148797730807,89.86202369183617,50.34825087414571,0.0,8.068524110872422,1,1188,0.0
1543,360.65500000000003,0.4640247238026261,1861.864886799712,92.00648278074038,22.055423626601993,2549.6148797730807,89.86201381893918,50.331140990488834,0.0,8.06859409831996,1,1188,0.0
1544,360.6600000000001,0.46444614517118293,1860.5996639500079,91.94588293668573,22.055423626601993,2549.6148797730807,89.86200394604218,50.314016751857096,0.0,8.068664062053571,1,1188,0.0
1545,360.6650000000001,0.46486818239752126,1859.3338101704549,91.88525168163905,22.055423626601993,2549.6148797730807,89.86199407314518,50.29687815117114,0.0,8.068734002053342,1,1188,0.0
1546,360.6700000000001,0.46529083631617735,1858.06732602129,91.82458903978218,22.055423626601993,2549.6148797730807,89.86198420024819,50.279725181358145,0.0,8.068803918299349,1,1188,0.0
1547,360.67500000000007,0.465714107762515,1856.8002120648562,91.76389503540318,22.055423626601993,2549.6148797730807,89.8619743273512,50.26255783535184,0.0,8.068873810771661,1,1188,0.0
1548,360.68000000000006,0.4661379975727231,1855.532468865602,91.7031696928756,22.055423626601993,2549.6148797730807,89.8619644544542,50.24537610609256,0.0,8.068943679450337,1,1188,0.0
1549,360.68500000000006,0.4665625065838165,1854.2640969900854,91.64241303664951,22.055423626601993,2549.6148797730807,89.86195458155721,50.228179986527245,0.0,8.069013524315423,1,1188,0.0
1550,360.69000000000005,0.4669876356336366,1852.9950970069767,91.58162509133619,22.055423626601993,2549.6148797730807,89.86194470866022,50.21096946960948,0.0,8.069083345346955,1,1188,0.0
1551,360.69500000000005,0.4674133855608502,1851.7254694870633,91.52080588158755,22.055423626601993,2549.6148797730807,89.86193483576322,50.193744548299506,0.0,8.069153142524966,1,1188,0.0
1552,360.70000000000005,0.4678397572049497,1850.4552150032453,91.45995543218083,22.055423626601993,2549.6148797730807,89.86192496286623,50.176505215564234,0.0,8.06922291582947,1,1188,0.0
1553,360.70500000000004,0.4682667514062519,1849.1843341305441,91.3990737679924,22.055423626601993,2549.6148797730807,89.86191508996923,50.159251464377306,0.0,8.069292665240479,1,1188,0.0
1554,360.71000000000004,0.4686943690058992,1847.9128274461036,91.33816091397073,22.055423626601993,2549.6148797730807,89.86190521707223,50.14198328771909,0.0,8.069362390737988,1,1188,0.0
1555,360.71500000000003,0.46912261084585855,1846.6406955291902,91.27721689520862,22.055423626601993,2549.6148797730807,89.86189534417525,50.12470067857672,0.0,8.069432092301989,1,1188,0.0
1556,360.72,0.469551477768922,1845.3679389611984,91.21624173688133,22.055423626601993,2549.6148797730807,89.86188547127826,50.1074036299441,0.0,8.06950176991246,1,1188,0.0
1557,360.7250000000001,0.4699809706187053,1844.0945583256516,91.15523546421002,22.055423626601993,2549.6148797730807,89.86187559838126,50.09009213482195,0.0,8.06957142354937,1,1188,0.0
1558,360.7300000000001,0.47041109023964867,1842.820554208203,91.09419810259736,22.055423626601993,2549.6148797730807,89.86186572548426,50.07276618621782,0.0,8.069641053192681,1,1188,0.0
1559,360.73500000000007,0.4708418374770161,1841.5459271966422,91.03312967749363,22.055423626601993,2549.6148797730807,89.86185585258727,50.055425777146105,0.0,8.069710658822341,1,1188,0.0
1560,360.74000000000007,0.4712732131768948,1840.2706778808927,90.97203021448243,22.055423626601993,2549.6148797730807,89.86184597969029,50.0380709006281,0.0,8.069780240418291,1,1188,0.0
1561,360.74500000000006,0.47170521818619604,1838.9948068530182,90.91089973921264,22.055423626601993,2549.6148797730807,89.86183610679328,50.020701549691985,0.0,8.06984979796046,1,1188,0.0
1562,360.75000000000006,0.4721378533526542,1837.7183147072233,90.84973827745823,22.055423626601993,2549.6148797730807,89.8618262338963,50.00331771737289,0.0,8.069919331428773,1,1188,0.0
1563,360.75500000000005,0.47257111952482656,1836.4412020398547,90.78854585507841,22.055423626601993,2549.6148797730807,89.86181636099928,49.985919396712866,0.0,8.069988840803138,1,1188,0.0
1564,360.76000000000005,0.4730050175520929,1835.1634694494078,90.72732249806846,22.055423626601993,2549.6148797730807,89.8618064881023,49.96850658076098,0.0,8.070058326063457,1,1188,0.0
1565,360.76500000000004,0.47343954828465556,1833.8851175365228,90.66606823244355,22.055423626601993,2549.6148797730807,89.86179661520531,49.95107926257328,0.0,8.07012778718962,1,1188,0.0
1566,360.77000000000004,0.4738747125735386,1832.6061469039928,90.60478308441773,22.055423626601993,2549.6148797730807,89.86178674230831,49.933637435212844,0.0,8.070197224161511,1,1188,0.0
1567,360.77500000000003,0.47431051127058904,1831.3265581567641,90.5434670802418,22.055423626601993,2549.6148797730807,89.86177686941132,49.91618109174981,0.0,8.070266636959003,1,1188,0.0
1568,360.78000000000003,0.4747469452284744,1830.046351901938,90.48212024626186,22.055423626601993,2549.6148797730807,89.86176699651432,49.89871022526139,0.0,8.070336025561959,1,1188,0.0
1569,360.7850000000001,0.47518401530068444,1828.7655287487723,90.42074260898981,22.055423626601993,2549.6148797730807,89.86175712361734,49.88122482883188,0.0,8.07040538995023,1,1188,0.0
1570,360.7900000000001,0.47562172234152933,1827.4840893086875,90.35933419496489,22.055423626601993,2549.6148797730807,89.86174725072034,49.863724895552735,0.0,8.070474730103662,1,1188,0.0
1571,360.7950000000001,0.4760600672061415,1826.2020341952652,90.29789503085532,22.055423626601993,2549.6148797730807,89.86173737782335,49.846210418522524,0.0,8.070544046002087,1,1188,0.0
1572,360.80000000000007,0.4764990507504715,1824.9193640242509,90.2364251434597,22.055423626601993,2549.6148797730807,89.86172750492635,49.828681390847024,0.0,8.070613337625332,1,1188,0.0
1573,360.80500000000006,0.4769386738312924,1823.6360794135599,90.17492455963793,22.055423626601993,2549.6148797730807,89.86171763202935,49.8111378056392,0.0,8.070682604953209,1,1188,0.0
1574,360.81000000000006,0.47737893730619596,1822.3521809832755,90.11339330635369,22.055423626601993,2549.6148797730807,89.86170775913236,49.79357965601923,0.0,8.070751847965523,1,1188,0.0
1575,360.81500000000005,0.47781984203359507,1821.0676693556538,90.05183141071967,22.055423626601993,2549.6148797730807,89.86169788623538,49.776006935114566,0.0,8.070821066642072,1,1188,0.0
1576,360.82000000000005,0.4782613888727198,1819.782545155124,89.99023889987099,22.055423626601993,2549.6148797730807,89.86168801333837,49.75841963605992,0.0,8.07089026096264,1,1188,0.0
1577,360.82500000000005,0.4787035786836214,1818.4968090082946,89.9286158010947,22.055423626601993,2549.6148797730807,89.86167814044138,49.7408177519973,0.0,8.070959430907005,1,1188,0.0
1578,360.83000000000004,0.47914641232716854,1817.2104615439514,89.86696214181072,22.055423626601993,2549.6148797730807,89.86166826754439,49.72320127607605,0.0,8.071028576454932,1,1188,0.0
1579,360.83500000000004,0.4795898906650497,1815.9235033930606,89.80527794947223,22.055423626601993,2549.6148797730807,89.86165839464739,49.70557020145286,0.0,8.071097697586179,1,1188,0.0
1580,360.84000000000003,0.4800340145597695,1814.6359351887747,89.74356325166154,22.055423626601993,2549.6148797730807,89.8616485217504,49.68792452129179,0.0,8.071166794280495,1,1188,0.0
1581,360.845,0.4804787848746532,1813.347757566431,89.68181807607574,22.055423626601993,2549.6148797730807,89.8616386488534,49.6702642287643,0.0,8.071235866517616,1,1188,0.0
1582,360.8500000000001,0.4809242024738419,1812.0589711635548,89.6200424504969,22.055423626601993,2549.6148797730807,89.8616287759564,49.652589317049305,0.0,8.071304914277272,1,1188,0.0
1583,360.8550000000001,0.4813702682222927,1810.7695766198642,89.55823640285364,22.055423626601993,2549.6148797730807,89.86161890305941,49.63489977933311,0.0,8.071373937539184,1,1188,0.0
1584,360.86000000000007,0.48181698298578246,1809.4795745772685,89.4963999610973,22.055423626601993,2549.6148797730807,89.86160903016243,49.61719560880956,0.0,8.07144293628306,1,1188,0.0
1585,360.86500000000007,0.4822643476309025,1808.1889656798728,89.43453315335144,22.055423626601993,2549.6148797730807,89.86159915726543,49.599476798679945,0.0,8.0715119104886,1,1188,0.0
1586,360.87000000000006,0.482712363025062,1806.8977505739804,89.37263600781115,22.055423626601993,2549.6148797730807,89.86158928436843,49.58174334215311,0.0,8.071580860135494,1,1188,0.0
1587,360.87500000000006,0.48316103003648353,1805.6059299080946,89.31070855278816,22.055423626601993,2549.6148797730807,89.86157941147144,49.56399523244546,0.0,8.071649785203427,1,1188,0.0
1588,360.88000000000005,0.48361034953420784,1804.313504332921,89.24875081667956,22.055423626601993,2549.6148797730807,89.86156953857444,49.546232462780935,0.0,8.071718685672069,1,1188,0.0
1589,360.88500000000005,0.48406032238808966,1803.02047450137,89.1867628279897,22.055423626601993,2549.6148797730807,89.86155966567745,49.528455026391114,0.0,8.07178756152108,1,1188,0.0
1590,360.89000000000004,0.4845109494687984,1801.7268410685595,89.12474461534059,22.055423626601993,2549.6148797730807,89.86154979278047,49.5106629165152,0.0,8.071856412730117,1,1188,0.0
1591,360.89500000000004,0.4849622316478187,1800.4326046918163,89.06269620747781,22.055423626601993,2549.6148797730807,89.86153991988346,49.49285612640002,0.0,8.071925239278821,1,1188,0.0
1592,360.90000000000003,0.48541416979744845,1799.1377660306775,89.00061763318276,22.055423626601993,2549.6148797730807,89.86153004698647,49.47503464930011,0.0,8.071994041146828,1,1188,0.0
1593,360.90500000000003,0.4858667647907996,1797.8423257468976,88.9385089213868,22.055423626601993,2549.6148797730807,89.86152017408948,49.457198478477686,0.0,8.07206281831376,1,1188,0.0
1594,360.9100000000001,0.486320017501798,1796.5462845044435,88.87637010114953,22.055423626601993,2549.6148797730807,89.86151030119248,49.4393476072027,0.0,8.072131570759238,1,1188,0.0
1595,360.9150000000001,0.4867739288051819,1795.2496429695025,88.81420120155109,22.055423626601993,2549.6148797730807,89.86150042829549,49.42148202875284,0.0,8.072200298462862,1,1188,0.0
1596,360.9200000000001,0.48722849957650244,1793.9524018104835,88.75200225187177,22.055423626601993,2549.6148797730807,89.86149055539849,49.4036017364136,0.0,8.072269001404232,1,1188,0.0
1597,360.92500000000007,0.48768373069212345,1792.654561698016,88.68977328143482,22.055423626601993,2549.6148797730807,89.86148068250151,49.385706723478265,0.0,8.072337679562933,1,1188,0.0
1598,360.93000000000006,0.48813962302921937,1791.3561233049577,88.62751431967841,22.055423626601993,2549.6148797730807,89.8614708096045,49.36779698324795,0.0,8.072406332918545,1,1188,0.0
1599,360.93500000000006,0.4885961774657777,1790.0570873063912,88.56522539616563,22.055423626601993,2549.6148797730807,89.86146093670752,49.34987250903161,0.0,8.072474961450638,1,1188,0.0
1600,360.94000000000005,0.4890533948805957,1788.757454379631,88.5029065405405,22.055423626601993,2549.6148797730807,89.86145106381052,49.33193329414611,0.0,8.07254356513877,1,1188,0.0
1601,360.94500000000005,0.4895112761532825,1787.4572252042228,88.44055778257928,22.055423626601993,2549.6148797730807,89.86144119091352,49.313979331916194,0.0,8.07261214396249,1,1188,0.0
1602,360.95000000000005,0.48996982216425644,1786.1564004619468,88.37817915211483,22.055423626601993,2549.6148797730807,89.86143131801653,49.29601061567454,0.0,8.072680697901339,1,1188,0.0
1603,360.95500000000004,0.49042903379474634,1784.8549808368205,88.31577067915282,22.055423626601993,2549.6148797730807,89.86142144511953,49.27802713876181,0.0,8.07274922693485,1,1188,0.0
1604,360.96000000000004,0.49088891192679074,1783.552967015099,88.25333239371909,22.055423626601993,2549.6148797730807,89.86141157222254,49.2600288945266,0.0,8.072817731042544,1,1188,0.0
1605,360.96500000000003,0.4913494574432358,1782.2503596852798,88.19086432602202,22.055423626601993,2549.6148797730807,89.86140169932555,49.24201587632556,0.0,8.072886210203935,1,1188,0.0
1606,360.97,0.49181067122773886,1780.9471595381033,88.12836650634742,22.055423626601993,2549.6148797730807,89.86139182642854,49.223988077523344,0.0,8.072954664398525,1,1188,0.0
1607,360.9750000000001,0.4922725541647628,1779.6433672665555,88.06583896505454,22.055423626601993,2549.6148797730807,89.86138195353156,49.20594549149269,0.0,8.07302309360581,1,1188,0.0
1608,360.9800000000001,0.49273510713957996,1778.33898356587,88.00328173267059,22.055423626601993,2549.6148797730807,89.86137208063457,49.18788811161439,0.0,8.073091497805274,1,1188,0.0
1609,360.98500000000007,0.4931983310382697,1777.0340091335313,87.94069483978181,22.055423626601993,2549.6148797730807,89.86136220773757,49.16981593127738,0.0,8.073159876976394,1,1188,0.0
1610,360.99000000000007,0.4936622267477177,1775.7284446692756,87.87807831707276,22.055423626601993,2549.6148797730807,89.86135233484057,49.1517289438787,0.0,8.073228231098637,1,1188,0.0
1611,360.99500000000006,0.49412679515561697,1774.4222908750937,87.81543219538896,22.055423626601993,2549.6148797730807,89.86134246194358,49.13362714282357,0.0,8.073296560151459,1,1188,0.0
1612,361.00000000000006,0.4945920371504658,1773.1155484552328,87.75275650561706,22.055423626601993,2549.6148797730807,89.8613325890466,49.11551052152541,0.0,8.07336486411431,1,1188,0.0
1613,361.00500000000005,0.4950579536215688,1771.8082181162004,87.69005127880143,22.055423626601993,2549.6148797730807,89.8613227161496,49.097379073405826,0.0,8.073433142966628,1,1188,0.0
1614,361.01000000000005,0.49552454545903457,1770.5003005667634,87.62731654603971,22.055423626601993,2549.6148797730807,89.8613128432526,49.079232791894675,0.0,8.073501396687845,1,1188,0.0
1615,361.01500000000004,0.49599181355377786,1769.1917965179532,87.56455233860484,22.055423626601993,2549.6148797730807,89.86130297035561,49.06107167043009,0.0,8.07356962525738,1,1188,0.0
1616,361.02000000000004,0.49645975879751614,1767.8827066830668,87.50175868780555,22.055423626601993,2549.6148797730807,89.86129309745861,49.04289570245849,0.0,8.073637828654645,1,1188,0.0
1617,361.02500000000003,0.4969283820827717,1766.5730317776686,87.438935625104,22.055423626601993,2549.6148797730807,89.86128322456162,49.0247048814346,0.0,8.073706006859043,1,1188,0.0
1618,361.03000000000003,0.4973976843028699,1765.2627725195928,87.376083182033,22.055423626601993,2549.6148797730807,89.86127335166462,49.0064992008215,0.0,8.073774159849968,1,1188,0.0
1619,361.0350000000001,0.4978676663519379,1763.9519296289466,87.31320139029158,22.055423626601993,2549.6148797730807,89.86126347876763,48.98827865409064,0.0,8.073842287606803,1,1188,0.0
1620,361.0400000000001,0.49833832912490666,1762.6405038281105,87.25029028162264,22.055423626601993,2549.6148797730807,89.86125360587064,48.97004323472186,0.0,8.073910390108924,1,1188,0.0
1621,361.0450000000001,0.4988096735175084,1761.3284958417419,87.18734988789339,22.055423626601993,2549.6148797730807,89.86124373297363,48.95179293620341,0.0,8.073978467335698,1,1188,0.0
1622,361.05000000000007,0.4992817004262755,1760.015906396777,87.12438024107999,22.055423626601993,2549.6148797730807,89.86123386007665,48.93352775203201,0.0,8.074046519266481,1,1188,0.0
1623,361.05500000000006,0.49975441074854277,1758.7027362224321,87.0613813732958,22.055423626601993,2549.6148797730807,89.86122398717966,48.91524767571285,0.0,8.074114545880622,1,1188,0.0
1624,361.06000000000006,0.500227805382445,1757.3889860502086,86.99835331671449,22.055423626601993,2549.6148797730807,89.86121411428266,48.8969527007596,0.0,8.074182547157461,1,1188,0.0
1625,361.06500000000005,0.500701885226916,1756.0746566138903,86.93529610365081,22.055423626601993,2549.6148797730807,89.86120424138566,48.878642820694466,0.0,8.074250523076325,1,1188,0.0
1626,361.07000000000005,0.5011766511816902,1754.7597486495501,86.87220976649145,22.055423626601993,2549.6148797730807,89.86119436848867,48.86031802904823,0.0,8.074318473616536,1,1188,0.0
1627,361.07500000000005,0.501652104147299,1753.44426289555,86.80909433777593,22.055423626601993,2549.6148797730807,89.86118449559169,48.8419783193602,0.0,8.074386398757408,1,1188,0.0
1628,361.08000000000004,0.5021282450250738,1752.1282000925437,86.74594985012419,22.055423626601993,2549.6148797730807,89.86117462269469,48.82362368517835,0.0,8.074454298478242,1,1188,0.0
1629,361.08500000000004,0.5026050747171436,1750.811560983478,86.68277633625097,22.055423626601993,2549.6148797730807,89.8611647497977,48.805254120059224,0.0,8.074522172758332,1,1188,0.0
1630,361.09000000000003,0.5030825941264331,1749.4943463135976,86.61957382901511,22.055423626601993,2549.6148797730807,89.8611548769007,48.78686961756807,0.0,8.074590021576965,1,1188,0.0
1631,361.095,0.5035608041566652,1748.1765568304413,86.55634236135518,22.055423626601993,2549.6148797730807,89.8611450040037,48.7684701712788,0.0,8.074657844913416,1,1188,0.0
1632,361.1000000000001,0.5040397057123586,1746.8581932838524,86.4930819663363,22.055423626601993,2549.6148797730807,89.8611351311067,48.750055774774026,0.0,8.07472564274695,1,1188,0.0
1633,361.1050000000001,0.5045192996988278,1745.5392564259737,86.42979267711782,22.055423626601993,2549.6148797730807,89.86112525820971,48.7316264216451,0.0,8.074793415056826,1,1188,0.0
1634,361.11000000000007,0.5049995870221818,1744.219747011253,86.36647452695998,22.055423626601993,2549.6148797730807,89.86111538531271,48.71318210549216,0.0,8.074861161822295,1,1188,0.0
1635,361.11500000000007,0.5054805685893252,1742.8996657964456,86.30312754927233,22.055423626601993,2549.6148797730807,89.86110551241573,48.694722819924095,0.0,8.074928883022595,1,1188,0.0
1636,361.12000000000006,0.5059622453079549,1741.5790135406132,86.23975177750496,22.055423626601993,2549.6148797730807,89.86109563951872,48.676248558558626,0.0,8.074996578636961,1,1188,0.0
1637,361.12500000000006,0.506444618086563,1740.257791005131,86.17634724527875,22.055423626601993,2549.6148797730807,89.86108576662174,48.657759315022325,0.0,8.075064248644612,1,1188,0.0
1638,361.13000000000005,0.5069276878344336,1738.9359989536845,86.11291398628778,22.055423626601993,2549.6148797730807,89.86107589372475,48.63925508295062,0.0,8.075131893024762,1,1188,0.0
1639,361.13500000000005,0.5074114554616427,1737.6136381522754,86.04945203437288,22.055423626601993,2549.6148797730807,89.86106602082775,48.620735855987824,0.0,8.075199511756617,1,1188,0.0
1640,361.14000000000004,0.5078959218790592,1736.290709369222,85.98596142342524,22.055423626601993,2549.6148797730807,89.86105614793077,48.602201627787196,0.0,8.075267104819371,1,1188,0.0
1641,361.14500000000004,0.5083810879983419,1734.9672133751626,85.922442187493,22.055423626601993,2549.6148797730807,89.86104627503376,48.58365239201091,0.0,8.075334672192213,1,1188,0.0
1642,361.15000000000003,0.5088669547319411,1733.643150943055,85.85889436072071,22.055423626601993,2549.6148797730807,89.86103640213678,48.56508814233015,0.0,8.07540221385432,1,1188,0.0
1643,361.15500000000003,0.5093535229930964,1732.3185228481811,85.79531797736236,22.055423626601993,2549.6148797730807,89.86102652923978,48.54650887242505,0.0,8.07546972978486,1,1188,0.0
1644,361.1600000000001,0.5098407936958372,1730.9933298681476,85.73171307176054,22.055423626601993,2549.6148797730807,89.86101665634278,48.52791457598483,0.0,8.075537219962996,1,1188,0.0
1645,361.1650000000001,0.5103287677549815,1729.6675727828897,85.66807967839274,22.055423626601993,2549.6148797730807,89.86100678344579,48.50930524670771,0.0,8.07560468436788,1,1188,0.0
1646,361.1700000000001,0.510817446086136,1728.3412523746708,85.60441783185236,22.055423626601993,2549.6148797730807,89.86099691054879,48.490680878301035,0.0,8.075672122978654,1,1188,0.0
1647,361.17500000000007,0.5113068296056946,1727.0143694280862,85.54072756681812,22.055423626601993,2549.6148797730807,89.8609870376518,48.47204146448121,0.0,8.075739535774451,1,1188,0.0
1648,361.18000000000006,0.5117969192308375,1725.6869247300638,85.47700891808059,22.055423626601993,2549.6148797730807,89.86097716475481,48.453386998973805,0.0,8.0758069227344,1,1188,0.0
1649,361.18500000000006,0.5122877158795325,1724.3589190698683,85.41326192055963,22.055423626601993,2549.6148797730807,89.8609672918578,48.43471747551355,0.0,8.075874283837612,1,1188,0.0
1650,361.19000000000005,0.5127792204705321,1723.0303532391017,85.34948660926996,22.055423626601993,2549.6148797730807,89.86095741896082,48.416032887844345,0.0,8.0759416190632,1,1188,0.0
1651,361.19500000000005,0.5132714339233747,1721.701228031705,85.2856830193494,22.055423626601993,2549.6148797730807,89.86094754606381,48.39733322971931,0.0,8.07600892839026,1,1188,0.0
1652,361.20000000000005,0.5137643571583825,1720.3715442439607,85.22185118601026,22.055423626601993,2549.6148797730807,89.86093767316683,48.37861849490081,0.0,8.076076211797886,1,1188,0.0
1653,361.20500000000004,0.5142579910966628,1719.0413026744968,85.15799114463023,22.055423626601993,2549.6148797730807,89.86092780026983,48.35988867716047,0.0,8.076143469265157,1,1188,0.0
1654,361.21000000000004,0.5147523366601044,1717.710504124284,85.09410293066657,22.055423626601993,2549.6148797730807,89.86091792737284,48.34114377027921,0.0,8.076210700771146,1,1188,0.0
1655,361.21500000000003,0.5152473947713796,1716.3791493966426,85.03018657966656,22.055423626601993,2549.6148797730807,89.86090805447586,48.32238376804727,0.0,8.07627790629492,1,1188,0.0
1656,361.22,0.5157431663539427,1715.0472392972415,84.96624212731693,22.055423626601993,2549.6148797730807,89.86089818157885,48.30360866426424,0.0,8.07634508581553,1,1188,0.0
1657,361.2250000000001,0.5162396523320294,1713.7147746341032,84.90226960942412,22.055423626601993,2549.6148797730807,89.86088830868187,48.28481845273908,0.0,8.07641223931203,1,1188,0.0
1658,361.2300000000001,0.5167368536306552,1712.3817562176016,84.83826906189222,22.055423626601993,2549.6148797730807,89.86087843578487,48.266013127290144,0.0,8.076479366763454,1,1188,0.0
1659,361.23500000000007,0.5172347711756164,1711.048184860467,84.77424052072429,22.055423626601993,2549.6148797730807,89.86086856288787,48.24719268174524,0.0,8.076546468148832,1,1188,0.0
1660,361.24000000000007,0.5177334058934883,1709.7140613777876,84.71018402203373,22.055423626601993,2549.6148797730807,89.86085868999088,48.228357109941605,0.0,8.076613543447186,1,1188,0.0
1661,361.24500000000006,0.5182327587116247,1708.3793865870116,84.64609960207596,22.055423626601993,2549.6148797730807,89.86084881709388,48.20950640572596,0.0,8.07668059263753,1,1188,0.0
1662,361.25000000000006,0.518732830558157,1707.0441613079474,84.58198729717809,22.055423626601993,2549.6148797730807,89.86083894419689,48.19064056295454,0.0,8.076747615698867,1,1188,0.0
1663,361.25500000000005,0.5192336223619952,1705.708386362768,84.51784714380642,22.055423626601993,2549.6148797730807,89.8608290712999,48.17175957549313,0.0,8.07681461261019,1,1188,0.0
1664,361.26000000000005,0.519735135052824,1704.3720625760118,84.45367917853382,22.055423626601993,2549.6148797730807,89.8608191984029,48.152863437217036,0.0,8.076881583350492,1,1188,0.0
1665,361.26500000000004,0.5202373695611058,1703.0351907745835,84.3894834380352,22.055423626601993,2549.6148797730807,89.86080932550591,48.13395214201121,0.0,8.076948527898747,1,1188,0.0
1666,361.27000000000004,0.520740326818076,1701.6977717877587,84.32525995910468,22.055423626601993,2549.6148797730807,89.8607994526089,48.11502568377017,0.0,8.077015446233927,1,1188,0.0
1667,361.27500000000003,0.5212440077557471,1700.3598064471846,84.26100877865632,22.055423626601993,2549.6148797730807,89.86078957971192,48.096084056398105,0.0,8.077082338334993,1,1188,0.0
1668,361.28000000000003,0.5217484133069037,1699.0212955868794,84.19672993367358,22.055423626601993,2549.6148797730807,89.86077970681492,48.077127253808875,0.0,8.077149204180897,1,1188,0.0
1669,361.2850000000001,0.522253544405103,1697.6822400432388,84.13242346131531,22.055423626601993,2549.6148797730807,89.86076983391793,48.058155269926026,0.0,8.077216043750582,1,1188,0.0
1670,361.2900000000001,0.5227594019846762,1696.3426406550338,84.0680893987999,22.055423626601993,2549.6148797730807,89.86075996102095,48.039168098682836,0.0,8.077282857022988,1,1188,0.0
1671,361.2950000000001,0.5232659869807251,1695.0024982634168,84.00372778350567,22.055423626601993,2549.6148797730807,89.86075008812394,48.02016573402233,0.0,8.07734964397704,1,1188,0.0
1672,361.30000000000007,0.5237733003291223,1693.661813711918,83.93933865287725,22.055423626601993,2549.6148797730807,89.86074021522695,48.00114816989731,0.0,8.07741640459166,1,1188,0.0
1673,361.30500000000006,0.5242813429665109,1692.320587846454,83.87492204447942,22.055423626601993,2549.6148797730807,89.86073034232996,47.982115400270416,0.0,8.077483138845754,1,1188,0.0
1674,361.31000000000006,0.5247901158303029,1690.9788215153233,83.81047799602095,22.055423626601993,2549.6148797730807,89.86072046943296,47.96306741911408,0.0,8.077549846718226,1,1188,0.0
1675,361.31500000000005,0.5252996198586801,1689.6365155692124,83.74600654529627,22.055423626601993,2549.6148797730807,89.86071059653597,47.94400422041062,0.0,8.07761652818797,1,1188,0.0
1676,361.32000000000005,0.525809855990591,1688.2936708611958,83.68150773022515,22.055423626601993,2549.6148797730807,89.86070072363897,47.92492579815222,0.0,8.077683183233875,1,1188,0.0
1677,361.32500000000005,0.5263208251657524,1686.9502882467395,83.6169815888246,22.055423626601993,2549.6148797730807,89.86069085074197,47.90583214634101,0.0,8.077749811834813,1,1188,0.0
1678,361.33000000000004,0.5268325283246461,1685.6063685837005,83.55242815922992,22.055423626601993,2549.6148797730807,89.86068097784499,47.88672325898904,0.0,8.077816413969655,1,1188,0.0
1679,361.33500000000004,0.5273449664085211,1684.2619127323303,83.48784747971732,22.055423626601993,2549.6148797730807,89.86067110494798,47.86759913011834,0.0,8.07788298961726,1,1188,0.0
1680,361.34000000000003,0.5278581403593905,1682.916921555277,83.42323958862188,22.055423626601993,2549.6148797730807,89.860661232051,47.848459753760935,0.0,8.077949538756481,1,1188,0.0
1681,361.345,0.5283720511200309,1681.5713959175869,83.35860452443265,22.055423626601993,2549.6148797730807,89.86065135915399,47.829305123958875,0.0,8.078016061366162,1,1188,0.0
1682,361.3500000000001,0.528886699633984,1680.2253366867048,83.29394232574197,22.055423626601993,2549.6148797730807,89.86064148625701,47.81013523476427,0.0,8.078082557425137,1,1188,0.0
1683,361.3550000000001,0.5294020868455525,1678.8787447324783,83.22925303125348,22.055423626601993,2549.6148797730807,89.86063161336003,47.79095008023929,0.0,8.078149026912236,1,1188,0.0
1684,361.36000000000007,0.5299182136998015,1677.531620927158,83.16453667979934,22.055423626601993,2549.6148797730807,89.86062174046302,47.771749654456244,0.0,8.078215469806274,1,1188,0.0
1685,361.36500000000007,0.5304350811425568,1676.1839661453998,83.09979331027202,22.055423626601993,2549.6148797730807,89.86061186756604,47.75253395149754,0.0,8.078281886086065,1,1188,0.0
1686,361.37000000000006,0.5309526901204049,1674.8357812642666,83.03502296175814,22.055423626601993,2549.6148797730807,89.86060199466903,47.73330296545578,0.0,8.07834827573041,1,1188,0.0
1687,361.37500000000006,0.5314710415806913,1673.4870671632314,82.97022567341259,22.055423626601993,2549.6148797730807,89.86059212177204,47.71405669043373,0.0,8.078414638718101,1,1188,0.0
1688,361.38000000000005,0.5319901364715196,1672.1378247241757,82.905401484485,22.055423626601993,2549.6148797730807,89.86058224887505,47.69479512054439,0.0,8.078480975027926,1,1188,0.0
1689,361.38500000000005,0.5325099757417527,1670.7880548313963,82.84055043436771,22.055423626601993,2549.6148797730807,89.86057237597805,47.675518249911,0.0,8.078547284638661,1,1188,0.0
1690,361.39000000000004,0.5330305603410086,1669.4377583716014,82.77567256257443,22.055423626601993,2549.6148797730807,89.86056250308106,47.656226072667074,0.0,8.078613567529079,1,1188,0.0
1691,361.39500000000004,0.5335518912196631,1668.0869362339192,82.71076790871716,22.055423626601993,2549.6148797730807,89.86055263018406,47.636918582956426,0.0,8.078679823677938,1,1188,0.0
1692,361.40000000000003,0.5340739693288454,1666.7355893098927,82.64583651249757,22.055423626601993,2549.6148797730807,89.86054275728706,47.617595774933186,0.0,8.078746053063991,1,1188,0.0
1693,361.40500000000003,0.5345967956204412,1665.3837184934855,82.58087841378912,22.055423626601993,2549.6148797730807,89.86053288439008,47.59825764276186,0.0,8.078812255665984,1,1188,0.0
1694,361.4100000000001,0.5351203710470881,1664.0313246810836,82.51589365253736,22.055423626601993,2549.6148797730807,89.86052301149307,47.57890418061732,0.0,8.078878431462654,1,1188,0.0
1695,361.4150000000001,0.5356446965621775,1662.6784087714952,82.45088226882483,22.055423626601993,2549.6148797730807,89.86051313859609,47.55953538268486,0.0,8.078944580432728,1,1188,0.0
1696,361.4200000000001,0.5361697731198525,1661.3249716659552,82.38584430281568,22.055423626601993,2549.6148797730807,89.8605032656991,47.5401512431602,0.0,8.079010702554928,1,1188,0.0
1697,361.42500000000007,0.5366956016750072,1659.9710142681242,82.32077979483078,22.055423626601993,2549.6148797730807,89.8604933928021,47.520751756249545,0.0,8.079076797807966,1,1188,0.0
1698,361.43000000000006,0.5372221831832863,1658.6165374840914,82.25568878528816,22.055423626601993,2549.6148797730807,89.86048351990512,47.50133691616957,0.0,8.079142866170544,1,1188,0.0
1699,361.43500000000006,0.5377495186010828,1657.2615422223766,82.19057131470008,22.055423626601993,2549.6148797730807,89.8604736470081,47.48190671714748,0.0,8.079208907621364,1,1188,0.0
1700,361.44000000000005,0.5382776088855391,1655.906029393932,82.1254274237191,22.055423626601993,2549.6148797730807,89.86046377411112,47.46246115342105,0.0,8.07927492213911,1,1188,0.0
1701,361.44500000000005,0.5388064549945448,1654.5499999121434,82.06025715311935,22.055423626601993,2549.6148797730807,89.86045390121411,47.44300021923859,0.0,8.079340909702461,1,1188,0.0
1702,361.45000000000005,0.5393360578867371,1653.1934546928321,81.99506054373636,22.055423626601993,2549.6148797730807,89.86044402831713,47.42352390885906,0.0,8.079406870290093,1,1188,0.0
1703,361.45500000000004,0.5398664185214979,1651.8363946542568,81.92983763661809,22.055423626601993,2549.6148797730807,89.86043415542014,47.40403221655201,0.0,8.079472803880668,1,1188,0.0
1704,361.46000000000004,0.5403975378589541,1650.4788207171152,81.86458847281695,22.055423626601993,2549.6148797730807,89.86042428252314,47.384525136597695,0.0,8.079538710452841,1,1188,0.0
1705,361.46500000000003,0.5409294168599773,1649.1207338045467,81.7993130935965,22.055423626601993,2549.6148797730807,89.86041440962615,47.36500266328702,0.0,8.079604589985262,1,1188,0.0
1706,361.47,0.5414620564861818,1647.762134842132,81.73401154025913,22.055423626601993,2549.6148797730807,89.86040453672915,47.345464790921625,0.0,8.079670442456573,1,1188,0.0
1707,361.4750000000001,0.5419954576999244,1646.4030247578953,81.66868385428397,22.055423626601993,2549.6148797730807,89.86039466383215,47.325911513813885,0.0,8.079736267845401,1,1188,0.0
1708,361.4800000000001,0.542529621464303,1645.043404482309,81.60333007722075,22.055423626601993,2549.6148797730807,89.86038479093517,47.306342826286965,0.0,8.079802066130375,1,1188,0.0
1709,361.48500000000007,0.5430645487431558,1643.6832749482915,81.53795025075556,22.055423626601993,2549.6148797730807,89.86037491803816,47.286758722674804,0.0,8.079867837290108,1,1188,0.0
1710,361.49000000000007,0.543600240501061,1642.3226370912098,81.47254441670113,22.055423626601993,2549.6148797730807,89.86036504514118,47.26715919732218,0.0,8.079933581303212,1,1188,0.0
1711,361.49500000000006,0.5441366977033351,1640.961491848883,81.40711261695336,22.055423626601993,2549.6148797730807,89.86035517224418,47.24754424458473,0.0,8.079999298148284,1,1188,0.0
1712,361.50000000000006,0.544673921316032,1639.5998401615825,81.3416548935561,22.055423626601993,2549.6148797730807,89.86034529934719,47.227913858828984,0.0,8.080064987803919,1,1188,0.0
1713,361.50500000000005,0.545211912305942,1638.2376829720333,81.27617128866224,22.055423626601993,2549.6148797730807,89.8603354264502,47.20826803443236,0.0,8.080130650248702,1,1188,0.0
1714,361.51000000000005,0.5457506716405918,1636.8750212254165,81.21066184452647,22.055423626601993,2549.6148797730807,89.8603255535532,47.18860676578323,0.0,8.080196285461207,1,1188,0.0
1715,361.51500000000004,0.5462902002882428,1635.5118558693712,81.14512660351889,22.055423626601993,2549.6148797730807,89.86031568065621,47.16893004728093,0.0,8.080261893420008,1,1188,0.0
1716,361.52000000000004,0.5468304992178897,1634.148187853996,81.07956560814209,22.055423626601993,2549.6148797730807,89.8603058077592,47.1492378733358,0.0,8.080327474103663,1,1188,0.0
1717,361.52500000000003,0.5473715693992606,1632.7840181318477,81.01397890103088,22.055423626601993,2549.6148797730807,89.86029593486222,47.12953023836919,0.0,8.080393027490725,1,1188,0.0
1718,361.53000000000003,0.5479134118028157,1631.419347657949,80.94836652488152,22.055423626601993,2549.6148797730807,89.86028606196523,47.10980713681352,0.0,8.080458553559742,1,1188,0.0
1719,361.5350000000001,0.548456027399745,1630.0541773897837,80.8827285225691,22.055423626601993,2549.6148797730807,89.86027618906823,47.090068563112276,0.0,8.08052405228925,1,1188,0.0
1720,361.5400000000001,0.5489994171619693,1628.6885082873036,80.81706493704574,22.055423626601993,2549.6148797730807,89.86026631617123,47.070314511720056,0.0,8.080589523657782,1,1188,0.0
1721,361.5450000000001,0.5495435820621384,1627.3223413129263,80.75137581137554,22.055423626601993,2549.6148797730807,89.86025644327424,47.05054497710258,0.0,8.080654967643857,1,1188,0.0
1722,361.55000000000007,0.5500885230736297,1625.9556774315379,80.68566118877004,22.055423626601993,2549.6148797730807,89.86024657037724,47.03075995373677,0.0,8.080720384225994,1,1188,0.0
1723,361.55500000000006,0.5506342411705479,1624.588517610496,80.61992111254284,22.055423626601993,2549.6148797730807,89.86023669748026,47.010959436110696,0.0,8.080785773382695,1,1188,0.0
1724,361.56000000000006,0.5511807373277232,1623.220862819629,80.55415562611637,22.055423626601993,2549.6148797730807,89.86022682458325,46.99114341872368,0.0,8.080851135092463,1,1188,0.0
1725,361.56500000000005,0.551728012520712,1621.8527140312397,80.48836477304712,22.055423626601993,2549.6148797730807,89.86021695168627,46.97131189608629,0.0,8.080916469333788,1,1188,0.0
1726,361.57000000000005,0.5522760677257925,1620.4840722201066,80.42254859699345,22.055423626601993,2549.6148797730807,89.86020707878927,46.95146486272036,0.0,8.080981776085155,1,1188,0.0
1727,361.57500000000005,0.5528249039199679,1619.1149383634831,80.35670714173096,22.055423626601993,2549.6148797730807,89.86019720589228,46.93160231315902,0.0,8.08104705532504,1,1188,0.0
1728,361.58000000000004,0.5533745220809624,1617.745313441102,80.29084045117149,22.055423626601993,2549.6148797730807,89.8601873329953,46.91172424194676,0.0,8.081112307031912,1,1188,0.0
1729,361.58500000000004,0.5539249231872206,1616.375198435176,80.22494856933548,22.055423626601993,2549.6148797730807,89.86017746009828,46.89183064363942,0.0,8.081177531184231,1,1188,0.0
1730,361.59000000000003,0.5544761082179086,1615.0045943303983,80.15903154034066,22.055423626601993,2549.6148797730807,89.8601675872013,46.87192151280424,0.0,8.081242727760452,1,1188,0.0
1731,361.595,0.5550280781529094,1613.6335021139464,80.0930894084629,22.055423626601993,2549.6148797730807,89.86015771430431,46.85199684401985,0.0,8.08130789673902,1,1188,0.0
1732,361.6000000000001,0.5555808339728253,1612.2619227754803,80.02712221803537,22.055423626601993,2549.6148797730807,89.86014784140731,46.83205663187637,0.0,8.081373038098375,1,1188,0.0
1733,361.6050000000001,0.5561343766589741,1610.8898573071478,79.9611300135813,22.055423626601993,2549.6148797730807,89.86013796851032,46.81210087097534,0.0,8.081438151816945,1,1188,0.0
1734,361.61000000000007,0.5566887071933901,1609.5173067035814,79.89511283968909,22.055423626601993,2549.6148797730807,89.86012809561332,46.79212955592987,0.0,8.081503237873155,1,1188,0.0
1735,361.61500000000007,0.5572438265588224,1608.1442719619067,79.8290707410891,22.055423626601993,2549.6148797730807,89.86011822271632,46.77214268136454,0.0,8.081568296245422,1,1188,0.0
1736,361.62000000000006,0.5577997357387318,1606.770754081735,79.76300376262617,22.055423626601993,2549.6148797730807,89.86010834981933,46.752140241915534,0.0,8.08163332691215,1,1188,0.0
1737,361.62500000000006,0.5583564357172948,1605.3967540651727,79.69691194923811,22.055423626601993,2549.6148797730807,89.86009847692233,46.7321222322306,0.0,8.081698329851745,1,1188,0.0
1738,361.63000000000005,0.5589139274793958,1604.0222729168179,79.6307953460345,22.055423626601993,2549.6148797730807,89.86008860402535,46.71208864696913,0.0,8.081763305042598,1,1188,0.0
1739,361.63500000000005,0.5594722120106322,1602.6473116437658,79.56465399817974,22.055423626601993,2549.6148797730807,89.86007873112834,46.69203948080212,0.0,8.081828252463094,1,1188,0.0
1740,361.64000000000004,0.5600312902973088,1601.271871255604,79.49848795103074,22.055423626601993,2549.6148797730807,89.86006885823136,46.67197472841228,0.0,8.081893172091611,1,1188,0.0
1741,361.64500000000004,0.5605911633264404,1599.8959527644217,79.43229724996723,22.055423626601993,2549.6148797730807,89.86005898533436,46.651894384494014,0.0,8.081958063906521,1,1188,0.0
1742,361.65000000000003,0.5611518320857459,1598.5195571848055,79.36608194057959,22.055423626601993,2549.6148797730807,89.86004911243737,46.631798443753425,0.0,8.08202292788619,1,1188,0.0
1743,361.65500000000003,0.5617132975636541,1597.1426855338418,79.29984206851985,22.055423626601993,2549.6148797730807,89.86003923954038,46.61168690090843,0.0,8.08208776400897,1,1188,0.0
1744,361.6600000000001,0.5622755607492944,1595.7653388311219,79.23357767959227,22.055423626601993,2549.6148797730807,89.86002936664337,46.59155975068869,0.0,8.08215257225321,1,1188,0.0
1745,361.6650000000001,0.5628386226325031,1594.387518098737,79.16728881970604,22.055423626601993,2549.6148797730807,89.86001949374639,46.5714169878357,0.0,8.082217352597256,1,1188,0.0
1746,361.6700000000001,0.5634024842038171,1593.0092243612867,79.10097553485926,22.055423626601993,2549.6148797730807,89.8600096208494,46.55125860710281,0.0,8.082282105019438,1,1188,0.0
1747,361.67500000000007,0.5639671464544761,1591.6304586458746,79.03463787123583,22.055423626601993,2549.6148797730807,89.8599997479524,46.53108460325522,0.0,8.082346829498084,1,1188,0.0
1748,361.68000000000006,0.5645326103764191,1590.2512219821128,78.96827587507171,22.055423626601993,2549.6148797730807,89.8599898750554,46.51089497107006,0.0,8.082411526011512,1,1188,0.0
1749,361.68500000000006,0.5650988769622847,1588.871515402123,78.90188959276173,22.055423626601993,2549.6148797730807,89.85998000215841,46.49068970533636,0.0,8.082476194538035,1,1188,0.0
1750,361.69000000000005,0.5656659472054091,1587.4913399405357,78.83547907081015,22.055423626601993,2549.6148797730807,89.85997012926141,46.470468800855144,0.0,8.08254083505596,1,1188,0.0
1751,361.69500000000005,0.5662338220998263,1586.1106966344962,78.76904435584713,22.055423626601993,2549.6148797730807,89.85996025636442,46.45023225243939,0.0,8.082605447543582,1,1188,0.0
1752,361.70000000000005,0.5668025026402644,1584.7295865236597,78.70258549459929,22.055423626601993,2549.6148797730807,89.85995038346742,46.42998005491413,0.0,8.082670031979191,1,1188,0.0
1753,361.70500000000004,0.5673719898221475,1583.3480106501995,78.63610253393117,22.055423626601993,2549.6148797730807,89.85994051057044,46.40971220311641,0.0,8.082734588341074,1,1188,0.0
1754,361.71000000000004,0.5679422846415926,1581.9659700588027,78.56959552081999,22.055423626601993,2549.6148797730807,89.85993063767344,46.389428691895375,0.0,8.082799116607502,1,1188,0.0
1755,361.71500000000003,0.5685133880954086,1580.5834657966734,78.50306450238307,22.055423626601993,2549.6148797730807,89.85992076477645,46.36912951611224,0.0,8.082863616756745,1,1188,0.0
1756,361.72,0.5690853011810955,1579.2004989135357,78.43650952582873,22.055423626601993,2549.6148797730807,89.85991089187945,46.34881467064039,0.0,8.082928088767067,1,1188,0.0
1757,361.7250000000001,0.569658024896844,1577.8170704616332,78.36993063849998,22.055423626601993,2549.6148797730807,89.85990101898246,46.32848415036534,0.0,8.082992532616721,1,1188,0.0
1758,361.7300000000001,0.5702315602415313,1576.4331814957316,78.30332788784452,22.055423626601993,2549.6148797730807,89.85989114608547,46.308137950184815,0.0,8.083056948283955,1,1188,0.0
1759,361.73500000000007,0.5708059082147244,1575.0488330731173,78.2367013214578,22.055423626601993,2549.6148797730807,89.85988127318846,46.28777606500875,0.0,8.083121335747007,1,1188,0.0
1760,361.74000000000007,0.5713810698166749,1573.6640262536027,78.17005098702822,22.055423626601993,2549.6148797730807,89.85987140029148,46.26739848975932,0.0,8.083185694984111,1,1188,0.0
1761,361.74500000000006,0.5719570460483201,1572.2787620995243,78.10337693238745,22.055423626601993,2549.6148797730807,89.85986152739449,46.247005219371,0.0,8.083250025973493,1,1188,0.0
1762,361.75000000000006,0.572533837911281,1570.8930416757464,78.03667920545657,22.055423626601993,2549.6148797730807,89.85985165449749,46.226596248790536,0.0,8.083314328693373,1,1188,0.0
1763,361.75500000000005,0.5731114464078606,1569.50686604966,77.96995785430558,22.055423626601993,2549.6148797730807,89.8598417816005,46.206171572977034,0.0,8.083378603121961,1,1188,0.0
1764,361.76000000000005,0.5736898725410444,1568.1202362911852,77.90321292711911,22.055423626601993,2549.6148797730807,89.8598319087035,46.18573118690195,0.0,8.08344284923746,1,1188,0.0
1765,361.76500000000004,0.5742691173144976,1566.733153472774,77.8364444721881,22.055423626601993,2549.6148797730807,89.8598220358065,46.16527508554911,0.0,8.083507067018074,1,1188,0.0
1766,361.77000000000004,0.5748491817325627,1565.3456186694082,77.76965253794256,22.055423626601993,2549.6148797730807,89.85981216290952,46.14480326391482,0.0,8.083571256441987,1,1188,0.0
1767,361.77500000000003,0.575430066800262,1563.957632958603,77.70283717292219,22.055423626601993,2549.6148797730807,89.85980229001251,46.12431571700777,0.0,8.083635417487386,1,1188,0.0
1768,361.78000000000003,0.5760117735232931,1562.569197420409,77.6359984257628,22.055423626601993,2549.6148797730807,89.85979241711553,46.10381243984916,0.0,8.083699550132447,1,1188,0.0
1769,361.7850000000001,0.5765943029080286,1561.1803131374104,77.56913634528976,22.055423626601993,2549.6148797730807,89.85978254421853,46.08329342747268,0.0,8.08376365435534,1,1188,0.0
1770,361.7900000000001,0.5771776559615155,1559.7909811947293,77.50225098038504,22.055423626601993,2549.6148797730807,89.85977267132154,46.06275867492458,0.0,8.08382773013423,1,1188,0.0
1771,361.7950000000001,0.5777618336914726,1558.4012026800253,77.43534238006045,22.055423626601993,2549.6148797730807,89.85976279842454,46.04220817726366,0.0,8.083891777447269,1,1188,0.0
1772,361.80000000000007,0.5783468371062909,1557.0109786834971,77.3684105934717,22.055423626601993,2549.6148797730807,89.85975292552754,46.0216419295613,0.0,8.083955796272605,1,1188,0.0
1773,361.80500000000006,0.5789326672150308,1555.6203102978839,77.30145566988499,22.055423626601993,2549.6148797730807,89.85974305263056,46.001059926901526,0.0,8.084019786588385,1,1188,0.0
1774,361.81000000000006,0.5795193250274212,1554.2291986184653,77.23447765869187,22.055423626601993,2549.6148797730807,89.85973317973355,45.980462164380995,0.0,8.084083748372741,1,1188,0.0
1775,361.81500000000005,0.5801068115538591,1552.837644743065,77.16747660939437,22.055423626601993,2549.6148797730807,89.85972330683657,45.95984863710906,0.0,8.084147681603802,1,1188,0.0
1776,361.82000000000005,0.5806951278054069,1551.4456497720491,77.10045257161737,22.055423626601993,2549.6148797730807,89.85971343393958,45.939219340207764,0.0,8.084211586259691,1,1188,0.0
1777,361.82500000000005,0.5812842747937922,1550.0532148083303,77.03340559509579,22.055423626601993,2549.6148797730807,89.85970356104258,45.918574268811916,0.0,8.084275462318521,1,1188,0.0
1778,361.83000000000004,0.5818742535314066,1548.6603409573665,76.96633572974028,22.055423626601993,2549.6148797730807,89.85969368814558,45.89791341806906,0.0,8.0843393097584,1,1188,0.0
1779,361.83500000000004,0.5824650650313034,1547.2670293271626,76.89924302552093,22.055423626601993,2549.6148797730807,89.85968381524859,45.87723678313955,0.0,8.08440312855743,1,1188,0.0
1780,361.84000000000003,0.5830567103071956,1545.8732810282722,76.83212753253586,22.055423626601993,2549.6148797730807,89.85967394235159,45.856544359196576,0.0,8.084466918693703,1,1188,0.0
1781,361.845,0.5836491903734581,1544.4790971737998,76.76498930104518,22.055423626601993,2549.6148797730807,89.85966406945461,45.83583614142616,0.0,8.08453068014531,1,1188,0.0
1782,361.8500000000001,0.5842425062451222,1543.0844788793981,76.69782838139339,22.055423626601993,2549.6148797730807,89.85965419655761,45.81511212502723,0.0,8.08459441289033,1,1188,0.0
1783,361.8550000000001,0.5848366589378765,1541.6894272632733,76.63064482405805,22.055423626601993,2549.6148797730807,89.85964432366062,45.794372305211596,0.0,8.084658116906837,1,1188,0.0
1784,361.86000000000007,0.5854316494680656,1540.2939434461848,76.56343867963581,22.055423626601993,2549.6148797730807,89.85963445076362,45.77361667720405,0.0,8.0847217921729,1,1188,0.0
1785,361.86500000000007,0.5860274788526878,1538.8980285514451,76.49620999887067,22.055423626601993,2549.6148797730807,89.85962457786663,45.75284523624232,0.0,8.084785438666577,1,1188,0.0
1786,361.87000000000006,0.5866241481093935,1537.5016837049227,76.42895883258268,22.055423626601993,2549.6148797730807,89.85961470496963,45.73205797757715,0.0,8.084849056365925,1,1188,0.0
1787,361.87500000000006,0.5872216582564854,1536.1049100350406,76.36168523172579,22.055423626601993,2549.6148797730807,89.85960483207263,45.711254896472305,0.0,8.08491264524899,1,1188,0.0
1788,361.88000000000005,0.5878200103129166,1534.7077086727822,76.29438924741994,22.055423626601993,2549.6148797730807,89.85959495917565,45.690435988204605,0.0,8.084976205293813,1,1188,0.0
1789,361.88500000000005,0.5884192052982884,1533.3100807516855,76.22707093084743,22.055423626601993,2549.6148797730807,89.85958508627864,45.66960124806397,0.0,8.08503973647843,1,1188,0.0
1790,361.89000000000004,0.5890192442328486,1531.9120274078514,76.15973033336617,22.055423626601993,2549.6148797730807,89.85957521338166,45.648750671353426,0.0,8.085103238780865,1,1188,0.0
1791,361.89500000000004,0.5896201281374917,1530.5135497799386,76.0923675064006,22.055423626601993,2549.6148797730807,89.85956534048466,45.62788425338914,0.0,8.085166712179143,1,1188,0.0
1792,361.90000000000003,0.5902218580337572,1529.1146490091692,76.02498250153278,22.055423626601993,2549.6148797730807,89.85955546758767,45.60700198950046,0.0,8.085230156651276,1,1188,0.0
1793,361.90500000000003,0.5908244349438261,1527.7153262393267,75.95757537046893,22.055423626601993,2549.6148797730807,89.85954559469067,45.58610387502995,0.0,8.085293572175273,1,1188,0.0
1794,361.9100000000001,0.5914278598905232,1526.3155826167588,75.89014616502425,22.055423626601993,2549.6148797730807,89.85953572179368,45.56518990533337,0.0,8.085356958729134,1,1188,0.0
1795,361.9150000000001,0.5920321338973116,1524.9154192903773,75.82269493715287,22.055423626601993,2549.6148797730807,89.85952584889668,45.54426007577978,0.0,8.085420316290858,1,1188,0.0
1796,361.9200000000001,0.5926372579882936,1523.514837411659,75.75522173889225,22.055423626601993,2549.6148797730807,89.8595159759997,45.52331438175151,0.0,8.08548364483843,1,1188,0.0
1797,361.92500000000007,0.59324323318821,1522.113838134649,75.68772662245,22.055423626601993,2549.6148797730807,89.8595061031027,45.50235281864422,0.0,8.085546944349833,1,1188,0.0
1798,361.93000000000006,0.5938500605224366,1520.7124226159588,75.62020964013142,22.055423626601993,2549.6148797730807,89.8594962302057,45.481375381866904,0.0,8.085610214803042,1,1188,0.0
1799,361.93500000000006,0.5944577410169841,1519.3105920147686,75.5526708443709,22.055423626601993,2549.6148797730807,89.85948635730871,45.460382066841966,0.0,8.085673456176027,1,1188,0.0
1800,361.94000000000005,0.5950662756984954,1517.9083474928277,75.48511028771422,22.055423626601993,2549.6148797730807,89.85947648441172,45.439372869005176,0.0,8.085736668446751,1,1188,0.0
1801,361.94500000000005,0.5956756655942471,1516.505690214457,75.41752802285062,22.055423626601993,2549.6148797730807,89.85946661151473,45.41834778380577,0.0,8.085799851593169,1,1188,0.0
1802,361.95000000000005,0.596285911732144,1515.1026213465475,75.34992410256284,22.055423626601993,2549.6148797730807,89.85945673861772,45.397306806706446,0.0,8.085863005593232,1,1188,0.0
1803,361.95500000000004,0.5968970151407198,1513.6991420585637,75.2822985797866,22.055423626601993,2549.6148797730807,89.85944686572074,45.37624993318339,0.0,8.085926130424886,1,1188,0.0
1804,361.96000000000004,0.5975089768491365,1512.295253522542,75.21465150756453,22.055423626601993,2549.6148797730807,89.85943699282373,45.35517715872632,0.0,8.085989226066065,1,1188,0.0
1805,361.96500000000003,0.598121797887181,1510.8909569130947,75.1469829390699,22.055423626601993,2549.6148797730807,89.85942711992675,45.3340884788385,0.0,8.086052292494701,1,1188,0.0
1806,361.97,0.5987354792852645,1509.4862534074077,75.07929292759238,22.055423626601993,2549.6148797730807,89.85941724702975,45.3129838890368,0.0,8.08611532968872,1,1188,0.0
1807,361.9750000000001,0.5993500220744212,1508.081144185244,75.0115815265442,22.055423626601993,2549.6148797730807,89.85940737413276,45.29186338485167,0.0,8.08617833762604,1,1188,0.0
1808,361.9800000000001,0.5999654272863066,1506.6756304289434,74.9438487894575,22.055423626601993,2549.6148797730807,89.85939750123576,45.27072696182722,0.0,8.086241316284571,1,1188,0.0
1809,361.98500000000007,0.6005816959531959,1505.2697133234224,74.87609477000206,22.055423626601993,2549.6148797730807,89.85938762833877,45.24957461552124,0.0,8.086304265642221,1,1188,0.0
1810,361.99000000000007,0.6011988291079822,1503.8633940561772,74.8083195219579,22.055423626601993,2549.6148797730807,89.85937775544177,45.228406341505206,0.0,8.08636718567689,1,1188,0.0
1811,361.99500000000006,0.6018168277841757,1502.4566738172837,74.74052309924399,22.055423626601993,2549.6148797730807,89.85936788254479,45.207222135364326,0.0,8.08643007636647,1,1188,0.0
1812,362.00000000000006,0.6024356930159018,1501.0495537993975,74.67270555588318,22.055423626601993,2549.6148797730807,89.85935800964779,45.18602199269757,0.0,8.086492937688853,1,1188,0.0
1813,362.00500000000005,0.6030554258378997,1499.6420351977556,74.60486694603205,22.055423626601993,2549.6148797730807,89.8593481367508,45.1648059091177,0.0,8.086555769621913,1,1188,0.0
1814,362.01000000000005,0.6036760272855207,1498.2341192101776,74.53700732394896,22.055423626601993,2549.6148797730807,89.8593382638538,45.143573880251296,0.0,8.08661857214353,1,1188,0.0
1815,362.01500000000004,0.6042974983947261,1496.825807037065,74.46912674406416,22.055423626601993,2549.6148797730807,89.8593283909568,45.122325901738776,0.0,8.086681345231574,1,1188,0.0
1816,362.02000000000004,0.6049198402020874,1495.4170998814047,74.40122526087153,22.055423626601993,2549.6148797730807,89.85931851805982,45.101061969234465,0.0,8.086744088863904,1,1188,0.0
1817,362.02500000000003,0.605543053744782,1494.0079989487667,74.33330292905103,22.055423626601993,2549.6148797730807,89.85930864516281,45.07978207840655,0.0,8.086806803018378,1,1188,0.0
1818,362.03000000000003,0.6061671400605949,1492.5985054473067,74.26535980335896,22.055423626601993,2549.6148797730807,89.85929877226583,45.05848622493719,0.0,8.08686948767285,1,1188,0.0
1819,362.0350000000001,0.6067921001879142,1491.188620587766,74.19739593869993,22.055423626601993,2549.6148797730807,89.85928889936883,45.03717440452248,0.0,8.086932142805159,1,1188,0.0
1820,362.0400000000001,0.6074179351657323,1489.7783455834747,74.12941139007701,22.055423626601993,2549.6148797730807,89.85927902647184,45.01584661287255,0.0,8.086994768393149,1,1188,0.0
1821,362.0450000000001,0.6080446460336408,1488.3676816503482,74.06140621263822,22.055423626601993,2549.6148797730807,89.85926915357484,44.994502845711516,0.0,8.08705736441465,1,1188,0.0
1822,362.05000000000007,0.6086722338318324,1486.9566300068923,73.99338046167215,22.055423626601993,2549.6148797730807,89.85925928067785,44.97314309877757,0.0,8.087119930847487,1,1188,0.0
1823,362.05500000000006,0.6093006996010976,1485.5451918742,73.92533419253515,22.055423626601993,2549.6148797730807,89.85924940778085,44.95176736782297,0.0,8.087182467669486,1,1188,0.0
1824,362.06000000000006,0.6099300443828227,1484.133368475957,73.85726746077208,22.055423626601993,2549.6148797730807,89.85923953488386,44.9303756486141,0.0,8.087244974858455,1,1188,0.0
1825,362.06500000000005,0.610560269218989,1482.7211610384363,73.78918032201466,22.055423626601993,2549.6148797730807,89.85922966198687,44.90896793693149,0.0,8.08730745239221,1,1188,0.0
1826,362.07000000000005,0.6111913751521724,1481.3085707905059,73.72107283202068,22.055423626601993,2549.6148797730807,89.85921978908988,44.887544228569816,0.0,8.087369900248548,1,1188,0.0
1827,362.07500000000005,0.6118233632255387,1479.8955989636224,73.65294504667251,22.055423626601993,2549.6148797730807,89.85920991619288,44.866104519337995,0.0,8.08743231840527,1,1188,0.0
1828,362.08000000000004,0.6124562344828436,1478.4822467918382,73.5847970219836,22.055423626601993,2549.6148797730807,89.85920004329589,44.844648805059144,0.0,8.087494706840165,1,1188,0.0
1829,362.08500000000004,0.6130899899684329,1477.0685155117972,73.5166288141067,22.055423626601993,2549.6148797730807,89.85919017039889,44.82317708157064,0.0,8.087557065531017,1,1188,0.0
1830,362.09000000000003,0.6137246307272369,1475.654406362738,73.44844047928783,22.055423626601993,2549.6148797730807,89.8591802975019,44.80168934472417,0.0,8.087619394455608,1,1188,0.0
1831,362.095,0.6143601578047728,1474.2399205864938,73.38023207390266,22.055423626601993,2549.6148797730807,89.85917042460491,44.78018559038572,0.0,8.087681693591712,1,1188,0.0
1832,362.1000000000001,0.6149965722471398,1472.8250594274948,73.3120036544734,22.055423626601993,2549.6148797730807,89.8591605517079,44.75866581443564,0.0,8.087743962917095,1,1188,0.0
1833,362.1050000000001,0.6156338751010201,1471.4098241327665,73.24375527762975,22.055423626601993,2549.6148797730807,89.85915067881092,44.737130012768645,0.0,8.08780620240952,1,1188,0.0
1834,362.11000000000007,0.6162720674136752,1469.9942159519303,73.1754870001395,22.055423626601993,2549.6148797730807,89.85914080591392,44.71557818129388,0.0,8.087868412046745,1,1188,0.0
1835,362.11500000000007,0.6169111502329443,1468.578236137206,73.10719887885965,22.055423626601993,2549.6148797730807,89.85913093301693,44.6940103159349,0.0,8.087930591806517,1,1188,0.0
1836,362.12000000000006,0.6175511246072448,1467.1618859434116,73.0388909708204,22.055423626601993,2549.6148797730807,89.85912106011993,44.672426412629726,0.0,8.087992741666584,1,1188,0.0
1837,362.12500000000006,0.6181919915855688,1465.7451666279628,72.97056333313405,22.055423626601993,2549.6148797730807,89.85911118722294,44.6508264673309,0.0,8.088054861604682,1,1188,0.0
1838,362.13000000000005,0.6188337522174806,1464.328079450876,72.90221602307075,22.055423626601993,2549.6148797730807,89.85910131432594,44.62921047600548,0.0,8.088116951598549,1,1188,0.0
1839,362.13500000000005,0.619476407553118,1462.910625674766,72.8338490980012,22.055423626601993,2549.6148797730807,89.85909144142894,44.60757843463507,0.0,8.08817901162591,1,1188,0.0
1840,362.14000000000004,0.620119958643187,1461.4928065648498,72.76546261543997,22.055423626601993,2549.6148797730807,89.85908156853196,44.585930339215885,0.0,8.088241041664487,1,1188,0.0
1841,362.14500000000004,0.6207644065389621,1460.0746233889438,72.69705663300793,22.055423626601993,2549.6148797730807,89.85907169563497,44.564266185758704,0.0,8.088303041691997,1,1188,0.0
1842,362.15000000000003,0.6214097522922861,1458.656077417467,72.62863120847416,22.055423626601993,2549.6148797730807,89.85906182273797,44.542585970289004,0.0,8.088365011686152,1,1188,0.0
1843,362.15500000000003,0.6220559969555641,1457.23716992344,72.56018639969957,22.055423626601993,2549.6148797730807,89.85905194984097,44.52088968884691,0.0,8.088426951624657,1,1188,0.0
1844,362.1600000000001,0.6227031415817659,1455.8179021824867,72.49172226469065,22.055423626601993,2549.6148797730807,89.85904207694398,44.499177337487254,0.0,8.088488861485212,1,1188,0.0
1845,362.1650000000001,0.6233511872244223,1454.398275472834,72.42323886159933,22.055423626601993,2549.6148797730807,89.85903220404698,44.47744891227959,0.0,8.08855074124551,1,1188,0.0
1846,362.1700000000001,0.6240001349376229,1452.9782910753122,72.35473624864787,22.055423626601993,2549.6148797730807,89.85902233115,44.45570440930826,0.0,8.088612590883242,1,1188,0.0
1847,362.17500000000007,0.6246499857760165,1451.5579502733558,72.28621448422943,22.055423626601993,2549.6148797730807,89.85901245825299,44.433943824672376,0.0,8.088674410376091,1,1188,0.0
1848,362.18000000000006,0.6253007407948064,1450.1372543530044,72.21767362686623,22.055423626601993,2549.6148797730807,89.85900258535601,44.41216715448588,0.0,8.088736199701735,1,1188,0.0
1849,362.18500000000006,0.6259524010497519,1448.716204602904,72.14911373516166,22.055423626601993,2549.6148797730807,89.85899271245901,44.39037439487757,0.0,8.088797958837846,1,1188,0.0
1850,362.19000000000005,0.6266049675971633,1447.2948023143038,72.08053486787351,22.055423626601993,2549.6148797730807,89.85898283956202,44.3685655419911,0.0,8.088859687762088,1,1188,0.0
1851,362.19500000000005,0.6272584414939026,1445.873048781061,72.01193708389384,22.055423626601993,2549.6148797730807,89.85897296666502,44.34674059198508,0.0,8.08892138645213,1,1188,0.0
1852,362.20000000000005,0.6279128237973807,1444.4509452996397,71.94332044221613,22.055423626601993,2549.6148797730807,89.85896309376803,44.32489954103302,0.0,8.088983054885622,1,1188,0.0
1853,362.20500000000004,0.628568115565555,1443.0284931691094,71.87468500198379,22.055423626601993,2549.6148797730807,89.85895322087104,44.30304238532342,0.0,8.089044693040215,1,1188,0.0
1854,362.21000000000004,0.6292243178569286,1441.605693691149,71.80603082244129,22.055423626601993,2549.6148797730807,89.85894334797405,44.281169121059776,0.0,8.089106300893558,1,1188,0.0
1855,362.21500000000003,0.6298814317305492,1440.182548170045,71.73735796297018,22.055423626601993,2549.6148797730807,89.85893347507705,44.2592797444606,0.0,8.089167878423291,1,1188,0.0
1856,362.22,0.6305394582460047,1438.759057912691,71.66866648308556,22.055423626601993,2549.6148797730807,89.85892360218006,44.23737425175948,0.0,8.089229425607048,1,1188,0.0
1857,362.2250000000001,0.6311983984634237,1437.335224228591,71.5999564424038,22.055423626601993,2549.6148797730807,89.85891372928306,44.21545263920509,0.0,8.089290942422457,1,1188,0.0
1858,362.2300000000001,0.6318582534434728,1435.9110484298576,71.53122790068798,22.055423626601993,2549.6148797730807,89.85890385638606,44.193514903061214,0.0,8.089352428847143,1,1188,0.0
1859,362.23500000000007,0.6325190242473555,1434.486531831212,71.4624809178294,22.055423626601993,2549.6148797730807,89.85889398348907,44.17156103960679,0.0,8.089413884858725,1,1188,0.0
1860,362.24000000000007,0.633180711936809,1433.0616757499874,71.39371555382303,22.055423626601993,2549.6148797730807,89.85888411059207,44.149591045135935,0.0,8.08947531043482,1,1188,0.0
1861,362.24500000000006,0.6338433175741027,1431.6364815061256,71.32493186881698,22.055423626601993,2549.6148797730807,89.85887423769509,44.12760491595797,0.0,8.089536705553032,1,1188,0.0
1862,362.25000000000006,0.6345068422220383,1430.2109504221808,71.2561299230568,22.055423626601993,2549.6148797730807,89.85886436479808,44.10560264839745,0.0,8.089598070190968,1,1188,0.0
1863,362.25500000000005,0.635171286943945,1428.7850838233155,71.18730977693163,22.055423626601993,2549.6148797730807,89.8588544919011,44.083584238794195,0.0,8.089659404326225,1,1188,0.0
1864,362.26000000000005,0.6358366528036797,1427.3588830373067,71.11847149093232,22.055423626601993,2549.6148797730807,89.8588446190041,44.06154968350332,0.0,8.089720707936397,1,1188,0.0
1865,362.26500000000004,0.6365029408656242,1425.93234939454,71.04961512573145,22.055423626601993,2549.6148797730807,89.8588347461071,44.039498978895296,0.0,8.089781980999073,1,1188,0.0
1866,362.27000000000004,0.6371701521946838,1424.505484228016,70.98074074207682,22.055423626601993,2549.6148797730807,89.85882487321011,44.017432121355895,0.0,8.089843223491831,1,1188,0.0
1867,362.27500000000003,0.6378382878562853,1423.078288873346,70.91184840084846,22.055423626601993,2549.6148797730807,89.85881500031311,43.99534910728632,0.0,8.089904435392256,1,1188,0.0
1868,362.28000000000003,0.6385073489163742,1421.6507646687533,70.84293816305708,22.055423626601993,2549.6148797730807,89.85880512741613,43.97324993310317,0.0,8.089965616677917,1,1188,0.0
1869,362.2850000000001,0.6391773364414148,1420.2229129550753,70.77401008983918,22.055423626601993,2549.6148797730807,89.85879525451914,43.95113459523848,0.0,8.090026767326382,1,1188,0.0
1870,362.2900000000001,0.6398482514983864,1418.7947350757615,70.70506424248146,22.055423626601993,2549.6148797730807,89.85878538162214,43.92900309013978,0.0,8.090087887315216,1,1188,0.0
1871,362.2950000000001,0.6405200951547821,1417.366232376876,70.636100682348,22.055423626601993,2549.6148797730807,89.85877550872515,43.9068554142701,0.0,8.090148976621974,1,1188,0.0
1872,362.30000000000007,0.6411928684786075,1415.9374062070956,70.56711947097773,22.055423626601993,2549.6148797730807,89.85876563582815,43.88469156410798,0.0,8.090210035224208,1,1188,0.0
1873,362.30500000000006,0.641866572538377,1414.5082579177113,70.49812066998987,22.055423626601993,2549.6148797730807,89.85875576293115,43.86251153614755,0.0,8.090271063099472,1,1188,0.0
1874,362.31000000000006,0.6425412084031139,1413.0787888626273,70.42910434116419,22.055423626601993,2549.6148797730807,89.85874589003416,43.840315326898526,0.0,8.090332060225302,1,1188,0.0
1875,362.31500000000005,0.6432167771423473,1411.6490003983636,70.36007054640376,22.055423626601993,2549.6148797730807,89.85873601713716,43.818102932886234,0.0,8.09039302657924,1,1188,0.0
1876,362.32000000000005,0.6438932798261109,1410.2188938840534,70.29101934771353,22.055423626601993,2549.6148797730807,89.85872614424018,43.79587435065167,0.0,8.09045396213882,1,1188,0.0
1877,362.32500000000005,0.644570717524939,1408.7884706814461,70.22195080724613,22.055423626601993,2549.6148797730807,89.85871627134317,43.77362957675151,0.0,8.090514866881568,1,1188,0.0
1878,362.33000000000004,0.6452490913098687,1407.357732154904,70.15286498726624,22.055423626601993,2549.6148797730807,89.85870639844619,43.75136860775812,0.0,8.090575740785008,1,1188,0.0
1879,362.33500000000004,0.6459284022524331,1405.9266796714055,70.08376195017674,22.055423626601993,2549.6148797730807,89.85869652554919,43.72909144025963,0.0,8.09063658382666,1,1188,0.0
1880,362.34000000000003,0.6466086514246628,1404.4953146005444,70.01464175851463,22.055423626601993,2549.6148797730807,89.8586866526522,43.70679807085993,0.0,8.090697395984039,1,1188,0.0
1881,362.345,0.6472898398990817,1403.063638314529,69.9455044749094,22.055423626601993,2549.6148797730807,89.8586767797552,43.68448849617873,0.0,8.090758177234651,1,1188,0.0
1882,362.3500000000001,0.6479719687487071,1401.6316521881843,69.87635016214864,22.055423626601993,2549.6148797730807,89.8586669068582,43.66216271285154,0.0,8.090818927556002,1,1188,0.0
1883,362.3550000000001,0.6486550390470459,1400.1993575989493,69.80717888312373,22.055423626601993,2549.6148797730807,89.85865703396122,43.63982071752975,0.0,8.090879646925591,1,1188,0.0
1884,362.36000000000007,0.6493390518680935,1398.76675592688,69.73799070088788,22.055423626601993,2549.6148797730807,89.85864716106423,43.617462506880635,0.0,8.090940335320916,1,1188,0.0
1885,362.36500000000007,0.6500240082863319,1397.3338485546478,69.66878567857422,22.055423626601993,2549.6148797730807,89.85863728816723,43.5950880775874,0.0,8.091000992719463,1,1188,0.0
1886,362.37000000000006,0.6507099093767265,1395.9006368675398,69.59956387946697,22.055423626601993,2549.6148797730807,89.85862741527023,43.572697426349166,0.0,8.09106161909872,1,1188,0.0
1887,362.37500000000006,0.6513967562147263,1394.4671222534587,69.5303253669762,22.055423626601993,2549.6148797730807,89.85861754237324,43.550290549881076,0.0,8.091122214436167,1,1188,0.0
1888,362.38000000000005,0.6520845498762589,1393.0333061029244,69.46107020463839,22.055423626601993,2549.6148797730807,89.85860766947624,43.52786744491425,0.0,8.091182778709282,1,1188,0.0
1889,362.38500000000005,0.6527732914377317,1391.5991898090713,69.3917984561024,22.055423626601993,2549.6148797730807,89.85859779657926,43.505428108195865,0.0,8.091243311895536,1,1188,0.0
1890,362.39000000000004,0.6534629819760276,1390.1647747676514,69.32251018517361,22.055423626601993,2549.6148797730807,89.85858792368225,43.482972536489164,0.0,8.091303813972395,1,1188,0.0
1891,362.39500000000004,0.654153622568503,1388.7300623770323,69.25320545574276,22.055423626601993,2549.6148797730807,89.85857805078527,43.46050072657347,0.0,8.091364284917324,1,1188,0.0
1892,362.40000000000003,0.6548452142929869,1387.2950540381973,69.18388433186412,22.055423626601993,2549.6148797730807,89.85856817788826,43.43801267524426,0.0,8.09142472470778,1,1188,0.0
1893,362.40500000000003,0.6555377582277788,1385.8597511547464,69.11454687770119,22.055423626601993,2549.6148797730807,89.85855830499128,43.41550837931314,0.0,8.091485133321216,1,1188,0.0
1894,362.4100000000001,0.6562312554516451,1384.4241551328955,69.04519315754192,22.055423626601993,2549.6148797730807,89.85854843209428,43.392987835607926,0.0,8.091545510735083,1,1188,0.0
1895,362.4150000000001,0.6569257070438191,1382.988267381477,68.97582323579631,22.055423626601993,2549.6148797730807,89.85853855919729,43.37045104097264,0.0,8.091605856926822,1,1188,0.0
1896,362.4200000000001,0.6576211140839967,1381.5520893119397,68.90643717702018,22.055423626601993,2549.6148797730807,89.8585286863003,43.347897992267555,0.0,8.091666171873879,1,1188,0.0
1897,362.42500000000007,0.6583174776523357,1380.1156223383466,68.83703504588252,22.055423626601993,2549.6148797730807,89.8585188134033,43.325328686369204,0.0,8.091726455553685,1,1188,0.0
1898,362.43000000000006,0.6590147988294545,1378.6788678773792,68.76761690717643,22.055423626601993,2549.6148797730807,89.85850894050631,43.30274312017046,0.0,8.091786707943672,1,1188,0.0
1899,362.43500000000006,0.659713078696428,1377.2418273483338,68.69818282582696,22.055423626601993,2549.6148797730807,89.85849906760932,43.280141290580495,0.0,8.09184692902127,1,1188,0.0
1900,362.44000000000005,0.6604123183347865,1375.804502173123,68.62873286688996,22.055423626601993,2549.6148797730807,89.85848919471232,43.257523194524865,0.0,8.0919071187639,1,1188,0.0
1901,362.44500000000005,0.6611125188265137,1374.3668937762739,68.55926709553941,22.055423626601993,2549.6148797730807,89.85847932181532,43.234888828945515,0.0,8.091967277148978,1,1188,0.0
1902,362.45000000000005,0.6618136812540446,1372.9290035849315,68.48978557706957,22.055423626601993,2549.6148797730807,89.85846944891833,43.21223819080081,0.0,8.09202740415392,1,1188,0.0
1903,362.45500000000004,0.6625158067002624,1371.490833028855,68.42028837691467,22.055423626601993,2549.6148797730807,89.85845957602133,43.18957127706558,0.0,8.09208749975614,1,1188,0.0
1904,362.46000000000004,0.6632188962484982,1370.0523835404188,68.35077556064847,22.055423626601993,2549.6148797730807,89.85844970312435,43.166888084731134,0.0,8.092147563933038,1,1188,0.0
1905,362.46500000000003,0.663922950982527,1368.6136565546137,68.2812471939205,22.055423626601993,2549.6148797730807,89.85843983022734,43.144188610805294,0.0,8.092207596662016,1,1188,0.0
1906,362.47,0.6646279719865666,1367.1746535090451,68.21170334257545,22.055423626601993,2549.6148797730807,89.85842995733036,43.121472852312415,0.0,8.092267597920474,1,1188,0.0
1907,362.4750000000001,0.6653339603452746,1365.7353758439342,68.14214407251443,22.055423626601993,2549.6148797730807,89.85842008443335,43.09874080629345,0.0,8.092327567685803,1,1188,0.0
1908,362.4800000000001,0.6660409171437478,1364.2958250021156,68.07256944983385,22.055423626601993,2549.6148797730807,89.85841021153637,43.075992469805925,0.0,8.09238750593539,1,1188,0.0
1909,362.48500000000007,0.666748843467518,1362.8560024290402,68.00297954069362,22.055423626601993,2549.6148797730807,89.85840033863937,43.05322783992402,0.0,8.092447412646623,1,1188,0.0
1910,362.49000000000007,0.6674577404025511,1361.415909572773,67.93337441142606,22.055423626601993,2549.6148797730807,89.85839046574237,43.030446913738565,0.0,8.092507287796881,1,1188,0.0
1911,362.49500000000006,0.6681676090352455,1359.9755478839922,67.86375412846218,22.055423626601993,2549.6148797730807,89.85838059284539,43.007649688357084,0.0,8.092567131363541,1,1188,0.0
1912,362.50000000000006,0.6688784504524277,1358.5349188159917,67.7941187583846,22.055423626601993,2549.6148797730807,89.85837071994838,42.98483616090382,0.0,8.092626943323975,1,1188,0.0
1913,362.50500000000005,0.669590265741352,1357.094023824678,67.72446836787661,22.055423626601993,2549.6148797730807,89.8583608470514,42.96200632851977,0.0,8.092686723655548,1,1188,0.0
1914,362.51000000000005,0.6703030559896984,1355.6528643685717,67.65480302376724,22.055423626601993,2549.6148797730807,89.8583509741544,42.93916018836271,0.0,8.09274647233563,1,1188,0.0
1915,362.51500000000004,0.6710168222855685,1354.2114419088075,67.58512279300797,22.055423626601993,2549.6148797730807,89.85834110125741,42.91629773760723,0.0,8.092806189341578,1,1188,0.0
1916,362.52000000000004,0.6717315657174849,1352.7697579091323,67.51542774265513,22.055423626601993,2549.6148797730807,89.85833122836041,42.89341897344475,0.0,8.092865874650748,1,1188,0.0
1917,362.52500000000003,0.672447287374389,1351.327813835906,67.44571793993221,22.055423626601993,2549.6148797730807,89.85832135546342,42.870523893083565,0.0,8.092925528240494,1,1188,0.0
1918,362.53000000000003,0.6731639883456375,1349.885611158101,67.37599345216148,22.055423626601993,2549.6148797730807,89.85831148256642,42.847612493748876,0.0,8.092985150088161,1,1188,0.0
1919,362.5350000000001,0.673881669721002,1348.4431513473023,67.30625434679817,22.055423626601993,2549.6148797730807,89.85830160966944,42.8246847726828,0.0,8.093044740171099,1,1188,0.0
1920,362.5400000000001,0.6746003325906642,1347.0004358777069,67.23650069141553,22.055423626601993,2549.6148797730807,89.85829173677243,42.801740727144406,0.0,8.093104298466642,1,1188,0.0
1921,362.5450000000001,0.6753199780452174,1345.5574662261222,67.16673255373607,22.055423626601993,2549.6148797730807,89.85828186387545,42.778780354409776,0.0,8.093163824952132,1,1188,0.0
1922,362.55000000000007,0.6760406071756591,1344.114243871969,67.09695000158969,22.055423626601993,2549.6148797730807,89.85827199097844,42.755803651771984,0.0,8.0932233196049,1,1188,0.0
1923,362.55500000000006,0.6767622210733938,1342.6707702972767,67.02715310292608,22.055423626601993,2549.6148797730807,89.85826211808146,42.73281061654117,0.0,8.093282782402275,1,1188,0.0
1924,362.56000000000006,0.6774848208302274,1341.2270469866874,66.95734192585945,22.055423626601993,2549.6148797730807,89.85825224518447,42.709801246044535,0.0,8.09334221332158,1,1188,0.0
1925,362.56500000000005,0.6782084075383665,1339.7830754274519,66.88751653858392,22.055423626601993,2549.6148797730807,89.85824237228746,42.686775537626396,0.0,8.09340161234014,1,1188,0.0
1926,362.57000000000005,0.6789329822904158,1338.3388571094315,66.81767700943892,22.055423626601993,2549.6148797730807,89.85823249939048,42.6637334886482,0.0,8.093460979435271,1,1188,0.0
1927,362.57500000000005,0.6796585461793748,1336.894393525096,66.74782340690922,22.055423626601993,2549.6148797730807,89.85822262649347,42.64067509648856,0.0,8.093520314584287,1,1188,0.0
1928,362.58000000000004,0.6803851002986375,1335.4496861695254,66.67795579958643,22.055423626601993,2549.6148797730807,89.85821275359649,42.61760035854329,0.0,8.0935796177645,1,1188,0.0
1929,362.58500000000004,0.6811126457419874,1334.0047365404082,66.60807425618452,22.055423626601993,2549.6148797730807,89.8582028806995,42.59450927222542,0.0,8.093638888953214,1,1188,0.0
1930,362.59000000000003,0.6818411836035976,1332.5595461380397,66.53817884555703,22.055423626601993,2549.6148797730807,89.8581930078025,42.571401834965236,0.0,8.093698128127732,1,1188,0.0
1931,362.595,0.6825707149780272,1331.1141164653238,66.46826963668114,22.055423626601993,2549.6148797730807,89.8581831349055,42.54827804421031,0.0,8.093757335265355,1,1188,0.0
1932,362.6000000000001,0.68330124096022,1329.6684490277726,66.39834669865233,22.055423626601993,2549.6148797730807,89.8581732620085,42.52513789742553,0.0,8.093816510343379,1,1188,0.0
1933,362.6050000000001,0.6840327626455003,1328.2225453335022,66.32841010071125,22.055423626601993,2549.6148797730807,89.85816338911151,42.50198139209311,0.0,8.093875653339095,1,1188,0.0
1934,362.61000000000007,0.6847652811295728,1326.7764068932377,66.25845991219661,22.055423626601993,2549.6148797730807,89.85815351621453,42.47880852571266,0.0,8.093934764229791,1,1188,0.0
1935,362.61500000000007,0.6854987975085177,1325.3300352203084,66.18849620260339,22.055423626601993,2549.6148797730807,89.85814364331752,42.45561929580117,0.0,8.093993842992754,1,1188,0.0
1936,362.62000000000006,0.6862333128787916,1323.8834318306501,66.11851904153144,22.055423626601993,2549.6148797730807,89.85813377042054,42.432413699893075,0.0,8.094052889605264,1,1188,0.0
1937,362.62500000000006,0.6869688283372212,1322.4365982428014,66.04852849871865,22.055423626601993,2549.6148797730807,89.85812389752354,42.40919173554026,0.0,8.094111904044599,1,1188,0.0
1938,362.63000000000005,0.6877053449810049,1320.9895359779068,65.97852464404019,22.055423626601993,2549.6148797730807,89.85811402462654,42.385953400312125,0.0,8.094170886288035,1,1188,0.0
1939,362.63500000000005,0.6884428639077068,1319.5422465597144,65.90850754747143,22.055423626601993,2549.6148797730807,89.85810415172956,42.36269869179555,0.0,8.094229836312842,1,1188,0.0
1940,362.64000000000004,0.6891813862152576,1318.0947315145738,65.83847727911703,22.055423626601993,2549.6148797730807,89.85809427883255,42.33942760759499,0.0,8.094288754096288,1,1188,0.0
1941,362.64500000000004,0.6899209130019494,1316.6469923714383,65.76843390924383,22.055423626601993,2549.6148797730807,89.85808440593557,42.31614014533248,0.0,8.094347639615638,1,1188,0.0
1942,362.65000000000003,0.6906614453664349,1315.1990306618634,65.69837750820064,22.055423626601993,2549.6148797730807,89.85807453303856,42.29283630264765,0.0,8.094406492848151,1,1188,0.0
1943,362.65500000000003,0.6914029844077247,1313.7508479200048,65.62830814649229,22.055423626601993,2549.6148797730807,89.85806466014158,42.26951607719778,0.0,8.094465313771087,1,1188,0.0
1944,362.6600000000001,0.6921455312251846,1312.30244568262,65.55822589473505,22.055423626601993,2549.6148797730807,89.85805478724458,42.24617946665781,0.0,8.094524102361698,1,1188,0.0
1945,362.6650000000001,0.692889086918533,1310.8538254890655,65.48813082368535,22.055423626601993,2549.6148797730807,89.85804491434759,42.22282646872036,0.0,8.094582858597237,1,1188,0.0
1946,362.6700000000001,0.6936336525878394,1309.404988881298,65.41802300421251,22.055423626601993,2549.6148797730807,89.85803504145059,42.199457081095815,0.0,8.094641582454951,1,1188,0.0
1947,362.67500000000007,0.6943792293335209,1307.9559374038727,65.3479025073138,22.055423626601993,2549.6148797730807,89.8580251685536,42.17607130151228,0.0,8.094700273912085,1,1188,0.0
1948,362.68000000000006,0.6951258182563393,1306.5066726039431,65.27776940412343,22.055423626601993,2549.6148797730807,89.8580152956566,42.15266912771567,0.0,8.094758932945881,1,1188,0.0
1949,362.68500000000006,0.695873420457402,1305.057196031259,65.20762376589114,22.055423626601993,2549.6148797730807,89.85800542275962,42.12925055746968,0.0,8.094817559533576,1,1188,0.0
1950,362.69000000000005,0.696622037038154,1303.6075092381689,65.1374656639994,22.055423626601993,2549.6148797730807,89.85799554986261,42.1058155885559,0.0,8.094876153652404,1,1188,0.0
1951,362.69500000000005,0.6973716691003804,1302.157613779616,65.0672951699613,22.055423626601993,2549.6148797730807,89.85798567696563,42.08236421877373,0.0,8.094934715279598,1,1188,0.0
1952,362.70000000000005,0.698122317746201,1300.7075112131386,64.99711235541238,22.055423626601993,2549.6148797730807,89.85797580406863,42.05889644594054,0.0,8.094993244392388,1,1188,0.0
1953,362.70500000000004,0.6988739840780697,1299.2572030988706,64.92691729210068,22.055423626601993,2549.6148797730807,89.85796593117163,42.03541226789158,0.0,8.095051740967998,1,1188,0.0
1954,362.71000000000004,0.69962666919877,1297.806690999539,64.85671005192539,22.055423626601993,2549.6148797730807,89.85795605827465,42.011911682480076,0.0,8.09511020498365,1,1188,0.0
1955,362.71500000000003,0.7003803742114141,1296.355976480464,64.78649070689066,22.055423626601993,2549.6148797730807,89.85794618537764,41.98839468757725,0.0,8.095168636416565,1,1188,0.0
1956,362.72,0.7011351002194401,1294.905061109558,64.71625932913771,22.055423626601993,2549.6148797730807,89.85793631248066,41.96486128107234,0.0,8.095227035243958,1,1188,0.0
1957,362.7250000000001,0.7018908483266086,1293.453946457325,64.64601599093984,22.055423626601993,2549.6148797730807,89.85792643958365,41.94131146087263,0.0,8.095285401443043,1,1188,0.0
1958,362.7300000000001,0.7026476196370012,1292.0026340968604,64.57576076468462,22.055423626601993,2549.6148797730807,89.85791656668667,41.91774522490349,0.0,8.095343734991031,1,1188,0.0
1959,362.73500000000007,0.7034054152550173,1290.5511256038485,64.50549372290233,22.055423626601993,2549.6148797730807,89.85790669378967,41.894162571108396,0.0,8.095402035865131,1,1188,0.0
1960,362.74000000000007,0.7041642362853716,1289.0994225565632,64.43521493822185,22.055423626601993,2549.6148797730807,89.85789682089268,41.87056349744896,0.0,8.095460304042545,1,1188,0.0
1961,362.74500000000006,0.7049240838330928,1287.6475265358663,64.36492448342847,22.055423626601993,2549.6148797730807,89.85788694799568,41.84694800190495,0.0,8.095518539500477,1,1188,0.0
1962,362.75000000000006,0.7056849590035189,1286.1954391252077,64.29462243141082,22.055423626601993,2549.6148797730807,89.85787707509868,41.82331608247435,0.0,8.095576742216121,1,1188,0.0
1963,362.75500000000005,0.7064468629022959,1284.743161910623,64.22430885518901,22.055423626601993,2549.6148797730807,89.85786720220169,41.799667737173344,0.0,8.09563491216668,1,1188,0.0
1964,362.76000000000005,0.7072097966353755,1283.2906964807344,64.15398382794251,22.055423626601993,2549.6148797730807,89.85785732930471,41.77600296403639,0.0,8.095693049329343,1,1188,0.0
1965,362.76500000000004,0.7079737613090122,1281.8380444267477,64.08364742291438,22.055423626601993,2549.6148797730807,89.8578474564077,41.75232176111623,0.0,8.095751153681302,1,1188,0.0
1966,362.77000000000004,0.7087387580297597,1280.385207342454,64.01329971352776,22.055423626601993,2549.6148797730807,89.85783758351072,41.72862412648389,0.0,8.095809225199742,1,1188,0.0
1967,362.77500000000003,0.7095047879044695,1278.932186824226,63.94294077329915,22.055423626601993,2549.6148797730807,89.85782771061372,41.70491005822879,0.0,8.095867263861852,1,1188,0.0
1968,362.78000000000003,0.7102718520402891,1277.4789844710192,63.872570675901535,22.055423626601993,2549.6148797730807,89.85781783771672,41.681179554458666,0.0,8.095925269644813,1,1188,0.0
1969,362.7850000000001,0.7110399515446568,1276.02560188437,63.8021894951103,22.055423626601993,2549.6148797730807,89.85780796481974,41.6574326132997,0.0,8.095983242525802,1,1188,0.0
1970,362.7900000000001,0.7118090875253009,1274.5720406683959,63.73179730483757,22.055423626601993,2549.6148797730807,89.85779809192273,41.63366923289646,0.0,8.096041182481999,1,1188,0.0
1971,362.7950000000001,0.7125792610902377,1273.1183024297916,63.66139417910162,22.055423626601993,2549.6148797730807,89.85778821902575,41.609889411412006,0.0,8.096099089490576,1,1188,0.0
1972,362.80000000000007,0.7133504733477668,1271.664388777831,63.59098019207299,22.055423626601993,2549.6148797730807,89.85777834612875,41.586093147027874,0.0,8.096156963528705,1,1188,0.0
1973,362.80500000000006,0.7141227254064697,1270.2103013243652,63.52055541804374,22.055423626601993,2549.6148797730807,89.85776847323176,41.56228043794411,0.0,8.096214804573554,1,1188,0.0
1974,362.81000000000006,0.7148960183752081,1268.756041683822,63.45011993142521,22.055423626601993,2549.6148797730807,89.85775860033476,41.53845128237933,0.0,8.096272612602293,1,1188,0.0
1975,362.81500000000005,0.7156703533631191,1267.3016114732034,63.3796738067564,22.055423626601993,2549.6148797730807,89.85774872743777,41.51460567857069,0.0,8.096330387592083,1,1188,0.0
1976,362.82000000000005,0.7164457314796133,1265.8470123120862,63.30921711868988,22.055423626601993,2549.6148797730807,89.85773885454077,41.490743624773984,0.0,8.096388129520086,1,1188,0.0
1977,362.82500000000005,0.7172221538343737,1264.39224582262,63.23874994202515,22.055423626601993,2549.6148797730807,89.85772898164377,41.466865119263616,0.0,8.096445838363461,1,1188,0.0
1978,362.83000000000004,0.7179996215373508,1262.9373136295264,63.16827235168976,22.055423626601993,2549.6148797730807,89.85771910874678,41.44297016033266,0.0,8.096503514099366,1,1188,0.0
1979,362.83500000000004,0.718778135698761,1261.482217360098,63.097784422710376,22.055423626601993,2549.6148797730807,89.8577092358498,41.41905874629289,0.0,8.09656115670495,1,1188,0.0
1980,362.84000000000003,0.7195576974290845,1260.0269586441966,63.02728623027006,22.055423626601993,2549.6148797730807,89.85769936295279,41.39513087547479,0.0,8.096618766157372,1,1188,0.0
1981,362.845,0.720338307839061,1258.5715391142542,62.95677784964782,22.055423626601993,2549.6148797730807,89.8576894900558,41.3711865462276,0.0,8.096676342433774,1,1188,0.0
1982,362.8500000000001,0.7211199680396885,1257.1159604052687,62.88625935627741,22.055423626601993,2549.6148797730807,89.85767961715881,41.34722575691932,0.0,8.096733885511307,1,1188,0.0
1983,362.8550000000001,0.721902679142219,1255.660224154806,62.81573082570014,22.055423626601993,2549.6148797730807,89.85766974426181,41.323248505936796,0.0,8.096791395367116,1,1188,0.0
1984,362.86000000000007,0.7226864422581584,1254.2043320029957,62.74519233358843,22.055423626601993,2549.6148797730807,89.85765987136483,41.29925479168567,0.0,8.096848871978342,1,1188,0.0
1985,362.86500000000007,0.7234712584992605,1252.7482855925334,62.674643955724804,22.055423626601993,2549.6148797730807,89.85764999846782,41.27524461259048,0.0,8.096906315322123,1,1188,0.0
1986,362.87000000000006,0.7242571289775269,1251.2920865686758,62.60408576806267,22.055423626601993,2549.6148797730807,89.85764012557084,41.25121796709463,0.0,8.096963725375598,1,1188,0.0
1987,362.87500000000006,0.7250440548052033,1249.8357365792435,62.53351784663354,22.055423626601993,2549.6148797730807,89.85763025267384,41.227174853660486,0.0,8.097021102115905,1,1188,0.0
1988,362.88000000000005,0.7258320370947756,1248.3792372746154,62.46294026761473,22.055423626601993,2549.6148797730807,89.85762037977685,41.20311527076933,0.0,8.097078445520173,1,1188,0.0
1989,362.88500000000005,0.7266210769589693,1246.9225903077318,62.392353107301545,22.055423626601993,2549.6148797730807,89.85761050687985,41.179039216921446,0.0,8.097135755565537,1,1188,0.0
1990,362.89000000000004,0.727411175510745,1245.4657973340902,62.32175644212962,22.055423626601993,2549.6148797730807,89.85760063398286,41.15494669063612,0.0,8.097193032229123,1,1188,0.0
1991,362.89500000000004,0.7282023338632975,1244.008860011745,62.25115034864296,22.055423626601993,2549.6148797730807,89.85759076108586,41.13083769045169,0.0,8.09725027548806,1,1188,0.0
1992,362.90000000000003,0.7289945531300501,1242.5517800013063,62.18053490352563,22.055423626601993,2549.6148797730807,89.85758088818886,41.10671221492554,0.0,8.09730748531947,1,1188,0.0
1993,362.90500000000003,0.729787834424655,1241.0945589659386,62.10991018356821,22.055423626601993,2549.6148797730807,89.85757101529187,41.08257026263417,0.0,8.09736466170048,1,1188,0.0
1994,362.9100000000001,0.730582178860988,1239.6371985713597,62.03927626571349,22.055423626601993,2549.6148797730807,89.85756114239489,41.058411832173185,0.0,8.097421804608206,1,1188,0.0
1995,362.9150000000001,0.7313775875531476,1238.179700485839,61.9686332270017,22.055423626601993,2549.6148797730807,89.85755126949788,41.03423692215738,0.0,8.097478914019769,1,1188,0.0
1996,362.9200000000001,0.732174061615451,1236.7220663801966,61.897981144625874,22.055423626601993,2549.6148797730807,89.8575413966009,41.0100455312207,0.0,8.097535989912286,1,1188,0.0
1997,362.92500000000007,0.7329716021624314,1235.2642979278012,61.827320095872466,22.055423626601993,2549.6148797730807,89.8575315237039,40.98583765801632,0.0,8.097593032262868,1,1188,0.0
1998,362.93000000000006,0.7337702103088356,1233.8063968045699,61.75665015818521,22.055423626601993,2549.6148797730807,89.8575216508069,40.96161330121665,0.0,8.097650041048633,1,1188,0.0
1999,362.93500000000006,0.7345698871696202,1232.3483646889667,61.68597140910298,22.055423626601993,2549.6148797730807,89.85751177790992,40.93737245951337,0.0,8.097707016246687,1,1188,0.0
2000,362.94000000000005,0.7353706338599512,1230.8902032619992,61.61528392632698,22.055423626601993,2549.6148797730807,89.85750190501291,40.91311513161746,0.0,8.097763957834141,1,1188,0.0
2001,362.94500000000005,0.7361724514951987,1229.4319142072204,61.544587787647394,22.055423626601993,2549.6148797730807,89.85749203211593,40.888841316259224,0.0,8.097820865788103,1,1188,0.0
2002,362.95000000000005,0.7369753411909337,1227.973499210724,61.47388307099241,22.055423626601993,2549.6148797730807,89.85748215921893,40.864551012188336,0.0,8.097877740085679,1,1188,0.0
2003,362.95500000000004,0.7377793040629274,1226.5149599611457,61.40316985442952,22.055423626601993,2549.6148797730807,89.85747228632194,40.84024421817383,0.0,8.097934580703967,1,1188,0.0
2004,362.96000000000004,0.7385843412271479,1225.0562981496607,61.332448216131546,22.055423626601993,2549.6148797730807,89.85746241342494,40.81592093300418,0.0,8.097991387620075,1,1188,0.0
2005,362.96500000000003,0.7393904537997552,1223.5975154699818,61.261718234397286,22.055423626601993,2549.6148797730807,89.85745254052794,40.791581155487286,0.0,8.0980481608111,1,1188,0.0
2006,362.97,0.7401976428971017,1222.138613618358,61.190979987661,22.055423626601993,2549.6148797730807,89.85744266763095,40.76722488445051,0.0,8.09810490025414,1,1188,0.0
2007,362.9750000000001,0.7410059096357252,1220.6795942935744,61.120233554487434,22.055423626601993,2549.6148797730807,89.85743279473397,40.74285211874075,0.0,8.098161605926292,1,1188,0.0
2008,362.9800000000001,0.7418152551323505,1219.2204591969487,61.04947901353796,22.055423626601993,2549.6148797730807,89.85742292183696,40.71846285722439,0.0,8.098218277804651,1,1188,0.0
2009,362.98500000000007,0.7426256805038821,1217.7612100323315,60.97871644362049,22.055423626601993,2549.6148797730807,89.85741304893997,40.69405709878739,0.0,8.098274915866309,1,1188,0.0
2010,362.99000000000007,0.7434371868674058,1216.301848506104,60.90794592368133,22.055423626601993,2549.6148797730807,89.85740317604298,40.669634842335306,0.0,8.09833152008836,1,1188,0.0
2011,362.99500000000006,0.7442497753401808,1214.842376327176,60.837167532753554,22.055423626601993,2549.6148797730807,89.85739330314598,40.64519608679328,0.0,8.09838809044789,1,1188,0.0
2012,363.00000000000006,0.7450634470396414,1213.3827952069848,60.7663813500369,22.055423626601993,2549.6148797730807,89.85738343024899,40.62074083110612,0.0,8.09844462692199,1,1188,0.0
2013,363.00500000000005,0.7458782030833914,1211.923106859494,60.69558745480324,22.055423626601993,2549.6148797730807,89.85737355735199,40.59626907423829,0.0,8.098501129487747,1,1188,0.0
2014,363.01000000000005,0.7466940445892017,1210.4633130011923,60.62478592650923,22.055423626601993,2549.6148797730807,89.85736368445501,40.57178081517397,0.0,8.098557598122246,1,1188,0.0
2015,363.01500000000004,0.7475109726750069,1209.0034153510894,60.55397684469267,22.055423626601993,2549.6148797730807,89.857353811558,40.547276052917056,0.0,8.098614032802573,1,1188,0.0
2016,363.02000000000004,0.7483289884589045,1207.5434156307185,60.483160289039866,22.055423626601993,2549.6148797730807,89.85734393866102,40.5227547864912,0.0,8.098670433505804,1,1188,0.0
2017,363.02500000000003,0.7491480930591482,1206.0833155641305,60.412336339338516,22.055423626601993,2549.6148797730807,89.85733406576402,40.49821701493983,0.0,8.098726800209025,1,1188,0.0
2018,363.03000000000003,0.7499682875941488,1204.6231168778952,60.341505075516494,22.055423626601993,2549.6148797730807,89.85732419286703,40.47366273732622,0.0,8.098783132889317,1,1188,0.0
2019,363.0350000000001,0.7507895731824686,1203.1628213010988,60.27066657762457,22.055423626601993,2549.6148797730807,89.85731431997003,40.44909195273345,0.0,8.098839431523754,1,1188,0.0
2020,363.0400000000001,0.7516119509428197,1201.7024305653422,60.19982092584345,22.055423626601993,2549.6148797730807,89.85730444707303,40.42450466026448,0.0,8.098895696089414,1,1188,0.0
2021,363.0450000000001,0.7524354219940604,1200.2419464047389,60.12896820046567,22.055423626601993,2549.6148797730807,89.85729457417604,40.39990085904218,0.0,8.098951926563375,1,1188,0.0
2022,363.05000000000007,0.7532599874551926,1198.7813705559138,60.058108481909755,22.055423626601993,2549.6148797730807,89.85728470127906,40.37528054820932,0.0,8.099008122922708,1,1188,0.0
2023,363.05500000000006,0.754085648445358,1197.3207047580015,59.987241850729035,22.055423626601993,2549.6148797730807,89.85727482838205,40.35064372692866,0.0,8.099064285144488,1,1188,0.0
2024,363.06000000000006,0.7549124060838361,1195.8599507526455,59.91636838758644,22.055423626601993,2549.6148797730807,89.85726495548506,40.32599039438292,0.0,8.099120413205787,1,1188,0.0
2025,363.06500000000005,0.7557402614900407,1194.3991102839946,59.84548817326428,22.055423626601993,2549.6148797730807,89.85725508258807,40.30132054977484,0.0,8.099176507083675,1,1188,0.0
2026,363.07000000000005,0.7565692157835173,1192.9381850987008,59.774601288706094,22.055423626601993,2549.6148797730807,89.85724520969107,40.276634192327194,0.0,8.09923256675522,1,1188,0.0
2027,363.07500000000005,0.7573992700839386,1191.4771769459219,59.70370781493605,22.055423626601993,2549.6148797730807,89.85723533679408,40.25193132128283,0.0,8.099288592197492,1,1188,0.0
2028,363.08000000000004,0.7582304255111033,1190.0160875773136,59.63280783312396,22.055423626601993,2549.6148797730807,89.85722546389708,40.22721193590468,0.0,8.099344583387559,1,1188,0.0
2029,363.08500000000004,0.7590626831849325,1188.5549187470324,59.56190142456132,22.055423626601993,2549.6148797730807,89.8572155910001,40.20247603547582,0.0,8.099400540302485,1,1188,0.0
2030,363.09000000000003,0.7598960442254657,1187.0936722117317,59.49098867065172,22.055423626601993,2549.6148797730807,89.85720571810309,40.17772361929945,0.0,8.099456462919337,1,1188,0.0
2031,363.095,0.7607305097528595,1185.63234973056,59.42006965293562,22.055423626601993,2549.6148797730807,89.8571958452061,40.15295468669898,0.0,8.099512351215177,1,1188,0.0
2032,363.1000000000001,0.761566080887382,1184.1709530651608,59.34914445307467,22.055423626601993,2549.6148797730807,89.85718597230911,40.12816923701802,0.0,8.099568205167069,1,1188,0.0
2033,363.1050000000001,0.7624027587494117,1182.709483979668,59.27821315285371,22.055423626601993,2549.6148797730807,89.85717609941211,40.10336726962041,0.0,8.099624024752073,1,1188,0.0
2034,363.11000000000007,0.7632405444594343,1181.2479442407055,59.20727583417254,22.055423626601993,2549.6148797730807,89.85716622651512,40.078548783890255,0.0,8.09967980994725,1,1188,0.0
2035,363.11500000000007,0.7640794391380398,1179.7863356173864,59.13633257906703,22.055423626601993,2549.6148797730807,89.85715635361812,40.053713779231956,0.0,8.099735560729666,1,1188,0.0
2036,363.12000000000006,0.7649194439059168,1178.324659881309,59.065383469684015,22.055423626601993,2549.6148797730807,89.85714648072113,40.02886225507024,0.0,8.099791277076374,1,1188,0.0
2037,363.12500000000006,0.7657605598838532,1176.8629188065565,58.99442858830161,22.055423626601993,2549.6148797730807,89.85713660782415,40.003994210850166,0.0,8.099846958964433,1,1188,0.0
2038,363.13000000000005,0.7666027881927302,1175.4011141696944,58.9234680173211,22.055423626601993,2549.6148797730807,89.85712673492715,39.979109646037195,0.0,8.099902606370902,1,1188,0.0
2039,363.13500000000005,0.7674461299535207,1173.9392477497686,58.85250183926392,22.055423626601993,2549.6148797730807,89.85711686203015,39.954208560117166,0.0,8.099958219272837,1,1188,0.0
2040,363.14000000000004,0.7682905862872853,1172.4773213283029,58.781530136769504,22.055423626601993,2549.6148797730807,89.85710698913316,39.92929095259638,0.0,8.100013797647295,1,1188,0.0
2041,363.14500000000004,0.7691361583151698,1171.015336689298,58.71055299261622,22.055423626601993,2549.6148797730807,89.85709711623616,39.90435682300157,0.0,8.100069341471329,1,1188,0.0
2042,363.15000000000003,0.7699828471584023,1169.5532956192296,58.63957048968767,22.055423626601993,2549.6148797730807,89.85708724333918,39.879406170879975,0.0,8.100124850721995,1,1188,0.0
2043,363.15500000000003,0.7708306539382879,1168.0911999070454,58.568582711004176,22.055423626601993,2549.6148797730807,89.85707737044217,39.85443899579934,0.0,8.100180325376346,1,1188,0.0
2044,363.1600000000001,0.7716795797762092,1166.629051344164,58.49758973968744,22.055423626601993,2549.6148797730807,89.85706749754519,39.82945529734797,0.0,8.100235765411437,1,1188,0.0
2045,363.1650000000001,0.7725296257936197,1165.166851724472,58.426591659011876,22.055423626601993,2549.6148797730807,89.85705762464818,39.804455075134726,0.0,8.100291170804317,1,1188,0.0
2046,363.1700000000001,0.7733807931120421,1163.704602844323,58.35558855234806,22.055423626601993,2549.6148797730807,89.8570477517512,39.779438328789084,0.0,8.100346541532039,1,1188,0.0
2047,363.17500000000007,0.7742330828530657,1162.2423065025348,58.28458050321196,22.055423626601993,2549.6148797730807,89.8570378788542,39.75440505796112,0.0,8.100401877571654,1,1188,0.0
2048,363.18000000000006,0.7750864961383414,1160.779964500387,58.21356759522916,22.055423626601993,2549.6148797730807,89.8570280059572,39.729355262321604,0.0,8.100457178900214,1,1188,0.0
2049,363.18500000000006,0.7759410340895815,1159.3175786416205,58.142549912129525,22.055423626601993,2549.6148797730807,89.85701813306021,39.704288941561956,0.0,8.100512445494768,1,1188,0.0
2050,363.19000000000005,0.7767966978285521,1157.8551507324332,58.07152753779416,22.055423626601993,2549.6148797730807,89.85700826016321,39.67920609539432,0.0,8.100567677332366,1,1188,0.0
2051,363.19500000000005,0.7776534884770747,1156.3926825814804,58.00050055623647,22.055423626601993,2549.6148797730807,89.85699838726622,39.65410672355158,0.0,8.100622874390057,1,1188,0.0
2052,363.20000000000005,0.778511407157019,1154.9301759998696,57.92946905153872,22.055423626601993,2549.6148797730807,89.85698851436923,39.62899082578739,0.0,8.100678036644888,1,1188,0.0
2053,363.20500000000004,0.779370454990302,1153.4676328011622,57.858433107961204,22.055423626601993,2549.6148797730807,89.85697864147224,39.60385840187618,0.0,8.100733164073908,1,1188,0.0
2054,363.21000000000004,0.7802306330988846,1152.0050548013664,57.78739280984843,22.055423626601993,2549.6148797730807,89.85696876857524,39.57870945161323,0.0,8.100788256654168,1,1188,0.0
2055,363.21500000000003,0.781091942604767,1150.5424438189405,57.716348241699826,22.055423626601993,2549.6148797730807,89.85695889567825,39.55354397481463,0.0,8.100843314362713,1,1188,0.0
2056,363.22,0.781954384629986,1149.0798016747863,57.645299488106886,22.055423626601993,2549.6148797730807,89.85694902278125,39.52836197131738,0.0,8.100898337176588,1,1188,0.0
2057,363.2250000000001,0.7828179602966134,1147.6171301922489,57.57424663379412,22.055423626601993,2549.6148797730807,89.85693914988427,39.50316344097937,0.0,8.100953325072844,1,1188,0.0
2058,363.2300000000001,0.78368267072675,1146.1544311971154,57.503189763597625,22.055423626601993,2549.6148797730807,89.85692927698726,39.47794838367942,0.0,8.101008278028525,1,1188,0.0
2059,363.23500000000007,0.7845485170425242,1144.6917065176094,57.43212896250623,22.055423626601993,2549.6148797730807,89.85691940409028,39.45271679931732,0.0,8.101063196020677,1,1188,0.0
2060,363.24000000000007,0.785415500366088,1143.2289579843932,57.361064315608175,22.055423626601993,2549.6148797730807,89.85690953119328,39.427468687813835,0.0,8.10111807902635,1,1188,0.0
2061,363.24500000000006,0.7862836218196144,1141.7661874305609,57.289995908090326,22.055423626601993,2549.6148797730807,89.85689965829629,39.402204049110736,0.0,8.101172927022583,1,1188,0.0
2062,363.25000000000006,0.7871528825252931,1140.3033966916391,57.21892382531126,22.055423626601993,2549.6148797730807,89.85688978539929,39.37692288317085,0.0,8.10122773998643,1,1188,0.0
2063,363.25500000000005,0.788023283605328,1138.8405876055842,57.14784815271074,22.055423626601993,2549.6148797730807,89.8568799125023,39.351625189978066,0.0,8.10128251789493,1,1188,0.0
2064,363.26000000000005,0.788894826181933,1137.3777620127798,57.07676897586534,22.055423626601993,2549.6148797730807,89.8568700396053,39.326310969537374,0.0,8.101337260725133,1,1188,0.0
2065,363.26500000000004,0.7897675113773297,1135.9149217560337,57.00568638046582,22.055423626601993,2549.6148797730807,89.8568601667083,39.30098022187489,0.0,8.101391968454081,1,1188,0.0
2066,363.27000000000004,0.7906413403137436,1134.4520686805763,56.934600452339524,22.055423626601993,2549.6148797730807,89.8568502938113,39.275632947037856,0.0,8.101446641058823,1,1188,0.0
2067,363.27500000000003,0.7915163141134008,1132.9892046340588,56.86351127741812,22.055423626601993,2549.6148797730807,89.85684042091432,39.25026914509472,0.0,8.101501278516402,1,1188,0.0
2068,363.28000000000003,0.7923924338985242,1131.5263314665494,56.79241894176332,22.055423626601993,2549.6148797730807,89.85683054801733,39.224888816135106,0.0,8.101555880803865,1,1188,0.0
2069,363.2850000000001,0.7932697007913313,1130.0634510305313,56.72132353154587,22.055423626601993,2549.6148797730807,89.85682067512033,39.19949196026991,0.0,8.101610447898256,1,1188,0.0
2070,363.2900000000001,0.7941481159140292,1128.6005651809014,56.65022513307546,22.055423626601993,2549.6148797730807,89.85681080222334,39.17407857763124,0.0,8.101664979776622,1,1188,0.0
2071,363.2950000000001,0.7950276803888133,1127.1376757749665,56.579123832759606,22.055423626601993,2549.6148797730807,89.85680092932634,39.14864866837253,0.0,8.101719476416008,1,1188,0.0
2072,363.30000000000007,0.795908395337862,1125.674784672442,56.508019717152635,22.055423626601993,2549.6148797730807,89.85679105642936,39.12320223266849,0.0,8.10177393779346,1,1188,0.0
2073,363.30500000000006,0.7967902618833337,1124.2118937354483,56.43691287290958,22.055423626601993,2549.6148797730807,89.85678118353235,39.09773927071521,0.0,8.101828363886025,1,1188,0.0
2074,363.31000000000006,0.7976732811473651,1122.7490048285094,56.365803386808935,22.055423626601993,2549.6148797730807,89.85677131063537,39.07225978273011,0.0,8.101882754670747,1,1188,0.0
2075,363.31500000000005,0.7985574542520656,1121.2861198185494,56.29469134575976,22.055423626601993,2549.6148797730807,89.85676143773837,39.046763768952026,0.0,8.101937110124673,1,1188,0.0
2076,363.32000000000005,0.7994427823195148,1119.8232405748915,56.22357683677302,22.055423626601993,2549.6148797730807,89.85675156484137,39.021251229641216,0.0,8.101991430224853,1,1188,0.0
2077,363.32500000000005,0.8003292664717588,1118.3603689692532,56.15245994699755,22.055423626601993,2549.6148797730807,89.85674169194438,38.995722165079364,0.0,8.10204571494833,1,1188,0.0
2078,363.33000000000004,0.8012169078308087,1116.8975068757456,56.08134076369684,22.055423626601993,2549.6148797730807,89.85673181904738,38.97017657556965,0.0,8.102099964272155,1,1188,0.0
2079,363.33500000000004,0.8021057075186333,1115.4346561708717,56.01021937424882,22.055423626601993,2549.6148797730807,89.85672194615039,38.944614461436764,0.0,8.102154178173372,1,1188,0.0
2080,363.34000000000003,0.8029956666571602,1113.9718187335204,55.939095866151405,22.055423626601993,2549.6148797730807,89.85671207325339,38.91903582302689,0.0,8.102208356629031,1,1188,0.0
2081,363.345,0.8038867863682676,1112.508996444967,55.867970327029276,22.055423626601993,2549.6148797730807,89.85670220035641,38.893440660707796,0.0,8.10226249961618,1,1188,0.0
2082,363.3500000000001,0.8047790677737854,1111.0461911888692,55.79684284462077,22.055423626601993,2549.6148797730807,89.85669232745941,38.86782897486882,0.0,8.102316607111868,1,1188,0.0
2083,363.3550000000001,0.8056725119954888,1109.5834048512656,55.725713506780735,22.055423626601993,2549.6148797730807,89.85668245456242,38.84220076592092,0.0,8.102370679093145,1,1188,0.0
2084,363.36000000000007,0.8065671201550955,1108.1206393205723,55.65458240149735,22.055423626601993,2549.6148797730807,89.85667258166542,38.81655603429667,0.0,8.10242471553706,1,1188,0.0
2085,363.36500000000007,0.8074628933742631,1106.657896487579,55.583449616865856,22.055423626601993,2549.6148797730807,89.85666270876843,38.790894780450316,0.0,8.102478716420665,1,1188,0.0
2086,363.37000000000006,0.8083598327745851,1105.1951782454494,55.512315241097475,22.055423626601993,2549.6148797730807,89.85665283587143,38.7652170048578,0.0,8.102532681721009,1,1188,0.0
2087,363.37500000000006,0.8092579394775857,1103.732486489715,55.44117936253626,22.055423626601993,2549.6148797730807,89.85664296297445,38.739522708016786,0.0,8.102586611415143,1,1188,0.0
2088,363.38000000000005,0.8101572146047192,1102.2698231182765,55.37004206963515,22.055423626601993,2549.6148797730807,89.85663309007744,38.71381189044665,0.0,8.102640505480123,1,1188,0.0
2089,363.38500000000005,0.811057659277366,1100.8071900313969,55.298903450966044,22.055423626601993,2549.6148797730807,89.85662321718046,38.68808455268856,0.0,8.102694363892997,1,1188,0.0
2090,363.39000000000004,0.8119592746168264,1099.3445891317015,55.227763595222775,22.055423626601993,2549.6148797730807,89.85661334428346,38.66234069530547,0.0,8.102748186630821,1,1188,0.0
2091,363.39500000000004,0.8128620617443199,1097.8820223241732,55.15662259121538,22.055423626601993,2549.6148797730807,89.85660347138646,38.63658031888216,0.0,8.10280197367065,1,1188,0.0
2092,363.40000000000003,0.8137660217809808,1096.4194915161534,55.08548052787585,22.055423626601993,2549.6148797730807,89.85659359848947,38.610803424025264,0.0,8.102855724989537,1,1188,0.0
2093,363.40500000000003,0.8146711558478543,1094.9569986173342,55.01433749425252,22.055423626601993,2549.6148797730807,89.85658372559247,38.58501001136327,0.0,8.102909440564538,1,1188,0.0
2094,363.4100000000001,0.8155774650658937,1093.4945455397587,54.9431935795098,22.055423626601993,2549.6148797730807,89.85657385269548,38.5592000815466,0.0,8.10296312037271,1,1188,0.0
2095,363.4150000000001,0.8164849505559563,1092.0321341978192,54.87204887293007,22.055423626601993,2549.6148797730807,89.8565639797985,38.53337363524756,0.0,8.10301676439111,1,1188,0.0
2096,363.4200000000001,0.8173936134387993,1090.5697665082505,54.80090346392508,22.055423626601993,2549.6148797730807,89.8565541069015,38.50753067316044,0.0,8.103070372596797,1,1188,0.0
2097,363.42500000000007,0.818303454835078,1089.1074443901314,54.72975744201228,22.055423626601993,2549.6148797730807,89.8565442340045,38.48167119600151,0.0,8.103123944966828,1,1188,0.0
2098,363.43000000000006,0.819214475865341,1087.6451697648781,54.65861089682268,22.055423626601993,2549.6148797730807,89.8565343611075,38.45579520450903,0.0,8.103177481478266,1,1188,0.0
2099,363.43500000000006,0.8201266776500254,1086.1829445562448,54.587463918119184,22.055423626601993,2549.6148797730807,89.85652448821051,38.4299026994433,0.0,8.10323098210817,1,1188,0.0
2100,363.44000000000005,0.8210400613094566,1084.7207706903184,54.51631659578248,22.055423626601993,2549.6148797730807,89.85651461531351,38.40399368158669,0.0,8.103284446833602,1,1188,0.0
2101,363.44500000000005,0.8219546279638413,1083.2586500955151,54.44516901979305,22.055423626601993,2549.6148797730807,89.85650474241652,38.37806815174363,0.0,8.103337875631626,1,1188,0.0
2102,363.45000000000005,0.822870378733266,1081.796584702581,54.374021280268266,22.055423626601993,2549.6148797730807,89.85649486951954,38.352126110740684,0.0,8.103391268479303,1,1188,0.0
2103,363.45500000000004,0.8237873147376925,1080.3345764445846,54.30287346742123,22.055423626601993,2549.6148797730807,89.85648499662253,38.32616755942654,0.0,8.103444625353703,1,1188,0.0
2104,363.46000000000004,0.8247054370969543,1078.8726272569181,54.23172567161566,22.055423626601993,2549.6148797730807,89.85647512372555,38.30019249867203,0.0,8.103497946231887,1,1188,0.0
2105,363.46500000000003,0.8256247469307539,1077.4107390772906,54.160577983304826,22.055423626601993,2549.6148797730807,89.85646525082855,38.27420092937023,0.0,8.103551231090925,1,1188,0.0
2106,363.47,0.8265452453586579,1075.9489138457288,54.08943049305223,22.055423626601993,2549.6148797730807,89.85645537793155,38.24819285243638,0.0,8.103604479907885,1,1188,0.0
2107,363.4750000000001,0.8274669335000941,1074.487153504571,54.018283291575784,22.055423626601993,2549.6148797730807,89.85644550503456,38.222168268807984,0.0,8.103657692659835,1,1188,0.0
2108,363.4800000000001,0.8283898124743472,1073.0254599984657,53.947136469670184,22.055423626601993,2549.6148797730807,89.85643563213756,38.196127179444794,0.0,8.10371086932385,1,1188,0.0
2109,363.48500000000007,0.8293138834005563,1071.5638352743679,53.87599011827116,22.055423626601993,2549.6148797730807,89.85642575924058,38.17006958532887,0.0,8.103764009876997,1,1188,0.0
2110,363.49000000000007,0.8302391473977112,1070.1022812815363,53.804844328428274,22.055423626601993,2549.6148797730807,89.85641588634358,38.143995487464586,0.0,8.103817114296353,1,1188,0.0
2111,363.49500000000006,0.8311656055846464,1068.6407999715314,53.733699191289936,22.055423626601993,2549.6148797730807,89.85640601344659,38.11790488687866,0.0,8.103870182558992,1,1188,0.0
2112,363.50000000000006,0.8320932590800404,1067.1793932982093,53.66255479813977,22.055423626601993,2549.6148797730807,89.85639614054959,38.09179778462019,0.0,8.10392321464199,1,1188,0.0
2113,363.50500000000005,0.8330221090024107,1065.7180632177228,53.591411240375734,22.055423626601993,2549.6148797730807,89.8563862676526,38.06567418176065,0.0,8.103976210522422,1,1188,0.0
2114,363.51000000000005,0.8339521564701105,1064.2568116885147,53.52026860949678,22.055423626601993,2549.6148797730807,89.8563763947556,38.039534079393945,0.0,8.104029170177371,1,1188,0.0
2115,363.51500000000004,0.8348834026013234,1062.795640671316,53.449126997141825,22.055423626601993,2549.6148797730807,89.8563665218586,38.01337747863643,0.0,8.104082093583914,1,1188,0.0
2116,363.52000000000004,0.835815848514063,1061.3345521291437,53.37798649504306,22.055423626601993,2549.6148797730807,89.85635664896161,37.98720438062691,0.0,8.104134980719135,1,1188,0.0
2117,363.52500000000003,0.836749495326165,1059.8735480272965,53.30684719506576,22.055423626601993,2549.6148797730807,89.85634677606463,37.96101478652674,0.0,8.104187831560115,1,1188,0.0
2118,363.53000000000003,0.8376843441552884,1058.4126303333517,53.23570918917169,22.055423626601993,2549.6148797730807,89.85633690316762,37.93480869751974,0.0,8.104240646083941,1,1188,0.0
2119,363.5350000000001,0.838620396118906,1056.9518010171626,53.16457256945482,22.055423626601993,2549.6148797730807,89.85632703027063,37.90858611481231,0.0,8.104293424267697,1,1188,0.0
2120,363.5400000000001,0.8395576523343063,1055.4910620508545,53.09343742812822,22.055423626601993,2549.6148797730807,89.85631715737364,37.88234703963342,0.0,8.104346166088472,1,1188,0.0
2121,363.5450000000001,0.8404961139185859,1054.030415408823,53.02230385749189,22.055423626601993,2549.6148797730807,89.85630728447664,37.856091473234635,0.0,8.104398871523358,1,1188,0.0
2122,363.55000000000007,0.8414357819886485,1052.569863067728,52.95117195000089,22.055423626601993,2549.6148797730807,89.85629741157965,37.82981941689015,0.0,8.104451540549443,1,1188,0.0
2123,363.55500000000006,0.8423766576611976,1051.1094070064935,52.88004179817917,22.055423626601993,2549.6148797730807,89.85628753868265,37.80353087189681,0.0,8.10450417314382,1,1188,0.0
2124,363.56000000000006,0.8433187420527367,1049.6490492063024,52.80891349471012,22.055423626601993,2549.6148797730807,89.85627766578567,37.777225839574136,0.0,8.104556769283587,1,1188,0.0
2125,363.56500000000005,0.8442620362795629,1048.1887916505946,52.737787132376226,22.055423626601993,2549.6148797730807,89.85626779288867,37.750904321264336,0.0,8.104609328945834,1,1188,0.0
2126,363.57000000000005,0.8452065414577645,1046.7286363250619,52.66666280404803,22.055423626601993,2549.6148797730807,89.85625791999168,37.72456631833237,0.0,8.104661852107666,1,1188,0.0
2127,363.57500000000005,0.8461522587032166,1045.2685852176458,52.59554060275276,22.055423626601993,2549.6148797730807,89.85624804709468,37.698211832165924,0.0,8.10471433874618,1,1188,0.0
2128,363.58000000000004,0.8470991891315771,1043.808640318535,52.52442062160253,22.055423626601993,2549.6148797730807,89.85623817419768,37.671840864175486,0.0,8.104766788838479,1,1188,0.0
2129,363.58500000000004,0.8480473338582828,1042.3488036201604,52.453302953836065,22.055423626601993,2549.6148797730807,89.85622830130069,37.64545341579433,0.0,8.104819202361664,1,1188,0.0
2130,363.59000000000003,0.8489966939985472,1040.8890771171923,52.38218769280341,22.055423626601993,2549.6148797730807,89.85621842840371,37.619049488478545,0.0,8.104871579292844,1,1188,0.0
2131,363.595,0.849947270667355,1039.4294628065375,52.31107493197487,22.055423626601993,2549.6148797730807,89.8562085555067,37.592629083707095,0.0,8.104923919609126,1,1188,0.0
2132,363.6000000000001,0.8508990649794587,1037.9699626873362,52.239964764917865,22.055423626601993,2549.6148797730807,89.85619868260972,37.56619220298182,0.0,8.104976223287617,1,1188,0.0
2133,363.6050000000001,0.8518520780493746,1036.5105787609564,52.16885728532855,22.055423626601993,2549.6148797730807,89.8561888097127,37.53973884782743,0.0,8.10502849030543,1,1188,0.0
2134,363.61000000000007,0.85280631099138,1035.0513130309935,52.09775258700687,22.055423626601993,2549.6148797730807,89.85617893681572,37.5132690197916,0.0,8.10508072063968,1,1188,0.0
2135,363.61500000000007,0.8537617649195084,1033.5921675032648,52.02665076388013,22.055423626601993,2549.6148797730807,89.85616906391873,37.48678272044494,0.0,8.105132914267482,1,1188,0.0
2136,363.62000000000006,0.8547184409475453,1032.1331441858072,51.955551909979725,22.055423626601993,2549.6148797730807,89.85615919102173,37.46027995138104,0.0,8.105185071165952,1,1188,0.0
2137,363.62500000000006,0.8556763401890256,1030.6742450888723,51.884456119442525,22.055423626601993,2549.6148797730807,89.85614931812474,37.43376071421647,0.0,8.105237191312213,1,1188,0.0
2138,363.63000000000005,0.8566354637572291,1029.2154722249238,51.81336348653594,22.055423626601993,2549.6148797730807,89.85613944522774,37.407225010590864,0.0,8.105289274683383,1,1188,0.0
2139,363.63500000000005,0.8575958127651766,1027.7568276086347,51.74227410562357,22.055423626601993,2549.6148797730807,89.85612957233076,37.38067284216687,0.0,8.10534132125659,1,1188,0.0
2140,363.64000000000004,0.8585573883256258,1026.298313256883,51.67118807118748,22.055423626601993,2549.6148797730807,89.85611969943376,37.35410421063023,0.0,8.105393331008958,1,1188,0.0
2141,363.64500000000004,0.8595201915510676,1024.8399311887472,51.6001054778299,22.055423626601993,2549.6148797730807,89.85610982653677,37.32751911768979,0.0,8.105445303917618,1,1188,0.0
2142,363.65000000000003,0.8604842235537231,1023.3816834255053,51.529026420258496,22.055423626601993,2549.6148797730807,89.85609995363977,37.300917565077505,0.0,8.1054972399597,1,1188,0.0
2143,363.65500000000003,0.8614494854455379,1021.9235719906279,51.457950993290595,22.055423626601993,2549.6148797730807,89.85609008074277,37.274299554548485,0.0,8.105549139112338,1,1188,0.0
2144,363.6600000000001,0.8624159783381797,1020.4655989097778,51.38687929186099,22.055423626601993,2549.6148797730807,89.85608020784578,37.24766508788101,0.0,8.105601001352667,1,1188,0.0
2145,363.6650000000001,0.8633837033430347,1019.0077662108043,51.31581141101619,22.055423626601993,2549.6148797730807,89.8560703349488,37.22101416687657,0.0,8.105652826657824,1,1188,0.0
2146,363.6700000000001,0.8643526615712013,1017.5500759237402,51.24474744591109,22.055423626601993,2549.6148797730807,89.85606046205179,37.19434679335987,0.0,8.105704615004951,1,1188,0.0
2147,363.67500000000007,0.865322854133489,1016.0925300807983,51.17368749181478,22.055423626601993,2549.6148797730807,89.8560505891548,37.16766296917885,0.0,8.105756366371192,1,1188,0.0
2148,363.68000000000006,0.866294282140413,1014.6351307163679,51.10263164410646,22.055423626601993,2549.6148797730807,89.8560407162578,37.14096269620474,0.0,8.105808080733691,1,1188,0.0
2149,363.68500000000006,0.8672669467021907,1013.1778798670108,51.03157999827774,22.055423626601993,2549.6148797730807,89.85603084336081,37.11424597633204,0.0,8.105859758069597,1,1188,0.0
2150,363.69000000000005,0.868240848928737,1011.7207795714571,50.96053264993468,22.055423626601993,2549.6148797730807,89.85602097046382,37.0875128114786,0.0,8.105911398356058,1,1188,0.0
2151,363.69500000000005,0.869215989929662,1010.2638318706024,50.88948969478717,22.055423626601993,2549.6148797730807,89.85601109756682,37.06076320358558,0.0,8.105963001570231,1,1188,0.0
2152,363.70000000000005,0.8701923708142645,1008.8070388075041,50.81845122866368,22.055423626601993,2549.6148797730807,89.85600122466984,37.03399715461754,0.0,8.10601456768927,1,1188,0.0
2153,363.70500000000004,0.8711699926915312,1007.3504024273769,50.74741734749637,22.055423626601993,2549.6148797730807,89.85599135177283,37.007214666562405,0.0,8.106066096690332,1,1188,0.0
2154,363.71000000000004,0.8721488566701298,1005.8939247775902,50.676388147335025,22.055423626601993,2549.6148797730807,89.85598147887585,36.980415741431536,0.0,8.10611758855058,1,1188,0.0
2155,363.71500000000003,0.8731289638584073,1004.4376079076623,50.60536372434236,22.055423626601993,2549.6148797730807,89.85597160597885,36.95360038125971,0.0,8.106169043247176,1,1188,0.0
2156,363.72,0.8741103153643842,1002.9814538692583,50.53434417477515,22.055423626601993,2549.6148797730807,89.85596173308186,36.92676858810519,0.0,8.106220460757289,1,1188,0.0
2157,363.7250000000001,0.8750929122957521,1001.5254647161868,50.463329595017655,22.055423626601993,2549.6148797730807,89.85595186018486,36.89992036404972,0.0,8.106271841058087,1,1188,0.0
2158,363.7300000000001,0.8760767557598681,1000.0696425043936,50.392320081559824,22.055423626601993,2549.6148797730807,89.85594198728786,36.87305571119854,0.0,8.106323184126742,1,1188,0.0
2159,363.73500000000007,0.8770618468637524,998.613989291961,50.32131573099081,22.055423626601993,2549.6148797730807,89.85593211439087,36.84617463168045,0.0,8.10637448994043,1,1188,0.0
2160,363.74000000000007,0.8780481867140834,997.1585071391015,50.25031664002993,22.055423626601993,2549.6148797730807,89.85592224149389,36.81927712764779,0.0,8.106425758476327,1,1188,0.0
2161,363.74500000000006,0.8790357764171935,995.7031981081548,50.17932290548762,22.055423626601993,2549.6148797730807,89.85591236859688,36.79236320127648,0.0,8.106476989711616,1,1188,0.0
2162,363.75000000000006,0.8800246170790657,994.2480642635841,50.10833462428989,22.055423626601993,2549.6148797730807,89.8559024956999,36.76543285476606,0.0,8.106528183623478,1,1188,0.0
2163,363.75500000000005,0.881014709805329,992.7931076719715,50.03735189347476,22.055423626601993,2549.6148797730807,89.85589262280288,36.7384860903397,0.0,8.106579340189102,1,1188,0.0
2164,363.76000000000005,0.8820060557012552,991.3383304020151,49.96637481019246,22.055423626601993,2549.6148797730807,89.8558827499059,36.711522910244206,0.0,8.106630459385677,1,1188,0.0
2165,363.76500000000004,0.8829986558717537,989.883734524525,49.89540347169543,22.055423626601993,2549.6148797730807,89.8558728770089,36.68454331675007,0.0,8.106681541190396,1,1188,0.0
2166,363.77000000000004,0.8839925114213685,988.4293221124178,49.8244379753392,22.055423626601993,2549.6148797730807,89.85586300411191,36.65754731215151,0.0,8.106732585580453,1,1188,0.0
2167,363.77500000000003,0.8849876234542732,986.975095240714,49.753478418605226,22.055423626601993,2549.6148797730807,89.85585313121493,36.63053489876641,0.0,8.106783592533048,1,1188,0.0
2168,363.78000000000003,0.8859839930742676,985.5210559865345,49.68252489907424,22.055423626601993,2549.6148797730807,89.85584325831792,36.603506078936455,0.0,8.106834562025385,1,1188,0.0
2169,363.7850000000001,0.8869816213847743,984.0672064290948,49.611577514430145,22.055423626601993,2549.6148797730807,89.85583338542094,36.57646085502708,0.0,8.106885494034666,1,1188,0.0
2170,363.7900000000001,0.8879805094888329,982.6135486497022,49.54063636247628,22.055423626601993,2549.6148797730807,89.85582351252394,36.5493992294275,0.0,8.106936388538102,1,1188,0.0
2171,363.7950000000001,0.8889806584890964,981.1600847317522,49.46970154111368,22.055423626601993,2549.6148797730807,89.85581363962694,36.52232120455077,0.0,8.106987245512904,1,1188,0.0
2172,363.80000000000007,0.8899820694878282,979.7068167607233,49.398773148353484,22.055423626601993,2549.6148797730807,89.85580376672995,36.495226782833775,0.0,8.107038064936287,1,1188,0.0
2173,363.80500000000006,0.8909847435868983,978.2537468241733,49.327851282324865,22.055423626601993,2549.6148797730807,89.85579389383295,36.468115966737265,0.0,8.107088846785466,1,1188,0.0
2174,363.81000000000006,0.8919886818877759,976.8008770117351,49.25693604125211,22.055423626601993,2549.6148797730807,89.85578402093596,36.44098875874587,0.0,8.107139591037667,1,1188,0.0
2175,363.81500000000005,0.8929938854915297,975.3482094151138,49.18602752346696,22.055423626601993,2549.6148797730807,89.85577414803898,36.41384516136813,0.0,8.107190297670112,1,1188,0.0
2176,363.82000000000005,0.8940003554988207,973.8957461280808,49.11512582742064,22.055423626601993,2549.6148797730807,89.85576427514196,36.38668517713653,0.0,8.107240966660031,1,1188,0.0
2177,363.82500000000005,0.8950080930098991,972.4434892464704,49.04423105165922,22.055423626601993,2549.6148797730807,89.85575440224498,36.3595088086075,0.0,8.107291597984656,1,1188,0.0
2178,363.83000000000004,0.8960170991246004,970.9914408681764,48.97334329484245,22.055423626601993,2549.6148797730807,89.85574452934799,36.33231605836145,0.0,8.107342191621221,1,1188,0.0
2179,363.83500000000004,0.897027374942341,969.5396030931466,48.902462655736095,22.055423626601993,2549.6148797730807,89.85573465645099,36.30510692900279,0.0,8.107392747546966,1,1188,0.0
2180,363.84000000000003,0.8980389215621138,968.0879780233795,48.831589233208256,22.055423626601993,2549.6148797730807,89.85572478355401,36.27788142315996,0.0,8.10744326573913,1,1188,0.0
2181,363.845,0.8990517400824843,966.6365677629202,48.76072312623401,22.055423626601993,2549.6148797730807,89.855714910657,36.250639543485434,0.0,8.107493746174962,1,1188,0.0
2182,363.8500000000001,0.900065831601587,965.1853744178551,48.689864433905,22.055423626601993,2549.6148797730807,89.85570503776002,36.223381292655766,0.0,8.107544188831712,1,1188,0.0
2183,363.8550000000001,0.9010811972171202,963.7344000963086,48.619013255406415,22.055423626601993,2549.6148797730807,89.85569516486301,36.19610667337161,0.0,8.107594593686631,1,1188,0.0
2184,363.86000000000007,0.9020978380263418,962.2836469084393,48.54816969003359,22.055423626601993,2549.6148797730807,89.85568529196603,36.168815688357704,0.0,8.107644960716977,1,1188,0.0
2185,363.86500000000007,0.9031157551260675,960.833116966434,48.47733383718257,22.055423626601993,2549.6148797730807,89.85567541906903,36.14150834036296,0.0,8.107695289900008,1,1188,0.0
2186,363.87000000000006,0.9041349496126623,959.3828123845053,48.40650579636791,22.055423626601993,2549.6148797730807,89.85566554617203,36.114184632160416,0.0,8.107745581212992,1,1188,0.0
2187,363.87500000000006,0.9051554225820407,957.9327352788861,48.33568566719996,22.055423626601993,2549.6148797730807,89.85565567327504,36.08684456654732,0.0,8.107795834633194,1,1188,0.0
2188,363.88000000000005,0.9061771751296599,956.4828877678256,48.26487354940265,22.055423626601993,2549.6148797730807,89.85564580037804,36.05948814634512,0.0,8.107846050137887,1,1188,0.0
2189,363.88500000000005,0.9072002083505154,955.0332719715852,48.194069542790395,22.055423626601993,2549.6148797730807,89.85563592748105,36.03211537439947,0.0,8.107896227704346,1,1188,0.0
2190,363.89000000000004,0.9082245233391399,953.583890012434,48.12327374729014,22.055423626601993,2549.6148797730807,89.85562605458406,36.00472625358028,0.0,8.10794636730985,1,1188,0.0
2191,363.89500000000004,0.9092501211895939,952.1347440146441,48.052486262935666,22.055423626601993,2549.6148797730807,89.85561618168705,35.97732078678175,0.0,8.107996468931685,1,1188,0.0
2192,363.90000000000003,0.9102770029954671,950.6858361044862,47.98170718986758,22.055423626601993,2549.6148797730807,89.85560630879007,35.94989897692237,0.0,8.108046532547133,1,1188,0.0
2193,363.90500000000003,0.91130516984987,949.2371684102266,47.910936628326375,22.055423626601993,2549.6148797730807,89.85559643589308,35.92246082694493,0.0,8.108096558133491,1,1188,0.0
2194,363.9100000000001,0.9123346228454311,947.7887430621206,47.840174678656695,22.055423626601993,2549.6148797730807,89.85558656299608,35.895006339816554,0.0,8.10814654566805,1,1188,0.0
2195,363.9150000000001,0.9133653630742935,946.3405621924093,47.76942144130922,22.055423626601993,2549.6148797730807,89.8555766900991,35.86753551852875,0.0,8.108196495128114,1,1188,0.0
2196,363.9200000000001,0.9143973916281095,944.8926279353151,47.69867701683331,22.055423626601993,2549.6148797730807,89.85556681720209,35.840048366097385,0.0,8.10824640649098,1,1188,0.0
2197,363.92500000000007,0.9154307095980365,943.4449424270377,47.62794150589188,22.055423626601993,2549.6148797730807,89.8555569443051,35.81254488556275,0.0,8.10829627973396,1,1188,0.0
2198,363.93000000000006,0.9164653180747331,941.9975078057482,47.55721500923959,22.055423626601993,2549.6148797730807,89.8555470714081,35.78502507998954,0.0,8.108346114834365,1,1188,0.0
2199,363.93500000000006,0.9175012181483544,940.5503262115851,47.4864976277426,22.055423626601993,2549.6148797730807,89.85553719851112,35.757488952466915,0.0,8.10839591176951,1,1188,0.0
2200,363.94000000000005,0.9185384109085487,939.1033997866509,47.41578946236678,22.055423626601993,2549.6148797730807,89.85552732561412,35.729936506108494,0.0,8.108445670516714,1,1188,0.0
2201,363.94500000000005,0.9195768974444519,937.6567306750064,47.345090614184095,22.055423626601993,2549.6148797730807,89.85551745271712,35.702367744052395,0.0,8.108495391053303,1,1188,0.0
2202,363.95000000000005,0.920616678844684,936.2103210226668,47.27440118436553,22.055423626601993,2549.6148797730807,89.85550757982013,35.67478266946124,0.0,8.108545073356606,1,1188,0.0
2203,363.95500000000004,0.9216577561973445,934.764172977596,47.20372127417987,22.055423626601993,2549.6148797730807,89.85549770692313,35.64718128552218,0.0,8.108594717403953,1,1188,0.0
2204,363.96000000000004,0.9227001305900085,933.3182886897032,47.13305098501763,22.055423626601993,2549.6148797730807,89.85548783402614,35.61956359544695,0.0,8.108644323172683,1,1188,0.0
2205,363.96500000000003,0.9237438031097218,931.8726703108385,47.062390418349636,22.055423626601993,2549.6148797730807,89.85547796112915,35.59192960247182,0.0,8.108693890640136,1,1188,0.0
2206,363.97,0.9247887748429973,930.4273199947868,46.99173967576157,22.055423626601993,2549.6148797730807,89.85546808823214,35.564279309857696,0.0,8.108743419783663,1,1188,0.0
2207,363.9750000000001,0.9258350468758104,928.9822398972647,46.92109885893002,22.055423626601993,2549.6148797730807,89.85545821533516,35.53661272089008,0.0,8.108792910580606,1,1188,0.0
2208,363.9800000000001,0.9268826202935936,927.5374321759143,46.85046806964551,22.055423626601993,2549.6148797730807,89.85544834243817,35.50892983887914,0.0,8.108842363008327,1,1188,0.0
2209,363.98500000000007,0.9279314961812343,926.0928989903002,46.77984740980014,22.055423626601993,2549.6148797730807,89.85543846954117,35.48123066715967,0.0,8.108891777044182,1,1188,0.0
2210,363.99000000000007,0.9289816756230684,924.6486425019045,46.70923698136589,22.055423626601993,2549.6148797730807,89.85542859664419,35.45351520909119,0.0,8.108941152665535,1,1188,0.0
2211,363.99500000000006,0.9300331597028769,923.20466487412,46.638636886446925,22.055423626601993,2549.6148797730807,89.85541872374718,35.42578346805788,0.0,8.108990489849756,1,1188,0.0
2212,364.00000000000006,0.9310859495038823,921.7609682722483,46.568047227223396,22.055423626601993,2549.6148797730807,89.8554088508502,35.398035447468686,0.0,8.109039788574217,1,1188,0.0
2213,364.00500000000005,0.9321400461087428,920.317554863494,46.497468105989874,22.055423626601993,2549.6148797730807,89.8553989779532,35.370271150757276,0.0,8.109089048816294,1,1188,0.0
2214,364.01000000000005,0.9331954505995486,918.8744268169587,46.42689962513443,22.055423626601993,2549.6148797730807,89.8553891050562,35.3424905813821,0.0,8.109138270553373,1,1188,0.0
2215,364.01500000000004,0.9342521640578174,917.4315863036381,46.356341887149235,22.055423626601993,2549.6148797730807,89.85537923215921,35.314693742826385,0.0,8.10918745376284,1,1188,0.0
2216,364.02000000000004,0.935310187564491,915.989035496416,46.2857949946241,22.055423626601993,2549.6148797730807,89.85536935926221,35.286880638598184,0.0,8.109236598422084,1,1188,0.0
2217,364.02500000000003,0.9363695221999284,914.5467765700605,46.21525905025465,22.055423626601993,2549.6148797730807,89.85535948636522,35.25905127223036,0.0,8.109285704508506,1,1188,0.0
2218,364.03000000000003,0.9374301690439046,913.104811701218,46.14473415682165,22.055423626601993,2549.6148797730807,89.85534961346822,35.23120564728064,0.0,8.109334771999505,1,1188,0.0
2219,364.0350000000001,0.9384921291756039,911.6631430684091,46.0742204172293,22.055423626601993,2549.6148797730807,89.85533974057122,35.203343767331624,0.0,8.109383800872486,1,1188,0.0
2220,364.0400000000001,0.9395554036736163,910.2217728520238,46.00371793445555,22.055423626601993,2549.6148797730807,89.85532986767424,35.175465635990804,0.0,8.109432791104863,1,1188,0.0
2221,364.0450000000001,0.9406199936159324,908.7807032343165,45.93322681159364,22.055423626601993,2549.6148797730807,89.85531999477723,35.147571256890586,0.0,8.109481742674053,1,1188,0.0
2222,364.05000000000007,0.9416859000799415,907.3399363994006,45.86274715182956,22.055423626601993,2549.6148797730807,89.85531012188025,35.11966063368831,0.0,8.109530655557473,1,1188,0.0
2223,364.05500000000006,0.9427531241424236,905.8994745332444,45.79227905844771,22.055423626601993,2549.6148797730807,89.85530024898326,35.091733770066256,0.0,8.109579529732553,1,1188,0.0
2224,364.06000000000006,0.9438216668795472,904.4593198236649,45.72182263483917,22.055423626601993,2549.6148797730807,89.85529037608626,35.0637906697317,0.0,8.109628365176722,1,1188,0.0
2225,364.06500000000005,0.944891529366864,903.0194744603245,45.651377984484185,22.055423626601993,2549.6148797730807,89.85528050318928,35.035831336416905,0.0,8.109677161867417,1,1188,0.0
2226,364.07000000000005,0.9459627126793057,901.5799406347261,45.58094521095574,22.055423626601993,2549.6148797730807,89.85527063029227,35.00785577387914,0.0,8.109725919782079,1,1188,0.0
2227,364.07500000000005,0.9470352178911778,900.1407205402055,45.51052441794708,22.055423626601993,2549.6148797730807,89.85526075739529,34.97986398590072,0.0,8.109774638898154,1,1188,0.0
2228,364.08000000000004,0.9481090460761562,898.7018163719292,45.44011570921933,22.055423626601993,2549.6148797730807,89.85525088449829,34.951855976289025,0.0,8.109823319193094,1,1188,0.0
2229,364.08500000000004,0.9491841983072825,897.2632303268883,45.3697191886602,22.055423626601993,2549.6148797730807,89.8552410116013,34.923831748876495,0.0,8.109871960644357,1,1188,0.0
2230,364.09000000000003,0.9502606756569597,895.824964603894,45.299334960232656,22.055423626601993,2549.6148797730807,89.8552311387043,34.895791307520675,0.0,8.109920563229403,1,1188,0.0
2231,364.095,0.951338479196948,894.3870214035719,45.228963128007614,22.055423626601993,2549.6148797730807,89.8552212658073,34.86773465610421,0.0,8.1099691269257,1,1188,0.0
2232,364.1000000000001,0.9524176099983593,892.949402928356,45.158603796151894,22.055423626601993,2549.6148797730807,89.8552113929103,34.839661798534905,0.0,8.110017651710722,1,1188,0.0
2233,364.1050000000001,0.9534980691316537,891.5121113824861,45.088257068924555,22.055423626601993,2549.6148797730807,89.85520152001331,34.811572738745696,0.0,8.110066137561944,1,1188,0.0
2234,364.11000000000007,0.9545798576666344,890.075148972001,45.01792305069204,22.055423626601993,2549.6148797730807,89.85519164711631,34.783467480694725,0.0,8.110114584456852,1,1188,0.0
2235,364.11500000000007,0.9556629766724442,888.6385179047346,44.94760184589407,22.055423626601993,2549.6148797730807,89.85518177421933,34.75534602836531,0.0,8.110162992372935,1,1188,0.0
2236,364.12000000000006,0.9567474272175588,887.2022203903084,44.87729355909691,22.055423626601993,2549.6148797730807,89.85517190132232,34.72720838576597,0.0,8.110211361287684,1,1188,0.0
2237,364.12500000000006,0.9578332103697854,885.7662586401289,44.80699829493502,22.055423626601993,2549.6148797730807,89.85516202842534,34.69905455693049,0.0,8.110259691178603,1,1188,0.0
2238,364.13000000000005,0.9589203271962558,884.3306348673813,44.73671615815767,22.055423626601993,2549.6148797730807,89.85515215552834,34.6708845459179,0.0,8.110307982023194,1,1188,0.0
2239,364.13500000000005,0.9600087787634219,882.8953512870248,44.6664472536008,22.055423626601993,2549.6148797730807,89.85514228263135,34.642698356812495,0.0,8.110356233798967,1,1188,0.0
2240,364.14000000000004,0.9610985661370534,881.4604101157863,44.59619168620086,22.055423626601993,2549.6148797730807,89.85513240973437,34.61449599372386,0.0,8.110404446483441,1,1188,0.0
2241,364.14500000000004,0.9621896903822308,880.025813572157,44.52594956097574,22.055423626601993,2549.6148797730807,89.85512253683736,34.5862774607869,0.0,8.110452620054138,1,1188,0.0
2242,364.15000000000003,0.963282152563342,878.591563876385,44.455720983059905,22.055423626601993,2549.6148797730807,89.85511266394037,34.558042762161854,0.0,8.110500754488584,1,1188,0.0
2243,364.15500000000003,0.9643759537440785,877.1576632504717,44.38550605765889,22.055423626601993,2549.6148797730807,89.85510279104338,34.52979190203432,0.0,8.110548849764312,1,1188,0.0
2244,364.1600000000001,0.9654710949874278,875.7241139181665,44.31530489009524,22.055423626601993,2549.6148797730807,89.85509291814638,34.50152488461525,0.0,8.110596905858863,1,1188,0.0
2245,364.1650000000001,0.9665675773556731,874.290918104961,44.2451175857665,22.055423626601993,2549.6148797730807,89.85508304524939,34.47324171414099,0.0,8.11064492274978,1,1188,0.0
2246,364.1700000000001,0.9676654019103865,872.8580780380827,44.174944250177234,22.055423626601993,2549.6148797730807,89.85507317235239,34.44494239487331,0.0,8.110692900414614,1,1188,0.0
2247,364.17500000000007,0.9687645697124226,871.4255959464924,44.10478498891739,22.055423626601993,2549.6148797730807,89.8550632994554,34.41662693109938,0.0,8.110740838830921,1,1188,0.0
2248,364.18000000000006,0.9698650818219182,869.993474060876,44.03463990767566,22.055423626601993,2549.6148797730807,89.85505342655841,34.38829532713184,0.0,8.110788737976263,1,1188,0.0
2249,364.18500000000006,0.9709669392982844,868.5617146136402,43.96450911222713,22.055423626601993,2549.6148797730807,89.8550435536614,34.359947587308795,0.0,8.110836597828209,1,1188,0.0
2250,364.19000000000005,0.9720701432002035,867.1303198389087,43.89439270845371,22.055423626601993,2549.6148797730807,89.85503368076442,34.331583715993816,0.0,8.110884418364334,1,1188,0.0
2251,364.19500000000005,0.9731746945856224,865.6992919725142,43.82429080231265,22.055423626601993,2549.6148797730807,89.85502380786743,34.30320371757599,0.0,8.110932199562217,1,1188,0.0
2252,364.20000000000005,0.9742805945117522,864.2686332519945,43.75420349986936,22.055423626601993,2549.6148797730807,89.85501393497043,34.27480759646993,0.0,8.110979941399444,1,1188,0.0
2253,364.20500000000004,0.975387844035059,862.8383459165876,43.68413090726324,22.055423626601993,2549.6148797730807,89.85500406207343,34.246395357115794,0.0,8.111027643853607,1,1188,0.0
2254,364.21000000000004,0.9764964442112618,861.408432207225,43.614073130750555,22.055423626601993,2549.6148797730807,89.85499418917644,34.21796700397927,0.0,8.111075306902304,1,1188,0.0
2255,364.21500000000003,0.9776063960953272,859.9788943665261,43.54403027666139,22.055423626601993,2549.6148797730807,89.85498431627946,34.18952254155165,0.0,8.11112293052314,1,1188,0.0
2256,364.22,0.9787177007414656,858.5497346387946,43.474002451417,22.055423626601993,2549.6148797730807,89.85497444338245,34.161061974349835,0.0,8.111170514693725,1,1188,0.0
2257,364.2250000000001,0.9798303592031249,857.120955270011,43.4039897615406,22.055423626601993,2549.6148797730807,89.85496457048546,34.1325853069163,0.0,8.111218059391677,1,1188,0.0
2258,364.2300000000001,0.9809443725329873,855.692558507828,43.33399231363855,22.055423626601993,2549.6148797730807,89.85495469758847,34.10409254381918,0.0,8.111265564594616,1,1188,0.0
2259,364.23500000000007,0.9820597417829647,854.2645466015658,43.26401021441333,22.055423626601993,2549.6148797730807,89.85494482469147,34.075583689652255,0.0,8.111313030280174,1,1188,0.0
2260,364.24000000000007,0.9831764680041939,852.8369218022044,43.1940435706518,22.055423626601993,2549.6148797730807,89.85493495179448,34.047058749034974,0.0,8.111360456425984,1,1188,0.0
2261,364.24500000000006,0.9842945522470298,851.4096863623802,43.124092489246074,22.055423626601993,2549.6148797730807,89.85492507889748,34.01851772661247,0.0,8.11140784300969,1,1188,0.0
2262,364.25000000000006,0.9854139955610449,849.982842536379,43.05415707715678,22.055423626601993,2549.6148797730807,89.85491520600048,33.9899606270556,0.0,8.11145519000894,1,1188,0.0
2263,364.25500000000005,0.9865347989950208,848.5563925801322,42.98423744144619,22.055423626601993,2549.6148797730807,89.8549053331035,33.961387455060915,0.0,8.111502497401386,1,1188,0.0
2264,364.26000000000005,0.9876569635969458,847.1303387512085,42.91433368927428,22.055423626601993,2549.6148797730807,89.85489546020649,33.93279821535073,0.0,8.11154976516469,1,1188,0.0
2265,364.26500000000004,0.988780490414009,845.704683308811,42.84444592787803,22.055423626601993,2549.6148797730807,89.85488558730951,33.90419291267312,0.0,8.111596993276521,1,1188,0.0
2266,364.27000000000004,0.989905380492597,844.2794285137697,42.774574264583926,22.055423626601993,2549.6148797730807,89.85487571441251,33.87557155180191,0.0,8.111644181714551,1,1188,0.0
2267,364.27500000000003,0.9910316348782874,842.854576628537,42.70471880681562,22.055423626601993,2549.6148797730807,89.85486584151552,33.84693413753675,0.0,8.111691330456463,1,1188,0.0
2268,364.28000000000003,0.9921592546158461,841.4301299171805,42.63487966208994,22.055423626601993,2549.6148797730807,89.85485596861852,33.81828067470309,0.0,8.11173843947994,1,1188,0.0
2269,364.2850000000001,0.9932882407492211,840.0060906453804,42.565056937993916,22.055423626601993,2549.6148797730807,89.85484609572153,33.789611168152206,0.0,8.11178550876268,1,1188,0.0
2270,364.2900000000001,0.9944185943215375,838.5824610804199,42.49525074221415,22.055423626601993,2549.6148797730807,89.85483622282455,33.760925622761235,0.0,8.11183253828238,1,1188,0.0
2271,364.2950000000001,0.9955503163750952,837.1592434911821,42.42546118253503,22.055423626601993,2549.6148797730807,89.85482634992754,33.73222404343316,0.0,8.111879528016747,1,1188,0.0
2272,364.30000000000007,0.9966834079513621,835.7364401481436,42.355688366808764,22.055423626601993,2549.6148797730807,89.85481647703055,33.70350643509687,0.0,8.111926477943497,1,1188,0.0
2273,364.30500000000006,0.9978178700909688,834.3140533233693,42.28593240298734,22.055423626601993,2549.6148797730807,89.85480660413356,33.67477280270713,0.0,8.111973388040349,1,1188,0.0
2274,364.31000000000006,0.9989537038337064,832.8920852905048,42.21619339911294,22.055423626601993,2549.6148797730807,89.85479673123656,33.646023151244634,0.0,8.112020258285032,1,1188,0.0
2275,364.31500000000005,1.0000909102185203,831.4705383247729,42.146471463306,22.055423626601993,2549.6148797730807,89.85478685833957,33.61725748571601,0.0,8.112067088655277,1,1188,0.0
2276,364.32000000000005,1.0012294902835044,830.0494147029661,42.076766703782724,22.055423626601993,2549.6148797730807,89.85477698544257,33.58847581115384,0.0,8.112113879128827,1,1188,0.0
2277,364.32500000000005,1.002369445065898,828.6287167034426,42.007079228839316,22.055423626601993,2549.6148797730807,89.85476711254557,33.55967813261667,0.0,8.11216062968343,1,1188,0.0
2278,364.33000000000004,1.0035107756020805,827.2084466061178,41.93740914686589,22.055423626601993,2549.6148797730807,89.85475723964859,33.530864455189025,0.0,8.11220734029684,1,1188,0.0
2279,364.33500000000004,1.0046534829275684,825.7886066924614,41.867756566324964,22.055423626601993,2549.6148797730807,89.85474736675158,33.502034783981436,0.0,8.112254010946817,1,1188,0.0
2280,364.34000000000003,1.005797568077006,824.3691992454892,41.79812159578261,22.055423626601993,2549.6148797730807,89.8547374938546,33.47318912413047,0.0,8.112300641611133,1,1188,0.0
2281,364.345,1.0069430320841652,822.9502265497586,41.72850434388051,22.055423626601993,2549.6148797730807,89.8547276209576,33.444327480798705,0.0,8.112347232267561,1,1188,0.0
2282,364.3500000000001,1.0080898759819392,821.5316908913624,41.65890491934301,22.055423626601993,2549.6148797730807,89.85471774806061,33.415449859174785,0.0,8.112393782893887,1,1188,0.0
2283,364.3550000000001,1.0092381008023377,820.1135945579231,41.589323430993026,22.055423626601993,2549.6148797730807,89.85470787516363,33.38655626447341,0.0,8.112440293467898,1,1188,0.0
2284,364.36000000000007,1.0103877075764809,818.6959398385848,41.519759987724,22.055423626601993,2549.6148797730807,89.85469800226662,33.357646701935394,0.0,8.112486763967393,1,1188,0.0
2285,364.36500000000007,1.0115386973345966,817.2787290240118,41.45021469852702,22.055423626601993,2549.6148797730807,89.85468812936963,33.32872117682762,0.0,8.112533194370176,1,1188,0.0
2286,364.37000000000006,1.0126910711060149,815.8619644063781,41.38068767246385,22.055423626601993,2549.6148797730807,89.85467825647262,33.29977969444312,0.0,8.112579584654057,1,1188,0.0
2287,364.37500000000006,1.013844829919163,814.4456482793643,41.311179018696926,22.055423626601993,2549.6148797730807,89.85466838357564,33.27082226010102,0.0,8.112625934796856,1,1188,0.0
2288,364.38000000000005,1.0149999748015603,813.0297829381489,41.2416888464538,22.055423626601993,2549.6148797730807,89.85465851067865,33.24184887914665,0.0,8.1126722447764,1,1188,0.0
2289,364.38500000000005,1.0161565067798146,811.6143706794068,41.17221726506726,22.055423626601993,2549.6148797730807,89.85464863778165,33.212859556951464,0.0,8.11271851457052,1,1188,0.0
2290,364.39000000000004,1.0173144268796157,810.1994138012977,41.10276438393464,22.055423626601993,2549.6148797730807,89.85463876488465,33.18385429891312,0.0,8.11276474415706,1,1188,0.0
2291,364.39500000000004,1.018473736125732,808.7849146034645,41.03333031254383,22.055423626601993,2549.6148797730807,89.85462889198766,33.15483311045546,0.0,8.112810933513867,1,1188,0.0
2292,364.40000000000003,1.0196344355420064,807.3708753870246,40.96391516047497,22.055423626601993,2549.6148797730807,89.85461901909066,33.12579599702857,0.0,8.112857082618794,1,1188,0.0
2293,364.40500000000003,1.0207965261513483,805.9572984545657,40.89451903737478,22.055423626601993,2549.6148797730807,89.85460914619368,33.096742964108735,0.0,8.112903191449707,1,1188,0.0
2294,364.4100000000001,1.0219600089757315,804.544186110138,40.82514205298634,22.055423626601993,2549.6148797730807,89.85459927329669,33.06767401719851,0.0,8.112949259984475,1,1188,0.0
2295,364.4150000000001,1.0231248850361891,803.1315406592495,40.75578431712794,22.055423626601993,2549.6148797730807,89.85458940039969,33.038589161826714,0.0,8.11299528820098,1,1188,0.0
2296,364.4200000000001,1.0242911553528082,801.7193644088585,40.68644593969436,22.055423626601993,2549.6148797730807,89.8545795275027,33.00948840354843,0.0,8.113041276077103,1,1188,0.0
2297,364.42500000000007,1.0254588209447242,800.3076596673694,40.6171270306782,22.055423626601993,2549.6148797730807,89.8545696546057,32.98037174794503,0.0,8.113087223590739,1,1188,0.0
2298,364.43000000000006,1.0266278828301179,798.8964287446241,40.54782770014534,22.055423626601993,2549.6148797730807,89.85455978170872,32.95123920062423,0.0,8.113133130719792,1,1188,0.0
2299,364.43500000000006,1.0277983420262091,797.4856739518983,40.47854805823336,22.055423626601993,2549.6148797730807,89.8545499088117,32.92209076722003,0.0,8.113178997442166,1,1188,0.0
2300,364.44000000000005,1.0289701995492522,796.0753976018932,40.40928821518032,22.055423626601993,2549.6148797730807,89.85454003591472,32.892926453392796,0.0,8.11322482373578,1,1188,0.0
2301,364.44500000000005,1.030143456414532,794.6656020087306,40.34004828128617,22.055423626601993,2549.6148797730807,89.85453016301773,32.86374626482925,0.0,8.113270609578558,1,1188,0.0
2302,364.45000000000005,1.0313181136363576,793.2562894879461,40.270828366946795,22.055423626601993,2549.6148797730807,89.85452029012073,32.83455020724248,0.0,8.113316354948434,1,1188,0.0
2303,364.45500000000004,1.0324941722280585,791.8474623564833,40.201628582630136,22.055423626601993,2549.6148797730807,89.85451041722374,32.805338286371956,0.0,8.113362059823345,1,1188,0.0
2304,364.46000000000004,1.0336716332019793,790.4391229326876,40.132449038884744,22.055423626601993,2549.6148797730807,89.85450054432674,32.77611050798356,0.0,8.113407724181238,1,1188,0.0
2305,364.46500000000003,1.034850497569475,789.0312735362986,40.06328984633738,22.055423626601993,2549.6148797730807,89.85449067142974,32.74686687786958,0.0,8.113453348000071,1,1188,0.0
2306,364.47,1.0360307663409063,787.6239164884462,39.99415111570011,22.055423626601993,2549.6148797730807,89.85448079853275,32.717607401848745,0.0,8.113498931257809,1,1188,0.0
2307,364.4750000000001,1.0372124405256338,786.217054111642,39.925032957759335,22.055423626601993,2549.6148797730807,89.85447092563575,32.68833208576623,0.0,8.113544473932421,1,1188,0.0
2308,364.4800000000001,1.0383955211320153,784.8106887297744,39.85593548338747,22.055423626601993,2549.6148797730807,89.85446105273877,32.659040935493664,0.0,8.113589976001887,1,1188,0.0
2309,364.48500000000007,1.0395800091673968,783.4048226681014,39.786858803522485,22.055423626601993,2549.6148797730807,89.85445117984177,32.629733956929165,0.0,8.113635437444197,1,1188,0.0
2310,364.49000000000007,1.0407659056381138,781.9994582532452,39.717803029197746,22.055423626601993,2549.6148797730807,89.85444130694478,32.60041115599732,0.0,8.113680858237343,1,1188,0.0
2311,364.49500000000006,1.0419532115494796,780.5945978131847,39.648768271507215,22.055423626601993,2549.6148797730807,89.85443143404778,32.57107253864926,0.0,8.113726238359332,1,1188,0.0
2312,364.50000000000006,1.043141927905785,779.1902436772505,39.57975464163679,22.055423626601993,2549.6148797730807,89.85442156115079,32.54171811086258,0.0,8.113771577788174,1,1188,0.0
2313,364.50500000000005,1.0443320557102924,777.7863981761167,39.510762250842,22.055423626601993,2549.6148797730807,89.8544116882538,32.51234787864148,0.0,8.113816876501893,1,1188,0.0
2314,364.51000000000005,1.0455235959652294,776.3830636417965,39.441791210459925,22.055423626601993,2549.6148797730807,89.8544018153568,32.48296184801664,0.0,8.113862134478515,1,1188,0.0
2315,364.51500000000004,1.0467165496717863,774.980242407634,39.37284163190673,22.055423626601993,2549.6148797730807,89.85439194245981,32.45356002504534,0.0,8.113907351696076,1,1188,0.0
2316,364.52000000000004,1.047910917830109,773.5779368082991,39.30391362666712,22.055423626601993,2549.6148797730807,89.85438206956282,32.424142415811446,0.0,8.113952528132623,1,1188,0.0
2317,364.52500000000003,1.0491067014392954,772.1761491797804,39.23500730630886,22.055423626601993,2549.6148797730807,89.85437219666582,32.39470902642539,0.0,8.11399766376621,1,1188,0.0
2318,364.53000000000003,1.0503039014973883,770.774881859378,39.166122782474254,22.055423626601993,2549.6148797730807,89.85436232376883,32.365259863024214,0.0,8.114042758574895,1,1188,0.0
2319,364.5350000000001,1.051502519001375,769.374137185699,39.097260166887466,22.055423626601993,2549.6148797730807,89.85435245087183,32.33579493177161,0.0,8.114087812536754,1,1188,0.0
2320,364.5400000000001,1.0527025549471776,767.9739174986493,39.02841957133482,22.055423626601993,2549.6148797730807,89.85434257797483,32.30631423885785,0.0,8.114132825629863,1,1188,0.0
2321,364.5450000000001,1.0539040103296502,766.5742251394269,38.9596011076951,22.055423626601993,2549.6148797730807,89.85433270507784,32.276817790499905,0.0,8.114177797832308,1,1188,0.0
2322,364.55000000000007,1.0551068861425748,765.1750624505167,38.890804887905986,22.055423626601993,2549.6148797730807,89.85432283218084,32.24730559294138,0.0,8.114222729122188,1,1188,0.0
2323,364.55500000000006,1.0563111833786536,763.7764317756837,38.82203102399385,22.055423626601993,2549.6148797730807,89.85431295928386,32.21777765245256,0.0,8.114267619477607,1,1188,0.0
2324,364.56000000000006,1.0575169030295075,762.3783354599653,38.753279628048006,22.055423626601993,2549.6148797730807,89.85430308638686,32.18823397533042,0.0,8.114312468876676,1,1188,0.0
2325,364.56500000000005,1.0587240460856677,760.980775849665,38.684550812248986,22.055423626601993,2549.6148797730807,89.85429321348987,32.15867456789863,0.0,8.114357277297518,1,1188,0.0
2326,364.57000000000005,1.0599326135365734,759.5837552923472,38.61584468882752,22.055423626601993,2549.6148797730807,89.85428334059287,32.12909943650759,0.0,8.114402044718263,1,1188,0.0
2327,364.57500000000005,1.061142606370566,758.1872761368289,38.54716137010846,22.055423626601993,2549.6148797730807,89.85427346769588,32.09950858753441,0.0,8.11444677111705,1,1188,0.0
2328,364.58000000000004,1.0623540255748827,756.7913407331743,38.47850096848095,22.055423626601993,2549.6148797730807,89.8542635947989,32.069902027382966,0.0,8.11449145647203,1,1188,0.0
2329,364.58500000000004,1.0635668721356548,755.3959514326872,38.40986359641125,22.055423626601993,2549.6148797730807,89.85425372190188,32.04027976248386,0.0,8.114536100761356,1,1188,0.0
2330,364.59000000000003,1.0647811470378983,754.0011105879043,38.3412493664377,22.055423626601993,2549.6148797730807,89.8542438490049,32.0106417992945,0.0,8.114580703963195,1,1188,0.0
2331,364.595,1.0659968512655134,752.6068205525901,38.27265839116818,22.055423626601993,2549.6148797730807,89.8542339761079,31.980988144299037,0.0,8.114625266055722,1,1188,0.0
2332,364.6000000000001,1.0672139858012757,751.213083681728,38.20409078328593,22.055423626601993,2549.6148797730807,89.85422410321091,31.95131880400844,0.0,8.114669787017117,1,1188,0.0
2333,364.6050000000001,1.0684325516268345,749.8199023315148,38.13554665554974,22.055423626601993,2549.6148797730807,89.85421423031391,31.921633784960473,0.0,8.114714266825578,1,1188,0.0
2334,364.61000000000007,1.0696525497227045,748.4272788593545,38.06702612078174,22.055423626601993,2549.6148797730807,89.85420435741692,31.89193309371973,0.0,8.114758705459302,1,1188,0.0
2335,364.61500000000007,1.0708739810682648,747.0352156238499,37.99852929188679,22.055423626601993,2549.6148797730807,89.85419448451992,31.86221673687763,0.0,8.1148031028965,1,1188,0.0
2336,364.62000000000006,1.0720968466417493,745.6437149847968,37.93005628182663,22.055423626601993,2549.6148797730807,89.85418461162294,31.83248472105244,0.0,8.114847459115394,1,1188,0.0
2337,364.62500000000006,1.0733211474202455,744.2527793031779,37.86160720364703,22.055423626601993,2549.6148797730807,89.85417473872594,31.8027370528893,0.0,8.11489177409421,1,1188,0.0
2338,364.63000000000005,1.0745468843796868,742.8624109411551,37.79318217046722,22.055423626601993,2549.6148797730807,89.85416486582895,31.77297373906019,0.0,8.114936047811186,1,1188,0.0
2339,364.63500000000005,1.0757740584948503,741.4726122620629,37.72478129545982,22.055423626601993,2549.6148797730807,89.85415499293195,31.74319478626401,0.0,8.11498028024457,1,1188,0.0
2340,364.64000000000004,1.0770026707393476,740.0833856304012,37.65640469188087,22.055423626601993,2549.6148797730807,89.85414512003496,31.713400201226516,0.0,8.115024471372616,1,1188,0.0
2341,364.64500000000004,1.0782327220856252,738.6947334118291,37.588052473054596,22.055423626601993,2549.6148797730807,89.85413524713796,31.683589990700405,0.0,8.11506862117359,1,1188,0.0
2342,364.65000000000003,1.0794642135049544,737.3066579731578,37.51972475237135,22.055423626601993,2549.6148797730807,89.85412537424097,31.653764161465272,0.0,8.11511272962577,1,1188,0.0
2343,364.65500000000003,1.0806971459674297,735.9191616823432,37.451421643295824,22.055423626601993,2549.6148797730807,89.85411550134398,31.623922720327656,0.0,8.115156796707433,1,1188,0.0
2344,364.6600000000001,1.0819315204419622,734.5322469084805,37.383143259354476,22.055423626601993,2549.6148797730807,89.85410562844697,31.594065674121037,0.0,8.115200822396877,1,1188,0.0
2345,364.6650000000001,1.0831673378962743,733.1459160217955,37.314889714152855,22.055423626601993,2549.6148797730807,89.85409575554999,31.56419302970585,0.0,8.115244806672406,1,1188,0.0
2346,364.6700000000001,1.0844045992968956,731.7601713936388,37.246661121354954,22.055423626601993,2549.6148797730807,89.854085882653,31.534304793969497,0.0,8.11528874951233,1,1188,0.0
2347,364.67500000000007,1.0856433056091583,730.3750153964783,37.17845759470054,22.055423626601993,2549.6148797730807,89.854076009756,31.504400973826357,0.0,8.115332650894967,1,1188,0.0
2348,364.68000000000006,1.0868834577971895,728.9904504038927,37.110279247991286,22.055423626601993,2549.6148797730807,89.854066136859,31.474481576217812,0.0,8.115376510798654,1,1188,0.0
2349,364.68500000000006,1.0881250568239096,727.6064787905646,37.04212619510205,22.055423626601993,2549.6148797730807,89.85405626396201,31.444546608112237,0.0,8.115420329201728,1,1188,0.0
2350,364.69000000000005,1.0893681036510252,726.2231029322726,36.97399854996699,22.055423626601993,2549.6148797730807,89.85404639106501,31.41459607650502,0.0,8.11546410608254,1,1188,0.0
2351,364.69500000000005,1.0906125992390237,724.840325205886,36.90589642659982,22.055423626601993,2549.6148797730807,89.85403651816803,31.38462998841858,0.0,8.11550784141945,1,1188,0.0
2352,364.70000000000005,1.0918585445471696,723.4581479893553,36.8378199390718,22.055423626601993,2549.6148797730807,89.85402664527103,31.35464835090237,0.0,8.115551535190829,1,1188,0.0
2353,364.70500000000004,1.093105940533498,722.0765736617079,36.76976920152022,22.055423626601993,2549.6148797730807,89.85401677237404,31.324651171032894,0.0,8.115595187375053,1,1188,0.0
2354,364.71000000000004,1.0943547881548115,720.6956046030391,36.701744328149964,22.055423626601993,2549.6148797730807,89.85400689947704,31.294638455913713,0.0,8.115638797950513,1,1188,0.0
2355,364.71500000000003,1.0956050883666741,719.315243194506,36.6337454332387,22.055423626601993,2549.6148797730807,89.85399702658005,31.26461021267546,0.0,8.115682366895607,1,1188,0.0
2356,364.72,1.0968568421234044,717.93549181832,36.565772631116886,22.055423626601993,2549.6148797730807,89.85398715368305,31.234566448475857,0.0,8.115725894188744,1,1188,0.0
2357,364.7250000000001,1.0981100503780727,716.5563528577399,36.49782603619117,22.055423626601993,2549.6148797730807,89.85397728078605,31.204507170499703,0.0,8.115769379808341,1,1188,0.0
2358,364.7300000000001,1.099364714082496,715.1778286970651,36.42990576292784,22.055423626601993,2549.6148797730807,89.85396740788907,31.174432385958912,0.0,8.115812823732828,1,1188,0.0
2359,364.73500000000007,1.1006208341872312,713.7999217216277,36.36201192586523,22.055423626601993,2549.6148797730807,89.85395753499206,31.14434210209251,0.0,8.115856225940643,1,1188,0.0
2360,364.74000000000007,1.101878411641572,712.4226343177853,36.29414463959265,22.055423626601993,2549.6148797730807,89.85394766209508,31.114236326166637,0.0,8.115899586410233,1,1188,0.0
2361,364.74500000000006,1.103137447393542,711.0459688729156,36.22630401877209,22.055423626601993,2549.6148797730807,89.85393778919808,31.084115065474595,0.0,8.115942905120056,1,1188,0.0
2362,364.75000000000006,1.1043979423898904,709.6699277754072,36.1584901781322,22.055423626601993,2549.6148797730807,89.85392791630109,31.053978327336807,0.0,8.11598618204858,1,1188,0.0
2363,364.75500000000005,1.1056598975760874,708.2945134146531,36.09070323245662,22.055423626601993,2549.6148797730807,89.8539180434041,31.023826119100868,0.0,8.116029417174285,1,1188,0.0
2364,364.76000000000005,1.1069233138963184,706.9197281810442,36.022943296599585,22.055423626601993,2549.6148797730807,89.8539081705071,30.993658448141524,0.0,8.116072610475658,1,1188,0.0
2365,364.76500000000004,1.1081881922934775,705.5455744659615,35.95521048547776,22.055423626601993,2549.6148797730807,89.85389829761012,30.96347532186072,0.0,8.116115761931198,1,1188,0.0
2366,364.77000000000004,1.1094545337091672,704.1720546617677,35.88750491405965,22.055423626601993,2549.6148797730807,89.85388842471312,30.933276747687568,0.0,8.116158871519412,1,1188,0.0
2367,364.77500000000003,1.1107223390836876,702.7991711618026,35.8198266973952,22.055423626601993,2549.6148797730807,89.85387855181612,30.903062733078386,0.0,8.116201939218822,1,1188,0.0
2368,364.78000000000003,1.1119916093560334,701.4269263603736,35.75217595057829,22.055423626601993,2549.6148797730807,89.85386867891913,30.87283328551671,0.0,8.116244965007954,1,1188,0.0
2369,364.7850000000001,1.1132623454638904,700.0553226527499,35.68455278877067,22.055423626601993,2549.6148797730807,89.85385880602213,30.84258841251327,0.0,8.11628794886535,1,1188,0.0
2370,364.7900000000001,1.114534548343629,698.6843624351534,35.61695732720245,22.055423626601993,2549.6148797730807,89.85384893312514,30.812328121606043,0.0,8.116330890769559,1,1188,0.0
2371,364.7950000000001,1.1158082189302978,697.3140481047534,35.549389681156505,22.055423626601993,2549.6148797730807,89.85383906022815,30.782052420360237,0.0,8.116373790699138,1,1188,0.0
2372,364.80000000000007,1.1170833581576216,695.9443820596581,35.48184996597596,22.055423626601993,2549.6148797730807,89.85382918733114,30.751761316368302,0.0,8.116416648632661,1,1188,0.0
2373,364.80500000000006,1.1183599669579924,694.5753666989078,35.41433829707123,22.055423626601993,2549.6148797730807,89.85381931443416,30.721454817249953,0.0,8.11645946454871,1,1188,0.0
2374,364.81000000000006,1.1196380462624682,693.2070044224672,35.3468547899066,22.055423626601993,2549.6148797730807,89.85380944153715,30.691132930652163,0.0,8.116502238425873,1,1188,0.0
2375,364.81500000000005,1.1209175970007639,691.8392976312182,35.27939956001063,22.055423626601993,2549.6148797730807,89.85379956864017,30.660795664249186,0.0,8.116544970242755,1,1188,0.0
2376,364.82000000000005,1.1221986201012508,690.4722487269526,35.21197272296763,22.055423626601993,2549.6148797730807,89.85378969574317,30.630443025742554,0.0,8.116587659977966,1,1188,0.0
2377,364.82500000000005,1.1234811164909462,689.1058601123642,35.144574394422776,22.055423626601993,2549.6148797730807,89.85377982284618,30.600075022861102,0.0,8.11663030761013,1,1188,0.0
2378,364.83000000000004,1.124765087095513,687.7401341910424,35.07720469008042,22.055423626601993,2549.6148797730807,89.85376994994918,30.569691663360956,0.0,8.116672913117883,1,1188,0.0
2379,364.83500000000004,1.1260505328392507,686.3750733674638,35.009863725705515,22.055423626601993,2549.6148797730807,89.85376007705219,30.539292955025566,0.0,8.116715476479868,1,1188,0.0
2380,364.84000000000003,1.1273374546450938,685.0106800469853,34.94255161711499,22.055423626601993,2549.6148797730807,89.8537502041552,30.508878905665696,0.0,8.116757997674739,1,1188,0.0
2381,364.845,1.1286258534346025,683.6469566358367,34.875268480190954,22.055423626601993,2549.6148797730807,89.85374033125821,30.47844952311944,0.0,8.116800476681163,1,1188,0.0
2382,364.8500000000001,1.1299157301279623,682.2839055411126,34.80801443086933,22.055423626601993,2549.6148797730807,89.85373045836121,30.448004815252233,0.0,8.116842913477818,1,1188,0.0
2383,364.8550000000001,1.1312070856439747,680.9215291707658,34.740789585143304,22.055423626601993,2549.6148797730807,89.85372058546422,30.417544789956857,0.0,8.11688530804339,1,1188,0.0
2384,364.86000000000007,1.1324999209000544,679.5598299335988,34.673594059062594,22.055423626601993,2549.6148797730807,89.85371071256722,30.387069455153448,0.0,8.116927660356575,1,1188,0.0
2385,364.86500000000007,1.1337942368122234,678.1988102392579,34.60642796873976,22.055423626601993,2549.6148797730807,89.85370083967022,30.356578818789508,0.0,8.116969970396088,1,1188,0.0
2386,364.87000000000006,1.1350900342951051,676.8384724982237,34.539291430332895,22.055423626601993,2549.6148797730807,89.85369096677324,30.326072888839914,0.0,8.117012238140646,1,1188,0.0
2387,364.87500000000006,1.1363873142619212,675.4788191218051,34.4721845600652,22.055423626601993,2549.6148797730807,89.85368109387623,30.295551673306917,0.0,8.11705446356898,1,1188,0.0
2388,364.88000000000005,1.1376860776244846,674.1198525221306,34.405107474214276,22.055423626601993,2549.6148797730807,89.85367122097925,30.26501518022016,0.0,8.117096646659835,1,1188,0.0
2389,364.88500000000005,1.1389863252931944,672.7615751121416,34.33806028910828,22.055423626601993,2549.6148797730807,89.85366134808224,30.2344634176367,0.0,8.117138787391962,1,1188,0.0
2390,364.89000000000004,1.1402880581770314,671.4039893055849,34.27104312113665,22.055423626601993,2549.6148797730807,89.85365147518526,30.20389639364097,0.0,8.117180885744125,1,1188,0.0
2391,364.89500000000004,1.1415912771835524,670.0470975170039,34.204056086736266,22.055423626601993,2549.6148797730807,89.85364160228826,30.173314116344844,0.0,8.1172229416951,1,1188,0.0
2392,364.90000000000003,1.1428959832188863,668.6909021617325,34.137099302410434,22.055423626601993,2549.6148797730807,89.85363172939127,30.142716593887602,0.0,8.117264955223677,1,1188,0.0
2393,364.90500000000003,1.1442021771877269,667.3354056558871,34.07017288470294,22.055423626601993,2549.6148797730807,89.85362185649427,30.112103834435956,0.0,8.117306926308649,1,1188,0.0
2394,364.9100000000001,1.1455098599933282,665.9806104163574,34.003276950219465,22.055423626601993,2549.6148797730807,89.85361198359728,30.081475846184063,0.0,8.117348854928828,1,1188,0.0
2395,364.9150000000001,1.1468190325375014,664.6265188608011,33.93641161561615,22.055423626601993,2549.6148797730807,89.8536021107003,30.050832637353516,0.0,8.117390741063033,1,1188,0.0
2396,364.9200000000001,1.1481296957206057,663.2731334076348,33.86957699760476,22.055423626601993,2549.6148797730807,89.8535922378033,30.02017421619336,0.0,8.117432584690098,1,1188,0.0
2397,364.92500000000007,1.1494418504415471,661.9204564760266,33.80277321294933,22.055423626601993,2549.6148797730807,89.8535823649063,29.989500590980107,0.0,8.117474385788865,1,1188,0.0
2398,364.93000000000006,1.150755497597771,660.5684904858884,33.73600037846471,22.055423626601993,2549.6148797730807,89.8535724920093,29.958811770017732,0.0,8.11751614433819,1,1188,0.0
2399,364.93500000000006,1.1520706380852574,659.2172378578688,33.66925861102075,22.055423626601993,2549.6148797730807,89.85356261911231,29.928107761637687,0.0,8.117557860316936,1,1188,0.0
2400,364.94000000000005,1.1533872727985148,657.8667010133443,33.60254802753628,22.055423626601993,2549.6148797730807,89.85355274621531,29.897388574198906,0.0,8.11759953370398,1,1188,0.0
2401,364.94500000000005,1.1547054026305772,656.516882374412,33.53586874498555,22.055423626601993,2549.6148797730807,89.85354287331833,29.866654216087802,0.0,8.117641164478217,1,1188,0.0
2402,364.95000000000005,1.1560250284729974,655.1677843638824,33.46922088038579,22.055423626601993,2549.6148797730807,89.85353300042132,29.8359046957183,0.0,8.117682752618542,1,1188,0.0
2403,364.95500000000004,1.1573461512158414,653.8194094052711,33.402604550817955,22.055423626601993,2549.6148797730807,89.85352312752434,29.805140021531813,0.0,8.11772429810387,1,1188,0.0
2404,364.96000000000004,1.158668771747684,652.4717599227907,33.33601987339987,22.055423626601993,2549.6148797730807,89.85351325462733,29.774360201997276,0.0,8.117765800913123,1,1188,0.0
2405,364.96500000000003,1.1599928909556037,651.124838341344,33.26946696531329,22.055423626601993,2549.6148797730807,89.85350338173035,29.74356524561113,0.0,8.117807261025238,1,1188,0.0
2406,364.97,1.161318509725176,649.7786470865152,33.202945943776356,22.055423626601993,2549.6148797730807,89.85349350883335,29.712755160897345,0.0,8.11784867841916,1,1188,0.0
2407,364.9750000000001,1.1626456289404707,648.4331885845625,33.136456926068774,22.055423626601993,2549.6148797730807,89.85348363593636,29.681929956407412,0.0,8.11789005307385,1,1188,0.0
2408,364.9800000000001,1.163974249484045,647.0884652624106,33.07000002951161,22.055423626601993,2549.6148797730807,89.85347376303937,29.651089640720375,0.0,8.117931384968278,1,1188,0.0
2409,364.98500000000007,1.1653043722369376,645.7444795476421,33.00357537147691,22.055423626601993,2549.6148797730807,89.85346389014236,29.620234222442804,0.0,8.117972674081427,1,1188,0.0
2410,364.99000000000007,1.1666359980786651,644.4012338684902,32.93718306938965,22.055423626601993,2549.6148797730807,89.85345401724538,29.589363710208826,0.0,8.11801392039229,1,1188,0.0
2411,364.99500000000006,1.1679691278872155,643.058730653831,32.87082324071522,22.055423626601993,2549.6148797730807,89.85344414434839,29.558478112680117,0.0,8.118055123879875,1,1188,0.0
2412,365.00000000000006,1.1693037625390448,641.7169723331746,32.80449600297082,22.055423626601993,2549.6148797730807,89.85343427145139,29.52757743854592,0.0,8.118096284523197,1,1188,0.0
2413,365.00500000000005,1.170639902909069,640.3759613366583,32.738201473726164,22.055423626601993,2549.6148797730807,89.8534243985544,29.496661696523038,0.0,8.118137402301292,1,1188,0.0
2414,365.01000000000005,1.1719775498706606,639.0357000950381,32.67193977059047,22.055423626601993,2549.6148797730807,89.8534145256574,29.465730895355854,0.0,8.118178477193196,1,1188,0.0
2415,365.01500000000004,1.1733167042956445,637.6961910396815,32.60571101122444,22.055423626601993,2549.6148797730807,89.8534046527604,29.434785043816323,0.0,8.118219509177967,1,1188,0.0
2416,365.02000000000004,1.1746573670542897,636.357436602558,32.53951531333434,22.055423626601993,2549.6148797730807,89.85339477986342,29.403824150703986,0.0,8.11826049823467,1,1188,0.0
2417,365.02500000000003,1.175999539015306,635.0194392162327,32.473352794671165,22.055423626601993,2549.6148797730807,89.85338490696641,29.372848224845978,0.0,8.118301444342384,1,1188,0.0
2418,365.03000000000003,1.1773432210458392,633.6822013138577,32.407223573034145,22.055423626601993,2549.6148797730807,89.85337503406943,29.341857275097023,0.0,8.1183423474802,1,1188,0.0
2419,365.0350000000001,1.1786884140114648,632.3457253291642,32.34112776626801,22.055423626601993,2549.6148797730807,89.85336516117243,29.310851310339448,0.0,8.118383207627218,1,1188,0.0
2420,365.0400000000001,1.180035118776183,631.010013696454,32.2750654922607,22.055423626601993,2549.6148797730807,89.85335528827544,29.27983033948319,0.0,8.118424024762556,1,1188,0.0
2421,365.0450000000001,1.1813833362024129,629.6750688505929,32.20903686894584,22.055423626601993,2549.6148797730807,89.85334541537844,29.24879437146579,0.0,8.118464798865341,1,1188,0.0
2422,365.05000000000007,1.182733067150989,628.3408932270007,32.143042014304584,22.055423626601993,2549.6148797730807,89.85333554248145,29.217743415252418,0.0,8.118505529914712,1,1188,0.0
2423,365.05500000000006,1.184084312481154,627.0074892616451,32.0770810463607,22.055423626601993,2549.6148797730807,89.85332566958446,29.186677479835847,0.0,8.11854621788982,1,1188,0.0
2424,365.06000000000006,1.1854370730505543,625.674859391032,32.01115408317808,22.055423626601993,2549.6148797730807,89.85331579668745,29.155596574236494,0.0,8.118586862769833,1,1188,0.0
2425,365.06500000000005,1.1867913497152354,624.3430060521982,31.94526124287004,22.055423626601993,2549.6148797730807,89.85330592379047,29.124500707502396,0.0,8.118627464533922,1,1188,0.0
2426,365.07000000000005,1.1881471433296358,623.0119316827039,31.87940264358689,22.055423626601993,2549.6148797730807,89.85329605089348,29.093389888709225,0.0,8.118668023161282,1,1188,0.0
2427,365.07500000000005,1.1895044547465816,621.6816387206234,31.813578403530556,22.055423626601993,2549.6148797730807,89.85328617799648,29.062264126960308,0.0,8.118708538631113,1,1188,0.0
2428,365.08000000000004,1.1908632848172818,620.3521296045377,31.74778864093758,22.055423626601993,2549.6148797730807,89.85327630509948,29.0311234313866,0.0,8.118749010922627,1,1188,0.0
2429,365.08500000000004,1.1922236343913233,619.0234067735266,31.68203347408973,22.055423626601993,2549.6148797730807,89.85326643220249,28.999967811146718,0.0,8.118789440015053,1,1188,0.0
2430,365.09000000000003,1.1935855043166637,617.6954726671597,31.616313021312642,22.055423626601993,2549.6148797730807,89.85325655930549,28.968797275426926,0.0,8.118829825887632,1,1188,0.0
2431,365.095,1.1949488954396297,616.3683297254893,31.550627400968743,22.055423626601993,2549.6148797730807,89.85324668640851,28.937611833441153,0.0,8.118870168519614,1,1188,0.0
2432,365.1000000000001,1.1963138086049079,615.0419803890412,31.484976731466688,22.055423626601993,2549.6148797730807,89.8532368135115,28.90641149443098,0.0,8.118910467890265,1,1188,0.0
2433,365.1050000000001,1.1976802446555423,613.7164270988076,31.419361131251698,22.055423626601993,2549.6148797730807,89.85322694061452,28.875196267665668,0.0,8.11895072397886,1,1188,0.0
2434,365.11000000000007,1.1990482044329267,612.3916722962382,31.35378071881149,22.055423626601993,2549.6148797730807,89.85321706771752,28.843966162442136,0.0,8.118990936764693,1,1188,0.0
2435,365.11500000000007,1.200417688776802,611.0677184232316,31.288235612675592,22.055423626601993,2549.6148797730807,89.85320719482053,28.81272118808499,0.0,8.119031106227066,1,1188,0.0
2436,365.12000000000006,1.2017886985252493,609.7445679221286,31.2227259314108,22.055423626601993,2549.6148797730807,89.85319732192355,28.781461353946504,0.0,8.119071232345295,1,1188,0.0
2437,365.12500000000006,1.203161234514685,608.4222232357022,31.157251793625942,22.055423626601993,2549.6148797730807,89.85318744902654,28.750186669406638,0.0,8.119111315098708,1,1188,0.0
2438,365.13000000000005,1.2045352975798542,607.1006868071507,31.091813317963855,22.055423626601993,2549.6148797730807,89.85317757612955,28.71889714387304,0.0,8.119151354466648,1,1188,0.0
2439,365.13500000000005,1.2059108885538294,605.779961080089,31.026410623113946,22.055423626601993,2549.6148797730807,89.85316770323254,28.687592786781043,0.0,8.119191350428473,1,1188,0.0
2440,365.14000000000004,1.207288008268,604.4600484985397,30.961043827797887,22.055423626601993,2549.6148797730807,89.85315783033556,28.656273607593675,0.0,8.119231302963545,1,1188,0.0
2441,365.14500000000004,1.208666657552071,603.1409515069261,30.8957130507761,22.055423626601993,2549.6148797730807,89.85314795743857,28.62493961580166,0.0,8.119271212051249,1,1188,0.0
2442,365.15000000000003,1.2100468372340556,601.8226725500624,30.830418410850708,22.055423626601993,2549.6148797730807,89.85313808454157,28.593590820923424,0.0,8.119311077670977,1,1188,0.0
2443,365.15500000000003,1.2114285481402707,600.5052140731472,30.765160026855643,22.055423626601993,2549.6148797730807,89.85312821164457,28.562227232505087,0.0,8.119350899802138,1,1188,0.0
2444,365.1600000000001,1.2128117910953318,599.1885785217536,30.699938017665843,22.055423626601993,2549.6148797730807,89.85311833874758,28.530848860120482,0.0,8.11939067842415,1,1188,0.0
2445,365.1650000000001,1.2141965669221475,597.8727683418216,30.634752502194633,22.055423626601993,2549.6148797730807,89.85310846585058,28.499455713371148,0.0,8.119430413516447,1,1188,0.0
2446,365.1700000000001,1.2155828764419134,596.5577859796493,30.569603599383036,22.055423626601993,2549.6148797730807,89.8530985929536,28.468047801886335,0.0,8.119470105058479,1,1188,0.0
2447,365.17500000000007,1.2169707204741085,595.2436338818854,30.504491428221414,22.055423626601993,2549.6148797730807,89.85308872005659,28.436625135323002,0.0,8.119509753029703,1,1188,0.0
2448,365.18000000000006,1.2183600998364883,593.9303144955202,30.439416107721424,22.055423626601993,2549.6148797730807,89.85307884715961,28.40518772336583,0.0,8.119549357409594,1,1188,0.0
2449,365.18500000000006,1.2197510153450808,592.6178302678773,30.37437775694053,22.055423626601993,2549.6148797730807,89.85306897426261,28.373735575727224,0.0,8.119588918177639,1,1188,0.0
2450,365.19000000000005,1.22114346781418,591.3061836466046,30.309376494969666,22.055423626601993,2549.6148797730807,89.85305910136562,28.342268702147297,0.0,8.119628435313334,1,1188,0.0
2451,365.19500000000005,1.222537458056341,589.9953770796678,30.244412440926087,22.055423626601993,2549.6148797730807,89.85304922846863,28.310787112393896,0.0,8.119667908796197,1,1188,0.0
2452,365.20000000000005,1.2239329868823763,588.6854130153399,30.17948571397276,22.055423626601993,2549.6148797730807,89.85303935557162,28.27929081626259,0.0,8.119707338605753,1,1188,0.0
2453,365.20500000000004,1.2253300551013477,587.3762939021937,30.114596433299326,22.055423626601993,2549.6148797730807,89.85302948267464,28.247779823576675,0.0,8.119746724721544,1,1188,0.0
2454,365.21000000000004,1.226728663520563,586.0680221890932,30.04974471812897,22.055423626601993,2549.6148797730807,89.85301960977765,28.216254144187186,0.0,8.119786067123124,1,1188,0.0
2455,365.21500000000003,1.2281288129455703,584.7606003251856,29.98493068772167,22.055423626601993,2549.6148797730807,89.85300973688065,28.184713787972875,0.0,8.119825365790058,1,1188,0.0
2456,365.22,1.2295305041801516,583.4540307598921,29.920154461368313,22.055423626601993,2549.6148797730807,89.85299986398365,28.153158764840235,0.0,8.11986462070193,1,1188,0.0
2457,365.2250000000001,1.230933738026321,582.1483159428998,29.855416158392842,22.055423626601993,2549.6148797730807,89.85298999108666,28.121589084723503,0.0,8.119903831838334,1,1188,0.0
2458,365.2300000000001,1.2323385152843136,580.8434583241533,29.790715898148775,22.055423626601993,2549.6148797730807,89.85298011818966,28.090004757584637,0.0,8.11994299917888,1,1188,0.0
2459,365.23500000000007,1.2337448367525856,579.5394603538462,29.72605380002595,22.055423626601993,2549.6148797730807,89.85297024529267,28.05840579341335,0.0,8.119982122703188,1,1188,0.0
2460,365.24000000000007,1.2351527032278065,578.236324482412,29.66142998343988,22.055423626601993,2549.6148797730807,89.85296037239567,28.02679220222708,0.0,8.120021202390896,1,1188,0.0
2461,365.24500000000006,1.2365621155048538,576.9340531605167,29.59684456784351,22.055423626601993,2549.6148797730807,89.85295049949869,27.995163994071024,0.0,8.120060238221653,1,1188,0.0
2462,365.25000000000006,1.2379730743768085,575.6326488390489,29.532297672715128,22.055423626601993,2549.6148797730807,89.85294062660168,27.9635211790181,0.0,8.120099230175123,1,1188,0.0
2463,365.25500000000005,1.2393855806349496,574.3321139691127,29.467789417566365,22.055423626601993,2549.6148797730807,89.8529307537047,27.93186376716899,0.0,8.120138178230984,1,1188,0.0
2464,365.26000000000005,1.2407996350687482,573.032451002018,29.403319921935694,22.055423626601993,2549.6148797730807,89.8529208808077,27.90019176865211,0.0,8.120177082368928,1,1188,0.0
2465,365.26500000000004,1.2422152384658625,571.7336623892721,29.338889305394627,22.055423626601993,2549.6148797730807,89.8529110079107,27.868505193623626,0.0,8.120215942568661,1,1188,0.0
2466,365.27000000000004,1.243632391612133,570.4357505825719,29.274497687542866,22.055423626601993,2549.6148797730807,89.85290113501372,27.836804052267446,0.0,8.120254758809901,1,1188,0.0
2467,365.27500000000003,1.2450510952915772,569.1387180337944,29.21014518800599,22.055423626601993,2549.6148797730807,89.85289126211671,27.805088354795227,0.0,8.120293531072383,1,1188,0.0
2468,365.28000000000003,1.2464713502863831,567.8425671949884,29.145831926444938,22.055423626601993,2549.6148797730807,89.85288138921973,27.77335811144638,0.0,8.120332259335854,1,1188,0.0
2469,365.2850000000001,1.2478931573769054,566.5473005183662,29.081558022540992,22.055423626601993,2549.6148797730807,89.85287151632274,27.741613332488058,0.0,8.120370943580076,1,1188,0.0
2470,365.2900000000001,1.2493165173416594,565.2529204562945,29.017323596007973,22.055423626601993,2549.6148797730807,89.85286164342574,27.709854028215165,0.0,8.120409583784825,1,1188,0.0
2471,365.2950000000001,1.2507414309573153,563.9594294612858,28.95312876658398,22.055423626601993,2549.6148797730807,89.85285177052874,27.67808020895036,0.0,8.120448179929895,1,1188,0.0
2472,365.30000000000007,1.2521678989986946,562.6668299859904,28.8889736540399,22.055423626601993,2549.6148797730807,89.85284189763175,27.646291885044036,0.0,8.120486731995085,1,1188,0.0
2473,365.30500000000006,1.253595922238763,561.3751244831866,28.82485837816608,22.055423626601993,2549.6148797730807,89.85283202473475,27.61448906687435,0.0,8.120525239960214,1,1188,0.0
2474,365.31000000000006,1.2550255014486251,560.0843154057732,28.760783058782152,22.055423626601993,2549.6148797730807,89.85282215183776,27.582671764847202,0.0,8.12056370380512,1,1188,0.0
2475,365.31500000000005,1.2564566373975221,558.7944052067598,28.696747815738235,22.055423626601993,2549.6148797730807,89.85281227894076,27.55083998939625,0.0,8.120602123509647,1,1188,0.0
2476,365.32000000000005,1.2578893308528214,557.505396339259,28.6327527689007,22.055423626601993,2549.6148797730807,89.85280240604378,27.518993750982887,0.0,8.120640499053657,1,1188,0.0
2477,365.32500000000005,1.2593235825800155,556.2172912564769,28.56879803816888,22.055423626601993,2549.6148797730807,89.85279253314677,27.48713306009627,0.0,8.120678830417027,1,1188,0.0
2478,365.33000000000004,1.260759393342716,554.9300924117048,28.50488374346119,22.055423626601993,2549.6148797730807,89.85278266024979,27.455257927253292,0.0,8.120717117579648,1,1188,0.0
2479,365.33500000000004,1.262196763902646,553.6438022583106,28.441010004729176,22.055423626601993,2549.6148797730807,89.85277278735279,27.423368362998602,0.0,8.120755360521423,1,1188,0.0
2480,365.34000000000003,1.2636356950196375,552.3584232497298,28.377176941936767,22.055423626601993,2549.6148797730807,89.8527629144558,27.391464377904597,0.0,8.120793559222275,1,1188,0.0
2481,365.345,1.2650761874516248,551.0739578394565,28.313384675082506,22.055423626601993,2549.6148797730807,89.85275304155881,27.35954598257142,0.0,8.120831713662138,1,1188,0.0
2482,365.3500000000001,1.266518241954639,549.7904084810352,28.24963332418056,22.055423626601993,2549.6148797730807,89.8527431686618,27.32761318762695,0.0,8.120869823820959,1,1188,0.0
2483,365.3550000000001,1.2679618592828048,548.5077776280516,28.185923009273704,22.055423626601993,2549.6148797730807,89.85273329576482,27.295666003726826,0.0,8.120907889678703,1,1188,0.0
2484,365.36000000000007,1.269407040188331,547.2260677341242,28.122253850421533,22.055423626601993,2549.6148797730807,89.85272342286783,27.263704441554424,0.0,8.120945911215347,1,1188,0.0
2485,365.36500000000007,1.27085378542151,545.9452812528951,28.058625967711947,22.055423626601993,2549.6148797730807,89.85271354997083,27.23172851182086,0.0,8.120983888410889,1,1188,0.0
2486,365.37000000000006,1.2723020957307087,544.6654206380211,27.995039481249474,22.055423626601993,2549.6148797730807,89.85270367707383,27.199738225265005,0.0,8.12102182124533,1,1188,0.0
2487,365.37500000000006,1.2737519718623662,543.3864883431655,27.93149451116594,22.055423626601993,2549.6148797730807,89.85269380417684,27.167733592653452,0.0,8.121059709698697,1,1188,0.0
2488,365.38000000000005,1.2752034145609858,542.1084868219888,27.867991177606918,22.055423626601993,2549.6148797730807,89.85268393127984,27.135714624780544,0.0,8.121097553751026,1,1188,0.0
2489,365.38500000000005,1.276656424569132,540.8314185281399,27.804529600745568,22.055423626601993,2549.6148797730807,89.85267405838286,27.103681332468362,0.0,8.121135353382373,1,1188,0.0
2490,365.39000000000004,1.2781110026274234,539.5552859152469,27.74110990077174,22.055423626601993,2549.6148797730807,89.85266418548585,27.071633726566713,0.0,8.121173108572801,1,1188,0.0
2491,365.39500000000004,1.2795671494745295,538.2800914369092,27.677732197895402,22.055423626601993,2549.6148797730807,89.85265431258887,27.039571817953153,0.0,8.121210819302393,1,1188,0.0
2492,365.40000000000003,1.2810248658471624,537.0058375466876,27.61439661234914,22.055423626601993,2549.6148797730807,89.85264443969186,27.00749561753296,0.0,8.121248485551249,1,1188,0.0
2493,365.40500000000003,1.2824841524800747,535.7325266980965,27.551103264381105,22.055423626601993,2549.6148797730807,89.85263456679488,26.975405136239143,0.0,8.12128610729948,1,1188,0.0
2494,365.4100000000001,1.2839450101060523,534.4601613445936,27.487852274260778,22.055423626601993,2549.6148797730807,89.85262469389788,26.943300385032444,0.0,8.121323684527214,1,1188,0.0
2495,365.4150000000001,1.2854074394559092,533.1887439395722,27.424643762273234,22.055423626601993,2549.6148797730807,89.85261482100088,26.911181374901325,0.0,8.121361217214591,1,1188,0.0
2496,365.4200000000001,1.2868714412584839,531.9182769363516,27.36147784872759,22.055423626601993,2549.6148797730807,89.8526049481039,26.87904811686198,0.0,8.121398705341774,1,1188,0.0
2497,365.42500000000007,1.2883370162406311,530.6487627881685,27.298354653943175,22.055423626601993,2549.6148797730807,89.85259507520689,26.846900621958316,0.0,8.12143614888893,1,1188,0.0
2498,365.43000000000006,1.289804165127219,529.3802039481678,27.23527429826361,22.055423626601993,2549.6148797730807,89.85258520230991,26.81473890126196,0.0,8.121473547836253,1,1188,0.0
2499,365.43500000000006,1.2912728886411238,528.1126028693943,27.172236902042638,22.055423626601993,2549.6148797730807,89.85257532941291,26.782562965872263,0.0,8.121510902163942,1,1188,0.0
2500,365.44000000000005,1.292743187503223,526.8459620047827,27.109242585656624,22.055423626601993,2549.6148797730807,89.85256545651592,26.75037282691628,0.0,8.12154821185222,1,1188,0.0
2501,365.44500000000005,1.2942150624323907,525.5802838071493,27.046291469499103,22.055423626601993,2549.6148797730807,89.85255558361892,26.71816849554878,0.0,8.12158547688132,1,1188,0.0
2502,365.45000000000005,1.2956885141454935,524.3155707291828,26.98338367397226,22.055423626601993,2549.6148797730807,89.85254571072193,26.685949982952245,0.0,8.121622697231489,1,1188,0.0
2503,365.45500000000004,1.2971635433573838,523.0518252234358,26.92051931949827,22.055423626601993,2549.6148797730807,89.85253583782493,26.653717300336858,0.0,8.121659872882994,1,1188,0.0
2504,365.46000000000004,1.2986401507808942,521.7890497423152,26.857698526515804,22.055423626601993,2549.6148797730807,89.85252596492795,26.621470458940497,0.0,8.121697003816115,1,1188,0.0
2505,365.46500000000003,1.3001183371268346,520.5272467380732,26.794921415475734,22.055423626601993,2549.6148797730807,89.85251609203094,26.589209470028756,0.0,8.12173409001115,1,1188,0.0
2506,365.47,1.3015981031039836,519.2664186627985,26.73218810684525,22.055423626601993,2549.6148797730807,89.85250621913396,26.556934344894906,0.0,8.121771131448408,1,1188,0.0
2507,365.4750000000001,1.303079449419087,518.0065679684076,26.6694987211055,22.055423626601993,2549.6148797730807,89.85249634623696,26.52464509485992,0.0,8.121808128108219,1,1188,0.0
2508,365.4800000000001,1.3045623767768482,516.7476971066346,26.60685337874537,22.055423626601993,2549.6148797730807,89.85248647333997,26.492341731272457,0.0,8.121845079970923,1,1188,0.0
2509,365.48500000000007,1.3060468858799275,515.489808529024,26.54425220027639,22.055423626601993,2549.6148797730807,89.85247660044297,26.46002426550886,0.0,8.12188198701688,1,1188,0.0
2510,365.49000000000007,1.3075329774289328,514.2329046869197,26.48169530621901,22.055423626601993,2549.6148797730807,89.85246672754597,26.42769270897315,0.0,8.121918849226466,1,1188,0.0
2511,365.49500000000006,1.3090206521224172,512.9769880314573,26.419182817101216,22.055423626601993,2549.6148797730807,89.85245685464899,26.39534707309704,0.0,8.121955666580067,1,1188,0.0
2512,365.50000000000006,1.3105099106568725,511.72206101355397,26.35671485347164,22.055423626601993,2549.6148797730807,89.85244698175198,26.362987369339887,0.0,8.12199243905809,1,1188,0.0
2513,365.50500000000005,1.3120007537267233,510.4681260839006,26.294291535886458,22.055423626601993,2549.6148797730807,89.852437108855,26.330613609188745,0.0,8.12202916664096,1,1188,0.0
2514,365.51000000000005,1.3134931820243236,509.21518569295154,26.231912984910643,22.055423626601993,2549.6148797730807,89.852427235958,26.298225804158324,0.0,8.12206584930911,1,1188,0.0
2515,365.51500000000004,1.3149871962399498,507.9632422909161,26.16957932112336,22.055423626601993,2549.6148797730807,89.85241736306101,26.265823965790982,0.0,8.122102487042994,1,1188,0.0
2516,365.52000000000004,1.3164827970617965,506.71229832774924,26.10729066511679,22.055423626601993,2549.6148797730807,89.85240749016401,26.233408105656753,0.0,8.122139079823084,1,1188,0.0
2517,365.52500000000003,1.3179799851759706,505.4623562531425,26.04504713748692,22.055423626601993,2549.6148797730807,89.85239761726702,26.20097823535331,0.0,8.122175627629863,1,1188,0.0
2518,365.53000000000003,1.319478761266486,504.21341851651505,25.982848858844772,22.055423626601993,2549.6148797730807,89.85238774437002,26.16853436650598,0.0,8.122212130443833,1,1188,0.0
2519,365.5350000000001,1.32097912601526,502.9654875670039,25.92069594980741,22.055423626601993,2549.6148797730807,89.85237787147304,26.136076510767722,0.0,8.122248588245512,1,1188,0.0
2520,365.5400000000001,1.3224810801021045,501.7185658534556,25.85858853100277,22.055423626601993,2549.6148797730807,89.85236799857603,26.103604679819142,0.0,8.12228500101543,1,1188,0.0
2521,365.5450000000001,1.323984624204725,500.47265582441634,25.796526723067416,22.055423626601993,2549.6148797730807,89.85235812567905,26.071118885368474,0.0,8.12232136873414,1,1188,0.0
2522,365.55000000000007,1.3254897589987122,499.22775992812325,25.734510646647504,22.055423626601993,2549.6148797730807,89.85234825278205,26.03861913915158,0.0,8.122357691382206,1,1188,0.0
2523,365.55500000000006,1.3269964851575387,497.98388061249494,25.672540422392355,22.055423626601993,2549.6148797730807,89.85233837988505,26.006105452931948,0.0,8.122393968940212,1,1188,0.0
2524,365.56000000000006,1.328504803352552,496.74102032512263,25.61061617096423,22.055423626601993,2549.6148797730807,89.85232850698807,25.973577838500674,0.0,8.122430201388752,1,1188,0.0
2525,365.56500000000005,1.330014714252971,495.49918151326057,25.548738013028967,22.055423626601993,2549.6148797730807,89.85231863409106,25.941036307676477,0.0,8.122466388708446,1,1188,0.0
2526,365.57000000000005,1.3315262185258787,494.2583666238169,25.48690606926164,22.055423626601993,2549.6148797730807,89.85230876119408,25.908480872305677,0.0,8.12250253087992,1,1188,0.0
2527,365.57500000000005,1.33303931683622,493.0185781033446,25.425120460340484,22.055423626601993,2549.6148797730807,89.85229888829707,25.87591154426219,0.0,8.122538627883824,1,1188,0.0
2528,365.58000000000004,1.3345540098467932,491.7798183980323,25.36338130695436,22.055423626601993,2549.6148797730807,89.85228901540009,25.84332833544753,0.0,8.12257467970082,1,1188,0.0
2529,365.58500000000004,1.336070298218247,490.5420899536948,25.301688729789973,22.055423626601993,2549.6148797730807,89.8522791425031,25.810731257790806,0.0,8.122610686311587,1,1188,0.0
2530,365.59000000000003,1.3375881826090745,489.30539521576384,25.24004284954931,22.055423626601993,2549.6148797730807,89.8522692696061,25.7781203232487,0.0,8.122646647696824,1,1188,0.0
2531,365.595,1.3391076636756076,488.069736629279,25.178443786931904,22.055423626601993,2549.6148797730807,89.8522593967091,25.745495543805482,0.0,8.122682563837241,1,1188,0.0
2532,365.6000000000001,1.3406287420720127,486.8351166388785,25.116891662645344,22.055423626601993,2549.6148797730807,89.8522495238121,25.71285693147298,0.0,8.122718434713569,1,1188,0.0
2533,365.6050000000001,1.3421514184502839,485.6015376887895,25.05538659739683,22.055423626601993,2549.6148797730807,89.85223965091511,25.6802044982906,0.0,8.122754260306555,1,1188,0.0
2534,365.61000000000007,1.3436756934602403,484.36900222281946,24.993928711899656,22.055423626601993,2549.6148797730807,89.85222977801813,25.647538256325294,0.0,8.122790040596959,1,1188,0.0
2535,365.61500000000007,1.3452015677495184,483.1375126843462,24.93251812687569,22.055423626601993,2549.6148797730807,89.85221990512112,25.614858217671575,0.0,8.122825775565563,1,1188,0.0
2536,365.62000000000006,1.3467290419635678,481.907071516309,24.87115496303936,22.055423626601993,2549.6148797730807,89.85221003222414,25.582164394451496,0.0,8.12286146519316,1,1188,0.0
2537,365.62500000000006,1.348258116745646,480.6776811611993,24.80983934111544,22.055423626601993,2549.6148797730807,89.85220015932714,25.549456798814653,0.0,8.122897109460567,1,1188,0.0
2538,365.63000000000005,1.3497887927368137,479.44934406105114,24.748571381827443,22.055423626601993,2549.6148797730807,89.85219028643014,25.51673544293817,0.0,8.12293270834861,1,1188,0.0
2539,365.63500000000005,1.3513210705759284,478.22206265743176,24.687351205902058,22.055423626601993,2549.6148797730807,89.85218041353316,25.484000339026696,0.0,8.122968261838137,1,1188,0.0
2540,365.64000000000004,1.3528549508996404,476.9958393914328,24.62617893406761,22.055423626601993,2549.6148797730807,89.85217054063615,25.4512514993124,0.0,8.123003769910008,1,1188,0.0
2541,365.64500000000004,1.3543904343423865,475.77067670366057,24.56505468704866,22.055423626601993,2549.6148797730807,89.85216066773917,25.41848893605496,0.0,8.123039232545109,1,1188,0.0
2542,365.65000000000003,1.3559275215363857,474.54657703422663,24.503978585577066,22.055423626601993,2549.6148797730807,89.85215079484217,25.38571266154156,0.0,8.123074649724332,1,1188,0.0
2543,365.65500000000003,1.357466213111634,473.32354282273855,24.44295075038092,22.055423626601993,2549.6148797730807,89.85214092194518,25.352922688086878,0.0,8.123110021428593,1,1188,0.0
2544,365.6600000000001,1.3590065096958974,472.1015765082906,24.38197130218853,22.055423626601993,2549.6148797730807,89.85213104904818,25.32011902803308,0.0,8.123145347638824,1,1188,0.0
2545,365.6650000000001,1.3605484119147102,470.8806805294543,24.321040361727988,22.055423626601993,2549.6148797730807,89.85212117615119,25.287301693749814,0.0,8.12318062833597,1,1188,0.0
2546,365.6700000000001,1.3620919203913666,469.66085732426905,24.26015804972713,22.055423626601993,2549.6148797730807,89.85211130325419,25.254470697634204,0.0,8.123215863500997,1,1188,0.0
2547,365.67500000000007,1.3636370357469167,468.4421093302326,24.199324486906463,22.055423626601993,2549.6148797730807,89.8521014303572,25.22162605211083,0.0,8.12325105311489,1,1188,0.0
2548,365.68000000000006,1.365183758600162,467.224438984292,24.13853979399688,22.055423626601993,2549.6148797730807,89.8520915574602,25.188767769631742,0.0,8.123286197158647,1,1188,0.0
2549,365.68500000000006,1.3667320895676485,466.00784872283396,24.077804091714317,22.055423626601993,2549.6148797730807,89.85208168456322,25.155895862676434,0.0,8.123321295613284,1,1188,0.0
2550,365.69000000000005,1.3682820292636635,464.7923409816753,24.017117500778518,22.055423626601993,2549.6148797730807,89.85207181166622,25.123010343751844,0.0,8.123356348459835,1,1188,0.0
2551,365.69500000000005,1.3698335783002284,463.5779181960538,23.956480141906365,22.055423626601993,2549.6148797730807,89.85206193876922,25.090111225392338,0.0,8.12339135567935,1,1188,0.0
2552,365.70000000000005,1.371386737287096,462.3645828006186,23.895892135808076,22.055423626601993,2549.6148797730807,89.85205206587223,25.05719852015971,0.0,8.1234263172529,1,1188,0.0
2553,365.70500000000004,1.372941506831743,461.1523372294209,23.835353603194633,22.055423626601993,2549.6148797730807,89.85204219297523,25.02427224064317,0.0,8.123461233161569,1,1188,0.0
2554,365.71000000000004,1.3744978875393663,459.94118391590416,23.77486466476969,22.055423626601993,2549.6148797730807,89.85203232007825,24.991332399459342,0.0,8.12349610338646,1,1188,0.0
2555,365.71500000000003,1.3760558800128766,458.73112529289534,23.714425441230716,22.055423626601993,2549.6148797730807,89.85202244718124,24.95837900925224,0.0,8.123530927908696,1,1188,0.0
2556,365.72,1.3776154848528943,457.52216379259465,23.65403605327388,22.055423626601993,2549.6148797730807,89.85201257428426,24.92541208269327,0.0,8.123565706709412,1,1188,0.0
2557,365.7250000000001,1.3791767026577446,456.3143018465665,23.5936966215886,22.055423626601993,2549.6148797730807,89.85200270138726,24.892431632481227,0.0,8.123600439769765,1,1188,0.0
2558,365.7300000000001,1.3807395340234514,455.10754188573014,23.53340726685875,22.055423626601993,2549.6148797730807,89.85199282849027,24.85943767134227,0.0,8.123635127070928,1,1188,0.0
2559,365.73500000000007,1.3823039795437317,453.90188634034996,23.473168109759712,22.055423626601993,2549.6148797730807,89.85198295559327,24.826430212029926,0.0,8.123669768594093,1,1188,0.0
2560,365.74000000000007,1.3838700398099921,452.69733764002564,23.41297927096265,22.055423626601993,2549.6148797730807,89.85197308269628,24.793409267325075,0.0,8.123704364320465,1,1188,0.0
2561,365.74500000000006,1.3854377154113229,451.49389821368374,23.352840871134884,22.055423626601993,2549.6148797730807,89.85196320979928,24.76037485003594,0.0,8.123738914231275,1,1188,0.0
2562,365.75000000000006,1.3870070069344924,450.291570489567,23.292753030927386,22.055423626601993,2549.6148797730807,89.85195333690228,24.727326972998082,0.0,8.123773418307762,1,1188,0.0
2563,365.75500000000005,1.3885779149639426,449.0903568952257,23.232715870992728,22.055423626601993,2549.6148797730807,89.85194346400529,24.694265649074385,0.0,8.123807876531188,1,1188,0.0
2564,365.76000000000005,1.3901504400817837,447.890259857507,23.17272951196918,22.055423626601993,2549.6148797730807,89.8519335911083,24.66119089115505,0.0,8.123842288882836,1,1188,0.0
2565,365.76500000000004,1.3917245828677887,446.6912818025473,23.112794074489095,22.055423626601993,2549.6148797730807,89.85192371821131,24.62810271215759,0.0,8.123876655343999,1,1188,0.0
2566,365.77000000000004,1.393300343899388,445.4934251557608,23.052909679176537,22.055423626601993,2549.6148797730807,89.85191384531431,24.59500112502681,0.0,8.123910975895992,1,1188,0.0
2567,365.77500000000003,1.394877723751667,444.2966923418311,22.993076446644878,22.055423626601993,2549.6148797730807,89.85190397241732,24.561886142734792,0.0,8.12394525052015,1,1188,0.0
2568,365.78000000000003,1.3964567229973566,443.10108578470124,22.933294497497098,22.055423626601993,2549.6148797730807,89.85189409952032,24.528757778280905,0.0,8.123979479197823,1,1188,0.0
2569,365.7850000000001,1.3980373422068313,441.9066079075639,22.873563952327803,22.055423626601993,2549.6148797730807,89.85188422662334,24.495616044691783,0.0,8.124013661910379,1,1188,0.0
2570,365.7900000000001,1.3996195819481025,440.7132611328528,22.813884931719482,22.055423626601993,2549.6148797730807,89.85187435372633,24.462460955021314,0.0,8.124047798639204,1,1188,0.0
2571,365.7950000000001,1.4012034427868152,439.52104788223204,22.754257556244777,22.055423626601993,2549.6148797730807,89.85186448082935,24.429292522350625,0.0,8.124081889365705,1,1188,0.0
2572,365.80000000000007,1.4027889252862404,438.329970576587,22.694681946463607,22.055423626601993,2549.6148797730807,89.85185460793235,24.396110759788094,0.0,8.124115934071302,1,1188,0.0
2573,365.80500000000006,1.4043760300072716,437.1400316360149,22.63515822292796,22.055423626601993,2549.6148797730807,89.85184473503536,24.362915680469303,0.0,8.124149932737437,1,1188,0.0
2574,365.81000000000006,1.40596475750842,435.9512334798151,22.575686506170584,22.055423626601993,2549.6148797730807,89.85183486213836,24.329707297557057,0.0,8.124183885345568,1,1188,0.0
2575,365.81500000000005,1.4075551083458087,434.76357852647897,22.516266916720404,22.055423626601993,2549.6148797730807,89.85182498924136,24.296485624241363,0.0,8.124217791877173,1,1188,0.0
2576,365.82000000000005,1.4091470830731672,433.5770691936814,22.456899575087274,22.055423626601993,2549.6148797730807,89.85181511634437,24.263250673739417,0.0,8.124251652313749,1,1188,0.0
2577,365.82500000000005,1.4107406822418271,432.3917078982704,22.397584601768543,22.055423626601993,2549.6148797730807,89.85180524344739,24.23000245929559,0.0,8.124285466636808,1,1188,0.0
2578,365.83000000000004,1.4123359064007168,431.2074970562573,22.338322117248573,22.055423626601993,2549.6148797730807,89.85179537055039,24.196740994181436,0.0,8.124319234827881,1,1188,0.0
2579,365.83500000000004,1.4139327560963568,430.024439082808,22.27911224200039,22.055423626601993,2549.6148797730807,89.8517854976534,24.16346629169565,0.0,8.12435295686852,1,1188,0.0
2580,365.84000000000003,1.4155312318728537,428.84253639223243,22.21995509647894,22.055423626601993,2549.6148797730807,89.8517756247564,24.130178365164074,0.0,8.124386632740293,1,1188,0.0
2581,365.845,1.4171313342718959,427.66179139797583,22.160850801124848,22.055423626601993,2549.6148797730807,89.8517657518594,24.096877227939697,0.0,8.124420262424787,1,1188,0.0
2582,365.8500000000001,1.4187330638327478,426.4822065126079,22.10179947636222,22.055423626601993,2549.6148797730807,89.85175587896241,24.063562893402615,0.0,8.124453845903608,1,1188,0.0
2583,365.8550000000001,1.4203364210922467,425.3037841478145,22.04280124260297,22.055423626601993,2549.6148797730807,89.85174600606541,24.030235374960043,0.0,8.124487383158378,1,1188,0.0
2584,365.86000000000007,1.4219414065847944,424.1265267143871,21.9838562202416,22.055423626601993,2549.6148797730807,89.85173613316843,23.99689468604629,0.0,8.124520874170742,1,1188,0.0
2585,365.86500000000007,1.4235480208423559,422.9504366222135,21.92496452965234,22.055423626601993,2549.6148797730807,89.85172626027142,23.963540840122757,0.0,8.124554318922359,1,1188,0.0
2586,365.87000000000006,1.4251562643944509,421.77551628026805,21.86612629119916,22.055423626601993,2549.6148797730807,89.85171638737444,23.93017385067791,0.0,8.124587717394911,1,1188,0.0
2587,365.87500000000006,1.4267661377681515,420.6017680966018,21.807341625224957,22.055423626601993,2549.6148797730807,89.85170651447744,23.896793731227287,0.0,8.124621069570095,1,1188,0.0
2588,365.88000000000005,1.4283776414880756,419.4291944783335,21.748610652051628,22.055423626601993,2549.6148797730807,89.85169664158045,23.863400495313464,0.0,8.124654375429628,1,1188,0.0
2589,365.88500000000005,1.4299907760763826,418.257797831639,21.68993349198937,22.055423626601993,2549.6148797730807,89.85168676868345,23.829994156506064,0.0,8.124687634955247,1,1188,0.0
2590,365.89000000000004,1.4316055420527676,417.0875805617422,21.63131026532609,22.055423626601993,2549.6148797730807,89.85167689578645,23.796574728401726,0.0,8.124720848128705,1,1188,0.0
2591,365.89500000000004,1.4332219399344572,415.91854507290554,21.572741092331814,22.055423626601993,2549.6148797730807,89.85166702288946,23.763142224624108,0.0,8.124754014931776,1,1188,0.0
2592,365.90000000000003,1.4348399702362045,414.7506937684194,21.514226093258117,22.055423626601993,2549.6148797730807,89.85165714999248,23.729696658823862,0.0,8.124787135346251,1,1188,0.0
2593,365.90500000000003,1.4364596334702828,413.58402905059324,21.455765388333894,22.055423626601993,2549.6148797730807,89.85164727709548,23.696238044678623,0.0,8.124820209353942,1,1188,0.0
2594,365.9100000000001,1.4380809301464825,412.41855332074573,21.397359097771062,22.055423626601993,2549.6148797730807,89.85163740419848,23.662766395892998,0.0,8.12485323693668,1,1188,0.0
2595,365.9150000000001,1.439703860772105,411.25426897919465,21.339007341758453,22.055423626601993,2549.6148797730807,89.85162753130149,23.629281726198563,0.0,8.124886218076313,1,1188,0.0
2596,365.9200000000001,1.4413284258519576,410.0911784252476,21.28071024046714,22.055423626601993,2549.6148797730807,89.85161765840449,23.59578404935383,0.0,8.124919152754705,1,1188,0.0
2597,365.92500000000007,1.4429546258883488,408.9292840571924,21.222467914044532,22.055423626601993,2549.6148797730807,89.8516077855075,23.562273379144244,0.0,8.12495204095375,1,1188,0.0
2598,365.93000000000006,1.4445824613810827,407.7685882722867,21.16428048261629,22.055423626601993,2549.6148797730807,89.8515979126105,23.528749729382167,0.0,8.124984882655347,1,1188,0.0
2599,365.93500000000006,1.4462119328274563,406.6090934667488,21.106148066285094,22.055423626601993,2549.6148797730807,89.85158803971352,23.495213113906875,0.0,8.125017677841425,1,1188,0.0
2600,365.94000000000005,1.4478430407222511,405.4508020357477,21.048070785136737,22.055423626601993,2549.6148797730807,89.85157816681651,23.46166354658453,0.0,8.125050426493926,1,1188,0.0
2601,365.94500000000005,1.4494757855577305,404.29371637339386,20.990048759225676,22.055423626601993,2549.6148797730807,89.85156829391953,23.428101041308167,0.0,8.125083128594817,1,1188,0.0
2602,365.95000000000005,1.4511101678236342,403.1378388727287,20.932082108589224,22.055423626601993,2549.6148797730807,89.85155842102253,23.39452561199769,0.0,8.125115784126075,1,1188,0.0
2603,365.95500000000004,1.4527461880071737,401.98317192571506,20.87417095323887,22.055423626601993,2549.6148797730807,89.85154854812554,23.36093727259985,0.0,8.125148393069706,1,1188,0.0
2604,365.96000000000004,1.454383846593026,400.8297179232279,20.8163154131616,22.055423626601993,2549.6148797730807,89.85153867522854,23.327336037088227,0.0,8.125180955407728,1,1188,0.0
2605,365.96500000000003,1.4560231440633302,399.67747925504386,20.758515608319865,22.055423626601993,2549.6148797730807,89.85152880233154,23.293721919463234,0.0,8.125213471122185,1,1188,0.0
2606,365.97,1.457664080897681,398.52645830983244,20.700771658653263,22.055423626601993,2549.6148797730807,89.85151892943455,23.26009493375208,0.0,8.125245940195132,1,1188,0.0
2607,365.9750000000001,1.4593066575731266,397.376657475145,20.643083684073005,22.055423626601993,2549.6148797730807,89.85150905653757,23.226455094008763,0.0,8.125278362608652,1,1188,0.0
2608,365.9800000000001,1.4609508745641588,396.228079137406,20.58545180446599,22.055423626601993,2549.6148797730807,89.85149918364057,23.19280241431407,0.0,8.125310738344842,1,1188,0.0
2609,365.98500000000007,1.4625967323427143,395.0807256819028,20.527876139694982,22.055423626601993,2549.6148797730807,89.85148931074357,23.159136908775537,0.0,8.125343067385819,1,1188,0.0
2610,365.99000000000007,1.4642442313781645,393.9345994927761,20.47035680959024,22.055423626601993,2549.6148797730807,89.85147943784658,23.125458591527455,0.0,8.125375349713723,1,1188,0.0
2611,365.99500000000006,1.465893372137313,392.78970295300974,20.412893933963645,22.055423626601993,2549.6148797730807,89.85146956494958,23.09176747673084,0.0,8.125407585310706,1,1188,0.0
2612,366.00000000000006,1.4675441550843906,391.6460384444213,20.355487632592162,22.055423626601993,2549.6148797730807,89.8514596920526,23.05806357857343,0.0,8.125439774158949,1,1188,0.0
2613,366.00500000000005,1.4691965806810505,390.5036083476525,20.298138025228422,22.055423626601993,2549.6148797730807,89.85144981915559,23.024346911269664,0.0,8.125471916240647,1,1188,0.0
2614,366.01000000000005,1.4708506493863622,389.36241504215855,20.24084523159792,22.055423626601993,2549.6148797730807,89.85143994625861,22.99061748906066,0.0,8.125504011538016,1,1188,0.0
2615,366.01500000000004,1.4725063616568086,388.2224609061994,20.18360937139536,22.055423626601993,2549.6148797730807,89.8514300733616,22.95687532621421,0.0,8.12553606003329,1,1188,0.0
2616,366.02000000000004,1.4741637179462783,387.083748316829,20.12643056428738,22.055423626601993,2549.6148797730807,89.85142020046462,22.923120437024757,0.0,8.125568061708726,1,1188,0.0
2617,366.02500000000003,1.4758227187060637,385.9462796498861,20.069308929910772,22.055423626601993,2549.6148797730807,89.85141032756762,22.88935283581339,0.0,8.125600016546597,1,1188,0.0
2618,366.03000000000003,1.4774833643848548,384.81005727998445,20.01224458787349,22.055423626601993,2549.6148797730807,89.85140045467062,22.855572536927824,0.0,8.1256319245292,1,1188,0.0
2619,366.0350000000001,1.4791456554287332,383.6750835805026,19.955237657752253,22.055423626601993,2549.6148797730807,89.85139058177363,22.821779554742363,0.0,8.12566378563885,1,1188,0.0
2620,366.0400000000001,1.4808095922811697,382.5413609235746,19.898288259094155,22.055423626601993,2549.6148797730807,89.85138070887663,22.787973903657917,0.0,8.125695599857877,1,1188,0.0
2621,366.0450000000001,1.4824751753830172,381.40889168007914,19.84139651141619,22.055423626601993,2549.6148797730807,89.85137083597965,22.754155598101963,0.0,8.12572736716864,1,1188,0.0
2622,366.05000000000007,1.4841424051725076,380.27767821963147,19.78456253420268,22.055423626601993,2549.6148797730807,89.85136096308266,22.720324652528543,0.0,8.125759087553513,1,1188,0.0
2623,366.05500000000006,1.4858112820852445,379.1477229105718,19.72778644690456,22.055423626601993,2549.6148797730807,89.85135109018566,22.68648108141823,0.0,8.125790760994887,1,1188,0.0
2624,366.06000000000006,1.4874818065542021,378.0190281199564,19.671068368943793,22.055423626601993,2549.6148797730807,89.85134121728866,22.652624899278134,0.0,8.12582238747518,1,1188,0.0
2625,366.06500000000005,1.4891539790097164,376.89159621354787,19.614408419707964,22.055423626601993,2549.6148797730807,89.85133134439167,22.61875612064186,0.0,8.125853966976823,1,1188,0.0
2626,366.07000000000005,1.4908277998794834,375.7654295558046,19.55780671855186,22.055423626601993,2549.6148797730807,89.85132147149467,22.584874760069518,0.0,8.125885499482274,1,1188,0.0
2627,366.07500000000005,1.4925032695885525,374.64053050987155,19.5012633847984,22.055423626601993,2549.6148797730807,89.85131159859769,22.550980832147676,0.0,8.125916984974005,1,1188,0.0
2628,366.08000000000004,1.4941803885593228,373.51690143757025,19.444778537733466,22.055423626601993,2549.6148797730807,89.85130172570068,22.51707435148938,0.0,8.12594842343451,1,1188,0.0
2629,366.08500000000004,1.4958591572115367,372.394544699389,19.388352296612922,22.055423626601993,2549.6148797730807,89.8512918528037,22.4831553327341,0.0,8.125979814846307,1,1188,0.0
2630,366.09000000000003,1.4975395759622772,371.2734626544725,19.33198478065557,22.055423626601993,2549.6148797730807,89.85128197990669,22.44922379054773,0.0,8.12601115919193,1,1188,0.0
2631,366.095,1.4992216452259615,370.1536576606131,19.275676109045193,22.055423626601993,2549.6148797730807,89.8512721070097,22.415279739622576,0.0,8.126042456453934,1,1188,0.0
2632,366.1000000000001,1.5009053654143372,369.03513207423947,19.21942640093016,22.055423626601993,2549.6148797730807,89.85126223411271,22.38132319467733,0.0,8.126073706614894,1,1188,0.0
2633,366.1050000000001,1.5025907369364766,367.91788825040845,19.163235775423928,22.055423626601993,2549.6148797730807,89.85125236121571,22.34735417045705,0.0,8.126104909657409,1,1188,0.0
2634,366.11000000000007,1.5042777601987731,366.80192854279335,19.10710435160507,22.055423626601993,2549.6148797730807,89.85124248831872,22.31337268173315,0.0,8.126136065564092,1,1188,0.0
2635,366.11500000000007,1.505966435604935,365.6872553036756,19.051032248512257,22.055423626601993,2549.6148797730807,89.85123261542172,22.279378743303372,0.0,8.126167174317583,1,1188,0.0
2636,366.12000000000006,1.5076567635559814,364.5738708839344,18.99501958514851,22.055423626601993,2549.6148797730807,89.85122274252474,22.24537236999179,0.0,8.126198235900539,1,1188,0.0
2637,366.12500000000006,1.5093487444502385,363.4617776330362,18.939066480480747,22.055423626601993,2549.6148797730807,89.85121286962774,22.21135357664876,0.0,8.126229250295635,1,1188,0.0
2638,366.13000000000005,1.511042378683333,362.3509778990258,18.88317305343775,22.055423626601993,2549.6148797730807,89.85120299673075,22.177322378150926,0.0,8.126260217485573,1,1188,0.0
2639,366.13500000000005,1.5127376666481882,361.24147402851594,18.827339422909162,22.055423626601993,2549.6148797730807,89.85119312383375,22.143278789401194,0.0,8.12629113745307,1,1188,0.0
2640,366.14000000000004,1.5144346087350198,360.1332683666776,18.771565707746806,22.055423626601993,2549.6148797730807,89.85118325093676,22.10922282532871,0.0,8.126322010180866,1,1188,0.0
2641,366.14500000000004,1.5161332053313306,359.0263632572301,18.71585202676203,22.055423626601993,2549.6148797730807,89.85117337803976,22.075154500888843,0.0,8.126352835651723,1,1188,0.0
2642,366.15000000000003,1.5178334568219056,357.9207610424308,18.66019849873002,22.055423626601993,2549.6148797730807,89.85116350514278,22.041073831063176,0.0,8.126383613848418,1,1188,0.0
2643,366.15500000000003,1.5195353635888071,356.8164640630661,18.60460524238345,22.055423626601993,2549.6148797730807,89.85115363224577,22.006980830859472,0.0,8.126414344753757,1,1188,0.0
2644,366.1600000000001,1.5212389260113715,355.7134746584408,18.549072376415683,22.055423626601993,2549.6148797730807,89.85114375934879,21.97287551531166,0.0,8.12644502835056,1,1188,0.0
2645,366.1650000000001,1.5229441444662024,354.61179516636844,18.49360001947801,22.055423626601993,2549.6148797730807,89.85113388645178,21.93875789947983,0.0,8.126475664621669,1,1188,0.0
2646,366.1700000000001,1.524651019327168,353.51142792316153,18.4381882901841,22.055423626601993,2549.6148797730807,89.8511240135548,21.904627998450184,0.0,8.126506253549952,1,1188,0.0
2647,366.17500000000007,1.5263595509653944,352.4123752636215,18.382837307103795,22.055423626601993,2549.6148797730807,89.8511141406578,21.870485827335052,0.0,8.126536795118291,1,1188,0.0
2648,366.18000000000006,1.528069739749263,351.31463952102894,18.32754718876629,22.055423626601993,2549.6148797730807,89.8511042677608,21.836331401272847,0.0,8.126567289309593,1,1188,0.0
2649,366.18500000000006,1.5297815860444042,350.2182230271335,18.272318053657713,22.055423626601993,2549.6148797730807,89.85109439486381,21.80216473542805,0.0,8.126597736106785,1,1188,0.0
2650,366.19000000000005,1.5314950902136926,349.12312811214434,18.21715002022172,22.055423626601993,2549.6148797730807,89.85108452196681,21.767985844991205,0.0,8.126628135492812,1,1188,0.0
2651,366.19500000000005,1.5332102526172444,348.0293571047201,18.162043206859018,22.055423626601993,2549.6148797730807,89.85107464906983,21.733794745178876,0.0,8.126658487450648,1,1188,0.0
2652,366.20000000000005,1.534927073612411,346.9369123319584,18.106997731928573,22.055423626601993,2549.6148797730807,89.85106477617283,21.699591451233644,0.0,8.126688791963277,1,1188,0.0
2653,366.20500000000004,1.5366455535537742,345.84579611938705,18.05201371374229,22.055423626601993,2549.6148797730807,89.85105490327584,21.665375978424088,0.0,8.126719049013714,1,1188,0.0
2654,366.21000000000004,1.5383656927931424,344.75601079095327,17.997091270572927,22.055423626601993,2549.6148797730807,89.85104503037884,21.631148342044746,0.0,8.126749258584988,1,1188,0.0
2655,366.21500000000003,1.540087491679546,343.66755866901406,17.94223052064227,22.055423626601993,2549.6148797730807,89.85103515748185,21.59690855741612,0.0,8.126779420660153,1,1188,0.0
2656,366.22,1.541810950559232,342.58044207432664,17.88743158213311,22.055423626601993,2549.6148797730807,89.85102528458485,21.562656639884644,0.0,8.126809535222286,1,1188,0.0
2657,366.2250000000001,1.54353606977566,341.49466332603777,17.83269457318016,22.055423626601993,2549.6148797730807,89.85101541168787,21.528392604822645,0.0,8.126839602254478,1,1188,0.0
2658,366.2300000000001,1.5452628496694976,340.4102247416746,17.778019611871713,22.055423626601993,2549.6148797730807,89.85100553879086,21.494116467628363,0.0,8.12686962173985,1,1188,0.0
2659,366.23500000000007,1.5469912905786156,339.3271286371343,17.723406816251288,22.055423626601993,2549.6148797730807,89.85099566589388,21.459828243725898,0.0,8.126899593661536,1,1188,0.0
2660,366.24000000000007,1.5487213928380834,338.2453773266746,17.66885630431532,22.055423626601993,2549.6148797730807,89.85098579299688,21.425527948565197,0.0,8.126929518002699,1,1188,0.0
2661,366.24500000000006,1.5504531567801643,337.1649731229032,17.614368194013302,22.055423626601993,2549.6148797730807,89.85097592009988,21.391215597622033,0.0,8.12695939474652,1,1188,0.0
2662,366.25000000000006,1.5521865827343113,336.08591833676843,17.55994260324742,22.055423626601993,2549.6148797730807,89.85096604720289,21.356891206397993,0.0,8.126989223876198,1,1188,0.0
2663,366.25500000000005,1.5539216710271622,335.0082152775492,17.505579649873113,22.055423626601993,2549.6148797730807,89.85095617430589,21.32255479042044,0.0,8.127019005374956,1,1188,0.0
2664,366.26000000000005,1.5556584219825356,333.9318662528451,17.451279451696475,22.055423626601993,2549.6148797730807,89.85094630140891,21.288206365242516,0.0,8.127048739226044,1,1188,0.0
2665,366.26500000000004,1.5573968359214247,332.85687356856624,17.397042126475135,22.055423626601993,2549.6148797730807,89.8509364285119,21.253845946443093,0.0,8.127078425412725,1,1188,0.0
2666,366.27000000000004,1.5591369131619959,331.78323952892384,17.342867791919062,22.055423626601993,2549.6148797730807,89.85092655561492,21.219473549626763,0.0,8.127108063918289,1,1188,0.0
2667,366.27500000000003,1.5608786540195805,330.7109664364196,17.288756565687112,22.055423626601993,2549.6148797730807,89.85091668271792,21.185089190423827,0.0,8.127137654726043,1,1188,0.0
2668,366.28000000000003,1.5626220588066728,329.64005659183664,17.23470856538943,22.055423626601993,2549.6148797730807,89.85090680982093,21.150692884490255,0.0,8.127167197819322,1,1188,0.0
2669,366.2850000000001,1.564367127832925,328.5705122942287,17.180723908586966,22.055423626601993,2549.6148797730807,89.85089693692393,21.11628464750768,0.0,8.127196693181476,1,1188,0.0
2670,366.2900000000001,1.566113861405142,327.5023358409111,17.12680271278904,22.055423626601993,2549.6148797730807,89.85088706402694,21.081864495183368,0.0,8.127226140795882,1,1188,0.0
2671,366.2950000000001,1.5678622598272776,326.4355295274501,17.072945095453115,22.055423626601993,2549.6148797730807,89.85087719112994,21.047432443250184,0.0,8.127255540645935,1,1188,0.0
2672,366.30000000000007,1.5696123234004296,325.3700956476535,17.019151173988305,22.055423626601993,2549.6148797730807,89.85086731823296,21.0129885074666,0.0,8.127284892715053,1,1188,0.0
2673,366.30500000000006,1.5713640524228363,324.3060364935602,16.965421065749172,22.055423626601993,2549.6148797730807,89.85085744533595,20.978532703616644,0.0,8.127314196986678,1,1188,0.0
2674,366.31000000000006,1.5731174471898695,323.243354355431,16.9117548880412,22.055423626601993,2549.6148797730807,89.85084757243897,20.944065047509895,0.0,8.127343453444269,1,1188,0.0
2675,366.31500000000005,1.5748725079940333,322.182051521738,16.858152758113214,22.055423626601993,2549.6148797730807,89.85083769954197,20.90958555498145,0.0,8.127372662071313,1,1188,0.0
2676,366.32000000000005,1.5766292351249576,321.12213027915504,16.80461479316505,22.055423626601993,2549.6148797730807,89.85082782664497,20.8750942418919,0.0,8.127401822851311,1,1188,0.0
2677,366.32500000000005,1.5783876288693937,320.0635929125477,16.75114111034273,22.055423626601993,2549.6148797730807,89.85081795374798,20.840591124127325,0.0,8.127430935767796,1,1188,0.0
2678,366.33000000000004,1.5801476895112108,319.0064417049635,16.697731826735648,22.055423626601993,2549.6148797730807,89.85080808085098,20.806076217599248,0.0,8.127460000804314,1,1188,0.0
2679,366.33500000000004,1.5819094173313906,317.9506789376216,16.644387059384147,22.055423626601993,2549.6148797730807,89.850798207954,20.771549538244617,0.0,8.127489017944438,1,1188,0.0
2680,366.34000000000003,1.583672812608024,316.8963068899036,16.591106925270118,22.055423626601993,2549.6148797730807,89.85078833505699,20.737011102025804,0.0,8.127517987171759,1,1188,0.0
2681,366.345,1.5854378756163054,315.8433278393428,16.537891541321212,22.055423626601993,2549.6148797730807,89.85077846216001,20.70246092493055,0.0,8.127546908469895,1,1188,0.0
2682,366.3500000000001,1.587204606628529,314.79174406161496,16.484741024412475,22.055423626601993,2549.6148797730807,89.85076858926301,20.667899022971962,0.0,8.127575781822486,1,1188,0.0
2683,366.3550000000001,1.588973005914084,313.7415578305281,16.431655491360086,22.055423626601993,2549.6148797730807,89.85075871636602,20.633325412188487,0.0,8.127604607213186,1,1188,0.0
2684,366.36000000000007,1.590743073739451,312.6927714180124,16.378635058927784,22.055423626601993,2549.6148797730807,89.85074884346902,20.598740108643874,0.0,8.127633384625684,1,1188,0.0
2685,366.36500000000007,1.5925148103681968,311.6453870941106,16.32567984381873,22.055423626601993,2549.6148797730807,89.85073897057202,20.564143128427165,0.0,8.127662114043678,1,1188,0.0
2686,366.37000000000006,1.5942882160609704,310.5994071269682,16.27278996268264,22.055423626601993,2549.6148797730807,89.85072909767503,20.529534487652676,0.0,8.127690795450897,1,1188,0.0
2687,366.37500000000006,1.5960632910754986,309.5548337828229,16.219965532112376,22.055423626601993,2549.6148797730807,89.85071922477805,20.494914202459952,0.0,8.127719428831092,1,1188,0.0
2688,366.38000000000005,1.5978400356665816,308.5116693259958,16.167206668639768,22.055423626601993,2549.6148797730807,89.85070935188104,20.46028228901376,0.0,8.127748014168034,1,1188,0.0
2689,366.38500000000005,1.5996184500860884,307.46991601888016,16.11451348874335,22.055423626601993,2549.6148797730807,89.85069947898405,20.425638763504065,0.0,8.127776551445512,1,1188,0.0
2690,366.39000000000004,1.6013985345829527,306.4295761219324,16.061886108839204,22.055423626601993,2549.6148797730807,89.85068960608706,20.390983642145986,0.0,8.127805040647347,1,1188,0.0
2691,366.39500000000004,1.603180289403169,305.3906518936622,16.00932464528812,22.055423626601993,2549.6148797730807,89.85067973319006,20.3563169411798,0.0,8.127833481757376,1,1188,0.0
2692,366.40000000000003,1.6049637147897875,304.3531455906222,15.956829214389185,22.055423626601993,2549.6148797730807,89.85066986029308,20.32163867687089,0.0,8.127861874759459,1,1188,0.0
2693,366.40500000000003,1.6067488109829102,303.31705946739805,15.904399932383562,22.055423626601993,2549.6148797730807,89.85065998739607,20.286948865509743,0.0,8.127890219637479,1,1188,0.0
2694,366.4100000000001,1.6085355782196866,302.28239577659906,15.852036915452807,22.055423626601993,2549.6148797730807,89.85065011449909,20.252247523411906,0.0,8.127918516375342,1,1188,0.0
2695,366.4150000000001,1.6103240167343096,301.2491567688477,15.799740279717362,22.055423626601993,2549.6148797730807,89.8506402416021,20.217534666917985,0.0,8.12794676495698,1,1188,0.0
2696,366.4200000000001,1.61211412675801,300.21734469277015,15.747510141237928,22.055423626601993,2549.6148797730807,89.8506303687051,20.182810312393585,0.0,8.127974965366338,1,1188,0.0
2697,366.42500000000007,1.6139059085190546,299.18696179498613,15.695346616012614,22.055423626601993,2549.6148797730807,89.8506204958081,20.148074476229322,0.0,8.128003117587395,1,1188,0.0
2698,366.43000000000006,1.6156993622427391,298.15801032009915,15.643249819980202,22.055423626601993,2549.6148797730807,89.8506106229111,20.113327174840773,0.0,8.128031221604145,1,1188,0.0
2699,366.43500000000006,1.6174944881513862,297.1304925106866,15.59121986901683,22.055423626601993,2549.6148797730807,89.85060075001411,20.078568424668457,0.0,8.128059277400608,1,1188,0.0
2700,366.44000000000005,1.6192912864643405,296.1044106072898,15.539256878936682,22.055423626601993,2549.6148797730807,89.85059087711711,20.04379824217781,0.0,8.128087284960825,1,1188,0.0
2701,366.44500000000005,1.621089757397963,295.0797668484041,15.487360965491236,22.055423626601993,2549.6148797730807,89.85058100422012,20.009016643859162,0.0,8.128115244268862,1,1188,0.0
2702,366.45000000000005,1.6228899011656293,294.05656347046903,15.435532244368707,22.055423626601993,2549.6148797730807,89.85057113132314,19.974223646227706,0.0,8.128143155308805,1,1188,0.0
2703,366.45500000000004,1.624691717977724,293.0348027078585,15.38377083119619,22.055423626601993,2549.6148797730807,89.85056125842613,19.93941926582348,0.0,8.128171018064767,1,1188,0.0
2704,366.46000000000004,1.6264952080416353,292.0144867928709,15.332076841533565,22.055423626601993,2549.6148797730807,89.85055138552914,19.904603519211328,0.0,8.128198832520878,1,1188,0.0
2705,366.46500000000003,1.628300371561754,290.99561795571907,15.280450390878975,22.055423626601993,2549.6148797730807,89.85054151263215,19.869776422980888,0.0,8.128226598661296,1,1188,0.0
2706,366.47,1.630107208739466,289.9781984245206,15.228891594666488,22.055423626601993,2549.6148797730807,89.85053163973515,19.834937993746554,0.0,8.1282543164702,1,1188,0.0
2707,366.4750000000001,1.6319157197731502,288.9622304252877,15.177400568265737,22.055423626601993,2549.6148797730807,89.85052176683817,19.800088248147457,0.0,8.128281985931789,1,1188,0.0
2708,366.4800000000001,1.6337259048581738,287.94771618191777,15.12597742697824,22.055423626601993,2549.6148797730807,89.85051189394116,19.765227202847434,0.0,8.128309607030292,1,1188,0.0
2709,366.48500000000007,1.6355377641868873,286.93465791618314,15.07462228604269,22.055423626601993,2549.6148797730807,89.85050202104418,19.730354874535013,0.0,8.128337179749956,1,1188,0.0
2710,366.49000000000007,1.6373512979486218,285.9230578477214,15.02333526063137,22.055423626601993,2549.6148797730807,89.85049214814718,19.695471279923357,0.0,8.128364704075054,1,1188,0.0
2711,366.49500000000006,1.6391665063296836,284.91291819402534,14.97211646585009,22.055423626601993,2549.6148797730807,89.85048227525019,19.660576435750276,0.0,8.128392179989875,1,1188,0.0
2712,366.50000000000006,1.6409833895133512,283.90424117043324,14.920966016737735,22.055423626601993,2549.6148797730807,89.85047240235319,19.625670358778173,0.0,8.128419607478744,1,1188,0.0
2713,366.50500000000005,1.6428019476798699,282.8970289901192,14.869884028267164,22.055423626601993,2549.6148797730807,89.8504625294562,19.59075306579402,0.0,8.128446986525995,1,1188,0.0
2714,366.51000000000005,1.6446221810064487,281.8912838640829,14.818870615341606,22.055423626601993,2549.6148797730807,89.8504526565592,19.555824573609343,0.0,8.128474317115996,1,1188,0.0
2715,366.51500000000004,1.6464440896672559,280.8870080011399,14.767925892799996,22.055423626601993,2549.6148797730807,89.8504427836622,19.520884899060178,0.0,8.128501599233134,1,1188,0.0
2716,366.52000000000004,1.6482676738334145,279.884203607912,14.717049975409946,22.055423626601993,2549.6148797730807,89.8504329107652,19.48593405900706,0.0,8.128528832861818,1,1188,0.0
2717,366.52500000000003,1.650092933673,278.88287288881696,14.666242977871281,22.055423626601993,2549.6148797730807,89.85042303786823,19.450972070334984,0.0,8.128556017986483,1,1188,0.0
2718,366.53000000000003,1.6519198693510329,277.8830180460592,14.615505014816117,22.055423626601993,2549.6148797730807,89.85041316497121,19.415998949953384,0.0,8.128583154591587,1,1188,0.0
2719,366.5350000000001,1.653748481029478,276.88464127961953,14.564836200806178,22.055423626601993,2549.6148797730807,89.85040329207423,19.381014714796095,0.0,8.128610242661606,1,1188,0.0
2720,366.5400000000001,1.655578768867239,275.8877447872452,14.514236650334828,22.055423626601993,2549.6148797730807,89.85039341917724,19.34601938182134,0.0,8.128637282181051,1,1188,0.0
2721,366.5450000000001,1.657410733020154,274.89233076444094,14.463706477824104,22.055423626601993,2549.6148797730807,89.85038354628024,19.311012968011678,0.0,8.128664273134445,1,1188,0.0
2722,366.55000000000007,1.6592443736409919,273.8984014044578,14.413245797624928,22.055423626601993,2549.6148797730807,89.85037367338326,19.275995490374015,0.0,8.12869121550634,1,1188,0.0
2723,366.55500000000006,1.6610796908794492,272.9059588982845,14.362854724020465,22.055423626601993,2549.6148797730807,89.85036380048625,19.24096696593954,0.0,8.12871810928131,1,1188,0.0
2724,366.56000000000006,1.662916684882144,271.9150054346371,14.312533371219674,22.055423626601993,2549.6148797730807,89.85035392758927,19.2059274117637,0.0,8.128744954443954,1,1188,0.0
2725,366.56500000000005,1.6647553557926145,270.9255431999491,14.262281853361786,22.055423626601993,2549.6148797730807,89.85034405469227,19.170876844926195,0.0,8.128771750978894,1,1188,0.0
2726,366.57000000000005,1.6665957037513126,269.937574378362,14.212100284513834,22.055423626601993,2549.6148797730807,89.85033418179528,19.13581528253093,0.0,8.128798498870776,1,1188,0.0
2727,366.57500000000005,1.6684377288956023,268.9511011517149,14.16198877867047,22.055423626601993,2549.6148797730807,89.85032430889828,19.100742741705986,0.0,8.128825198104266,1,1188,0.0
2728,366.58000000000004,1.6702814313597532,267.96612569953527,14.11194744975317,22.055423626601993,2549.6148797730807,89.85031443600128,19.065659239603594,0.0,8.12885184866406,1,1188,0.0
2729,366.58500000000004,1.672126811274939,266.9826501990287,14.061976411612411,22.055423626601993,2549.6148797730807,89.85030456310429,19.030564793400117,0.0,8.128878450534874,1,1188,0.0
2730,366.59000000000003,1.6739738687692318,266.00067682506966,14.012075778023027,22.055423626601993,2549.6148797730807,89.8502946902073,18.995459420296005,0.0,8.128905003701446,1,1188,0.0
2731,366.595,1.6758226039675985,265.0202077501911,13.962245662687842,22.055423626601993,2549.6148797730807,89.8502848173103,18.96034313751577,0.0,8.128931508148543,1,1188,0.0
2732,366.6000000000001,1.677673016991898,264.041245144575,13.912486179234268,22.055423626601993,2549.6148797730807,89.85027494441331,18.925215962307966,0.0,8.128957963860953,1,1188,0.0
2733,366.6050000000001,1.679525107960876,263.0637911760426,13.862797441217529,22.055423626601993,2549.6148797730807,89.8502650715163,18.89007791194514,0.0,8.128984370823485,1,1188,0.0
2734,366.61000000000007,1.6813788769901608,262.0878480100443,13.81317956211501,22.055423626601993,2549.6148797730807,89.85025519861932,18.854929003723825,0.0,8.129010729020976,1,1188,0.0
2735,366.61500000000007,1.6832343241922616,261.11341780965023,13.763632655331614,22.055423626601993,2549.6148797730807,89.85024532572233,18.819769254964495,0.0,8.129037038438286,1,1188,0.0
2736,366.62000000000006,1.6850914496765623,260.14050273554034,13.714156834195776,22.055423626601993,2549.6148797730807,89.85023545282533,18.78459868301154,0.0,8.129063299060299,1,1188,0.0
2737,366.62500000000006,1.686950253549319,259.169104945995,13.664752211959934,22.055423626601993,2549.6148797730807,89.85022557992835,18.749417305233237,0.0,8.129089510871921,1,1188,0.0
2738,366.63000000000005,1.6888107359136548,258.1992265968842,13.615418901800618,22.055423626601993,2549.6148797730807,89.85021570703134,18.714225139021718,0.0,8.129115673858086,1,1188,0.0
2739,366.63500000000005,1.6906728968695575,257.2308698416591,13.566157016817854,22.055423626601993,2549.6148797730807,89.85020583413436,18.679022201792932,0.0,8.129141788003748,1,1188,0.0
2740,366.64000000000004,1.6925367365138753,256.2640368313412,13.516966670034472,22.055423626601993,2549.6148797730807,89.85019596123736,18.643808510986638,0.0,8.129167853293888,1,1188,0.0
2741,366.64500000000004,1.6944022549403122,255.29872971451348,13.46784797439637,22.055423626601993,2549.6148797730807,89.85018608834037,18.608584084066347,0.0,8.129193869713509,1,1188,0.0
2742,366.65000000000003,1.6962694522394248,254.3349506373098,13.4188010427713,22.055423626601993,2549.6148797730807,89.85017621544337,18.57334893851931,0.0,8.12921983724764,1,1188,0.0
2743,366.65500000000003,1.698138328498619,253.37270174340597,13.369825987948964,22.055423626601993,2549.6148797730807,89.85016634254637,18.53810309185647,0.0,8.129245755881332,1,1188,0.0
2744,366.6600000000001,1.7000088838021452,252.41198517400926,13.320922922643291,22.055423626601993,2549.6148797730807,89.85015646964938,18.50284656161246,0.0,8.129271625599664,1,1188,0.0
2745,366.6650000000001,1.7018811182310951,251.45280306784926,13.272091959485545,22.055423626601993,2549.6148797730807,89.8501465967524,18.467579365345536,0.0,8.129297446387733,1,1188,0.0
2746,366.6700000000001,1.703755031863398,250.49515756116796,13.223333211030749,22.055423626601993,2549.6148797730807,89.85013672385539,18.432301520637576,0.0,8.129323218230667,1,1188,0.0
2747,366.67500000000007,1.7056306247738162,249.53905078771,13.174646789753298,22.055423626601993,2549.6148797730807,89.8501268509584,18.39701304509403,0.0,8.129348941113616,1,1188,0.0
2748,366.68000000000006,1.7075078970339432,248.58448487871289,13.126032808048132,22.055423626601993,2549.6148797730807,89.85011697806141,18.361713956343902,0.0,8.129374615021751,1,1188,0.0
2749,366.68500000000006,1.7093868487121977,247.6314619628975,13.0774913782306,22.055423626601993,2549.6148797730807,89.85010710516441,18.326404272039706,0.0,8.129400239940274,1,1188,0.0
2750,366.69000000000005,1.711267479873821,246.67998416645807,13.029022612535107,22.055423626601993,2549.6148797730807,89.85009723226742,18.291084009857435,0.0,8.129425815854406,1,1188,0.0
2751,366.69500000000005,1.7131497905808735,245.73005361305295,12.980626623116356,22.055423626601993,2549.6148797730807,89.85008735937042,18.255753187496545,0.0,8.129451342749393,1,1188,0.0
2752,366.70000000000005,1.715033780892231,244.78167242379422,12.932303522045716,22.055423626601993,2549.6148797730807,89.85007748647344,18.22041182267991,0.0,8.12947682061051,1,1188,0.0
2753,366.70500000000004,1.7169194508635797,243.834842717239,12.88405342131506,22.055423626601993,2549.6148797730807,89.85006761357643,18.185059933153788,0.0,8.129502249423048,1,1188,0.0
2754,366.71000000000004,1.7188068005474144,242.8895666093787,12.835876432834558,22.055423626601993,2549.6148797730807,89.85005774067945,18.149697536687796,0.0,8.129527629172333,1,1188,0.0
2755,366.71500000000003,1.720695829993034,241.9458462136302,12.787772668429557,22.055423626601993,2549.6148797730807,89.85004786778245,18.114324651074877,0.0,8.129552959843709,1,1188,0.0
2756,366.72,1.7225865392465372,241.00368364082573,12.739742239847034,22.055423626601993,2549.6148797730807,89.85003799488545,18.07894129413127,0.0,8.129578241422543,1,1188,0.0
2757,366.7250000000001,1.72447892835082,240.06308099920324,12.69178525874809,22.055423626601993,2549.6148797730807,89.85002812198846,18.04354748369646,0.0,8.129603473894232,1,1188,0.0
2758,366.7300000000001,1.7263729973455717,239.1240403943968,12.643901836711606,22.055423626601993,2549.6148797730807,89.85001824909146,18.008143237633174,0.0,8.129628657244195,1,1188,0.0
2759,366.73500000000007,1.7282687462672706,238.18656392942725,12.596092085233247,22.055423626601993,2549.6148797730807,89.85000837619447,17.972728573827325,0.0,8.129653791457878,1,1188,0.0
2760,366.74000000000007,1.730166175149182,237.2506537046919,12.54835611572406,22.055423626601993,2549.6148797730807,89.84999850329748,17.937303510187995,0.0,8.129678876520748,1,1188,0.0
2761,366.74500000000006,1.732065284021352,236.3163118179558,12.500694039511618,22.055423626601993,2549.6148797730807,89.84998863040047,17.901868064647388,0.0,8.129703912418298,1,1188,0.0
2762,366.75000000000006,1.7339660729106072,235.38354036434103,12.453105967838932,22.055423626601993,2549.6148797730807,89.8499787575035,17.866422255160803,0.0,8.12972889913605,1,1188,0.0
2763,366.75500000000005,1.7358685418405486,234.45234143631797,12.40559201186391,22.055423626601993,2549.6148797730807,89.8499688846065,17.830966099706604,0.0,8.12975383665954,1,1188,0.0
2764,366.76000000000005,1.737772690831549,233.52271712369526,12.358152282658944,22.055423626601993,2549.6148797730807,89.8499590117095,17.795499616286186,0.0,8.129778724974345,1,1188,0.0
2765,366.76500000000004,1.7396785199007494,232.59466951361034,12.310786891211544,22.055423626601993,2549.6148797730807,89.84994913881252,17.760022822923943,0.0,8.129803564066053,1,1188,0.0
2766,366.77000000000004,1.7415860290620555,231.66820069051985,12.263495948423824,22.055423626601993,2549.6148797730807,89.84993926591551,17.724535737667225,0.0,8.129828353920283,1,1188,0.0
2767,366.77500000000003,1.743495218326134,230.74331273618984,12.216279565109978,22.055423626601993,2549.6148797730807,89.84992939301853,17.689038378586314,0.0,8.129853094522678,1,1188,0.0
2768,366.78000000000003,1.7454060877004094,229.8200077296864,12.169137851999512,22.055423626601993,2549.6148797730807,89.84991952012152,17.653530763774388,0.0,8.129877785858907,1,1188,0.0
2769,366.7850000000001,1.7473186371890608,228.89828774736606,12.122070919734163,22.055423626601993,2549.6148797730807,89.84990964722454,17.618012911347478,0.0,8.129902427914663,1,1188,0.0
2770,366.7900000000001,1.749232866793017,227.97815486286606,12.075078878868412,22.055423626601993,2549.6148797730807,89.84989977432754,17.582484839444458,0.0,8.129927020675664,1,1188,0.0
2771,366.7950000000001,1.7511487765099547,227.05961114709496,12.028161839869053,22.055423626601993,2549.6148797730807,89.84988990143054,17.546946566226985,0.0,8.129951564127653,1,1188,0.0
2772,366.80000000000007,1.7530663663342942,226.14265866822302,11.98131991311719,22.055423626601993,2549.6148797730807,89.84988002853355,17.511398109879476,0.0,8.129976058256398,1,1188,0.0
2773,366.80500000000006,1.7549856362571967,225.22729949167254,11.934553208902553,22.055423626601993,2549.6148797730807,89.84987015563655,17.47583948860907,0.0,8.130000503047695,1,1188,0.0
2774,366.81000000000006,1.7569065862665592,224.31353568010852,11.887861837429247,22.055423626601993,2549.6148797730807,89.84986028273956,17.440270720645604,0.0,8.13002489848736,1,1188,0.0
2775,366.81500000000005,1.7588292163470127,223.40136929342887,11.841245908810123,22.055423626601993,2549.6148797730807,89.84985040984257,17.404691824241567,0.0,8.13004924456124,1,1188,0.0
2776,366.82000000000005,1.7607535264799192,222.49080238875533,11.794705533070516,22.055423626601993,2549.6148797730807,89.84984053694556,17.36910281767207,0.0,8.1300735412552,1,1188,0.0
2777,366.82500000000005,1.7626795166433658,221.58183702042317,11.748240820146435,22.055423626601993,2549.6148797730807,89.84983066404858,17.333503719234802,0.0,8.13009778855514,1,1188,0.0
2778,366.83000000000004,1.7646071868121642,220.67447523997268,11.70185187988303,22.055423626601993,2549.6148797730807,89.84982079115159,17.297894547250017,0.0,8.130121986446978,1,1188,0.0
2779,366.83500000000004,1.7665365369578458,219.76871909613877,11.65553882203638,22.055423626601993,2549.6148797730807,89.84981091825459,17.26227532006048,0.0,8.130146134916657,1,1188,0.0
2780,366.84000000000003,1.7684675670486585,218.86457063484187,11.609301756272234,22.055423626601993,2549.6148797730807,89.84980104535761,17.22664605603143,0.0,8.130170233950151,1,1188,0.0
2781,366.845,1.7704002770495637,217.96203189917856,11.56314079216446,22.055423626601993,2549.6148797730807,89.8497911724606,17.191006773550566,0.0,8.130194283533456,1,1188,0.0
2782,366.8500000000001,1.7723346669222326,217.0611049294118,11.517056039196806,22.055423626601993,2549.6148797730807,89.84978129956362,17.15535749102798,0.0,8.13021828365259,1,1188,0.0
2783,366.8550000000001,1.774270736625043,216.1617917629617,11.47104760676213,22.055423626601993,2549.6148797730807,89.84977142666662,17.119698226896162,0.0,8.130242234293606,1,1188,0.0
2784,366.86000000000007,1.7762084861130765,215.26409443439587,11.425115604161132,22.055423626601993,2549.6148797730807,89.84976155376962,17.084028999609913,0.0,8.130266135442572,1,1188,0.0
2785,366.86500000000007,1.7781479153381152,214.36801497542007,11.379260140602273,22.055423626601993,2549.6148797730807,89.84975168087263,17.048349827646362,0.0,8.130289987085588,1,1188,0.0
2786,366.87000000000006,1.7800890242486367,213.47355541486863,11.333481325201827,22.055423626601993,2549.6148797730807,89.84974180797563,17.01266072950489,0.0,8.13031378920878,1,1188,0.0
2787,366.87500000000006,1.7820318127898134,212.58071777869517,11.287779266984336,22.055423626601993,2549.6148797730807,89.84973193507864,16.976961723707124,0.0,8.130337541798292,1,1188,0.0
2788,366.88000000000005,1.7839762809035076,211.68950408996312,11.2421540748808,22.055423626601993,2549.6148797730807,89.84972206218164,16.94125282879687,0.0,8.130361244840303,1,1188,0.0
2789,366.88500000000005,1.785922428528269,210.79991636883636,11.196605857728994,22.055423626601993,2549.6148797730807,89.84971218928465,16.90553406334011,0.0,8.130384898321015,1,1188,0.0
2790,366.89000000000004,1.7878702555993309,209.91195663256948,11.1511347242741,22.055423626601993,2549.6148797730807,89.84970231638766,16.869805445924936,0.0,8.13040850222665,1,1188,0.0
2791,366.89500000000004,1.7898197620486076,209.02562689549887,11.1057407831656,22.055423626601993,2549.6148797730807,89.84969244349065,16.834066995161532,0.0,8.130432056543466,1,1188,0.0
2792,366.90000000000003,1.7917709478046913,208.14092916903283,11.060424142961176,22.055423626601993,2549.6148797730807,89.84968257059367,16.798318729682133,0.0,8.130455561257737,1,1188,0.0
2793,366.90500000000003,1.7937238127928476,207.25786546164264,11.015184912122749,22.055423626601993,2549.6148797730807,89.84967269769668,16.76256066814099,0.0,8.130479016355768,1,1188,0.0
2794,366.9100000000001,1.7956783569350143,206.37643777885276,10.970023199018083,22.055423626601993,2549.6148797730807,89.84966282479968,16.726792829214318,0.0,8.130502421823888,1,1188,0.0
2795,366.9150000000001,1.7976345801497966,205.4966481232319,10.924939111919738,22.055423626601993,2549.6148797730807,89.8496529519027,16.691015231600293,0.0,8.130525777648451,1,1188,0.0
2796,366.9200000000001,1.799592482352465,204.61849849438318,10.879932759005595,22.055423626601993,2549.6148797730807,89.84964307900569,16.655227894018967,0.0,8.130549083815842,1,1188,0.0
2797,366.92500000000007,1.801552063454952,203.74199088893502,10.8350042483569,22.055423626601993,2549.6148797730807,89.8496332061087,16.61943083521228,0.0,8.130572340312467,1,1188,0.0
2798,366.93000000000006,1.8035133233658485,202.8671273005319,10.790153687959885,22.055423626601993,2549.6148797730807,89.84962333321171,16.583624073943994,0.0,8.130595547124758,1,1188,0.0
2799,366.93500000000006,1.8054762619904008,201.99390971982498,10.745381185704922,22.055423626601993,2549.6148797730807,89.84961346031471,16.547807628999653,0.0,8.130618704239176,1,1188,0.0
2800,366.94000000000005,1.8074408792305086,201.12234013446252,10.700686849385166,22.055423626601993,2549.6148797730807,89.84960358741772,16.511981519186563,0.0,8.130641811642205,1,1188,0.0
2801,366.94500000000005,1.8094071749847205,200.25242052908084,10.656070786697232,22.055423626601993,2549.6148797730807,89.84959371452072,16.476145763333744,0.0,8.130664869320357,1,1188,0.0
2802,366.95000000000005,1.8113751491482313,199.3841528852949,10.611533105241532,22.055423626601993,2549.6148797730807,89.84958384162373,16.44030038029189,0.0,8.130687877260169,1,1188,0.0
2803,366.95500000000004,1.8133448016128801,198.51753918168896,10.567073912519865,22.055423626601993,2549.6148797730807,89.84957396872673,16.404445388933343,0.0,8.130710835448204,1,1188,0.0
2804,366.96000000000004,1.8153161322671463,197.65258139380757,10.522693315937635,22.055423626601993,2549.6148797730807,89.84956409582973,16.368580808152036,0.0,8.130733743871053,1,1188,0.0
2805,366.96500000000003,1.8172891409961451,196.7892814941459,10.478391422802142,22.055423626601993,2549.6148797730807,89.84955422293275,16.332706656863476,0.0,8.130756602515332,1,1188,0.0
2806,366.97,1.8192638276816284,195.9276414521407,10.434168340322596,22.055423626601993,2549.6148797730807,89.84954435003576,16.296822954004686,0.0,8.130779411367682,1,1188,0.0
2807,366.9750000000001,1.821240192201979,195.06766323416105,10.390024175609371,22.055423626601993,2549.6148797730807,89.84953447713876,16.26092971853419,0.0,8.130802170414771,1,1188,0.0
2808,366.9800000000001,1.8232182344322063,194.20934880349898,10.345959035674078,22.055423626601993,2549.6148797730807,89.84952460424176,16.225026969431944,0.0,8.130824879643294,1,1188,0.0
2809,366.98500000000007,1.8251979542439474,193.35270012036042,10.301973027429963,22.055423626601993,2549.6148797730807,89.84951473134477,16.18911472569933,0.0,8.130847539039971,1,1188,0.0
2810,366.99000000000007,1.8271793515054608,192.49771914185578,10.258066257690942,22.055423626601993,2549.6148797730807,89.84950485844779,16.15319300635909,0.0,8.13087014859155,1,1188,0.0
2811,366.99500000000006,1.829162426081626,191.64440782199088,10.214238833171603,22.055423626601993,2549.6148797730807,89.84949498555078,16.1172618304553,0.0,8.130892708284804,1,1188,0.0
2812,367.00000000000006,1.8311471778339372,190.79276811165747,10.170490860486177,22.055423626601993,2549.6148797730807,89.8494851126538,16.081321217053333,0.0,8.130915218106534,1,1188,0.0
2813,367.00500000000005,1.833133606620505,189.94280195862456,10.126822446149488,22.055423626601993,2549.6148797730807,89.8494752397568,16.04537118523982,0.0,8.130937678043564,1,1188,0.0
2814,367.01000000000005,1.835121712296049,189.09451130752882,10.083233696575377,22.055423626601993,2549.6148797730807,89.8494653668598,16.0094117541226,0.0,8.130960088082748,1,1188,0.0
2815,367.01500000000004,1.837111494711898,188.24789809986532,10.039724718077952,22.055423626601993,2549.6148797730807,89.84945549396281,15.973442942830696,0.0,8.130982448210966,1,1188,0.0
2816,367.02000000000004,1.8391029537159849,187.4029642739789,9.996295616870022,22.055423626601993,2549.6148797730807,89.84944562106581,15.937464770514259,0.0,8.131004758415122,1,1188,0.0
2817,367.02500000000003,1.8410960891528472,186.55971176505432,9.95294649906326,22.055423626601993,2549.6148797730807,89.84943574816882,15.901477256344542,0.0,8.131027018682149,1,1188,0.0
2818,367.03000000000003,1.84309090086362,185.71814250510764,9.909677470667592,22.055423626601993,2549.6148797730807,89.84942587527183,15.865480419513858,0.0,8.131049228999006,1,1188,0.0
2819,367.0350000000001,1.845087388686037,184.8782584229769,9.866488637592719,22.055423626601993,2549.6148797730807,89.84941600237482,15.829474279235534,0.0,8.131071389352677,1,1188,0.0
2820,367.0400000000001,1.847085552454424,184.040061444313,9.823380105645972,22.055423626601993,2549.6148797730807,89.84940612947784,15.793458854743877,0.0,8.131093499730174,1,1188,0.0
2821,367.0450000000001,1.8490853919997,183.20355349157066,9.780351980531004,22.055423626601993,2549.6148797730807,89.84939625658085,15.757434165294134,0.0,8.131115560118538,1,1188,0.0
2822,367.05000000000007,1.851086907149371,182.36873648399916,9.737404367850731,22.055423626601993,2549.6148797730807,89.84938638368385,15.721400230162446,0.0,8.13113757050483,1,1188,0.0
2823,367.05500000000006,1.8530900977275304,181.53561233763332,9.694537373105852,22.055423626601993,2549.6148797730807,89.84937651078685,15.68535706864581,0.0,8.131159530876145,1,1188,0.0
2824,367.06000000000006,1.855094963554853,180.70418296528462,9.65175110169284,22.055423626601993,2549.6148797730807,89.84936663788986,15.649304700062045,0.0,8.131181441219601,1,1188,0.0
2825,367.06500000000005,1.8571015044485961,179.87445027653175,9.60904565890529,22.055423626601993,2549.6148797730807,89.84935676499288,15.613243143749747,0.0,8.131203301522344,1,1188,0.0
2826,367.07000000000005,1.8591097202225921,179.04641617771196,9.566421149934872,22.055423626601993,2549.6148797730807,89.84934689209587,15.577172419068248,0.0,8.131225111771545,1,1188,0.0
2827,367.07500000000005,1.8611196106872498,178.22008257191186,9.523877679867356,22.055423626601993,2549.6148797730807,89.84933701919888,15.54109254539757,0.0,8.131246871954403,1,1188,0.0
2828,367.08000000000004,1.8631311756495512,177.39545135895816,9.481415353686998,22.055423626601993,2549.6148797730807,89.84932714630189,15.505003542138393,0.0,8.131268582058146,1,1188,0.0
2829,367.08500000000004,1.8651444149130458,176.57252443540887,9.439034276272196,22.055423626601993,2549.6148797730807,89.84931727340489,15.468905428712016,0.0,8.131290242070023,1,1188,0.0
2830,367.09000000000003,1.8671593282778525,175.7513036945446,9.396734552398184,22.055423626601993,2549.6148797730807,89.8493074005079,15.432798224560306,0.0,8.131311851977316,1,1188,0.0
2831,367.095,1.8691759155406522,174.93179102635884,9.35451628673528,22.055423626601993,2549.6148797730807,89.8492975276109,15.396681949145663,0.0,8.131333411767331,1,1188,0.0
2832,367.1000000000001,1.8711941764946902,174.1139883175495,9.312379583848966,22.055423626601993,2549.6148797730807,89.8492876547139,15.360556621950971,0.0,8.131354921427402,1,1188,0.0
2833,367.1050000000001,1.8732141109297686,173.29789745150995,9.270324548198763,22.055423626601993,2549.6148797730807,89.84927778181692,15.324422262479576,0.0,8.13137638094489,1,1188,0.0
2834,367.11000000000007,1.8752357186322481,172.48352030831973,9.228351284141562,22.055423626601993,2549.6148797730807,89.84926790891993,15.288278890255219,0.0,8.13139779030718,1,1188,0.0
2835,367.11500000000007,1.8772589993850417,171.67085876473584,9.186459895926303,22.055423626601993,2549.6148797730807,89.84925803602293,15.252126524822012,0.0,8.131419149501689,1,1188,0.0
2836,367.12000000000006,1.879283952967616,170.85991469418383,9.14465048769692,22.055423626601993,2549.6148797730807,89.84924816312594,15.215965185744395,0.0,8.131440458515858,1,1188,0.0
2837,367.12500000000006,1.881310579155985,170.05068996674873,9.102923163492186,22.055423626601993,2549.6148797730807,89.84923829022894,15.179794892607081,0.0,8.131461717337155,1,1188,0.0
2838,367.13000000000005,1.88333887772271,169.24318644916625,9.06127802724343,22.055423626601993,2549.6148797730807,89.84922841733194,15.143615665015028,0.0,8.131482925953076,1,1188,0.0
2839,367.13500000000005,1.885368848436896,168.43740600481365,9.01971518277723,22.055423626601993,2549.6148797730807,89.84921854443495,15.107427522593397,0.0,8.131504084351146,1,1188,0.0
2840,367.14000000000004,1.8874004910641888,167.63335049370136,8.97823473381201,22.055423626601993,2549.6148797730807,89.84920867153797,15.071230484987497,0.0,8.131525192518913,1,1188,0.0
2841,367.14500000000004,1.8894338053667754,166.83102177246354,8.936836783960867,22.055423626601993,2549.6148797730807,89.84919879864096,15.035024571862754,0.0,8.131546250443954,1,1188,0.0
2842,367.15000000000003,1.8914687911033772,166.0304216943496,8.895521436728782,22.055423626601993,2549.6148797730807,89.84918892574397,14.998809802904667,0.0,8.131567258113876,1,1188,0.0
2843,367.15500000000003,1.893505448029251,165.2315521092151,8.854288795514252,22.055423626601993,2549.6148797730807,89.84917905284698,14.962586197818757,0.0,8.131588215516308,1,1188,0.0
2844,367.1600000000001,1.8955437758961857,164.43441486351313,8.813138963607438,22.055423626601993,2549.6148797730807,89.84916917994998,14.926353776330537,0.0,8.131609122638912,1,1188,0.0
2845,367.1650000000001,1.8975837744524975,163.63901180028523,8.772072044192779,22.055423626601993,2549.6148797730807,89.84915930705299,14.89011255818546,0.0,8.131629979469372,1,1188,0.0
2846,367.1700000000001,1.8996254434430329,162.8453447591529,8.731088140344484,22.055423626601993,2549.6148797730807,89.84914943415599,14.853862563148885,0.0,8.131650785995404,1,1188,0.0
2847,367.17500000000007,1.9016687826091592,162.05341557630862,8.690187355030801,22.055423626601993,2549.6148797730807,89.849139561259,14.817603811006016,0.0,8.13167154220475,1,1188,0.0
2848,367.18000000000006,1.9037137916887692,161.26322608450693,8.649369791110276,22.055423626601993,2549.6148797730807,89.84912968836201,14.781336321561882,0.0,8.131692248085177,1,1188,0.0
2849,367.18500000000006,1.905760470416274,160.4747781130559,8.60863555133453,22.055423626601993,2549.6148797730807,89.84911981546502,14.74506011464128,0.0,8.13171290362448,1,1188,0.0
2850,367.19000000000005,1.907808818522603,159.68807348780825,8.56798473834494,22.055423626601993,2549.6148797730807,89.84910994256802,14.70877521008873,0.0,8.131733508810484,1,1188,0.0
2851,367.19500000000005,1.9098588357352009,158.90311403115277,8.527417454675527,22.055423626601993,2549.6148797730807,89.84910006967102,14.67248162776844,0.0,8.131754063631043,1,1188,0.0
2852,367.20000000000005,1.9119105217780237,158.1199015620052,8.48693380275042,22.055423626601993,2549.6148797730807,89.84909019677403,14.636179387564257,0.0,8.131774568074029,1,1188,0.0
2853,367.20500000000004,1.9139638763715403,157.3384378958,8.446533884884948,22.055423626601993,2549.6148797730807,89.84908032387705,14.599868509379622,0.0,8.131795022127354,1,1188,0.0
2854,367.21000000000004,1.916018899232728,156.55872484448125,8.406217803285243,22.055423626601993,2549.6148797730807,89.84907045098004,14.563549013137534,0.0,8.13181542577895,1,1188,0.0
2855,367.21500000000003,1.9180755900750688,155.7807642164941,8.365985660047802,22.055423626601993,2549.6148797730807,89.84906057808305,14.527220918780495,0.0,8.131835779016777,1,1188,0.0
2856,367.22,1.9201339486085502,155.00455781677636,8.325837557159444,22.055423626601993,2549.6148797730807,89.84905070518604,14.490884246270474,0.0,8.131856081828825,1,1188,0.0
2857,367.2250000000001,1.9221939745396608,154.23010744674914,8.285773596496579,22.055423626601993,2549.6148797730807,89.84904083228906,14.45453901558886,0.0,8.131876334203112,1,1188,0.0
2858,367.2300000000001,1.9242556675713887,153.45741490430908,8.245793879826685,22.055423626601993,2549.6148797730807,89.84903095939207,14.41818524673642,0.0,8.13189653612768,1,1188,0.0
2859,367.23500000000007,1.9263190274032205,152.686481983819,8.205898508805776,22.055423626601993,2549.6148797730807,89.84902108649507,14.381822959733247,0.0,8.131916687590603,1,1188,0.0
2860,367.24000000000007,1.9283840537311365,151.91731047609966,8.16608758498073,22.055423626601993,2549.6148797730807,89.84901121359808,14.345452174618726,0.0,8.13193678857998,1,1188,0.0
2861,367.24500000000006,1.9304507462476108,151.14990216842102,8.126361209786806,22.055423626601993,2549.6148797730807,89.84900134070108,14.309072911451482,0.0,8.131956839083937,1,1188,0.0
2862,367.25000000000006,1.93251910464161,150.38425884449364,8.086719484549333,22.055423626601993,2549.6148797730807,89.84899146780408,14.272685190309337,0.0,8.131976839090632,1,1188,0.0
2863,367.25500000000005,1.9345891285985872,149.62038228446022,8.04716251048227,22.055423626601993,2549.6148797730807,89.8489815949071,14.236289031289271,0.0,8.131996788588244,1,1188,0.0
2864,367.26000000000005,1.9366608178004847,148.8582742648868,8.007690388688808,22.055423626601993,2549.6148797730807,89.8489717220101,14.199884454507362,0.0,8.13201668756499,1,1188,0.0
2865,367.26500000000004,1.9387341719257274,148.09793655875447,7.968303220161017,22.055423626601993,2549.6148797730807,89.84896184911311,14.163471480098757,0.0,8.132036536009105,1,1188,0.0
2866,367.27000000000004,1.9408091906492244,147.33937093545066,7.929001105779211,22.055423626601993,2549.6148797730807,89.84895197621611,14.12705012821762,0.0,8.132056333908855,1,1188,0.0
2867,367.27500000000003,1.9428858736423646,146.58257916076076,7.889784146312885,22.055423626601993,2549.6148797730807,89.84894210331912,14.090620419037085,0.0,8.132076081252537,1,1188,0.0
2868,367.28000000000003,1.9449642205730167,145.82756299685929,7.8506524424192845,22.055423626601993,2549.6148797730807,89.84893223042214,14.054182372749215,0.0,8.132095778028473,1,1188,0.0
2869,367.2850000000001,1.947044231105525,145.07432420230194,7.811606094644402,22.055423626601993,2549.6148797730807,89.84892235752513,14.017736009564949,0.0,8.132115424225013,1,1188,0.0
2870,367.2900000000001,1.9491259049007081,144.32286453201655,7.772645203422182,22.055423626601993,2549.6148797730807,89.84891248462814,13.981281349714063,0.0,8.132135019830537,1,1188,0.0
2871,367.2950000000001,1.9512092416158595,143.57318573729498,7.733769869074444,22.055423626601993,2549.6148797730807,89.84890261173113,13.944818413445125,0.0,8.13215456483345,1,1188,0.0
2872,367.30000000000007,1.95329424090474,142.82528956578463,7.6949801918108784,22.055423626601993,2549.6148797730807,89.84889273883415,13.908347221025444,0.0,8.132174059222187,1,1188,0.0
2873,367.30500000000006,1.955380902417583,142.07917776147983,7.656276271728982,22.055423626601993,2549.6148797730807,89.84888286593716,13.871867792741023,0.0,8.132193502985212,1,1188,0.0
2874,367.31000000000006,1.9574692258010862,141.33485206471354,7.617658208813357,22.055423626601993,2549.6148797730807,89.84887299304016,13.83538014889652,0.0,8.132212896111016,1,1188,0.0
2875,367.31500000000005,1.959559210698412,140.592314212149,7.579126102936818,22.055423626601993,2549.6148797730807,89.84886312014316,13.7988843098152,0.0,8.132232238588115,1,1188,0.0
2876,367.32000000000005,1.9616508567491888,139.85156593677124,7.540680053859217,22.055423626601993,2549.6148797730807,89.84885324724617,13.76238029583888,0.0,8.13225153040506,1,1188,0.0
2877,367.32500000000005,1.963744163589503,139.1126089678788,7.502320161227388,22.055423626601993,2549.6148797730807,89.84884337434919,13.725868127327892,0.0,8.132270771550424,1,1188,0.0
2878,367.33000000000004,1.9658391308519017,138.37544503107523,7.464046524575131,22.055423626601993,2549.6148797730807,89.84883350145219,13.689347824661034,0.0,8.132289962012813,1,1188,0.0
2879,367.33500000000004,1.9679357581653902,137.64007584826086,7.425859243324079,22.055423626601993,2549.6148797730807,89.8488236285552,13.65281940823552,0.0,8.132309101780855,1,1188,0.0
2880,367.34000000000003,1.9700340451554286,136.9065031376245,7.387758416781537,22.055423626601993,2549.6148797730807,89.8488137556582,13.616282898466935,0.0,8.132328190843213,1,1188,0.0
2881,367.345,1.9721339914439315,136.17472861363495,7.349744144143065,22.055423626601993,2549.6148797730807,89.8488038827612,13.579738315789191,0.0,8.132347229188575,1,1188,0.0
2882,367.3500000000001,1.9742355966492657,135.44475398703298,7.311816524489636,22.055423626601993,2549.6148797730807,89.8487940098642,13.543185680654476,0.0,8.132366216805657,1,1188,0.0
2883,367.3550000000001,1.9763388603862468,134.71658096482278,7.273975656789223,22.055423626601993,2549.6148797730807,89.84878413696723,13.506625013533208,0.0,8.132385153683206,1,1188,0.0
2884,367.36000000000007,1.9784437822661418,133.99021125026383,7.236221639896651,22.055423626601993,2549.6148797730807,89.84877426407022,13.470056334913988,0.0,8.132404039809993,1,1188,0.0
2885,367.36500000000007,1.9805503618966624,133.2656465428627,7.198554572552531,22.055423626601993,2549.6148797730807,89.84876439117323,13.433479665303553,0.0,8.132422875174822,1,1188,0.0
2886,367.37000000000006,1.9826585988819667,132.54288853836465,7.160974553384281,22.055423626601993,2549.6148797730807,89.84875451827622,13.396895025226724,0.0,8.13244165976652,1,1188,0.0
2887,367.37500000000006,1.9847684928226557,131.82193892874557,7.12348168090532,22.055423626601993,2549.6148797730807,89.84874464537924,13.360302435226368,0.0,8.132460393573949,1,1188,0.0
2888,367.38000000000005,1.986880043315773,131.10279940220366,7.086076053514964,22.055423626601993,2549.6148797730807,89.84873477248225,13.323701915863337,0.0,8.132479076585994,1,1188,0.0
2889,367.38500000000005,1.988993249954801,130.3854716431514,7.048757769499202,22.055423626601993,2549.6148797730807,89.84872489958525,13.287093487716431,0.0,8.132497708791572,1,1188,0.0
2890,367.39000000000004,1.991108112329663,129.66995733220713,7.011526927029619,22.055423626601993,2549.6148797730807,89.84871502668825,13.250477171382348,0.0,8.132516290179627,1,1188,0.0
2891,367.39500000000004,1.9932246300267162,128.9562581461872,6.974383624163842,22.055423626601993,2549.6148797730807,89.84870515379126,13.213852987475631,0.0,8.132534820739133,1,1188,0.0
2892,367.40000000000003,1.995342802628756,128.2443757580976,6.937327958845265,22.055423626601993,2549.6148797730807,89.84869528089428,13.177220956628625,0.0,8.132553300459088,1,1188,0.0
2893,367.40500000000003,1.9974626297150098,127.53431183712591,6.900360028903141,22.055423626601993,2549.6148797730807,89.84868540799728,13.140581099491422,0.0,8.132571729328523,1,1188,0.0
2894,367.4100000000001,1.999584110861138,126.8260680486333,6.863479932052541,22.055423626601993,2549.6148797730807,89.84867553510028,13.103933436731824,0.0,8.132590107336497,1,1188,0.0
2895,367.4150000000001,2.0017072456392313,126.1196460541463,6.826687765894082,22.055423626601993,2549.6148797730807,89.84866566220329,13.067277989035281,0.0,8.132608434472099,1,1188,0.0
2896,367.4200000000001,2.00383203361781,125.41504751134872,6.789983627914266,22.055423626601993,2549.6148797730807,89.84865578930629,13.030614777104848,0.0,8.132626710724441,1,1188,0.0
2897,367.42500000000007,2.0059584743618215,124.71227407407373,6.75336761548451,22.055423626601993,2549.6148797730807,89.8486459164093,12.993943821661139,0.0,8.132644936082672,1,1188,0.0
2898,367.43000000000006,2.008086567432639,124.01132739229571,6.71683982586328,22.055423626601993,2549.6148797730807,89.84863604351231,12.957265143442278,0.0,8.132663110535962,1,1188,0.0
2899,367.43500000000006,2.010216312388061,123.3122091121223,6.680400356192741,22.055423626601993,2549.6148797730807,89.8486261706153,12.920578763203842,0.0,8.132681234073512,1,1188,0.0
2900,367.44000000000005,2.0123477087823094,122.6149208757864,6.644049303501724,22.055423626601993,2549.6148797730807,89.84861629771832,12.883884701718822,0.0,8.132699306684556,1,1188,0.0
2901,367.44500000000005,2.0144807561660274,121.91946432163805,6.607786764703924,22.055423626601993,2549.6148797730807,89.84860642482133,12.847182979777566,0.0,8.132717328358353,1,1188,0.0
2902,367.45000000000005,2.0166154540862786,121.22584108413665,6.57161283659887,22.055423626601993,2549.6148797730807,89.84859655192433,12.810473618187732,0.0,8.132735299084189,1,1188,0.0
2903,367.45500000000004,2.018751802086546,120.53405279384282,6.535527615871355,22.055423626601993,2549.6148797730807,89.84858667902733,12.773756637774241,0.0,8.132753218851382,1,1188,0.0
2904,367.46000000000004,2.020889799706729,119.84410107741073,6.499531199091324,22.055423626601993,2549.6148797730807,89.84857680613034,12.737032059379224,0.0,8.13277108764928,1,1188,0.0
2905,367.46500000000003,2.023029446483145,119.15598755757988,6.46362368271459,22.055423626601993,2549.6148797730807,89.84856693323336,12.700299903861975,0.0,8.132788905467256,1,1188,0.0
2906,367.47,2.0251707419485245,118.46971385316733,6.427805163081829,22.055423626601993,2549.6148797730807,89.84855706033635,12.663560192098897,0.0,8.132806672294715,1,1188,0.0
2907,367.4750000000001,2.027313685632012,117.78528157905998,6.3920757364192164,22.055423626601993,2549.6148797730807,89.84854718743937,12.626812944983454,0.0,8.132824388121087,1,1188,0.0
2908,367.4800000000001,2.0294582770591663,117.10269234620628,6.356435498838551,22.055423626601993,2549.6148797730807,89.84853731454237,12.590058183426123,0.0,8.132842052935837,1,1188,0.0
2909,367.48500000000007,2.0316045157519538,116.42194776160893,6.320884546336592,22.055423626601993,2549.6148797730807,89.84852744164537,12.553295928354343,0.0,8.132859666728455,1,1188,0.0
2910,367.49000000000007,2.0337524012287522,115.74304942831667,6.285422974795768,22.055423626601993,2549.6148797730807,89.84851756874838,12.51652620071246,0.0,8.13287722948846,1,1188,0.0
2911,367.49500000000006,2.0359019330043484,115.06599894541647,6.250050879983664,22.055423626601993,2549.6148797730807,89.84850769585138,12.479749021461686,0.0,8.132894741205401,1,1188,0.0
2912,367.50000000000006,2.038053110589935,114.39079790802595,6.214768357553964,22.055423626601993,2549.6148797730807,89.84849782295439,12.442964411580036,0.0,8.132912201868855,1,1188,0.0
2913,367.50500000000005,2.0402059334931124,113.71744790728546,6.179575503044422,22.055423626601993,2549.6148797730807,89.8484879500574,12.406172392062285,0.0,8.13292961146843,1,1188,0.0
2914,367.51000000000005,2.042360401217884,113.04595053035037,6.1444724118795335,22.055423626601993,2549.6148797730807,89.8484780771604,12.369372983919918,0.0,8.132946969993762,1,1188,0.0
2915,367.51500000000004,2.0445165132646586,112.37630736038327,6.109459179368693,22.055423626601993,2549.6148797730807,89.84846820426341,12.332566208181078,0.0,8.132964277434517,1,1188,0.0
2916,367.52000000000004,2.0466742691302446,111.70851997654628,6.074535900706634,22.055423626601993,2549.6148797730807,89.84845833136642,12.295752085890507,0.0,8.132981533780388,1,1188,0.0
2917,367.52500000000003,2.0488336683078554,111.04258995399344,6.039702670974501,22.055423626601993,2549.6148797730807,89.84844845846942,12.258930638109511,0.0,8.132998739021097,1,1188,0.0
2918,367.53000000000003,2.0509947102871022,110.37851886386282,6.004959585138029,22.055423626601993,2549.6148797730807,89.84843858557242,12.222101885915894,0.0,8.133015893146398,1,1188,0.0
2919,367.5350000000001,2.0531573945539963,109.71630827326912,5.970306738049317,22.055423626601993,2549.6148797730807,89.84842871267543,12.185265850403908,0.0,8.133032996146074,1,1188,0.0
2920,367.5400000000001,2.055321720590946,109.05595974529571,5.935744224445897,22.055423626601993,2549.6148797730807,89.84841883977845,12.148422552684215,0.0,8.133050048009935,1,1188,0.0
2921,367.5450000000001,2.0574876878767587,108.39747483898725,5.901272138951027,22.055423626601993,2549.6148797730807,89.84840896688144,12.111572013883816,0.0,8.133067048727819,1,1188,0.0
2922,367.55000000000007,2.059655295886636,107.74085510934198,5.866890576074016,22.055423626601993,2549.6148797730807,89.84839909398445,12.074714255146011,0.0,8.1330839982896,1,1188,0.0
2923,367.55500000000006,2.061824544092175,107.08610210730411,5.832599630210252,22.055423626601993,2549.6148797730807,89.84838922108746,12.037849297630348,0.0,8.133100896685175,1,1188,0.0
2924,367.56000000000006,2.0639954319613665,106.43321737975631,5.798399395640509,22.055423626601993,2549.6148797730807,89.84837934819046,12.000977162512568,0.0,8.133117743904473,1,1188,0.0
2925,367.56500000000005,2.0661679589585953,105.7822024695121,5.764289966532436,22.055423626601993,2549.6148797730807,89.84836947529347,11.964097870984546,0.0,8.13313453993745,1,1188,0.0
2926,367.57000000000005,2.0683421245446367,105.1330589153083,5.730271436939265,22.055423626601993,2549.6148797730807,89.84835960239647,11.927211444254251,0.0,8.133151284774092,1,1188,0.0
2927,367.57500000000005,2.070517928176659,104.48578825179754,5.6963439008007395,22.055423626601993,2549.6148797730807,89.84834972949947,11.89031790354569,0.0,8.133167978404419,1,1188,0.0
2928,367.58000000000004,2.072695369308218,103.84039200954084,5.662507451942909,22.055423626601993,2549.6148797730807,89.8483398566025,11.853417270098843,0.0,8.133184620818476,1,1188,0.0
2929,367.58500000000004,2.0748744473892615,103.19687171499992,5.628762184078482,22.055423626601993,2549.6148797730807,89.84832998370548,11.81650956516963,0.0,8.133201212006336,1,1188,0.0
2930,367.59000000000003,2.077055161866125,102.55522889052997,5.595108190806557,22.055423626601993,2549.6148797730807,89.8483201108085,11.779594810029849,0.0,8.133217751958105,1,1188,0.0
2931,367.595,2.07923751218153,101.9154650543721,5.561545565612877,22.055423626601993,2549.6148797730807,89.8483102379115,11.742673025967116,0.0,8.133234240663917,1,1188,0.0
2932,367.6000000000001,2.081421497774587,101.27758172064586,5.5280744018702075,22.055423626601993,2549.6148797730807,89.84830036501451,11.705744234284827,0.0,8.133250678113937,1,1188,0.0
2933,367.6050000000001,2.0836071180807907,100.64158039934199,5.494694792838419,22.055423626601993,2549.6148797730807,89.84829049211751,11.66880845630209,0.0,8.133267064298357,1,1188,0.0
2934,367.61000000000007,2.085794372532021,100.00746259631484,5.4614068316642035,22.055423626601993,2549.6148797730807,89.84828061922052,11.63186571335368,0.0,8.1332833992074,1,1188,0.0
2935,367.61500000000007,2.0879832605565434,99.37522981327514,5.428210611381294,22.055423626601993,2549.6148797730807,89.84827074632354,11.59491602678999,0.0,8.133299682831318,1,1188,0.0
2936,367.62000000000006,2.090173781579007,98.74488354778272,5.3951062249114425,22.055423626601993,2549.6148797730807,89.84826087342654,11.557959417976965,0.0,8.133315915160393,1,1188,0.0
2937,367.62500000000006,2.0923659350204407,98.11642529323899,5.362093765063526,22.055423626601993,2549.6148797730807,89.84825100052954,11.520995908296058,0.0,8.133332096184938,1,1188,0.0
2938,367.63000000000005,2.0945597202982595,97.48985653887979,5.329173324534073,22.055423626601993,2549.6148797730807,89.84824112763255,11.484025519144176,0.0,8.133348225895293,1,1188,0.0
2939,367.63500000000005,2.0967551368262574,96.86517876976798,5.296344995907608,22.055423626601993,2549.6148797730807,89.84823125473555,11.447048271933616,0.0,8.13336430428183,1,1188,0.0
2940,367.64000000000004,2.09895218401461,96.24239346678637,5.26360887165676,22.055423626601993,2549.6148797730807,89.84822138183856,11.410064188092027,0.0,8.133380331334948,1,1188,0.0
2941,367.64500000000004,2.1011508612698733,95.62150210663019,5.230965044142485,22.055423626601993,2549.6148797730807,89.84821150894156,11.373073289062344,0.0,8.133396307045079,1,1188,0.0
2942,367.65000000000003,2.103351167994982,95.00250616180017,5.198413605613631,22.055423626601993,2549.6148797730807,89.84820163604456,11.336075596302734,0.0,8.133412231402682,1,1188,0.0
2943,367.65500000000003,2.1055531035892487,94.38540710059507,5.165954648208274,22.055423626601993,2549.6148797730807,89.84819176314758,11.299071131286551,0.0,8.133428104398247,1,1188,0.0
2944,367.6600000000001,2.1077566674483674,93.77020638710468,5.133588263952991,22.055423626601993,2549.6148797730807,89.84818189025057,11.262059915502274,0.0,8.133443926022293,1,1188,0.0
2945,367.6650000000001,2.109961858964408,93.15690548120256,5.10131454476323,22.055423626601993,2549.6148797730807,89.84817201735359,11.225041970453448,0.0,8.133459696265371,1,1188,0.0
2946,367.6700000000001,2.112168677525815,92.54550583853892,5.069133582443991,22.055423626601993,2549.6148797730807,89.8481621444566,11.188017317658645,0.0,8.13347541511806,1,1188,0.0
2947,367.67500000000007,2.114377122517415,91.9360089105335,5.037045468689522,22.055423626601993,2549.6148797730807,89.8481522715596,11.150985978651393,0.0,8.133491082570966,1,1188,0.0
2948,367.68000000000006,2.1165871933204055,91.32841614436845,5.005050295083674,22.055423626601993,2549.6148797730807,89.84814239866262,11.113947974980128,0.0,8.133506698614733,1,1188,0.0
2949,367.68500000000006,2.118798889312363,90.7227289829813,4.973148153100458,22.055423626601993,2549.6148797730807,89.8481325257656,11.07690332820814,0.0,8.133522263240025,1,1188,0.0
2950,367.69000000000005,2.1210122098672373,90.1189488650577,4.941339134104002,22.055423626601993,2549.6148797730807,89.84812265286862,11.039852059913516,0.0,8.13353777643754,1,1188,0.0
2951,367.69500000000005,2.123227154355354,89.51707722502472,4.909623329348391,22.055423626601993,2549.6148797730807,89.84811277997163,11.002794191689086,0.0,8.133553238198013,1,1188,0.0
2952,367.70000000000005,2.1254437221434115,88.91711549304357,4.87800082997886,22.055423626601993,2549.6148797730807,89.84810290707463,10.965729745142362,0.0,8.133568648512197,1,1188,0.0
2953,367.70500000000004,2.1276619125944847,88.31906509500259,4.846471727031574,22.055423626601993,2549.6148797730807,89.84809303417764,10.928658741895491,0.0,8.133584007370882,1,1188,0.0
2954,367.71000000000004,2.1298817250680186,87.72292745251039,4.815036111433641,22.055423626601993,2549.6148797730807,89.84808316128064,10.891581203585197,0.0,8.133599314764886,1,1188,0.0
2955,367.71500000000003,2.132103158919835,87.12870398288891,4.783694074003731,22.055423626601993,2549.6148797730807,89.84807328838365,10.854497151862716,0.0,8.133614570685058,1,1188,0.0
2956,367.72,2.134326213502125,86.5363960991663,4.752445705452261,22.055423626601993,2549.6148797730807,89.84806341548665,10.817406608393755,0.0,8.133629775122277,1,1188,0.0
2957,367.7250000000001,2.1365508881634554,85.9460052100702,4.721291096381886,22.055423626601993,2549.6148797730807,89.84805354258965,10.780309594858425,0.0,8.133644928067449,1,1188,0.0
2958,367.7300000000001,2.1387771822487625,85.35753272002069,4.690230337287555,22.055423626601993,2549.6148797730807,89.84804366969267,10.743206132951189,0.0,8.133660029511516,1,1188,0.0
2959,367.73500000000007,2.1410050950993553,84.77098002912358,4.659263518556708,22.055423626601993,2549.6148797730807,89.84803379679566,10.706096244380804,0.0,8.133675079445442,1,1188,0.0
2960,367.74000000000007,2.143234626052916,84.18634853316334,4.628390730469957,22.055423626601993,2549.6148797730807,89.84802392389868,10.668979950870268,0.0,8.133690077860232,1,1188,0.0
2961,367.74500000000006,2.1454657744434966,83.60363962359654,4.59761206320135,22.055423626601993,2549.6148797730807,89.84801405100168,10.631857274156758,0.0,8.133705024746911,1,1188,0.0
2962,367.75000000000006,2.1476985396015205,83.02285468754471,4.566927606818571,22.055423626601993,2549.6148797730807,89.84800417810469,10.594728235991576,0.0,8.133719920096537,1,1188,0.0
2963,367.75500000000005,2.1499329208537823,82.44399510778784,4.536337451283252,22.055423626601993,2549.6148797730807,89.8479943052077,10.557592858140097,0.0,8.133734763900202,1,1188,0.0
2964,367.76000000000005,2.152168917523448,81.86706226275743,4.505841686451244,22.055423626601993,2549.6148797730807,89.8479844323107,10.520451162381702,0.0,8.133749556149025,1,1188,0.0
2965,367.76500000000004,2.1544065289300534,81.2920575265299,4.47544040207367,22.055423626601993,2549.6148797730807,89.84797455941371,10.483303170509728,0.0,8.133764296834153,1,1188,0.0
2966,367.77000000000004,2.1566457543895057,80.7189822688197,4.445133687796339,22.055423626601993,2549.6148797730807,89.84796468651672,10.446148904331412,0.0,8.133778985946767,1,1188,0.0
2967,367.77500000000003,2.1588865932140826,80.14783785497265,4.414921633160627,22.055423626601993,2549.6148797730807,89.84795481361972,10.408988385667831,0.0,8.133793623478079,1,1188,0.0
2968,367.78000000000003,2.1611290447124314,79.57862564595942,4.384804327604026,22.055423626601993,2549.6148797730807,89.84794494072273,10.371821636353836,0.0,8.133808209419328,1,1188,0.0
2969,367.7850000000001,2.1633731081895706,79.0113469983686,4.354781860460069,22.055423626601993,2549.6148797730807,89.84793506782573,10.334648678238015,0.0,8.133822743761783,1,1188,0.0
2970,367.7900000000001,2.1656187829468885,78.44600326440028,4.324854320959264,22.055423626601993,2549.6148797730807,89.84792519492873,10.297469533182612,0.0,8.133837226496745,1,1188,0.0
2971,367.7950000000001,2.1678660682821453,77.8825957918593,4.295021798229242,22.055423626601993,2549.6148797730807,89.84791532203175,10.260284223063492,0.0,8.133851657615548,1,1188,0.0
2972,367.80000000000007,2.170114963489468,77.32112592414877,4.26528438129488,22.055423626601993,2549.6148797730807,89.84790544913474,10.223092769770059,0.0,8.13386603710955,1,1188,0.0
2973,367.80500000000006,2.1723654678593585,76.76159500026344,4.235642159079437,22.055423626601993,2549.6148797730807,89.84789557623776,10.185895195205218,0.0,8.133880364970146,1,1188,0.0
2974,367.81000000000006,2.1746175806786856,76.20400435478305,4.2060952204048085,22.055423626601993,2549.6148797730807,89.84788570334075,10.148691521285308,0.0,8.133894641188755,1,1188,0.0
2975,367.81500000000005,2.1768713012306904,75.64835531786606,4.176643653991352,22.055423626601993,2549.6148797730807,89.84787583044377,10.111481769940045,0.0,8.133908865756833,1,1188,0.0
2976,367.82000000000005,2.1791266287949846,75.09464921524284,4.147287548459053,22.055423626601993,2549.6148797730807,89.84786595754677,10.07426596311246,0.0,8.133923038665861,1,1188,0.0
2977,367.82500000000005,2.1813835626475493,74.54288736820946,4.118026992327926,22.055423626601993,2549.6148797730807,89.84785608464978,10.037044122758845,0.0,8.133937159907353,1,1188,0.0
2978,367.83000000000004,2.1836421020607393,73.99307109362098,4.088862074018247,22.055423626601993,2549.6148797730807,89.8478462117528,9.999816270848692,0.0,8.133951229472851,1,1188,0.0
2979,367.83500000000004,2.1859022463032756,73.44520170388527,4.059792881851226,22.055423626601993,2549.6148797730807,89.84783633885579,9.962582429364637,0.0,8.133965247353933,1,1188,0.0
2980,367.84000000000003,2.1881639946402567,72.89928050695639,4.0308195040495525,22.055423626601993,2549.6148797730807,89.8478264659588,9.925342620302398,0.0,8.133979213542199,1,1188,0.0
2981,367.845,2.190427346333148,72.35530880632824,4.0019420287377,22.055423626601993,2549.6148797730807,89.84781659306181,9.888096865670718,0.0,8.13399312802929,1,1188,0.0
2982,367.8500000000001,2.1926923006397883,71.81328790102833,3.9731605439429205,22.055423626601993,2549.6148797730807,89.84780672016481,9.850845187491299,0.0,8.134006990806869,1,1188,0.0
2983,367.8550000000001,2.194958856814388,71.27321908561127,3.944475137595343,22.055423626601993,2549.6148797730807,89.84779684726782,9.813587607798754,0.0,8.134020801866631,1,1188,0.0
2984,367.86000000000007,2.1972270141075305,70.73510365015248,3.9158858975288036,22.055423626601993,2549.6148797730807,89.84778697437082,9.776324148640539,0.0,8.134034561200307,1,1188,0.0
2985,367.86500000000007,2.1994967717661704,70.19894288024199,3.887392911481097,22.055423626601993,2549.6148797730807,89.84777710147382,9.739054832076894,0.0,8.134048268799651,1,1188,0.0
2986,367.87000000000006,2.201768129033638,69.66473805697797,3.858996267095232,22.055423626601993,2549.6148797730807,89.84776722857684,9.701779680180788,0.0,8.134061924656452,1,1188,0.0
2987,367.87500000000006,2.204041085149633,69.13249045696075,3.830696051919098,22.055423626601993,2549.6148797730807,89.84775735567983,9.664498715037853,0.0,8.134075528762528,1,1188,0.0
2988,367.88000000000005,2.206315639350233,68.60220135228627,3.8024923534069504,22.055423626601993,2549.6148797730807,89.84774748278285,9.62721195874633,0.0,8.134089081109732,1,1188,0.0
2989,367.88500000000005,2.208591790867885,68.0738720105402,3.7743852589195113,22.055423626601993,2549.6148797730807,89.84773760988585,9.589919433416998,0.0,8.13410258168994,1,1188,0.0
2990,367.89000000000004,2.2108695389314152,67.54750369479146,3.746374855724941,22.055423626601993,2549.6148797730807,89.84772773698886,9.552621161173136,0.0,8.134116030495063,1,1188,0.0
2991,367.89500000000004,2.213148882766022,67.02309766358627,3.718461230999062,22.055423626601993,2549.6148797730807,89.84771786409186,9.515317164150428,0.0,8.134129427517044,1,1188,0.0
2992,367.90000000000003,2.21542982159328,66.50065517094193,3.6906444718264284,22.055423626601993,2549.6148797730807,89.84770799119487,9.478007464496939,0.0,8.134142772747856,1,1188,0.0
2993,367.90500000000003,2.2177123546311397,65.98017746634065,3.662924665200767,22.055423626601993,2549.6148797730807,89.84769811829788,9.440692084373024,0.0,8.1341560661795,1,1188,0.0
2994,367.9100000000001,2.219996481093928,65.46166579472356,3.635301898026157,22.055423626601993,2549.6148797730807,89.84768824540087,9.40337104595129,0.0,8.134169307804008,1,1188,0.0
2995,367.9150000000001,2.22228220019235,64.94512139648462,3.6077762571167677,22.055423626601993,2549.6148797730807,89.84767837250389,9.366044371416521,0.0,8.134182497613448,1,1188,0.0
2996,367.9200000000001,2.224569511133486,64.43054550746457,3.5803478291984794,22.055423626601993,2549.6148797730807,89.8476684996069,9.328712082965621,0.0,8.134195635599914,1,1188,0.0
2997,367.92500000000007,2.2268584131207962,63.91793935894493,3.5530167009093745,22.055423626601993,2549.6148797730807,89.8476586267099,9.29137420280755,0.0,8.134208721755531,1,1188,0.0
2998,367.93000000000006,2.2291489053541205,63.40730417764186,3.5257829588003307,22.055423626601993,2549.6148797730807,89.8476487538129,9.25403075316327,0.0,8.134221756072456,1,1188,0.0
2999,367.93500000000006,2.231440987029676,62.89864118570046,3.498646689335686,22.055423626601993,2549.6148797730807,89.84763888091591,9.216681756265672,0.0,8.134234738542876,1,1188,0.0
3000,367.94000000000005,2.233734657340061,62.39195160068854,3.471607978894565,22.055423626601993,2549.6148797730807,89.84762900801891,9.179327234359526,0.0,8.13424766915901,1,1188,0.0
3001,367.94500000000005,2.2360299154742562,61.88723663559096,3.444666913771077,22.055423626601993,2549.6148797730807,89.84761913512193,9.141967209701413,0.0,8.134260547913106,1,1188,0.0
3002,367.95000000000005,2.2383267606176216,61.3844974988035,3.4178235801754475,22.055423626601993,2549.6148797730807,89.84760926222492,9.104601704559657,0.0,8.134273374797445,1,1188,0.0
3003,367.95500000000004,2.2406251919519,60.883735394127136,3.391078064234841,22.055423626601993,2549.6148797730807,89.84759938932794,9.067230741214276,0.0,8.134286149804339,1,1188,0.0
3004,367.96000000000004,2.242925208655218,60.38495152076214,3.364430451994058,22.055423626601993,2549.6148797730807,89.84758951643094,9.029854341956911,0.0,8.134298872926127,1,1188,0.0
3005,367.96500000000003,2.245226809902087,59.88814707330226,3.3378808294164366,22.055423626601993,2549.6148797730807,89.84757964353395,8.992472529090763,0.0,8.134311544155185,1,1188,0.0
3006,367.97,2.247529994863401,59.39332324172889,3.311429282384947,22.055423626601993,2549.6148797730807,89.84756977063697,8.955085324930533,0.0,8.134324163483914,1,1188,0.0
3007,367.9750000000001,2.249834762706441,58.90048121140534,3.2850758967027724,22.055423626601993,2549.6148797730807,89.84755989773996,8.917692751802361,0.0,8.13433673090475,1,1188,0.0
3008,367.9800000000001,2.252141112594874,58.40962216307111,3.258820758094714,22.055423626601993,2549.6148797730807,89.84755002484297,8.880294832043758,0.0,8.134349246410158,1,1188,0.0
3009,367.98500000000007,2.254449043688754,57.92074727283603,3.232663952207031,22.055423626601993,2549.6148797730807,89.84754015194596,8.842891588003546,0.0,8.134361709992637,1,1188,0.0
3010,367.99000000000007,2.256758555144524,57.43385771217473,3.206605564610016,22.055423626601993,2549.6148797730807,89.84753027904898,8.805483042041795,0.0,8.134374121644711,1,1188,0.0
3011,367.99500000000006,2.2590696461150177,56.94895464792081,3.1806456807974364,22.055423626601993,2549.6148797730807,89.84752040615199,8.768069216529756,0.0,8.13438648135894,1,1188,0.0
3012,368.00000000000006,2.2613823157494553,56.46603924226129,3.1547843861886573,22.055423626601993,2549.6148797730807,89.84751053325499,8.730650133849805,0.0,8.134398789127912,1,1188,0.0
3013,368.00500000000005,2.2636965631934505,55.98511265273098,3.129021766128689,22.055423626601993,2549.6148797730807,89.847500660358,8.693225816395369,0.0,8.134411044944253,1,1188,0.0
3014,368.01000000000005,2.26601238758901,55.50617603220682,3.103357905890139,22.055423626601993,2549.6148797730807,89.847490787461,8.65579628657087,0.0,8.134423248800609,1,1188,0.0
3015,368.01500000000004,2.2683297880745323,55.02923052890229,3.0777928906734915,22.055423626601993,2549.6148797730807,89.847480914564,8.618361566791657,0.0,8.134435400689666,1,1188,0.0
3016,368.02000000000004,2.270648763784812,54.55427728636194,3.0523268056085997,22.055423626601993,2549.6148797730807,89.84747104166702,8.580921679483943,0.0,8.134447500604137,1,1188,0.0
3017,368.02500000000003,2.2729693138510356,54.08131744345584,3.026959735755685,22.055423626601993,2549.6148797730807,89.84746116877001,8.543476647084741,0.0,8.134459548536766,1,1188,0.0
3018,368.03000000000003,2.2752914374007913,53.61035213437399,3.0016917661063265,22.055423626601993,2549.6148797730807,89.84745129587303,8.5060264920418,0.0,8.13447154448033,1,1188,0.0
3019,368.0350000000001,2.277615133558062,53.14138248862102,2.97652298158478,22.055423626601993,2549.6148797730807,89.84744142297603,8.468571236813537,0.0,8.13448348842764,1,1188,0.0
3020,368.0400000000001,2.279940401443229,52.67440963101055,2.951453467048978,22.055423626601993,2549.6148797730807,89.84743155007904,8.431110903868975,0.0,8.134495380371527,1,1188,0.0
3021,368.0450000000001,2.2822672401730766,52.20943468165982,2.926483307291776,22.055423626601993,2549.6148797730807,89.84742167718206,8.393645515687675,0.0,8.134507220304865,1,1188,0.0
3022,368.05000000000007,2.284595648860788,51.746458755984435,2.901612587041947,22.055423626601993,2549.6148797730807,89.84741180428504,8.356175094759681,0.0,8.134519008220556,1,1188,0.0
3023,368.05500000000006,2.2869256266159512,51.28548296469277,2.876841390965887,22.055423626601993,2549.6148797730807,89.84740193138806,8.318699663585436,0.0,8.134530744111528,1,1188,0.0
3024,368.06000000000006,2.2892571725445556,50.826508413780765,2.8521698036681937,22.055423626601993,2549.6148797730807,89.84739205849107,8.281219244675734,0.0,8.134542427970748,1,1188,0.0
3025,368.06500000000005,2.291590285748999,50.36953620452656,2.8275979096934796,22.055423626601993,2549.6148797730807,89.84738218559407,8.243733860551645,0.0,8.134554059791212,1,1188,0.0
3026,368.07000000000005,2.293924965328084,49.914567433485196,2.8031257935273843,22.055423626601993,2549.6148797730807,89.84737231269708,8.206243533744448,0.0,8.134565639565938,1,1188,0.0
3027,368.07500000000005,2.296261210377022,49.46160319248336,2.7787535395979126,22.055423626601993,2549.6148797730807,89.84736243980008,8.168748286795575,0.0,8.13457716728799,1,1188,0.0
3028,368.08000000000004,2.2985990199874338,49.010644568614154,2.7544812322768855,22.055423626601993,2549.6148797730807,89.84735256690308,8.131248142256533,0.0,8.134588642950453,1,1188,0.0
3029,368.08500000000004,2.30093839324735,48.5616926442318,2.730308955881001,22.055423626601993,2549.6148797730807,89.84734269400609,8.093743122688846,0.0,8.134600066546449,1,1188,0.0
3030,368.09000000000003,2.303279329241217,48.114748496946525,2.706236794673795,22.055423626601993,2549.6148797730807,89.84733282110909,8.056233250663979,0.0,8.134611438069125,1,1188,0.0
3031,368.095,2.3056218270498907,47.66981319961942,2.6822648328662453,22.055423626601993,2549.6148797730807,89.84732294821211,8.018718548763282,0.0,8.134622757511668,1,1188,0.0
3032,368.1000000000001,2.307965885750645,47.22688782035716,2.658393154619092,22.055423626601993,2549.6148797730807,89.8473130753151,7.981199039577915,0.0,8.134634024867287,1,1188,0.0
3033,368.1050000000001,2.310311504417171,46.78597342250707,2.6346218440436435,22.055423626601993,2549.6148797730807,89.84730320241812,7.943674745708791,0.0,8.13464524012923,1,1188,0.0
3034,368.11000000000007,2.312658682119578,46.3470710646519,2.6109509852034978,22.055423626601993,2549.6148797730807,89.84729332952112,7.906145689766492,0.0,8.134656403290771,1,1188,0.0
3035,368.11500000000007,2.3150074179243947,45.91018180060486,2.587380662116069,22.055423626601993,2549.6148797730807,89.84728345662413,7.8686118943712176,0.0,8.13466751434522,1,1188,0.0
3036,368.12000000000006,2.317357710894572,45.47530667940449,2.56391095875407,22.055423626601993,2549.6148797730807,89.84727358372714,7.831073382152706,0.0,8.134678573285912,1,1188,0.0
3037,368.12500000000006,2.3197095600894846,45.042446745309725,2.5405419590473786,22.055423626601993,2549.6148797730807,89.84726371083013,7.793530175750174,0.0,8.134689580106219,1,1188,0.0
3038,368.13000000000005,2.322062964564933,44.611603037794936,2.517273746884257,22.055423626601993,2549.6148797730807,89.84725383793315,7.7559822978122455,0.0,8.134700534799546,1,1188,0.0
3039,368.13500000000005,2.324417923373143,44.1827765915449,2.494106406113205,22.055423626601993,2549.6148797730807,89.84724396503616,7.718429770996884,0.0,8.134711437359321,1,1188,0.0
3040,368.14000000000004,2.32677443556277,43.755968436449926,2.471040020544438,22.055423626601993,2549.6148797730807,89.84723409213916,7.68087261797132,0.0,8.134722287779013,1,1188,0.0
3041,368.14500000000004,2.329132500178901,43.3311795976009,2.4480746739519508,22.055423626601993,2549.6148797730807,89.84722421924216,7.64331086141199,0.0,8.134733086052115,1,1188,0.0
3042,368.15000000000003,2.331492116263052,42.90841109528452,2.425210450075068,22.055423626601993,2549.6148797730807,89.84721434634517,7.6057445240044625,0.0,8.134743832172155,1,1188,0.0
3043,368.15500000000003,2.333853282853177,42.487663944978344,2.402447432620004,22.055423626601993,2549.6148797730807,89.84720447344817,7.5681736284433665,0.0,8.134754526132694,1,1188,0.0
3044,368.1600000000001,2.3362159989836635,42.06893915734601,2.379785705261889,22.055423626601993,2549.6148797730807,89.84719460055118,7.530598197432331,0.0,8.13476516792732,1,1188,0.0
3045,368.1650000000001,2.3385802636853383,41.652237738232465,2.357225351646699,22.055423626601993,2549.6148797730807,89.84718472765418,7.493018253683907,0.0,8.134775757549656,1,1188,0.0
3046,368.1700000000001,2.3409460759854666,41.23756068865917,2.334766455392902,22.055423626601993,2549.6148797730807,89.8471748547572,7.4554338199195,0.0,8.134786294993356,1,1188,0.0
3047,368.17500000000007,2.3433134349077562,40.82490900481941,2.3124091000934945,22.055423626601993,2549.6148797730807,89.84716498186019,7.417844918869303,0.0,8.134796780252104,1,1188,0.0
3048,368.18000000000006,2.34568233947236,40.4142836780735,2.2901533693179195,22.055423626601993,2549.6148797730807,89.84715510896321,7.380251573272225,0.0,8.134807213319617,1,1188,0.0
3049,368.18500000000006,2.348052788695875,40.00568569494422,2.267999346614046,22.055423626601993,2549.6148797730807,89.84714523606621,7.342653805875818,0.0,8.134817594189641,1,1188,0.0
3050,368.19000000000005,2.3504247815913453,39.59911603711205,2.2459471155101993,22.055423626601993,2549.6148797730807,89.84713536316922,7.30505163943621,0.0,8.13482792285596,1,1188,0.0
3051,368.19500000000005,2.352798317168268,39.194575681410626,2.2239967595172048,22.055423626601993,2549.6148797730807,89.84712549027223,7.267445096718034,0.0,8.134838199312382,1,1188,0.0
3052,368.20000000000005,2.3551733944325903,38.7920655998221,2.202148362130554,22.055423626601993,2549.6148797730807,89.84711561737522,7.229834200494354,0.0,8.13484842355275,1,1188,0.0
3053,368.20500000000004,2.3575500123867137,38.3915867594726,2.1804020068324776,22.055423626601993,2549.6148797730807,89.84710574447824,7.192218973546595,0.0,8.13485859557094,1,1188,0.0
3054,368.21000000000004,2.3599281700294967,37.99314012262765,2.1587577770940776,22.055423626601993,2549.6148797730807,89.84709587158125,7.154599438664475,0.0,8.134868715360858,1,1188,0.0
3055,368.21500000000003,2.362307866356258,37.596726646687685,2.1372157563776244,22.055423626601993,2549.6148797730807,89.84708599868425,7.116975618645928,0.0,8.13487878291644,1,1188,0.0
3056,368.22,2.3646891003587736,37.202347284183546,2.115776028139016,22.055423626601993,2549.6148797730807,89.84707612578725,7.079347536297037,0.0,8.134888798231655,1,1188,0.0
3057,368.2250000000001,2.3670718710252863,36.81000298277207,2.09443867582961,22.055423626601993,2549.6148797730807,89.84706625289026,7.041715214431959,0.0,8.134898761300507,1,1188,0.0
3058,368.2300000000001,2.3694561773405027,36.4196946852316,2.073203782899152,22.055423626601993,2549.6148797730807,89.84705637999326,7.004078675872852,0.0,8.134908672117025,1,1188,0.0
3059,368.23500000000007,2.3718420182855975,36.031423329457596,2.052071432797699,22.055423626601993,2549.6148797730807,89.84704650709628,6.9664379434498045,0.0,8.134918530675275,1,1188,0.0
3060,368.24000000000007,2.3742293928382177,35.64518984845831,2.0310417089782997,22.055423626601993,2549.6148797730807,89.84703663419927,6.928793040000763,0.0,8.134928336969354,1,1188,0.0
3061,368.24500000000006,2.3766182999724794,35.2609951703504,2.010114694899627,22.055423626601993,2549.6148797730807,89.84702676130229,6.891143988371457,0.0,8.134938090993387,1,1188,0.0
3062,368.25000000000006,2.3790087386589773,34.87884021835461,1.9892904740281303,22.055423626601993,2549.6148797730807,89.84701688840529,6.853490811415328,0.0,8.134947792741535,1,1188,0.0
3063,368.25500000000005,2.3814007078647825,34.49872591079152,1.9685691298410743,22.055423626601993,2549.6148797730807,89.8470070155083,6.815833531993451,0.0,8.13495744220799,1,1188,0.0
3064,368.26000000000005,2.383794206553446,34.120653161077264,1.9479507458289604,22.055423626601993,2549.6148797730807,89.8469971426113,6.778172172974467,0.0,8.134967039386972,1,1188,0.0
3065,368.26500000000004,2.3861892336850032,33.74462287771931,1.9274354054982095,22.055423626601993,2549.6148797730807,89.8469872697143,6.740506757234506,0.0,8.134976584272739,1,1188,0.0
3066,368.27000000000004,2.3885857882159724,33.37063596431221,1.9070231923739582,22.055423626601993,2549.6148797730807,89.84697739681732,6.702837307657112,0.0,8.134986076859573,1,1188,0.0
3067,368.27500000000003,2.390983869099363,32.99869331953353,1.8867141900030513,22.055423626601993,2549.6148797730807,89.84696752392031,6.665163847133169,0.0,8.134995517141796,1,1188,0.0
3068,368.28000000000003,2.393383475284673,32.62879583713963,1.8665084819566358,22.055423626601993,2549.6148797730807,89.84695765102333,6.627486398560828,0.0,8.135004905113755,1,1188,0.0
3069,368.2850000000001,2.395784605717894,32.2609444059616,1.8464061518332904,22.055423626601993,2549.6148797730807,89.84694777812634,6.589804984845429,0.0,8.135014240769832,1,1188,0.0
3070,368.2900000000001,2.3981872593415146,31.89513990990112,1.8264072832618035,22.055423626601993,2549.6148797730807,89.84693790522934,6.552119628899426,0.0,8.135023524104444,1,1188,0.0
3071,368.2950000000001,2.400591435094523,31.531383227926444,1.8065119599045856,22.055423626601993,2549.6148797730807,89.84692803233234,6.514430353642314,0.0,8.13503275511203,1,1188,0.0
3072,368.30000000000007,2.4029971319124073,31.169675234068382,1.786720265460398,22.055423626601993,2549.6148797730807,89.84691815943535,6.476737182000549,0.0,8.135041933787072,1,1188,0.0
3073,368.30500000000006,2.4054043487271626,30.8100167974163,1.7670322836677874,22.055423626601993,2549.6148797730807,89.84690828653835,6.439040136907475,0.0,8.135051060124075,1,1188,0.0
3074,368.31000000000006,2.4078130844672896,30.452408782114126,1.7474480983082012,22.055423626601993,2549.6148797730807,89.84689841364137,6.401339241303248,0.0,8.135060134117584,1,1188,0.0
3075,368.31500000000005,2.4102233380577998,30.09685204735648,1.72796779320933,22.055423626601993,2549.6148797730807,89.84688854074436,6.363634518134754,0.0,8.135069155762167,1,1188,0.0
3076,368.32000000000005,2.4126351084202193,29.743347447384664,1.7085914522485681,22.055423626601993,2549.6148797730807,89.84687866784738,6.325925990355539,0.0,8.13507812505243,1,1188,0.0
3077,368.32500000000005,2.415048394472591,29.39189583148292,1.6893191593562418,22.055423626601993,2549.6148797730807,89.84686879495038,6.2882136809257245,0.0,8.13508704198301,1,1188,0.0
3078,368.33000000000004,2.4174631951294754,29.04249804397445,1.6701509985194665,22.055423626601993,2549.6148797730807,89.84685892205339,6.2504976128119365,0.0,8.135095906548575,1,1188,0.0
3079,368.33500000000004,2.4198795093019565,28.695154924217718,1.6510870537854097,22.055423626601993,2549.6148797730807,89.84684904915639,6.212777808987222,0.0,8.135104718743822,1,1188,0.0
3080,368.34000000000003,2.422297335897645,28.349867306602583,1.6321274092651274,22.055423626601993,2549.6148797730807,89.8468391762594,6.175054292430973,0.0,8.135113478563488,1,1188,0.0
3081,368.345,2.4247166738206807,28.00663602054656,1.6132721491373982,22.055423626601993,2549.6148797730807,89.84682930336241,6.137327086128847,0.0,8.13512218600233,1,1188,0.0
3082,368.3500000000001,2.427137521971733,27.665461890491148,1.5945213576523027,22.055423626601993,2549.6148797730807,89.8468194304654,6.099596213072689,0.0,8.135130841055151,1,1188,0.0
3083,368.3550000000001,2.4295598792480098,27.326345735898066,1.5758751191353622,22.055423626601993,2549.6148797730807,89.84680955756842,6.061861696260455,0.0,8.135139443716772,1,1188,0.0
3084,368.36000000000007,2.431983744543256,26.98928837124563,1.5573335179914778,22.055423626601993,2549.6148797730807,89.84679968467142,6.024123558696123,0.0,8.135147993982056,1,1188,0.0
3085,368.36500000000007,2.4344091167477595,26.654290606025114,1.5388966387089058,22.055423626601993,2549.6148797730807,89.84678981177443,5.98638182338962,0.0,8.135156491845894,1,1188,0.0
3086,368.37000000000006,2.4368359947483524,26.321353244737125,1.5205645658635167,22.055423626601993,2549.6148797730807,89.84677993887743,5.948636513356746,0.0,8.135164937303207,1,1188,0.0
3087,368.37500000000006,2.4392643774284175,25.990477086888077,1.5023373841230858,22.055423626601993,2549.6148797730807,89.84677006598044,5.910887651619081,0.0,8.135173330348954,1,1188,0.0
3088,368.38000000000005,2.4416942636678884,25.661662926986615,1.4842151782515596,22.055423626601993,2549.6148797730807,89.84676019308344,5.873135261203914,0.0,8.135181670978119,1,1188,0.0
3089,368.38500000000005,2.4441256523432555,25.3349115545401,1.46619803311356,22.055423626601993,2549.6148797730807,89.84675032018646,5.835379365144156,0.0,8.135189959185722,1,1188,0.0
3090,368.39000000000004,2.446558542327568,25.01022375405116,1.4482860336789407,22.055423626601993,2549.6148797730807,89.84674044728946,5.797619986478264,0.0,8.135198194966813,1,1188,0.0
3091,368.39500000000004,2.4489929324904387,24.687600305014236,1.430479265027327,22.055423626601993,2549.6148797730807,89.84673057439247,5.75985714825015,0.0,8.135206378316477,1,1188,0.0
3092,368.40000000000003,2.4514288216980464,24.36704198191215,1.4127778123530108,22.055423626601993,2549.6148797730807,89.84672070149547,5.722090873509107,0.0,8.13521450922983,1,1188,0.0
3093,368.40500000000003,2.4538662088131415,24.04854955421274,1.3951817609697528,22.055423626601993,2549.6148797730807,89.84671082859848,5.684321185309722,0.0,8.135222587702014,1,1188,0.0
3094,368.4100000000001,2.456305092695047,23.732123786365495,1.3776911963156775,22.055423626601993,2549.6148797730807,89.8467009557015,5.646548106711791,0.0,8.135230613728213,1,1188,0.0
3095,368.4150000000001,2.458745472199665,23.41776543779823,1.3603062039584097,22.055423626601993,2549.6148797730807,89.84669108280448,5.608771660780237,0.0,8.135238587303636,1,1188,0.0
3096,368.4200000000001,2.4611873461794787,23.105475262913835,1.3430268696003573,22.055423626601993,2549.6148797730807,89.8466812099075,5.570991870585028,0.0,8.135246508423528,1,1188,0.0
3097,368.42500000000007,2.4636307134835578,22.795254011086957,1.3258532790837545,22.055423626601993,2549.6148797730807,89.84667133701049,5.53320875920109,0.0,8.135254377083163,1,1188,0.0
3098,368.43000000000006,2.466075572957559,22.487102426660833,1.3087855183964745,22.055423626601993,2549.6148797730807,89.84666146411351,5.4954223497082175,0.0,8.135262193277846,1,1188,0.0
3099,368.43500000000006,2.4685219234437374,22.18102124894404,1.2918236736772541,22.055423626601993,2549.6148797730807,89.84665159121651,5.457632665190998,0.0,8.135269957002917,1,1188,0.0
3100,368.44000000000005,2.4709697637809405,21.8770112122074,1.274967831221511,22.055423626601993,2549.6148797730807,89.84664171831952,5.419839728738717,0.0,8.13527766825375,1,1188,0.0
3101,368.44500000000005,2.4734190928046207,21.575073045680817,1.2582180774871963,22.055423626601993,2549.6148797730807,89.84663184542252,5.382043563445277,0.0,8.135285327025745,1,1188,0.0
3102,368.45000000000005,2.4758699093468355,21.275207473550154,1.2415744991007296,22.055423626601993,2549.6148797730807,89.84662197252553,5.344244192409105,0.0,8.13529293331434,1,1188,0.0
3103,368.45500000000004,2.4783222122362525,20.977415214954235,1.2250371828630482,22.055423626601993,2549.6148797730807,89.84661209962853,5.306441638733074,0.0,8.135300487115,1,1188,0.0
3104,368.46000000000004,2.4807760002981523,20.681696983981755,1.2086062157558735,22.055423626601993,2549.6148797730807,89.84660222673155,5.268635925524405,0.0,8.135307988423225,1,1188,0.0
3105,368.46500000000003,2.4832312723544363,20.388053489668327,1.1922816849481648,22.055423626601993,2549.6148797730807,89.84659235383455,5.230827075894586,0.0,8.13531543723455,1,1188,0.0
3106,368.47,2.4856880272236266,20.096485435993483,1.176063677802561,22.055423626601993,2549.6148797730807,89.84658248093756,5.193015112959277,0.0,8.135322833544533,1,1188,0.0
3107,368.4750000000001,2.4881462637208744,19.806993521877768,1.159952281882159,22.055423626601993,2549.6148797730807,89.84657260804056,5.155200059838229,0.0,8.135330177348774,1,1188,0.0
3108,368.4800000000001,2.490605980657962,19.519578441179824,1.1439475849573009,22.055423626601993,2549.6148797730807,89.84656273514356,5.117381939655185,0.0,8.135337468642899,1,1188,0.0
3109,368.48500000000007,2.4930671768433066,19.234240882693552,1.1280496750127378,22.055423626601993,2549.6148797730807,89.84655286224658,5.079560775537795,0.0,8.135344707422567,1,1188,0.0
3110,368.49000000000007,2.4955298510819697,18.950981530145242,1.1122586402547139,22.055423626601993,2549.6148797730807,89.84654298934957,5.041736590617522,0.0,8.135351893683472,1,1188,0.0
3111,368.49500000000006,2.497994002175655,18.66980106219081,1.096574569118386,22.055423626601993,2549.6148797730807,89.84653311645259,5.003909408029554,0.0,8.135359027421337,1,1188,0.0
3112,368.50000000000006,2.5004596289227177,18.390700152413025,1.0809975502754219,22.055423626601993,2549.6148797730807,89.84652324355558,4.966079250912709,0.0,8.135366108631919,1,1188,0.0
3113,368.50500000000005,2.502926730118169,18.11367946931876,1.0655276726417193,22.055423626601993,2549.6148797730807,89.8465133706586,4.928246142409343,0.0,8.135373137311007,1,1188,0.0
3114,368.51000000000005,2.5053953045536774,17.838739676336345,1.0501650253853714,22.055423626601993,2549.6148797730807,89.8465034977616,4.8904101056652545,0.0,8.135380113454419,1,1188,0.0
3115,368.51500000000004,2.5078653510175797,17.565881431812844,1.0349096979348924,22.055423626601993,2549.6148797730807,89.8464936248646,4.852571163829595,0.0,8.135387037058008,1,1188,0.0
3116,368.52000000000004,2.5103368682948783,17.295105389011468,1.0197617799874743,22.055423626601993,2549.6148797730807,89.84648375196761,4.8147293400547735,0.0,8.135393908117662,1,1188,0.0
3117,368.52500000000003,2.5128098551672533,17.02641219610899,1.0047213615176083,22.055423626601993,2549.6148797730807,89.84647387907061,4.776884657496355,0.0,8.135400726629294,1,1188,0.0
3118,368.53000000000003,2.515284310413064,16.759802496193153,0.9897885327859515,22.055423626601993,2549.6148797730807,89.84646400617362,4.739037139312973,0.0,8.135407492588858,1,1188,0.0
3119,368.5350000000001,2.517760232807352,16.49527692726017,0.9749633843482813,22.055423626601993,2549.6148797730807,89.84645413327664,4.701186808666228,0.0,8.13541420599233,1,1188,0.0
3120,368.5400000000001,2.5202376211218533,16.232836122212248,0.9602460070647957,22.055423626601993,2549.6148797730807,89.84644426037964,4.663333688720592,0.0,8.135420866835725,1,1188,0.0
3121,368.5450000000001,2.522716474124996,15.972480708855096,0.9456364921096471,22.055423626601993,2549.6148797730807,89.84643438748265,4.625477802643311,0.0,8.13542747511509,1,1188,0.0
3122,368.55000000000007,2.5251967905819104,15.714211309895555,0.9311349309807084,22.055423626601993,2549.6148797730807,89.84642451458565,4.587619173604302,0.0,8.135434030826502,1,1188,0.0
3123,368.55500000000006,2.5276785692544324,15.458028542939184,0.9167414155095963,22.055423626601993,2549.6148797730807,89.84641464168865,4.549757824776059,0.0,8.13544053396607,1,1188,0.0
3124,368.56000000000006,2.530161808901109,15.203933020487916,0.9024560378720079,22.055423626601993,2549.6148797730807,89.84640476879167,4.511893779333551,0.0,8.135446984529937,1,1188,0.0
3125,368.56500000000005,2.5326465082772067,14.95192534993777,0.8882788905982667,22.055423626601993,2549.6148797730807,89.84639489589466,4.474027060454122,0.0,8.135453382514276,1,1188,0.0
3126,368.57000000000005,2.5351326661347118,14.702006133576576,0.8742100665842619,22.055423626601993,2549.6148797730807,89.84638502299768,4.436157691317385,0.0,8.135459727915295,1,1188,0.0
3127,368.57500000000005,2.5376202812223414,14.454175968581696,0.8602496591025433,22.055423626601993,2549.6148797730807,89.84637515010067,4.398285695105124,0.0,8.135466020729233,1,1188,0.0
3128,368.58000000000004,2.5401093522855467,14.208435447017877,0.8463977618139487,22.055423626601993,2549.6148797730807,89.84636527720369,4.36041109500119,0.0,8.135472260952358,1,1188,0.0
3129,368.58500000000004,2.542599878066518,13.964785155835054,0.8326544687792891,22.055423626601993,2549.6148797730807,89.84635540430669,4.322533914191394,0.0,8.135478448580976,1,1188,0.0
3130,368.59000000000003,2.545091857304194,13.723225676866228,0.8190198744716126,22.055423626601993,2549.6148797730807,89.8463455314097,4.2846541758634045,0.0,8.135484583611419,1,1188,0.0
3131,368.595,2.547585288734263,13.483757586825389,0.805494073788597,22.055423626601993,2549.6148797730807,89.8463356585127,4.24677190320664,0.0,8.135490666040058,1,1188,0.0
3132,368.6000000000001,2.5500801710891747,13.246381457305437,0.7920771620655542,22.055423626601993,2549.6148797730807,89.8463257856157,4.208887119412163,0.0,8.13549669586329,1,1188,0.0
3133,368.6050000000001,2.5525765030981407,13.011097854776198,0.7787692350885196,22.055423626601993,2549.6148797730807,89.84631591271872,4.170999847672571,0.0,8.135502673077548,1,1188,0.0
3134,368.61000000000007,2.555074283487145,12.777907340582424,0.7655703891079837,22.055423626601993,2549.6148797730807,89.84630603982173,4.133110111181891,0.0,8.135508597679296,1,1188,0.0
3135,368.61500000000007,2.5575735109789504,12.546810470941853,0.7524807208528687,22.055423626601993,2549.6148797730807,89.84629616692473,4.095217933135461,0.0,8.135514469665031,1,1188,0.0
3136,368.62000000000006,2.5600741842931005,12.317807796943315,0.7395003275450431,22.055423626601993,2549.6148797730807,89.84628629402773,4.057323336729831,0.0,8.135520289031279,1,1188,0.0
3137,368.62500000000006,2.562576302145932,12.090899864544875,0.7266293069141243,22.055423626601993,2549.6148797730807,89.84627642113074,4.019426345162641,0.0,8.135526055774601,1,1188,0.0
3138,368.63000000000005,2.565079863250577,11.86608721457199,0.7138677572128412,22.055423626601993,2549.6148797730807,89.84626654823374,3.9815269816325136,0.0,8.135531769891593,1,1188,0.0
3139,368.63500000000005,2.567584866316974,11.643370382715734,0.7012157772328763,22.055423626601993,2549.6148797730807,89.84625667533676,3.9436252693389364,0.0,8.135537431378877,1,1188,0.0
3140,368.64000000000004,2.570091310051869,11.422749899531047,0.6886734663211103,22.055423626601993,2549.6148797730807,89.84624680243975,3.9057212314821492,0.0,8.13554304023311,1,1188,0.0
3141,368.64500000000004,2.5725991931588292,11.204226290435033,0.6762409243964571,22.055423626601993,2549.6148797730807,89.84623692954277,3.8678148912630257,0.0,8.135548596450983,1,1188,0.0
3142,368.65000000000003,2.5751085143382446,10.98780007570529,0.6635287904284838,22.055423626601993,2549.6148797730807,89.84622705664577,3.829906284015736,0.0,8.135554100029218,1,1188,0.0
3143,368.65500000000003,2.5776192714835564,10.773471838736944,0.6505859852399623,22.055423626601993,2549.6148797730807,89.84621718374878,3.791995404729501,0.0,8.135559550964574,1,1188,0.0
3144,368.6600000000001,2.580131465157598,10.561241930344773,0.637769893443792,22.055423626601993,2549.6148797730807,89.84620731085178,3.754082297938764,0.0,8.135564949253808,1,1188,0.0
3145,368.6650000000001,2.582645092638223,10.351110975704005,0.6250805527929136,22.055423626601993,2549.6148797730807,89.84619743795479,3.716167036806904,0.0,8.135570294893801,1,1188,0.0
3146,368.6700000000001,2.58516014929771,10.143079746373358,0.6125180098800409,22.055423626601993,2549.6148797730807,89.84618756505779,3.6782496432880354,0.0,8.135575587881386,1,1188,0.0
3147,368.67500000000007,2.5876766338979205,9.937148720939245,0.600082293605942,22.055423626601993,2549.6148797730807,89.8461776921608,3.6403301393401364,0.0,8.135580828213387,1,1188,0.0
3148,368.68000000000006,2.5901945451974946,9.733318373137635,0.5877734325784775,22.055423626601993,2549.6148797730807,89.84616781926381,3.602408546931733,0.0,8.135586015886796,1,1188,0.0
3149,368.68500000000006,2.5927138819514033,9.531589171887646,0.5755914551146295,22.055423626601993,2549.6148797730807,89.84615794636682,3.564484888036326,0.0,8.135591150898636,1,1188,0.0
3150,368.69000000000005,2.595234642911314,9.331961581258755,0.5635363892385206,22.055423626601993,2549.6148797730807,89.84614807346982,3.5265591846323403,0.0,8.13559623324596,1,1188,0.0
3151,368.69500000000005,2.5977568268255986,9.134436060468477,0.5516082626812746,22.055423626601993,2549.6148797730807,89.84613820057282,3.488631458703073,0.0,8.135601262925857,1,1188,0.0
3152,368.70000000000005,2.6002804324393303,8.939013063880072,0.5398071028808774,22.055423626601993,2549.6148797730807,89.84612832767583,3.450701732236647,0.0,8.135606239935434,1,1188,0.0
3153,368.70500000000004,2.6028054584942897,8.745693041000274,0.5281329369820404,22.055423626601993,2549.6148797730807,89.84611845477883,3.412770027225953,0.0,8.135611164271843,1,1188,0.0
3154,368.71000000000004,2.605331903728963,8.554476436477046,0.5165857918360639,22.055423626601993,2549.6148797730807,89.84610858188185,3.3748363656686062,0.0,8.135616035932257,1,1188,0.0
3155,368.71500000000003,2.607859766878547,8.365363690097343,0.5051656940007038,22.055423626601993,2549.6148797730807,89.84609870898484,3.3369007695668915,0.0,8.135620854913881,1,1188,0.0
3156,368.72,2.610389046674952,8.178355236784938,0.4938726697400383,22.055423626601993,2549.6148797730807,89.84608883608786,3.2989632609277133,0.0,8.135625621213954,1,1188,0.0
3157,368.7250000000001,2.6129197418468006,7.993451506598221,0.4827067450243365,22.055423626601993,2549.6148797730807,89.84607896319086,3.2610238617625447,0.0,8.135630334829742,1,1188,0.0
3158,368.7300000000001,2.6154518511194342,7.810652924728051,0.471667945529928,22.055423626601993,2549.6148797730807,89.84606909029387,3.223082594087376,0.0,8.135634995758542,1,1188,0.0
3159,368.73500000000007,2.617985373214911,7.629959911495635,0.46075629663907525,22.055423626601993,2549.6148797730807,89.84605921739687,3.1851394799226656,0.0,8.135639603997683,1,1188,0.0
3160,368.74000000000007,2.6205203068520104,7.451372882350426,0.4499718234398456,22.055423626601993,2549.6148797730807,89.84604934449987,3.1471945412932882,0.0,8.135644159544526,1,1188,0.0
3161,368.74500000000006,2.623056650746237,7.27489224786803,0.4393145507259863,22.055423626601993,2549.6148797730807,89.8460394716029,3.1092478002284825,0.0,8.135648662396457,1,1188,0.0
3162,368.75000000000006,2.625594403609819,7.1005184137481505,0.4287845029967994,22.055423626601993,2549.6148797730807,89.84602959870588,3.0712992787618023,0.0,8.1356531125509,1,1188,0.0
3163,368.75500000000005,2.628133564151713,6.928251780812566,0.4183817044570199,22.055423626601993,2549.6148797730807,89.8460197258089,3.0333489989310642,0.0,8.135657510005302,1,1188,0.0
3164,368.76000000000005,2.630674131077607,6.758092745003109,0.4081061790166938,22.055423626601993,2549.6148797730807,89.8460098529119,2.9953969827782974,0.0,8.135661854757146,1,1188,0.0
3165,368.76500000000004,2.6332161030899197,6.590041697379687,0.3979579502910586,22.055423626601993,2549.6148797730807,89.84599998001491,2.957443252349691,0.0,8.135666146803946,1,1188,0.0
3166,368.77000000000004,2.6357594788878074,6.424099024118316,0.3879370416004244,22.055423626601993,2549.6148797730807,89.84599010711791,2.919487829695546,0.0,8.135670386143241,1,1188,0.0
3167,368.77500000000003,2.638304257167161,6.26026510650919,0.3780434759700573,22.055423626601993,2549.6148797730807,89.84598023422092,2.881530736870221,0.0,8.135674572772606,1,1188,0.0
3168,368.78000000000003,2.6408504366206134,6.0985403209547595,0.36827727613006345,22.055423626601993,2549.6148797730807,89.84597036132392,2.8435719959320838,0.0,8.135678706689646,1,1188,0.0
3169,368.7850000000001,2.643398015937538,5.938925038967848,0.3586384645152754,22.055423626601993,2549.6148797730807,89.84596048842694,2.8056116289434576,0.0,8.13568278789199,1,1188,0.0
3170,368.7900000000001,2.645946993804054,5.781419627169782,0.34912706326513915,22.055423626601993,2549.6148797730807,89.84595061552993,2.7676496579705727,0.0,8.13568681637731,1,1188,0.0
3171,368.7950000000001,2.6484973689030267,5.626024447288556,0.339743094223603,22.055423626601993,2549.6148797730807,89.84594074263295,2.729686105083513,0.0,8.135690792143299,1,1188,0.0
3172,368.80000000000007,2.651049139914072,5.472739856157004,0.3304865789390077,22.055423626601993,2549.6148797730807,89.84593086973595,2.6917209923561662,0.0,8.13569471518768,1,1188,0.0
3173,368.80500000000006,2.653602305513556,5.321566205711013,0.32135753866397815,22.055423626601993,2549.6148797730807,89.84592099683896,2.653754341866172,0.0,8.135698585508216,1,1188,0.0
3174,368.81000000000006,2.6561568643746014,5.17250384298776,0.3123559943553169,22.055423626601993,2549.6148797730807,89.84591112394196,2.6157861756948715,0.0,8.135702403102687,1,1188,0.0
3175,368.81500000000005,2.658712815167086,5.02555311012395,0.3034819666738982,22.055423626601993,2549.6148797730807,89.84590125104496,2.577816515927255,0.0,8.135706167968918,1,1188,0.0
3176,368.82000000000005,2.661270156557648,4.8807143443541126,0.2947354759845647,22.055423626601993,2549.6148797730807,89.84589137814798,2.539845384651912,0.0,8.135709880104756,1,1188,0.0
3177,368.82500000000005,2.663828887209688,4.737987878008892,0.2861165423560242,22.055423626601993,2549.6148797730807,89.84588150525099,2.501872803960978,0.0,8.135713539508078,1,1188,0.0
3178,368.83000000000004,2.66638900578337,4.597374038513378,0.2776251855607492,22.055423626601993,2549.6148797730807,89.84587163235399,2.4638987959500853,0.0,8.135717146176797,1,1188,0.0
3179,368.83500000000004,2.6689505109356264,4.458873148385458,0.26926142507487705,22.055423626601993,2549.6148797730807,89.845861759457,2.4259233827183118,0.0,8.135720700108854,1,1188,0.0
3180,368.84000000000003,2.671513401320158,4.322485525234195,0.26102528007811215,22.055423626601993,2549.6148797730807,89.84585188656,2.387946586368127,0.0,8.135724201302217,1,1188,0.0
3181,368.845,2.674077675587439,4.188211481758222,0.2529167694536289,22.055423626601993,2549.6148797730807,89.845842013663,2.3499684290053433,0.0,8.135727649754893,1,1188,0.0
3182,368.8500000000001,2.676643332384718,4.056051325744169,0.2449359117879768,22.055423626601993,2549.6148797730807,89.845832140766,2.3119889327390637,0.0,8.135731045464912,1,1188,0.0
3183,368.8550000000001,2.6792103703560213,3.926005360065105,0.2370827253709866,22.055423626601993,2549.6148797730807,89.84582226786901,2.2740081196816306,0.0,8.135734388430338,1,1188,0.0
3184,368.86000000000007,2.6817787881421555,3.798073882679021,0.22935722819567797,22.055423626601993,2549.6148797730807,89.84581239497203,2.236026011948574,0.0,8.135737678649267,1,1188,0.0
3185,368.86500000000007,2.6843485843807104,3.6722571866273164,0.22175943795816883,22.055423626601993,2549.6148797730807,89.84580252207502,2.19804263165856,0.0,8.135740916119822,1,1188,0.0
3186,368.87000000000006,2.6869197577060597,3.5485555600333227,0.21428937205758594,22.055423626601993,2549.6148797730807,89.84579264917804,2.1600580009333417,0.0,8.13574410084016,1,1188,0.0
3187,368.87500000000006,2.689492306749368,3.426969286100851,0.20694704759597699,22.055423626601993,2549.6148797730807,89.84578277628104,2.122072141897703,0.0,8.135747232808468,1,1188,0.0
3188,368.88000000000005,2.692066230138589,3.307498643112757,0.19973248137822436,22.055423626601993,2549.6148797730807,89.84577290338405,2.084085076679412,0.0,8.135750312022962,1,1188,0.0
3189,368.88500000000005,2.6946415264984704,3.1901439044295365,0.19264568991195993,22.055423626601993,2549.6148797730807,89.84576303048705,2.0460968274091673,0.0,8.135753338481889,1,1188,0.0
3190,368.89000000000004,2.697218194450557,3.0749053384879446,0.18568668940748181,22.055423626601993,2549.6148797730807,89.84575315759005,2.008107416220546,0.0,8.13575631218353,1,1188,0.0
3191,368.89500000000004,2.6997962326131915,2.96178320879963,0.17885549577767207,22.055423626601993,2549.6148797730807,89.84574328469307,1.9701168652499532,0.0,8.135759233126192,1,1188,0.0
3192,368.90000000000003,2.70237563960152,2.850777773949814,0.17215212463791651,22.055423626601993,2549.6148797730807,89.84573341179608,1.9321251966365711,0.0,8.135762101308217,1,1188,0.0
3193,368.90500000000003,2.704956414027493,2.7418892875959697,0.16557659130602553,22.055423626601993,2549.6148797730807,89.84572353889908,1.8941324325223057,0.0,8.135764916727975,1,1188,0.0
3194,368.9100000000001,2.7075385544998674,2.6351179984665425,0.1591289108021562,22.055423626601993,2549.6148797730807,89.84571366600208,1.8561385950517366,0.0,8.13576767938387,1,1188,0.0
3195,368.9150000000001,2.7101220596242124,2.5304641503596867,0.1528090978487365,22.055423626601993,2549.6148797730807,89.84570379310509,1.818143706372065,0.0,8.13577038927433,1,1188,0.0
3196,368.9200000000001,2.7127069280029095,2.427927982142032,0.14661716687039053,22.055423626601993,2549.6148797730807,89.84569392020809,1.780147788633062,0.0,8.13577304639782,1,1188,0.0
3197,368.92500000000007,2.7152931582351556,2.327509727747471,0.1405531319938653,22.055423626601993,2549.6148797730807,89.8456840473111,1.742150863987017,0.0,8.135775650752835,1,1188,0.0
3198,368.93000000000006,2.717880748916967,2.229209616175966,0.13461700704795895,22.055423626601993,2549.6148797730807,89.8456741744141,1.7041529545886873,0.0,8.135778202337898,1,1188,0.0
3199,368.93500000000006,2.720469698641183,2.1330278714923945,0.12880880556345076,22.055423626601993,2549.6148797730807,89.84566430151712,1.6661540825952446,0.0,8.135780701151566,1,1188,0.0
3200,368.94000000000005,2.723060005997467,2.038964712825405,0.1231285407730319,22.055423626601993,2549.6148797730807,89.84565442862011,1.6281542701662244,0.0,8.135783147192424,1,1188,0.0
3201,368.94500000000005,2.725651669572308,1.9470203543663025,0.11757622561123869,22.055423626601993,2549.6148797730807,89.84564455572313,1.5901535394634747,0.0,8.135785540459088,1,1188,0.0
3202,368.95000000000005,2.7282446879490294,1.8571950053679604,0.11215187271438636,22.055423626601993,2549.6148797730807,89.84563468282613,1.5521519126511036,0.0,8.135787880950208,1,1188,0.0
3203,368.95500000000004,2.730839059707785,1.7694888701437554,0.10685549442050495,22.055423626601993,2549.6148797730807,89.84562480992913,1.514149411895428,0.0,8.13579016866446,1,1188,0.0
3204,368.96000000000004,2.7334347834255657,1.6839021480665222,0.10168710276927626,22.055423626601993,2549.6148797730807,89.84561493703215,1.4761460593649218,0.0,8.135792403600556,1,1188,0.0
3205,368.96500000000003,2.736031857676204,1.6004350335675421,0.09664670950197256,22.055423626601993,2549.6148797730807,89.84560506413514,1.4381418772301648,0.0,8.135794585757235,1,1188,0.0
3206,368.97,2.7386302810303724,1.5190877161355474,0.09173432606139663,22.055423626601993,2549.6148797730807,89.84559519123816,1.4001368876637905,0.0,8.135796715133267,1,1188,0.0
3207,368.9750000000001,2.7412300520555895,1.439860380315755,0.08694996359182341,22.055423626601993,2549.6148797730807,89.84558531834116,1.3621311128404336,0.0,8.135798791727453,1,1188,0.0
3208,368.9800000000001,2.7438311693162234,1.3627532057089211,0.08229363293894282,22.055423626601993,2549.6148797730807,89.84557544544417,1.3241245749366803,0.0,8.135800815538627,1,1188,0.0
3209,368.98500000000007,2.7464336313734927,1.287766366970426,0.0777653446498045,22.055423626601993,2549.6148797730807,89.84556557254717,1.286117296131015,0.0,8.13580278656565,1,1188,0.0
3210,368.99000000000007,2.7490374367854717,1.214900033809377,0.07336510897276372,22.055423626601993,2549.6148797730807,89.84555569965018,1.2481092986037687,0.0,8.135804704807418,1,1188,0.0
3211,368.99500000000006,2.751642584107091,1.1441543709877389,0.06909293585742883,22.055423626601993,2549.6148797730807,89.84554582675318,1.2101006045370684,0.0,8.135806570262856,1,1188,0.0
3212,369.00000000000006,2.7542490718901433,1.075529538319489,0.06494883495461018,22.055423626601993,2549.6148797730807,89.8455359538562,1.1720912361147837,0.0,8.135808382930918,1,1188,0.0
3213,369.00500000000005,2.756856898683284,1.009025690669797,0.060932815616270716,22.055423626601993,2549.6148797730807,89.84552608095919,1.1340812155224762,0.0,8.135810142810591,1,1188,0.0
3214,369.01000000000005,2.7594660630320367,0.944642977954227,0.05704488689547767,22.055423626601993,2549.6148797730807,89.84551620806221,1.0960705649473477,0.0,8.135811849900891,1,1188,0.0
3215,369.01500000000004,2.7620765634787943,0.8823815451379675,0.05328505754635609,22.055423626601993,2549.6148797730807,89.8455063351652,1.0580593065781876,0.0,8.13581350420087,1,1188,0.0
3216,369.02000000000004,2.7646883985628232,0.8222415322350832,0.04965333602404374,22.055423626601993,2549.6148797730807,89.84549646226822,1.0200474626053224,0.0,8.135815105709604,1,1188,0.0
3217,369.02500000000003,2.7673015668202674,0.7642230743077927,0.04614973048464736,22.055423626601993,2549.6148797730807,89.84548658937122,0.9820350552205628,0.0,8.1358166544262,1,1188,0.0
3218,369.03000000000003,2.7699160667841483,0.7083263014657696,0.042774248785200565,22.055423626601993,2549.6148797730807,89.84547671647422,0.944022106617152,0.0,8.135818150349804,1,1188,0.0
3219,369.0350000000001,2.7725318969843715,0.6545513388654701,0.03952689848362318,22.055423626601993,2549.6148797730807,89.84546684357724,0.9060086389897148,0.0,8.135819593479582,1,1188,0.0
3220,369.0400000000001,2.7751490559477294,0.6028983067094834,0.036407686838682,22.055423626601993,2549.6148797730807,89.84545697068023,0.8679946745342049,0.0,8.135820983814739,1,1188,0.0
3221,369.0450000000001,2.777767542197903,0.5533673202459065,0.03341662080995312,22.055423626601993,2549.6148797730807,89.84544709778325,0.8299802354478534,0.0,8.135822321354507,1,1188,0.0
3222,369.05000000000007,2.780387354255464,0.5059584897677459,0.03055370705778569,22.055423626601993,2549.6148797730807,89.84543722488625,0.7919653439291168,0.0,8.135823606098151,1,1188,0.0
3223,369.05500000000006,2.783008490637883,0.4606719206123406,0.02781895194326717,22.055423626601993,2549.6148797730807,89.84542735198926,0.7539500221776255,0.0,8.135824838044963,1,1188,0.0
3224,369.06000000000006,2.7856309498595286,0.4175077131608123,0.025212361528190088,22.055423626601993,2549.6148797730807,89.84541747909226,0.715934292394132,0.0,8.135826017194272,1,1188,0.0
3225,369.06500000000005,2.78825473043167,0.37646596283753964,0.022733941575020254,22.055423626601993,2549.6148797730807,89.84540760619527,0.6779181767804584,0.0,8.135827143545432,1,1188,0.0
3226,369.07000000000005,2.790879830862485,0.33754676010965556,0.02038369754686649,22.055423626601993,2549.6148797730807,89.84539773329827,0.6399016975394454,0.0,8.13582821709783,1,1188,0.0
3227,369.07500000000005,2.793506249657058,0.30075019048657103,0.018161634607451786,22.055423626601993,2549.6148797730807,89.84538786040129,0.6018848768748996,0.0,8.135829237850883,1,1188,0.0
3228,369.08000000000004,2.796133985317388,0.2660763345195222,0.016067757621086018,22.055423626601993,2549.6148797730807,89.84537798750428,0.5638677369915425,0.0,8.135830205804043,1,1188,0.0
3229,369.08500000000004,2.7987630363423865,0.23352526780114355,0.014102071152640124,22.055423626601993,2549.6148797730807,89.8453681146073,0.525850300094958,0.0,8.135831120956786,1,1188,0.0
3230,369.09000000000003,2.8013934012278874,0.20309706096506366,0.012264579467521722,22.055423626601993,2549.6148797730807,89.8453582417103,0.4878325883915408,0.0,8.135831983308622,1,1188,0.0
3231,369.095,2.8040250784666445,0.17479177968552737,0.010555286531652283,22.055423626601993,2549.6148797730807,89.8453483688133,0.4498146240884446,0.0,8.135832792859096,1,1188,0.0
3232,369.1000000000001,2.8066580665483394,0.1486094846770416,0.00897419601144575,22.055423626601993,2549.6148797730807,89.84533849591631,0.4117964293935299,0.0,8.135833549607778,1,1188,0.0
3233,369.1050000000001,2.8092923639595817,0.12455023169404605,0.007521311273788633,22.055423626601993,2549.6148797730807,89.84532862301931,0.3737780265153125,0.0,8.13583425355427,1,1188,0.0
3234,369.11000000000007,2.811927969183914,0.10261407153060856,0.006196635386021636,22.055423626601993,2549.6148797730807,89.84531875012233,0.33575943766291133,0.0,8.135834904698207,1,1188,0.0
3235,369.11500000000007,2.814564880701815,0.08280105002014494,0.005000171115922728,22.055423626601993,2549.6148797730807,89.84530887722532,0.29774068504599666,0.0,8.135835503039253,1,1188,0.0
3236,369.12000000000006,2.817203096990703,0.06511120803516374,0.003931920931691727,22.055423626601993,2549.6148797730807,89.84529900432834,0.2597217908747384,0.0,8.135836048577104,1,1188,0.0
3237,369.12500000000006,2.8198426165249404,0.04954458148703526,0.002991887001936355,22.055423626601993,2549.6148797730807,89.84528913143134,0.2217027773597538,0.0,8.135836541311487,1,1188,0.0
3238,369.13000000000005,2.8224834377758334,0.03610120132578546,0.0021800711956597935,22.055423626601993,2549.6148797730807,89.84527925853435,0.18368366671205585,0.0,8.135836981242157,1,1188,0.0
3239,369.13500000000005,2.8251255592116418,0.024781093539914346,0.0014964750822497135,22.055423626601993,2549.6148797730807,89.84526938563735,0.14566448114300143,0.0,8.135837368368902,1,1188,0.0
3240,369.14000000000004,2.827768979297576,0.015584279156239155,0.0009410999314688069,22.055423626601993,2549.6148797730807,89.84525951274036,0.10764524286423918,0.0,8.135837702691543,1,1188,0.0
3241,369.14500000000004,2.830413696495805,0.008510774239762025,0.0005139467134467965,22.055423626601993,2549.6148797730807,89.84524963984336,0.06962597408765768,0.0,8.135837984209928,1,1188,0.0
3242,369.15000000000003,2.833059709265459,0.003560589893562361,0.00021501609867393486,22.055423626601993,2549.6148797730807,89.84523976694638,0.031606697025333655,0.0,8.13583821292394,1,1188,0.0
3243,369.15500000000003,2.83570701606263,0.0007337322587138673,4.4308457995994384e-05,22.055423626601993,2549.6148797730807,89.84522989404937,-0.006412566110520075,0.0,8.135838388833486,1,1188,0.0
3244,369.1600000000001,2.8383556153403813,3.0202514226178e-05,1.8238626107427252e-06,22.055423626601993,2549.6148797730807,89.84522002115239,-0.04443179310760639,0.0,8.13583851193851,1,1188,0.0
